path,group,true,pred,correct,confidence,fold,seed,p_glioma,p_meningioma,p_notumor,p_pituitary
data_rand_fold0/Testing/glioma/Te-glTr_0002.jpg,MR051586,glioma,glioma,1,0.994976,0,1,0.994976,0.002814,0.001889,0.000321
data_rand_fold0/Testing/glioma/Te-glTr_0008.jpg,MR051644C,glioma,glioma,1,0.999717,0,1,0.999717,0.000059,0.000121,0.000102
data_rand_fold0/Testing/glioma/Te-gl_0021.jpg,MR039473B,glioma,glioma,1,0.998813,0,1,0.998813,0.000376,0.000250,0.000562
data_rand_fold0/Testing/glioma/Te-gl_0022.jpg,MR037458C,glioma,glioma,1,0.998434,0,1,0.998434,0.000826,0.000684,0.000055
data_rand_fold0/Testing/glioma/Te-gl_0031.jpg,MR040240D,glioma,glioma,1,0.999972,0,1,0.999972,0.000009,0.000011,0.000008
data_rand_fold0/Testing/glioma/Te-gl_0034.jpg,MR017260F,glioma,glioma,1,0.999089,0,1,0.999089,0.000253,0.000614,0.000045
data_rand_fold0/Testing/glioma/Te-gl_0043.jpg,101020,glioma,meningioma,0,0.989154,0,1,0.010351,0.989154,0.000422,0.000073
data_rand_fold0/Testing/glioma/Te-gl_0057.jpg,MR049142,glioma,glioma,1,0.990413,0,1,0.990413,0.009098,0.000334,0.000155
data_rand_fold0/Testing/glioma/Te-gl_0059.jpg,MR048944B,glioma,glioma,1,0.999589,0,1,0.999589,0.000131,0.000208,0.000072
data_rand_fold0/Testing/glioma/Te-gl_0074.jpg,MR049358,glioma,glioma,1,0.999805,0,1,0.999805,0.000076,0.000108,0.000011
data_rand_fold0/Testing/glioma/Te-gl_0081.jpg,MR048621B,glioma,glioma,1,0.996633,0,1,0.996633,0.003161,0.000187,0.000018
data_rand_fold0/Testing/glioma/Te-gl_0084.jpg,MR050791B,glioma,glioma,1,0.998806,0,1,0.998806,0.000257,0.000935,0.000002
data_rand_fold0/Testing/glioma/Te-gl_0085.jpg,MR026175C,glioma,glioma,1,0.997260,0,1,0.997260,0.000133,0.002474,0.000133
data_rand_fold0/Testing/glioma/Te-gl_0095.jpg,MR053110B,glioma,glioma,1,0.999794,0,1,0.999794,0.000048,0.000142,0.000016
data_rand_fold0/Testing/glioma/Te-gl_0096.jpg,MR050687C,glioma,glioma,1,0.999946,0,1,0.999946,0.000020,0.000023,0.000011
data_rand_fold0/Testing/glioma/Te-gl_0106.jpg,MR037458B,glioma,glioma,1,0.949737,0,1,0.949737,0.040370,0.002296,0.007597
data_rand_fold0/Testing/glioma/Te-gl_0107.jpg,MR037458B,glioma,glioma,1,0.730395,0,1,0.730395,0.256093,0.012786,0.000726
data_rand_fold0/Testing/glioma/Te-gl_0110.jpg,MR039473B,glioma,glioma,1,0.999839,0,1,0.999839,0.000038,0.000069,0.000054
data_rand_fold0/Testing/glioma/Te-gl_0116.jpg,MR040240,glioma,glioma,1,0.999676,0,1,0.999676,0.000185,0.000065,0.000073
data_rand_fold0/Testing/glioma/Te-gl_0117.jpg,MR040240,glioma,glioma,1,0.998575,0,1,0.998575,0.000566,0.000436,0.000423
data_rand_fold0/Testing/glioma/Te-gl_0122.jpg,MR048994,glioma,glioma,1,0.997235,0,1,0.997235,0.001466,0.001229,0.000070
data_rand_fold0/Testing/glioma/Te-gl_0126.jpg,MR049142,glioma,glioma,1,0.910311,0,1,0.910311,0.085064,0.002894,0.001731
data_rand_fold0/Testing/glioma/Te-gl_0128.jpg,MR048944B,glioma,glioma,1,0.999750,0,1,0.999750,0.000092,0.000141,0.000016
data_rand_fold0/Testing/glioma/Te-gl_0133.jpg,MR049453,glioma,glioma,1,0.999681,0,1,0.999681,0.000051,0.000245,0.000023
data_rand_fold0/Testing/glioma/Te-gl_0136.jpg,MR029209I,glioma,glioma,1,0.999922,0,1,0.999922,0.000034,0.000041,0.000002
data_rand_fold0/Testing/glioma/Te-gl_0140.jpg,MR048621B,glioma,glioma,1,0.999119,0,1,0.999119,0.000231,0.000625,0.000026
data_rand_fold0/Testing/glioma/Te-gl_0145.jpg,MR040240B,glioma,glioma,1,0.999757,0,1,0.999757,0.000054,0.000118,0.000071
data_rand_fold0/Testing/glioma/Te-gl_0148.jpg,MR029209I,glioma,glioma,1,0.993973,0,1,0.993973,0.000485,0.005335,0.000208
data_rand_fold0/Testing/glioma/Te-gl_0154.jpg,MR051644,glioma,glioma,1,0.999531,0,1,0.999531,0.000044,0.000413,0.000012
data_rand_fold0/Testing/glioma/Te-gl_0165.jpg,MR049019G,glioma,glioma,1,0.999637,0,1,0.999637,0.000070,0.000063,0.000230
data_rand_fold0/Testing/glioma/Te-gl_0166.jpg,MR024780D,glioma,glioma,1,0.999388,0,1,0.999388,0.000452,0.000108,0.000052
data_rand_fold0/Testing/glioma/Te-gl_0168.jpg,MR037458B,glioma,glioma,1,0.996152,0,1,0.996152,0.003753,0.000093,0.000002
data_rand_fold0/Testing/glioma/Te-gl_0176.jpg,MR048944,glioma,glioma,1,0.999974,0,1,0.999974,0.000003,0.000020,0.000002
data_rand_fold0/Testing/glioma/Te-gl_0180.jpg,MR048994B,glioma,glioma,1,0.999294,0,1,0.999294,0.000161,0.000238,0.000307
data_rand_fold0/Testing/glioma/Te-gl_0191.jpg,MR050687,glioma,glioma,1,0.999739,0,1,0.999739,0.000201,0.000049,0.000011
data_rand_fold0/Testing/glioma/Te-gl_0207.jpg,MR051651B,glioma,glioma,1,0.999407,0,1,0.999407,0.000186,0.000085,0.000322
data_rand_fold0/Testing/glioma/Te-gl_0208.jpg,MR051651B,glioma,glioma,1,0.998714,0,1,0.998714,0.001046,0.000075,0.000166
data_rand_fold0/Testing/glioma/Te-gl_0209.jpg,MR051644B,glioma,glioma,1,0.999445,0,1,0.999445,0.000014,0.000436,0.000105
data_rand_fold0/Testing/glioma/Te-gl_0212.jpg,MR052550,glioma,glioma,1,0.998924,0,1,0.998924,0.000324,0.000524,0.000227
data_rand_fold0/Testing/glioma/Te-gl_0215.jpg,MR052550,glioma,glioma,1,0.999320,0,1,0.999320,0.000314,0.000271,0.000094
data_rand_fold0/Testing/glioma/Te-gl_0221.jpg,MR034694,glioma,glioma,1,0.998135,0,1,0.998135,0.000296,0.001030,0.000539
data_rand_fold0/Testing/glioma/Te-gl_0228.jpg,MR029209I,glioma,glioma,1,0.999809,0,1,0.999809,0.000078,0.000075,0.000038
data_rand_fold0/Testing/glioma/Te-gl_0229.jpg,107747,glioma,glioma,1,0.832094,0,1,0.832094,0.165288,0.001953,0.000664
data_rand_fold0/Testing/glioma/Te-gl_0230.jpg,112105,glioma,glioma,1,0.982260,0,1,0.982260,0.005308,0.007852,0.004579
data_rand_fold0/Testing/glioma/Te-gl_0233.jpg,100820,glioma,glioma,1,0.997376,0,1,0.997376,0.001798,0.000681,0.000145
data_rand_fold0/Testing/glioma/Te-gl_0246.jpg,88670,glioma,glioma,1,0.994739,0,1,0.994739,0.004845,0.000350,0.000066
data_rand_fold0/Testing/glioma/Te-gl_0249.jpg,90284,glioma,glioma,1,0.992927,0,1,0.992927,0.006232,0.000432,0.000409
data_rand_fold0/Testing/glioma/Te-gl_0252.jpg,93825,glioma,glioma,1,0.962571,0,1,0.962571,0.021106,0.015296,0.001027
data_rand_fold0/Testing/glioma/Te-gl_0254.jpg,97609,glioma,glioma,1,0.999006,0,1,0.999006,0.000897,0.000043,0.000054
data_rand_fold0/Testing/glioma/Te-gl_0256.jpg,100416,glioma,glioma,1,0.979524,0,1,0.979524,0.018662,0.001792,0.000022
data_rand_fold0/Testing/glioma/Te-gl_0258.jpg,100820,glioma,glioma,1,0.995512,0,1,0.995512,0.004321,0.000163,0.000003
data_rand_fold0/Testing/glioma/Te-gl_0267.jpg,107747,glioma,glioma,1,0.987842,0,1,0.987842,0.003571,0.004510,0.004076
data_rand_fold0/Testing/glioma/Te-gl_0270.jpg,88670,glioma,glioma,1,0.997922,0,1,0.997922,0.001510,0.000329,0.000238
data_rand_fold0/Testing/glioma/Te-gl_0273.jpg,90284,glioma,glioma,1,0.999811,0,1,0.999811,0.000050,0.000093,0.000047
data_rand_fold0/Testing/glioma/Te-gl_0281.jpg,95142,glioma,glioma,1,0.991668,0,1,0.991668,0.007941,0.000232,0.000159
data_rand_fold0/Testing/glioma/Te-gl_0283.jpg,97609,glioma,glioma,1,0.994717,0,1,0.994717,0.004952,0.000153,0.000178
data_rand_fold0/Testing/glioma/Te-gl_0287.jpg,MR048294,glioma,glioma,1,0.998549,0,1,0.998549,0.000722,0.000615,0.000114
data_rand_fold0/Testing/glioma/Te-gl_0291.jpg,MR048944,glioma,glioma,1,0.988155,0,1,0.988155,0.011179,0.000439,0.000227
data_rand_fold0/Testing/glioma/Te-gl_0295.jpg,MR049142,glioma,glioma,1,0.805728,0,1,0.805728,0.127014,0.065930,0.001328
data_rand_fold0/Testing/glioma/Te-gl_0298.jpg,MR048944B,glioma,glioma,1,0.999174,0,1,0.999174,0.000203,0.000500,0.000123
data_rand_fold0/Testing/glioma/Tr-glTr_0001.jpg,MR051644,glioma,glioma,1,0.998252,0,1,0.998252,0.000492,0.001144,0.000113
data_rand_fold0/Testing/glioma/Tr-glTr_0002.jpg,MR051644,glioma,glioma,1,0.999417,0,1,0.999417,0.000110,0.000435,0.000039
data_rand_fold0/Testing/glioma/Tr-gl_0015.jpg,MR032322C,glioma,glioma,1,0.992227,0,1,0.992227,0.000968,0.006739,0.000066
data_rand_fold0/Testing/glioma/Tr-gl_0019.jpg,MR039473B,glioma,glioma,1,0.999925,0,1,0.999925,0.000021,0.000043,0.000010
data_rand_fold0/Testing/glioma/Tr-gl_0020.jpg,MR037458C,glioma,glioma,1,0.998962,0,1,0.998962,0.000438,0.000566,0.000033
data_rand_fold0/Testing/glioma/Tr-gl_0024.jpg,106494,glioma,glioma,1,0.994573,0,1,0.994573,0.005354,0.000068,0.000005
data_rand_fold0/Testing/glioma/Tr-gl_0039.jpg,88670,glioma,glioma,1,0.975874,0,1,0.975874,0.023313,0.000758,0.000055
data_rand_fold0/Testing/glioma/Tr-gl_0040.jpg,90284,glioma,glioma,1,0.999926,0,1,0.999926,0.000045,0.000016,0.000013
data_rand_fold0/Testing/glioma/Tr-gl_0043.jpg,100820,glioma,glioma,1,0.718361,0,1,0.718361,0.278560,0.002434,0.000646
data_rand_fold0/Testing/glioma/Tr-gl_0047.jpg,95142,glioma,glioma,1,0.622725,0,1,0.622725,0.374863,0.001209,0.001203
data_rand_fold0/Testing/glioma/Tr-gl_0051.jpg,MR048294,glioma,glioma,1,0.999515,0,1,0.999515,0.000219,0.000227,0.000039
data_rand_fold0/Testing/glioma/Tr-gl_0053.jpg,MR048944,glioma,glioma,1,0.961832,0,1,0.961832,0.013388,0.018659,0.006121
data_rand_fold0/Testing/glioma/Tr-gl_0063.jpg,MR049453B,glioma,glioma,1,0.999592,0,1,0.999592,0.000107,0.000222,0.000080
data_rand_fold0/Testing/glioma/Tr-gl_0078.jpg,MR038469,glioma,glioma,1,0.999829,0,1,0.999829,0.000081,0.000082,0.000007
data_rand_fold0/Testing/glioma/Tr-gl_0079.jpg,MR032322C,glioma,glioma,1,0.849387,0,1,0.849387,0.006341,0.143470,0.000803
data_rand_fold0/Testing/glioma/Tr-gl_0081.jpg,MR037458C,glioma,glioma,1,0.996673,0,1,0.996673,0.001673,0.001435,0.000219
data_rand_fold0/Testing/glioma/Tr-gl_0089.jpg,MR040240D,glioma,glioma,1,0.999750,0,1,0.999750,0.000107,0.000115,0.000028
data_rand_fold0/Testing/glioma/Tr-gl_0092.jpg,MR048294,glioma,glioma,1,0.999404,0,1,0.999404,0.000107,0.000410,0.000078
data_rand_fold0/Testing/glioma/Tr-gl_0093.jpg,MR048297,glioma,glioma,1,0.998090,0,1,0.998090,0.001671,0.000209,0.000030
data_rand_fold0/Testing/glioma/Tr-gl_0094.jpg,MR048294B,glioma,glioma,1,0.999434,0,1,0.999434,0.000091,0.000322,0.000153
data_rand_fold0/Testing/glioma/Tr-gl_0098.jpg,102075,glioma,glioma,1,0.966872,0,1,0.966872,0.032611,0.000150,0.000367
data_rand_fold0/Testing/glioma/Tr-gl_0100.jpg,107747,glioma,glioma,1,0.999588,0,1,0.999588,0.000142,0.000107,0.000163
data_rand_fold0/Testing/glioma/Tr-gl_0105.jpg,MR033420,glioma,glioma,1,0.980958,0,1,0.980958,0.011394,0.006574,0.001074
data_rand_fold0/Testing/glioma/Tr-gl_0108.jpg,MR048994B,glioma,glioma,1,0.999724,0,1,0.999724,0.000071,0.000179,0.000027
data_rand_fold0/Testing/glioma/Tr-gl_0111.jpg,MR049358,glioma,glioma,1,0.999880,0,1,0.999880,0.000041,0.000063,0.000016
data_rand_fold0/Testing/glioma/Tr-gl_0123.jpg,MR049358,glioma,glioma,1,0.999807,0,1,0.999807,0.000089,0.000088,0.000016
data_rand_fold0/Testing/glioma/Tr-gl_0124.jpg,MR049358,glioma,glioma,1,0.999795,0,1,0.999795,0.000072,0.000111,0.000022
data_rand_fold0/Testing/glioma/Tr-gl_0126.jpg,MR049358,glioma,glioma,1,0.999280,0,1,0.999280,0.000209,0.000472,0.000039
data_rand_fold0/Testing/glioma/Tr-gl_0133.jpg,MR049453,glioma,glioma,1,0.999402,0,1,0.999402,0.000086,0.000452,0.000060
data_rand_fold0/Testing/glioma/Tr-gl_0135.jpg,MR049453,glioma,glioma,1,0.996828,0,1,0.996828,0.000292,0.002570,0.000311
data_rand_fold0/Testing/glioma/Tr-gl_0137.jpg,MR049453,glioma,glioma,1,0.999342,0,1,0.999342,0.000071,0.000550,0.000037
data_rand_fold0/Testing/glioma/Tr-gl_0141.jpg,MR024780G,glioma,glioma,1,0.999694,0,1,0.999694,0.000078,0.000200,0.000028
data_rand_fold0/Testing/glioma/Tr-gl_0142.jpg,MR024780G,glioma,glioma,1,0.997581,0,1,0.997581,0.000519,0.001505,0.000395
data_rand_fold0/Testing/glioma/Tr-gl_0145.jpg,MR024780G,glioma,glioma,1,0.999499,0,1,0.999499,0.000127,0.000329,0.000046
data_rand_fold0/Testing/glioma/Tr-gl_0147.jpg,MR024780G,glioma,glioma,1,0.994553,0,1,0.994553,0.000432,0.000265,0.004750
data_rand_fold0/Testing/glioma/Tr-gl_0149.jpg,MR024780G,glioma,glioma,1,0.988172,0,1,0.988172,0.001354,0.003838,0.006635
data_rand_fold0/Testing/glioma/Tr-gl_0150.jpg,MR024780G,glioma,glioma,1,0.998815,0,1,0.998815,0.000177,0.000648,0.000361
data_rand_fold0/Testing/glioma/Tr-gl_0158.jpg,MR049453B,glioma,glioma,1,0.999857,0,1,0.999857,0.000071,0.000060,0.000013
data_rand_fold0/Testing/glioma/Tr-gl_0165.jpg,MR050135B,glioma,glioma,1,0.999474,0,1,0.999474,0.000460,0.000054,0.000012
data_rand_fold0/Testing/glioma/Tr-gl_0168.jpg,MR050135B,glioma,glioma,1,0.999804,0,1,0.999804,0.000050,0.000114,0.000031
data_rand_fold0/Testing/glioma/Tr-gl_0169.jpg,MR050135B,glioma,glioma,1,0.999665,0,1,0.999665,0.000086,0.000164,0.000085
data_rand_fold0/Testing/glioma/Tr-gl_0182.jpg,MR050687,glioma,glioma,1,0.495584,0,1,0.495584,0.168478,0.329149,0.006789
data_rand_fold0/Testing/glioma/Tr-gl_0183.jpg,MR050687,glioma,glioma,1,0.819145,0,1,0.819145,0.090228,0.086979,0.003647
data_rand_fold0/Testing/glioma/Tr-gl_0190.jpg,MR050791B,glioma,glioma,1,0.995875,0,1,0.995875,0.000647,0.003347,0.000131
data_rand_fold0/Testing/glioma/Tr-gl_0197.jpg,MR026175C,glioma,glioma,1,0.998900,0,1,0.998900,0.000129,0.000918,0.000054
data_rand_fold0/Testing/glioma/Tr-gl_0201.jpg,MR026175C,glioma,glioma,1,0.982721,0,1,0.982721,0.001023,0.015572,0.000684
data_rand_fold0/Testing/glioma/Tr-gl_0218.jpg,MR051586,glioma,glioma,1,0.994403,0,1,0.994403,0.003006,0.002320,0.000271
data_rand_fold0/Testing/glioma/Tr-gl_0228.jpg,MR051644,glioma,glioma,1,0.973023,0,1,0.973023,0.017730,0.009101,0.000145
data_rand_fold0/Testing/glioma/Tr-gl_0234.jpg,MR051644,glioma,glioma,1,0.994303,0,1,0.994303,0.001261,0.003935,0.000501
data_rand_fold0/Testing/glioma/Tr-gl_0237.jpg,MR051651,glioma,glioma,1,0.835143,0,1,0.835143,0.113058,0.041853,0.009947
data_rand_fold0/Testing/glioma/Tr-gl_0238.jpg,MR051651,glioma,glioma,1,0.898453,0,1,0.898453,0.085310,0.014940,0.001297
data_rand_fold0/Testing/glioma/Tr-gl_0241.jpg,MR051651,glioma,glioma,1,0.869006,0,1,0.869006,0.123491,0.006182,0.001322
data_rand_fold0/Testing/glioma/Tr-gl_0255.jpg,MR051651B,glioma,glioma,1,0.988338,0,1,0.988338,0.010307,0.000586,0.000770
data_rand_fold0/Testing/glioma/Tr-gl_0259.jpg,MR051644B,glioma,glioma,1,0.994209,0,1,0.994209,0.000563,0.004896,0.000332
data_rand_fold0/Testing/glioma/Tr-gl_0260.jpg,MR051644B,glioma,glioma,1,0.998941,0,1,0.998941,0.000201,0.000804,0.000054
data_rand_fold0/Testing/glioma/Tr-gl_0264.jpg,MR051796B,glioma,glioma,1,0.999344,0,1,0.999344,0.000236,0.000181,0.000238
data_rand_fold0/Testing/glioma/Tr-gl_0277.jpg,MR051644C,glioma,glioma,1,0.998771,0,1,0.998771,0.000208,0.000914,0.000106
data_rand_fold0/Testing/glioma/Tr-gl_0280.jpg,MR049942B,glioma,glioma,1,0.999833,0,1,0.999833,0.000035,0.000084,0.000048
data_rand_fold0/Testing/glioma/Tr-gl_0297.jpg,MR054683,glioma,glioma,1,0.999601,0,1,0.999601,0.000069,0.000246,0.000084
data_rand_fold0/Testing/glioma/Tr-gl_0300.jpg,100820,glioma,glioma,1,0.515756,0,1,0.515756,0.356554,0.121278,0.006411
data_rand_fold0/Testing/glioma/Tr-gl_0311.jpg,MR056144,glioma,glioma,1,0.999730,0,1,0.999730,0.000165,0.000065,0.000040
data_rand_fold0/Testing/glioma/Tr-gl_0323.jpg,MR029209E,glioma,glioma,1,0.998549,0,1,0.998549,0.000498,0.000646,0.000307
data_rand_fold0/Testing/glioma/Tr-gl_0326.jpg,MR053110E,glioma,glioma,1,0.991688,0,1,0.991688,0.003189,0.002954,0.002168
data_rand_fold0/Testing/glioma/Tr-gl_0327.jpg,MR053110E,glioma,glioma,1,0.997752,0,1,0.997752,0.001231,0.000759,0.000257
data_rand_fold0/Testing/glioma/Tr-gl_0330.jpg,MR053110E,glioma,glioma,1,0.996369,0,1,0.996369,0.000707,0.002361,0.000563
data_rand_fold0/Testing/glioma/Tr-gl_0331.jpg,MR049019G,glioma,glioma,1,0.999680,0,1,0.999680,0.000072,0.000178,0.000070
data_rand_fold0/Testing/glioma/Tr-gl_0333.jpg,MR049019G,glioma,glioma,1,0.998714,0,1,0.998714,0.000464,0.000469,0.000354
data_rand_fold0/Testing/glioma/Tr-gl_0334.jpg,MR049019G,glioma,glioma,1,0.999496,0,1,0.999496,0.000172,0.000259,0.000073
data_rand_fold0/Testing/glioma/Tr-gl_0335.jpg,MR049019G,glioma,glioma,1,0.999815,0,1,0.999815,0.000071,0.000098,0.000016
data_rand_fold0/Testing/glioma/Tr-gl_0337.jpg,MR049019G,glioma,glioma,1,0.999905,0,1,0.999905,0.000050,0.000028,0.000017
data_rand_fold0/Testing/glioma/Tr-gl_0343.jpg,MR038469,glioma,glioma,1,0.999939,0,1,0.999939,0.000029,0.000027,0.000004
data_rand_fold0/Testing/glioma/Tr-gl_0349.jpg,MR032322C,glioma,glioma,1,0.993597,0,1,0.993597,0.001559,0.003484,0.001360
data_rand_fold0/Testing/glioma/Tr-gl_0350.jpg,MR032322C,glioma,glioma,1,0.962031,0,1,0.962031,0.006956,0.030584,0.000429
data_rand_fold0/Testing/glioma/Tr-gl_0356.jpg,MR032322C,glioma,glioma,1,0.889249,0,1,0.889249,0.004753,0.105083,0.000915
data_rand_fold0/Testing/glioma/Tr-gl_0363.jpg,MR039473,glioma,glioma,1,0.999193,0,1,0.999193,0.000103,0.000013,0.000690
data_rand_fold0/Testing/glioma/Tr-gl_0364.jpg,MR039473,glioma,glioma,1,0.993098,0,1,0.993098,0.000499,0.000143,0.006261
data_rand_fold0/Testing/glioma/Tr-gl_0366.jpg,MR039473,glioma,glioma,1,0.999006,0,1,0.999006,0.000262,0.000215,0.000516
data_rand_fold0/Testing/glioma/Tr-gl_0369.jpg,MR039473B,glioma,glioma,1,0.999569,0,1,0.999569,0.000161,0.000152,0.000118
data_rand_fold0/Testing/glioma/Tr-gl_0381.jpg,MR040240,glioma,glioma,1,0.999494,0,1,0.999494,0.000164,0.000155,0.000187
data_rand_fold0/Testing/glioma/Tr-gl_0383.jpg,MR040240,glioma,glioma,1,0.995655,0,1,0.995655,0.002819,0.000457,0.001069
data_rand_fold0/Testing/glioma/Tr-gl_0386.jpg,MR040240B,glioma,glioma,1,0.999674,0,1,0.999674,0.000088,0.000156,0.000082
data_rand_fold0/Testing/glioma/Tr-gl_0389.jpg,MR040240B,glioma,glioma,1,0.999506,0,1,0.999506,0.000243,0.000099,0.000152
data_rand_fold0/Testing/glioma/Tr-gl_0390.jpg,MR040240B,glioma,glioma,1,0.999562,0,1,0.999562,0.000221,0.000084,0.000133
data_rand_fold0/Testing/glioma/Tr-gl_0395.jpg,MR029209G,glioma,glioma,1,0.998637,0,1,0.998637,0.000472,0.000764,0.000126
data_rand_fold0/Testing/glioma/Tr-gl_0405.jpg,MR036496B,glioma,glioma,1,0.999753,0,1,0.999753,0.000088,0.000154,0.000004
data_rand_fold0/Testing/glioma/Tr-gl_0407.jpg,MR033420,glioma,glioma,1,0.999307,0,1,0.999307,0.000091,0.000558,0.000044
data_rand_fold0/Testing/glioma/Tr-gl_0408.jpg,MR033420,glioma,glioma,1,0.981931,0,1,0.981931,0.012199,0.005202,0.000668
data_rand_fold0/Testing/glioma/Tr-gl_0413.jpg,MR024780B,glioma,glioma,1,0.987030,0,1,0.987030,0.003317,0.008048,0.001605
data_rand_fold0/Testing/glioma/Tr-gl_0421.jpg,MR048994B,glioma,glioma,1,0.999623,0,1,0.999623,0.000074,0.000236,0.000067
data_rand_fold0/Testing/glioma/Tr-gl_0422.jpg,MR048994B,glioma,glioma,1,0.999882,0,1,0.999882,0.000023,0.000075,0.000020
data_rand_fold0/Testing/glioma/Tr-gl_0431.jpg,MR049358,glioma,glioma,1,0.999883,0,1,0.999883,0.000024,0.000087,0.000007
data_rand_fold0/Testing/glioma/Tr-gl_0442.jpg,MR024780G,glioma,glioma,1,0.999866,0,1,0.999866,0.000034,0.000091,0.000009
data_rand_fold0/Testing/glioma/Tr-gl_0443.jpg,MR024780G,glioma,glioma,1,0.999876,0,1,0.999876,0.000024,0.000091,0.000009
data_rand_fold0/Testing/glioma/Tr-gl_0444.jpg,MR024780G,glioma,glioma,1,0.999260,0,1,0.999260,0.000184,0.000461,0.000095
data_rand_fold0/Testing/glioma/Tr-gl_0446.jpg,MR024780G,glioma,glioma,1,0.999536,0,1,0.999536,0.000091,0.000342,0.000031
data_rand_fold0/Testing/glioma/Tr-gl_0447.jpg,MR024780G,glioma,glioma,1,0.999926,0,1,0.999926,0.000021,0.000048,0.000005
data_rand_fold0/Testing/glioma/Tr-gl_0454.jpg,MR049453B,glioma,glioma,1,0.998722,0,1,0.998722,0.000816,0.000429,0.000033
data_rand_fold0/Testing/glioma/Tr-gl_0471.jpg,MR050135B,glioma,glioma,1,0.999535,0,1,0.999535,0.000113,0.000273,0.000079
data_rand_fold0/Testing/glioma/Tr-gl_0472.jpg,MR050135B,glioma,glioma,1,0.999895,0,1,0.999895,0.000024,0.000073,0.000009
data_rand_fold0/Testing/glioma/Tr-gl_0480.jpg,MR050791B,glioma,glioma,1,0.972360,0,1,0.972360,0.011676,0.015929,0.000035
data_rand_fold0/Testing/glioma/Tr-gl_0483.jpg,MR049019C,glioma,glioma,1,0.987749,0,1,0.987749,0.001475,0.002957,0.007819
data_rand_fold0/Testing/glioma/Tr-gl_0492.jpg,MR026175C,glioma,glioma,1,0.999619,0,1,0.999619,0.000090,0.000276,0.000016
data_rand_fold0/Testing/glioma/Tr-gl_0497.jpg,MR051461,glioma,glioma,1,0.999584,0,1,0.999584,0.000179,0.000208,0.000028
data_rand_fold0/Testing/glioma/Tr-gl_0503.jpg,MR051461,glioma,glioma,1,0.999701,0,1,0.999701,0.000030,0.000246,0.000023
data_rand_fold0/Testing/glioma/Tr-gl_0507.jpg,MR033389B,glioma,glioma,1,0.999824,0,1,0.999824,0.000026,0.000149,0.000002
data_rand_fold0/Testing/glioma/Tr-gl_0511.jpg,MR024780E,glioma,glioma,1,0.991594,0,1,0.991594,0.002708,0.005061,0.000638
data_rand_fold0/Testing/glioma/Tr-gl_0515.jpg,MR026175E,glioma,glioma,1,0.999559,0,1,0.999559,0.000084,0.000334,0.000023
data_rand_fold0/Testing/glioma/Tr-gl_0516.jpg,MR026175E,glioma,glioma,1,0.984567,0,1,0.984567,0.000933,0.014379,0.000122
data_rand_fold0/Testing/glioma/Tr-gl_0517.jpg,MR026175E,glioma,glioma,1,0.992244,0,1,0.992244,0.000479,0.007088,0.000189
data_rand_fold0/Testing/glioma/Tr-gl_0518.jpg,MR026175E,glioma,glioma,1,0.995871,0,1,0.995871,0.000242,0.003790,0.000097
data_rand_fold0/Testing/glioma/Tr-gl_0522.jpg,MR026175E,glioma,glioma,1,0.982730,0,1,0.982730,0.000600,0.016549,0.000121
data_rand_fold0/Testing/glioma/Tr-gl_0527.jpg,MR040240C,glioma,glioma,1,0.999569,0,1,0.999569,0.000102,0.000052,0.000278
data_rand_fold0/Testing/glioma/Tr-gl_0528.jpg,MR040240C,glioma,glioma,1,0.999397,0,1,0.999397,0.000110,0.000095,0.000398
data_rand_fold0/Testing/glioma/Tr-gl_0538.jpg,MR040240D,glioma,glioma,1,0.999962,0,1,0.999962,0.000013,0.000013,0.000012
data_rand_fold0/Testing/glioma/Tr-gl_0543.jpg,MR040240D,glioma,glioma,1,0.999402,0,1,0.999402,0.000262,0.000269,0.000068
data_rand_fold0/Testing/glioma/Tr-gl_0560.jpg,MR029209I,glioma,glioma,1,0.998838,0,1,0.998838,0.000336,0.000646,0.000180
data_rand_fold0/Testing/glioma/Tr-gl_0566.jpg,MR048294,glioma,glioma,1,0.995779,0,1,0.995779,0.000621,0.003429,0.000171
data_rand_fold0/Testing/glioma/Tr-gl_0569.jpg,MR048297,glioma,glioma,1,0.998278,0,1,0.998278,0.001057,0.000642,0.000023
data_rand_fold0/Testing/glioma/Tr-gl_0580.jpg,MR048621B,glioma,glioma,1,0.998866,0,1,0.998866,0.000174,0.000766,0.000195
data_rand_fold0/Testing/glioma/Tr-gl_0585.jpg,MR048944,glioma,glioma,1,0.999919,0,1,0.999919,0.000025,0.000054,0.000002
data_rand_fold0/Testing/glioma/Tr-gl_0593.jpg,MR048994,glioma,glioma,1,0.999798,0,1,0.999798,0.000078,0.000115,0.000009
data_rand_fold0/Testing/glioma/Tr-gl_0608.jpg,MR040240B,glioma,glioma,1,0.999083,0,1,0.999083,0.000136,0.000505,0.000276
data_rand_fold0/Testing/glioma/Tr-gl_0617.jpg,MR029209G,glioma,glioma,1,0.999925,0,1,0.999925,0.000035,0.000031,0.000009
data_rand_fold0/Testing/glioma/Tr-gl_0622.jpg,MR036496B,glioma,glioma,1,0.996011,0,1,0.996011,0.000227,0.003639,0.000123
data_rand_fold0/Testing/glioma/Tr-gl_0630.jpg,MR033420,glioma,glioma,1,0.996980,0,1,0.996980,0.001605,0.001304,0.000111
data_rand_fold0/Testing/glioma/Tr-gl_0633.jpg,MR033420,glioma,glioma,1,0.999728,0,1,0.999728,0.000173,0.000079,0.000021
data_rand_fold0/Testing/glioma/Tr-gl_0639.jpg,MR033389B,glioma,glioma,1,0.995248,0,1,0.995248,0.002137,0.002551,0.000064
data_rand_fold0/Testing/glioma/Tr-gl_0652.jpg,MR026175E,glioma,glioma,1,0.999048,0,1,0.999048,0.000342,0.000572,0.000038
data_rand_fold0/Testing/glioma/Tr-gl_0653.jpg,MR026175E,glioma,glioma,1,0.999542,0,1,0.999542,0.000048,0.000403,0.000008
data_rand_fold0/Testing/glioma/Tr-gl_0657.jpg,MR026175E,glioma,glioma,1,0.999014,0,1,0.999014,0.000138,0.000802,0.000046
data_rand_fold0/Testing/glioma/Tr-gl_0660.jpg,MR040240C,glioma,glioma,1,0.999972,0,1,0.999972,0.000010,0.000017,0.000001
data_rand_fold0/Testing/glioma/Tr-gl_0661.jpg,MR040240C,glioma,glioma,1,0.999869,0,1,0.999869,0.000052,0.000077,0.000002
data_rand_fold0/Testing/glioma/Tr-gl_0662.jpg,MR040240C,glioma,glioma,1,0.999273,0,1,0.999273,0.000385,0.000310,0.000031
data_rand_fold0/Testing/glioma/Tr-gl_0665.jpg,MR040240C,glioma,glioma,1,0.999337,0,1,0.999337,0.000167,0.000369,0.000127
data_rand_fold0/Testing/glioma/Tr-gl_0677.jpg,MR017260F,glioma,glioma,1,0.999832,0,1,0.999832,0.000048,0.000116,0.000004
data_rand_fold0/Testing/glioma/Tr-gl_0681.jpg,MR029209I,glioma,glioma,1,0.995786,0,1,0.995786,0.000698,0.003124,0.000392
data_rand_fold0/Testing/glioma/Tr-gl_0682.jpg,MR029209I,glioma,glioma,1,0.998058,0,1,0.998058,0.000176,0.001676,0.000089
data_rand_fold0/Testing/glioma/Tr-gl_0684.jpg,MR029209I,glioma,glioma,1,0.999787,0,1,0.999787,0.000030,0.000162,0.000020
data_rand_fold0/Testing/glioma/Tr-gl_0687.jpg,MR048294,glioma,glioma,1,0.996577,0,1,0.996577,0.001646,0.001730,0.000047
data_rand_fold0/Testing/glioma/Tr-gl_0689.jpg,MR048294,glioma,glioma,1,0.999717,0,1,0.999717,0.000133,0.000147,0.000003
data_rand_fold0/Testing/glioma/Tr-gl_0707.jpg,MR051644,glioma,glioma,1,0.999928,0,1,0.999928,0.000019,0.000043,0.000009
data_rand_fold0/Testing/glioma/Tr-gl_0719.jpg,MR051796,glioma,glioma,1,0.999342,0,1,0.999342,0.000158,0.000223,0.000277
data_rand_fold0/Testing/glioma/Tr-gl_0724.jpg,MR051651B,glioma,glioma,1,0.964476,0,1,0.964476,0.035335,0.000180,0.000009
data_rand_fold0/Testing/glioma/Tr-gl_0730.jpg,MR051796B,glioma,glioma,1,0.996763,0,1,0.996763,0.000385,0.000497,0.002355
data_rand_fold0/Testing/glioma/Tr-gl_0738.jpg,MR051644C,glioma,glioma,1,0.999548,0,1,0.999548,0.000087,0.000287,0.000078
data_rand_fold0/Testing/glioma/Tr-gl_0743.jpg,MR051644C,glioma,glioma,1,0.996192,0,1,0.996192,0.000337,0.003291,0.000180
data_rand_fold0/Testing/glioma/Tr-gl_0746.jpg,MR051644C,glioma,glioma,1,0.999375,0,1,0.999375,0.000072,0.000463,0.000090
data_rand_fold0/Testing/glioma/Tr-gl_0752.jpg,MR049942B,glioma,glioma,1,0.997047,0,1,0.997047,0.000604,0.001743,0.000605
data_rand_fold0/Testing/glioma/Tr-gl_0756.jpg,MR047953C,glioma,glioma,1,0.988117,0,1,0.988117,0.001147,0.009106,0.001630
data_rand_fold0/Testing/glioma/Tr-gl_0757.jpg,MR053110B,glioma,glioma,1,0.996213,0,1,0.996213,0.000202,0.003435,0.000149
data_rand_fold0/Testing/glioma/Tr-gl_0764.jpg,MR034694,glioma,glioma,1,0.999860,0,1,0.999860,0.000014,0.000106,0.000020
data_rand_fold0/Testing/glioma/Tr-gl_0773.jpg,MR054683,glioma,glioma,1,0.993706,0,1,0.993706,0.000834,0.002597,0.002863
data_rand_fold0/Testing/glioma/Tr-gl_0777.jpg,MR050687C,glioma,glioma,1,0.999526,0,1,0.999526,0.000106,0.000281,0.000086
data_rand_fold0/Testing/glioma/Tr-gl_0785.jpg,MR049242C,glioma,glioma,1,0.998641,0,1,0.998641,0.000217,0.000958,0.000184
data_rand_fold0/Testing/glioma/Tr-gl_0790.jpg,MR034997,glioma,glioma,1,0.998029,0,1,0.998029,0.001073,0.000741,0.000157
data_rand_fold0/Testing/glioma/Tr-gl_0791.jpg,MR034997,glioma,glioma,1,0.999846,0,1,0.999846,0.000035,0.000110,0.000009
data_rand_fold0/Testing/glioma/Tr-gl_0794.jpg,MR034997,glioma,glioma,1,0.999822,0,1,0.999822,0.000096,0.000077,0.000006
data_rand_fold0/Testing/glioma/Tr-gl_0797.jpg,MR029209E,glioma,glioma,1,0.999688,0,1,0.999688,0.000121,0.000164,0.000027
data_rand_fold0/Testing/glioma/Tr-gl_0798.jpg,MR029209E,glioma,glioma,1,0.999752,0,1,0.999752,0.000046,0.000182,0.000020
data_rand_fold0/Testing/glioma/Tr-gl_0805.jpg,MR053110E,glioma,glioma,1,0.999189,0,1,0.999189,0.000535,0.000207,0.000069
data_rand_fold0/Testing/glioma/Tr-gl_0812.jpg,MR053110E,glioma,glioma,1,0.998473,0,1,0.998473,0.000508,0.000354,0.000666
data_rand_fold0/Testing/glioma/Tr-gl_0813.jpg,MR053110E,glioma,glioma,1,0.999572,0,1,0.999572,0.000208,0.000192,0.000028
data_rand_fold0/Testing/glioma/Tr-gl_0814.jpg,MR049019G,glioma,glioma,1,0.999458,0,1,0.999458,0.000172,0.000221,0.000150
data_rand_fold0/Testing/glioma/Tr-gl_0819.jpg,MR024780D,glioma,glioma,1,0.999941,0,1,0.999941,0.000014,0.000039,0.000007
data_rand_fold0/Testing/glioma/Tr-gl_0824.jpg,MR038469,glioma,glioma,1,0.986393,0,1,0.986393,0.004709,0.006121,0.002777
data_rand_fold0/Testing/glioma/Tr-gl_0834.jpg,MR032322C,glioma,glioma,1,0.991256,0,1,0.991256,0.002043,0.006532,0.000169
data_rand_fold0/Testing/glioma/Tr-gl_0838.jpg,MR032322C,glioma,glioma,1,0.990323,0,1,0.990323,0.003530,0.005804,0.000343
data_rand_fold0/Testing/glioma/Tr-gl_0854.jpg,MR039473B,glioma,glioma,1,0.999921,0,1,0.999921,0.000026,0.000043,0.000009
data_rand_fold0/Testing/glioma/Tr-gl_0856.jpg,MR039473B,glioma,glioma,1,0.999931,0,1,0.999931,0.000019,0.000042,0.000008
data_rand_fold0/Testing/glioma/Tr-gl_0863.jpg,MR037458C,glioma,glioma,1,0.999848,0,1,0.999848,0.000047,0.000101,0.000004
data_rand_fold0/Testing/glioma/Tr-gl_0865.jpg,MR037458C,glioma,glioma,1,0.999750,0,1,0.999750,0.000157,0.000083,0.000010
data_rand_fold0/Testing/glioma/Tr-gl_0879.jpg,MR031409B,glioma,glioma,1,0.998347,0,1,0.998347,0.000482,0.000072,0.001099
data_rand_fold0/Testing/glioma/Tr-gl_0881.jpg,MR024780D,glioma,glioma,1,0.999911,0,1,0.999911,0.000038,0.000039,0.000012
data_rand_fold0/Testing/glioma/Tr-gl_0882.jpg,MR024780D,glioma,glioma,1,0.999752,0,1,0.999752,0.000168,0.000056,0.000024
data_rand_fold0/Testing/glioma/Tr-gl_0891.jpg,MR032322C,glioma,glioma,1,0.985130,0,1,0.985130,0.007342,0.001822,0.005706
data_rand_fold0/Testing/glioma/Tr-gl_0892.jpg,MR032322C,glioma,glioma,1,0.992780,0,1,0.992780,0.001712,0.001388,0.004121
data_rand_fold0/Testing/glioma/Tr-gl_0894.jpg,MR032322C,glioma,glioma,1,0.998259,0,1,0.998259,0.000139,0.001329,0.000273
data_rand_fold0/Testing/glioma/Tr-gl_0896.jpg,MR032322C,glioma,glioma,1,0.986886,0,1,0.986886,0.001197,0.001670,0.010246
data_rand_fold0/Testing/glioma/Tr-gl_0899.jpg,MR037458B,glioma,glioma,1,0.998923,0,1,0.998923,0.000909,0.000166,0.000001
data_rand_fold0/Testing/glioma/Tr-gl_0923.jpg,MR040240B,glioma,glioma,1,0.999923,0,1,0.999923,0.000034,0.000016,0.000028
data_rand_fold0/Testing/glioma/Tr-gl_0925.jpg,MR029209G,glioma,glioma,1,0.999980,0,1,0.999980,0.000013,0.000006,0.000001
data_rand_fold0/Testing/glioma/Tr-gl_0935.jpg,MR033420,glioma,glioma,1,0.999983,0,1,0.999983,0.000004,0.000011,0.000001
data_rand_fold0/Testing/glioma/Tr-gl_0937.jpg,MR033420,glioma,glioma,1,0.999833,0,1,0.999833,0.000092,0.000065,0.000010
data_rand_fold0/Testing/glioma/Tr-gl_0962.jpg,MR048944,glioma,glioma,1,0.999957,0,1,0.999957,0.000025,0.000015,0.000003
data_rand_fold0/Testing/glioma/Tr-gl_0965.jpg,MR048944,glioma,glioma,1,0.999945,0,1,0.999945,0.000038,0.000009,0.000008
data_rand_fold0/Testing/glioma/Tr-gl_0966.jpg,MR048994,glioma,glioma,1,0.999442,0,1,0.999442,0.000428,0.000039,0.000091
data_rand_fold0/Testing/glioma/Tr-gl_0969.jpg,MR048994,glioma,glioma,1,0.999890,0,1,0.999890,0.000073,0.000032,0.000005
data_rand_fold0/Testing/glioma/Tr-gl_0971.jpg,MR048994,glioma,glioma,1,0.999874,0,1,0.999874,0.000093,0.000032,0.000001
data_rand_fold0/Testing/glioma/Tr-gl_0972.jpg,MR049104,glioma,glioma,1,0.987243,0,1,0.987243,0.000547,0.008874,0.003335
data_rand_fold0/Testing/glioma/Tr-gl_0986.jpg,MR049104B,glioma,glioma,1,0.996795,0,1,0.996795,0.000836,0.001106,0.001263
data_rand_fold0/Testing/glioma/Tr-gl_0992.jpg,MR049453,glioma,glioma,1,0.999551,0,1,0.999551,0.000151,0.000231,0.000067
data_rand_fold0/Testing/glioma/Tr-gl_0998.jpg,MR024780G,glioma,glioma,1,0.994104,0,1,0.994104,0.004781,0.001075,0.000040
data_rand_fold0/Testing/glioma/Tr-gl_1000.jpg,MR050135B,glioma,glioma,1,0.999906,0,1,0.999906,0.000055,0.000037,0.000002
data_rand_fold0/Testing/glioma/Tr-gl_1001.jpg,MR050135B,glioma,glioma,1,0.999644,0,1,0.999644,0.000278,0.000063,0.000014
data_rand_fold0/Testing/glioma/Tr-gl_1015.jpg,MR050791B,glioma,glioma,1,0.966092,0,1,0.966092,0.031842,0.001908,0.000157
data_rand_fold0/Testing/glioma/Tr-gl_1017.jpg,MR050791B,glioma,glioma,1,0.994499,0,1,0.994499,0.005320,0.000140,0.000041
data_rand_fold0/Testing/glioma/Tr-gl_1018.jpg,MR049019C,glioma,glioma,1,0.994775,0,1,0.994775,0.002707,0.000209,0.002308
data_rand_fold0/Testing/glioma/Tr-gl_1031.jpg,MR051644,glioma,glioma,1,0.979718,0,1,0.979718,0.016593,0.002182,0.001508
data_rand_fold0/Testing/glioma/Tr-gl_1034.jpg,MR051644,glioma,glioma,1,0.999708,0,1,0.999708,0.000150,0.000125,0.000017
data_rand_fold0/Testing/glioma/Tr-gl_1035.jpg,MR051644,glioma,glioma,1,0.999795,0,1,0.999795,0.000132,0.000058,0.000015
data_rand_fold0/Testing/glioma/Tr-gl_1050.jpg,MR051644B,glioma,glioma,1,0.992926,0,1,0.992926,0.000073,0.002141,0.004861
data_rand_fold0/Testing/glioma/Tr-gl_1062.jpg,MR052550,glioma,glioma,1,0.998237,0,1,0.998237,0.000250,0.001105,0.000408
data_rand_fold0/Testing/glioma/Tr-gl_1065.jpg,MR051644C,glioma,glioma,1,0.999289,0,1,0.999289,0.000065,0.000346,0.000301
data_rand_fold0/Testing/glioma/Tr-gl_1075.jpg,MR052585B,glioma,glioma,1,0.999519,0,1,0.999519,0.000097,0.000150,0.000234
data_rand_fold0/Testing/glioma/Tr-gl_1083.jpg,MR034694,glioma,glioma,1,0.984195,0,1,0.984195,0.001805,0.000879,0.013120
data_rand_fold0/Testing/glioma/Tr-gl_1085.jpg,MR054875,glioma,glioma,1,0.969232,0,1,0.969232,0.011351,0.003246,0.016171
data_rand_fold0/Testing/glioma/Tr-gl_1092.jpg,MR050687C,glioma,glioma,1,0.999325,0,1,0.999325,0.000280,0.000189,0.000205
data_rand_fold0/Testing/glioma/Tr-gl_1093.jpg,MR056144,glioma,glioma,1,0.929255,0,1,0.929255,0.043435,0.010886,0.016424
data_rand_fold0/Testing/glioma/Tr-gl_1102.jpg,MR033389B,glioma,glioma,1,0.997207,0,1,0.997207,0.002200,0.000348,0.000244
data_rand_fold0/Testing/glioma/Tr-gl_1121.jpg,MR017260F,glioma,glioma,1,0.999938,0,1,0.999938,0.000021,0.000039,0.000002
data_rand_fold0/Testing/glioma/Tr-gl_1125.jpg,MR029209I,glioma,glioma,1,0.999922,0,1,0.999922,0.000014,0.000062,0.000001
data_rand_fold0/Testing/glioma/Tr-gl_1132.jpg,100820,glioma,glioma,1,0.537300,0,1,0.537300,0.382800,0.070036,0.009863
data_rand_fold0/Testing/glioma/Tr-gl_1137.jpg,102075,glioma,glioma,1,0.844788,0,1,0.844788,0.128171,0.010026,0.017015
data_rand_fold0/Testing/glioma/Tr-gl_1141.jpg,103148,glioma,glioma,1,0.942257,0,1,0.942257,0.051877,0.004729,0.001138
data_rand_fold0/Testing/glioma/Tr-gl_1142.jpg,103148,glioma,glioma,1,0.983650,0,1,0.983650,0.014364,0.001688,0.000298
data_rand_fold0/Testing/glioma/Tr-gl_1150.jpg,107747,glioma,meningioma,0,0.540169,0,1,0.453497,0.540169,0.004360,0.001974
data_rand_fold0/Testing/glioma/Tr-gl_1154.jpg,112105,glioma,glioma,1,0.997368,0,1,0.997368,0.001085,0.000935,0.000612
data_rand_fold0/Testing/glioma/Tr-gl_1158.jpg,112105,glioma,glioma,1,0.794300,0,1,0.794300,0.150312,0.049958,0.005430
data_rand_fold0/Testing/glioma/Tr-gl_1160.jpg,100820,glioma,meningioma,0,0.592405,0,1,0.406211,0.592405,0.000994,0.000390
data_rand_fold0/Testing/glioma/Tr-gl_1162.jpg,101020,glioma,glioma,1,0.861978,0,1,0.861978,0.136663,0.001230,0.000129
data_rand_fold0/Testing/glioma/Tr-gl_1163.jpg,101020,glioma,glioma,1,0.986852,0,1,0.986852,0.012825,0.000293,0.000030
data_rand_fold0/Testing/glioma/Tr-gl_1171.jpg,103148,glioma,glioma,1,0.999760,0,1,0.999760,0.000183,0.000053,0.000004
data_rand_fold0/Testing/glioma/Tr-gl_1183.jpg,112105,glioma,glioma,1,0.999256,0,1,0.999256,0.000522,0.000185,0.000037
data_rand_fold0/Testing/glioma/Tr-gl_1186.jpg,112105,glioma,glioma,1,0.998604,0,1,0.998604,0.000788,0.000375,0.000233
data_rand_fold0/Testing/glioma/Tr-gl_1191.jpg,88670,glioma,glioma,1,0.979874,0,1,0.979874,0.018343,0.000736,0.001047
data_rand_fold0/Testing/glioma/Tr-gl_1198.jpg,90284,glioma,glioma,1,0.993973,0,1,0.993973,0.003490,0.002443,0.000094
data_rand_fold0/Testing/glioma/Tr-gl_1206.jpg,100416,glioma,glioma,1,0.979963,0,1,0.979963,0.017813,0.002193,0.000030
data_rand_fold0/Testing/glioma/Tr-gl_1215.jpg,101384,glioma,glioma,1,0.770670,0,1,0.770670,0.146929,0.001146,0.081255
data_rand_fold0/Testing/glioma/Tr-gl_1217.jpg,101384,glioma,glioma,1,0.944122,0,1,0.944122,0.054140,0.000422,0.001315
data_rand_fold0/Testing/glioma/Tr-gl_1222.jpg,103148,glioma,glioma,1,0.957630,0,1,0.957630,0.039874,0.001114,0.001381
data_rand_fold0/Testing/glioma/Tr-gl_1223.jpg,105653,glioma,meningioma,0,0.820611,0,1,0.135971,0.820611,0.007412,0.036006
data_rand_fold0/Testing/glioma/Tr-gl_1226.jpg,106494,glioma,glioma,1,0.899189,0,1,0.899189,0.099698,0.001094,0.000018
data_rand_fold0/Testing/glioma/Tr-gl_1227.jpg,106494,glioma,glioma,1,0.999132,0,1,0.999132,0.000730,0.000135,0.000004
data_rand_fold0/Testing/glioma/Tr-gl_1229.jpg,106494,glioma,glioma,1,0.998642,0,1,0.998642,0.000739,0.000567,0.000052
data_rand_fold0/Testing/glioma/Tr-gl_1231.jpg,107747,glioma,meningioma,0,0.609368,0,1,0.389112,0.609368,0.000897,0.000623
data_rand_fold0/Testing/glioma/Tr-gl_1242.jpg,88670,glioma,glioma,1,0.999623,0,1,0.999623,0.000304,0.000059,0.000014
data_rand_fold0/Testing/glioma/Tr-gl_1249.jpg,90284,glioma,glioma,1,0.999612,0,1,0.999612,0.000310,0.000046,0.000032
data_rand_fold0/Testing/glioma/Tr-gl_1258.jpg,94731,glioma,meningioma,0,0.586045,0,1,0.405754,0.586045,0.001210,0.006991
data_rand_fold0/Testing/glioma/Tr-gl_1259.jpg,95142,glioma,glioma,1,0.994938,0,1,0.994938,0.001963,0.000780,0.002318
data_rand_fold0/Testing/glioma/Tr-gl_1267.jpg,96587,glioma,glioma,1,0.999747,0,1,0.999747,0.000162,0.000090,0.000001
data_rand_fold0/Testing/glioma/Tr-gl_1289.jpg,MR048621B,glioma,glioma,1,0.874812,0,1,0.874812,0.030026,0.018022,0.077140
data_rand_fold0/Testing/glioma/Tr-gl_1298.jpg,MR048944,glioma,meningioma,0,0.576225,0,1,0.407002,0.576225,0.003681,0.013091
data_rand_fold0/Testing/glioma/Tr-gl_1299.jpg,MR048994,glioma,glioma,1,0.999079,0,1,0.999079,0.000486,0.000329,0.000105
data_rand_fold0/Testing/glioma/Tr-gl_1301.jpg,MR048994,glioma,glioma,1,0.996818,0,1,0.996818,0.002821,0.000276,0.000085
data_rand_fold0/Testing/glioma/Tr-gl_1303.jpg,MR048994,glioma,glioma,1,0.994201,0,1,0.994201,0.005086,0.000250,0.000463
data_rand_fold0/Testing/glioma/Tr-gl_1304.jpg,MR048994,glioma,glioma,1,0.993334,0,1,0.993334,0.006124,0.000362,0.000180
data_rand_fold0/Testing/glioma/Tr-gl_1307.jpg,MR049142,glioma,glioma,1,0.784299,0,1,0.784299,0.083004,0.131699,0.000998
data_rand_fold0/Testing/glioma/Tr-gl_1309.jpg,MR049142,glioma,glioma,1,0.955566,0,1,0.955566,0.017341,0.026947,0.000146
data_rand_fold0/Testing/glioma/Tr-gl_1317.jpg,MR048944B,glioma,glioma,1,0.999633,0,1,0.999633,0.000130,0.000197,0.000040
data_rand_fold0/Testing/meningioma/Te-me_0115.jpg,107494,meningioma,meningioma,1,0.751864,0,1,0.238287,0.751864,0.008896,0.000953
data_rand_fold0/Testing/meningioma/Te-me_0116.jpg,107494,meningioma,meningioma,1,0.969242,0,1,0.027652,0.969242,0.001058,0.002048
data_rand_fold0/Testing/meningioma/Te-me_0120.jpg,109411,meningioma,meningioma,1,0.721165,0,1,0.184523,0.721165,0.046778,0.047534
data_rand_fold0/Testing/meningioma/Te-me_0128.jpg,112648,meningioma,meningioma,1,0.999388,0,1,0.000572,0.999388,0.000037,0.000004
data_rand_fold0/Testing/meningioma/Te-me_0131.jpg,113805,meningioma,meningioma,1,0.983196,0,1,0.002798,0.983196,0.013817,0.000188
data_rand_fold0/Testing/meningioma/Te-me_0152.jpg,100360,meningioma,meningioma,1,0.939578,0,1,0.060071,0.939578,0.000138,0.000212
data_rand_fold0/Testing/meningioma/Te-me_0154.jpg,101016,meningioma,meningioma,1,0.969934,0,1,0.017056,0.969934,0.012352,0.000659
data_rand_fold0/Testing/meningioma/Te-me_0155.jpg,101016,meningioma,meningioma,1,0.994104,0,1,0.005645,0.994104,0.000213,0.000038
data_rand_fold0/Testing/meningioma/Te-me_0156.jpg,101127,meningioma,meningioma,1,0.898439,0,1,0.009366,0.898439,0.005081,0.087114
data_rand_fold0/Testing/meningioma/Te-me_0160.jpg,102714,meningioma,meningioma,1,0.990638,0,1,0.004093,0.990638,0.000688,0.004582
data_rand_fold0/Testing/meningioma/Te-me_0164.jpg,103673,meningioma,pituitary,0,0.996202,0,1,0.000061,0.003452,0.000286,0.996202
data_rand_fold0/Testing/meningioma/Te-me_0167.jpg,104167,meningioma,meningioma,1,0.998113,0,1,0.001483,0.998113,0.000268,0.000136
data_rand_fold0/Testing/meningioma/Te-me_0171.jpg,105555,meningioma,meningioma,1,0.996776,0,1,0.002958,0.996776,0.000231,0.000035
data_rand_fold0/Testing/meningioma/Te-me_0172.jpg,105937,meningioma,meningioma,1,0.998844,0,1,0.000347,0.998844,0.000205,0.000604
data_rand_fold0/Testing/meningioma/Te-me_0176.jpg,106665,meningioma,meningioma,1,0.926720,0,1,0.070085,0.926720,0.001241,0.001954
data_rand_fold0/Testing/meningioma/Te-me_0178.jpg,95969,meningioma,meningioma,1,0.985524,0,1,0.002695,0.985524,0.011401,0.000379
data_rand_fold0/Testing/meningioma/Te-me_0179.jpg,106720,meningioma,meningioma,1,0.996117,0,1,0.003830,0.996117,0.000047,0.000007
data_rand_fold0/Testing/meningioma/Te-me_0180.jpg,106914,meningioma,meningioma,1,0.998795,0,1,0.000991,0.998795,0.000113,0.000101
data_rand_fold0/Testing/meningioma/Te-me_0183.jpg,107494,meningioma,meningioma,1,0.997677,0,1,0.002076,0.997677,0.000103,0.000144
data_rand_fold0/Testing/meningioma/Te-me_0192.jpg,111366,meningioma,meningioma,1,0.998884,0,1,0.000817,0.998884,0.000054,0.000245
data_rand_fold0/Testing/meningioma/Te-me_0194.jpg,112002,meningioma,glioma,0,0.502491,0,1,0.502491,0.413159,0.074749,0.009600
data_rand_fold0/Testing/meningioma/Te-me_0198.jpg,112552,meningioma,meningioma,1,0.951361,0,1,0.048182,0.951361,0.000355,0.000102
data_rand_fold0/Testing/meningioma/Te-me_0202.jpg,113554,meningioma,meningioma,1,0.999078,0,1,0.000594,0.999078,0.000316,0.000012
data_rand_fold0/Testing/meningioma/Te-me_0210.jpg,97943,meningioma,meningioma,1,0.995883,0,1,0.002617,0.995883,0.001147,0.000353
data_rand_fold0/Testing/meningioma/Te-me_0211.jpg,98241,meningioma,meningioma,1,0.996545,0,1,0.000311,0.996545,0.000582,0.002562
data_rand_fold0/Testing/meningioma/Te-me_0221.jpg,101082,meningioma,meningioma,1,0.997111,0,1,0.002003,0.997111,0.000027,0.000859
data_rand_fold0/Testing/meningioma/Te-me_0242.jpg,106665,meningioma,meningioma,1,0.998513,0,1,0.001391,0.998513,0.000052,0.000044
data_rand_fold0/Testing/meningioma/Te-me_0243.jpg,104281,meningioma,meningioma,1,0.997117,0,1,0.002493,0.997117,0.000332,0.000058
data_rand_fold0/Testing/meningioma/Te-me_0246.jpg,107190,meningioma,meningioma,1,0.992689,0,1,0.006102,0.992689,0.000306,0.000903
data_rand_fold0/Testing/meningioma/Te-me_0251.jpg,108550,meningioma,meningioma,1,0.618291,0,1,0.029046,0.618291,0.000178,0.352485
data_rand_fold0/Testing/meningioma/Te-me_0253.jpg,108945,meningioma,meningioma,1,0.939959,0,1,0.058516,0.939959,0.001186,0.000339
data_rand_fold0/Testing/meningioma/Te-me_0261.jpg,112062,meningioma,meningioma,1,0.998117,0,1,0.001803,0.998117,0.000067,0.000013
data_rand_fold0/Testing/meningioma/Te-me_0262.jpg,112552,meningioma,meningioma,1,0.875657,0,1,0.120384,0.875657,0.001243,0.002716
data_rand_fold0/Testing/meningioma/Te-me_0273.jpg,114359,meningioma,meningioma,1,0.999408,0,1,0.000552,0.999408,0.000038,0.000001
data_rand_fold0/Testing/meningioma/Te-me_0278.jpg,97607,meningioma,meningioma,1,0.996023,0,1,0.003716,0.996023,0.000219,0.000041
data_rand_fold0/Testing/meningioma/Te-me_0282.jpg,98241,meningioma,meningioma,1,0.999379,0,1,0.000460,0.999379,0.000069,0.000092
data_rand_fold0/Testing/meningioma/Te-me_0287.jpg,100572,meningioma,meningioma,1,0.999203,0,1,0.000114,0.999203,0.000108,0.000574
data_rand_fold0/Testing/meningioma/Te-me_0298.jpg,113554,meningioma,meningioma,1,0.998882,0,1,0.000556,0.998882,0.000415,0.000147
data_rand_fold0/Testing/meningioma/Tr-meTr_0004.jpg,107494,meningioma,meningioma,1,0.999951,0,1,0.000016,0.999951,0.000014,0.000019
data_rand_fold0/Testing/meningioma/Tr-meTr_0008.jpg,108514,meningioma,meningioma,1,0.997843,0,1,0.001671,0.997843,0.000319,0.000167
data_rand_fold0/Testing/meningioma/Tr-meTr_0009.jpg,100360,meningioma,meningioma,1,0.881160,0,1,0.117541,0.881160,0.001080,0.000220
data_rand_fold0/Testing/meningioma/Tr-me_0012.jpg,108514,meningioma,meningioma,1,0.989897,0,1,0.008223,0.989897,0.001710,0.000171
data_rand_fold0/Testing/meningioma/Tr-me_0013.jpg,108550,meningioma,meningioma,1,0.998988,0,1,0.000084,0.998988,0.000273,0.000655
data_rand_fold0/Testing/meningioma/Tr-me_0035.jpg,112002,meningioma,meningioma,1,0.620628,0,1,0.368591,0.620628,0.009162,0.001619
data_rand_fold0/Testing/meningioma/Tr-me_0042.jpg,112552,meningioma,meningioma,1,0.985781,0,1,0.012715,0.985781,0.000502,0.001002
data_rand_fold0/Testing/meningioma/Tr-me_0044.jpg,112552,meningioma,meningioma,1,0.942614,0,1,0.055512,0.942614,0.000691,0.001182
data_rand_fold0/Testing/meningioma/Tr-me_0045.jpg,112552,meningioma,meningioma,1,0.989024,0,1,0.010377,0.989024,0.000261,0.000339
data_rand_fold0/Testing/meningioma/Tr-me_0047.jpg,112648,meningioma,meningioma,1,0.999643,0,1,0.000336,0.999643,0.000012,0.000009
data_rand_fold0/Testing/meningioma/Tr-me_0051.jpg,100360,meningioma,glioma,0,0.862274,0,1,0.862274,0.132938,0.002245,0.002544
data_rand_fold0/Testing/meningioma/Tr-me_0053.jpg,113435,meningioma,meningioma,1,0.993355,0,1,0.005804,0.993355,0.000518,0.000323
data_rand_fold0/Testing/meningioma/Tr-me_0062.jpg,114359,meningioma,meningioma,1,0.996361,0,1,0.003083,0.996361,0.000499,0.000056
data_rand_fold0/Testing/meningioma/Tr-me_0065.jpg,114359,meningioma,meningioma,1,0.996394,0,1,0.003318,0.996394,0.000182,0.000107
data_rand_fold0/Testing/meningioma/Tr-me_0073.jpg,97737,meningioma,meningioma,1,0.997563,0,1,0.001379,0.997563,0.001030,0.000027
data_rand_fold0/Testing/meningioma/Tr-me_0075.jpg,97943,meningioma,meningioma,1,0.998790,0,1,0.001065,0.998790,0.000139,0.000006
data_rand_fold0/Testing/meningioma/Tr-me_0078.jpg,97943,meningioma,meningioma,1,0.994734,0,1,0.004630,0.994734,0.000502,0.000134
data_rand_fold0/Testing/meningioma/Tr-me_0085.jpg,99089,meningioma,meningioma,1,0.999904,0,1,0.000037,0.999904,0.000049,0.000010
data_rand_fold0/Testing/meningioma/Tr-me_0092.jpg,101016,meningioma,meningioma,1,0.988734,0,1,0.010745,0.988734,0.000432,0.000089
data_rand_fold0/Testing/meningioma/Tr-me_0097.jpg,101797,meningioma,meningioma,1,0.972544,0,1,0.024522,0.972544,0.001875,0.001058
data_rand_fold0/Testing/meningioma/Tr-me_0102.jpg,102420,meningioma,meningioma,1,0.984102,0,1,0.014936,0.984102,0.000317,0.000645
data_rand_fold0/Testing/meningioma/Tr-me_0104.jpg,102675,meningioma,meningioma,1,0.990792,0,1,0.008803,0.990792,0.000305,0.000099
data_rand_fold0/Testing/meningioma/Tr-me_0113.jpg,102929,meningioma,meningioma,1,0.986053,0,1,0.009941,0.986053,0.000443,0.003564
data_rand_fold0/Testing/meningioma/Tr-me_0115.jpg,102929,meningioma,meningioma,1,0.998277,0,1,0.000349,0.998277,0.000087,0.001287
data_rand_fold0/Testing/meningioma/Tr-me_0129.jpg,103925,meningioma,meningioma,1,0.996944,0,1,0.002855,0.996944,0.000141,0.000059
data_rand_fold0/Testing/meningioma/Tr-me_0134.jpg,103925,meningioma,meningioma,1,0.999218,0,1,0.000736,0.999218,0.000028,0.000018
data_rand_fold0/Testing/meningioma/Tr-me_0137.jpg,104167,meningioma,meningioma,1,0.999637,0,1,0.000303,0.999637,0.000038,0.000022
data_rand_fold0/Testing/meningioma/Tr-me_0141.jpg,104167,meningioma,meningioma,1,0.985070,0,1,0.014775,0.985070,0.000074,0.000080
data_rand_fold0/Testing/meningioma/Tr-me_0158.jpg,105937,meningioma,meningioma,1,0.998275,0,1,0.001587,0.998275,0.000035,0.000102
data_rand_fold0/Testing/meningioma/Tr-me_0162.jpg,106720,meningioma,meningioma,1,0.998079,0,1,0.000487,0.998079,0.000366,0.001068
data_rand_fold0/Testing/meningioma/Tr-me_0170.jpg,107190,meningioma,meningioma,1,0.997467,0,1,0.000520,0.997467,0.002000,0.000012
data_rand_fold0/Testing/meningioma/Tr-me_0280.jpg,100572,meningioma,meningioma,1,0.999787,0,1,0.000032,0.999787,0.000029,0.000152
data_rand_fold0/Testing/meningioma/Tr-me_0287.jpg,101016,meningioma,meningioma,1,0.986504,0,1,0.012959,0.986504,0.000364,0.000173
data_rand_fold0/Testing/meningioma/Tr-me_0294.jpg,101797,meningioma,meningioma,1,0.974002,0,1,0.017200,0.974002,0.008545,0.000253
data_rand_fold0/Testing/meningioma/Tr-me_0305.jpg,102714,meningioma,meningioma,1,0.999475,0,1,0.000066,0.999475,0.000045,0.000413
data_rand_fold0/Testing/meningioma/Tr-me_0311.jpg,103673,meningioma,pituitary,0,0.993716,0,1,0.000050,0.005574,0.000660,0.993716
data_rand_fold0/Testing/meningioma/Tr-me_0312.jpg,103673,meningioma,pituitary,0,0.992556,0,1,0.000047,0.005947,0.001450,0.992556
data_rand_fold0/Testing/meningioma/Tr-me_0318.jpg,104167,meningioma,meningioma,1,0.995742,0,1,0.003793,0.995742,0.000377,0.000088
data_rand_fold0/Testing/meningioma/Tr-me_0323.jpg,104281,meningioma,meningioma,1,0.999829,0,1,0.000018,0.999829,0.000147,0.000007
data_rand_fold0/Testing/meningioma/Tr-me_0356.jpg,106720,meningioma,meningioma,1,0.997305,0,1,0.000268,0.997305,0.001471,0.000956
data_rand_fold0/Testing/meningioma/Tr-me_0369.jpg,114359,meningioma,meningioma,1,0.989473,0,1,0.010261,0.989473,0.000126,0.000140
data_rand_fold0/Testing/meningioma/Tr-me_0375.jpg,107494,meningioma,meningioma,1,0.996263,0,1,0.002675,0.996263,0.000515,0.000547
data_rand_fold0/Testing/meningioma/Tr-me_0378.jpg,107494,meningioma,meningioma,1,0.835166,0,1,0.164056,0.835166,0.000321,0.000457
data_rand_fold0/Testing/meningioma/Tr-me_0383.jpg,108514,meningioma,meningioma,1,0.991906,0,1,0.008002,0.991906,0.000081,0.000011
data_rand_fold0/Testing/meningioma/Tr-me_0387.jpg,108514,meningioma,meningioma,1,0.999081,0,1,0.000884,0.999081,0.000024,0.000011
data_rand_fold0/Testing/meningioma/Tr-me_0389.jpg,108550,meningioma,meningioma,1,0.959817,0,1,0.030598,0.959817,0.005852,0.003733
data_rand_fold0/Testing/meningioma/Tr-me_0392.jpg,108590,meningioma,meningioma,1,0.997450,0,1,0.002188,0.997450,0.000311,0.000052
data_rand_fold0/Testing/meningioma/Tr-me_0400.jpg,109968,meningioma,meningioma,1,0.999595,0,1,0.000382,0.999595,0.000022,0.000001
data_rand_fold0/Testing/meningioma/Tr-me_0403.jpg,110116,meningioma,pituitary,0,0.976347,0,1,0.001295,0.021526,0.000832,0.976347
data_rand_fold0/Testing/meningioma/Tr-me_0408.jpg,111077,meningioma,meningioma,1,0.748805,0,1,0.248281,0.748805,0.001500,0.001414
data_rand_fold0/Testing/meningioma/Tr-me_0410.jpg,111077,meningioma,meningioma,1,0.980929,0,1,0.017472,0.980929,0.000168,0.001431
data_rand_fold0/Testing/meningioma/Tr-me_0417.jpg,111532,meningioma,meningioma,1,0.998908,0,1,0.000956,0.998908,0.000035,0.000101
data_rand_fold0/Testing/meningioma/Tr-me_0428.jpg,112062,meningioma,meningioma,1,0.999977,0,1,0.000018,0.999977,0.000005,0.000000
data_rand_fold0/Testing/meningioma/Tr-me_0439.jpg,112552,meningioma,glioma,0,0.703436,0,1,0.703436,0.294003,0.001235,0.001326
data_rand_fold0/Testing/meningioma/Tr-me_0442.jpg,112648,meningioma,meningioma,1,0.998199,0,1,0.001631,0.998199,0.000099,0.000071
data_rand_fold0/Testing/meningioma/Tr-me_0446.jpg,97737,meningioma,meningioma,1,0.999668,0,1,0.000191,0.999668,0.000046,0.000095
data_rand_fold0/Testing/meningioma/Tr-me_0451.jpg,113435,meningioma,meningioma,1,0.987924,0,1,0.008956,0.987924,0.000401,0.002719
data_rand_fold0/Testing/meningioma/Tr-me_0453.jpg,113554,meningioma,meningioma,1,0.997691,0,1,0.001189,0.997691,0.000238,0.000883
data_rand_fold0/Testing/meningioma/Tr-me_0456.jpg,97737,meningioma,meningioma,1,0.999817,0,1,0.000126,0.999817,0.000029,0.000029
data_rand_fold0/Testing/meningioma/Tr-me_0458.jpg,97737,meningioma,meningioma,1,0.999699,0,1,0.000182,0.999699,0.000103,0.000016
data_rand_fold0/Testing/meningioma/Tr-me_0468.jpg,114018,meningioma,meningioma,1,0.987478,0,1,0.009032,0.987478,0.001569,0.001922
data_rand_fold0/Testing/meningioma/Tr-me_0477.jpg,99017,meningioma,meningioma,1,0.988933,0,1,0.009735,0.988933,0.000378,0.000955
data_rand_fold0/Testing/meningioma/Tr-me_0487.jpg,99308,meningioma,meningioma,1,0.979846,0,1,0.017935,0.979846,0.000661,0.001557
data_rand_fold0/Testing/meningioma/Tr-me_0489.jpg,100360,meningioma,meningioma,1,0.771518,0,1,0.228118,0.771518,0.000245,0.000118
data_rand_fold0/Testing/meningioma/Tr-me_0492.jpg,100360,meningioma,glioma,0,0.582102,0,1,0.582102,0.416676,0.000336,0.000885
data_rand_fold0/Testing/meningioma/Tr-me_0495.jpg,100360,meningioma,meningioma,1,0.994562,0,1,0.005341,0.994562,0.000010,0.000086
data_rand_fold0/Testing/meningioma/Tr-me_0501.jpg,114018,meningioma,meningioma,1,0.996291,0,1,0.001452,0.996291,0.000052,0.002205
data_rand_fold0/Testing/meningioma/Tr-me_0503.jpg,101016,meningioma,meningioma,1,0.999862,0,1,0.000106,0.999862,0.000014,0.000018
data_rand_fold0/Testing/meningioma/Tr-me_0532.jpg,106665,meningioma,meningioma,1,0.928578,0,1,0.058566,0.928578,0.002951,0.009904
data_rand_fold0/Testing/meningioma/Tr-me_0533.jpg,106720,meningioma,meningioma,1,0.998586,0,1,0.001075,0.998586,0.000017,0.000322
data_rand_fold0/Testing/meningioma/Tr-me_0540.jpg,106720,meningioma,meningioma,1,0.991763,0,1,0.008147,0.991763,0.000052,0.000039
data_rand_fold0/Testing/meningioma/Tr-me_0546.jpg,111077,meningioma,meningioma,1,0.978135,0,1,0.020690,0.978135,0.000894,0.000281
data_rand_fold0/Testing/meningioma/Tr-me_0550.jpg,98241,meningioma,meningioma,1,0.998626,0,1,0.001206,0.998626,0.000012,0.000156
data_rand_fold0/Testing/meningioma/Tr-me_0559.jpg,99089,meningioma,meningioma,1,0.999575,0,1,0.000358,0.999575,0.000059,0.000008
data_rand_fold0/Testing/meningioma/Tr-me_0570.jpg,99308,meningioma,meningioma,1,0.999902,0,1,0.000089,0.999902,0.000008,0.000001
data_rand_fold0/Testing/meningioma/Tr-me_0572.jpg,99815,meningioma,meningioma,1,0.998459,0,1,0.001411,0.998459,0.000022,0.000108
data_rand_fold0/Testing/meningioma/Tr-me_0590.jpg,111366,meningioma,meningioma,1,0.999907,0,1,0.000062,0.999907,0.000016,0.000014
data_rand_fold0/Testing/meningioma/Tr-me_0599.jpg,101801,meningioma,meningioma,1,0.999025,0,1,0.000104,0.999025,0.000082,0.000789
data_rand_fold0/Testing/meningioma/Tr-me_0601.jpg,102420,meningioma,meningioma,1,0.766649,0,1,0.219440,0.766649,0.000520,0.013391
data_rand_fold0/Testing/meningioma/Tr-me_0603.jpg,102446,meningioma,meningioma,1,0.992622,0,1,0.006873,0.992622,0.000487,0.000018
data_rand_fold0/Testing/meningioma/Tr-me_0605.jpg,102675,meningioma,meningioma,1,0.989540,0,1,0.009368,0.989540,0.001015,0.000077
data_rand_fold0/Testing/meningioma/Tr-me_0609.jpg,102818,meningioma,meningioma,1,0.998606,0,1,0.001241,0.998606,0.000058,0.000095
data_rand_fold0/Testing/meningioma/Tr-me_0611.jpg,111532,meningioma,meningioma,1,0.998878,0,1,0.001033,0.998878,0.000018,0.000071
data_rand_fold0/Testing/meningioma/Tr-me_0615.jpg,102960,meningioma,meningioma,1,0.855084,0,1,0.144610,0.855084,0.000198,0.000108
data_rand_fold0/Testing/meningioma/Tr-me_0616.jpg,102960,meningioma,meningioma,1,0.914355,0,1,0.085360,0.914355,0.000202,0.000082
data_rand_fold0/Testing/meningioma/Tr-me_0617.jpg,102960,meningioma,meningioma,1,0.914355,0,1,0.085360,0.914355,0.000202,0.000082
data_rand_fold0/Testing/meningioma/Tr-me_0633.jpg,111696,meningioma,meningioma,1,0.997958,0,1,0.000996,0.997958,0.000137,0.000910
data_rand_fold0/Testing/meningioma/Tr-me_0635.jpg,104167,meningioma,meningioma,1,0.999876,0,1,0.000116,0.999876,0.000003,0.000005
data_rand_fold0/Testing/meningioma/Tr-me_0638.jpg,104281,meningioma,meningioma,1,0.996333,0,1,0.003486,0.996333,0.000110,0.000071
data_rand_fold0/Testing/meningioma/Tr-me_0642.jpg,104695,meningioma,meningioma,1,0.987848,0,1,0.011499,0.987848,0.000552,0.000101
data_rand_fold0/Testing/meningioma/Tr-me_0643.jpg,104695,meningioma,meningioma,1,0.995181,0,1,0.004590,0.995181,0.000171,0.000059
data_rand_fold0/Testing/meningioma/Tr-me_0653.jpg,106284,meningioma,meningioma,1,0.999340,0,1,0.000438,0.999340,0.000078,0.000144
data_rand_fold0/Testing/meningioma/Tr-me_0664.jpg,106665,meningioma,meningioma,1,0.999346,0,1,0.000609,0.999346,0.000027,0.000018
data_rand_fold0/Testing/meningioma/Tr-me_0668.jpg,106665,meningioma,meningioma,1,0.991193,0,1,0.007771,0.991193,0.000254,0.000782
data_rand_fold0/Testing/meningioma/Tr-me_0669.jpg,106665,meningioma,meningioma,1,0.994440,0,1,0.004492,0.994440,0.000346,0.000721
data_rand_fold0/Testing/meningioma/Tr-me_0677.jpg,106914,meningioma,meningioma,1,0.996011,0,1,0.003935,0.996011,0.000011,0.000042
data_rand_fold0/Testing/meningioma/Tr-me_0681.jpg,107248,meningioma,meningioma,1,0.999153,0,1,0.000372,0.999153,0.000115,0.000360
data_rand_fold0/Testing/meningioma/Tr-me_0686.jpg,107494,meningioma,meningioma,1,0.998407,0,1,0.000472,0.998407,0.000277,0.000844
data_rand_fold0/Testing/meningioma/Tr-me_0688.jpg,107494,meningioma,meningioma,1,0.998563,0,1,0.000080,0.998563,0.000008,0.001349
data_rand_fold0/Testing/meningioma/Tr-me_0695.jpg,108514,meningioma,meningioma,1,0.998160,0,1,0.001574,0.998160,0.000157,0.000109
data_rand_fold0/Testing/meningioma/Tr-me_0697.jpg,108514,meningioma,meningioma,1,0.998806,0,1,0.000923,0.998806,0.000117,0.000154
data_rand_fold0/Testing/meningioma/Tr-me_0698.jpg,108514,meningioma,glioma,0,0.523787,0,1,0.523787,0.475072,0.000739,0.000402
data_rand_fold0/Testing/meningioma/Tr-me_0699.jpg,108550,meningioma,meningioma,1,0.994784,0,1,0.001900,0.994784,0.000013,0.003303
data_rand_fold0/Testing/meningioma/Tr-me_0702.jpg,108590,meningioma,meningioma,1,0.997901,0,1,0.000969,0.997901,0.000090,0.001040
data_rand_fold0/Testing/meningioma/Tr-me_0719.jpg,112552,meningioma,meningioma,1,0.996278,0,1,0.003680,0.996278,0.000029,0.000013
data_rand_fold0/Testing/meningioma/Tr-me_0723.jpg,112648,meningioma,meningioma,1,0.753554,0,1,0.238743,0.753554,0.004066,0.003637
data_rand_fold0/Testing/meningioma/Tr-me_0724.jpg,112648,meningioma,meningioma,1,0.932318,0,1,0.063921,0.932318,0.000760,0.003002
data_rand_fold0/Testing/meningioma/Tr-me_0733.jpg,113435,meningioma,meningioma,1,0.992380,0,1,0.007137,0.992380,0.000061,0.000421
data_rand_fold0/Testing/meningioma/Tr-me_0736.jpg,109968,meningioma,meningioma,1,0.998129,0,1,0.001707,0.998129,0.000076,0.000087
data_rand_fold0/Testing/meningioma/Tr-me_0740.jpg,113554,meningioma,meningioma,1,0.994658,0,1,0.004393,0.994658,0.000460,0.000489
data_rand_fold0/Testing/meningioma/Tr-me_0755.jpg,114018,meningioma,meningioma,1,0.995831,0,1,0.000925,0.995831,0.000189,0.003055
data_rand_fold0/Testing/meningioma/Tr-me_0757.jpg,114359,meningioma,meningioma,1,0.998785,0,1,0.001109,0.998785,0.000098,0.000007
data_rand_fold0/Testing/meningioma/Tr-me_0763.jpg,114359,meningioma,meningioma,1,0.993176,0,1,0.006723,0.993176,0.000066,0.000035
data_rand_fold0/Testing/meningioma/Tr-me_0767.jpg,114417,meningioma,meningioma,1,0.996908,0,1,0.002676,0.996908,0.000032,0.000383
data_rand_fold0/Testing/meningioma/Tr-me_0770.jpg,97374,meningioma,meningioma,1,0.998037,0,1,0.001599,0.998037,0.000110,0.000254
data_rand_fold0/Testing/meningioma/Tr-me_0776.jpg,97607,meningioma,meningioma,1,0.995513,0,1,0.004209,0.995513,0.000073,0.000205
data_rand_fold0/Testing/meningioma/Tr-me_0788.jpg,97943,meningioma,meningioma,1,0.997008,0,1,0.002814,0.997008,0.000067,0.000111
data_rand_fold0/Testing/meningioma/Tr-me_0791.jpg,100360,meningioma,meningioma,1,0.908486,0,1,0.090732,0.908486,0.000143,0.000639
data_rand_fold0/Testing/meningioma/Tr-me_0794.jpg,108514,meningioma,meningioma,1,0.998595,0,1,0.001184,0.998595,0.000071,0.000151
data_rand_fold0/Testing/meningioma/Tr-me_0795.jpg,98241,meningioma,meningioma,1,0.999348,0,1,0.000389,0.999348,0.000192,0.000071
data_rand_fold0/Testing/meningioma/Tr-me_0802.jpg,101797,meningioma,meningioma,1,0.980846,0,1,0.010133,0.980846,0.008682,0.000339
data_rand_fold0/Testing/meningioma/Tr-me_0804.jpg,101016,meningioma,meningioma,1,0.997509,0,1,0.001866,0.997509,0.000317,0.000307
data_rand_fold0/Testing/meningioma/Tr-me_0807.jpg,99288,meningioma,meningioma,1,0.898081,0,1,0.083556,0.898081,0.014566,0.003798
data_rand_fold0/Testing/meningioma/Tr-me_0809.jpg,99308,meningioma,meningioma,1,0.993448,0,1,0.006195,0.993448,0.000140,0.000218
data_rand_fold0/Testing/meningioma/Tr-me_0810.jpg,99308,meningioma,meningioma,1,0.996627,0,1,0.002639,0.996627,0.000611,0.000123
data_rand_fold0/Testing/meningioma/Tr-me_0817.jpg,100360,meningioma,meningioma,1,0.599021,0,1,0.396849,0.599021,0.001386,0.002744
data_rand_fold0/Testing/meningioma/Tr-me_0830.jpg,101797,meningioma,meningioma,1,0.993096,0,1,0.004075,0.993096,0.002078,0.000751
data_rand_fold0/Testing/meningioma/Tr-me_0834.jpg,101797,meningioma,meningioma,1,0.846549,0,1,0.116570,0.846549,0.019360,0.017521
data_rand_fold0/Testing/meningioma/Tr-me_0836.jpg,101797,meningioma,meningioma,1,0.986515,0,1,0.009161,0.986515,0.002229,0.002096
data_rand_fold0/Testing/meningioma/Tr-me_0837.jpg,102420,meningioma,meningioma,1,0.731578,0,1,0.266126,0.731578,0.001042,0.001254
data_rand_fold0/Testing/meningioma/Tr-me_0838.jpg,102420,meningioma,meningioma,1,0.927768,0,1,0.069315,0.927768,0.001131,0.001785
data_rand_fold0/Testing/meningioma/Tr-me_0839.jpg,102446,meningioma,meningioma,1,0.999762,0,1,0.000043,0.999762,0.000186,0.000009
data_rand_fold0/Testing/meningioma/Tr-me_0840.jpg,102675,meningioma,meningioma,1,0.954715,0,1,0.044286,0.954715,0.000910,0.000089
data_rand_fold0/Testing/meningioma/Tr-me_0859.jpg,103673,meningioma,pituitary,0,0.999533,0,1,0.000008,0.000132,0.000327,0.999533
data_rand_fold0/Testing/meningioma/Tr-me_0866.jpg,103925,meningioma,meningioma,1,0.704351,0,1,0.294716,0.704351,0.000802,0.000132
data_rand_fold0/Testing/meningioma/Tr-me_0871.jpg,104167,meningioma,meningioma,1,0.988978,0,1,0.010374,0.988978,0.000566,0.000082
data_rand_fold0/Testing/meningioma/Tr-me_0880.jpg,108945,meningioma,meningioma,1,0.999433,0,1,0.000433,0.999433,0.000043,0.000090
data_rand_fold0/Testing/meningioma/Tr-me_0883.jpg,105555,meningioma,meningioma,1,0.744638,0,1,0.231821,0.744638,0.023154,0.000387
data_rand_fold0/Testing/meningioma/Tr-me_0889.jpg,109411,meningioma,meningioma,1,0.911381,0,1,0.048990,0.911381,0.023999,0.015630
data_rand_fold0/Testing/meningioma/Tr-me_0908.jpg,106720,meningioma,meningioma,1,0.999559,0,1,0.000415,0.999559,0.000006,0.000021
data_rand_fold0/Testing/meningioma/Tr-me_0912.jpg,106914,meningioma,meningioma,1,0.994989,0,1,0.004641,0.994989,0.000266,0.000105
data_rand_fold0/Testing/meningioma/Tr-me_0913.jpg,106914,meningioma,meningioma,1,0.994873,0,1,0.001001,0.994873,0.000575,0.003551
data_rand_fold0/Testing/meningioma/Tr-me_0914.jpg,107190,meningioma,meningioma,1,0.997852,0,1,0.001794,0.997852,0.000110,0.000243
data_rand_fold0/Testing/meningioma/Tr-me_0929.jpg,108550,meningioma,meningioma,1,0.952156,0,1,0.033546,0.952156,0.010440,0.003858
data_rand_fold0/Testing/meningioma/Tr-me_0930.jpg,108590,meningioma,meningioma,1,0.992810,0,1,0.006475,0.992810,0.000472,0.000243
data_rand_fold0/Testing/meningioma/Tr-me_0941.jpg,110116,meningioma,meningioma,1,0.757752,0,1,0.001808,0.757752,0.000795,0.239644
data_rand_fold0/Testing/meningioma/Tr-me_0942.jpg,102985,meningioma,meningioma,1,0.922906,0,1,0.033614,0.922906,0.040912,0.002568
data_rand_fold0/Testing/meningioma/Tr-me_0954.jpg,112002,meningioma,glioma,0,0.907171,0,1,0.907171,0.072703,0.017936,0.002190
data_rand_fold0/Testing/meningioma/Tr-me_0957.jpg,112062,meningioma,meningioma,1,0.998604,0,1,0.001228,0.998604,0.000163,0.000004
data_rand_fold0/Testing/meningioma/Tr-me_0961.jpg,112252,meningioma,meningioma,1,0.986695,0,1,0.012290,0.986695,0.000560,0.000456
data_rand_fold0/Testing/meningioma/Tr-me_0967.jpg,112648,meningioma,meningioma,1,0.893071,0,1,0.104035,0.893071,0.002409,0.000485
data_rand_fold0/Testing/meningioma/Tr-me_0972.jpg,113435,meningioma,meningioma,1,0.978357,0,1,0.014931,0.978357,0.000658,0.006054
data_rand_fold0/Testing/meningioma/Tr-me_0982.jpg,114018,meningioma,meningioma,1,0.989214,0,1,0.001437,0.989214,0.000319,0.009029
data_rand_fold0/Testing/meningioma/Tr-me_0989.jpg,114359,meningioma,meningioma,1,0.997938,0,1,0.001992,0.997938,0.000064,0.000006
data_rand_fold0/Testing/meningioma/Tr-me_0995.jpg,97737,meningioma,meningioma,1,0.999596,0,1,0.000297,0.999596,0.000024,0.000083
data_rand_fold0/Testing/meningioma/Tr-me_0998.jpg,97875,meningioma,meningioma,1,0.996348,0,1,0.002979,0.996348,0.000228,0.000445
data_rand_fold0/Testing/meningioma/Tr-me_1002.jpg,103925,meningioma,meningioma,1,0.971959,0,1,0.021020,0.971959,0.006404,0.000617
data_rand_fold0/Testing/meningioma/Tr-me_1003.jpg,97943,meningioma,meningioma,1,0.995427,0,1,0.002140,0.995427,0.002418,0.000015
data_rand_fold0/Testing/meningioma/Tr-me_1022.jpg,100360,meningioma,glioma,0,0.940204,0,1,0.940204,0.057902,0.001320,0.000574
data_rand_fold0/Testing/meningioma/Tr-me_1026.jpg,100572,meningioma,pituitary,0,0.739359,0,1,0.021760,0.238676,0.000206,0.739359
data_rand_fold0/Testing/meningioma/Tr-me_1028.jpg,100639,meningioma,meningioma,1,0.627392,0,1,0.371239,0.627392,0.000543,0.000826
data_rand_fold0/Testing/meningioma/Tr-me_1030.jpg,100920,meningioma,meningioma,1,0.977708,0,1,0.020936,0.977708,0.000185,0.001171
data_rand_fold0/Testing/meningioma/Tr-me_1031.jpg,101016,meningioma,meningioma,1,0.997640,0,1,0.002186,0.997640,0.000103,0.000071
data_rand_fold0/Testing/meningioma/Tr-me_1033.jpg,101016,meningioma,meningioma,1,0.999276,0,1,0.000676,0.999276,0.000035,0.000013
data_rand_fold0/Testing/meningioma/Tr-me_1034.jpg,101082,meningioma,meningioma,1,0.999407,0,1,0.000527,0.999407,0.000018,0.000048
data_rand_fold0/Testing/meningioma/Tr-me_1043.jpg,101797,meningioma,meningioma,1,0.994656,0,1,0.005154,0.994656,0.000163,0.000027
data_rand_fold0/Testing/meningioma/Tr-me_1051.jpg,102675,meningioma,meningioma,1,0.944381,0,1,0.055236,0.944381,0.000348,0.000036
data_rand_fold0/Testing/meningioma/Tr-me_1056.jpg,102714,meningioma,pituitary,0,0.410758,0,1,0.367957,0.218992,0.002294,0.410758
data_rand_fold0/Testing/meningioma/Tr-me_1064.jpg,102960,meningioma,glioma,0,0.695570,0,1,0.695570,0.301283,0.000907,0.002241
data_rand_fold0/Testing/meningioma/Tr-me_1067.jpg,103673,meningioma,pituitary,0,0.918752,0,1,0.000351,0.080574,0.000323,0.918752
data_rand_fold0/Testing/meningioma/Tr-me_1079.jpg,104281,meningioma,meningioma,1,0.998089,0,1,0.000789,0.998089,0.001046,0.000076
data_rand_fold0/Testing/meningioma/Tr-me_1080.jpg,104281,meningioma,meningioma,1,0.998699,0,1,0.001103,0.998699,0.000173,0.000024
data_rand_fold0/Testing/meningioma/Tr-me_1082.jpg,104281,meningioma,meningioma,1,0.998135,0,1,0.001562,0.998135,0.000084,0.000218
data_rand_fold0/Testing/meningioma/Tr-me_1088.jpg,105937,meningioma,meningioma,1,0.969837,0,1,0.022960,0.969837,0.001020,0.006183
data_rand_fold0/Testing/meningioma/Tr-me_1091.jpg,106284,meningioma,meningioma,1,0.916246,0,1,0.073556,0.916246,0.003238,0.006960
data_rand_fold0/Testing/meningioma/Tr-me_1104.jpg,106720,meningioma,meningioma,1,0.987842,0,1,0.005323,0.987842,0.006785,0.000050
data_rand_fold0/Testing/meningioma/Tr-me_1105.jpg,106720,meningioma,meningioma,1,0.999100,0,1,0.000714,0.999100,0.000184,0.000002
data_rand_fold0/Testing/meningioma/Tr-me_1111.jpg,106914,meningioma,meningioma,1,0.765559,0,1,0.226837,0.765559,0.007176,0.000427
data_rand_fold0/Testing/meningioma/Tr-me_1117.jpg,107494,meningioma,meningioma,1,0.989937,0,1,0.006883,0.989937,0.000575,0.002605
data_rand_fold0/Testing/meningioma/Tr-me_1120.jpg,105374,meningioma,glioma,0,0.576091,0,1,0.576091,0.422221,0.001631,0.000056
data_rand_fold0/Testing/meningioma/Tr-me_1124.jpg,107946,meningioma,meningioma,1,0.911402,0,1,0.088003,0.911402,0.000197,0.000398
data_rand_fold0/Testing/meningioma/Tr-me_1128.jpg,108514,meningioma,meningioma,1,0.890387,0,1,0.108961,0.890387,0.000486,0.000167
data_rand_fold0/Testing/meningioma/Tr-me_1138.jpg,109968,meningioma,meningioma,1,0.998757,0,1,0.001090,0.998757,0.000142,0.000010
data_rand_fold0/Testing/meningioma/Tr-me_1142.jpg,110808,meningioma,meningioma,1,0.995330,0,1,0.001498,0.995330,0.003167,0.000005
data_rand_fold0/Testing/meningioma/Tr-me_1146.jpg,111366,meningioma,meningioma,1,0.996176,0,1,0.002888,0.996176,0.000243,0.000693
data_rand_fold0/Testing/meningioma/Tr-me_1147.jpg,111366,meningioma,meningioma,1,0.997793,0,1,0.001971,0.997793,0.000152,0.000084
data_rand_fold0/Testing/meningioma/Tr-me_1157.jpg,112062,meningioma,meningioma,1,0.986383,0,1,0.013584,0.986383,0.000018,0.000015
data_rand_fold0/Testing/meningioma/Tr-me_1175.jpg,113435,meningioma,meningioma,1,0.996409,0,1,0.003558,0.996409,0.000024,0.000008
data_rand_fold0/Testing/meningioma/Tr-me_1177.jpg,113435,meningioma,meningioma,1,0.987564,0,1,0.007233,0.987564,0.000116,0.005087
data_rand_fold0/Testing/meningioma/Tr-me_1183.jpg,113614,meningioma,meningioma,1,0.984880,0,1,0.013566,0.984880,0.000468,0.001086
data_rand_fold0/Testing/meningioma/Tr-me_1188.jpg,113971,meningioma,meningioma,1,0.971513,0,1,0.009938,0.971513,0.000030,0.018519
data_rand_fold0/Testing/meningioma/Tr-me_1191.jpg,114018,meningioma,meningioma,1,0.959636,0,1,0.000414,0.959636,0.001027,0.038923
data_rand_fold0/Testing/meningioma/Tr-me_1200.jpg,114417,meningioma,meningioma,1,0.994571,0,1,0.005424,0.994571,0.000004,0.000002
data_rand_fold0/Testing/meningioma/Tr-me_1206.jpg,110116,meningioma,pituitary,0,0.976354,0,1,0.000016,0.023544,0.000087,0.976354
data_rand_fold0/Testing/meningioma/Tr-me_1207.jpg,97374,meningioma,meningioma,1,0.932380,0,1,0.067472,0.932380,0.000124,0.000024
data_rand_fold0/Testing/meningioma/Tr-me_1208.jpg,97607,meningioma,meningioma,1,0.991608,0,1,0.008221,0.991608,0.000049,0.000122
data_rand_fold0/Testing/meningioma/Tr-me_1213.jpg,106442,meningioma,meningioma,1,0.997094,0,1,0.001037,0.997094,0.001727,0.000142
data_rand_fold0/Testing/meningioma/Tr-me_1217.jpg,97943,meningioma,meningioma,1,0.996557,0,1,0.003406,0.996557,0.000032,0.000005
data_rand_fold0/Testing/meningioma/Tr-me_1218.jpg,97943,meningioma,meningioma,1,0.999915,0,1,0.000077,0.999915,0.000007,0.000001
data_rand_fold0/Testing/meningioma/Tr-me_1227.jpg,99017,meningioma,meningioma,1,0.997405,0,1,0.001187,0.997405,0.000104,0.001304
data_rand_fold0/Testing/meningioma/Tr-me_1229.jpg,106442,meningioma,meningioma,1,0.983922,0,1,0.010121,0.983922,0.005414,0.000543
data_rand_fold0/Testing/meningioma/Tr-me_1231.jpg,99089,meningioma,meningioma,1,0.998974,0,1,0.000910,0.998974,0.000078,0.000039
data_rand_fold0/Testing/meningioma/Tr-me_1235.jpg,99308,meningioma,meningioma,1,0.989485,0,1,0.009128,0.989485,0.000047,0.001340
data_rand_fold0/Testing/meningioma/Tr-me_1246.jpg,106534,meningioma,meningioma,1,0.992398,0,1,0.004013,0.992398,0.003248,0.000341
data_rand_fold0/Testing/meningioma/Tr-me_1249.jpg,106665,meningioma,meningioma,1,0.990175,0,1,0.007935,0.990175,0.001438,0.000452
data_rand_fold0/Testing/meningioma/Tr-me_1251.jpg,106665,meningioma,meningioma,1,0.993114,0,1,0.005476,0.993114,0.001226,0.000184
data_rand_fold0/Testing/meningioma/Tr-me_1254.jpg,106720,meningioma,meningioma,1,0.999783,0,1,0.000077,0.999783,0.000048,0.000091
data_rand_fold0/Testing/meningioma/Tr-me_1255.jpg,106720,meningioma,meningioma,1,0.999791,0,1,0.000030,0.999791,0.000141,0.000037
data_rand_fold0/Testing/meningioma/Tr-me_1258.jpg,106720,meningioma,meningioma,1,0.999660,0,1,0.000270,0.999660,0.000023,0.000046
data_rand_fold0/Testing/meningioma/Tr-me_1265.jpg,107190,meningioma,meningioma,1,0.913793,0,1,0.062914,0.913793,0.023159,0.000134
data_rand_fold0/Testing/meningioma/Tr-me_1267.jpg,107494,meningioma,meningioma,1,0.999771,0,1,0.000171,0.999771,0.000040,0.000017
data_rand_fold0/Testing/meningioma/Tr-me_1269.jpg,111077,meningioma,meningioma,1,0.750673,0,1,0.201703,0.750673,0.009514,0.038111
data_rand_fold0/Testing/meningioma/Tr-me_1272.jpg,107494,meningioma,meningioma,1,0.957894,0,1,0.034728,0.957894,0.006478,0.000900
data_rand_fold0/Testing/meningioma/Tr-me_1275.jpg,101016,meningioma,meningioma,1,0.994477,0,1,0.004869,0.994477,0.000492,0.000162
data_rand_fold0/Testing/meningioma/Tr-me_1277.jpg,111366,meningioma,meningioma,1,0.988582,0,1,0.005407,0.988582,0.000296,0.005715
data_rand_fold0/Testing/meningioma/Tr-me_1279.jpg,107494,meningioma,meningioma,1,0.983842,0,1,0.011973,0.983842,0.002190,0.001995
data_rand_fold0/Testing/meningioma/Tr-me_1290.jpg,112252,meningioma,meningioma,1,0.996171,0,1,0.001742,0.996171,0.002050,0.000037
data_rand_fold0/Testing/meningioma/Tr-me_1294.jpg,112552,meningioma,meningioma,1,0.999691,0,1,0.000214,0.999691,0.000041,0.000055
data_rand_fold0/Testing/meningioma/Tr-me_1313.jpg,113554,meningioma,meningioma,1,0.997049,0,1,0.000868,0.997049,0.001625,0.000458
data_rand_fold0/Testing/meningioma/Tr-me_1314.jpg,108514,meningioma,meningioma,1,0.988524,0,1,0.010022,0.988524,0.000543,0.000912
data_rand_fold0/Testing/meningioma/Tr-me_1318.jpg,114018,meningioma,meningioma,1,0.999907,0,1,0.000019,0.999907,0.000007,0.000067
data_rand_fold0/Testing/meningioma/Tr-me_1327.jpg,97607,meningioma,meningioma,1,0.998851,0,1,0.000896,0.998851,0.000166,0.000087
data_rand_fold0/Testing/meningioma/Tr-me_1333.jpg,97737,meningioma,meningioma,1,0.996357,0,1,0.003258,0.996357,0.000296,0.000089
data_rand_fold0/Testing/meningioma/Tr-me_1335.jpg,97875,meningioma,meningioma,1,0.999517,0,1,0.000266,0.999517,0.000063,0.000154
data_rand_fold0/Testing/meningioma/Tr-me_1337.jpg,97943,meningioma,meningioma,1,0.999310,0,1,0.000634,0.999310,0.000048,0.000007
data_rand_fold0/Testing/meningioma/Tr-me_1338.jpg,97943,meningioma,meningioma,1,0.968615,0,1,0.029699,0.968615,0.001238,0.000448
data_rand_fold0/Testing/notumor/Te-no_0113.jpg,nt941,notumor,notumor,1,0.999491,0,1,0.000004,0.000500,0.999491,0.000005
data_rand_fold0/Testing/notumor/Te-no_0121.jpg,nt1013,notumor,notumor,1,0.999565,0,1,0.000044,0.000386,0.999565,0.000005
data_rand_fold0/Testing/notumor/Te-no_0128.jpg,nt1032,notumor,notumor,1,0.999522,0,1,0.000059,0.000327,0.999522,0.000092
data_rand_fold0/Testing/notumor/Te-no_0134.jpg,nt445,notumor,notumor,1,0.998878,0,1,0.000219,0.000879,0.998878,0.000024
data_rand_fold0/Testing/notumor/Te-no_0136.jpg,nt1036,notumor,notumor,1,0.998185,0,1,0.000006,0.001804,0.998185,0.000005
data_rand_fold0/Testing/notumor/Te-no_0141.jpg,nt867,notumor,notumor,1,0.999999,0,1,0.000000,0.000001,0.999999,0.000000
data_rand_fold0/Testing/notumor/Te-no_0146.jpg,nt518,notumor,notumor,1,0.999993,0,1,0.000000,0.000007,0.999993,0.000000
data_rand_fold0/Testing/notumor/Te-no_0150.jpg,nt1038,notumor,notumor,1,0.996247,0,1,0.000243,0.003485,0.996247,0.000025
data_rand_fold0/Testing/notumor/Te-no_0170.jpg,nt1047,notumor,notumor,1,0.999989,0,1,0.000001,0.000010,0.999989,0.000001
data_rand_fold0/Testing/notumor/Te-no_0184.jpg,nt1054,notumor,notumor,1,0.999989,0,1,0.000004,0.000006,0.999989,0.000001
data_rand_fold0/Testing/notumor/Te-no_0185.jpg,nt585,notumor,notumor,1,0.999985,0,1,0.000004,0.000011,0.999985,0.000000
data_rand_fold0/Testing/notumor/Te-no_0190.jpg,nt1020,notumor,notumor,1,0.999894,0,1,0.000002,0.000103,0.999894,0.000001
data_rand_fold0/Testing/notumor/Te-no_0192.jpg,nt326,notumor,notumor,1,0.999996,0,1,0.000001,0.000003,0.999996,0.000000
data_rand_fold0/Testing/notumor/Te-no_0195.jpg,nt592,notumor,notumor,1,0.999999,0,1,0.000000,0.000001,0.999999,0.000000
data_rand_fold0/Testing/notumor/Te-no_0199.jpg,nt593,notumor,notumor,1,0.999597,0,1,0.000049,0.000239,0.999597,0.000115
data_rand_fold0/Testing/notumor/Te-no_0200.jpg,nt437,notumor,notumor,1,0.999886,0,1,0.000046,0.000059,0.999886,0.000010
data_rand_fold0/Testing/notumor/Te-no_0205.jpg,nt142,notumor,notumor,1,0.999865,0,1,0.000030,0.000086,0.999865,0.000018
data_rand_fold0/Testing/notumor/Te-no_0207.jpg,nt1058,notumor,notumor,1,0.999990,0,1,0.000000,0.000010,0.999990,0.000000
data_rand_fold0/Testing/notumor/Te-no_0208.jpg,nt820,notumor,notumor,1,0.999938,0,1,0.000002,0.000043,0.999938,0.000017
data_rand_fold0/Testing/notumor/Te-no_0210.jpg,nt1060,notumor,notumor,1,0.999861,0,1,0.000079,0.000052,0.999861,0.000007
data_rand_fold0/Testing/notumor/Te-no_0214.jpg,nt1062,notumor,notumor,1,0.999987,0,1,0.000001,0.000008,0.999987,0.000004
data_rand_fold0/Testing/notumor/Te-no_0220.jpg,nt237,notumor,notumor,1,0.999981,0,1,0.000001,0.000017,0.999981,0.000001
data_rand_fold0/Testing/notumor/Te-no_0222.jpg,nt1065,notumor,notumor,1,0.999566,0,1,0.000162,0.000180,0.999566,0.000091
data_rand_fold0/Testing/notumor/Te-no_0224.jpg,nt25,notumor,notumor,1,0.999878,0,1,0.000002,0.000120,0.999878,0.000000
data_rand_fold0/Testing/notumor/Te-no_0227.jpg,nt35,notumor,notumor,1,0.999810,0,1,0.000027,0.000152,0.999810,0.000011
data_rand_fold0/Testing/notumor/Te-no_0228.jpg,nt982,notumor,notumor,1,0.994292,0,1,0.000935,0.004378,0.994292,0.000395
data_rand_fold0/Testing/notumor/Te-no_0231.jpg,nt983,notumor,notumor,1,0.999948,0,1,0.000000,0.000051,0.999948,0.000001
data_rand_fold0/Testing/notumor/Te-no_0232.jpg,nt985,notumor,notumor,1,0.999971,0,1,0.000017,0.000011,0.999971,0.000001
data_rand_fold0/Testing/notumor/Te-no_0244.jpg,nt1067,notumor,notumor,1,0.999987,0,1,0.000000,0.000012,0.999987,0.000000
data_rand_fold0/Testing/notumor/Te-no_0246.jpg,nt1069,notumor,notumor,1,0.999936,0,1,0.000017,0.000044,0.999936,0.000003
data_rand_fold0/Testing/notumor/Te-no_0251.jpg,nt875,notumor,notumor,1,0.999956,0,1,0.000002,0.000042,0.999956,0.000000
data_rand_fold0/Testing/notumor/Te-no_0253.jpg,nt995,notumor,notumor,1,0.999992,0,1,0.000000,0.000006,0.999992,0.000001
data_rand_fold0/Testing/notumor/Te-no_0256.jpg,nt363,notumor,notumor,1,0.999910,0,1,0.000016,0.000056,0.999910,0.000018
data_rand_fold0/Testing/notumor/Te-no_0261.jpg,nt368,notumor,notumor,1,1.000000,0,1,0.000000,0.000000,1.000000,0.000000
data_rand_fold0/Testing/notumor/Te-no_0264.jpg,nt909,notumor,notumor,1,0.999998,0,1,0.000000,0.000002,0.999998,0.000000
data_rand_fold0/Testing/notumor/Te-no_0269.jpg,nt397,notumor,notumor,1,0.999812,0,1,0.000013,0.000166,0.999812,0.000009
data_rand_fold0/Testing/notumor/Te-no_0274.jpg,nt1085,notumor,notumor,1,0.999991,0,1,0.000001,0.000008,0.999991,0.000001
data_rand_fold0/Testing/notumor/Te-no_0280.jpg,nt1088,notumor,notumor,1,0.999833,0,1,0.000035,0.000128,0.999833,0.000004
data_rand_fold0/Testing/notumor/Te-no_0283.jpg,nt1090,notumor,notumor,1,0.999997,0,1,0.000001,0.000003,0.999997,0.000000
data_rand_fold0/Testing/notumor/Te-no_0286.jpg,nt1048,notumor,notumor,1,0.999816,0,1,0.000080,0.000099,0.999816,0.000006
data_rand_fold0/Testing/notumor/Te-no_0287.jpg,nt1049,notumor,notumor,1,0.999794,0,1,0.000013,0.000188,0.999794,0.000005
data_rand_fold0/Testing/notumor/Te-no_0290.jpg,nt425,notumor,notumor,1,0.999995,0,1,0.000001,0.000004,0.999995,0.000000
data_rand_fold0/Testing/notumor/Te-no_0291.jpg,nt428,notumor,notumor,1,0.999998,0,1,0.000000,0.000002,0.999998,0.000000
data_rand_fold0/Testing/notumor/Te-no_0301.jpg,nt137,notumor,notumor,1,0.999953,0,1,0.000006,0.000038,0.999953,0.000002
data_rand_fold0/Testing/notumor/Te-no_0309.jpg,nt813,notumor,notumor,1,0.999992,0,1,0.000000,0.000007,0.999992,0.000000
data_rand_fold0/Testing/notumor/Te-no_0322.jpg,nt392,notumor,notumor,1,0.999996,0,1,0.000001,0.000003,0.999996,0.000000
data_rand_fold0/Testing/notumor/Te-no_0338.jpg,nt330,notumor,notumor,1,0.999915,0,1,0.000001,0.000083,0.999915,0.000001
data_rand_fold0/Testing/notumor/Te-no_0341.jpg,nt1014,notumor,notumor,1,0.999976,0,1,0.000000,0.000023,0.999976,0.000000
data_rand_fold0/Testing/notumor/Te-no_0354.jpg,nt502,notumor,notumor,1,0.999981,0,1,0.000001,0.000016,0.999981,0.000002
data_rand_fold0/Testing/notumor/Te-no_0355.jpg,nt1067,notumor,notumor,1,0.999978,0,1,0.000001,0.000021,0.999978,0.000000
data_rand_fold0/Testing/notumor/Te-no_0360.jpg,nt615,notumor,notumor,1,0.999869,0,1,0.000074,0.000034,0.999869,0.000022
data_rand_fold0/Testing/notumor/Te-no_0368.jpg,nt1108,notumor,notumor,1,0.999851,0,1,0.000010,0.000132,0.999851,0.000007
data_rand_fold0/Testing/notumor/Te-no_0370.jpg,nt373,notumor,notumor,1,0.999967,0,1,0.000002,0.000030,0.999967,0.000002
data_rand_fold0/Testing/notumor/Te-no_0372.jpg,nt1109,notumor,notumor,1,0.999902,0,1,0.000003,0.000095,0.999902,0.000000
data_rand_fold0/Testing/notumor/Te-no_0373.jpg,nt367,notumor,notumor,1,0.999995,0,1,0.000000,0.000004,0.999995,0.000001
data_rand_fold0/Testing/notumor/Te-no_0377.jpg,nt888,notumor,notumor,1,0.999875,0,1,0.000024,0.000097,0.999875,0.000004
data_rand_fold0/Testing/notumor/Te-no_0379.jpg,nt1110,notumor,notumor,1,0.999937,0,1,0.000000,0.000062,0.999937,0.000002
data_rand_fold0/Testing/notumor/Te-no_0384.jpg,nt944,notumor,notumor,1,0.999954,0,1,0.000007,0.000036,0.999954,0.000002
data_rand_fold0/Testing/notumor/Te-no_0386.jpg,nt1030,notumor,notumor,1,0.999985,0,1,0.000003,0.000012,0.999985,0.000000
data_rand_fold0/Testing/notumor/Te-no_0392.jpg,nt1111,notumor,notumor,1,0.999984,0,1,0.000002,0.000014,0.999984,0.000001
data_rand_fold0/Testing/notumor/Tr-noTr_0001.jpg,nt1,notumor,notumor,1,0.594854,0,1,0.017166,0.385644,0.594854,0.002337
data_rand_fold0/Testing/notumor/Tr-no_0017.jpg,nt15,notumor,notumor,1,0.999964,0,1,0.000003,0.000032,0.999964,0.000001
data_rand_fold0/Testing/notumor/Tr-no_0026.jpg,nt23,notumor,notumor,1,0.999821,0,1,0.000005,0.000088,0.999821,0.000086
data_rand_fold0/Testing/notumor/Tr-no_0028.jpg,nt25,notumor,notumor,1,0.999911,0,1,0.000002,0.000087,0.999911,0.000000
data_rand_fold0/Testing/notumor/Tr-no_0031.jpg,nt27,notumor,notumor,1,0.998982,0,1,0.000064,0.000861,0.998982,0.000093
data_rand_fold0/Testing/notumor/Tr-no_0037.jpg,nt33,notumor,notumor,1,0.999997,0,1,0.000001,0.000002,0.999997,0.000000
data_rand_fold0/Testing/notumor/Tr-no_0042.jpg,nt38,notumor,notumor,1,0.999998,0,1,0.000001,0.000002,0.999998,0.000000
data_rand_fold0/Testing/notumor/Tr-no_0046.jpg,nt42,notumor,notumor,1,0.999946,0,1,0.000014,0.000036,0.999946,0.000005
data_rand_fold0/Testing/notumor/Tr-no_0052.jpg,nt48,notumor,notumor,1,0.997487,0,1,0.000165,0.002293,0.997487,0.000055
data_rand_fold0/Testing/notumor/Tr-no_0053.jpg,nt49,notumor,notumor,1,0.999983,0,1,0.000001,0.000015,0.999983,0.000000
data_rand_fold0/Testing/notumor/Tr-no_0062.jpg,nt58,notumor,notumor,1,0.996947,0,1,0.000550,0.001920,0.996947,0.000582
data_rand_fold0/Testing/notumor/Tr-no_0083.jpg,nt73,notumor,notumor,1,0.999969,0,1,0.000000,0.000030,0.999969,0.000000
data_rand_fold0/Testing/notumor/Tr-no_0089.jpg,nt79,notumor,notumor,1,0.999999,0,1,0.000000,0.000001,0.999999,0.000000
data_rand_fold0/Testing/notumor/Tr-no_0094.jpg,nt84,notumor,notumor,1,0.999763,0,1,0.000002,0.000232,0.999763,0.000003
data_rand_fold0/Testing/notumor/Tr-no_0095.jpg,nt85,notumor,notumor,1,0.998261,0,1,0.000006,0.001733,0.998261,0.000001
data_rand_fold0/Testing/notumor/Tr-no_0106.jpg,nt96,notumor,notumor,1,0.921346,0,1,0.016130,0.062391,0.921346,0.000133
data_rand_fold0/Testing/notumor/Tr-no_0112.jpg,nt102,notumor,notumor,1,0.999999,0,1,0.000000,0.000001,0.999999,0.000000
data_rand_fold0/Testing/notumor/Tr-no_0117.jpg,nt106,notumor,notumor,1,0.999851,0,1,0.000032,0.000113,0.999851,0.000005
data_rand_fold0/Testing/notumor/Tr-no_0139.jpg,nt120,notumor,notumor,1,0.997704,0,1,0.000135,0.002134,0.997704,0.000027
data_rand_fold0/Testing/notumor/Tr-no_0141.jpg,nt122,notumor,notumor,1,0.999996,0,1,0.000000,0.000004,0.999996,0.000000
data_rand_fold0/Testing/notumor/Tr-no_0150.jpg,nt129,notumor,notumor,1,0.999472,0,1,0.000137,0.000225,0.999472,0.000165
data_rand_fold0/Testing/notumor/Tr-no_0153.jpg,nt132,notumor,notumor,1,0.999989,0,1,0.000001,0.000009,0.999989,0.000000
data_rand_fold0/Testing/notumor/Tr-no_0157.jpg,nt136,notumor,notumor,1,0.999486,0,1,0.000012,0.000287,0.999486,0.000215
data_rand_fold0/Testing/notumor/Tr-no_0162.jpg,nt140,notumor,notumor,1,0.997759,0,1,0.000012,0.002223,0.997759,0.000006
data_rand_fold0/Testing/notumor/Tr-no_0179.jpg,nt156,notumor,notumor,1,0.999829,0,1,0.000004,0.000165,0.999829,0.000003
data_rand_fold0/Testing/notumor/Tr-no_0185.jpg,nt99,notumor,notumor,1,0.999973,0,1,0.000001,0.000026,0.999973,0.000000
data_rand_fold0/Testing/notumor/Tr-no_0190.jpg,nt161,notumor,notumor,1,0.991178,0,1,0.000008,0.008814,0.991178,0.000001
data_rand_fold0/Testing/notumor/Tr-no_0194.jpg,nt165,notumor,notumor,1,0.999782,0,1,0.000138,0.000071,0.999782,0.000009
data_rand_fold0/Testing/notumor/Tr-no_0197.jpg,nt168,notumor,notumor,1,0.999963,0,1,0.000011,0.000022,0.999963,0.000005
data_rand_fold0/Testing/notumor/Tr-no_0203.jpg,nt173,notumor,notumor,1,0.999954,0,1,0.000006,0.000037,0.999954,0.000002
data_rand_fold0/Testing/notumor/Tr-no_0205.jpg,nt175,notumor,notumor,1,0.999960,0,1,0.000001,0.000038,0.999960,0.000002
data_rand_fold0/Testing/notumor/Tr-no_0208.jpg,nt178,notumor,notumor,1,0.999740,0,1,0.000015,0.000237,0.999740,0.000009
data_rand_fold0/Testing/notumor/Tr-no_0210.jpg,nt180,notumor,notumor,1,0.989913,0,1,0.000233,0.009665,0.989913,0.000188
data_rand_fold0/Testing/notumor/Tr-no_0211.jpg,nt181,notumor,notumor,1,0.999938,0,1,0.000001,0.000059,0.999938,0.000002
data_rand_fold0/Testing/notumor/Tr-no_0214.jpg,nt183,notumor,notumor,1,0.979029,0,1,0.006173,0.014772,0.979029,0.000026
data_rand_fold0/Testing/notumor/Tr-no_0215.jpg,nt184,notumor,notumor,1,0.999521,0,1,0.000004,0.000469,0.999521,0.000005
data_rand_fold0/Testing/notumor/Tr-no_0226.jpg,nt191,notumor,notumor,1,0.999996,0,1,0.000000,0.000004,0.999996,0.000000
data_rand_fold0/Testing/notumor/Tr-no_0238.jpg,nt199,notumor,notumor,1,0.999692,0,1,0.000122,0.000181,0.999692,0.000005
data_rand_fold0/Testing/notumor/Tr-no_0243.jpg,nt20,notumor,notumor,1,0.833718,0,1,0.002797,0.163461,0.833718,0.000023
data_rand_fold0/Testing/notumor/Tr-no_0244.jpg,nt202,notumor,notumor,1,0.999890,0,1,0.000025,0.000071,0.999890,0.000013
data_rand_fold0/Testing/notumor/Tr-no_0245.jpg,nt203,notumor,notumor,1,0.999957,0,1,0.000004,0.000038,0.999957,0.000001
data_rand_fold0/Testing/notumor/Tr-no_0248.jpg,nt206,notumor,notumor,1,0.999864,0,1,0.000003,0.000123,0.999864,0.000010
data_rand_fold0/Testing/notumor/Tr-no_0250.jpg,nt208,notumor,notumor,1,0.999935,0,1,0.000000,0.000061,0.999935,0.000004
data_rand_fold0/Testing/notumor/Tr-no_0252.jpg,nt210,notumor,notumor,1,0.998749,0,1,0.000302,0.000810,0.998749,0.000139
data_rand_fold0/Testing/notumor/Tr-no_0256.jpg,nt214,notumor,notumor,1,0.966934,0,1,0.025104,0.007917,0.966934,0.000044
data_rand_fold0/Testing/notumor/Tr-no_0264.jpg,nt221,notumor,notumor,1,0.999908,0,1,0.000020,0.000036,0.999908,0.000036
data_rand_fold0/Testing/notumor/Tr-no_0274.jpg,nt228,notumor,notumor,1,0.999520,0,1,0.000212,0.000261,0.999520,0.000007
data_rand_fold0/Testing/notumor/Tr-no_0292.jpg,nt242,notumor,notumor,1,0.999972,0,1,0.000002,0.000023,0.999972,0.000002
data_rand_fold0/Testing/notumor/Tr-no_0296.jpg,nt245,notumor,notumor,1,0.999955,0,1,0.000000,0.000043,0.999955,0.000001
data_rand_fold0/Testing/notumor/Tr-no_0302.jpg,nt250,notumor,notumor,1,0.997667,0,1,0.000892,0.001309,0.997667,0.000132
data_rand_fold0/Testing/notumor/Tr-no_0311.jpg,nt259,notumor,notumor,1,0.998868,0,1,0.000001,0.001121,0.998868,0.000010
data_rand_fold0/Testing/notumor/Tr-no_0313.jpg,nt261,notumor,notumor,1,0.998048,0,1,0.000004,0.001460,0.998048,0.000488
data_rand_fold0/Testing/notumor/Tr-no_0317.jpg,nt264,notumor,notumor,1,0.996476,0,1,0.000087,0.003400,0.996476,0.000037
data_rand_fold0/Testing/notumor/Tr-no_0320.jpg,nt267,notumor,notumor,1,0.995015,0,1,0.000511,0.004470,0.995015,0.000004
data_rand_fold0/Testing/notumor/Tr-no_0327.jpg,nt172,notumor,notumor,1,0.999971,0,1,0.000002,0.000025,0.999971,0.000002
data_rand_fold0/Testing/notumor/Tr-no_0328.jpg,nt271,notumor,notumor,1,0.999910,0,1,0.000000,0.000086,0.999910,0.000005
data_rand_fold0/Testing/notumor/Tr-no_0329.jpg,nt272,notumor,notumor,1,0.999986,0,1,0.000000,0.000014,0.999986,0.000000
data_rand_fold0/Testing/notumor/Tr-no_0356.jpg,nt284,notumor,notumor,1,0.908531,0,1,0.007103,0.083650,0.908531,0.000716
data_rand_fold0/Testing/notumor/Tr-no_0359.jpg,nt287,notumor,notumor,1,0.955657,0,1,0.015019,0.026036,0.955657,0.003288
data_rand_fold0/Testing/notumor/Tr-no_0361.jpg,nt289,notumor,meningioma,0,0.773660,0,1,0.075296,0.773660,0.150685,0.000360
data_rand_fold0/Testing/notumor/Tr-no_0363.jpg,nt290,notumor,notumor,1,0.999712,0,1,0.000024,0.000185,0.999712,0.000080
data_rand_fold0/Testing/notumor/Tr-no_0377.jpg,nt293,notumor,notumor,1,0.999840,0,1,0.000000,0.000150,0.999840,0.000010
data_rand_fold0/Testing/notumor/Tr-no_0392.jpg,nt308,notumor,notumor,1,0.981596,0,1,0.000086,0.018055,0.981596,0.000262
data_rand_fold0/Testing/notumor/Tr-no_0400.jpg,nt315,notumor,notumor,1,0.999949,0,1,0.000006,0.000023,0.999949,0.000021
data_rand_fold0/Testing/notumor/Tr-no_0401.jpg,nt316,notumor,notumor,1,0.999871,0,1,0.000005,0.000032,0.999871,0.000093
data_rand_fold0/Testing/notumor/Tr-no_0408.jpg,nt323,notumor,notumor,1,0.999245,0,1,0.000156,0.000563,0.999245,0.000035
data_rand_fold0/Testing/notumor/Tr-no_0410.jpg,nt325,notumor,notumor,1,0.999961,0,1,0.000002,0.000033,0.999961,0.000004
data_rand_fold0/Testing/notumor/Tr-no_0428.jpg,nt342,notumor,notumor,1,0.999985,0,1,0.000001,0.000013,0.999985,0.000001
data_rand_fold0/Testing/notumor/Tr-no_0429.jpg,nt343,notumor,notumor,1,0.999988,0,1,0.000000,0.000009,0.999988,0.000003
data_rand_fold0/Testing/notumor/Tr-no_0432.jpg,nt346,notumor,notumor,1,0.999299,0,1,0.000020,0.000678,0.999299,0.000003
data_rand_fold0/Testing/notumor/Tr-no_0445.jpg,nt359,notumor,notumor,1,0.999970,0,1,0.000004,0.000021,0.999970,0.000005
data_rand_fold0/Testing/notumor/Tr-no_0450.jpg,nt364,notumor,notumor,1,0.999975,0,1,0.000003,0.000020,0.999975,0.000003
data_rand_fold0/Testing/notumor/Tr-no_0452.jpg,nt366,notumor,notumor,1,0.999993,0,1,0.000000,0.000007,0.999993,0.000000
data_rand_fold0/Testing/notumor/Tr-no_0461.jpg,nt375,notumor,notumor,1,0.999977,0,1,0.000001,0.000021,0.999977,0.000001
data_rand_fold0/Testing/notumor/Tr-no_0465.jpg,nt379,notumor,notumor,1,0.886482,0,1,0.003814,0.108584,0.886482,0.001120
data_rand_fold0/Testing/notumor/Tr-no_0467.jpg,nt381,notumor,notumor,1,0.999952,0,1,0.000000,0.000047,0.999952,0.000001
data_rand_fold0/Testing/notumor/Tr-no_0472.jpg,nt386,notumor,notumor,1,0.999580,0,1,0.000021,0.000395,0.999580,0.000004
data_rand_fold0/Testing/notumor/Tr-no_0473.jpg,nt387,notumor,notumor,1,0.999998,0,1,0.000000,0.000002,0.999998,0.000000
data_rand_fold0/Testing/notumor/Tr-no_0474.jpg,nt388,notumor,notumor,1,0.999973,0,1,0.000000,0.000026,0.999973,0.000001
data_rand_fold0/Testing/notumor/Tr-no_0475.jpg,nt389,notumor,notumor,1,0.999992,0,1,0.000000,0.000008,0.999992,0.000000
data_rand_fold0/Testing/notumor/Tr-no_0484.jpg,nt398,notumor,notumor,1,0.999984,0,1,0.000001,0.000015,0.999984,0.000000
data_rand_fold0/Testing/notumor/Tr-no_0507.jpg,nt421,notumor,notumor,1,0.999852,0,1,0.000004,0.000143,0.999852,0.000001
data_rand_fold0/Testing/notumor/Tr-no_0509.jpg,nt423,notumor,notumor,1,0.999972,0,1,0.000005,0.000022,0.999972,0.000001
data_rand_fold0/Testing/notumor/Tr-no_0514.jpg,nt428,notumor,notumor,1,0.999998,0,1,0.000000,0.000001,0.999998,0.000000
data_rand_fold0/Testing/notumor/Tr-no_0515.jpg,nt429,notumor,notumor,1,0.998956,0,1,0.000058,0.000195,0.998956,0.000791
data_rand_fold0/Testing/notumor/Tr-no_0525.jpg,nt439,notumor,notumor,1,0.999980,0,1,0.000000,0.000020,0.999980,0.000000
data_rand_fold0/Testing/notumor/Tr-no_0528.jpg,nt441,notumor,notumor,1,0.999927,0,1,0.000009,0.000047,0.999927,0.000017
data_rand_fold0/Testing/notumor/Tr-no_0529.jpg,nt442,notumor,notumor,1,0.999962,0,1,0.000011,0.000025,0.999962,0.000002
data_rand_fold0/Testing/notumor/Tr-no_0530.jpg,nt443,notumor,notumor,1,0.999977,0,1,0.000004,0.000018,0.999977,0.000002
data_rand_fold0/Testing/notumor/Tr-no_0538.jpg,nt450,notumor,notumor,1,0.999549,0,1,0.000022,0.000409,0.999549,0.000020
data_rand_fold0/Testing/notumor/Tr-no_0539.jpg,nt451,notumor,notumor,1,0.999887,0,1,0.000020,0.000085,0.999887,0.000009
data_rand_fold0/Testing/notumor/Tr-no_0543.jpg,nt452,notumor,notumor,1,0.999996,0,1,0.000000,0.000003,0.999996,0.000001
data_rand_fold0/Testing/notumor/Tr-no_0545.jpg,nt132,notumor,notumor,1,0.999994,0,1,0.000001,0.000005,0.999994,0.000000
data_rand_fold0/Testing/notumor/Tr-no_0546.jpg,nt409,notumor,notumor,1,0.994440,0,1,0.000047,0.005463,0.994440,0.000049
data_rand_fold0/Testing/notumor/Tr-no_0551.jpg,nt455,notumor,notumor,1,0.999991,0,1,0.000000,0.000008,0.999991,0.000000
data_rand_fold0/Testing/notumor/Tr-no_0553.jpg,nt457,notumor,notumor,1,0.999079,0,1,0.000034,0.000865,0.999079,0.000023
data_rand_fold0/Testing/notumor/Tr-no_0572.jpg,nt5,notumor,notumor,1,0.999999,0,1,0.000000,0.000001,0.999999,0.000000
data_rand_fold0/Testing/notumor/Tr-no_0576.jpg,nt475,notumor,notumor,1,0.999895,0,1,0.000007,0.000092,0.999895,0.000006
data_rand_fold0/Testing/notumor/Tr-no_0581.jpg,nt478,notumor,notumor,1,0.999999,0,1,0.000000,0.000001,0.999999,0.000000
data_rand_fold0/Testing/notumor/Tr-no_0582.jpg,nt479,notumor,notumor,1,1.000000,0,1,0.000000,0.000001,1.000000,0.000000
data_rand_fold0/Testing/notumor/Tr-no_0613.jpg,nt508,notumor,notumor,1,0.997580,0,1,0.000094,0.002288,0.997580,0.000038
data_rand_fold0/Testing/notumor/Tr-no_0617.jpg,nt512,notumor,notumor,1,0.999977,0,1,0.000000,0.000023,0.999977,0.000000
data_rand_fold0/Testing/notumor/Tr-no_0622.jpg,nt517,notumor,notumor,1,0.999999,0,1,0.000000,0.000001,0.999999,0.000000
data_rand_fold0/Testing/notumor/Tr-no_0629.jpg,nt523,notumor,notumor,1,0.999956,0,1,0.000006,0.000037,0.999956,0.000001
data_rand_fold0/Testing/notumor/Tr-no_0631.jpg,nt525,notumor,notumor,1,0.999995,0,1,0.000000,0.000005,0.999995,0.000000
data_rand_fold0/Testing/notumor/Tr-no_0632.jpg,nt366,notumor,notumor,1,0.999996,0,1,0.000000,0.000004,0.999996,0.000000
data_rand_fold0/Testing/notumor/Tr-no_0635.jpg,nt527,notumor,notumor,1,0.998823,0,1,0.000112,0.001055,0.998823,0.000010
data_rand_fold0/Testing/notumor/Tr-no_0637.jpg,nt529,notumor,notumor,1,0.999964,0,1,0.000002,0.000030,0.999964,0.000004
data_rand_fold0/Testing/notumor/Tr-no_0656.jpg,nt545,notumor,notumor,1,0.999999,0,1,0.000000,0.000001,0.999999,0.000000
data_rand_fold0/Testing/notumor/Tr-no_0657.jpg,nt320,notumor,notumor,1,1.000000,0,1,0.000000,0.000000,1.000000,0.000000
data_rand_fold0/Testing/notumor/Tr-no_0675.jpg,nt420,notumor,notumor,1,0.999983,0,1,0.000001,0.000014,0.999983,0.000002
data_rand_fold0/Testing/notumor/Tr-no_0684.jpg,nt568,notumor,notumor,1,0.999872,0,1,0.000080,0.000044,0.999872,0.000004
data_rand_fold0/Testing/notumor/Tr-no_0685.jpg,nt569,notumor,notumor,1,0.999809,0,1,0.000053,0.000114,0.999809,0.000024
data_rand_fold0/Testing/notumor/Tr-no_0700.jpg,nt131,notumor,notumor,1,0.999987,0,1,0.000000,0.000013,0.999987,0.000000
data_rand_fold0/Testing/notumor/Tr-no_0706.jpg,nt157,notumor,notumor,1,0.999999,0,1,0.000000,0.000001,0.999999,0.000000
data_rand_fold0/Testing/notumor/Tr-no_0708.jpg,nt21,notumor,notumor,1,0.981675,0,1,0.002840,0.014043,0.981675,0.001443
data_rand_fold0/Testing/notumor/Tr-no_0711.jpg,nt583,notumor,notumor,1,0.999753,0,1,0.000065,0.000162,0.999753,0.000020
data_rand_fold0/Testing/notumor/Tr-no_0715.jpg,nt586,notumor,notumor,1,0.999842,0,1,0.000003,0.000152,0.999842,0.000002
data_rand_fold0/Testing/notumor/Tr-no_0717.jpg,nt140,notumor,notumor,1,0.998719,0,1,0.000008,0.001269,0.998719,0.000005
data_rand_fold0/Testing/notumor/Tr-no_0721.jpg,nt441,notumor,notumor,1,0.999882,0,1,0.000013,0.000082,0.999882,0.000023
data_rand_fold0/Testing/notumor/Tr-no_0722.jpg,nt339,notumor,notumor,1,0.999926,0,1,0.000001,0.000066,0.999926,0.000006
data_rand_fold0/Testing/notumor/Tr-no_0724.jpg,nt591,notumor,notumor,1,0.999995,0,1,0.000001,0.000003,0.999995,0.000000
data_rand_fold0/Testing/notumor/Tr-no_0725.jpg,nt592,notumor,notumor,1,0.999999,0,1,0.000000,0.000001,0.999999,0.000000
data_rand_fold0/Testing/notumor/Tr-no_0728.jpg,nt406,notumor,notumor,1,0.999996,0,1,0.000000,0.000004,0.999996,0.000000
data_rand_fold0/Testing/notumor/Tr-no_0737.jpg,nt600,notumor,notumor,1,0.999888,0,1,0.000020,0.000039,0.999888,0.000053
data_rand_fold0/Testing/notumor/Tr-no_0742.jpg,nt604,notumor,notumor,1,0.999980,0,1,0.000013,0.000006,0.999980,0.000000
data_rand_fold0/Testing/notumor/Tr-no_0745.jpg,nt607,notumor,notumor,1,0.999998,0,1,0.000000,0.000002,0.999998,0.000000
data_rand_fold0/Testing/notumor/Tr-no_0751.jpg,nt613,notumor,notumor,1,0.999743,0,1,0.000160,0.000058,0.999743,0.000039
data_rand_fold0/Testing/notumor/Tr-no_0754.jpg,nt615,notumor,notumor,1,0.999885,0,1,0.000071,0.000027,0.999885,0.000018
data_rand_fold0/Testing/notumor/Tr-no_0761.jpg,nt622,notumor,notumor,1,0.999929,0,1,0.000040,0.000022,0.999929,0.000009
data_rand_fold0/Testing/notumor/Tr-no_0763.jpg,nt624,notumor,notumor,1,0.999967,0,1,0.000001,0.000031,0.999967,0.000002
data_rand_fold0/Testing/notumor/Tr-no_0765.jpg,nt494,notumor,notumor,1,0.999981,0,1,0.000000,0.000018,0.999981,0.000000
data_rand_fold0/Testing/notumor/Tr-no_0766.jpg,nt143,notumor,notumor,1,0.999977,0,1,0.000000,0.000022,0.999977,0.000001
data_rand_fold0/Testing/notumor/Tr-no_0771.jpg,nt630,notumor,notumor,1,0.999999,0,1,0.000000,0.000001,0.999999,0.000000
data_rand_fold0/Testing/notumor/Tr-no_0774.jpg,nt633,notumor,notumor,1,0.999998,0,1,0.000000,0.000002,0.999998,0.000000
data_rand_fold0/Testing/notumor/Tr-no_0777.jpg,nt636,notumor,notumor,1,0.999960,0,1,0.000000,0.000040,0.999960,0.000000
data_rand_fold0/Testing/notumor/Tr-no_0781.jpg,nt639,notumor,notumor,1,0.999933,0,1,0.000005,0.000059,0.999933,0.000003
data_rand_fold0/Testing/notumor/Tr-no_0785.jpg,nt643,notumor,notumor,1,0.999992,0,1,0.000001,0.000002,0.999992,0.000005
data_rand_fold0/Testing/notumor/Tr-no_0786.jpg,nt644,notumor,notumor,1,0.999734,0,1,0.000007,0.000247,0.999734,0.000012
data_rand_fold0/Testing/notumor/Tr-no_0802.jpg,nt658,notumor,notumor,1,0.999794,0,1,0.000019,0.000169,0.999794,0.000018
data_rand_fold0/Testing/notumor/Tr-no_0804.jpg,nt659,notumor,notumor,1,0.999959,0,1,0.000006,0.000032,0.999959,0.000003
data_rand_fold0/Testing/notumor/Tr-no_0811.jpg,nt666,notumor,notumor,1,0.999988,0,1,0.000003,0.000008,0.999988,0.000001
data_rand_fold0/Testing/notumor/Tr-no_0812.jpg,nt667,notumor,notumor,1,0.999935,0,1,0.000016,0.000025,0.999935,0.000023
data_rand_fold0/Testing/notumor/Tr-no_0817.jpg,nt671,notumor,notumor,1,0.999997,0,1,0.000001,0.000002,0.999997,0.000000
data_rand_fold0/Testing/notumor/Tr-no_0818.jpg,nt672,notumor,notumor,1,0.999999,0,1,0.000000,0.000000,0.999999,0.000000
data_rand_fold0/Testing/notumor/Tr-no_0822.jpg,nt676,notumor,notumor,1,0.999999,0,1,0.000000,0.000001,0.999999,0.000000
data_rand_fold0/Testing/notumor/Tr-no_0827.jpg,nt681,notumor,notumor,1,0.999998,0,1,0.000000,0.000001,0.999998,0.000000
data_rand_fold0/Testing/notumor/Tr-no_0835.jpg,nt688,notumor,notumor,1,0.999939,0,1,0.000006,0.000051,0.999939,0.000005
data_rand_fold0/Testing/notumor/Tr-no_0839.jpg,nt692,notumor,notumor,1,0.999998,0,1,0.000000,0.000002,0.999998,0.000000
data_rand_fold0/Testing/notumor/Tr-no_0841.jpg,nt693,notumor,notumor,1,0.999994,0,1,0.000004,0.000003,0.999994,0.000000
data_rand_fold0/Testing/notumor/Tr-no_0845.jpg,nt697,notumor,notumor,1,0.999995,0,1,0.000000,0.000004,0.999995,0.000000
data_rand_fold0/Testing/notumor/Tr-no_0851.jpg,nt703,notumor,notumor,1,0.999989,0,1,0.000001,0.000010,0.999989,0.000000
data_rand_fold0/Testing/notumor/Tr-no_0852.jpg,nt704,notumor,notumor,1,0.999889,0,1,0.000004,0.000049,0.999889,0.000058
data_rand_fold0/Testing/notumor/Tr-no_0855.jpg,nt707,notumor,notumor,1,0.999999,0,1,0.000000,0.000000,0.999999,0.000000
data_rand_fold0/Testing/notumor/Tr-no_0857.jpg,nt709,notumor,notumor,1,0.999990,0,1,0.000001,0.000006,0.999990,0.000003
data_rand_fold0/Testing/notumor/Tr-no_0867.jpg,nt718,notumor,notumor,1,0.999999,0,1,0.000000,0.000001,0.999999,0.000000
data_rand_fold0/Testing/notumor/Tr-no_0870.jpg,nt721,notumor,notumor,1,0.999998,0,1,0.000000,0.000001,0.999998,0.000000
data_rand_fold0/Testing/notumor/Tr-no_0872.jpg,nt723,notumor,notumor,1,0.999996,0,1,0.000001,0.000003,0.999996,0.000000
data_rand_fold0/Testing/notumor/Tr-no_0886.jpg,nt735,notumor,notumor,1,0.999971,0,1,0.000018,0.000010,0.999971,0.000001
data_rand_fold0/Testing/notumor/Tr-no_0889.jpg,nt155,notumor,notumor,1,0.999677,0,1,0.000046,0.000276,0.999677,0.000002
data_rand_fold0/Testing/notumor/Tr-no_0893.jpg,nt740,notumor,notumor,1,0.999951,0,1,0.000013,0.000027,0.999951,0.000009
data_rand_fold0/Testing/notumor/Tr-no_0904.jpg,nt749,notumor,notumor,1,0.999990,0,1,0.000004,0.000005,0.999990,0.000001
data_rand_fold0/Testing/notumor/Tr-no_0925.jpg,nt768,notumor,notumor,1,0.999920,0,1,0.000003,0.000075,0.999920,0.000001
data_rand_fold0/Testing/notumor/Tr-no_0940.jpg,nt780,notumor,notumor,1,0.999998,0,1,0.000000,0.000002,0.999998,0.000000
data_rand_fold0/Testing/notumor/Tr-no_0945.jpg,nt784,notumor,notumor,1,0.999987,0,1,0.000004,0.000008,0.999987,0.000001
data_rand_fold0/Testing/notumor/Tr-no_0950.jpg,nt789,notumor,notumor,1,0.999919,0,1,0.000023,0.000019,0.999919,0.000039
data_rand_fold0/Testing/notumor/Tr-no_0955.jpg,nt793,notumor,notumor,1,0.999957,0,1,0.000011,0.000013,0.999957,0.000019
data_rand_fold0/Testing/notumor/Tr-no_0958.jpg,nt796,notumor,notumor,1,0.999977,0,1,0.000002,0.000007,0.999977,0.000014
data_rand_fold0/Testing/notumor/Tr-no_0960.jpg,nt704,notumor,notumor,1,0.999808,0,1,0.000007,0.000106,0.999808,0.000079
data_rand_fold0/Testing/notumor/Tr-no_0975.jpg,nt466,notumor,notumor,1,0.999993,0,1,0.000000,0.000007,0.999993,0.000000
data_rand_fold0/Testing/notumor/Tr-no_1004.jpg,nt237,notumor,notumor,1,0.999984,0,1,0.000001,0.000014,0.999984,0.000001
data_rand_fold0/Testing/notumor/Tr-no_1005.jpg,nt805,notumor,notumor,1,0.999999,0,1,0.000000,0.000000,0.999999,0.000000
data_rand_fold0/Testing/notumor/Tr-no_1006.jpg,nt18,notumor,notumor,1,0.999136,0,1,0.000393,0.000373,0.999136,0.000098
data_rand_fold0/Testing/notumor/Tr-no_1013.jpg,nt125,notumor,notumor,1,0.999920,0,1,0.000013,0.000058,0.999920,0.000008
data_rand_fold0/Testing/notumor/Tr-no_1024.jpg,nt808,notumor,notumor,1,0.999991,0,1,0.000005,0.000004,0.999991,0.000000
data_rand_fold0/Testing/notumor/Tr-no_1031.jpg,nt12,notumor,notumor,1,0.999386,0,1,0.000132,0.000457,0.999386,0.000026
data_rand_fold0/Testing/notumor/Tr-no_1037.jpg,nt310,notumor,notumor,1,0.999999,0,1,0.000000,0.000001,0.999999,0.000000
data_rand_fold0/Testing/notumor/Tr-no_1044.jpg,nt170,notumor,notumor,1,0.999975,0,1,0.000002,0.000014,0.999975,0.000009
data_rand_fold0/Testing/notumor/Tr-no_1049.jpg,nt814,notumor,notumor,1,0.999803,0,1,0.000003,0.000193,0.999803,0.000001
data_rand_fold0/Testing/notumor/Tr-no_1132.jpg,nt822,notumor,notumor,1,0.999585,0,1,0.000056,0.000283,0.999585,0.000076
data_rand_fold0/Testing/notumor/Tr-no_1134.jpg,nt458,notumor,notumor,1,0.999997,0,1,0.000000,0.000002,0.999997,0.000000
data_rand_fold0/Testing/notumor/Tr-no_1143.jpg,nt823,notumor,notumor,1,0.999998,0,1,0.000000,0.000002,0.999998,0.000000
data_rand_fold0/Testing/notumor/Tr-no_1145.jpg,nt459,notumor,notumor,1,0.999969,0,1,0.000003,0.000026,0.999969,0.000003
data_rand_fold0/Testing/notumor/Tr-no_1148.jpg,nt804,notumor,notumor,1,0.999698,0,1,0.000011,0.000289,0.999698,0.000002
data_rand_fold0/Testing/notumor/Tr-no_1154.jpg,nt345,notumor,notumor,1,0.999916,0,1,0.000010,0.000050,0.999916,0.000024
data_rand_fold0/Testing/notumor/Tr-no_1160.jpg,nt168,notumor,notumor,1,0.999968,0,1,0.000007,0.000020,0.999968,0.000004
data_rand_fold0/Testing/notumor/Tr-no_1172.jpg,nt232,notumor,notumor,1,0.999908,0,1,0.000062,0.000028,0.999908,0.000002
data_rand_fold0/Testing/notumor/Tr-no_1185.jpg,nt792,notumor,notumor,1,0.999329,0,1,0.000274,0.000385,0.999329,0.000012
data_rand_fold0/Testing/notumor/Tr-no_1187.jpg,nt350,notumor,notumor,1,0.999563,0,1,0.000140,0.000289,0.999563,0.000009
data_rand_fold0/Testing/notumor/Tr-no_1201.jpg,nt35,notumor,notumor,1,0.999839,0,1,0.000020,0.000131,0.999839,0.000010
data_rand_fold0/Testing/notumor/Tr-no_1204.jpg,nt548,notumor,notumor,1,0.999980,0,1,0.000000,0.000019,0.999980,0.000000
data_rand_fold0/Testing/notumor/Tr-no_1205.jpg,nt552,notumor,notumor,1,0.999999,0,1,0.000000,0.000001,0.999999,0.000000
data_rand_fold0/Testing/notumor/Tr-no_1207.jpg,nt828,notumor,notumor,1,0.999698,0,1,0.000001,0.000301,0.999698,0.000000
data_rand_fold0/Testing/notumor/Tr-no_1209.jpg,nt829,notumor,notumor,1,0.999983,0,1,0.000000,0.000014,0.999983,0.000003
data_rand_fold0/Testing/notumor/Tr-no_1211.jpg,nt830,notumor,notumor,1,0.999348,0,1,0.000023,0.000627,0.999348,0.000002
data_rand_fold0/Testing/notumor/Tr-no_1212.jpg,nt831,notumor,notumor,1,1.000000,0,1,0.000000,0.000000,1.000000,0.000000
data_rand_fold0/Testing/notumor/Tr-no_1213.jpg,nt832,notumor,notumor,1,0.999974,0,1,0.000002,0.000022,0.999974,0.000002
data_rand_fold0/Testing/notumor/Tr-no_1221.jpg,nt835,notumor,notumor,1,0.999900,0,1,0.000005,0.000092,0.999900,0.000002
data_rand_fold0/Testing/notumor/Tr-no_1227.jpg,nt539,notumor,notumor,1,0.999958,0,1,0.000002,0.000039,0.999958,0.000001
data_rand_fold0/Testing/notumor/Tr-no_1237.jpg,nt400,notumor,notumor,1,0.999992,0,1,0.000000,0.000007,0.999992,0.000000
data_rand_fold0/Testing/notumor/Tr-no_1241.jpg,nt402,notumor,notumor,1,0.999977,0,1,0.000000,0.000022,0.999977,0.000001
data_rand_fold0/Testing/notumor/Tr-no_1244.jpg,nt847,notumor,notumor,1,0.999856,0,1,0.000018,0.000124,0.999856,0.000002
data_rand_fold0/Testing/notumor/Tr-no_1246.jpg,nt479,notumor,notumor,1,1.000000,0,1,0.000000,0.000000,1.000000,0.000000
data_rand_fold0/Testing/notumor/Tr-no_1247.jpg,nt848,notumor,notumor,1,0.999910,0,1,0.000022,0.000066,0.999910,0.000002
data_rand_fold0/Testing/notumor/Tr-no_1260.jpg,nt855,notumor,notumor,1,0.999993,0,1,0.000000,0.000007,0.999993,0.000000
data_rand_fold0/Testing/notumor/Tr-no_1263.jpg,nt418,notumor,notumor,1,0.999874,0,1,0.000003,0.000115,0.999874,0.000008
data_rand_fold0/Testing/notumor/Tr-no_1273.jpg,nt863,notumor,notumor,1,1.000000,0,1,0.000000,0.000000,1.000000,0.000000
data_rand_fold0/Testing/notumor/Tr-no_1285.jpg,nt872,notumor,notumor,1,0.999998,0,1,0.000000,0.000002,0.999998,0.000000
data_rand_fold0/Testing/notumor/Tr-no_1289.jpg,nt875,notumor,notumor,1,0.999966,0,1,0.000001,0.000032,0.999966,0.000000
data_rand_fold0/Testing/notumor/Tr-no_1292.jpg,nt877,notumor,notumor,1,0.999996,0,1,0.000001,0.000003,0.999996,0.000000
data_rand_fold0/Testing/notumor/Tr-no_1294.jpg,nt879,notumor,notumor,1,0.999961,0,1,0.000003,0.000036,0.999961,0.000000
data_rand_fold0/Testing/notumor/Tr-no_1298.jpg,nt883,notumor,notumor,1,0.999903,0,1,0.000056,0.000012,0.999903,0.000028
data_rand_fold0/Testing/notumor/Tr-no_1304.jpg,nt375,notumor,notumor,1,0.999994,0,1,0.000000,0.000005,0.999994,0.000000
data_rand_fold0/Testing/notumor/Tr-no_1305.jpg,nt886,notumor,notumor,1,0.999991,0,1,0.000000,0.000008,0.999991,0.000001
data_rand_fold0/Testing/notumor/Tr-no_1307.jpg,nt887,notumor,notumor,1,0.999997,0,1,0.000000,0.000003,0.999997,0.000000
data_rand_fold0/Testing/notumor/Tr-no_1313.jpg,nt891,notumor,notumor,1,0.999999,0,1,0.000001,0.000001,0.999999,0.000000
data_rand_fold0/Testing/notumor/Tr-no_1317.jpg,nt382,notumor,notumor,1,0.999994,0,1,0.000000,0.000006,0.999994,0.000000
data_rand_fold0/Testing/notumor/Tr-no_1321.jpg,nt898,notumor,notumor,1,0.999998,0,1,0.000001,0.000001,0.999998,0.000000
data_rand_fold0/Testing/notumor/Tr-no_1324.jpg,nt901,notumor,notumor,1,0.999968,0,1,0.000001,0.000030,0.999968,0.000000
data_rand_fold0/Testing/notumor/Tr-no_1327.jpg,nt902,notumor,notumor,1,0.999822,0,1,0.000017,0.000157,0.999822,0.000004
data_rand_fold0/Testing/notumor/Tr-no_1328.jpg,nt903,notumor,notumor,1,0.999983,0,1,0.000000,0.000017,0.999983,0.000000
data_rand_fold0/Testing/notumor/Tr-no_1329.jpg,nt904,notumor,notumor,1,0.999946,0,1,0.000002,0.000048,0.999946,0.000004
data_rand_fold0/Testing/notumor/Tr-no_1334.jpg,nt388,notumor,notumor,1,0.999973,0,1,0.000001,0.000025,0.999973,0.000001
data_rand_fold0/Testing/notumor/Tr-no_1339.jpg,nt531,notumor,notumor,1,0.999987,0,1,0.000001,0.000012,0.999987,0.000000
data_rand_fold0/Testing/notumor/Tr-no_1340.jpg,nt532,notumor,notumor,1,1.000000,0,1,0.000000,0.000000,1.000000,0.000000
data_rand_fold0/Testing/notumor/Tr-no_1342.jpg,nt809,notumor,notumor,1,0.999986,0,1,0.000001,0.000013,0.999986,0.000000
data_rand_fold0/Testing/notumor/Tr-no_1343.jpg,nt484,notumor,notumor,1,0.999626,0,1,0.000043,0.000302,0.999626,0.000029
data_rand_fold0/Testing/notumor/Tr-no_1350.jpg,nt915,notumor,notumor,1,0.999988,0,1,0.000001,0.000010,0.999988,0.000000
data_rand_fold0/Testing/notumor/Tr-no_1352.jpg,nt916,notumor,notumor,1,0.999998,0,1,0.000000,0.000002,0.999998,0.000000
data_rand_fold0/Testing/notumor/Tr-no_1358.jpg,nt922,notumor,notumor,1,0.999839,0,1,0.000008,0.000151,0.999839,0.000002
data_rand_fold0/Testing/notumor/Tr-no_1364.jpg,nt927,notumor,notumor,1,0.999997,0,1,0.000000,0.000003,0.999997,0.000000
data_rand_fold0/Testing/notumor/Tr-no_1367.jpg,nt930,notumor,notumor,1,0.999991,0,1,0.000001,0.000008,0.999991,0.000000
data_rand_fold0/Testing/notumor/Tr-no_1368.jpg,nt512,notumor,notumor,1,0.999985,0,1,0.000000,0.000015,0.999985,0.000000
data_rand_fold0/Testing/notumor/Tr-no_1371.jpg,nt312,notumor,notumor,1,0.998139,0,1,0.000037,0.001821,0.998139,0.000002
data_rand_fold0/Testing/notumor/Tr-no_1372.jpg,nt313,notumor,notumor,1,0.999569,0,1,0.000018,0.000407,0.999569,0.000006
data_rand_fold0/Testing/notumor/Tr-no_1374.jpg,nt934,notumor,notumor,1,0.999910,0,1,0.000023,0.000058,0.999910,0.000009
data_rand_fold0/Testing/notumor/Tr-no_1376.jpg,nt315,notumor,notumor,1,0.999975,0,1,0.000003,0.000014,0.999975,0.000008
data_rand_fold0/Testing/notumor/Tr-no_1377.jpg,nt935,notumor,notumor,1,0.999970,0,1,0.000002,0.000027,0.999970,0.000001
data_rand_fold0/Testing/notumor/Tr-no_1381.jpg,nt321,notumor,notumor,1,0.999958,0,1,0.000001,0.000041,0.999958,0.000000
data_rand_fold0/Testing/notumor/Tr-no_1391.jpg,nt945,notumor,notumor,1,0.999903,0,1,0.000037,0.000052,0.999903,0.000007
data_rand_fold0/Testing/notumor/Tr-no_1401.jpg,nt952,notumor,notumor,1,0.999312,0,1,0.000051,0.000628,0.999312,0.000008
data_rand_fold0/Testing/notumor/Tr-no_1409.jpg,nt340,notumor,notumor,1,0.999992,0,1,0.000000,0.000007,0.999992,0.000000
data_rand_fold0/Testing/notumor/Tr-no_1412.jpg,nt957,notumor,notumor,1,0.999946,0,1,0.000001,0.000014,0.999946,0.000038
data_rand_fold0/Testing/notumor/Tr-no_1413.jpg,nt341,notumor,notumor,1,0.999924,0,1,0.000010,0.000059,0.999924,0.000006
data_rand_fold0/Testing/notumor/Tr-no_1414.jpg,nt343,notumor,notumor,1,0.999975,0,1,0.000000,0.000017,0.999975,0.000008
data_rand_fold0/Testing/notumor/Tr-no_1417.jpg,nt822,notumor,notumor,1,0.999521,0,1,0.000084,0.000271,0.999521,0.000124
data_rand_fold0/Testing/notumor/Tr-no_1421.jpg,nt961,notumor,notumor,1,0.999928,0,1,0.000018,0.000046,0.999928,0.000007
data_rand_fold0/Testing/notumor/Tr-no_1422.jpg,nt350,notumor,notumor,1,0.999516,0,1,0.000162,0.000308,0.999516,0.000014
data_rand_fold0/Testing/notumor/Tr-no_1424.jpg,nt962,notumor,notumor,1,0.999998,0,1,0.000000,0.000002,0.999998,0.000000
data_rand_fold0/Testing/notumor/Tr-no_1442.jpg,nt496,notumor,notumor,1,0.999984,0,1,0.000000,0.000016,0.999984,0.000000
data_rand_fold0/Testing/notumor/Tr-no_1445.jpg,nt977,notumor,notumor,1,0.999934,0,1,0.000029,0.000034,0.999934,0.000003
data_rand_fold0/Testing/notumor/Tr-no_1455.jpg,nt982,notumor,notumor,1,0.993839,0,1,0.000963,0.004820,0.993839,0.000377
data_rand_fold0/Testing/notumor/Tr-no_1460.jpg,nt983,notumor,notumor,1,0.999935,0,1,0.000000,0.000064,0.999935,0.000001
data_rand_fold0/Testing/notumor/Tr-no_1469.jpg,nt491,notumor,notumor,1,0.999748,0,1,0.000047,0.000185,0.999748,0.000021
data_rand_fold0/Testing/notumor/Tr-no_1471.jpg,nt987,notumor,notumor,1,0.999995,0,1,0.000002,0.000003,0.999995,0.000000
data_rand_fold0/Testing/notumor/Tr-no_1478.jpg,nt695,notumor,notumor,1,0.999799,0,1,0.000066,0.000121,0.999799,0.000014
data_rand_fold0/Testing/notumor/Tr-no_1480.jpg,nt591,notumor,notumor,1,0.999996,0,1,0.000001,0.000003,0.999996,0.000000
data_rand_fold0/Testing/notumor/Tr-no_1482.jpg,nt990,notumor,notumor,1,0.999945,0,1,0.000003,0.000050,0.999945,0.000002
data_rand_fold0/Testing/notumor/Tr-no_1488.jpg,nt594,notumor,notumor,1,0.999974,0,1,0.000004,0.000020,0.999974,0.000003
data_rand_fold0/Testing/notumor/Tr-no_1492.jpg,nt992,notumor,notumor,1,0.999993,0,1,0.000000,0.000007,0.999993,0.000000
data_rand_fold0/Testing/notumor/Tr-no_1496.jpg,nt586,notumor,notumor,1,0.999736,0,1,0.000005,0.000255,0.999736,0.000003
data_rand_fold0/Testing/notumor/Tr-no_1501.jpg,nt516,notumor,notumor,1,0.999318,0,1,0.000051,0.000611,0.999318,0.000021
data_rand_fold0/Testing/notumor/Tr-no_1503.jpg,nt995,notumor,notumor,1,0.999989,0,1,0.000001,0.000008,0.999989,0.000001
data_rand_fold0/Testing/notumor/Tr-no_1505.jpg,nt996,notumor,notumor,1,0.999921,0,1,0.000003,0.000035,0.999921,0.000041
data_rand_fold0/Testing/notumor/Tr-no_1510.jpg,nt860,notumor,notumor,1,0.999995,0,1,0.000001,0.000004,0.999995,0.000000
data_rand_fold0/Testing/notumor/Tr-no_1517.jpg,nt526,notumor,notumor,1,0.999975,0,1,0.000003,0.000022,0.999975,0.000001
data_rand_fold0/Testing/notumor/Tr-no_1518.jpg,nt368,notumor,notumor,1,1.000000,0,1,0.000000,0.000000,1.000000,0.000000
data_rand_fold0/Testing/notumor/Tr-no_1528.jpg,nt1004,notumor,notumor,1,0.936031,0,1,0.001804,0.061901,0.936031,0.000265
data_rand_fold0/Testing/notumor/Tr-no_1532.jpg,nt132,notumor,notumor,1,0.999990,0,1,0.000001,0.000008,0.999990,0.000000
data_rand_fold0/Testing/notumor/Tr-no_1535.jpg,nt588,notumor,notumor,1,0.999996,0,1,0.000000,0.000004,0.999996,0.000000
data_rand_fold0/Testing/notumor/Tr-no_1536.jpg,nt1008,notumor,notumor,1,0.999999,0,1,0.000000,0.000001,0.999999,0.000000
data_rand_fold0/Testing/notumor/Tr-no_1545.jpg,nt321,notumor,notumor,1,0.999963,0,1,0.000001,0.000036,0.999963,0.000000
data_rand_fold0/Testing/notumor/Tr-no_1546.jpg,nt322,notumor,notumor,1,0.999993,0,1,0.000001,0.000006,0.999993,0.000000
data_rand_fold0/Testing/notumor/Tr-no_1557.jpg,nt1012,notumor,notumor,1,0.998811,0,1,0.000824,0.000272,0.998811,0.000093
data_rand_fold0/Testing/notumor/Tr-no_1559.jpg,nt950,notumor,notumor,1,0.999933,0,1,0.000002,0.000048,0.999933,0.000017
data_rand_fold0/Testing/notumor/Tr-no_1564.jpg,nt335,notumor,notumor,1,0.999998,0,1,0.000000,0.000001,0.999998,0.000000
data_rand_fold0/Testing/notumor/Tr-no_1570.jpg,nt1017,notumor,notumor,1,0.999547,0,1,0.000142,0.000279,0.999547,0.000032
data_rand_fold0/Testing/notumor/Tr-no_1575.jpg,nt798,notumor,notumor,1,1.000000,0,1,0.000000,0.000000,1.000000,0.000000
data_rand_fold0/Testing/notumor/Tr-no_1576.jpg,nt913,notumor,notumor,1,0.999989,0,1,0.000002,0.000009,0.999989,0.000000
data_rand_fold0/Testing/notumor/Tr-no_1579.jpg,nt1020,notumor,notumor,1,0.999814,0,1,0.000004,0.000180,0.999814,0.000002
data_rand_fold0/Testing/notumor/Tr-no_1582.jpg,nt919,notumor,notumor,1,0.999978,0,1,0.000002,0.000019,0.999978,0.000001
data_rand_fold0/Testing/notumor/Tr-no_1586.jpg,nt1022,notumor,notumor,1,0.999967,0,1,0.000001,0.000031,0.999967,0.000001
data_rand_fold0/Testing/pituitary/Te-piTr_0002.jpg,101127,pituitary,meningioma,0,0.860288,0,1,0.013627,0.860288,0.005298,0.120787
data_rand_fold0/Testing/pituitary/Te-pi_0010.jpg,101145,pituitary,pituitary,1,0.995353,0,1,0.000034,0.004269,0.000344,0.995353
data_rand_fold0/Testing/pituitary/Te-pi_0016.jpg,103478,pituitary,pituitary,1,0.984953,0,1,0.000166,0.011385,0.003496,0.984953
data_rand_fold0/Testing/pituitary/Te-pi_0021.jpg,103731,pituitary,pituitary,1,0.999905,0,1,0.000002,0.000058,0.000035,0.999905
data_rand_fold0/Testing/pituitary/Te-pi_0024.jpg,104558,pituitary,pituitary,1,0.997205,0,1,0.000875,0.001660,0.000260,0.997205
data_rand_fold0/Testing/pituitary/Te-pi_0031.jpg,97416,pituitary,pituitary,1,0.984276,0,1,0.000053,0.015383,0.000288,0.984276
data_rand_fold0/Testing/pituitary/Te-pi_0032.jpg,97416,pituitary,pituitary,1,0.919063,0,1,0.002480,0.028283,0.050174,0.919063
data_rand_fold0/Testing/pituitary/Te-pi_0037.jpg,98652,pituitary,pituitary,1,0.994650,0,1,0.000024,0.002181,0.003144,0.994650
data_rand_fold0/Testing/pituitary/Te-pi_0041.jpg,98992,pituitary,pituitary,1,0.997882,0,1,0.000194,0.001553,0.000370,0.997882
data_rand_fold0/Testing/pituitary/Te-pi_0052.jpg,104684,pituitary,pituitary,1,0.981648,0,1,0.000051,0.000334,0.017967,0.981648
data_rand_fold0/Testing/pituitary/Te-pi_0057.jpg,107495,pituitary,pituitary,1,0.994126,0,1,0.000021,0.001096,0.004757,0.994126
data_rand_fold0/Testing/pituitary/Te-pi_0068.jpg,109898,pituitary,pituitary,1,0.995625,0,1,0.000194,0.003027,0.001154,0.995625
data_rand_fold0/Testing/pituitary/Te-pi_0069.jpg,110518,pituitary,pituitary,1,0.986886,0,1,0.000044,0.012895,0.000175,0.986886
data_rand_fold0/Testing/pituitary/Te-pi_0077.jpg,111785,pituitary,pituitary,1,0.999708,0,1,0.000143,0.000122,0.000027,0.999708
data_rand_fold0/Testing/pituitary/Te-pi_0083.jpg,113274,pituitary,pituitary,1,0.999769,0,1,0.000095,0.000016,0.000120,0.999769
data_rand_fold0/Testing/pituitary/Te-pi_0086.jpg,114361,pituitary,pituitary,1,0.999310,0,1,0.000023,0.000564,0.000103,0.999310
data_rand_fold0/Testing/pituitary/Te-pi_0091.jpg,107495,pituitary,pituitary,1,0.999843,0,1,0.000013,0.000124,0.000021,0.999843
data_rand_fold0/Testing/pituitary/Te-pi_0096.jpg,107505,pituitary,pituitary,1,0.999844,0,1,0.000005,0.000147,0.000003,0.999844
data_rand_fold0/Testing/pituitary/Te-pi_0097.jpg,107743,pituitary,pituitary,1,0.999930,0,1,0.000027,0.000033,0.000010,0.999930
data_rand_fold0/Testing/pituitary/Te-pi_0101.jpg,109471,pituitary,pituitary,1,0.999979,0,1,0.000003,0.000015,0.000003,0.999979
data_rand_fold0/Testing/pituitary/Te-pi_0103.jpg,109898,pituitary,pituitary,1,0.899061,0,1,0.094310,0.004282,0.002347,0.899061
data_rand_fold0/Testing/pituitary/Te-pi_0119.jpg,106062,pituitary,pituitary,1,0.953726,0,1,0.000925,0.034690,0.010659,0.953726
data_rand_fold0/Testing/pituitary/Te-pi_0122.jpg,107429,pituitary,pituitary,1,0.997015,0,1,0.000067,0.002812,0.000106,0.997015
data_rand_fold0/Testing/pituitary/Te-pi_0128.jpg,108858,pituitary,pituitary,1,0.993839,0,1,0.000018,0.005722,0.000421,0.993839
data_rand_fold0/Testing/pituitary/Te-pi_0137.jpg,114040,pituitary,pituitary,1,0.999577,0,1,0.000067,0.000344,0.000013,0.999577
data_rand_fold0/Testing/pituitary/Te-pi_0140.jpg,112074,pituitary,pituitary,1,0.459752,0,1,0.039646,0.417197,0.083404,0.459752
data_rand_fold0/Testing/pituitary/Te-pi_0152.jpg,103478,pituitary,pituitary,1,0.978271,0,1,0.000189,0.016958,0.004581,0.978271
data_rand_fold0/Testing/pituitary/Te-pi_0153.jpg,103582,pituitary,pituitary,1,0.998286,0,1,0.000245,0.001293,0.000177,0.998286
data_rand_fold0/Testing/pituitary/Te-pi_0162.jpg,101029,pituitary,pituitary,1,0.991817,0,1,0.000544,0.004406,0.003233,0.991817
data_rand_fold0/Testing/pituitary/Te-pi_0184.jpg,98871,pituitary,pituitary,1,0.997490,0,1,0.000444,0.001386,0.000680,0.997490
data_rand_fold0/Testing/pituitary/Te-pi_0190.jpg,99223,pituitary,pituitary,1,0.996590,0,1,0.001012,0.002204,0.000194,0.996590
data_rand_fold0/Testing/pituitary/Te-pi_0200.jpg,102648,pituitary,pituitary,1,0.999751,0,1,0.000040,0.000119,0.000090,0.999751
data_rand_fold0/Testing/pituitary/Te-pi_0209.jpg,103671,pituitary,pituitary,1,0.999528,0,1,0.000009,0.000454,0.000009,0.999528
data_rand_fold0/Testing/pituitary/Te-pi_0212.jpg,103837,pituitary,pituitary,1,0.999533,0,1,0.000063,0.000213,0.000191,0.999533
data_rand_fold0/Testing/pituitary/Te-pi_0218.jpg,104684,pituitary,pituitary,1,0.999762,0,1,0.000050,0.000096,0.000091,0.999762
data_rand_fold0/Testing/pituitary/Te-pi_0220.jpg,105187,pituitary,pituitary,1,0.999688,0,1,0.000010,0.000083,0.000220,0.999688
data_rand_fold0/Testing/pituitary/Te-pi_0227.jpg,107505,pituitary,pituitary,1,0.999749,0,1,0.000062,0.000067,0.000121,0.999749
data_rand_fold0/Testing/pituitary/Te-pi_0229.jpg,97481,pituitary,pituitary,1,0.999818,0,1,0.000038,0.000076,0.000067,0.999818
data_rand_fold0/Testing/pituitary/Te-pi_0230.jpg,97481,pituitary,pituitary,1,0.999667,0,1,0.000006,0.000309,0.000018,0.999667
data_rand_fold0/Testing/pituitary/Te-pi_0235.jpg,98871,pituitary,pituitary,1,0.999433,0,1,0.000040,0.000225,0.000302,0.999433
data_rand_fold0/Testing/pituitary/Te-pi_0236.jpg,98874,pituitary,pituitary,1,0.995253,0,1,0.000614,0.003655,0.000478,0.995253
data_rand_fold0/Testing/pituitary/Te-pi_0241.jpg,98995,pituitary,pituitary,1,0.999888,0,1,0.000011,0.000091,0.000010,0.999888
data_rand_fold0/Testing/pituitary/Te-pi_0242.jpg,99223,pituitary,pituitary,1,0.993393,0,1,0.000093,0.006387,0.000127,0.993393
data_rand_fold0/Testing/pituitary/Te-pi_0244.jpg,101029,pituitary,pituitary,1,0.999992,0,1,0.000002,0.000003,0.000002,0.999992
data_rand_fold0/Testing/pituitary/Te-pi_0256.jpg,103478,pituitary,pituitary,1,0.999989,0,1,0.000002,0.000008,0.000002,0.999989
data_rand_fold0/Testing/pituitary/Te-pi_0257.jpg,103582,pituitary,pituitary,1,0.999878,0,1,0.000004,0.000111,0.000006,0.999878
data_rand_fold0/Testing/pituitary/Te-pi_0260.jpg,103670,pituitary,pituitary,1,0.999163,0,1,0.000027,0.000585,0.000225,0.999163
data_rand_fold0/Testing/pituitary/Te-pi_0261.jpg,103671,pituitary,pituitary,1,0.999782,0,1,0.000004,0.000206,0.000008,0.999782
data_rand_fold0/Testing/pituitary/Te-pi_0262.jpg,103731,pituitary,pituitary,1,0.999212,0,1,0.000024,0.000751,0.000012,0.999212
data_rand_fold0/Testing/pituitary/Te-pi_0264.jpg,103837,pituitary,pituitary,1,0.988713,0,1,0.000077,0.003099,0.008111,0.988713
data_rand_fold0/Testing/pituitary/Te-pi_0266.jpg,104019,pituitary,pituitary,1,0.999836,0,1,0.000020,0.000132,0.000012,0.999836
data_rand_fold0/Testing/pituitary/Te-pi_0269.jpg,104558,pituitary,pituitary,1,0.693336,0,1,0.246487,0.053238,0.006939,0.693336
data_rand_fold0/Testing/pituitary/Te-pi_0270.jpg,104684,pituitary,pituitary,1,0.999958,0,1,0.000006,0.000012,0.000025,0.999958
data_rand_fold0/Testing/pituitary/Te-pi_0275.jpg,105187,pituitary,pituitary,1,0.999900,0,1,0.000065,0.000026,0.000008,0.999900
data_rand_fold0/Testing/pituitary/Te-pi_0280.jpg,97461,pituitary,pituitary,1,0.999926,0,1,0.000042,0.000028,0.000004,0.999926
data_rand_fold0/Testing/pituitary/Te-pi_0282.jpg,97481,pituitary,pituitary,1,0.999975,0,1,0.000001,0.000023,0.000001,0.999975
data_rand_fold0/Testing/pituitary/Te-pi_0283.jpg,109471,pituitary,pituitary,1,0.999866,0,1,0.000024,0.000081,0.000029,0.999866
data_rand_fold0/Testing/pituitary/Te-pi_0286.jpg,97890,pituitary,pituitary,1,0.999767,0,1,0.000034,0.000128,0.000071,0.999767
data_rand_fold0/Testing/pituitary/Te-pi_0292.jpg,98874,pituitary,pituitary,1,0.996710,0,1,0.000108,0.003023,0.000159,0.996710
data_rand_fold0/Testing/pituitary/Te-pi_0294.jpg,98992,pituitary,pituitary,1,0.999827,0,1,0.000037,0.000060,0.000076,0.999827
data_rand_fold0/Testing/pituitary/Te-pi_0298.jpg,99223,pituitary,pituitary,1,0.998549,0,1,0.000218,0.001120,0.000113,0.998549
data_rand_fold0/Testing/pituitary/Tr-piTr_0002.jpg,103671,pituitary,pituitary,1,0.999952,0,1,0.000008,0.000030,0.000010,0.999952
data_rand_fold0/Testing/pituitary/Tr-piTr_0004.jpg,98871,pituitary,pituitary,1,0.999754,0,1,0.000024,0.000081,0.000140,0.999754
data_rand_fold0/Testing/pituitary/Tr-piTr_0005.jpg,98874,pituitary,pituitary,1,0.983347,0,1,0.000821,0.014991,0.000840,0.983347
data_rand_fold0/Testing/pituitary/Tr-piTr_0006.jpg,98874,pituitary,pituitary,1,0.989063,0,1,0.000757,0.010008,0.000171,0.989063
data_rand_fold0/Testing/pituitary/Tr-pi_0010.jpg,98992,pituitary,pituitary,1,0.996817,0,1,0.001871,0.001088,0.000224,0.996817
data_rand_fold0/Testing/pituitary/Tr-pi_0016.jpg,98992,pituitary,pituitary,1,0.997949,0,1,0.000192,0.001830,0.000030,0.997949
data_rand_fold0/Testing/pituitary/Tr-pi_0019.jpg,98995,pituitary,pituitary,1,0.999466,0,1,0.000011,0.000424,0.000099,0.999466
data_rand_fold0/Testing/pituitary/Tr-pi_0021.jpg,99223,pituitary,pituitary,1,0.999987,0,1,0.000001,0.000010,0.000002,0.999987
data_rand_fold0/Testing/pituitary/Tr-pi_0026.jpg,99223,pituitary,pituitary,1,0.999777,0,1,0.000001,0.000220,0.000002,0.999777
data_rand_fold0/Testing/pituitary/Tr-pi_0027.jpg,99223,pituitary,pituitary,1,0.999972,0,1,0.000001,0.000025,0.000002,0.999972
data_rand_fold0/Testing/pituitary/Tr-pi_0043.jpg,101127,pituitary,meningioma,0,0.997113,0,1,0.000455,0.997113,0.001725,0.000707
data_rand_fold0/Testing/pituitary/Tr-pi_0051.jpg,104558,pituitary,pituitary,1,0.997913,0,1,0.000353,0.001699,0.000036,0.997913
data_rand_fold0/Testing/pituitary/Tr-pi_0060.jpg,104684,pituitary,pituitary,1,0.999946,0,1,0.000007,0.000033,0.000014,0.999946
data_rand_fold0/Testing/pituitary/Tr-pi_0065.jpg,104684,pituitary,pituitary,1,0.999800,0,1,0.000015,0.000168,0.000017,0.999800
data_rand_fold0/Testing/pituitary/Tr-pi_0067.jpg,111785,pituitary,pituitary,1,0.994801,0,1,0.000031,0.001582,0.003586,0.994801
data_rand_fold0/Testing/pituitary/Tr-pi_0068.jpg,104912,pituitary,pituitary,1,0.995852,0,1,0.003566,0.000515,0.000067,0.995852
data_rand_fold0/Testing/pituitary/Tr-pi_0074.jpg,105187,pituitary,pituitary,1,0.999658,0,1,0.000045,0.000251,0.000046,0.999658
data_rand_fold0/Testing/pituitary/Tr-pi_0084.jpg,105475,pituitary,pituitary,1,0.997959,0,1,0.000173,0.001456,0.000411,0.997959
data_rand_fold0/Testing/pituitary/Tr-pi_0085.jpg,105475,pituitary,pituitary,1,0.998883,0,1,0.000065,0.001020,0.000032,0.998883
data_rand_fold0/Testing/pituitary/Tr-pi_0093.jpg,105638,pituitary,pituitary,1,0.999830,0,1,0.000030,0.000087,0.000054,0.999830
data_rand_fold0/Testing/pituitary/Tr-pi_0105.jpg,97481,pituitary,pituitary,1,0.999979,0,1,0.000000,0.000020,0.000001,0.999979
data_rand_fold0/Testing/pituitary/Tr-pi_0110.jpg,97599,pituitary,pituitary,1,0.952127,0,1,0.000176,0.015465,0.032233,0.952127
data_rand_fold0/Testing/pituitary/Tr-pi_0115.jpg,97890,pituitary,pituitary,1,0.999798,0,1,0.000017,0.000129,0.000056,0.999798
data_rand_fold0/Testing/pituitary/Tr-pi_0117.jpg,97890,pituitary,pituitary,1,0.993728,0,1,0.000780,0.002367,0.003125,0.993728
data_rand_fold0/Testing/pituitary/Tr-pi_0123.jpg,114361,pituitary,pituitary,1,0.997908,0,1,0.000361,0.001271,0.000461,0.997908
data_rand_fold0/Testing/pituitary/Tr-pi_0129.jpg,98652,pituitary,pituitary,1,0.996247,0,1,0.001086,0.002387,0.000280,0.996247
data_rand_fold0/Testing/pituitary/Tr-pi_0131.jpg,98871,pituitary,pituitary,1,0.996105,0,1,0.000038,0.003764,0.000092,0.996105
data_rand_fold0/Testing/pituitary/Tr-pi_0145.jpg,114094,pituitary,pituitary,1,0.746548,0,1,0.006126,0.238317,0.009009,0.746548
data_rand_fold0/Testing/pituitary/Tr-pi_0150.jpg,98992,pituitary,pituitary,1,0.999639,0,1,0.000189,0.000118,0.000053,0.999639
data_rand_fold0/Testing/pituitary/Tr-pi_0154.jpg,98995,pituitary,pituitary,1,0.999887,0,1,0.000015,0.000094,0.000004,0.999887
data_rand_fold0/Testing/pituitary/Tr-pi_0156.jpg,114094,pituitary,pituitary,1,0.968368,0,1,0.002111,0.024510,0.005011,0.968368
data_rand_fold0/Testing/pituitary/Tr-pi_0166.jpg,99223,pituitary,pituitary,1,0.998095,0,1,0.000223,0.001589,0.000093,0.998095
data_rand_fold0/Testing/pituitary/Tr-pi_0168.jpg,101017,pituitary,pituitary,1,0.999997,0,1,0.000000,0.000003,0.000000,0.999997
data_rand_fold0/Testing/pituitary/Tr-pi_0169.jpg,101017,pituitary,pituitary,1,0.999998,0,1,0.000000,0.000001,0.000000,0.999998
data_rand_fold0/Testing/pituitary/Tr-pi_0170.jpg,101017,pituitary,pituitary,1,0.999998,0,1,0.000000,0.000001,0.000000,0.999998
data_rand_fold0/Testing/pituitary/Tr-pi_0172.jpg,101017,pituitary,pituitary,1,0.999822,0,1,0.000042,0.000086,0.000050,0.999822
data_rand_fold0/Testing/pituitary/Tr-pi_0173.jpg,101029,pituitary,pituitary,1,0.999858,0,1,0.000037,0.000072,0.000033,0.999858
data_rand_fold0/Testing/pituitary/Tr-pi_0174.jpg,101029,pituitary,pituitary,1,0.999980,0,1,0.000006,0.000012,0.000003,0.999980
data_rand_fold0/Testing/pituitary/Tr-pi_0176.jpg,101029,pituitary,pituitary,1,0.999987,0,1,0.000001,0.000010,0.000003,0.999987
data_rand_fold0/Testing/pituitary/Tr-pi_0183.jpg,101145,pituitary,pituitary,1,0.985009,0,1,0.001685,0.011771,0.001534,0.985009
data_rand_fold0/Testing/pituitary/Tr-pi_0190.jpg,101724,pituitary,pituitary,1,0.998550,0,1,0.000868,0.000480,0.000102,0.998550
data_rand_fold0/Testing/pituitary/Tr-pi_0193.jpg,101724,pituitary,pituitary,1,0.999444,0,1,0.000093,0.000422,0.000041,0.999444
data_rand_fold0/Testing/pituitary/Tr-pi_0194.jpg,101724,pituitary,pituitary,1,0.998140,0,1,0.000044,0.001456,0.000360,0.998140
data_rand_fold0/Testing/pituitary/Tr-pi_0203.jpg,102648,pituitary,pituitary,1,0.998905,0,1,0.000505,0.000240,0.000349,0.998905
data_rand_fold0/Testing/pituitary/Tr-pi_0208.jpg,103257,pituitary,pituitary,1,0.999344,0,1,0.000015,0.000588,0.000054,0.999344
data_rand_fold0/Testing/pituitary/Tr-pi_0209.jpg,103257,pituitary,pituitary,1,0.999866,0,1,0.000008,0.000102,0.000024,0.999866
data_rand_fold0/Testing/pituitary/Tr-pi_0216.jpg,103478,pituitary,pituitary,1,0.999931,0,1,0.000007,0.000035,0.000027,0.999931
data_rand_fold0/Testing/pituitary/Tr-pi_0219.jpg,103478,pituitary,pituitary,1,0.999816,0,1,0.000069,0.000061,0.000053,0.999816
data_rand_fold0/Testing/pituitary/Tr-pi_0220.jpg,103478,pituitary,pituitary,1,0.999966,0,1,0.000003,0.000027,0.000004,0.999966
data_rand_fold0/Testing/pituitary/Tr-pi_0226.jpg,103582,pituitary,pituitary,1,0.999994,0,1,0.000000,0.000005,0.000000,0.999994
data_rand_fold0/Testing/pituitary/Tr-pi_0227.jpg,103582,pituitary,pituitary,1,0.999994,0,1,0.000000,0.000005,0.000000,0.999994
data_rand_fold0/Testing/pituitary/Tr-pi_0233.jpg,103582,pituitary,pituitary,1,0.994856,0,1,0.000114,0.004938,0.000092,0.994856
data_rand_fold0/Testing/pituitary/Tr-pi_0235.jpg,103670,pituitary,pituitary,1,0.999780,0,1,0.000007,0.000056,0.000156,0.999780
data_rand_fold0/Testing/pituitary/Tr-pi_0237.jpg,103670,pituitary,pituitary,1,0.999910,0,1,0.000001,0.000049,0.000039,0.999910
data_rand_fold0/Testing/pituitary/Tr-pi_0243.jpg,103731,pituitary,pituitary,1,0.999470,0,1,0.000041,0.000467,0.000022,0.999470
data_rand_fold0/Testing/pituitary/Tr-pi_0253.jpg,103671,pituitary,pituitary,1,0.999891,0,1,0.000011,0.000083,0.000015,0.999891
data_rand_fold0/Testing/pituitary/Tr-pi_0259.jpg,103731,pituitary,pituitary,1,0.999470,0,1,0.000045,0.000418,0.000067,0.999470
data_rand_fold0/Testing/pituitary/Tr-pi_0261.jpg,103731,pituitary,pituitary,1,0.999435,0,1,0.000073,0.000425,0.000067,0.999435
data_rand_fold0/Testing/pituitary/Tr-pi_0264.jpg,103837,pituitary,pituitary,1,0.996867,0,1,0.000096,0.000296,0.002742,0.996867
data_rand_fold0/Testing/pituitary/Tr-pi_0276.jpg,104684,pituitary,pituitary,1,0.999797,0,1,0.000016,0.000084,0.000103,0.999797
data_rand_fold0/Testing/pituitary/Tr-pi_0277.jpg,104684,pituitary,pituitary,1,0.999199,0,1,0.000178,0.000267,0.000356,0.999199
data_rand_fold0/Testing/pituitary/Tr-pi_0278.jpg,106062,pituitary,pituitary,1,0.998940,0,1,0.000388,0.000413,0.000259,0.998940
data_rand_fold0/Testing/pituitary/Tr-pi_0281.jpg,104684,pituitary,pituitary,1,0.994729,0,1,0.000986,0.000854,0.003430,0.994729
data_rand_fold0/Testing/pituitary/Tr-pi_0290.jpg,105187,pituitary,pituitary,1,0.999468,0,1,0.000048,0.000160,0.000325,0.999468
data_rand_fold0/Testing/pituitary/Tr-pi_0293.jpg,105638,pituitary,pituitary,1,0.999939,0,1,0.000032,0.000013,0.000015,0.999939
data_rand_fold0/Testing/pituitary/Tr-pi_0294.jpg,105638,pituitary,pituitary,1,0.999871,0,1,0.000044,0.000053,0.000032,0.999871
data_rand_fold0/Testing/pituitary/Tr-pi_0302.jpg,97416,pituitary,pituitary,1,0.998514,0,1,0.000024,0.001368,0.000094,0.998514
data_rand_fold0/Testing/pituitary/Tr-pi_0312.jpg,97461,pituitary,pituitary,1,0.999931,0,1,0.000025,0.000039,0.000005,0.999931
data_rand_fold0/Testing/pituitary/Tr-pi_0313.jpg,97481,pituitary,pituitary,1,0.999857,0,1,0.000007,0.000113,0.000024,0.999857
data_rand_fold0/Testing/pituitary/Tr-pi_0316.jpg,97481,pituitary,pituitary,1,0.999745,0,1,0.000012,0.000218,0.000024,0.999745
data_rand_fold0/Testing/pituitary/Tr-pi_0322.jpg,106062,pituitary,pituitary,1,0.997228,0,1,0.000191,0.000825,0.001756,0.997228
data_rand_fold0/Testing/pituitary/Tr-pi_0326.jpg,98472,pituitary,pituitary,1,0.999505,0,1,0.000036,0.000437,0.000021,0.999505
data_rand_fold0/Testing/pituitary/Tr-pi_0345.jpg,107495,pituitary,pituitary,1,0.999949,0,1,0.000003,0.000019,0.000029,0.999949
data_rand_fold0/Testing/pituitary/Tr-pi_0347.jpg,107429,pituitary,pituitary,1,0.998825,0,1,0.000040,0.000969,0.000166,0.998825
data_rand_fold0/Testing/pituitary/Tr-pi_0356.jpg,107495,pituitary,pituitary,1,0.999912,0,1,0.000003,0.000032,0.000053,0.999912
data_rand_fold0/Testing/pituitary/Tr-pi_0358.jpg,108858,pituitary,pituitary,1,0.998220,0,1,0.000091,0.001634,0.000055,0.998220
data_rand_fold0/Testing/pituitary/Tr-pi_0364.jpg,108931,pituitary,pituitary,1,0.996389,0,1,0.000036,0.000095,0.003481,0.996389
data_rand_fold0/Testing/pituitary/Tr-pi_0373.jpg,109769,pituitary,pituitary,1,0.999910,0,1,0.000009,0.000072,0.000008,0.999910
data_rand_fold0/Testing/pituitary/Tr-pi_0376.jpg,109898,pituitary,pituitary,1,0.984835,0,1,0.000391,0.014272,0.000502,0.984835
data_rand_fold0/Testing/pituitary/Tr-pi_0378.jpg,112649,pituitary,pituitary,1,0.998849,0,1,0.000396,0.000251,0.000503,0.998849
data_rand_fold0/Testing/pituitary/Tr-pi_0379.jpg,109898,pituitary,pituitary,1,0.971879,0,1,0.019183,0.003338,0.005601,0.971879
data_rand_fold0/Testing/pituitary/Tr-pi_0387.jpg,110993,pituitary,pituitary,1,0.999801,0,1,0.000094,0.000065,0.000040,0.999801
data_rand_fold0/Testing/pituitary/Tr-pi_0391.jpg,111075,pituitary,pituitary,1,0.997986,0,1,0.000407,0.001433,0.000174,0.997986
data_rand_fold0/Testing/pituitary/Tr-pi_0396.jpg,111785,pituitary,pituitary,1,0.996510,0,1,0.001394,0.002057,0.000040,0.996510
data_rand_fold0/Testing/pituitary/Tr-pi_0408.jpg,112649,pituitary,pituitary,1,0.992158,0,1,0.006231,0.001045,0.000566,0.992158
data_rand_fold0/Testing/pituitary/Tr-pi_0409.jpg,112649,pituitary,pituitary,1,0.939159,0,1,0.059345,0.000582,0.000914,0.939159
data_rand_fold0/Testing/pituitary/Tr-pi_0410.jpg,112649,pituitary,pituitary,1,0.999531,0,1,0.000196,0.000065,0.000208,0.999531
data_rand_fold0/Testing/pituitary/Tr-pi_0413.jpg,107429,pituitary,pituitary,1,0.999808,0,1,0.000002,0.000182,0.000008,0.999808
data_rand_fold0/Testing/pituitary/Tr-pi_0416.jpg,107429,pituitary,pituitary,1,0.999568,0,1,0.000020,0.000385,0.000027,0.999568
data_rand_fold0/Testing/pituitary/Tr-pi_0417.jpg,107429,pituitary,pituitary,1,0.999928,0,1,0.000004,0.000060,0.000009,0.999928
data_rand_fold0/Testing/pituitary/Tr-pi_0420.jpg,107505,pituitary,pituitary,1,0.998805,0,1,0.000088,0.001024,0.000083,0.998805
data_rand_fold0/Testing/pituitary/Tr-pi_0423.jpg,107743,pituitary,pituitary,1,0.999774,0,1,0.000078,0.000106,0.000042,0.999774
data_rand_fold0/Testing/pituitary/Tr-pi_0428.jpg,108858,pituitary,pituitary,1,0.999002,0,1,0.000567,0.000236,0.000195,0.999002
data_rand_fold0/Testing/pituitary/Tr-pi_0429.jpg,108858,pituitary,pituitary,1,0.999420,0,1,0.000238,0.000132,0.000209,0.999420
data_rand_fold0/Testing/pituitary/Tr-pi_0430.jpg,108858,pituitary,pituitary,1,0.998303,0,1,0.000535,0.000357,0.000805,0.998303
data_rand_fold0/Testing/pituitary/Tr-pi_0433.jpg,112847,pituitary,pituitary,1,0.999922,0,1,0.000008,0.000028,0.000042,0.999922
data_rand_fold0/Testing/pituitary/Tr-pi_0444.jpg,110993,pituitary,pituitary,1,0.996532,0,1,0.000644,0.000223,0.002601,0.996532
data_rand_fold0/Testing/pituitary/Tr-pi_0457.jpg,110537,pituitary,pituitary,1,0.998606,0,1,0.000097,0.000745,0.000551,0.998606
data_rand_fold0/Testing/pituitary/Tr-pi_0458.jpg,110537,pituitary,pituitary,1,0.992716,0,1,0.000085,0.006068,0.001131,0.992716
data_rand_fold0/Testing/pituitary/Tr-pi_0460.jpg,110537,pituitary,pituitary,1,0.998640,0,1,0.000006,0.001124,0.000230,0.998640
data_rand_fold0/Testing/pituitary/Tr-pi_0463.jpg,110993,pituitary,pituitary,1,0.999937,0,1,0.000008,0.000031,0.000023,0.999937
data_rand_fold0/Testing/pituitary/Tr-pi_0469.jpg,111075,pituitary,pituitary,1,0.999619,0,1,0.000197,0.000126,0.000059,0.999619
data_rand_fold0/Testing/pituitary/Tr-pi_0477.jpg,111125,pituitary,pituitary,1,0.999859,0,1,0.000006,0.000031,0.000104,0.999859
data_rand_fold0/Testing/pituitary/Tr-pi_0482.jpg,111785,pituitary,pituitary,1,0.999781,0,1,0.000158,0.000050,0.000011,0.999781
data_rand_fold0/Testing/pituitary/Tr-pi_0483.jpg,111785,pituitary,pituitary,1,0.999839,0,1,0.000036,0.000096,0.000029,0.999839
data_rand_fold0/Testing/pituitary/Tr-pi_0487.jpg,112074,pituitary,pituitary,1,0.992835,0,1,0.001396,0.003969,0.001799,0.992835
data_rand_fold0/Testing/pituitary/Tr-pi_0489.jpg,113274,pituitary,pituitary,1,0.999601,0,1,0.000179,0.000033,0.000188,0.999601
data_rand_fold0/Testing/pituitary/Tr-pi_0490.jpg,112649,pituitary,pituitary,1,0.999156,0,1,0.000141,0.000122,0.000582,0.999156
data_rand_fold0/Testing/pituitary/Tr-pi_0491.jpg,112649,pituitary,pituitary,1,0.999801,0,1,0.000058,0.000053,0.000088,0.999801
data_rand_fold0/Testing/pituitary/Tr-pi_0493.jpg,113741,pituitary,pituitary,1,0.999494,0,1,0.000003,0.000367,0.000136,0.999494
data_rand_fold0/Testing/pituitary/Tr-pi_0502.jpg,112649,pituitary,pituitary,1,0.999112,0,1,0.000061,0.000321,0.000506,0.999112
data_rand_fold0/Testing/pituitary/Tr-pi_0506.jpg,112746,pituitary,pituitary,1,0.998302,0,1,0.000331,0.001210,0.000157,0.998302
data_rand_fold0/Testing/pituitary/Tr-pi_0510.jpg,112847,pituitary,pituitary,1,0.999673,0,1,0.000005,0.000283,0.000040,0.999673
data_rand_fold0/Testing/pituitary/Tr-pi_0513.jpg,113274,pituitary,pituitary,1,0.997260,0,1,0.000423,0.000370,0.001947,0.997260
data_rand_fold0/Testing/pituitary/Tr-pi_0514.jpg,113741,pituitary,pituitary,1,0.999234,0,1,0.000001,0.000720,0.000046,0.999234
data_rand_fold0/Testing/pituitary/Tr-pi_0526.jpg,112847,pituitary,pituitary,1,0.999330,0,1,0.000009,0.000646,0.000015,0.999330
data_rand_fold0/Testing/pituitary/Tr-pi_0527.jpg,112847,pituitary,pituitary,1,0.999330,0,1,0.000009,0.000646,0.000015,0.999330
data_rand_fold0/Testing/pituitary/Tr-pi_0529.jpg,112847,pituitary,pituitary,1,0.999330,0,1,0.000009,0.000646,0.000015,0.999330
data_rand_fold0/Testing/pituitary/Tr-pi_0531.jpg,112847,pituitary,pituitary,1,0.999949,0,1,0.000003,0.000042,0.000005,0.999949
data_rand_fold0/Testing/pituitary/Tr-pi_0532.jpg,113274,pituitary,pituitary,1,0.997960,0,1,0.001491,0.000370,0.000179,0.997960
data_rand_fold0/Testing/pituitary/Tr-pi_0541.jpg,114094,pituitary,pituitary,1,0.988200,0,1,0.001060,0.006445,0.004296,0.988200
data_rand_fold0/Testing/pituitary/Tr-pi_0549.jpg,101305,pituitary,pituitary,1,0.998688,0,1,0.000046,0.001209,0.000057,0.998688
data_rand_fold0/Testing/pituitary/Tr-pi_0550.jpg,101305,pituitary,pituitary,1,0.999536,0,1,0.000009,0.000447,0.000008,0.999536
data_rand_fold0/Testing/pituitary/Tr-pi_0554.jpg,114040,pituitary,pituitary,1,0.997837,0,1,0.000302,0.001254,0.000608,0.997837
data_rand_fold0/Testing/pituitary/Tr-pi_0561.jpg,103257,pituitary,pituitary,1,0.995544,0,1,0.000007,0.004164,0.000286,0.995544
data_rand_fold0/Testing/pituitary/Tr-pi_0569.jpg,103478,pituitary,pituitary,1,0.992312,0,1,0.000266,0.002820,0.004603,0.992312
data_rand_fold0/Testing/pituitary/Tr-pi_0570.jpg,103478,pituitary,pituitary,1,0.898127,0,1,0.003628,0.031364,0.066881,0.898127
data_rand_fold0/Testing/pituitary/Tr-pi_0575.jpg,103670,pituitary,pituitary,1,0.999914,0,1,0.000000,0.000041,0.000044,0.999914
data_rand_fold0/Testing/pituitary/Tr-pi_0593.jpg,104019,pituitary,pituitary,1,0.997392,0,1,0.000447,0.001793,0.000368,0.997392
data_rand_fold0/Testing/pituitary/Tr-pi_0599.jpg,104558,pituitary,pituitary,1,0.962858,0,1,0.000609,0.036140,0.000393,0.962858
data_rand_fold0/Testing/pituitary/Tr-pi_0601.jpg,104684,pituitary,pituitary,1,0.997964,0,1,0.000006,0.000105,0.001925,0.997964
data_rand_fold0/Testing/pituitary/Tr-pi_0614.jpg,114094,pituitary,pituitary,1,0.998863,0,1,0.000025,0.001036,0.000077,0.998863
data_rand_fold0/Testing/pituitary/Tr-pi_0621.jpg,97416,pituitary,pituitary,1,0.994023,0,1,0.000212,0.003026,0.002739,0.994023
data_rand_fold0/Testing/pituitary/Tr-pi_0626.jpg,97461,pituitary,pituitary,1,0.998639,0,1,0.000036,0.000733,0.000592,0.998639
data_rand_fold0/Testing/pituitary/Tr-pi_0627.jpg,97481,pituitary,pituitary,1,0.996812,0,1,0.001166,0.001958,0.000064,0.996812
data_rand_fold0/Testing/pituitary/Tr-pi_0629.jpg,97599,pituitary,pituitary,1,0.934030,0,1,0.001535,0.059157,0.005278,0.934030
data_rand_fold0/Testing/pituitary/Tr-pi_0630.jpg,97890,pituitary,pituitary,1,0.996394,0,1,0.000931,0.002583,0.000092,0.996394
data_rand_fold0/Testing/pituitary/Tr-pi_0635.jpg,98472,pituitary,pituitary,1,0.999766,0,1,0.000001,0.000078,0.000156,0.999766
data_rand_fold0/Testing/pituitary/Tr-pi_0648.jpg,98874,pituitary,pituitary,1,0.992036,0,1,0.000037,0.007821,0.000106,0.992036
data_rand_fold0/Testing/pituitary/Tr-pi_0650.jpg,98874,pituitary,pituitary,1,0.999399,0,1,0.000028,0.000397,0.000175,0.999399
data_rand_fold0/Testing/pituitary/Tr-pi_0657.jpg,106062,pituitary,pituitary,1,0.999117,0,1,0.000039,0.000667,0.000177,0.999117
data_rand_fold0/Testing/pituitary/Tr-pi_0663.jpg,99223,pituitary,pituitary,1,0.960911,0,1,0.024642,0.013381,0.001066,0.960911
data_rand_fold0/Testing/pituitary/Tr-pi_0669.jpg,101017,pituitary,pituitary,1,0.999976,0,1,0.000009,0.000009,0.000005,0.999976
data_rand_fold0/Testing/pituitary/Tr-pi_0672.jpg,101029,pituitary,pituitary,1,0.999879,0,1,0.000001,0.000010,0.000110,0.999879
data_rand_fold0/Testing/pituitary/Tr-pi_0673.jpg,101029,pituitary,pituitary,1,0.999715,0,1,0.000002,0.000016,0.000267,0.999715
data_rand_fold0/Testing/pituitary/Tr-pi_0674.jpg,106062,pituitary,pituitary,1,0.999983,0,1,0.000002,0.000011,0.000004,0.999983
data_rand_fold0/Testing/pituitary/Tr-pi_0678.jpg,101305,pituitary,pituitary,1,0.999974,0,1,0.000007,0.000009,0.000010,0.999974
data_rand_fold0/Testing/pituitary/Tr-pi_0679.jpg,101305,pituitary,pituitary,1,0.999908,0,1,0.000022,0.000046,0.000025,0.999908
data_rand_fold0/Testing/pituitary/Tr-pi_0712.jpg,107429,pituitary,pituitary,1,0.998740,0,1,0.000061,0.000865,0.000334,0.998740
data_rand_fold0/Testing/pituitary/Tr-pi_0713.jpg,107429,pituitary,pituitary,1,0.995768,0,1,0.000441,0.003194,0.000597,0.995768
data_rand_fold0/Testing/pituitary/Tr-pi_0714.jpg,107429,pituitary,pituitary,1,0.996019,0,1,0.000556,0.001956,0.001469,0.996019
data_rand_fold0/Testing/pituitary/Tr-pi_0722.jpg,107743,pituitary,pituitary,1,0.995529,0,1,0.000004,0.003320,0.001147,0.995529
data_rand_fold0/Testing/pituitary/Tr-pi_0726.jpg,103257,pituitary,pituitary,1,0.999928,0,1,0.000011,0.000033,0.000028,0.999928
data_rand_fold0/Testing/pituitary/Tr-pi_0729.jpg,108931,pituitary,notumor,0,0.798180,0,1,0.000193,0.001700,0.798180,0.199927
data_rand_fold0/Testing/pituitary/Tr-pi_0734.jpg,109769,pituitary,pituitary,1,0.994679,0,1,0.000001,0.001297,0.004023,0.994679
data_rand_fold0/Testing/pituitary/Tr-pi_0737.jpg,109769,pituitary,pituitary,1,0.988581,0,1,0.000007,0.003236,0.008176,0.988581
data_rand_fold0/Testing/pituitary/Tr-pi_0738.jpg,109898,pituitary,pituitary,1,0.994498,0,1,0.000013,0.004963,0.000526,0.994498
data_rand_fold0/Testing/pituitary/Tr-pi_0743.jpg,103478,pituitary,pituitary,1,0.999943,0,1,0.000006,0.000033,0.000018,0.999943
data_rand_fold0/Testing/pituitary/Tr-pi_0744.jpg,103478,pituitary,pituitary,1,0.999815,0,1,0.000008,0.000113,0.000064,0.999815
data_rand_fold0/Testing/pituitary/Tr-pi_0748.jpg,103478,pituitary,pituitary,1,0.999885,0,1,0.000001,0.000058,0.000056,0.999885
data_rand_fold0/Testing/pituitary/Tr-pi_0753.jpg,103582,pituitary,pituitary,1,0.985558,0,1,0.000157,0.014151,0.000134,0.985558
data_rand_fold0/Testing/pituitary/Tr-pi_0769.jpg,110537,pituitary,pituitary,1,0.999776,0,1,0.000009,0.000145,0.000070,0.999776
data_rand_fold0/Testing/pituitary/Tr-pi_0770.jpg,110537,pituitary,pituitary,1,0.994235,0,1,0.000069,0.003828,0.001868,0.994235
data_rand_fold0/Testing/pituitary/Tr-pi_0776.jpg,110993,pituitary,pituitary,1,0.999959,0,1,0.000003,0.000032,0.000006,0.999959
data_rand_fold0/Testing/pituitary/Tr-pi_0781.jpg,111075,pituitary,pituitary,1,0.999762,0,1,0.000059,0.000130,0.000049,0.999762
data_rand_fold0/Testing/pituitary/Tr-pi_0782.jpg,111075,pituitary,pituitary,1,0.999643,0,1,0.000068,0.000261,0.000027,0.999643
data_rand_fold0/Testing/pituitary/Tr-pi_0787.jpg,111125,pituitary,pituitary,1,0.997578,0,1,0.000027,0.001719,0.000676,0.997578
data_rand_fold0/Testing/pituitary/Tr-pi_0791.jpg,111785,pituitary,pituitary,1,0.999520,0,1,0.000076,0.000325,0.000079,0.999520
data_rand_fold0/Testing/pituitary/Tr-pi_0793.jpg,112074,pituitary,pituitary,1,0.993973,0,1,0.001935,0.003192,0.000900,0.993973
data_rand_fold0/Testing/pituitary/Tr-pi_0794.jpg,112074,pituitary,pituitary,1,0.986697,0,1,0.004156,0.005256,0.003891,0.986697
data_rand_fold0/Testing/pituitary/Tr-pi_0795.jpg,113274,pituitary,pituitary,1,0.999460,0,1,0.000048,0.000400,0.000092,0.999460
data_rand_fold0/Testing/pituitary/Tr-pi_0799.jpg,112649,pituitary,pituitary,1,0.999252,0,1,0.000353,0.000117,0.000277,0.999252
data_rand_fold0/Testing/pituitary/Tr-pi_0803.jpg,112746,pituitary,pituitary,1,0.997935,0,1,0.000036,0.001958,0.000071,0.997935
data_rand_fold0/Testing/pituitary/Tr-pi_0812.jpg,113741,pituitary,pituitary,1,0.999780,0,1,0.000061,0.000090,0.000069,0.999780
data_rand_fold0/Testing/pituitary/Tr-pi_0820.jpg,114094,pituitary,pituitary,1,0.999829,0,1,0.000006,0.000151,0.000014,0.999829
data_rand_fold0/Testing/pituitary/Tr-pi_0821.jpg,114094,pituitary,pituitary,1,0.999167,0,1,0.000086,0.000698,0.000049,0.999167
data_rand_fold0/Testing/pituitary/Tr-pi_0833.jpg,114040,pituitary,pituitary,1,0.980571,0,1,0.000303,0.016179,0.002948,0.980571
data_rand_fold0/Testing/pituitary/Tr-pi_0846.jpg,107743,pituitary,pituitary,1,0.999204,0,1,0.000426,0.000312,0.000058,0.999204
data_rand_fold0/Testing/pituitary/Tr-pi_0847.jpg,107743,pituitary,pituitary,1,0.999197,0,1,0.000353,0.000208,0.000242,0.999197
data_rand_fold0/Testing/pituitary/Tr-pi_0855.jpg,114361,pituitary,pituitary,1,0.991769,0,1,0.000634,0.004132,0.003465,0.991769
data_rand_fold0/Testing/pituitary/Tr-pi_0856.jpg,108931,pituitary,pituitary,1,0.995263,0,1,0.000108,0.000088,0.004541,0.995263
data_rand_fold0/Testing/pituitary/Tr-pi_0862.jpg,114361,pituitary,pituitary,1,0.992105,0,1,0.001065,0.005638,0.001193,0.992105
data_rand_fold0/Testing/pituitary/Tr-pi_0870.jpg,110518,pituitary,pituitary,1,0.998673,0,1,0.000152,0.001151,0.000024,0.998673
data_rand_fold0/Testing/pituitary/Tr-pi_0872.jpg,110537,pituitary,pituitary,1,0.997068,0,1,0.000268,0.002581,0.000082,0.997068
data_rand_fold0/Testing/pituitary/Tr-pi_0875.jpg,110993,pituitary,pituitary,1,0.999922,0,1,0.000014,0.000047,0.000018,0.999922
data_rand_fold0/Testing/pituitary/Tr-pi_0880.jpg,111075,pituitary,pituitary,1,0.999681,0,1,0.000126,0.000168,0.000025,0.999681
data_rand_fold0/Testing/pituitary/Tr-pi_0883.jpg,111125,pituitary,pituitary,1,0.992231,0,1,0.000977,0.004157,0.002635,0.992231
data_rand_fold0/Testing/pituitary/Tr-pi_0884.jpg,111125,pituitary,pituitary,1,0.998369,0,1,0.000118,0.001015,0.000499,0.998369
data_rand_fold0/Testing/pituitary/Tr-pi_0891.jpg,106062,pituitary,pituitary,1,0.991860,0,1,0.000023,0.006651,0.001465,0.991860
data_rand_fold0/Testing/pituitary/Tr-pi_0898.jpg,112649,pituitary,pituitary,1,0.998852,0,1,0.000188,0.000916,0.000044,0.998852
data_rand_fold0/Testing/pituitary/Tr-pi_0900.jpg,112649,pituitary,pituitary,1,0.984298,0,1,0.012023,0.002862,0.000816,0.984298
data_rand_fold0/Testing/pituitary/Tr-pi_0901.jpg,112649,pituitary,pituitary,1,0.999600,0,1,0.000167,0.000208,0.000026,0.999600
data_rand_fold0/Testing/pituitary/Tr-pi_0907.jpg,112847,pituitary,pituitary,1,0.999644,0,1,0.000016,0.000310,0.000030,0.999644
data_rand_fold0/Testing/pituitary/Tr-pi_0924.jpg,107429,pituitary,pituitary,1,0.999322,0,1,0.000014,0.000651,0.000014,0.999322
data_rand_fold0/Testing/pituitary/Tr-pi_0926.jpg,107429,pituitary,pituitary,1,0.996534,0,1,0.000166,0.003051,0.000249,0.996534
data_rand_fold0/Testing/pituitary/Tr-pi_0930.jpg,114094,pituitary,pituitary,1,0.992289,0,1,0.000039,0.004047,0.003625,0.992289
data_rand_fold0/Testing/pituitary/Tr-pi_0934.jpg,107505,pituitary,pituitary,1,0.999884,0,1,0.000006,0.000050,0.000060,0.999884
data_rand_fold0/Testing/pituitary/Tr-pi_0937.jpg,107743,pituitary,pituitary,1,0.998272,0,1,0.000004,0.001065,0.000659,0.998272
data_rand_fold0/Testing/pituitary/Tr-pi_0948.jpg,109769,pituitary,pituitary,1,0.990631,0,1,0.000017,0.004931,0.004421,0.990631
data_rand_fold0/Testing/pituitary/Tr-pi_0949.jpg,109769,pituitary,pituitary,1,0.973876,0,1,0.000014,0.008653,0.017458,0.973876
data_rand_fold0/Testing/pituitary/Tr-pi_0953.jpg,109898,pituitary,pituitary,1,0.985365,0,1,0.000019,0.010429,0.004187,0.985365
data_rand_fold0/Testing/pituitary/Tr-pi_0956.jpg,110518,pituitary,meningioma,0,0.838847,0,1,0.000841,0.838847,0.001154,0.159158
data_rand_fold0/Testing/pituitary/Tr-pi_0961.jpg,110993,pituitary,pituitary,1,0.999345,0,1,0.000132,0.000315,0.000209,0.999345
data_rand_fold0/Testing/pituitary/Tr-pi_0967.jpg,111125,pituitary,pituitary,1,0.999419,0,1,0.000014,0.000235,0.000332,0.999419
data_rand_fold0/Testing/pituitary/Tr-pi_0973.jpg,111785,pituitary,pituitary,1,0.992618,0,1,0.000028,0.005298,0.002056,0.992618
data_rand_fold0/Testing/pituitary/Tr-pi_0980.jpg,114361,pituitary,pituitary,1,0.999793,0,1,0.000001,0.000205,0.000002,0.999793
data_rand_fold0/Testing/pituitary/Tr-pi_0989.jpg,101145,pituitary,pituitary,1,0.993894,0,1,0.000027,0.005970,0.000110,0.993894
data_rand_fold0/Testing/pituitary/Tr-pi_0990.jpg,101145,pituitary,pituitary,1,0.996369,0,1,0.000020,0.003424,0.000187,0.996369
data_rand_fold0/Testing/pituitary/Tr-pi_0992.jpg,101305,pituitary,pituitary,1,0.999823,0,1,0.000015,0.000126,0.000037,0.999823
data_rand_fold0/Testing/pituitary/Tr-pi_0999.jpg,102648,pituitary,pituitary,1,0.989063,0,1,0.002658,0.006989,0.001290,0.989063
data_rand_fold0/Testing/pituitary/Tr-pi_1004.jpg,103257,pituitary,pituitary,1,0.997460,0,1,0.000003,0.002292,0.000245,0.997460
data_rand_fold0/Testing/pituitary/Tr-pi_1012.jpg,103478,pituitary,pituitary,1,0.784301,0,1,0.004365,0.070363,0.140971,0.784301
data_rand_fold0/Testing/pituitary/Tr-pi_1015.jpg,103582,pituitary,pituitary,1,0.993886,0,1,0.000229,0.005396,0.000489,0.993886
data_rand_fold0/Testing/pituitary/Tr-pi_1016.jpg,103582,pituitary,pituitary,1,0.993171,0,1,0.000287,0.004298,0.002245,0.993171
data_rand_fold0/Testing/pituitary/Tr-pi_1025.jpg,103731,pituitary,pituitary,1,0.997728,0,1,0.000050,0.002076,0.000146,0.997728
data_rand_fold0/Testing/pituitary/Tr-pi_1029.jpg,103731,pituitary,pituitary,1,0.998655,0,1,0.000025,0.000148,0.001172,0.998655
data_rand_fold0/Testing/pituitary/Tr-pi_1032.jpg,101029,pituitary,pituitary,1,0.996301,0,1,0.000382,0.000612,0.002705,0.996301
data_rand_fold0/Testing/pituitary/Tr-pi_1035.jpg,103837,pituitary,pituitary,1,0.988921,0,1,0.000027,0.005254,0.005798,0.988921
data_rand_fold0/Testing/pituitary/Tr-pi_1043.jpg,104558,pituitary,pituitary,1,0.871084,0,1,0.032477,0.045164,0.051274,0.871084
data_rand_fold0/Testing/pituitary/Tr-pi_1045.jpg,104558,pituitary,pituitary,1,0.992027,0,1,0.000020,0.007916,0.000037,0.992027
data_rand_fold0/Testing/pituitary/Tr-pi_1047.jpg,104558,pituitary,pituitary,1,0.925196,0,1,0.001172,0.072841,0.000791,0.925196
data_rand_fold0/Testing/pituitary/Tr-pi_1057.jpg,104684,pituitary,pituitary,1,0.886489,0,1,0.000242,0.004181,0.109088,0.886489
data_rand_fold0/Testing/pituitary/Tr-pi_1058.jpg,104912,pituitary,pituitary,1,0.999904,0,1,0.000001,0.000089,0.000006,0.999904
data_rand_fold0/Testing/pituitary/Tr-pi_1059.jpg,104912,pituitary,pituitary,1,0.999561,0,1,0.000005,0.000411,0.000023,0.999561
data_rand_fold0/Testing/pituitary/Tr-pi_1061.jpg,105187,pituitary,pituitary,1,0.999927,0,1,0.000002,0.000064,0.000007,0.999927
data_rand_fold0/Testing/pituitary/Tr-pi_1071.jpg,106062,pituitary,pituitary,1,0.995787,0,1,0.002815,0.000685,0.000712,0.995787
data_rand_fold0/Testing/pituitary/Tr-pi_1088.jpg,97481,pituitary,pituitary,1,0.961981,0,1,0.022236,0.014242,0.001540,0.961981
data_rand_fold0/Testing/pituitary/Tr-pi_1091.jpg,97890,pituitary,pituitary,1,0.988431,0,1,0.006125,0.003999,0.001444,0.988431
data_rand_fold0/Testing/pituitary/Tr-pi_1094.jpg,97890,pituitary,pituitary,1,0.982374,0,1,0.008962,0.002074,0.006590,0.982374
data_rand_fold0/Testing/pituitary/Tr-pi_1110.jpg,98874,pituitary,pituitary,1,0.998584,0,1,0.000033,0.001261,0.000122,0.998584
data_rand_fold0/Testing/pituitary/Tr-pi_1116.jpg,98992,pituitary,pituitary,1,0.940459,0,1,0.014408,0.022213,0.022920,0.940459
data_rand_fold0/Testing/pituitary/Tr-pi_1120.jpg,98995,pituitary,pituitary,1,0.955185,0,1,0.000185,0.015331,0.029299,0.955185
data_rand_fold0/Testing/pituitary/Tr-pi_1128.jpg,99223,pituitary,pituitary,1,0.996946,0,1,0.000924,0.001388,0.000742,0.996946
data_rand_fold0/Testing/pituitary/Tr-pi_1132.jpg,101017,pituitary,pituitary,1,0.999887,0,1,0.000049,0.000041,0.000023,0.999887
data_rand_fold0/Testing/pituitary/Tr-pi_1134.jpg,101029,pituitary,pituitary,1,0.999923,0,1,0.000000,0.000012,0.000066,0.999923
data_rand_fold0/Testing/pituitary/Tr-pi_1141.jpg,101145,pituitary,pituitary,1,0.994780,0,1,0.001704,0.002359,0.001158,0.994780
data_rand_fold0/Testing/pituitary/Tr-pi_1142.jpg,101145,pituitary,pituitary,1,0.988056,0,1,0.000626,0.004926,0.006392,0.988056
data_rand_fold0/Testing/pituitary/Tr-pi_1143.jpg,101305,pituitary,pituitary,1,0.999614,0,1,0.000035,0.000271,0.000081,0.999614
data_rand_fold0/Testing/pituitary/Tr-pi_1150.jpg,101724,pituitary,pituitary,1,0.997742,0,1,0.000688,0.001473,0.000097,0.997742
data_rand_fold0/Testing/pituitary/Tr-pi_1171.jpg,103582,pituitary,pituitary,1,0.999775,0,1,0.000014,0.000144,0.000067,0.999775
data_rand_fold0/Testing/pituitary/Tr-pi_1173.jpg,103582,pituitary,pituitary,1,0.999724,0,1,0.000024,0.000232,0.000020,0.999724
data_rand_fold0/Testing/pituitary/Tr-pi_1178.jpg,103671,pituitary,pituitary,1,0.997869,0,1,0.000205,0.001816,0.000111,0.997869
data_rand_fold0/Testing/pituitary/Tr-pi_1189.jpg,107429,pituitary,pituitary,1,0.994701,0,1,0.000226,0.005016,0.000056,0.994701
data_rand_fold0/Testing/pituitary/Tr-pi_1191.jpg,103837,pituitary,pituitary,1,0.998588,0,1,0.000186,0.000470,0.000756,0.998588
data_rand_fold0/Testing/pituitary/Tr-pi_1192.jpg,103837,pituitary,pituitary,1,0.997651,0,1,0.000140,0.000295,0.001914,0.997651
data_rand_fold0/Testing/pituitary/Tr-pi_1201.jpg,104558,pituitary,pituitary,1,0.999677,0,1,0.000022,0.000283,0.000018,0.999677
data_rand_fold0/Testing/pituitary/Tr-pi_1222.jpg,105538,pituitary,meningioma,0,0.876248,0,1,0.104676,0.876248,0.013467,0.005609
data_rand_fold0/Testing/pituitary/Tr-pi_1230.jpg,97416,pituitary,pituitary,1,0.999729,0,1,0.000012,0.000173,0.000086,0.999729
data_rand_fold0/Testing/pituitary/Tr-pi_1233.jpg,97416,pituitary,pituitary,1,0.987523,0,1,0.000727,0.008859,0.002891,0.987523
data_rand_fold0/Testing/pituitary/Tr-pi_1239.jpg,97461,pituitary,pituitary,1,0.999886,0,1,0.000024,0.000086,0.000004,0.999886
data_rand_fold0/Testing/pituitary/Tr-pi_1249.jpg,98472,pituitary,pituitary,1,0.999749,0,1,0.000043,0.000111,0.000097,0.999749
data_rand_fold0/Testing/pituitary/Tr-pi_1263.jpg,98874,pituitary,pituitary,1,0.962836,0,1,0.024569,0.012373,0.000222,0.962836
data_rand_fold0/Testing/pituitary/Tr-pi_1276.jpg,98995,pituitary,pituitary,1,0.999346,0,1,0.000050,0.000573,0.000031,0.999346
data_rand_fold0/Testing/pituitary/Tr-pi_1284.jpg,101017,pituitary,pituitary,1,0.999947,0,1,0.000008,0.000033,0.000012,0.999947
data_rand_fold0/Testing/pituitary/Tr-pi_1287.jpg,101029,pituitary,pituitary,1,0.999983,0,1,0.000003,0.000010,0.000003,0.999983
data_rand_fold0/Testing/pituitary/Tr-pi_1291.jpg,101029,pituitary,pituitary,1,0.999993,0,1,0.000004,0.000002,0.000001,0.999993
data_rand_fold0/Testing/pituitary/Tr-pi_1293.jpg,101145,pituitary,pituitary,1,0.991566,0,1,0.000243,0.007361,0.000830,0.991566
data_rand_fold0/Testing/pituitary/Tr-pi_1295.jpg,101305,pituitary,pituitary,1,0.999604,0,1,0.000072,0.000291,0.000034,0.999604
data_rand_fold0/Testing/pituitary/Tr-pi_1304.jpg,107743,pituitary,pituitary,1,0.998062,0,1,0.000178,0.001122,0.000639,0.998062
data_rand_fold0/Testing/pituitary/Tr-pi_1307.jpg,102648,pituitary,pituitary,1,0.999413,0,1,0.000350,0.000043,0.000194,0.999413
data_rand_fold0/Testing/pituitary/Tr-pi_1320.jpg,103478,pituitary,pituitary,1,0.999796,0,1,0.000085,0.000099,0.000020,0.999796
data_rand_fold0/Testing/pituitary/Tr-pi_1321.jpg,103478,pituitary,pituitary,1,0.999755,0,1,0.000017,0.000103,0.000124,0.999755
data_rand_fold0/Testing/pituitary/Tr-pi_1322.jpg,103478,pituitary,pituitary,1,0.996727,0,1,0.001445,0.000595,0.001233,0.996727
data_rand_fold0/Testing/pituitary/Tr-pi_1324.jpg,103478,pituitary,pituitary,1,0.999677,0,1,0.000014,0.000226,0.000084,0.999677
data_rand_fold0/Testing/pituitary/Tr-pi_1329.jpg,103582,pituitary,pituitary,1,0.999959,0,1,0.000006,0.000029,0.000006,0.999959
data_rand_fold0/Testing/pituitary/Tr-pi_1335.jpg,103670,pituitary,pituitary,1,0.999867,0,1,0.000002,0.000101,0.000030,0.999867
data_rand_fold0/Testing/pituitary/Tr-pi_1339.jpg,103671,pituitary,pituitary,1,0.999830,0,1,0.000018,0.000146,0.000006,0.999830
data_rand_fold0/Testing/pituitary/Tr-pi_1340.jpg,103671,pituitary,pituitary,1,0.999831,0,1,0.000039,0.000127,0.000003,0.999831
data_rand_fold0/Testing/pituitary/Tr-pi_1341.jpg,103731,pituitary,pituitary,1,0.999746,0,1,0.000132,0.000087,0.000034,0.999746
data_rand_fold0/Testing/pituitary/Tr-pi_1346.jpg,103837,pituitary,pituitary,1,0.999893,0,1,0.000003,0.000066,0.000038,0.999893
data_rand_fold0/Testing/pituitary/Tr-pi_1360.jpg,104558,pituitary,pituitary,1,0.993566,0,1,0.005388,0.000931,0.000115,0.993566
data_rand_fold0/Testing/pituitary/Tr-pi_1373.jpg,104912,pituitary,pituitary,1,0.997989,0,1,0.001821,0.000147,0.000043,0.997989
data_rand_fold0/Testing/pituitary/Tr-pi_1374.jpg,105187,pituitary,pituitary,1,0.997127,0,1,0.001761,0.000825,0.000287,0.997127
data_rand_fold0/Testing/pituitary/Tr-pi_1380.jpg,105475,pituitary,pituitary,1,0.999305,0,1,0.000180,0.000123,0.000392,0.999305
data_rand_fold0/Testing/pituitary/Tr-pi_1387.jpg,105638,pituitary,pituitary,1,0.997762,0,1,0.001369,0.000306,0.000562,0.997762
data_rand_fold0/Testing/pituitary/Tr-pi_1388.jpg,97416,pituitary,pituitary,1,0.998415,0,1,0.000993,0.000426,0.000166,0.998415
data_rand_fold0/Testing/pituitary/Tr-pi_1396.jpg,97461,pituitary,pituitary,1,0.998657,0,1,0.001007,0.000209,0.000127,0.998657
data_rand_fold0/Testing/pituitary/Tr-pi_1403.jpg,97481,pituitary,pituitary,1,0.999722,0,1,0.000003,0.000204,0.000072,0.999722
data_rand_fold0/Testing/pituitary/Tr-pi_1434.jpg,98992,pituitary,pituitary,1,0.999983,0,1,0.000004,0.000012,0.000001,0.999983
data_rand_fold0/Testing/pituitary/Tr-pi_1444.jpg,98995,pituitary,pituitary,1,0.999875,0,1,0.000001,0.000122,0.000002,0.999875
data_rand_fold0/Testing/pituitary/Tr-pi_1449.jpg,99223,pituitary,pituitary,1,0.999985,0,1,0.000001,0.000011,0.000003,0.999985
data_rand_fold0/Testing/pituitary/Tr-pi_1450.jpg,109471,pituitary,pituitary,1,0.999859,0,1,0.000048,0.000080,0.000013,0.999859
data_rand_fold0/Testing/pituitary/Tr-pi_1452.jpg,109769,pituitary,pituitary,1,0.999910,0,1,0.000011,0.000032,0.000047,0.999910
data_rand_fold0/Testing/pituitary/Tr-pi_1454.jpg,109769,pituitary,pituitary,1,0.992611,0,1,0.000024,0.000113,0.007252,0.992611
data_rand_fold0/Testing/pituitary/Tr-pi_1456.jpg,112847,pituitary,pituitary,1,0.998729,0,1,0.000037,0.001219,0.000016,0.998729
