path,group,true,pred,correct,confidence,fold,seed,p_glioma,p_meningioma,p_notumor,p_pituitary
data_rand_fold2/Testing/glioma/Te-gl_0012.jpg,MR054683,glioma,glioma,1,0.999657,2,1,0.999657,0.000006,0.000054,0.000283
data_rand_fold2/Testing/glioma/Te-gl_0019.jpg,MR037458B,glioma,glioma,1,0.999073,2,1,0.999073,0.000541,0.000058,0.000328
data_rand_fold2/Testing/glioma/Te-gl_0020.jpg,MR039473B,glioma,glioma,1,0.999907,2,1,0.999907,0.000001,0.000002,0.000090
data_rand_fold2/Testing/glioma/Te-gl_0025.jpg,MR050135B,glioma,glioma,1,0.999575,2,1,0.999575,0.000021,0.000022,0.000382
data_rand_fold2/Testing/glioma/Te-gl_0026.jpg,MR050135B,glioma,glioma,1,0.999915,2,1,0.999915,0.000006,0.000015,0.000064
data_rand_fold2/Testing/glioma/Te-gl_0027.jpg,MR050135B,glioma,glioma,1,0.999939,2,1,0.999939,0.000010,0.000020,0.000030
data_rand_fold2/Testing/glioma/Te-gl_0035.jpg,MR029209I,glioma,glioma,1,0.999778,2,1,0.999778,0.000041,0.000044,0.000137
data_rand_fold2/Testing/glioma/Te-gl_0040.jpg,MR048944,glioma,glioma,1,0.999900,2,1,0.999900,0.000052,0.000033,0.000016
data_rand_fold2/Testing/glioma/Te-gl_0042.jpg,MR048994,glioma,glioma,1,0.999659,2,1,0.999659,0.000268,0.000044,0.000029
data_rand_fold2/Testing/glioma/Te-gl_0049.jpg,MR040240,glioma,glioma,1,0.999938,2,1,0.999938,0.000006,0.000004,0.000052
data_rand_fold2/Testing/glioma/Te-gl_0050.jpg,MR040240B,glioma,glioma,1,0.998888,2,1,0.998888,0.000088,0.000132,0.000891
data_rand_fold2/Testing/glioma/Te-gl_0052.jpg,MR036496B,glioma,glioma,1,0.999887,2,1,0.999887,0.000015,0.000079,0.000019
data_rand_fold2/Testing/glioma/Te-gl_0055.jpg,MR024780B,glioma,glioma,1,0.999650,2,1,0.999650,0.000029,0.000022,0.000299
data_rand_fold2/Testing/glioma/Te-gl_0056.jpg,MR049104,glioma,glioma,1,0.999700,2,1,0.999700,0.000241,0.000045,0.000013
data_rand_fold2/Testing/glioma/Te-gl_0061.jpg,MR049358,glioma,glioma,1,0.999808,2,1,0.999808,0.000132,0.000015,0.000045
data_rand_fold2/Testing/glioma/Te-gl_0062.jpg,MR049453,glioma,glioma,1,0.999844,2,1,0.999844,0.000102,0.000048,0.000006
data_rand_fold2/Testing/glioma/Te-gl_0064.jpg,MR049453B,glioma,glioma,1,0.999773,2,1,0.999773,0.000199,0.000013,0.000015
data_rand_fold2/Testing/glioma/Te-gl_0075.jpg,MR049358,glioma,glioma,1,0.999961,2,1,0.999961,0.000010,0.000016,0.000014
data_rand_fold2/Testing/glioma/Te-gl_0082.jpg,MR050135B,glioma,glioma,1,0.999787,2,1,0.999787,0.000013,0.000031,0.000169
data_rand_fold2/Testing/glioma/Te-gl_0094.jpg,100820,glioma,glioma,1,0.989605,2,1,0.989605,0.001607,0.007768,0.001019
data_rand_fold2/Testing/glioma/Te-gl_0102.jpg,MR032322C,glioma,glioma,1,0.986591,2,1,0.986591,0.000201,0.012846,0.000362
data_rand_fold2/Testing/glioma/Te-gl_0108.jpg,MR039473,glioma,glioma,1,0.999811,2,1,0.999811,0.000016,0.000005,0.000168
data_rand_fold2/Testing/glioma/Te-gl_0113.jpg,MR037458C,glioma,glioma,1,0.999827,2,1,0.999827,0.000112,0.000034,0.000027
data_rand_fold2/Testing/glioma/Te-gl_0121.jpg,MR024780B,glioma,glioma,1,0.999404,2,1,0.999404,0.000118,0.000164,0.000314
data_rand_fold2/Testing/glioma/Te-gl_0124.jpg,MR049104,glioma,glioma,1,0.999647,2,1,0.999647,0.000146,0.000178,0.000029
data_rand_fold2/Testing/glioma/Te-gl_0129.jpg,MR049358,glioma,glioma,1,0.999699,2,1,0.999699,0.000133,0.000108,0.000059
data_rand_fold2/Testing/glioma/Te-gl_0134.jpg,MR024780G,glioma,glioma,1,0.999797,2,1,0.999797,0.000141,0.000048,0.000014
data_rand_fold2/Testing/glioma/Te-gl_0135.jpg,MR029209I,glioma,glioma,1,0.999934,2,1,0.999934,0.000004,0.000020,0.000042
data_rand_fold2/Testing/glioma/Te-gl_0142.jpg,MR048944,glioma,glioma,1,0.999938,2,1,0.999938,0.000038,0.000021,0.000004
data_rand_fold2/Testing/glioma/Te-gl_0143.jpg,MR040240,glioma,glioma,1,0.999901,2,1,0.999901,0.000069,0.000024,0.000006
data_rand_fold2/Testing/glioma/Te-gl_0144.jpg,MR040240,glioma,glioma,1,0.999603,2,1,0.999603,0.000336,0.000006,0.000055
data_rand_fold2/Testing/glioma/Te-gl_0150.jpg,MR048294,glioma,glioma,1,0.999206,2,1,0.999206,0.000653,0.000050,0.000091
data_rand_fold2/Testing/glioma/Te-gl_0153.jpg,MR051644,glioma,glioma,1,0.999320,2,1,0.999320,0.000361,0.000219,0.000100
data_rand_fold2/Testing/glioma/Te-gl_0156.jpg,MR047953C,glioma,glioma,1,0.999927,2,1,0.999927,0.000027,0.000027,0.000018
data_rand_fold2/Testing/glioma/Te-gl_0159.jpg,MR037458B,glioma,glioma,1,0.528165,2,1,0.528165,0.470805,0.000893,0.000137
data_rand_fold2/Testing/glioma/Te-gl_0162.jpg,MR053110E,glioma,glioma,1,0.999514,2,1,0.999514,0.000410,0.000057,0.000018
data_rand_fold2/Testing/glioma/Te-gl_0163.jpg,MR053110E,glioma,glioma,1,0.999236,2,1,0.999236,0.000598,0.000136,0.000031
data_rand_fold2/Testing/glioma/Te-gl_0175.jpg,MR048944,glioma,glioma,1,0.999923,2,1,0.999923,0.000040,0.000012,0.000025
data_rand_fold2/Testing/glioma/Te-gl_0177.jpg,MR048994,glioma,glioma,1,0.999297,2,1,0.999297,0.000624,0.000055,0.000024
data_rand_fold2/Testing/glioma/Te-gl_0182.jpg,MR048994B,glioma,glioma,1,0.998225,2,1,0.998225,0.001353,0.000013,0.000409
data_rand_fold2/Testing/glioma/Te-gl_0183.jpg,MR049358,glioma,glioma,1,0.999873,2,1,0.999873,0.000093,0.000011,0.000023
data_rand_fold2/Testing/glioma/Te-gl_0187.jpg,MR049453,glioma,glioma,1,0.999838,2,1,0.999838,0.000026,0.000009,0.000127
data_rand_fold2/Testing/glioma/Te-gl_0188.jpg,MR024780G,glioma,glioma,1,0.999927,2,1,0.999927,0.000055,0.000017,0.000001
data_rand_fold2/Testing/glioma/Te-gl_0194.jpg,MR051461,glioma,glioma,1,0.999052,2,1,0.999052,0.000893,0.000033,0.000022
data_rand_fold2/Testing/glioma/Te-gl_0203.jpg,MR051644,glioma,glioma,1,0.999876,2,1,0.999876,0.000039,0.000061,0.000025
data_rand_fold2/Testing/glioma/Te-gl_0204.jpg,MR051651,glioma,glioma,1,0.979227,2,1,0.979227,0.019456,0.000424,0.000892
data_rand_fold2/Testing/glioma/Te-gl_0224.jpg,MR034997,glioma,glioma,1,0.999907,2,1,0.999907,0.000027,0.000007,0.000059
data_rand_fold2/Testing/glioma/Te-gl_0226.jpg,MR033389B,glioma,glioma,1,0.999313,2,1,0.999313,0.000037,0.000030,0.000619
data_rand_fold2/Testing/glioma/Te-gl_0237.jpg,102075,glioma,glioma,1,0.693993,2,1,0.693993,0.304817,0.000228,0.000961
data_rand_fold2/Testing/glioma/Te-gl_0243.jpg,112105,glioma,glioma,1,0.996584,2,1,0.996584,0.003265,0.000131,0.000020
data_rand_fold2/Testing/glioma/Te-gl_0245.jpg,112105,glioma,glioma,1,0.998049,2,1,0.998049,0.001819,0.000090,0.000043
data_rand_fold2/Testing/glioma/Te-gl_0250.jpg,90284,glioma,glioma,1,0.985599,2,1,0.985599,0.014267,0.000046,0.000087
data_rand_fold2/Testing/glioma/Te-gl_0251.jpg,90284,glioma,glioma,1,0.996329,2,1,0.996329,0.003574,0.000055,0.000041
data_rand_fold2/Testing/glioma/Te-gl_0266.jpg,107747,glioma,glioma,1,0.999243,2,1,0.999243,0.000641,0.000014,0.000102
data_rand_fold2/Testing/glioma/Te-gl_0271.jpg,90284,glioma,glioma,1,0.835663,2,1,0.835663,0.162368,0.001763,0.000206
data_rand_fold2/Testing/glioma/Te-gl_0276.jpg,93329,glioma,glioma,1,0.992994,2,1,0.992994,0.006942,0.000007,0.000056
data_rand_fold2/Testing/glioma/Te-gl_0288.jpg,MR048297,glioma,glioma,1,0.999831,2,1,0.999831,0.000057,0.000093,0.000019
data_rand_fold2/Testing/glioma/Te-gl_0294.jpg,MR049104,glioma,glioma,1,0.999515,2,1,0.999515,0.000010,0.000032,0.000443
data_rand_fold2/Testing/glioma/Tr-gl_0012.jpg,MR053110E,glioma,glioma,1,0.999987,2,1,0.999987,0.000006,0.000005,0.000001
data_rand_fold2/Testing/glioma/Tr-gl_0013.jpg,MR049019G,glioma,glioma,1,0.999976,2,1,0.999976,0.000014,0.000006,0.000004
data_rand_fold2/Testing/glioma/Tr-gl_0030.jpg,MR033420,glioma,glioma,1,0.999884,2,1,0.999884,0.000093,0.000020,0.000004
data_rand_fold2/Testing/glioma/Tr-gl_0044.jpg,101020,glioma,glioma,1,0.998383,2,1,0.998383,0.001587,0.000023,0.000007
data_rand_fold2/Testing/glioma/Tr-gl_0045.jpg,94731,glioma,glioma,1,0.933546,2,1,0.933546,0.065985,0.000119,0.000350
data_rand_fold2/Testing/glioma/Tr-gl_0046.jpg,95142,glioma,glioma,1,0.985659,2,1,0.985659,0.013723,0.000228,0.000390
data_rand_fold2/Testing/glioma/Tr-gl_0048.jpg,96587,glioma,glioma,1,0.995337,2,1,0.995337,0.004040,0.000601,0.000021
data_rand_fold2/Testing/glioma/Tr-gl_0050.jpg,98889,glioma,glioma,1,0.987776,2,1,0.987776,0.011996,0.000067,0.000161
data_rand_fold2/Testing/glioma/Tr-gl_0058.jpg,MR048944B,glioma,glioma,1,0.999965,2,1,0.999965,0.000004,0.000004,0.000027
data_rand_fold2/Testing/glioma/Tr-gl_0061.jpg,MR049358,glioma,glioma,1,0.999974,2,1,0.999974,0.000004,0.000005,0.000017
data_rand_fold2/Testing/glioma/Tr-gl_0065.jpg,MR050791B,glioma,glioma,1,0.999271,2,1,0.999271,0.000246,0.000437,0.000046
data_rand_fold2/Testing/glioma/Tr-gl_0066.jpg,MR051586,glioma,glioma,1,0.999835,2,1,0.999835,0.000008,0.000142,0.000014
data_rand_fold2/Testing/glioma/Tr-gl_0077.jpg,MR053110E,glioma,glioma,1,0.999159,2,1,0.999159,0.000030,0.000111,0.000700
data_rand_fold2/Testing/glioma/Tr-gl_0082.jpg,MR037458C,glioma,glioma,1,0.997969,2,1,0.997969,0.001764,0.000058,0.000209
data_rand_fold2/Testing/glioma/Tr-gl_0087.jpg,93825,glioma,glioma,1,0.902345,2,1,0.902345,0.097390,0.000187,0.000077
data_rand_fold2/Testing/glioma/Tr-gl_0088.jpg,MR040240C,glioma,glioma,1,0.999910,2,1,0.999910,0.000016,0.000007,0.000067
data_rand_fold2/Testing/glioma/Tr-gl_0095.jpg,MR048944,glioma,glioma,1,0.999844,2,1,0.999844,0.000104,0.000037,0.000015
data_rand_fold2/Testing/glioma/Tr-gl_0096.jpg,MR048994,glioma,glioma,1,0.998942,2,1,0.998942,0.000742,0.000267,0.000049
data_rand_fold2/Testing/glioma/Tr-gl_0097.jpg,MR026175E,glioma,glioma,1,0.999191,2,1,0.999191,0.000015,0.000751,0.000043
data_rand_fold2/Testing/glioma/Tr-gl_0101.jpg,112105,glioma,glioma,1,0.997590,2,1,0.997590,0.002273,0.000114,0.000023
data_rand_fold2/Testing/glioma/Tr-gl_0107.jpg,MR048994,glioma,glioma,1,0.999554,2,1,0.999554,0.000426,0.000014,0.000005
data_rand_fold2/Testing/glioma/Tr-gl_0110.jpg,MR049358,glioma,glioma,1,0.999584,2,1,0.999584,0.000258,0.000112,0.000046
data_rand_fold2/Testing/glioma/Tr-gl_0114.jpg,MR050135B,glioma,glioma,1,0.998329,2,1,0.998329,0.001423,0.000181,0.000067
data_rand_fold2/Testing/glioma/Tr-gl_0129.jpg,MR049104B,glioma,glioma,1,0.999901,2,1,0.999901,0.000003,0.000004,0.000091
data_rand_fold2/Testing/glioma/Tr-gl_0131.jpg,MR049104B,glioma,glioma,1,0.999959,2,1,0.999959,0.000001,0.000006,0.000034
data_rand_fold2/Testing/glioma/Tr-gl_0140.jpg,MR024780G,glioma,glioma,1,0.973529,2,1,0.973529,0.001696,0.004189,0.020586
data_rand_fold2/Testing/glioma/Tr-gl_0144.jpg,MR024780G,glioma,glioma,1,0.999919,2,1,0.999919,0.000008,0.000020,0.000052
data_rand_fold2/Testing/glioma/Tr-gl_0148.jpg,MR024780G,glioma,glioma,1,0.999923,2,1,0.999923,0.000003,0.000008,0.000066
data_rand_fold2/Testing/glioma/Tr-gl_0155.jpg,MR049453B,glioma,glioma,1,0.999856,2,1,0.999856,0.000020,0.000005,0.000118
data_rand_fold2/Testing/glioma/Tr-gl_0157.jpg,MR049453B,glioma,glioma,1,0.999941,2,1,0.999941,0.000014,0.000004,0.000040
data_rand_fold2/Testing/glioma/Tr-gl_0159.jpg,MR048294B,glioma,glioma,1,0.999870,2,1,0.999870,0.000009,0.000013,0.000108
data_rand_fold2/Testing/glioma/Tr-gl_0160.jpg,MR048294B,glioma,glioma,1,0.999942,2,1,0.999942,0.000003,0.000011,0.000045
data_rand_fold2/Testing/glioma/Tr-gl_0170.jpg,MR050135B,glioma,glioma,1,0.999940,2,1,0.999940,0.000012,0.000026,0.000023
data_rand_fold2/Testing/glioma/Tr-gl_0173.jpg,MR050135B,glioma,glioma,1,0.999954,2,1,0.999954,0.000004,0.000031,0.000011
data_rand_fold2/Testing/glioma/Tr-gl_0175.jpg,MR050135B,glioma,glioma,1,0.999926,2,1,0.999926,0.000014,0.000025,0.000035
data_rand_fold2/Testing/glioma/Tr-gl_0178.jpg,MR050687,glioma,glioma,1,0.999991,2,1,0.999991,0.000005,0.000002,0.000002
data_rand_fold2/Testing/glioma/Tr-gl_0179.jpg,MR050687,glioma,glioma,1,0.999933,2,1,0.999933,0.000026,0.000037,0.000005
data_rand_fold2/Testing/glioma/Tr-gl_0181.jpg,MR050687,glioma,glioma,1,0.999786,2,1,0.999786,0.000006,0.000205,0.000003
data_rand_fold2/Testing/glioma/Tr-gl_0184.jpg,MR050687,glioma,glioma,1,0.991978,2,1,0.991978,0.007392,0.000438,0.000192
data_rand_fold2/Testing/glioma/Tr-gl_0192.jpg,MR050791B,glioma,glioma,1,0.985540,2,1,0.985540,0.002231,0.011970,0.000259
data_rand_fold2/Testing/glioma/Tr-gl_0193.jpg,MR050791B,glioma,glioma,1,0.999063,2,1,0.999063,0.000199,0.000711,0.000027
data_rand_fold2/Testing/glioma/Tr-gl_0194.jpg,MR049019C,glioma,glioma,1,0.994415,2,1,0.994415,0.000129,0.000018,0.005438
data_rand_fold2/Testing/glioma/Tr-gl_0206.jpg,MR051461,glioma,glioma,1,0.999985,2,1,0.999985,0.000001,0.000010,0.000003
data_rand_fold2/Testing/glioma/Tr-gl_0207.jpg,MR051461,glioma,glioma,1,0.999988,2,1,0.999988,0.000002,0.000008,0.000001
data_rand_fold2/Testing/glioma/Tr-gl_0210.jpg,MR051461,glioma,glioma,1,0.999851,2,1,0.999851,0.000058,0.000023,0.000068
data_rand_fold2/Testing/glioma/Tr-gl_0213.jpg,MR051586,glioma,glioma,1,0.999909,2,1,0.999909,0.000011,0.000042,0.000038
data_rand_fold2/Testing/glioma/Tr-gl_0215.jpg,MR051586,glioma,glioma,1,0.999753,2,1,0.999753,0.000009,0.000228,0.000009
data_rand_fold2/Testing/glioma/Tr-gl_0216.jpg,MR051586,glioma,glioma,1,0.999733,2,1,0.999733,0.000027,0.000222,0.000017
data_rand_fold2/Testing/glioma/Tr-gl_0217.jpg,MR051586,glioma,glioma,1,0.999798,2,1,0.999798,0.000028,0.000138,0.000037
data_rand_fold2/Testing/glioma/Tr-gl_0219.jpg,MR051586,glioma,glioma,1,0.999470,2,1,0.999470,0.000059,0.000098,0.000372
data_rand_fold2/Testing/glioma/Tr-gl_0224.jpg,MR051644,glioma,glioma,1,0.998686,2,1,0.998686,0.001181,0.000046,0.000087
data_rand_fold2/Testing/glioma/Tr-gl_0225.jpg,MR051644,glioma,glioma,1,0.944991,2,1,0.944991,0.046785,0.004296,0.003928
data_rand_fold2/Testing/glioma/Tr-gl_0226.jpg,MR051644,glioma,glioma,1,0.937303,2,1,0.937303,0.053668,0.006660,0.002369
data_rand_fold2/Testing/glioma/Tr-gl_0248.jpg,MR051796,glioma,glioma,1,0.999236,2,1,0.999236,0.000097,0.000031,0.000636
data_rand_fold2/Testing/glioma/Tr-gl_0249.jpg,MR051796,glioma,glioma,1,0.996034,2,1,0.996034,0.002587,0.000509,0.000870
data_rand_fold2/Testing/glioma/Tr-gl_0251.jpg,MR051651B,glioma,glioma,1,0.999612,2,1,0.999612,0.000330,0.000024,0.000034
data_rand_fold2/Testing/glioma/Tr-gl_0257.jpg,MR051644B,glioma,glioma,1,0.999843,2,1,0.999843,0.000003,0.000129,0.000025
data_rand_fold2/Testing/glioma/Tr-gl_0262.jpg,MR051644B,glioma,glioma,1,0.999932,2,1,0.999932,0.000015,0.000043,0.000010
data_rand_fold2/Testing/glioma/Tr-gl_0265.jpg,MR052550,glioma,glioma,1,0.999970,2,1,0.999970,0.000002,0.000021,0.000007
data_rand_fold2/Testing/glioma/Tr-gl_0269.jpg,MR051644C,glioma,glioma,1,0.999970,2,1,0.999970,0.000002,0.000000,0.000028
data_rand_fold2/Testing/glioma/Tr-gl_0274.jpg,MR051644C,glioma,glioma,1,0.999331,2,1,0.999331,0.000058,0.000137,0.000473
data_rand_fold2/Testing/glioma/Tr-gl_0275.jpg,MR051644C,glioma,glioma,1,0.999964,2,1,0.999964,0.000001,0.000020,0.000015
data_rand_fold2/Testing/glioma/Tr-gl_0278.jpg,MR051644C,glioma,glioma,1,0.999972,2,1,0.999972,0.000003,0.000018,0.000007
data_rand_fold2/Testing/glioma/Tr-gl_0285.jpg,MR047953C,glioma,glioma,1,0.999913,2,1,0.999913,0.000001,0.000001,0.000085
data_rand_fold2/Testing/glioma/Tr-gl_0290.jpg,MR053110B,glioma,glioma,1,0.999898,2,1,0.999898,0.000012,0.000043,0.000047
data_rand_fold2/Testing/glioma/Tr-gl_0291.jpg,MR053110B,glioma,glioma,1,0.999943,2,1,0.999943,0.000004,0.000014,0.000039
data_rand_fold2/Testing/glioma/Tr-gl_0294.jpg,MR034694,glioma,glioma,1,0.999976,2,1,0.999976,0.000002,0.000007,0.000014
data_rand_fold2/Testing/glioma/Tr-gl_0298.jpg,MR054683,glioma,glioma,1,0.999460,2,1,0.999460,0.000009,0.000041,0.000490
data_rand_fold2/Testing/glioma/Tr-gl_0301.jpg,MR054875,glioma,glioma,1,0.999991,2,1,0.999991,0.000002,0.000003,0.000004
data_rand_fold2/Testing/glioma/Tr-gl_0302.jpg,MR054875,glioma,glioma,1,0.999964,2,1,0.999964,0.000001,0.000003,0.000031
data_rand_fold2/Testing/glioma/Tr-gl_0307.jpg,MR050687C,glioma,glioma,1,0.982635,2,1,0.982635,0.000011,0.000003,0.017351
data_rand_fold2/Testing/glioma/Tr-gl_0309.jpg,MR056144,glioma,glioma,1,0.999752,2,1,0.999752,0.000028,0.000014,0.000206
data_rand_fold2/Testing/glioma/Tr-gl_0315.jpg,MR034997,glioma,glioma,1,0.999574,2,1,0.999574,0.000008,0.000413,0.000005
data_rand_fold2/Testing/glioma/Tr-gl_0317.jpg,MR034997,glioma,glioma,1,0.998896,2,1,0.998896,0.000098,0.000997,0.000009
data_rand_fold2/Testing/glioma/Tr-gl_0324.jpg,MR029209E,glioma,glioma,1,0.999130,2,1,0.999130,0.000078,0.000027,0.000765
data_rand_fold2/Testing/glioma/Tr-gl_0345.jpg,MR038469,glioma,glioma,1,0.999950,2,1,0.999950,0.000007,0.000003,0.000041
data_rand_fold2/Testing/glioma/Tr-gl_0346.jpg,MR038469,glioma,glioma,1,0.999832,2,1,0.999832,0.000030,0.000013,0.000125
data_rand_fold2/Testing/glioma/Tr-gl_0352.jpg,MR032322C,glioma,glioma,1,0.999157,2,1,0.999157,0.000265,0.000063,0.000515
data_rand_fold2/Testing/glioma/Tr-gl_0357.jpg,MR037458B,glioma,glioma,1,0.979620,2,1,0.979620,0.012790,0.000064,0.007526
data_rand_fold2/Testing/glioma/Tr-gl_0362.jpg,MR037458B,glioma,glioma,1,0.991460,2,1,0.991460,0.008078,0.000093,0.000369
data_rand_fold2/Testing/glioma/Tr-gl_0380.jpg,MR040240,glioma,glioma,1,0.999962,2,1,0.999962,0.000011,0.000005,0.000022
data_rand_fold2/Testing/glioma/Tr-gl_0391.jpg,MR040240B,glioma,glioma,1,0.999749,2,1,0.999749,0.000050,0.000011,0.000191
data_rand_fold2/Testing/glioma/Tr-gl_0394.jpg,MR029209G,glioma,glioma,1,0.999528,2,1,0.999528,0.000013,0.000030,0.000429
data_rand_fold2/Testing/glioma/Tr-gl_0398.jpg,MR029209G,glioma,glioma,1,0.999364,2,1,0.999364,0.000133,0.000034,0.000469
data_rand_fold2/Testing/glioma/Tr-gl_0400.jpg,MR036496B,glioma,glioma,1,0.999830,2,1,0.999830,0.000010,0.000135,0.000025
data_rand_fold2/Testing/glioma/Tr-gl_0406.jpg,MR033420,glioma,glioma,1,0.999992,2,1,0.999992,0.000000,0.000002,0.000006
data_rand_fold2/Testing/glioma/Tr-gl_0419.jpg,MR049142,glioma,glioma,1,0.969322,2,1,0.969322,0.030463,0.000104,0.000111
data_rand_fold2/Testing/glioma/Tr-gl_0424.jpg,MR048944B,glioma,glioma,1,0.999983,2,1,0.999983,0.000008,0.000005,0.000005
data_rand_fold2/Testing/glioma/Tr-gl_0427.jpg,MR048944B,glioma,glioma,1,0.999973,2,1,0.999973,0.000016,0.000004,0.000007
data_rand_fold2/Testing/glioma/Tr-gl_0432.jpg,MR049358,glioma,glioma,1,0.999595,2,1,0.999595,0.000309,0.000069,0.000028
data_rand_fold2/Testing/glioma/Tr-gl_0450.jpg,MR049453B,glioma,glioma,1,0.999832,2,1,0.999832,0.000130,0.000013,0.000025
data_rand_fold2/Testing/glioma/Tr-gl_0451.jpg,MR049453B,glioma,glioma,1,0.999910,2,1,0.999910,0.000072,0.000008,0.000010
data_rand_fold2/Testing/glioma/Tr-gl_0455.jpg,MR049453B,glioma,glioma,1,0.998911,2,1,0.998911,0.000903,0.000078,0.000108
data_rand_fold2/Testing/glioma/Tr-gl_0460.jpg,MR049453B,glioma,glioma,1,0.999946,2,1,0.999946,0.000032,0.000004,0.000017
data_rand_fold2/Testing/glioma/Tr-gl_0461.jpg,MR049453B,glioma,glioma,1,0.999915,2,1,0.999915,0.000068,0.000007,0.000011
data_rand_fold2/Testing/glioma/Tr-gl_0462.jpg,MR050135B,glioma,glioma,1,0.885892,2,1,0.885892,0.113408,0.000442,0.000257
data_rand_fold2/Testing/glioma/Tr-gl_0476.jpg,MR050687,glioma,glioma,1,0.999876,2,1,0.999876,0.000101,0.000021,0.000002
data_rand_fold2/Testing/glioma/Tr-gl_0477.jpg,MR050687,glioma,glioma,1,0.981038,2,1,0.981038,0.018216,0.000689,0.000057
data_rand_fold2/Testing/glioma/Tr-gl_0481.jpg,MR050791B,glioma,glioma,1,0.997138,2,1,0.997138,0.000562,0.002241,0.000059
data_rand_fold2/Testing/glioma/Tr-gl_0482.jpg,MR050791B,glioma,glioma,1,0.998955,2,1,0.998955,0.000289,0.000735,0.000022
data_rand_fold2/Testing/glioma/Tr-gl_0484.jpg,MR049019C,glioma,glioma,1,0.999162,2,1,0.999162,0.000360,0.000078,0.000399
data_rand_fold2/Testing/glioma/Tr-gl_0491.jpg,MR026175C,glioma,glioma,1,0.997601,2,1,0.997601,0.001101,0.001054,0.000243
data_rand_fold2/Testing/glioma/Tr-gl_0498.jpg,MR051461,glioma,glioma,1,0.999388,2,1,0.999388,0.000413,0.000125,0.000073
data_rand_fold2/Testing/glioma/Tr-gl_0501.jpg,MR051461,glioma,glioma,1,0.999911,2,1,0.999911,0.000028,0.000040,0.000021
data_rand_fold2/Testing/glioma/Tr-gl_0509.jpg,MR033389B,glioma,glioma,1,0.999940,2,1,0.999940,0.000031,0.000023,0.000006
data_rand_fold2/Testing/glioma/Tr-gl_0521.jpg,MR026175E,glioma,glioma,1,0.999783,2,1,0.999783,0.000012,0.000189,0.000016
data_rand_fold2/Testing/glioma/Tr-gl_0524.jpg,MR040240C,glioma,glioma,1,0.997372,2,1,0.997372,0.000009,0.000016,0.002602
data_rand_fold2/Testing/glioma/Tr-gl_0534.jpg,MR040240C,glioma,glioma,1,0.999771,2,1,0.999771,0.000043,0.000013,0.000172
data_rand_fold2/Testing/glioma/Tr-gl_0535.jpg,MR040240D,glioma,glioma,1,0.999675,2,1,0.999675,0.000041,0.000050,0.000234
data_rand_fold2/Testing/glioma/Tr-gl_0539.jpg,MR040240D,glioma,glioma,1,0.999966,2,1,0.999966,0.000003,0.000006,0.000025
data_rand_fold2/Testing/glioma/Tr-gl_0541.jpg,MR040240D,glioma,glioma,1,0.999942,2,1,0.999942,0.000011,0.000010,0.000037
data_rand_fold2/Testing/glioma/Tr-gl_0544.jpg,MR040240D,glioma,glioma,1,0.999701,2,1,0.999701,0.000076,0.000108,0.000116
data_rand_fold2/Testing/glioma/Tr-gl_0547.jpg,MR017260F,glioma,glioma,1,0.999962,2,1,0.999962,0.000010,0.000009,0.000019
data_rand_fold2/Testing/glioma/Tr-gl_0548.jpg,MR017260F,glioma,glioma,1,0.999972,2,1,0.999972,0.000008,0.000011,0.000009
data_rand_fold2/Testing/glioma/Tr-gl_0549.jpg,MR017260F,glioma,glioma,1,0.999973,2,1,0.999973,0.000003,0.000013,0.000010
data_rand_fold2/Testing/glioma/Tr-gl_0550.jpg,MR017260F,glioma,glioma,1,0.995905,2,1,0.995905,0.003210,0.000694,0.000191
data_rand_fold2/Testing/glioma/Tr-gl_0553.jpg,MR017260F,glioma,glioma,1,0.999635,2,1,0.999635,0.000145,0.000061,0.000159
data_rand_fold2/Testing/glioma/Tr-gl_0562.jpg,MR029209I,glioma,glioma,1,0.999753,2,1,0.999753,0.000120,0.000025,0.000102
data_rand_fold2/Testing/glioma/Tr-gl_0579.jpg,MR048621B,glioma,glioma,1,0.999698,2,1,0.999698,0.000170,0.000081,0.000052
data_rand_fold2/Testing/glioma/Tr-gl_0586.jpg,MR048944,glioma,glioma,1,0.999805,2,1,0.999805,0.000125,0.000058,0.000013
data_rand_fold2/Testing/glioma/Tr-gl_0587.jpg,MR048944,glioma,glioma,1,0.999950,2,1,0.999950,0.000022,0.000019,0.000010
data_rand_fold2/Testing/glioma/Tr-gl_0597.jpg,MR040240,glioma,glioma,1,0.997413,2,1,0.997413,0.002481,0.000027,0.000080
data_rand_fold2/Testing/glioma/Tr-gl_0600.jpg,MR040240,glioma,glioma,1,0.999828,2,1,0.999828,0.000125,0.000029,0.000019
data_rand_fold2/Testing/glioma/Tr-gl_0601.jpg,MR040240,glioma,glioma,1,0.999960,2,1,0.999960,0.000015,0.000024,0.000001
data_rand_fold2/Testing/glioma/Tr-gl_0604.jpg,MR040240,glioma,glioma,1,0.999701,2,1,0.999701,0.000166,0.000025,0.000108
data_rand_fold2/Testing/glioma/Tr-gl_0605.jpg,MR040240B,glioma,glioma,1,0.999806,2,1,0.999806,0.000107,0.000056,0.000031
data_rand_fold2/Testing/glioma/Tr-gl_0609.jpg,MR040240B,glioma,glioma,1,0.999821,2,1,0.999821,0.000085,0.000043,0.000052
data_rand_fold2/Testing/glioma/Tr-gl_0619.jpg,MR029209G,glioma,glioma,1,0.999275,2,1,0.999275,0.000352,0.000095,0.000277
data_rand_fold2/Testing/glioma/Tr-gl_0620.jpg,MR029209G,glioma,glioma,1,0.998992,2,1,0.998992,0.000848,0.000102,0.000057
data_rand_fold2/Testing/glioma/Tr-gl_0640.jpg,MR033389B,glioma,glioma,1,0.999045,2,1,0.999045,0.000740,0.000073,0.000143
data_rand_fold2/Testing/glioma/Tr-gl_0641.jpg,MR033389B,glioma,glioma,1,0.995582,2,1,0.995582,0.003243,0.000603,0.000572
data_rand_fold2/Testing/glioma/Tr-gl_0646.jpg,MR024780E,glioma,glioma,1,0.999990,2,1,0.999990,0.000003,0.000004,0.000004
data_rand_fold2/Testing/glioma/Tr-gl_0668.jpg,MR040240C,glioma,glioma,1,0.999913,2,1,0.999913,0.000072,0.000005,0.000010
data_rand_fold2/Testing/glioma/Tr-gl_0670.jpg,MR040240C,glioma,glioma,1,0.999879,2,1,0.999879,0.000084,0.000019,0.000018
data_rand_fold2/Testing/glioma/Tr-gl_0674.jpg,MR017260F,glioma,glioma,1,0.976234,2,1,0.976234,0.015287,0.008342,0.000138
data_rand_fold2/Testing/glioma/Tr-gl_0680.jpg,MR029209I,glioma,glioma,1,0.999857,2,1,0.999857,0.000087,0.000043,0.000013
data_rand_fold2/Testing/glioma/Tr-gl_0690.jpg,MR048294,glioma,glioma,1,0.999872,2,1,0.999872,0.000060,0.000056,0.000012
data_rand_fold2/Testing/glioma/Tr-gl_0698.jpg,MR051644,glioma,glioma,1,0.998960,2,1,0.998960,0.000558,0.000354,0.000128
data_rand_fold2/Testing/glioma/Tr-gl_0704.jpg,MR051644,glioma,glioma,1,0.999935,2,1,0.999935,0.000037,0.000018,0.000010
data_rand_fold2/Testing/glioma/Tr-gl_0714.jpg,MR051651,glioma,glioma,1,0.998161,2,1,0.998161,0.001365,0.000106,0.000368
data_rand_fold2/Testing/glioma/Tr-gl_0717.jpg,MR051796,glioma,glioma,1,0.999967,2,1,0.999967,0.000022,0.000004,0.000007
data_rand_fold2/Testing/glioma/Tr-gl_0732.jpg,MR052550,glioma,glioma,1,0.999668,2,1,0.999668,0.000195,0.000091,0.000047
data_rand_fold2/Testing/glioma/Tr-gl_0758.jpg,MR053110B,glioma,glioma,1,0.999629,2,1,0.999629,0.000219,0.000036,0.000116
data_rand_fold2/Testing/glioma/Tr-gl_0760.jpg,MR053110B,glioma,glioma,1,0.999894,2,1,0.999894,0.000043,0.000044,0.000019
data_rand_fold2/Testing/glioma/Tr-gl_0766.jpg,MR034694,glioma,glioma,1,0.999786,2,1,0.999786,0.000029,0.000153,0.000032
data_rand_fold2/Testing/glioma/Tr-gl_0771.jpg,MR054683,glioma,glioma,1,0.999678,2,1,0.999678,0.000109,0.000100,0.000114
data_rand_fold2/Testing/glioma/Tr-gl_0774.jpg,MR050687C,glioma,glioma,1,0.998746,2,1,0.998746,0.000646,0.000368,0.000241
data_rand_fold2/Testing/glioma/Tr-gl_0779.jpg,MR050687C,glioma,glioma,1,0.999693,2,1,0.999693,0.000239,0.000047,0.000021
data_rand_fold2/Testing/glioma/Tr-gl_0786.jpg,MR053241C,glioma,glioma,1,0.999034,2,1,0.999034,0.000225,0.000655,0.000086
data_rand_fold2/Testing/glioma/Tr-gl_0787.jpg,MR053241C,glioma,glioma,1,0.999791,2,1,0.999791,0.000063,0.000045,0.000101
data_rand_fold2/Testing/glioma/Tr-gl_0792.jpg,MR034997,glioma,glioma,1,0.999980,2,1,0.999980,0.000010,0.000009,0.000001
data_rand_fold2/Testing/glioma/Tr-gl_0800.jpg,MR029209E,glioma,glioma,1,0.999739,2,1,0.999739,0.000142,0.000023,0.000096
data_rand_fold2/Testing/glioma/Tr-gl_0807.jpg,MR053110E,glioma,glioma,1,0.993330,2,1,0.993330,0.005943,0.000545,0.000181
data_rand_fold2/Testing/glioma/Tr-gl_0815.jpg,MR049019G,glioma,glioma,1,0.999930,2,1,0.999930,0.000044,0.000013,0.000014
data_rand_fold2/Testing/glioma/Tr-gl_0817.jpg,MR031409B,glioma,glioma,1,0.999939,2,1,0.999939,0.000036,0.000011,0.000014
data_rand_fold2/Testing/glioma/Tr-gl_0818.jpg,MR031409B,glioma,glioma,1,0.999878,2,1,0.999878,0.000048,0.000060,0.000014
data_rand_fold2/Testing/glioma/Tr-gl_0821.jpg,MR038469,glioma,glioma,1,0.999204,2,1,0.999204,0.000281,0.000365,0.000149
data_rand_fold2/Testing/glioma/Tr-gl_0822.jpg,MR038469,glioma,glioma,1,0.999886,2,1,0.999886,0.000080,0.000024,0.000011
data_rand_fold2/Testing/glioma/Tr-gl_0823.jpg,MR038469,glioma,glioma,1,0.999835,2,1,0.999835,0.000133,0.000009,0.000023
data_rand_fold2/Testing/glioma/Tr-gl_0825.jpg,MR038469,glioma,glioma,1,0.999776,2,1,0.999776,0.000182,0.000027,0.000016
data_rand_fold2/Testing/glioma/Tr-gl_0831.jpg,MR032322C,glioma,glioma,1,0.988286,2,1,0.988286,0.009085,0.002465,0.000164
data_rand_fold2/Testing/glioma/Tr-gl_0833.jpg,MR032322C,glioma,glioma,1,0.997502,2,1,0.997502,0.001716,0.000483,0.000299
data_rand_fold2/Testing/glioma/Tr-gl_0837.jpg,MR032322C,glioma,glioma,1,0.999131,2,1,0.999131,0.000596,0.000174,0.000099
data_rand_fold2/Testing/glioma/Tr-gl_0840.jpg,MR032322C,glioma,glioma,1,0.999709,2,1,0.999709,0.000086,0.000077,0.000128
data_rand_fold2/Testing/glioma/Tr-gl_0845.jpg,MR037458B,glioma,meningioma,0,0.826216,2,1,0.172590,0.826216,0.000744,0.000449
data_rand_fold2/Testing/glioma/Tr-gl_0848.jpg,MR039473,glioma,glioma,1,0.999796,2,1,0.999796,0.000132,0.000021,0.000052
data_rand_fold2/Testing/glioma/Tr-gl_0860.jpg,MR037458C,glioma,glioma,1,0.963215,2,1,0.963215,0.036386,0.000342,0.000057
data_rand_fold2/Testing/glioma/Tr-gl_0864.jpg,MR037458C,glioma,glioma,1,0.999979,2,1,0.999979,0.000007,0.000009,0.000005
data_rand_fold2/Testing/glioma/Tr-gl_0866.jpg,MR037458C,glioma,glioma,1,0.998603,2,1,0.998603,0.001247,0.000037,0.000113
data_rand_fold2/Testing/glioma/Tr-gl_0867.jpg,MR029209E,glioma,glioma,1,0.998544,2,1,0.998544,0.001317,0.000065,0.000074
data_rand_fold2/Testing/glioma/Tr-gl_0877.jpg,MR049019G,glioma,glioma,1,0.997276,2,1,0.997276,0.001369,0.000020,0.001336
data_rand_fold2/Testing/glioma/Tr-gl_0880.jpg,MR031409B,glioma,glioma,1,0.998956,2,1,0.998956,0.000855,0.000030,0.000159
data_rand_fold2/Testing/glioma/Tr-gl_0883.jpg,MR038469,glioma,glioma,1,0.955612,2,1,0.955612,0.036213,0.001720,0.006455
data_rand_fold2/Testing/glioma/Tr-gl_0887.jpg,MR032322C,glioma,glioma,1,0.997356,2,1,0.997356,0.001681,0.000085,0.000877
data_rand_fold2/Testing/glioma/Tr-gl_0890.jpg,MR032322C,glioma,glioma,1,0.904759,2,1,0.904759,0.074052,0.000179,0.021010
data_rand_fold2/Testing/glioma/Tr-gl_0893.jpg,MR032322C,glioma,glioma,1,0.966310,2,1,0.966310,0.023441,0.000458,0.009792
data_rand_fold2/Testing/glioma/Tr-gl_0901.jpg,MR037458B,glioma,meningioma,0,0.897150,2,1,0.102568,0.897150,0.000212,0.000069
data_rand_fold2/Testing/glioma/Tr-gl_0906.jpg,MR039473B,glioma,glioma,1,0.999106,2,1,0.999106,0.000752,0.000077,0.000065
data_rand_fold2/Testing/glioma/Tr-gl_0915.jpg,MR040240,glioma,glioma,1,0.999840,2,1,0.999840,0.000150,0.000005,0.000006
data_rand_fold2/Testing/glioma/Tr-gl_0916.jpg,MR040240,glioma,glioma,1,0.999060,2,1,0.999060,0.000804,0.000043,0.000093
data_rand_fold2/Testing/glioma/Tr-gl_0921.jpg,MR040240B,glioma,glioma,1,0.999416,2,1,0.999416,0.000432,0.000016,0.000136
data_rand_fold2/Testing/glioma/Tr-gl_0932.jpg,MR036496B,glioma,glioma,1,0.999974,2,1,0.999974,0.000010,0.000008,0.000008
data_rand_fold2/Testing/glioma/Tr-gl_0942.jpg,MR024780B,glioma,glioma,1,0.997486,2,1,0.997486,0.002027,0.000111,0.000376
data_rand_fold2/Testing/glioma/Tr-gl_0950.jpg,MR048297,glioma,glioma,1,0.997966,2,1,0.997966,0.001684,0.000265,0.000085
data_rand_fold2/Testing/glioma/Tr-gl_0953.jpg,MR048294B,glioma,glioma,1,0.937208,2,1,0.937208,0.060522,0.001293,0.000977
data_rand_fold2/Testing/glioma/Tr-gl_0960.jpg,MR048621B,glioma,glioma,1,0.999174,2,1,0.999174,0.000632,0.000015,0.000179
data_rand_fold2/Testing/glioma/Tr-gl_0961.jpg,MR048621B,glioma,glioma,1,0.999499,2,1,0.999499,0.000314,0.000012,0.000175
data_rand_fold2/Testing/glioma/Tr-gl_0973.jpg,MR049104,glioma,glioma,1,0.999683,2,1,0.999683,0.000257,0.000022,0.000038
data_rand_fold2/Testing/glioma/Tr-gl_0974.jpg,MR049104,glioma,glioma,1,0.997436,2,1,0.997436,0.001890,0.000058,0.000616
data_rand_fold2/Testing/glioma/Tr-gl_0975.jpg,MR049142,glioma,glioma,1,0.951145,2,1,0.951145,0.047834,0.000854,0.000168
data_rand_fold2/Testing/glioma/Tr-gl_0977.jpg,MR049142,glioma,glioma,1,0.944593,2,1,0.944593,0.055189,0.000136,0.000083
data_rand_fold2/Testing/glioma/Tr-gl_0978.jpg,MR048994B,glioma,glioma,1,0.996143,2,1,0.996143,0.002023,0.000035,0.001798
data_rand_fold2/Testing/glioma/Tr-gl_0982.jpg,MR049358,glioma,glioma,1,0.999724,2,1,0.999724,0.000162,0.000010,0.000104
data_rand_fold2/Testing/glioma/Tr-gl_0984.jpg,MR049358,glioma,glioma,1,0.999653,2,1,0.999653,0.000150,0.000008,0.000189
data_rand_fold2/Testing/glioma/Tr-gl_0987.jpg,MR049453,glioma,glioma,1,0.999615,2,1,0.999615,0.000110,0.000009,0.000266
data_rand_fold2/Testing/glioma/Tr-gl_0996.jpg,MR024780G,glioma,glioma,1,0.999439,2,1,0.999439,0.000355,0.000178,0.000029
data_rand_fold2/Testing/glioma/Tr-gl_0999.jpg,MR050135B,glioma,glioma,1,0.999938,2,1,0.999938,0.000048,0.000008,0.000006
data_rand_fold2/Testing/glioma/Tr-gl_1002.jpg,MR050135B,glioma,glioma,1,0.986301,2,1,0.986301,0.013574,0.000033,0.000092
data_rand_fold2/Testing/glioma/Tr-gl_1022.jpg,MR051461,glioma,glioma,1,0.993824,2,1,0.993824,0.005579,0.000421,0.000177
data_rand_fold2/Testing/glioma/Tr-gl_1037.jpg,MR051651,glioma,glioma,1,0.987296,2,1,0.987296,0.012468,0.000057,0.000179
data_rand_fold2/Testing/glioma/Tr-gl_1043.jpg,MR051796,glioma,glioma,1,0.995200,2,1,0.995200,0.003368,0.000021,0.001411
data_rand_fold2/Testing/glioma/Tr-gl_1045.jpg,MR051651B,glioma,glioma,1,0.699565,2,1,0.699565,0.296785,0.000814,0.002836
data_rand_fold2/Testing/glioma/Tr-gl_1057.jpg,MR051796B,glioma,glioma,1,0.999645,2,1,0.999645,0.000290,0.000008,0.000058
data_rand_fold2/Testing/glioma/Tr-gl_1060.jpg,MR052550,glioma,glioma,1,0.999762,2,1,0.999762,0.000157,0.000057,0.000024
data_rand_fold2/Testing/glioma/Tr-gl_1077.jpg,MR053110B,glioma,glioma,1,0.999908,2,1,0.999908,0.000071,0.000007,0.000013
data_rand_fold2/Testing/glioma/Tr-gl_1080.jpg,MR053110B,glioma,glioma,1,0.999355,2,1,0.999355,0.000602,0.000020,0.000024
data_rand_fold2/Testing/glioma/Tr-gl_1082.jpg,MR034694,glioma,glioma,1,0.999955,2,1,0.999955,0.000011,0.000001,0.000033
data_rand_fold2/Testing/glioma/Tr-gl_1091.jpg,MR050687C,glioma,glioma,1,0.993627,2,1,0.993627,0.001652,0.000061,0.004660
data_rand_fold2/Testing/glioma/Tr-gl_1096.jpg,MR034997,glioma,glioma,1,0.999974,2,1,0.999974,0.000018,0.000006,0.000002
data_rand_fold2/Testing/glioma/Tr-gl_1105.jpg,MR033389B,glioma,glioma,1,0.994389,2,1,0.994389,0.000011,0.000004,0.005596
data_rand_fold2/Testing/glioma/Tr-gl_1110.jpg,MR040240C,glioma,glioma,1,0.999215,2,1,0.999215,0.000490,0.000032,0.000263
data_rand_fold2/Testing/glioma/Tr-gl_1111.jpg,MR040240C,glioma,glioma,1,0.998717,2,1,0.998717,0.001080,0.000070,0.000133
data_rand_fold2/Testing/glioma/Tr-gl_1114.jpg,MR040240C,glioma,glioma,1,0.958153,2,1,0.958153,0.030800,0.000093,0.010954
data_rand_fold2/Testing/glioma/Tr-gl_1133.jpg,101020,glioma,glioma,1,0.755257,2,1,0.755257,0.201851,0.027454,0.015438
data_rand_fold2/Testing/glioma/Tr-gl_1134.jpg,101020,glioma,meningioma,0,0.611627,2,1,0.380921,0.611627,0.003116,0.004336
data_rand_fold2/Testing/glioma/Tr-gl_1151.jpg,107747,glioma,glioma,1,0.998641,2,1,0.998641,0.000915,0.000040,0.000404
data_rand_fold2/Testing/glioma/Tr-gl_1166.jpg,101020,glioma,meningioma,0,0.601140,2,1,0.398458,0.601140,0.000199,0.000203
data_rand_fold2/Testing/glioma/Tr-gl_1167.jpg,101020,glioma,meningioma,0,0.900060,2,1,0.098844,0.900060,0.000253,0.000843
data_rand_fold2/Testing/glioma/Tr-gl_1168.jpg,102075,glioma,glioma,1,0.984734,2,1,0.984734,0.014975,0.000097,0.000193
data_rand_fold2/Testing/glioma/Tr-gl_1179.jpg,107747,glioma,glioma,1,0.988028,2,1,0.988028,0.011879,0.000035,0.000059
data_rand_fold2/Testing/glioma/Tr-gl_1181.jpg,112027,glioma,meningioma,0,0.947078,2,1,0.052813,0.947078,0.000046,0.000064
data_rand_fold2/Testing/glioma/Tr-gl_1189.jpg,112105,glioma,glioma,1,0.999706,2,1,0.999706,0.000270,0.000010,0.000013
data_rand_fold2/Testing/glioma/Tr-gl_1190.jpg,88670,glioma,glioma,1,0.962731,2,1,0.962731,0.036774,0.000194,0.000301
data_rand_fold2/Testing/glioma/Tr-gl_1193.jpg,88670,glioma,glioma,1,0.996941,2,1,0.996941,0.002746,0.000226,0.000087
data_rand_fold2/Testing/glioma/Tr-gl_1197.jpg,90284,glioma,glioma,1,0.996898,2,1,0.996898,0.002854,0.000033,0.000216
data_rand_fold2/Testing/glioma/Tr-gl_1201.jpg,93825,glioma,glioma,1,0.855833,2,1,0.855833,0.142057,0.001865,0.000244
data_rand_fold2/Testing/glioma/Tr-gl_1204.jpg,97609,glioma,glioma,1,0.971543,2,1,0.971543,0.027628,0.000373,0.000456
data_rand_fold2/Testing/glioma/Tr-gl_1210.jpg,100820,glioma,glioma,1,0.935148,2,1,0.935148,0.063348,0.001254,0.000250
data_rand_fold2/Testing/glioma/Tr-gl_1211.jpg,100820,glioma,glioma,1,0.675897,2,1,0.675897,0.321716,0.001787,0.000600
data_rand_fold2/Testing/glioma/Tr-gl_1212.jpg,101020,glioma,glioma,1,0.689212,2,1,0.689212,0.310097,0.000428,0.000262
data_rand_fold2/Testing/glioma/Tr-gl_1216.jpg,101384,glioma,glioma,1,0.950667,2,1,0.950667,0.048356,0.000090,0.000887
data_rand_fold2/Testing/glioma/Tr-gl_1221.jpg,103148,glioma,meningioma,0,0.512055,2,1,0.487666,0.512055,0.000065,0.000214
data_rand_fold2/Testing/glioma/Tr-gl_1224.jpg,106494,glioma,glioma,1,0.470298,2,1,0.470298,0.374315,0.155003,0.000384
data_rand_fold2/Testing/glioma/Tr-gl_1234.jpg,112105,glioma,glioma,1,0.999611,2,1,0.999611,0.000326,0.000049,0.000014
data_rand_fold2/Testing/glioma/Tr-gl_1237.jpg,112105,glioma,glioma,1,0.808456,2,1,0.808456,0.190943,0.000164,0.000437
data_rand_fold2/Testing/glioma/Tr-gl_1238.jpg,112105,glioma,glioma,1,0.995642,2,1,0.995642,0.004292,0.000011,0.000055
data_rand_fold2/Testing/glioma/Tr-gl_1240.jpg,88670,glioma,glioma,1,0.998330,2,1,0.998330,0.001503,0.000145,0.000022
data_rand_fold2/Testing/glioma/Tr-gl_1245.jpg,90284,glioma,glioma,1,0.971411,2,1,0.971411,0.028450,0.000069,0.000070
data_rand_fold2/Testing/glioma/Tr-gl_1248.jpg,90284,glioma,glioma,1,0.999704,2,1,0.999704,0.000270,0.000018,0.000008
data_rand_fold2/Testing/glioma/Tr-gl_1253.jpg,93329,glioma,glioma,1,0.993191,2,1,0.993191,0.006753,0.000027,0.000029
data_rand_fold2/Testing/glioma/Tr-gl_1255.jpg,93825,glioma,glioma,1,0.999808,2,1,0.999808,0.000171,0.000013,0.000007
data_rand_fold2/Testing/glioma/Tr-gl_1260.jpg,95142,glioma,glioma,1,0.734430,2,1,0.734430,0.136674,0.069016,0.059880
data_rand_fold2/Testing/glioma/Tr-gl_1265.jpg,95142,glioma,glioma,1,0.986978,2,1,0.986978,0.008655,0.003822,0.000544
data_rand_fold2/Testing/glioma/Tr-gl_1271.jpg,97609,glioma,glioma,1,0.984260,2,1,0.984260,0.015685,0.000017,0.000039
data_rand_fold2/Testing/glioma/Tr-gl_1280.jpg,MR048294,glioma,glioma,1,0.999869,2,1,0.999869,0.000030,0.000046,0.000055
data_rand_fold2/Testing/glioma/Tr-gl_1283.jpg,MR048297,glioma,glioma,1,0.999774,2,1,0.999774,0.000096,0.000061,0.000069
data_rand_fold2/Testing/glioma/Tr-gl_1295.jpg,MR048944,glioma,glioma,1,0.999952,2,1,0.999952,0.000027,0.000007,0.000014
data_rand_fold2/Testing/glioma/Tr-gl_1297.jpg,MR048944,glioma,glioma,1,0.998274,2,1,0.998274,0.001507,0.000011,0.000207
data_rand_fold2/Testing/glioma/Tr-gl_1305.jpg,MR048994,glioma,glioma,1,0.977330,2,1,0.977330,0.019983,0.000579,0.002108
data_rand_fold2/Testing/glioma/Tr-gl_1311.jpg,MR048994B,glioma,glioma,1,0.999877,2,1,0.999877,0.000022,0.000012,0.000088
data_rand_fold2/Testing/glioma/Tr-gl_1319.jpg,MR048944B,glioma,glioma,1,0.999709,2,1,0.999709,0.000064,0.000054,0.000173
data_rand_fold2/Testing/meningioma/Te-me_0122.jpg,111077,meningioma,glioma,0,0.732205,2,1,0.732205,0.229454,0.004468,0.033874
data_rand_fold2/Testing/meningioma/Te-me_0125.jpg,112062,meningioma,meningioma,1,0.999438,2,1,0.000485,0.999438,0.000043,0.000034
data_rand_fold2/Testing/meningioma/Te-me_0134.jpg,97607,meningioma,meningioma,1,0.995068,2,1,0.004292,0.995068,0.000432,0.000208
data_rand_fold2/Testing/meningioma/Te-me_0138.jpg,98241,meningioma,meningioma,1,0.999568,2,1,0.000364,0.999568,0.000037,0.000031
data_rand_fold2/Testing/meningioma/Te-me_0146.jpg,97943,meningioma,meningioma,1,0.876480,2,1,0.116837,0.876480,0.005903,0.000780
data_rand_fold2/Testing/meningioma/Te-me_0147.jpg,98241,meningioma,meningioma,1,0.999731,2,1,0.000212,0.999731,0.000011,0.000046
data_rand_fold2/Testing/meningioma/Te-me_0148.jpg,99017,meningioma,meningioma,1,0.993741,2,1,0.000600,0.993741,0.001271,0.004388
data_rand_fold2/Testing/meningioma/Te-me_0166.jpg,103925,meningioma,meningioma,1,0.986157,2,1,0.011903,0.986157,0.001810,0.000131
data_rand_fold2/Testing/meningioma/Te-me_0168.jpg,104167,meningioma,meningioma,1,0.998301,2,1,0.000517,0.998301,0.001147,0.000035
data_rand_fold2/Testing/meningioma/Te-me_0184.jpg,108514,meningioma,meningioma,1,0.993714,2,1,0.006167,0.993714,0.000111,0.000009
data_rand_fold2/Testing/meningioma/Te-me_0186.jpg,108590,meningioma,meningioma,1,0.999656,2,1,0.000170,0.999656,0.000151,0.000023
data_rand_fold2/Testing/meningioma/Te-me_0200.jpg,113435,meningioma,meningioma,1,0.996890,2,1,0.002821,0.996890,0.000177,0.000112
data_rand_fold2/Testing/meningioma/Te-me_0215.jpg,99308,meningioma,meningioma,1,0.993761,2,1,0.005701,0.993761,0.000274,0.000265
data_rand_fold2/Testing/meningioma/Te-me_0219.jpg,100920,meningioma,meningioma,1,0.999973,2,1,0.000018,0.999973,0.000002,0.000007
data_rand_fold2/Testing/meningioma/Te-me_0220.jpg,101016,meningioma,meningioma,1,0.998520,2,1,0.001288,0.998520,0.000121,0.000071
data_rand_fold2/Testing/meningioma/Te-me_0225.jpg,102420,meningioma,meningioma,1,0.998011,2,1,0.001657,0.998011,0.000245,0.000087
data_rand_fold2/Testing/meningioma/Te-me_0227.jpg,102714,meningioma,meningioma,1,0.999873,2,1,0.000104,0.999873,0.000011,0.000012
data_rand_fold2/Testing/meningioma/Te-me_0228.jpg,102818,meningioma,meningioma,1,0.999930,2,1,0.000050,0.999930,0.000001,0.000020
data_rand_fold2/Testing/meningioma/Te-me_0230.jpg,102960,meningioma,meningioma,1,0.995760,2,1,0.004069,0.995760,0.000121,0.000049
data_rand_fold2/Testing/meningioma/Te-me_0240.jpg,106442,meningioma,meningioma,1,0.999959,2,1,0.000008,0.999959,0.000030,0.000003
data_rand_fold2/Testing/meningioma/Te-me_0245.jpg,106914,meningioma,meningioma,1,0.999883,2,1,0.000107,0.999883,0.000007,0.000002
data_rand_fold2/Testing/meningioma/Te-me_0247.jpg,107248,meningioma,meningioma,1,0.999397,2,1,0.000506,0.999397,0.000041,0.000057
data_rand_fold2/Testing/meningioma/Te-me_0250.jpg,108514,meningioma,meningioma,1,0.999369,2,1,0.000454,0.999369,0.000155,0.000022
data_rand_fold2/Testing/meningioma/Te-me_0252.jpg,108590,meningioma,meningioma,1,0.998776,2,1,0.001211,0.998776,0.000011,0.000002
data_rand_fold2/Testing/meningioma/Te-me_0260.jpg,112002,meningioma,meningioma,1,0.739994,2,1,0.258634,0.739994,0.001110,0.000262
data_rand_fold2/Testing/meningioma/Te-me_0264.jpg,112648,meningioma,meningioma,1,0.999858,2,1,0.000046,0.999858,0.000092,0.000003
data_rand_fold2/Testing/meningioma/Te-me_0266.jpg,113098,meningioma,meningioma,1,0.999922,2,1,0.000058,0.999922,0.000006,0.000014
data_rand_fold2/Testing/meningioma/Te-me_0267.jpg,113435,meningioma,meningioma,1,0.999697,2,1,0.000287,0.999697,0.000003,0.000013
data_rand_fold2/Testing/meningioma/Te-me_0271.jpg,113971,meningioma,meningioma,1,0.995664,2,1,0.004144,0.995664,0.000044,0.000148
data_rand_fold2/Testing/meningioma/Te-me_0285.jpg,99089,meningioma,meningioma,1,0.995521,2,1,0.004386,0.995521,0.000081,0.000012
data_rand_fold2/Testing/meningioma/Te-me_0289.jpg,99815,meningioma,meningioma,1,0.999433,2,1,0.000435,0.999433,0.000077,0.000055
data_rand_fold2/Testing/meningioma/Te-me_0290.jpg,106534,meningioma,meningioma,1,0.982554,2,1,0.015171,0.982554,0.001933,0.000342
data_rand_fold2/Testing/meningioma/Te-me_0292.jpg,100572,meningioma,meningioma,1,0.999929,2,1,0.000040,0.999929,0.000014,0.000017
data_rand_fold2/Testing/meningioma/Te-me_0295.jpg,106914,meningioma,meningioma,1,0.999544,2,1,0.000315,0.999544,0.000092,0.000050
data_rand_fold2/Testing/meningioma/Te-me_0299.jpg,114018,meningioma,meningioma,1,0.987414,2,1,0.000131,0.987414,0.000291,0.012163
data_rand_fold2/Testing/meningioma/Te-me_0304.jpg,97875,meningioma,meningioma,1,0.898979,2,1,0.041547,0.898979,0.003179,0.056295
data_rand_fold2/Testing/meningioma/Tr-meTr_0003.jpg,107494,meningioma,meningioma,1,0.987099,2,1,0.007168,0.987099,0.001058,0.004675
data_rand_fold2/Testing/meningioma/Tr-meTr_0006.jpg,108514,meningioma,meningioma,1,0.996929,2,1,0.002258,0.996929,0.000733,0.000081
data_rand_fold2/Testing/meningioma/Tr-me_0014.jpg,108590,meningioma,meningioma,1,0.999639,2,1,0.000266,0.999639,0.000067,0.000027
data_rand_fold2/Testing/meningioma/Tr-me_0017.jpg,100360,meningioma,meningioma,1,0.998990,2,1,0.000921,0.998990,0.000034,0.000055
data_rand_fold2/Testing/meningioma/Tr-me_0020.jpg,109968,meningioma,meningioma,1,0.976838,2,1,0.007662,0.976838,0.010301,0.005198
data_rand_fold2/Testing/meningioma/Tr-me_0025.jpg,111077,meningioma,glioma,0,0.914347,2,1,0.914347,0.079502,0.001874,0.004277
data_rand_fold2/Testing/meningioma/Tr-me_0032.jpg,111532,meningioma,meningioma,1,0.998648,2,1,0.001094,0.998648,0.000183,0.000075
data_rand_fold2/Testing/meningioma/Tr-me_0034.jpg,100360,meningioma,meningioma,1,0.994604,2,1,0.005326,0.994604,0.000039,0.000031
data_rand_fold2/Testing/meningioma/Tr-me_0041.jpg,112552,meningioma,meningioma,1,0.998057,2,1,0.001699,0.998057,0.000033,0.000211
data_rand_fold2/Testing/meningioma/Tr-me_0046.jpg,112552,meningioma,meningioma,1,0.886331,2,1,0.111599,0.886331,0.000132,0.001938
data_rand_fold2/Testing/meningioma/Tr-me_0050.jpg,113435,meningioma,meningioma,1,0.999406,2,1,0.000499,0.999406,0.000024,0.000071
data_rand_fold2/Testing/meningioma/Tr-me_0055.jpg,113554,meningioma,meningioma,1,0.999300,2,1,0.000311,0.999300,0.000318,0.000071
data_rand_fold2/Testing/meningioma/Tr-me_0057.jpg,114018,meningioma,meningioma,1,0.995083,2,1,0.002956,0.995083,0.000701,0.001261
data_rand_fold2/Testing/meningioma/Tr-me_0061.jpg,114018,meningioma,meningioma,1,0.998589,2,1,0.000343,0.998589,0.000410,0.000657
data_rand_fold2/Testing/meningioma/Tr-me_0080.jpg,98241,meningioma,meningioma,1,0.999204,2,1,0.000469,0.999204,0.000233,0.000094
data_rand_fold2/Testing/meningioma/Tr-me_0081.jpg,98241,meningioma,meningioma,1,0.999871,2,1,0.000083,0.999871,0.000023,0.000023
data_rand_fold2/Testing/meningioma/Tr-me_0082.jpg,98241,meningioma,meningioma,1,0.999802,2,1,0.000135,0.999802,0.000044,0.000020
data_rand_fold2/Testing/meningioma/Tr-me_0083.jpg,98241,meningioma,meningioma,1,0.999705,2,1,0.000110,0.999705,0.000142,0.000042
data_rand_fold2/Testing/meningioma/Tr-me_0084.jpg,99017,meningioma,meningioma,1,0.937884,2,1,0.011602,0.937884,0.020862,0.029651
data_rand_fold2/Testing/meningioma/Tr-me_0114.jpg,102929,meningioma,meningioma,1,0.999321,2,1,0.000561,0.999321,0.000026,0.000092
data_rand_fold2/Testing/meningioma/Tr-me_0116.jpg,102929,meningioma,meningioma,1,0.948744,2,1,0.050537,0.948744,0.000113,0.000606
data_rand_fold2/Testing/meningioma/Tr-me_0122.jpg,103673,meningioma,pituitary,0,0.762565,2,1,0.002502,0.232459,0.002475,0.762565
data_rand_fold2/Testing/meningioma/Tr-me_0125.jpg,103673,meningioma,pituitary,0,0.956810,2,1,0.000844,0.039573,0.002773,0.956810
data_rand_fold2/Testing/meningioma/Tr-me_0127.jpg,103925,meningioma,meningioma,1,0.998701,2,1,0.000927,0.998701,0.000361,0.000011
data_rand_fold2/Testing/meningioma/Tr-me_0130.jpg,103925,meningioma,meningioma,1,0.968344,2,1,0.031330,0.968344,0.000299,0.000027
data_rand_fold2/Testing/meningioma/Tr-me_0153.jpg,99308,meningioma,meningioma,1,0.999777,2,1,0.000172,0.999777,0.000010,0.000040
data_rand_fold2/Testing/meningioma/Tr-me_0154.jpg,105555,meningioma,meningioma,1,0.993480,2,1,0.006430,0.993480,0.000075,0.000015
data_rand_fold2/Testing/meningioma/Tr-me_0160.jpg,106284,meningioma,meningioma,1,0.996727,2,1,0.002932,0.996727,0.000217,0.000124
data_rand_fold2/Testing/meningioma/Tr-me_0169.jpg,106914,meningioma,meningioma,1,0.999123,2,1,0.000679,0.999123,0.000115,0.000083
data_rand_fold2/Testing/meningioma/Tr-me_0227.jpg,100360,meningioma,meningioma,1,0.933361,2,1,0.065731,0.933361,0.000008,0.000900
data_rand_fold2/Testing/meningioma/Tr-me_0238.jpg,100360,meningioma,meningioma,1,0.933361,2,1,0.065731,0.933361,0.000008,0.000900
data_rand_fold2/Testing/meningioma/Tr-me_0248.jpg,100360,meningioma,meningioma,1,0.995908,2,1,0.003212,0.995908,0.000024,0.000856
data_rand_fold2/Testing/meningioma/Tr-me_0290.jpg,101127,meningioma,meningioma,1,0.981514,2,1,0.006452,0.981514,0.009275,0.002759
data_rand_fold2/Testing/meningioma/Tr-me_0291.jpg,101127,meningioma,meningioma,1,0.995158,2,1,0.001339,0.995158,0.003248,0.000255
data_rand_fold2/Testing/meningioma/Tr-me_0296.jpg,101797,meningioma,meningioma,1,0.997398,2,1,0.001762,0.997398,0.000733,0.000107
data_rand_fold2/Testing/meningioma/Tr-me_0299.jpg,102446,meningioma,meningioma,1,0.999155,2,1,0.000752,0.999155,0.000068,0.000025
data_rand_fold2/Testing/meningioma/Tr-me_0300.jpg,102675,meningioma,meningioma,1,0.996806,2,1,0.002422,0.996806,0.000191,0.000581
data_rand_fold2/Testing/meningioma/Tr-me_0330.jpg,105374,meningioma,meningioma,1,0.882901,2,1,0.031420,0.882901,0.004504,0.081175
data_rand_fold2/Testing/meningioma/Tr-me_0334.jpg,106284,meningioma,meningioma,1,0.983924,2,1,0.013334,0.983924,0.002101,0.000642
data_rand_fold2/Testing/meningioma/Tr-me_0336.jpg,106284,meningioma,meningioma,1,0.977187,2,1,0.019875,0.977187,0.001188,0.001750
data_rand_fold2/Testing/meningioma/Tr-me_0344.jpg,106534,meningioma,meningioma,1,0.988023,2,1,0.009483,0.988023,0.001664,0.000830
data_rand_fold2/Testing/meningioma/Tr-me_0348.jpg,106665,meningioma,meningioma,1,0.998423,2,1,0.001223,0.998423,0.000276,0.000079
data_rand_fold2/Testing/meningioma/Tr-me_0350.jpg,106665,meningioma,meningioma,1,0.989974,2,1,0.008515,0.989974,0.001379,0.000133
data_rand_fold2/Testing/meningioma/Tr-me_0351.jpg,106665,meningioma,meningioma,1,0.997949,2,1,0.001292,0.997949,0.000704,0.000055
data_rand_fold2/Testing/meningioma/Tr-me_0352.jpg,106665,meningioma,meningioma,1,0.998852,2,1,0.000816,0.998852,0.000265,0.000067
data_rand_fold2/Testing/meningioma/Tr-me_0353.jpg,106665,meningioma,meningioma,1,0.999810,2,1,0.000072,0.999810,0.000085,0.000033
data_rand_fold2/Testing/meningioma/Tr-me_0354.jpg,106720,meningioma,meningioma,1,0.998432,2,1,0.001497,0.998432,0.000021,0.000050
data_rand_fold2/Testing/meningioma/Tr-me_0372.jpg,107248,meningioma,meningioma,1,0.989308,2,1,0.010245,0.989308,0.000149,0.000299
data_rand_fold2/Testing/meningioma/Tr-me_0377.jpg,107494,meningioma,meningioma,1,0.999818,2,1,0.000040,0.999818,0.000119,0.000023
data_rand_fold2/Testing/meningioma/Tr-me_0384.jpg,108514,meningioma,meningioma,1,0.997365,2,1,0.002446,0.997365,0.000180,0.000010
data_rand_fold2/Testing/meningioma/Tr-me_0388.jpg,108550,meningioma,meningioma,1,0.999161,2,1,0.000466,0.999161,0.000266,0.000107
data_rand_fold2/Testing/meningioma/Tr-me_0395.jpg,108945,meningioma,meningioma,1,0.981296,2,1,0.018330,0.981296,0.000333,0.000040
data_rand_fold2/Testing/meningioma/Tr-me_0412.jpg,111366,meningioma,meningioma,1,0.998377,2,1,0.001153,0.998377,0.000345,0.000125
data_rand_fold2/Testing/meningioma/Tr-me_0416.jpg,111532,meningioma,meningioma,1,0.997246,2,1,0.002437,0.997246,0.000226,0.000092
data_rand_fold2/Testing/meningioma/Tr-me_0419.jpg,111532,meningioma,meningioma,1,0.999851,2,1,0.000089,0.999851,0.000040,0.000019
data_rand_fold2/Testing/meningioma/Tr-me_0435.jpg,97737,meningioma,meningioma,1,0.999515,2,1,0.000204,0.999515,0.000250,0.000032
data_rand_fold2/Testing/meningioma/Tr-me_0447.jpg,113435,meningioma,meningioma,1,0.998866,2,1,0.000985,0.998866,0.000094,0.000055
data_rand_fold2/Testing/meningioma/Tr-me_0450.jpg,113435,meningioma,meningioma,1,0.998697,2,1,0.000981,0.998697,0.000036,0.000286
data_rand_fold2/Testing/meningioma/Tr-me_0452.jpg,113554,meningioma,meningioma,1,0.976959,2,1,0.022006,0.976959,0.000929,0.000106
data_rand_fold2/Testing/meningioma/Tr-me_0457.jpg,113805,meningioma,meningioma,1,0.972865,2,1,0.025373,0.972865,0.001580,0.000181
data_rand_fold2/Testing/meningioma/Tr-me_0460.jpg,97875,meningioma,meningioma,1,0.999564,2,1,0.000081,0.999564,0.000308,0.000048
data_rand_fold2/Testing/meningioma/Tr-me_0466.jpg,97943,meningioma,meningioma,1,0.999830,2,1,0.000015,0.999830,0.000136,0.000019
data_rand_fold2/Testing/meningioma/Tr-me_0473.jpg,98241,meningioma,meningioma,1,0.999673,2,1,0.000278,0.999673,0.000029,0.000020
data_rand_fold2/Testing/meningioma/Tr-me_0475.jpg,98241,meningioma,meningioma,1,0.999024,2,1,0.000440,0.999024,0.000218,0.000319
data_rand_fold2/Testing/meningioma/Tr-me_0478.jpg,99089,meningioma,meningioma,1,0.999390,2,1,0.000287,0.999390,0.000263,0.000060
data_rand_fold2/Testing/meningioma/Tr-me_0479.jpg,114018,meningioma,meningioma,1,0.999927,2,1,0.000005,0.999927,0.000018,0.000050
data_rand_fold2/Testing/meningioma/Tr-me_0482.jpg,99089,meningioma,meningioma,1,0.999398,2,1,0.000142,0.999398,0.000269,0.000190
data_rand_fold2/Testing/meningioma/Tr-me_0491.jpg,100360,meningioma,meningioma,1,0.999860,2,1,0.000121,0.999860,0.000012,0.000006
data_rand_fold2/Testing/meningioma/Tr-me_0498.jpg,100639,meningioma,meningioma,1,0.997564,2,1,0.001885,0.997564,0.000503,0.000048
data_rand_fold2/Testing/meningioma/Tr-me_0499.jpg,100920,meningioma,meningioma,1,0.999974,2,1,0.000007,0.999974,0.000016,0.000003
data_rand_fold2/Testing/meningioma/Tr-me_0502.jpg,100920,meningioma,meningioma,1,0.998106,2,1,0.001869,0.998106,0.000020,0.000005
data_rand_fold2/Testing/meningioma/Tr-me_0506.jpg,101016,meningioma,meningioma,1,0.999753,2,1,0.000187,0.999753,0.000057,0.000003
data_rand_fold2/Testing/meningioma/Tr-me_0508.jpg,101082,meningioma,meningioma,1,0.999797,2,1,0.000120,0.999797,0.000069,0.000014
data_rand_fold2/Testing/meningioma/Tr-me_0510.jpg,101127,meningioma,meningioma,1,0.999049,2,1,0.000268,0.999049,0.000469,0.000214
data_rand_fold2/Testing/meningioma/Tr-me_0511.jpg,101127,meningioma,meningioma,1,0.998803,2,1,0.000091,0.998803,0.001028,0.000078
data_rand_fold2/Testing/meningioma/Tr-me_0517.jpg,101797,meningioma,meningioma,1,0.997207,2,1,0.002040,0.997207,0.000392,0.000360
data_rand_fold2/Testing/meningioma/Tr-me_0519.jpg,101797,meningioma,meningioma,1,0.986202,2,1,0.013258,0.986202,0.000483,0.000057
data_rand_fold2/Testing/meningioma/Tr-me_0530.jpg,106665,meningioma,meningioma,1,0.992856,2,1,0.006791,0.992856,0.000252,0.000100
data_rand_fold2/Testing/meningioma/Tr-me_0538.jpg,106720,meningioma,meningioma,1,0.993270,2,1,0.006623,0.993270,0.000072,0.000035
data_rand_fold2/Testing/meningioma/Tr-me_0539.jpg,106720,meningioma,meningioma,1,0.908850,2,1,0.090649,0.908850,0.000471,0.000030
data_rand_fold2/Testing/meningioma/Tr-me_0545.jpg,109350,meningioma,meningioma,1,0.998317,2,1,0.001562,0.998317,0.000077,0.000044
data_rand_fold2/Testing/meningioma/Tr-me_0547.jpg,98241,meningioma,meningioma,1,0.999944,2,1,0.000021,0.999944,0.000017,0.000018
data_rand_fold2/Testing/meningioma/Tr-me_0548.jpg,98241,meningioma,meningioma,1,0.999651,2,1,0.000220,0.999651,0.000017,0.000112
data_rand_fold2/Testing/meningioma/Tr-me_0551.jpg,98241,meningioma,meningioma,1,0.998706,2,1,0.000957,0.998706,0.000067,0.000270
data_rand_fold2/Testing/meningioma/Tr-me_0554.jpg,99089,meningioma,meningioma,1,0.994991,2,1,0.002190,0.994991,0.002501,0.000318
data_rand_fold2/Testing/meningioma/Tr-me_0556.jpg,99089,meningioma,meningioma,1,0.998763,2,1,0.001174,0.998763,0.000044,0.000020
data_rand_fold2/Testing/meningioma/Tr-me_0563.jpg,99288,meningioma,meningioma,1,0.990718,2,1,0.009043,0.990718,0.000196,0.000043
data_rand_fold2/Testing/meningioma/Tr-me_0569.jpg,99308,meningioma,meningioma,1,0.999960,2,1,0.000038,0.999960,0.000002,0.000001
data_rand_fold2/Testing/meningioma/Tr-me_0573.jpg,99815,meningioma,meningioma,1,0.999964,2,1,0.000027,0.999964,0.000002,0.000006
data_rand_fold2/Testing/meningioma/Tr-me_0574.jpg,99815,meningioma,meningioma,1,0.999961,2,1,0.000018,0.999961,0.000007,0.000014
data_rand_fold2/Testing/meningioma/Tr-me_0576.jpg,53669,meningioma,meningioma,1,0.999937,2,1,0.000059,0.999937,0.000003,0.000001
data_rand_fold2/Testing/meningioma/Tr-me_0597.jpg,101801,meningioma,meningioma,1,0.999471,2,1,0.000453,0.999471,0.000071,0.000005
data_rand_fold2/Testing/meningioma/Tr-me_0602.jpg,102420,meningioma,meningioma,1,0.997860,2,1,0.001887,0.997860,0.000194,0.000058
data_rand_fold2/Testing/meningioma/Tr-me_0623.jpg,103673,meningioma,pituitary,0,0.844717,2,1,0.000242,0.154690,0.000351,0.844717
data_rand_fold2/Testing/meningioma/Tr-me_0625.jpg,103673,meningioma,pituitary,0,0.866270,2,1,0.000167,0.132704,0.000858,0.866270
data_rand_fold2/Testing/meningioma/Tr-me_0627.jpg,103673,meningioma,pituitary,0,0.953413,2,1,0.000014,0.046390,0.000183,0.953413
data_rand_fold2/Testing/meningioma/Tr-me_0630.jpg,103925,meningioma,meningioma,1,0.993210,2,1,0.006655,0.993210,0.000084,0.000051
data_rand_fold2/Testing/meningioma/Tr-me_0634.jpg,104167,meningioma,meningioma,1,0.999137,2,1,0.000768,0.999137,0.000088,0.000008
data_rand_fold2/Testing/meningioma/Tr-me_0657.jpg,106442,meningioma,meningioma,1,0.999894,2,1,0.000099,0.999894,0.000004,0.000004
data_rand_fold2/Testing/meningioma/Tr-me_0659.jpg,106442,meningioma,meningioma,1,0.999854,2,1,0.000138,0.999854,0.000007,0.000001
data_rand_fold2/Testing/meningioma/Tr-me_0674.jpg,106914,meningioma,meningioma,1,0.999903,2,1,0.000095,0.999903,0.000001,0.000001
data_rand_fold2/Testing/meningioma/Tr-me_0683.jpg,107248,meningioma,meningioma,1,0.991411,2,1,0.002384,0.991411,0.004666,0.001540
data_rand_fold2/Testing/meningioma/Tr-me_0685.jpg,107248,meningioma,meningioma,1,0.999745,2,1,0.000123,0.999745,0.000087,0.000045
data_rand_fold2/Testing/meningioma/Tr-me_0694.jpg,107946,meningioma,meningioma,1,0.997912,2,1,0.002073,0.997912,0.000009,0.000006
data_rand_fold2/Testing/meningioma/Tr-me_0709.jpg,112062,meningioma,meningioma,1,0.999932,2,1,0.000063,0.999932,0.000005,0.000000
data_rand_fold2/Testing/meningioma/Tr-me_0710.jpg,112062,meningioma,meningioma,1,0.999923,2,1,0.000072,0.999923,0.000005,0.000000
data_rand_fold2/Testing/meningioma/Tr-me_0711.jpg,112062,meningioma,meningioma,1,0.998283,2,1,0.001509,0.998283,0.000204,0.000004
data_rand_fold2/Testing/meningioma/Tr-me_0713.jpg,112252,meningioma,meningioma,1,0.998168,2,1,0.000516,0.998168,0.001271,0.000045
data_rand_fold2/Testing/meningioma/Tr-me_0714.jpg,109968,meningioma,meningioma,1,0.999957,2,1,0.000014,0.999957,0.000028,0.000001
data_rand_fold2/Testing/meningioma/Tr-me_0715.jpg,112552,meningioma,meningioma,1,0.990509,2,1,0.009462,0.990509,0.000020,0.000009
data_rand_fold2/Testing/meningioma/Tr-me_0718.jpg,112552,meningioma,meningioma,1,0.998772,2,1,0.001183,0.998772,0.000036,0.000009
data_rand_fold2/Testing/meningioma/Tr-me_0720.jpg,112552,meningioma,meningioma,1,0.999728,2,1,0.000208,0.999728,0.000054,0.000011
data_rand_fold2/Testing/meningioma/Tr-me_0737.jpg,113435,meningioma,meningioma,1,0.993925,2,1,0.005935,0.993925,0.000100,0.000041
data_rand_fold2/Testing/meningioma/Tr-me_0742.jpg,113554,meningioma,meningioma,1,0.934555,2,1,0.031744,0.934555,0.032968,0.000733
data_rand_fold2/Testing/meningioma/Tr-me_0744.jpg,113614,meningioma,meningioma,1,0.992748,2,1,0.006526,0.992748,0.000688,0.000037
data_rand_fold2/Testing/meningioma/Tr-me_0758.jpg,110808,meningioma,meningioma,1,0.998999,2,1,0.000834,0.998999,0.000135,0.000032
data_rand_fold2/Testing/meningioma/Tr-me_0761.jpg,114359,meningioma,meningioma,1,0.997120,2,1,0.002786,0.997120,0.000076,0.000019
data_rand_fold2/Testing/meningioma/Tr-me_0765.jpg,114417,meningioma,meningioma,1,0.999944,2,1,0.000048,0.999944,0.000004,0.000003
data_rand_fold2/Testing/meningioma/Tr-me_0774.jpg,97607,meningioma,meningioma,1,0.999548,2,1,0.000396,0.999548,0.000045,0.000011
data_rand_fold2/Testing/meningioma/Tr-me_0777.jpg,97607,meningioma,meningioma,1,0.999044,2,1,0.000713,0.999044,0.000218,0.000026
data_rand_fold2/Testing/meningioma/Tr-me_0780.jpg,111077,meningioma,meningioma,1,0.961273,2,1,0.038397,0.961273,0.000292,0.000038
data_rand_fold2/Testing/meningioma/Tr-me_0787.jpg,97943,meningioma,meningioma,1,0.999964,2,1,0.000028,0.999964,0.000006,0.000002
data_rand_fold2/Testing/meningioma/Tr-me_0798.jpg,98241,meningioma,meningioma,1,0.999858,2,1,0.000085,0.999858,0.000027,0.000029
data_rand_fold2/Testing/meningioma/Tr-me_0806.jpg,108514,meningioma,meningioma,1,0.872524,2,1,0.124324,0.872524,0.001088,0.002063
data_rand_fold2/Testing/meningioma/Tr-me_0813.jpg,100360,meningioma,meningioma,1,0.992902,2,1,0.006940,0.992902,0.000137,0.000021
data_rand_fold2/Testing/meningioma/Tr-me_0820.jpg,101797,meningioma,meningioma,1,0.998567,2,1,0.000645,0.998567,0.000751,0.000036
data_rand_fold2/Testing/meningioma/Tr-me_0827.jpg,101016,meningioma,meningioma,1,0.998158,2,1,0.001593,0.998158,0.000216,0.000034
data_rand_fold2/Testing/meningioma/Tr-me_0833.jpg,108590,meningioma,meningioma,1,0.999279,2,1,0.000489,0.999279,0.000201,0.000031
data_rand_fold2/Testing/meningioma/Tr-me_0843.jpg,108590,meningioma,meningioma,1,0.999465,2,1,0.000322,0.999465,0.000195,0.000019
data_rand_fold2/Testing/meningioma/Tr-me_0848.jpg,102929,meningioma,meningioma,1,0.999794,2,1,0.000194,0.999794,0.000003,0.000009
data_rand_fold2/Testing/meningioma/Tr-me_0851.jpg,108945,meningioma,meningioma,1,0.998519,2,1,0.000675,0.998519,0.000638,0.000168
data_rand_fold2/Testing/meningioma/Tr-me_0861.jpg,103925,meningioma,meningioma,1,0.723981,2,1,0.274884,0.723981,0.000823,0.000313
data_rand_fold2/Testing/meningioma/Tr-me_0863.jpg,103925,meningioma,meningioma,1,0.983424,2,1,0.016342,0.983424,0.000198,0.000037
data_rand_fold2/Testing/meningioma/Tr-me_0864.jpg,103925,meningioma,glioma,0,0.527020,2,1,0.527020,0.441516,0.030867,0.000597
data_rand_fold2/Testing/meningioma/Tr-me_0865.jpg,103925,meningioma,meningioma,1,0.913196,2,1,0.083201,0.913196,0.003388,0.000215
data_rand_fold2/Testing/meningioma/Tr-me_0868.jpg,104167,meningioma,meningioma,1,0.999882,2,1,0.000060,0.999882,0.000046,0.000012
data_rand_fold2/Testing/meningioma/Tr-me_0887.jpg,102714,meningioma,meningioma,1,0.995287,2,1,0.001494,0.995287,0.001034,0.002186
data_rand_fold2/Testing/meningioma/Tr-me_0890.jpg,106284,meningioma,meningioma,1,0.995977,2,1,0.002792,0.995977,0.001015,0.000216
data_rand_fold2/Testing/meningioma/Tr-me_0893.jpg,106442,meningioma,meningioma,1,0.999841,2,1,0.000112,0.999841,0.000045,0.000002
data_rand_fold2/Testing/meningioma/Tr-me_0894.jpg,106534,meningioma,meningioma,1,0.998184,2,1,0.000695,0.998184,0.001086,0.000035
data_rand_fold2/Testing/meningioma/Tr-me_0896.jpg,100360,meningioma,meningioma,1,0.999247,2,1,0.000690,0.999247,0.000028,0.000035
data_rand_fold2/Testing/meningioma/Tr-me_0897.jpg,102714,meningioma,meningioma,1,0.988096,2,1,0.002518,0.988096,0.004358,0.005028
data_rand_fold2/Testing/meningioma/Tr-me_0911.jpg,106914,meningioma,meningioma,1,0.999903,2,1,0.000086,0.999903,0.000006,0.000006
data_rand_fold2/Testing/meningioma/Tr-me_0921.jpg,107494,meningioma,meningioma,1,0.986746,2,1,0.012943,0.986746,0.000241,0.000070
data_rand_fold2/Testing/meningioma/Tr-me_0932.jpg,108945,meningioma,meningioma,1,0.999615,2,1,0.000304,0.999615,0.000044,0.000037
data_rand_fold2/Testing/meningioma/Tr-me_0933.jpg,108945,meningioma,meningioma,1,0.991091,2,1,0.008530,0.991091,0.000360,0.000019
data_rand_fold2/Testing/meningioma/Tr-me_0948.jpg,111532,meningioma,meningioma,1,0.998312,2,1,0.001458,0.998312,0.000169,0.000060
data_rand_fold2/Testing/meningioma/Tr-me_0952.jpg,111532,meningioma,meningioma,1,0.999211,2,1,0.000707,0.999211,0.000063,0.000018
data_rand_fold2/Testing/meningioma/Tr-me_0968.jpg,103673,meningioma,pituitary,0,0.969575,2,1,0.000244,0.029205,0.000976,0.969575
data_rand_fold2/Testing/meningioma/Tr-me_0970.jpg,113435,meningioma,meningioma,1,0.995552,2,1,0.004326,0.995552,0.000089,0.000033
data_rand_fold2/Testing/meningioma/Tr-me_0974.jpg,113435,meningioma,meningioma,1,0.998262,2,1,0.001502,0.998262,0.000055,0.000180
data_rand_fold2/Testing/meningioma/Tr-me_0978.jpg,113554,meningioma,meningioma,1,0.999437,2,1,0.000292,0.999437,0.000194,0.000076
data_rand_fold2/Testing/meningioma/Tr-me_0985.jpg,103673,meningioma,meningioma,1,0.702168,2,1,0.002081,0.702168,0.009578,0.286173
data_rand_fold2/Testing/meningioma/Tr-me_0986.jpg,114359,meningioma,meningioma,1,0.999583,2,1,0.000290,0.999583,0.000117,0.000009
data_rand_fold2/Testing/meningioma/Tr-me_0990.jpg,97607,meningioma,meningioma,1,0.999507,2,1,0.000300,0.999507,0.000105,0.000088
data_rand_fold2/Testing/meningioma/Tr-me_1006.jpg,98241,meningioma,meningioma,1,0.999836,2,1,0.000140,0.999836,0.000003,0.000020
data_rand_fold2/Testing/meningioma/Tr-me_1008.jpg,98241,meningioma,meningioma,1,0.999677,2,1,0.000267,0.999677,0.000013,0.000042
data_rand_fold2/Testing/meningioma/Tr-me_1013.jpg,99089,meningioma,meningioma,1,0.999807,2,1,0.000093,0.999807,0.000069,0.000031
data_rand_fold2/Testing/meningioma/Tr-me_1018.jpg,103925,meningioma,meningioma,1,0.981990,2,1,0.013006,0.981990,0.001540,0.003464
data_rand_fold2/Testing/meningioma/Tr-me_1019.jpg,99308,meningioma,meningioma,1,0.999554,2,1,0.000364,0.999554,0.000053,0.000028
data_rand_fold2/Testing/meningioma/Tr-me_1025.jpg,100572,meningioma,meningioma,1,0.999073,2,1,0.000435,0.999073,0.000135,0.000357
data_rand_fold2/Testing/meningioma/Tr-me_1029.jpg,100920,meningioma,meningioma,1,0.999942,2,1,0.000044,0.999942,0.000010,0.000005
data_rand_fold2/Testing/meningioma/Tr-me_1038.jpg,101127,meningioma,meningioma,1,0.997778,2,1,0.001032,0.997778,0.000925,0.000265
data_rand_fold2/Testing/meningioma/Tr-me_1039.jpg,109968,meningioma,meningioma,1,0.999276,2,1,0.000479,0.999276,0.000125,0.000120
data_rand_fold2/Testing/meningioma/Tr-me_1041.jpg,101797,meningioma,meningioma,1,0.999155,2,1,0.000550,0.999155,0.000210,0.000084
data_rand_fold2/Testing/meningioma/Tr-me_1042.jpg,101797,meningioma,meningioma,1,0.999198,2,1,0.000435,0.999198,0.000194,0.000173
data_rand_fold2/Testing/meningioma/Tr-me_1045.jpg,101797,meningioma,meningioma,1,0.993977,2,1,0.005825,0.993977,0.000171,0.000027
data_rand_fold2/Testing/meningioma/Tr-me_1047.jpg,101801,meningioma,meningioma,1,0.999838,2,1,0.000045,0.999838,0.000111,0.000007
data_rand_fold2/Testing/meningioma/Tr-me_1048.jpg,102420,meningioma,meningioma,1,0.998458,2,1,0.001443,0.998458,0.000055,0.000044
data_rand_fold2/Testing/meningioma/Tr-me_1057.jpg,102818,meningioma,meningioma,1,0.999972,2,1,0.000024,0.999972,0.000001,0.000003
data_rand_fold2/Testing/meningioma/Tr-me_1059.jpg,102818,meningioma,meningioma,1,0.982024,2,1,0.017277,0.982024,0.000188,0.000511
data_rand_fold2/Testing/meningioma/Tr-me_1060.jpg,102935,meningioma,meningioma,1,0.668059,2,1,0.282611,0.668059,0.048231,0.001099
data_rand_fold2/Testing/meningioma/Tr-me_1062.jpg,107494,meningioma,meningioma,1,0.936559,2,1,0.027335,0.936559,0.014465,0.021641
data_rand_fold2/Testing/meningioma/Tr-me_1071.jpg,103673,meningioma,pituitary,0,0.848483,2,1,0.001123,0.149037,0.001358,0.848483
data_rand_fold2/Testing/meningioma/Tr-me_1074.jpg,103925,meningioma,meningioma,1,0.988486,2,1,0.011256,0.988486,0.000181,0.000076
data_rand_fold2/Testing/meningioma/Tr-me_1077.jpg,104167,meningioma,meningioma,1,0.999807,2,1,0.000131,0.999807,0.000046,0.000016
data_rand_fold2/Testing/meningioma/Tr-me_1081.jpg,104281,meningioma,meningioma,1,0.999708,2,1,0.000269,0.999708,0.000018,0.000006
data_rand_fold2/Testing/meningioma/Tr-me_1083.jpg,104695,meningioma,meningioma,1,0.998012,2,1,0.001587,0.998012,0.000384,0.000017
data_rand_fold2/Testing/meningioma/Tr-me_1093.jpg,106442,meningioma,meningioma,1,0.999907,2,1,0.000051,0.999907,0.000035,0.000007
data_rand_fold2/Testing/meningioma/Tr-me_1094.jpg,106442,meningioma,meningioma,1,0.999915,2,1,0.000054,0.999915,0.000025,0.000006
data_rand_fold2/Testing/meningioma/Tr-me_1095.jpg,104281,meningioma,meningioma,1,0.998489,2,1,0.001387,0.998489,0.000073,0.000051
data_rand_fold2/Testing/meningioma/Tr-me_1096.jpg,106534,meningioma,meningioma,1,0.992125,2,1,0.004791,0.992125,0.002997,0.000088
data_rand_fold2/Testing/meningioma/Tr-me_1098.jpg,106665,meningioma,meningioma,1,0.991503,2,1,0.008453,0.991503,0.000037,0.000007
data_rand_fold2/Testing/meningioma/Tr-me_1100.jpg,106665,meningioma,meningioma,1,0.999841,2,1,0.000137,0.999841,0.000017,0.000005
data_rand_fold2/Testing/meningioma/Tr-me_1102.jpg,106665,meningioma,meningioma,1,0.999099,2,1,0.000728,0.999099,0.000062,0.000111
data_rand_fold2/Testing/meningioma/Tr-me_1103.jpg,106665,meningioma,meningioma,1,0.999142,2,1,0.000665,0.999142,0.000159,0.000034
data_rand_fold2/Testing/meningioma/Tr-me_1114.jpg,107248,meningioma,meningioma,1,0.999451,2,1,0.000471,0.999451,0.000043,0.000036
data_rand_fold2/Testing/meningioma/Tr-me_1122.jpg,107946,meningioma,meningioma,1,0.999583,2,1,0.000381,0.999583,0.000033,0.000003
data_rand_fold2/Testing/meningioma/Tr-me_1123.jpg,109968,meningioma,meningioma,1,0.999065,2,1,0.000497,0.999065,0.000356,0.000081
data_rand_fold2/Testing/meningioma/Tr-me_1131.jpg,108590,meningioma,meningioma,1,0.999703,2,1,0.000243,0.999703,0.000028,0.000025
data_rand_fold2/Testing/meningioma/Tr-me_1137.jpg,109411,meningioma,meningioma,1,0.809638,2,1,0.172923,0.809638,0.016523,0.000916
data_rand_fold2/Testing/meningioma/Tr-me_1140.jpg,109968,meningioma,meningioma,1,0.999903,2,1,0.000040,0.999903,0.000052,0.000004
data_rand_fold2/Testing/meningioma/Tr-me_1141.jpg,110808,meningioma,meningioma,1,0.952275,2,1,0.045645,0.952275,0.001893,0.000188
data_rand_fold2/Testing/meningioma/Tr-me_1153.jpg,100572,meningioma,meningioma,1,0.846827,2,1,0.084558,0.846827,0.000897,0.067718
data_rand_fold2/Testing/meningioma/Tr-me_1155.jpg,112002,meningioma,meningioma,1,0.660467,2,1,0.339452,0.660467,0.000052,0.000029
data_rand_fold2/Testing/meningioma/Tr-me_1163.jpg,112552,meningioma,meningioma,1,0.997981,2,1,0.001899,0.997981,0.000067,0.000053
data_rand_fold2/Testing/meningioma/Tr-me_1164.jpg,112552,meningioma,meningioma,1,0.998877,2,1,0.001092,0.998877,0.000016,0.000015
data_rand_fold2/Testing/meningioma/Tr-me_1166.jpg,112552,meningioma,meningioma,1,0.993714,2,1,0.006137,0.993714,0.000134,0.000015
data_rand_fold2/Testing/meningioma/Tr-me_1169.jpg,112648,meningioma,meningioma,1,0.999950,2,1,0.000020,0.999950,0.000024,0.000006
data_rand_fold2/Testing/meningioma/Tr-me_1172.jpg,113098,meningioma,meningioma,1,0.999884,2,1,0.000090,0.999884,0.000006,0.000021
data_rand_fold2/Testing/meningioma/Tr-me_1174.jpg,113098,meningioma,meningioma,1,0.999790,2,1,0.000194,0.999790,0.000006,0.000010
data_rand_fold2/Testing/meningioma/Tr-me_1179.jpg,106284,meningioma,meningioma,1,0.994385,2,1,0.004912,0.994385,0.000338,0.000365
data_rand_fold2/Testing/meningioma/Tr-me_1186.jpg,113805,meningioma,meningioma,1,0.967671,2,1,0.031952,0.967671,0.000269,0.000108
data_rand_fold2/Testing/meningioma/Tr-me_1194.jpg,114359,meningioma,meningioma,1,0.999915,2,1,0.000073,0.999915,0.000011,0.000001
data_rand_fold2/Testing/meningioma/Tr-me_1197.jpg,114359,meningioma,meningioma,1,0.999754,2,1,0.000231,0.999754,0.000011,0.000005
data_rand_fold2/Testing/meningioma/Tr-me_1216.jpg,97793,meningioma,meningioma,1,0.991419,2,1,0.006957,0.991419,0.001603,0.000022
data_rand_fold2/Testing/meningioma/Tr-me_1221.jpg,106442,meningioma,meningioma,1,0.991788,2,1,0.001750,0.991788,0.005110,0.001352
data_rand_fold2/Testing/meningioma/Tr-me_1226.jpg,99017,meningioma,meningioma,1,0.999597,2,1,0.000306,0.999597,0.000060,0.000037
data_rand_fold2/Testing/meningioma/Tr-me_1232.jpg,99162,meningioma,meningioma,1,0.992606,2,1,0.007362,0.992606,0.000023,0.000009
data_rand_fold2/Testing/meningioma/Tr-me_1233.jpg,99162,meningioma,meningioma,1,0.999194,2,1,0.000785,0.999194,0.000015,0.000005
data_rand_fold2/Testing/meningioma/Tr-me_1239.jpg,99308,meningioma,meningioma,1,0.999903,2,1,0.000070,0.999903,0.000015,0.000012
data_rand_fold2/Testing/meningioma/Tr-me_1247.jpg,106665,meningioma,meningioma,1,0.966959,2,1,0.023548,0.966959,0.005531,0.003962
data_rand_fold2/Testing/meningioma/Tr-me_1248.jpg,106665,meningioma,meningioma,1,0.994517,2,1,0.003768,0.994517,0.001145,0.000570
data_rand_fold2/Testing/meningioma/Tr-me_1252.jpg,106665,meningioma,meningioma,1,0.999335,2,1,0.000552,0.999335,0.000064,0.000049
data_rand_fold2/Testing/meningioma/Tr-me_1268.jpg,107248,meningioma,meningioma,1,0.964566,2,1,0.004943,0.964566,0.007599,0.022892
data_rand_fold2/Testing/meningioma/Tr-me_1282.jpg,112002,meningioma,glioma,0,0.746981,2,1,0.746981,0.116739,0.131248,0.005032
data_rand_fold2/Testing/meningioma/Tr-me_1283.jpg,112002,meningioma,meningioma,1,0.674133,2,1,0.260900,0.674133,0.063792,0.001175
data_rand_fold2/Testing/meningioma/Tr-me_1284.jpg,112002,meningioma,glioma,0,0.903694,2,1,0.903694,0.094315,0.000957,0.001034
data_rand_fold2/Testing/meningioma/Tr-me_1287.jpg,101016,meningioma,meningioma,1,0.994985,2,1,0.002963,0.994985,0.001558,0.000494
data_rand_fold2/Testing/meningioma/Tr-me_1295.jpg,112552,meningioma,meningioma,1,0.998856,2,1,0.001084,0.998856,0.000018,0.000042
data_rand_fold2/Testing/meningioma/Tr-me_1297.jpg,112552,meningioma,meningioma,1,0.983541,2,1,0.016233,0.983541,0.000039,0.000188
data_rand_fold2/Testing/meningioma/Tr-me_1301.jpg,112648,meningioma,meningioma,1,0.982941,2,1,0.003710,0.982941,0.009947,0.003402
data_rand_fold2/Testing/meningioma/Tr-me_1302.jpg,112648,meningioma,meningioma,1,0.999495,2,1,0.000303,0.999495,0.000086,0.000116
data_rand_fold2/Testing/meningioma/Tr-me_1303.jpg,108514,meningioma,meningioma,1,0.991159,2,1,0.007855,0.991159,0.000705,0.000281
data_rand_fold2/Testing/meningioma/Tr-me_1308.jpg,113435,meningioma,meningioma,1,0.995280,2,1,0.004261,0.995280,0.000163,0.000296
data_rand_fold2/Testing/meningioma/Tr-me_1315.jpg,113805,meningioma,meningioma,1,0.954435,2,1,0.040257,0.954435,0.004222,0.001086
data_rand_fold2/Testing/meningioma/Tr-me_1320.jpg,114359,meningioma,meningioma,1,0.996817,2,1,0.003061,0.996817,0.000085,0.000037
data_rand_fold2/Testing/meningioma/Tr-me_1328.jpg,97607,meningioma,meningioma,1,0.999574,2,1,0.000270,0.999574,0.000077,0.000079
data_rand_fold2/Testing/meningioma/Tr-me_1331.jpg,97737,meningioma,meningioma,1,0.980255,2,1,0.017664,0.980255,0.001620,0.000461
data_rand_fold2/Testing/notumor/Te-no_0110.jpg,nt441,notumor,notumor,1,0.999920,2,1,0.000006,0.000006,0.999920,0.000068
data_rand_fold2/Testing/notumor/Te-no_0118.jpg,nt949,notumor,notumor,1,0.999411,2,1,0.000003,0.000374,0.999411,0.000212
data_rand_fold2/Testing/notumor/Te-no_0119.jpg,nt1030,notumor,notumor,1,0.999923,2,1,0.000062,0.000010,0.999923,0.000006
data_rand_fold2/Testing/notumor/Te-no_0122.jpg,nt1014,notumor,notumor,1,0.999651,2,1,0.000186,0.000122,0.999651,0.000041
data_rand_fold2/Testing/notumor/Te-no_0126.jpg,nt957,notumor,notumor,1,0.991275,2,1,0.000196,0.000113,0.991275,0.008416
data_rand_fold2/Testing/notumor/Te-no_0127.jpg,nt822,notumor,notumor,1,0.999574,2,1,0.000310,0.000026,0.999574,0.000089
data_rand_fold2/Testing/notumor/Te-no_0130.jpg,nt1034,notumor,notumor,1,0.999975,2,1,0.000019,0.000002,0.999975,0.000004
data_rand_fold2/Testing/notumor/Te-no_0131.jpg,nt824,notumor,notumor,1,0.999681,2,1,0.000287,0.000024,0.999681,0.000009
data_rand_fold2/Testing/notumor/Te-no_0143.jpg,nt526,notumor,notumor,1,0.999987,2,1,0.000003,0.000002,0.999987,0.000008
data_rand_fold2/Testing/notumor/Te-no_0144.jpg,nt592,notumor,notumor,1,0.999959,2,1,0.000037,0.000002,0.999959,0.000002
data_rand_fold2/Testing/notumor/Te-no_0145.jpg,nt513,notumor,notumor,1,0.999668,2,1,0.000174,0.000083,0.999668,0.000075
data_rand_fold2/Testing/notumor/Te-no_0148.jpg,nt886,notumor,notumor,1,0.999930,2,1,0.000002,0.000064,0.999930,0.000005
data_rand_fold2/Testing/notumor/Te-no_0154.jpg,nt449,notumor,notumor,1,0.999849,2,1,0.000073,0.000064,0.999849,0.000014
data_rand_fold2/Testing/notumor/Te-no_0156.jpg,nt907,notumor,notumor,1,0.996381,2,1,0.000084,0.003212,0.996381,0.000324
data_rand_fold2/Testing/notumor/Te-no_0165.jpg,nt546,notumor,notumor,1,0.999964,2,1,0.000005,0.000008,0.999964,0.000023
data_rand_fold2/Testing/notumor/Te-no_0172.jpg,nt853,notumor,notumor,1,0.999949,2,1,0.000006,0.000041,0.999949,0.000005
data_rand_fold2/Testing/notumor/Te-no_0175.jpg,nt857,notumor,notumor,1,0.999999,2,1,0.000000,0.000001,0.999999,0.000000
data_rand_fold2/Testing/notumor/Te-no_0181.jpg,nt1052,notumor,notumor,1,0.999950,2,1,0.000033,0.000013,0.999950,0.000004
data_rand_fold2/Testing/notumor/Te-no_0186.jpg,nt586,notumor,notumor,1,0.999982,2,1,0.000001,0.000012,0.999982,0.000006
data_rand_fold2/Testing/notumor/Te-no_0188.jpg,nt588,notumor,notumor,1,0.999997,2,1,0.000001,0.000001,0.999997,0.000001
data_rand_fold2/Testing/notumor/Te-no_0198.jpg,nt392,notumor,notumor,1,1.000000,2,1,0.000000,0.000000,1.000000,0.000000
data_rand_fold2/Testing/notumor/Te-no_0202.jpg,nt1056,notumor,notumor,1,0.999979,2,1,0.000008,0.000012,0.999979,0.000002
data_rand_fold2/Testing/notumor/Te-no_0203.jpg,nt12,notumor,notumor,1,0.999588,2,1,0.000333,0.000044,0.999588,0.000035
data_rand_fold2/Testing/notumor/Te-no_0206.jpg,nt146,notumor,notumor,1,0.999966,2,1,0.000008,0.000020,0.999966,0.000007
data_rand_fold2/Testing/notumor/Te-no_0211.jpg,nt758,notumor,notumor,1,0.998677,2,1,0.000863,0.000304,0.998677,0.000157
data_rand_fold2/Testing/notumor/Te-no_0215.jpg,nt1063,notumor,notumor,1,0.999989,2,1,0.000004,0.000001,0.999989,0.000006
data_rand_fold2/Testing/notumor/Te-no_0216.jpg,nt192,notumor,notumor,1,0.999898,2,1,0.000030,0.000050,0.999898,0.000023
data_rand_fold2/Testing/notumor/Te-no_0219.jpg,nt1064,notumor,notumor,1,0.999572,2,1,0.000350,0.000052,0.999572,0.000025
data_rand_fold2/Testing/notumor/Te-no_0230.jpg,nt965,notumor,notumor,1,0.999957,2,1,0.000010,0.000003,0.999957,0.000030
data_rand_fold2/Testing/notumor/Te-no_0234.jpg,nt550,notumor,notumor,1,0.999914,2,1,0.000075,0.000009,0.999914,0.000003
data_rand_fold2/Testing/notumor/Te-no_0239.jpg,nt975,notumor,notumor,1,0.997408,2,1,0.002502,0.000049,0.997408,0.000042
data_rand_fold2/Testing/notumor/Te-no_0242.jpg,nt978,notumor,notumor,1,0.999796,2,1,0.000162,0.000031,0.999796,0.000012
data_rand_fold2/Testing/notumor/Te-no_0247.jpg,nt1070,notumor,notumor,1,0.999994,2,1,0.000000,0.000004,0.999994,0.000002
data_rand_fold2/Testing/notumor/Te-no_0252.jpg,nt371,notumor,notumor,1,0.999947,2,1,0.000002,0.000030,0.999947,0.000021
data_rand_fold2/Testing/notumor/Te-no_0258.jpg,nt867,notumor,notumor,1,0.999880,2,1,0.000053,0.000045,0.999880,0.000021
data_rand_fold2/Testing/notumor/Te-no_0270.jpg,nt1081,notumor,notumor,1,0.999926,2,1,0.000012,0.000026,0.999926,0.000036
data_rand_fold2/Testing/notumor/Te-no_0272.jpg,nt1083,notumor,notumor,1,0.999786,2,1,0.000128,0.000072,0.999786,0.000015
data_rand_fold2/Testing/notumor/Te-no_0275.jpg,nt1058,notumor,notumor,1,0.999732,2,1,0.000072,0.000149,0.999732,0.000047
data_rand_fold2/Testing/notumor/Te-no_0278.jpg,nt1086,notumor,notumor,1,0.999989,2,1,0.000004,0.000006,0.999989,0.000001
data_rand_fold2/Testing/notumor/Te-no_0299.jpg,nt809,notumor,notumor,1,0.999990,2,1,0.000004,0.000005,0.999990,0.000001
data_rand_fold2/Testing/notumor/Te-no_0302.jpg,nt142,notumor,notumor,1,0.999850,2,1,0.000076,0.000051,0.999850,0.000022
data_rand_fold2/Testing/notumor/Te-no_0317.jpg,nt1020,notumor,notumor,1,0.999903,2,1,0.000022,0.000052,0.999903,0.000024
data_rand_fold2/Testing/notumor/Te-no_0319.jpg,nt445,notumor,notumor,1,0.999920,2,1,0.000074,0.000004,0.999920,0.000002
data_rand_fold2/Testing/notumor/Te-no_0325.jpg,nt1098,notumor,notumor,1,0.999963,2,1,0.000002,0.000028,0.999963,0.000008
data_rand_fold2/Testing/notumor/Te-no_0335.jpg,nt322,notumor,notumor,1,0.999788,2,1,0.000188,0.000018,0.999788,0.000006
data_rand_fold2/Testing/notumor/Te-no_0337.jpg,nt328,notumor,notumor,1,0.999960,2,1,0.000000,0.000006,0.999960,0.000034
data_rand_fold2/Testing/notumor/Te-no_0340.jpg,nt1102,notumor,notumor,1,0.999998,2,1,0.000000,0.000001,0.999998,0.000001
data_rand_fold2/Testing/notumor/Te-no_0342.jpg,nt338,notumor,notumor,1,0.999988,2,1,0.000005,0.000006,0.999988,0.000002
data_rand_fold2/Testing/notumor/Te-no_0343.jpg,nt1031,notumor,notumor,1,0.998933,2,1,0.000414,0.000061,0.998933,0.000592
data_rand_fold2/Testing/notumor/Te-no_0352.jpg,nt497,notumor,notumor,1,0.999943,2,1,0.000054,0.000001,0.999943,0.000002
data_rand_fold2/Testing/notumor/Te-no_0361.jpg,nt1107,notumor,notumor,1,0.999818,2,1,0.000102,0.000064,0.999818,0.000016
data_rand_fold2/Testing/notumor/Te-no_0366.jpg,nt426,notumor,notumor,1,0.999992,2,1,0.000001,0.000006,0.999992,0.000001
data_rand_fold2/Testing/notumor/Te-no_0369.jpg,nt372,notumor,notumor,1,0.999952,2,1,0.000026,0.000012,0.999952,0.000011
data_rand_fold2/Testing/notumor/Te-no_0380.jpg,nt895,notumor,notumor,1,0.999998,2,1,0.000000,0.000002,0.999998,0.000000
data_rand_fold2/Testing/notumor/Te-no_0381.jpg,nt511,notumor,notumor,1,0.999842,2,1,0.000078,0.000014,0.999842,0.000066
data_rand_fold2/Testing/notumor/Te-no_0390.jpg,nt341,notumor,notumor,1,0.999979,2,1,0.000010,0.000001,0.999979,0.000010
data_rand_fold2/Testing/notumor/Te-no_0395.jpg,nt916,notumor,notumor,1,0.999965,2,1,0.000006,0.000018,0.999965,0.000011
data_rand_fold2/Testing/notumor/Tr-noTr_0004.jpg,nt4,notumor,notumor,1,0.981338,2,1,0.001283,0.017349,0.981338,0.000030
data_rand_fold2/Testing/notumor/Tr-noTr_0008.jpg,nt8,notumor,notumor,1,0.999968,2,1,0.000003,0.000021,0.999968,0.000008
data_rand_fold2/Testing/notumor/Tr-no_0013.jpg,nt12,notumor,notumor,1,0.999542,2,1,0.000387,0.000038,0.999542,0.000033
data_rand_fold2/Testing/notumor/Tr-no_0020.jpg,nt18,notumor,notumor,1,0.942770,2,1,0.034666,0.000465,0.942770,0.022099
data_rand_fold2/Testing/notumor/Tr-no_0022.jpg,nt20,notumor,notumor,1,0.793987,2,1,0.090558,0.115065,0.793987,0.000390
data_rand_fold2/Testing/notumor/Tr-no_0023.jpg,nt21,notumor,notumor,1,0.708205,2,1,0.246493,0.023530,0.708205,0.021772
data_rand_fold2/Testing/notumor/Tr-no_0025.jpg,nt22,notumor,notumor,1,0.993077,2,1,0.000971,0.000158,0.993077,0.005794
data_rand_fold2/Testing/notumor/Tr-no_0034.jpg,nt30,notumor,notumor,1,1.000000,2,1,0.000000,0.000000,1.000000,0.000000
data_rand_fold2/Testing/notumor/Tr-no_0036.jpg,nt32,notumor,notumor,1,0.987711,2,1,0.002894,0.006015,0.987711,0.003380
data_rand_fold2/Testing/notumor/Tr-no_0040.jpg,nt36,notumor,pituitary,0,0.639785,2,1,0.125370,0.057266,0.177579,0.639785
data_rand_fold2/Testing/notumor/Tr-no_0050.jpg,nt46,notumor,notumor,1,0.999987,2,1,0.000012,0.000001,0.999987,0.000000
data_rand_fold2/Testing/notumor/Tr-no_0061.jpg,nt57,notumor,meningioma,0,0.506111,2,1,0.003161,0.506111,0.489188,0.001540
data_rand_fold2/Testing/notumor/Tr-no_0063.jpg,nt59,notumor,notumor,1,0.997259,2,1,0.000298,0.002248,0.997259,0.000195
data_rand_fold2/Testing/notumor/Tr-no_0067.jpg,nt63,notumor,notumor,1,0.939337,2,1,0.000018,0.060607,0.939337,0.000038
data_rand_fold2/Testing/notumor/Tr-no_0070.jpg,nt66,notumor,notumor,1,0.997192,2,1,0.001714,0.000241,0.997192,0.000853
data_rand_fold2/Testing/notumor/Tr-no_0073.jpg,nt69,notumor,notumor,1,0.798951,2,1,0.001855,0.034498,0.798951,0.164696
data_rand_fold2/Testing/notumor/Tr-no_0074.jpg,nt39,notumor,notumor,1,0.999854,2,1,0.000023,0.000026,0.999854,0.000097
data_rand_fold2/Testing/notumor/Tr-no_0086.jpg,nt76,notumor,notumor,1,0.549153,2,1,0.189638,0.219043,0.549153,0.042166
data_rand_fold2/Testing/notumor/Tr-no_0088.jpg,nt78,notumor,notumor,1,0.999961,2,1,0.000003,0.000032,0.999961,0.000003
data_rand_fold2/Testing/notumor/Tr-no_0098.jpg,nt88,notumor,notumor,1,0.931798,2,1,0.000426,0.067523,0.931798,0.000252
data_rand_fold2/Testing/notumor/Tr-no_0099.jpg,nt89,notumor,notumor,1,0.999999,2,1,0.000000,0.000001,0.999999,0.000000
data_rand_fold2/Testing/notumor/Tr-no_0108.jpg,nt98,notumor,notumor,1,0.959809,2,1,0.005185,0.031734,0.959809,0.003272
data_rand_fold2/Testing/notumor/Tr-no_0109.jpg,nt99,notumor,notumor,1,0.998565,2,1,0.000769,0.000466,0.998565,0.000199
data_rand_fold2/Testing/notumor/Tr-no_0110.jpg,nt100,notumor,notumor,1,0.993234,2,1,0.003611,0.002479,0.993234,0.000676
data_rand_fold2/Testing/notumor/Tr-no_0113.jpg,nt42,notumor,notumor,1,0.999976,2,1,0.000016,0.000005,0.999976,0.000003
data_rand_fold2/Testing/notumor/Tr-no_0114.jpg,nt103,notumor,notumor,1,0.999997,2,1,0.000000,0.000002,0.999997,0.000000
data_rand_fold2/Testing/notumor/Tr-no_0115.jpg,nt104,notumor,notumor,1,0.999542,2,1,0.000005,0.000430,0.999542,0.000023
data_rand_fold2/Testing/notumor/Tr-no_0116.jpg,nt105,notumor,notumor,1,0.998983,2,1,0.000016,0.000984,0.998983,0.000016
data_rand_fold2/Testing/notumor/Tr-no_0118.jpg,nt107,notumor,notumor,1,0.999979,2,1,0.000001,0.000018,0.999979,0.000001
data_rand_fold2/Testing/notumor/Tr-no_0119.jpg,nt108,notumor,notumor,1,0.999990,2,1,0.000001,0.000009,0.999990,0.000000
data_rand_fold2/Testing/notumor/Tr-no_0120.jpg,nt109,notumor,notumor,1,0.999996,2,1,0.000001,0.000003,0.999996,0.000000
data_rand_fold2/Testing/notumor/Tr-no_0127.jpg,nt113,notumor,notumor,1,0.999894,2,1,0.000006,0.000087,0.999894,0.000013
data_rand_fold2/Testing/notumor/Tr-no_0129.jpg,nt115,notumor,notumor,1,0.999973,2,1,0.000002,0.000024,0.999973,0.000000
data_rand_fold2/Testing/notumor/Tr-no_0134.jpg,nt117,notumor,notumor,1,0.999936,2,1,0.000049,0.000014,0.999936,0.000000
data_rand_fold2/Testing/notumor/Tr-no_0135.jpg,nt118,notumor,notumor,1,0.999717,2,1,0.000157,0.000113,0.999717,0.000014
data_rand_fold2/Testing/notumor/Tr-no_0158.jpg,nt137,notumor,notumor,1,0.999927,2,1,0.000043,0.000020,0.999927,0.000010
data_rand_fold2/Testing/notumor/Tr-no_0163.jpg,nt141,notumor,notumor,1,0.999940,2,1,0.000004,0.000033,0.999940,0.000023
data_rand_fold2/Testing/notumor/Tr-no_0169.jpg,nt146,notumor,notumor,1,0.999978,2,1,0.000005,0.000012,0.999978,0.000005
data_rand_fold2/Testing/notumor/Tr-no_0172.jpg,nt149,notumor,notumor,1,0.999861,2,1,0.000027,0.000023,0.999861,0.000088
data_rand_fold2/Testing/notumor/Tr-no_0173.jpg,nt150,notumor,notumor,1,0.999918,2,1,0.000001,0.000027,0.999918,0.000054
data_rand_fold2/Testing/notumor/Tr-no_0177.jpg,nt154,notumor,notumor,1,0.999551,2,1,0.000228,0.000198,0.999551,0.000024
data_rand_fold2/Testing/notumor/Tr-no_0191.jpg,nt162,notumor,glioma,0,0.888524,2,1,0.888524,0.002541,0.002039,0.106896
data_rand_fold2/Testing/notumor/Tr-no_0195.jpg,nt166,notumor,notumor,1,0.999800,2,1,0.000171,0.000019,0.999800,0.000010
data_rand_fold2/Testing/notumor/Tr-no_0216.jpg,nt185,notumor,notumor,1,0.999998,2,1,0.000000,0.000002,0.999998,0.000000
data_rand_fold2/Testing/notumor/Tr-no_0218.jpg,nt187,notumor,notumor,1,0.999991,2,1,0.000007,0.000001,0.999991,0.000002
data_rand_fold2/Testing/notumor/Tr-no_0225.jpg,nt190,notumor,notumor,1,0.999959,2,1,0.000026,0.000004,0.999959,0.000011
data_rand_fold2/Testing/notumor/Tr-no_0227.jpg,nt192,notumor,notumor,1,0.999934,2,1,0.000022,0.000030,0.999934,0.000014
data_rand_fold2/Testing/notumor/Tr-no_0230.jpg,nt194,notumor,notumor,1,0.999145,2,1,0.000420,0.000410,0.999145,0.000025
data_rand_fold2/Testing/notumor/Tr-no_0236.jpg,nt198,notumor,notumor,1,0.999530,2,1,0.000292,0.000156,0.999530,0.000023
data_rand_fold2/Testing/notumor/Tr-no_0255.jpg,nt213,notumor,notumor,1,0.998037,2,1,0.000139,0.001799,0.998037,0.000024
data_rand_fold2/Testing/notumor/Tr-no_0261.jpg,nt218,notumor,notumor,1,0.999726,2,1,0.000021,0.000163,0.999726,0.000090
data_rand_fold2/Testing/notumor/Tr-no_0262.jpg,nt219,notumor,pituitary,0,0.992265,2,1,0.000035,0.000434,0.007266,0.992265
data_rand_fold2/Testing/notumor/Tr-no_0266.jpg,nt223,notumor,notumor,1,0.998653,2,1,0.001233,0.000110,0.998653,0.000004
data_rand_fold2/Testing/notumor/Tr-no_0272.jpg,nt226,notumor,notumor,1,0.999615,2,1,0.000024,0.000227,0.999615,0.000133
data_rand_fold2/Testing/notumor/Tr-no_0273.jpg,nt227,notumor,notumor,1,0.996366,2,1,0.002438,0.001175,0.996366,0.000021
data_rand_fold2/Testing/notumor/Tr-no_0281.jpg,nt233,notumor,notumor,1,0.999959,2,1,0.000004,0.000030,0.999959,0.000007
data_rand_fold2/Testing/notumor/Tr-no_0287.jpg,nt238,notumor,notumor,1,0.999932,2,1,0.000005,0.000059,0.999932,0.000003
data_rand_fold2/Testing/notumor/Tr-no_0293.jpg,nt243,notumor,notumor,1,0.999281,2,1,0.000048,0.000647,0.999281,0.000024
data_rand_fold2/Testing/notumor/Tr-no_0306.jpg,nt254,notumor,glioma,0,0.726104,2,1,0.726104,0.045364,0.222287,0.006245
data_rand_fold2/Testing/notumor/Tr-no_0309.jpg,nt257,notumor,notumor,1,0.999989,2,1,0.000001,0.000001,0.999989,0.000008
data_rand_fold2/Testing/notumor/Tr-no_0310.jpg,nt258,notumor,notumor,1,0.986982,2,1,0.003201,0.001918,0.986982,0.007900
data_rand_fold2/Testing/notumor/Tr-no_0314.jpg,nt262,notumor,notumor,1,0.998901,2,1,0.000012,0.000112,0.998901,0.000975
data_rand_fold2/Testing/notumor/Tr-no_0316.jpg,nt199,notumor,notumor,1,0.999654,2,1,0.000254,0.000084,0.999654,0.000007
data_rand_fold2/Testing/notumor/Tr-no_0319.jpg,nt266,notumor,notumor,1,0.999905,2,1,0.000070,0.000008,0.999905,0.000018
data_rand_fold2/Testing/notumor/Tr-no_0321.jpg,nt268,notumor,notumor,1,0.999092,2,1,0.000027,0.000854,0.999092,0.000027
data_rand_fold2/Testing/notumor/Tr-no_0326.jpg,nt261,notumor,notumor,1,0.997823,2,1,0.000001,0.000097,0.997823,0.002078
data_rand_fold2/Testing/notumor/Tr-no_0353.jpg,nt281,notumor,notumor,1,0.997963,2,1,0.000122,0.000963,0.997963,0.000952
data_rand_fold2/Testing/notumor/Tr-no_0360.jpg,nt288,notumor,notumor,1,0.999812,2,1,0.000007,0.000138,0.999812,0.000043
data_rand_fold2/Testing/notumor/Tr-no_0372.jpg,nt291,notumor,notumor,1,0.996520,2,1,0.000006,0.002942,0.996520,0.000532
data_rand_fold2/Testing/notumor/Tr-no_0374.jpg,nt115,notumor,notumor,1,0.999983,2,1,0.000001,0.000015,0.999983,0.000000
data_rand_fold2/Testing/notumor/Tr-no_0375.jpg,nt164,notumor,notumor,1,0.999783,2,1,0.000077,0.000021,0.999783,0.000120
data_rand_fold2/Testing/notumor/Tr-no_0378.jpg,nt294,notumor,notumor,1,0.999556,2,1,0.000164,0.000210,0.999556,0.000069
data_rand_fold2/Testing/notumor/Tr-no_0383.jpg,nt299,notumor,notumor,1,0.998380,2,1,0.000124,0.000711,0.998380,0.000785
data_rand_fold2/Testing/notumor/Tr-no_0385.jpg,nt301,notumor,notumor,1,0.995795,2,1,0.001007,0.002740,0.995795,0.000459
data_rand_fold2/Testing/notumor/Tr-no_0386.jpg,nt302,notumor,notumor,1,0.999979,2,1,0.000001,0.000013,0.999979,0.000007
data_rand_fold2/Testing/notumor/Tr-no_0389.jpg,nt305,notumor,notumor,1,0.930777,2,1,0.000020,0.000484,0.930777,0.068718
data_rand_fold2/Testing/notumor/Tr-no_0413.jpg,nt328,notumor,notumor,1,0.999958,2,1,0.000000,0.000006,0.999958,0.000035
data_rand_fold2/Testing/notumor/Tr-no_0426.jpg,nt340,notumor,notumor,1,0.999895,2,1,0.000078,0.000013,0.999895,0.000014
data_rand_fold2/Testing/notumor/Tr-no_0431.jpg,nt345,notumor,notumor,1,0.999978,2,1,0.000002,0.000006,0.999978,0.000014
data_rand_fold2/Testing/notumor/Tr-no_0433.jpg,nt347,notumor,notumor,1,0.999370,2,1,0.000602,0.000014,0.999370,0.000014
data_rand_fold2/Testing/notumor/Tr-no_0440.jpg,nt354,notumor,notumor,1,0.999972,2,1,0.000010,0.000014,0.999972,0.000005
data_rand_fold2/Testing/notumor/Tr-no_0447.jpg,nt361,notumor,notumor,1,0.977536,2,1,0.006790,0.011381,0.977536,0.004292
data_rand_fold2/Testing/notumor/Tr-no_0449.jpg,nt363,notumor,notumor,1,0.999976,2,1,0.000017,0.000003,0.999976,0.000004
data_rand_fold2/Testing/notumor/Tr-no_0451.jpg,nt365,notumor,notumor,1,0.999992,2,1,0.000006,0.000000,0.999992,0.000001
data_rand_fold2/Testing/notumor/Tr-no_0454.jpg,nt368,notumor,notumor,1,0.999998,2,1,0.000000,0.000001,0.999998,0.000000
data_rand_fold2/Testing/notumor/Tr-no_0468.jpg,nt382,notumor,notumor,1,0.999862,2,1,0.000019,0.000083,0.999862,0.000036
data_rand_fold2/Testing/notumor/Tr-no_0470.jpg,nt384,notumor,notumor,1,0.991488,2,1,0.000413,0.000872,0.991488,0.007227
data_rand_fold2/Testing/notumor/Tr-no_0481.jpg,nt395,notumor,notumor,1,0.999996,2,1,0.000002,0.000001,0.999996,0.000000
data_rand_fold2/Testing/notumor/Tr-no_0486.jpg,nt400,notumor,notumor,1,0.999485,2,1,0.000198,0.000254,0.999485,0.000062
data_rand_fold2/Testing/notumor/Tr-no_0488.jpg,nt402,notumor,notumor,1,0.999986,2,1,0.000000,0.000012,0.999986,0.000001
data_rand_fold2/Testing/notumor/Tr-no_0489.jpg,nt403,notumor,notumor,1,0.999903,2,1,0.000007,0.000054,0.999903,0.000036
data_rand_fold2/Testing/notumor/Tr-no_0496.jpg,nt410,notumor,notumor,1,0.999981,2,1,0.000001,0.000018,0.999981,0.000001
data_rand_fold2/Testing/notumor/Tr-no_0506.jpg,nt420,notumor,notumor,1,0.999974,2,1,0.000003,0.000007,0.999974,0.000017
data_rand_fold2/Testing/notumor/Tr-no_0508.jpg,nt422,notumor,notumor,1,0.998274,2,1,0.000017,0.001568,0.998274,0.000141
data_rand_fold2/Testing/notumor/Tr-no_0511.jpg,nt425,notumor,notumor,1,0.999961,2,1,0.000025,0.000012,0.999961,0.000002
data_rand_fold2/Testing/notumor/Tr-no_0513.jpg,nt427,notumor,notumor,1,0.998781,2,1,0.000218,0.000394,0.998781,0.000607
data_rand_fold2/Testing/notumor/Tr-no_0519.jpg,nt433,notumor,notumor,1,0.999875,2,1,0.000113,0.000006,0.999875,0.000005
data_rand_fold2/Testing/notumor/Tr-no_0524.jpg,nt438,notumor,notumor,1,0.999992,2,1,0.000000,0.000001,0.999992,0.000006
data_rand_fold2/Testing/notumor/Tr-no_0526.jpg,nt440,notumor,notumor,1,0.999995,2,1,0.000001,0.000003,0.999995,0.000002
data_rand_fold2/Testing/notumor/Tr-no_0531.jpg,nt444,notumor,notumor,1,0.999994,2,1,0.000002,0.000003,0.999994,0.000001
data_rand_fold2/Testing/notumor/Tr-no_0532.jpg,nt339,notumor,notumor,1,0.999893,2,1,0.000002,0.000007,0.999893,0.000097
data_rand_fold2/Testing/notumor/Tr-no_0535.jpg,nt447,notumor,notumor,1,0.999712,2,1,0.000267,0.000017,0.999712,0.000005
data_rand_fold2/Testing/notumor/Tr-no_0547.jpg,nt137,notumor,notumor,1,0.999936,2,1,0.000040,0.000016,0.999936,0.000008
data_rand_fold2/Testing/notumor/Tr-no_0552.jpg,nt456,notumor,notumor,1,0.999903,2,1,0.000056,0.000023,0.999903,0.000017
data_rand_fold2/Testing/notumor/Tr-no_0557.jpg,nt461,notumor,notumor,1,0.999964,2,1,0.000034,0.000001,0.999964,0.000001
data_rand_fold2/Testing/notumor/Tr-no_0565.jpg,nt468,notumor,notumor,1,0.999997,2,1,0.000000,0.000001,0.999997,0.000002
data_rand_fold2/Testing/notumor/Tr-no_0571.jpg,nt472,notumor,notumor,1,0.999795,2,1,0.000014,0.000018,0.999795,0.000173
data_rand_fold2/Testing/notumor/Tr-no_0577.jpg,nt251,notumor,notumor,1,0.999880,2,1,0.000046,0.000028,0.999880,0.000047
data_rand_fold2/Testing/notumor/Tr-no_0579.jpg,nt29,notumor,notumor,1,0.999386,2,1,0.000135,0.000199,0.999386,0.000280
data_rand_fold2/Testing/notumor/Tr-no_0583.jpg,nt480,notumor,notumor,1,0.999118,2,1,0.000273,0.000373,0.999118,0.000235
data_rand_fold2/Testing/notumor/Tr-no_0584.jpg,nt481,notumor,notumor,1,0.999985,2,1,0.000005,0.000004,0.999985,0.000006
data_rand_fold2/Testing/notumor/Tr-no_0587.jpg,nt484,notumor,notumor,1,0.999931,2,1,0.000030,0.000028,0.999931,0.000010
data_rand_fold2/Testing/notumor/Tr-no_0588.jpg,nt485,notumor,notumor,1,0.999811,2,1,0.000184,0.000001,0.999811,0.000003
data_rand_fold2/Testing/notumor/Tr-no_0592.jpg,nt443,notumor,notumor,1,0.999890,2,1,0.000073,0.000004,0.999890,0.000034
data_rand_fold2/Testing/notumor/Tr-no_0594.jpg,nt490,notumor,notumor,1,0.999993,2,1,0.000004,0.000002,0.999993,0.000001
data_rand_fold2/Testing/notumor/Tr-no_0597.jpg,nt489,notumor,notumor,1,0.999943,2,1,0.000049,0.000004,0.999943,0.000004
data_rand_fold2/Testing/notumor/Tr-no_0621.jpg,nt516,notumor,notumor,1,0.999119,2,1,0.000178,0.000553,0.999119,0.000150
data_rand_fold2/Testing/notumor/Tr-no_0623.jpg,nt518,notumor,notumor,1,0.999777,2,1,0.000048,0.000146,0.999777,0.000029
data_rand_fold2/Testing/notumor/Tr-no_0630.jpg,nt524,notumor,notumor,1,0.999961,2,1,0.000019,0.000008,0.999961,0.000012
data_rand_fold2/Testing/notumor/Tr-no_0638.jpg,nt364,notumor,notumor,1,0.999997,2,1,0.000000,0.000000,0.999997,0.000002
data_rand_fold2/Testing/notumor/Tr-no_0639.jpg,nt530,notumor,notumor,1,0.999864,2,1,0.000065,0.000055,0.999864,0.000016
data_rand_fold2/Testing/notumor/Tr-no_0640.jpg,nt531,notumor,notumor,1,0.999974,2,1,0.000006,0.000012,0.999974,0.000008
data_rand_fold2/Testing/notumor/Tr-no_0652.jpg,nt542,notumor,notumor,1,0.999342,2,1,0.000507,0.000110,0.999342,0.000041
data_rand_fold2/Testing/notumor/Tr-no_0653.jpg,nt543,notumor,notumor,1,0.999921,2,1,0.000053,0.000015,0.999921,0.000012
data_rand_fold2/Testing/notumor/Tr-no_0654.jpg,nt544,notumor,notumor,1,0.996773,2,1,0.000878,0.001901,0.996773,0.000448
data_rand_fold2/Testing/notumor/Tr-no_0655.jpg,nt400,notumor,notumor,1,0.999497,2,1,0.000246,0.000206,0.999497,0.000051
data_rand_fold2/Testing/notumor/Tr-no_0663.jpg,nt549,notumor,notumor,1,0.999738,2,1,0.000016,0.000015,0.999738,0.000231
data_rand_fold2/Testing/notumor/Tr-no_0667.jpg,nt553,notumor,notumor,1,0.999926,2,1,0.000019,0.000040,0.999926,0.000015
data_rand_fold2/Testing/notumor/Tr-no_0669.jpg,nt555,notumor,notumor,1,0.999868,2,1,0.000010,0.000102,0.999868,0.000020
data_rand_fold2/Testing/notumor/Tr-no_0672.jpg,nt558,notumor,notumor,1,0.999472,2,1,0.000006,0.000019,0.999472,0.000502
data_rand_fold2/Testing/notumor/Tr-no_0677.jpg,nt562,notumor,notumor,1,0.999848,2,1,0.000114,0.000029,0.999848,0.000008
data_rand_fold2/Testing/notumor/Tr-no_0679.jpg,nt564,notumor,notumor,1,0.999990,2,1,0.000008,0.000001,0.999990,0.000001
data_rand_fold2/Testing/notumor/Tr-no_0690.jpg,nt574,notumor,notumor,1,0.999951,2,1,0.000007,0.000004,0.999951,0.000037
data_rand_fold2/Testing/notumor/Tr-no_0691.jpg,nt575,notumor,notumor,1,0.996900,2,1,0.001320,0.001239,0.996900,0.000541
data_rand_fold2/Testing/notumor/Tr-no_0693.jpg,nt395,notumor,notumor,1,0.999937,2,1,0.000056,0.000005,0.999937,0.000002
data_rand_fold2/Testing/notumor/Tr-no_0701.jpg,nt146,notumor,notumor,1,0.999967,2,1,0.000008,0.000018,0.999967,0.000007
data_rand_fold2/Testing/notumor/Tr-no_0702.jpg,nt456,notumor,notumor,1,0.999878,2,1,0.000047,0.000053,0.999878,0.000022
data_rand_fold2/Testing/notumor/Tr-no_0703.jpg,nt459,notumor,notumor,1,0.999734,2,1,0.000044,0.000067,0.999734,0.000154
data_rand_fold2/Testing/notumor/Tr-no_0712.jpg,nt123,notumor,notumor,1,0.997440,2,1,0.000114,0.000015,0.997440,0.002430
data_rand_fold2/Testing/notumor/Tr-no_0733.jpg,nt596,notumor,notumor,1,0.995925,2,1,0.000069,0.000002,0.995925,0.004004
data_rand_fold2/Testing/notumor/Tr-no_0738.jpg,nt601,notumor,notumor,1,0.999939,2,1,0.000007,0.000003,0.999939,0.000051
data_rand_fold2/Testing/notumor/Tr-no_0741.jpg,nt141,notumor,notumor,1,0.999907,2,1,0.000011,0.000051,0.999907,0.000030
data_rand_fold2/Testing/notumor/Tr-no_0750.jpg,nt612,notumor,notumor,1,0.999926,2,1,0.000048,0.000013,0.999926,0.000013
data_rand_fold2/Testing/notumor/Tr-no_0756.jpg,nt617,notumor,notumor,1,0.999929,2,1,0.000056,0.000001,0.999929,0.000014
data_rand_fold2/Testing/notumor/Tr-no_0769.jpg,nt628,notumor,notumor,1,0.999966,2,1,0.000018,0.000014,0.999966,0.000003
data_rand_fold2/Testing/notumor/Tr-no_0773.jpg,nt632,notumor,notumor,1,0.999946,2,1,0.000005,0.000038,0.999946,0.000011
data_rand_fold2/Testing/notumor/Tr-no_0775.jpg,nt634,notumor,notumor,1,0.997727,2,1,0.001551,0.000125,0.997727,0.000597
data_rand_fold2/Testing/notumor/Tr-no_0779.jpg,nt637,notumor,notumor,1,0.999245,2,1,0.000101,0.000547,0.999245,0.000107
data_rand_fold2/Testing/notumor/Tr-no_0782.jpg,nt640,notumor,notumor,1,0.999546,2,1,0.000277,0.000134,0.999546,0.000042
data_rand_fold2/Testing/notumor/Tr-no_0787.jpg,nt645,notumor,notumor,1,0.998524,2,1,0.000743,0.000598,0.998524,0.000135
data_rand_fold2/Testing/notumor/Tr-no_0788.jpg,nt473,notumor,notumor,1,0.999981,2,1,0.000000,0.000017,0.999981,0.000002
data_rand_fold2/Testing/notumor/Tr-no_0794.jpg,nt650,notumor,notumor,1,0.999022,2,1,0.000645,0.000269,0.999022,0.000063
data_rand_fold2/Testing/notumor/Tr-no_0795.jpg,nt651,notumor,notumor,1,0.999255,2,1,0.000439,0.000161,0.999255,0.000145
data_rand_fold2/Testing/notumor/Tr-no_0796.jpg,nt652,notumor,notumor,1,0.999971,2,1,0.000001,0.000023,0.999971,0.000005
data_rand_fold2/Testing/notumor/Tr-no_0799.jpg,nt655,notumor,notumor,1,0.999950,2,1,0.000027,0.000015,0.999950,0.000008
data_rand_fold2/Testing/notumor/Tr-no_0813.jpg,nt668,notumor,notumor,1,0.999708,2,1,0.000009,0.000141,0.999708,0.000142
data_rand_fold2/Testing/notumor/Tr-no_0815.jpg,nt670,notumor,notumor,1,0.999997,2,1,0.000002,0.000001,0.999997,0.000001
data_rand_fold2/Testing/notumor/Tr-no_0823.jpg,nt677,notumor,notumor,1,0.999950,2,1,0.000029,0.000014,0.999950,0.000007
data_rand_fold2/Testing/notumor/Tr-no_0824.jpg,nt678,notumor,notumor,1,0.999692,2,1,0.000049,0.000213,0.999692,0.000045
data_rand_fold2/Testing/notumor/Tr-no_0834.jpg,nt687,notumor,notumor,1,0.999808,2,1,0.000031,0.000089,0.999808,0.000072
data_rand_fold2/Testing/notumor/Tr-no_0836.jpg,nt689,notumor,notumor,1,0.998354,2,1,0.000025,0.000014,0.998354,0.001606
data_rand_fold2/Testing/notumor/Tr-no_0842.jpg,nt694,notumor,notumor,1,0.999864,2,1,0.000007,0.000088,0.999864,0.000042
data_rand_fold2/Testing/notumor/Tr-no_0844.jpg,nt696,notumor,notumor,1,0.994905,2,1,0.002171,0.002059,0.994905,0.000865
data_rand_fold2/Testing/notumor/Tr-no_0846.jpg,nt698,notumor,notumor,1,0.999995,2,1,0.000000,0.000003,0.999995,0.000002
data_rand_fold2/Testing/notumor/Tr-no_0862.jpg,nt714,notumor,notumor,1,0.999110,2,1,0.000210,0.000412,0.999110,0.000268
data_rand_fold2/Testing/notumor/Tr-no_0868.jpg,nt719,notumor,notumor,1,0.999998,2,1,0.000000,0.000000,0.999998,0.000001
data_rand_fold2/Testing/notumor/Tr-no_0873.jpg,nt724,notumor,notumor,1,0.999907,2,1,0.000007,0.000033,0.999907,0.000053
data_rand_fold2/Testing/notumor/Tr-no_0878.jpg,nt727,notumor,notumor,1,0.999896,2,1,0.000018,0.000049,0.999896,0.000037
data_rand_fold2/Testing/notumor/Tr-no_0880.jpg,nt729,notumor,notumor,1,0.999930,2,1,0.000014,0.000016,0.999930,0.000041
data_rand_fold2/Testing/notumor/Tr-no_0881.jpg,nt730,notumor,notumor,1,0.999993,2,1,0.000001,0.000001,0.999993,0.000004
data_rand_fold2/Testing/notumor/Tr-no_0884.jpg,nt733,notumor,notumor,1,0.999833,2,1,0.000061,0.000058,0.999833,0.000048
data_rand_fold2/Testing/notumor/Tr-no_0888.jpg,nt736,notumor,notumor,1,0.999927,2,1,0.000058,0.000008,0.999927,0.000007
data_rand_fold2/Testing/notumor/Tr-no_0895.jpg,nt742,notumor,notumor,1,0.999870,2,1,0.000091,0.000009,0.999870,0.000030
data_rand_fold2/Testing/notumor/Tr-no_0897.jpg,nt744,notumor,notumor,1,0.999756,2,1,0.000069,0.000001,0.999756,0.000174
data_rand_fold2/Testing/notumor/Tr-no_0898.jpg,nt192,notumor,notumor,1,0.999944,2,1,0.000019,0.000025,0.999944,0.000012
data_rand_fold2/Testing/notumor/Tr-no_0899.jpg,nt745,notumor,notumor,1,0.999991,2,1,0.000007,0.000002,0.999991,0.000000
data_rand_fold2/Testing/notumor/Tr-no_0909.jpg,nt754,notumor,notumor,1,0.999093,2,1,0.000051,0.000310,0.999093,0.000546
data_rand_fold2/Testing/notumor/Tr-no_0912.jpg,nt756,notumor,notumor,1,0.999855,2,1,0.000017,0.000056,0.999855,0.000071
data_rand_fold2/Testing/notumor/Tr-no_0913.jpg,nt757,notumor,notumor,1,0.999384,2,1,0.000145,0.000390,0.999384,0.000081
data_rand_fold2/Testing/notumor/Tr-no_0915.jpg,nt759,notumor,notumor,1,0.999642,2,1,0.000004,0.000048,0.999642,0.000305
data_rand_fold2/Testing/notumor/Tr-no_0917.jpg,nt761,notumor,notumor,1,0.999956,2,1,0.000007,0.000015,0.999956,0.000023
data_rand_fold2/Testing/notumor/Tr-no_0920.jpg,nt764,notumor,notumor,1,0.999898,2,1,0.000079,0.000006,0.999898,0.000016
data_rand_fold2/Testing/notumor/Tr-no_0924.jpg,nt767,notumor,notumor,1,0.999765,2,1,0.000204,0.000020,0.999765,0.000011
data_rand_fold2/Testing/notumor/Tr-no_0933.jpg,nt774,notumor,notumor,1,0.999805,2,1,0.000131,0.000015,0.999805,0.000049
data_rand_fold2/Testing/notumor/Tr-no_0934.jpg,nt775,notumor,notumor,1,0.999712,2,1,0.000079,0.000041,0.999712,0.000168
data_rand_fold2/Testing/notumor/Tr-no_0947.jpg,nt786,notumor,notumor,1,0.995917,2,1,0.003497,0.000165,0.995917,0.000422
data_rand_fold2/Testing/notumor/Tr-no_0949.jpg,nt788,notumor,notumor,1,0.999880,2,1,0.000019,0.000003,0.999880,0.000098
data_rand_fold2/Testing/notumor/Tr-no_0992.jpg,nt803,notumor,notumor,1,0.999332,2,1,0.000153,0.000137,0.999332,0.000377
data_rand_fold2/Testing/notumor/Tr-no_0997.jpg,nt804,notumor,notumor,1,0.999959,2,1,0.000014,0.000014,0.999959,0.000013
data_rand_fold2/Testing/notumor/Tr-no_0998.jpg,nt235,notumor,notumor,1,0.999879,2,1,0.000010,0.000017,0.999879,0.000094
data_rand_fold2/Testing/notumor/Tr-no_0999.jpg,nt792,notumor,notumor,1,0.999171,2,1,0.000686,0.000105,0.999171,0.000038
data_rand_fold2/Testing/notumor/Tr-no_1000.jpg,nt123,notumor,notumor,1,0.997070,2,1,0.000108,0.000012,0.997070,0.002810
data_rand_fold2/Testing/notumor/Tr-no_1002.jpg,nt235,notumor,notumor,1,0.999827,2,1,0.000015,0.000024,0.999827,0.000134
data_rand_fold2/Testing/notumor/Tr-no_1003.jpg,nt5,notumor,notumor,1,0.999656,2,1,0.000261,0.000040,0.999656,0.000044
data_rand_fold2/Testing/notumor/Tr-no_1014.jpg,nt256,notumor,notumor,1,0.992902,2,1,0.000845,0.005472,0.992902,0.000780
data_rand_fold2/Testing/notumor/Tr-no_1017.jpg,nt807,notumor,notumor,1,0.999996,2,1,0.000001,0.000003,0.999996,0.000001
data_rand_fold2/Testing/notumor/Tr-no_1018.jpg,nt476,notumor,notumor,1,0.999917,2,1,0.000055,0.000014,0.999917,0.000015
data_rand_fold2/Testing/notumor/Tr-no_1019.jpg,nt29,notumor,notumor,1,0.999230,2,1,0.000178,0.000217,0.999230,0.000375
data_rand_fold2/Testing/notumor/Tr-no_1021.jpg,nt237,notumor,notumor,1,0.999934,2,1,0.000039,0.000012,0.999934,0.000015
data_rand_fold2/Testing/notumor/Tr-no_1028.jpg,nt809,notumor,notumor,1,0.999995,2,1,0.000002,0.000002,0.999995,0.000001
data_rand_fold2/Testing/notumor/Tr-no_1029.jpg,nt810,notumor,notumor,1,0.999999,2,1,0.000000,0.000000,0.999999,0.000001
data_rand_fold2/Testing/notumor/Tr-no_1035.jpg,nt580,notumor,notumor,1,0.999902,2,1,0.000028,0.000063,0.999902,0.000008
data_rand_fold2/Testing/notumor/Tr-no_1046.jpg,nt123,notumor,notumor,1,0.996665,2,1,0.000107,0.000015,0.996665,0.003213
data_rand_fold2/Testing/notumor/Tr-no_1054.jpg,nt6,notumor,notumor,1,0.999985,2,1,0.000003,0.000010,0.999985,0.000002
data_rand_fold2/Testing/notumor/Tr-no_1076.jpg,nt24,notumor,notumor,1,0.999834,2,1,0.000091,0.000047,0.999834,0.000028
data_rand_fold2/Testing/notumor/Tr-no_1112.jpg,nt120,notumor,notumor,1,0.999704,2,1,0.000126,0.000112,0.999704,0.000058
data_rand_fold2/Testing/notumor/Tr-no_1121.jpg,nt444,notumor,notumor,1,0.999988,2,1,0.000003,0.000005,0.999988,0.000004
data_rand_fold2/Testing/notumor/Tr-no_1186.jpg,nt235,notumor,notumor,1,0.999817,2,1,0.000014,0.000027,0.999817,0.000142
data_rand_fold2/Testing/notumor/Tr-no_1189.jpg,nt237,notumor,notumor,1,0.999934,2,1,0.000038,0.000012,0.999934,0.000015
data_rand_fold2/Testing/notumor/Tr-no_1192.jpg,nt18,notumor,notumor,1,0.998857,2,1,0.000290,0.000034,0.998857,0.000819
data_rand_fold2/Testing/notumor/Tr-no_1195.jpg,nt476,notumor,notumor,1,0.999940,2,1,0.000040,0.000010,0.999940,0.000010
data_rand_fold2/Testing/notumor/Tr-no_1203.jpg,nt547,notumor,notumor,1,0.999985,2,1,0.000001,0.000010,0.999985,0.000004
data_rand_fold2/Testing/notumor/Tr-no_1228.jpg,nt839,notumor,notumor,1,0.999823,2,1,0.000076,0.000093,0.999823,0.000008
data_rand_fold2/Testing/notumor/Tr-no_1229.jpg,nt840,notumor,notumor,1,0.999721,2,1,0.000039,0.000187,0.999721,0.000053
data_rand_fold2/Testing/notumor/Tr-no_1238.jpg,nt844,notumor,notumor,1,0.999260,2,1,0.000089,0.000131,0.999260,0.000520
data_rand_fold2/Testing/notumor/Tr-no_1240.jpg,nt546,notumor,notumor,1,0.999956,2,1,0.000005,0.000007,0.999956,0.000031
data_rand_fold2/Testing/notumor/Tr-no_1242.jpg,nt846,notumor,notumor,1,0.999930,2,1,0.000008,0.000052,0.999930,0.000009
data_rand_fold2/Testing/notumor/Tr-no_1253.jpg,nt410,notumor,notumor,1,0.999976,2,1,0.000001,0.000022,0.999976,0.000001
data_rand_fold2/Testing/notumor/Tr-no_1256.jpg,nt853,notumor,notumor,1,0.999953,2,1,0.000008,0.000035,0.999953,0.000004
data_rand_fold2/Testing/notumor/Tr-no_1261.jpg,nt856,notumor,notumor,1,0.999260,2,1,0.000040,0.000582,0.999260,0.000118
data_rand_fold2/Testing/notumor/Tr-no_1267.jpg,nt363,notumor,notumor,1,0.999974,2,1,0.000017,0.000004,0.999974,0.000005
data_rand_fold2/Testing/notumor/Tr-no_1276.jpg,nt866,notumor,notumor,1,0.999919,2,1,0.000062,0.000005,0.999919,0.000014
data_rand_fold2/Testing/notumor/Tr-no_1281.jpg,nt869,notumor,notumor,1,0.999998,2,1,0.000000,0.000001,0.999998,0.000000
data_rand_fold2/Testing/notumor/Tr-no_1286.jpg,nt873,notumor,notumor,1,0.999550,2,1,0.000006,0.000348,0.999550,0.000095
data_rand_fold2/Testing/notumor/Tr-no_1290.jpg,nt876,notumor,notumor,1,0.999639,2,1,0.000048,0.000243,0.999639,0.000070
data_rand_fold2/Testing/notumor/Tr-no_1291.jpg,nt371,notumor,notumor,1,0.999943,2,1,0.000002,0.000035,0.999943,0.000020
data_rand_fold2/Testing/notumor/Tr-no_1295.jpg,nt880,notumor,notumor,1,0.998216,2,1,0.000050,0.000908,0.998216,0.000825
data_rand_fold2/Testing/notumor/Tr-no_1311.jpg,nt889,notumor,notumor,1,0.999973,2,1,0.000011,0.000007,0.999973,0.000008
data_rand_fold2/Testing/notumor/Tr-no_1315.jpg,nt893,notumor,notumor,1,0.999913,2,1,0.000001,0.000072,0.999913,0.000014
data_rand_fold2/Testing/notumor/Tr-no_1319.jpg,nt896,notumor,notumor,1,0.999997,2,1,0.000002,0.000001,0.999997,0.000000
data_rand_fold2/Testing/notumor/Tr-no_1331.jpg,nt905,notumor,notumor,1,0.994566,2,1,0.004794,0.000092,0.994566,0.000547
data_rand_fold2/Testing/notumor/Tr-no_1345.jpg,nt911,notumor,notumor,1,0.993735,2,1,0.000837,0.001423,0.993735,0.004006
data_rand_fold2/Testing/notumor/Tr-no_1348.jpg,nt913,notumor,notumor,1,0.999981,2,1,0.000015,0.000002,0.999981,0.000001
data_rand_fold2/Testing/notumor/Tr-no_1351.jpg,nt486,notumor,notumor,1,0.999431,2,1,0.000015,0.000143,0.999431,0.000410
data_rand_fold2/Testing/notumor/Tr-no_1356.jpg,nt920,notumor,notumor,1,0.999977,2,1,0.000000,0.000002,0.999977,0.000020
data_rand_fold2/Testing/notumor/Tr-no_1361.jpg,nt925,notumor,notumor,1,0.999839,2,1,0.000006,0.000013,0.999839,0.000142
data_rand_fold2/Testing/notumor/Tr-no_1363.jpg,nt515,notumor,notumor,1,0.999455,2,1,0.000129,0.000380,0.999455,0.000036
data_rand_fold2/Testing/notumor/Tr-no_1365.jpg,nt928,notumor,notumor,1,0.999995,2,1,0.000000,0.000001,0.999995,0.000004
data_rand_fold2/Testing/notumor/Tr-no_1366.jpg,nt929,notumor,notumor,1,0.999733,2,1,0.000258,0.000006,0.999733,0.000003
data_rand_fold2/Testing/notumor/Tr-no_1369.jpg,nt931,notumor,notumor,1,0.999961,2,1,0.000036,0.000002,0.999961,0.000002
data_rand_fold2/Testing/notumor/Tr-no_1370.jpg,nt932,notumor,notumor,1,0.999022,2,1,0.000598,0.000167,0.999022,0.000213
data_rand_fold2/Testing/notumor/Tr-no_1384.jpg,nt323,notumor,notumor,1,0.999483,2,1,0.000387,0.000090,0.999483,0.000041
data_rand_fold2/Testing/notumor/Tr-no_1393.jpg,nt329,notumor,notumor,1,0.999926,2,1,0.000004,0.000063,0.999926,0.000007
data_rand_fold2/Testing/notumor/Tr-no_1399.jpg,nt333,notumor,notumor,1,0.999975,2,1,0.000002,0.000004,0.999975,0.000019
data_rand_fold2/Testing/notumor/Tr-no_1403.jpg,nt334,notumor,notumor,1,0.999983,2,1,0.000013,0.000004,0.999983,0.000000
data_rand_fold2/Testing/notumor/Tr-no_1410.jpg,nt956,notumor,notumor,1,0.999852,2,1,0.000003,0.000126,0.999852,0.000020
data_rand_fold2/Testing/notumor/Tr-no_1419.jpg,nt959,notumor,notumor,1,0.999917,2,1,0.000052,0.000017,0.999917,0.000014
data_rand_fold2/Testing/notumor/Tr-no_1423.jpg,nt351,notumor,notumor,1,0.999758,2,1,0.000015,0.000035,0.999758,0.000191
data_rand_fold2/Testing/notumor/Tr-no_1425.jpg,nt353,notumor,notumor,1,0.999993,2,1,0.000005,0.000001,0.999993,0.000000
data_rand_fold2/Testing/notumor/Tr-no_1427.jpg,nt356,notumor,notumor,1,0.999840,2,1,0.000098,0.000038,0.999840,0.000025
data_rand_fold2/Testing/notumor/Tr-no_1436.jpg,nt971,notumor,notumor,1,0.999876,2,1,0.000013,0.000012,0.999876,0.000099
data_rand_fold2/Testing/notumor/Tr-no_1438.jpg,nt972,notumor,notumor,1,0.999872,2,1,0.000097,0.000010,0.999872,0.000021
data_rand_fold2/Testing/notumor/Tr-no_1446.jpg,nt578,notumor,notumor,1,0.999727,2,1,0.000073,0.000008,0.999727,0.000191
data_rand_fold2/Testing/notumor/Tr-no_1447.jpg,nt501,notumor,notumor,1,0.999897,2,1,0.000094,0.000004,0.999897,0.000004
data_rand_fold2/Testing/notumor/Tr-no_1449.jpg,nt979,notumor,notumor,1,0.999823,2,1,0.000092,0.000066,0.999823,0.000019
data_rand_fold2/Testing/notumor/Tr-no_1451.jpg,nt503,notumor,notumor,1,0.999991,2,1,0.000004,0.000003,0.999991,0.000002
data_rand_fold2/Testing/notumor/Tr-no_1461.jpg,nt984,notumor,notumor,1,0.999765,2,1,0.000229,0.000002,0.999765,0.000005
data_rand_fold2/Testing/notumor/Tr-no_1463.jpg,nt986,notumor,notumor,1,0.553054,2,1,0.319463,0.030738,0.553054,0.096745
data_rand_fold2/Testing/notumor/Tr-no_1464.jpg,nt443,notumor,notumor,1,0.999922,2,1,0.000044,0.000004,0.999922,0.000030
data_rand_fold2/Testing/notumor/Tr-no_1466.jpg,nt550,notumor,notumor,1,0.999888,2,1,0.000100,0.000009,0.999888,0.000002
data_rand_fold2/Testing/notumor/Tr-no_1474.jpg,nt988,notumor,notumor,1,0.998842,2,1,0.001103,0.000022,0.998842,0.000033
data_rand_fold2/Testing/notumor/Tr-no_1475.jpg,nt655,notumor,notumor,1,0.999954,2,1,0.000026,0.000013,0.999954,0.000007
data_rand_fold2/Testing/notumor/Tr-no_1487.jpg,nt833,notumor,notumor,1,0.999963,2,1,0.000033,0.000001,0.999963,0.000003
data_rand_fold2/Testing/notumor/Tr-no_1491.jpg,nt427,notumor,notumor,1,0.998586,2,1,0.000273,0.000248,0.998586,0.000893
data_rand_fold2/Testing/notumor/Tr-no_1493.jpg,nt569,notumor,notumor,1,0.998410,2,1,0.000191,0.000491,0.998410,0.000908
data_rand_fold2/Testing/notumor/Tr-no_1499.jpg,nt994,notumor,notumor,1,0.999932,2,1,0.000045,0.000018,0.999932,0.000004
data_rand_fold2/Testing/notumor/Tr-no_1511.jpg,nt867,notumor,notumor,1,0.999789,2,1,0.000084,0.000088,0.999789,0.000040
data_rand_fold2/Testing/notumor/Tr-no_1512.jpg,nt868,notumor,notumor,1,0.999890,2,1,0.000009,0.000010,0.999890,0.000091
data_rand_fold2/Testing/notumor/Tr-no_1513.jpg,nt366,notumor,notumor,1,0.999987,2,1,0.000010,0.000002,0.999987,0.000001
data_rand_fold2/Testing/notumor/Tr-no_1516.jpg,nt999,notumor,notumor,1,0.999997,2,1,0.000001,0.000002,0.999997,0.000001
data_rand_fold2/Testing/notumor/Tr-no_1522.jpg,nt535,notumor,notumor,1,0.999803,2,1,0.000066,0.000090,0.999803,0.000040
data_rand_fold2/Testing/notumor/Tr-no_1524.jpg,nt1002,notumor,notumor,1,0.999621,2,1,0.000148,0.000197,0.999621,0.000034
data_rand_fold2/Testing/notumor/Tr-no_1530.jpg,nt517,notumor,notumor,1,0.999958,2,1,0.000022,0.000010,0.999958,0.000011
data_rand_fold2/Testing/notumor/Tr-no_1531.jpg,nt381,notumor,notumor,1,0.999475,2,1,0.000130,0.000148,0.999475,0.000247
data_rand_fold2/Testing/notumor/Tr-no_1534.jpg,nt1007,notumor,notumor,1,0.999964,2,1,0.000010,0.000003,0.999964,0.000023
data_rand_fold2/Testing/notumor/Tr-no_1541.jpg,nt1010,notumor,notumor,1,0.995369,2,1,0.000235,0.001014,0.995369,0.003383
data_rand_fold2/Testing/notumor/Tr-no_1550.jpg,nt325,notumor,notumor,1,0.999847,2,1,0.000023,0.000061,0.999847,0.000069
data_rand_fold2/Testing/notumor/Tr-no_1563.jpg,nt439,notumor,notumor,1,0.999992,2,1,0.000001,0.000002,0.999992,0.000005
data_rand_fold2/Testing/notumor/Tr-no_1568.jpg,nt1016,notumor,notumor,1,0.939255,2,1,0.037067,0.013924,0.939255,0.009755
data_rand_fold2/Testing/notumor/Tr-no_1581.jpg,nt918,notumor,notumor,1,0.999999,2,1,0.000000,0.000001,0.999999,0.000000
data_rand_fold2/Testing/notumor/Tr-no_1585.jpg,nt923,notumor,notumor,1,0.999377,2,1,0.000430,0.000127,0.999377,0.000066
data_rand_fold2/Testing/notumor/Tr-no_1589.jpg,nt928,notumor,notumor,1,0.999994,2,1,0.000000,0.000001,0.999994,0.000004
data_rand_fold2/Testing/notumor/Tr-no_1591.jpg,nt931,notumor,notumor,1,0.999952,2,1,0.000044,0.000002,0.999952,0.000002
data_rand_fold2/Testing/notumor/Tr-no_1593.jpg,nt1025,notumor,notumor,1,0.999942,2,1,0.000013,0.000014,0.999942,0.000030
data_rand_fold2/Testing/pituitary/Te-piTr_0006.jpg,113274,pituitary,pituitary,1,0.913642,2,1,0.003871,0.081920,0.000568,0.913642
data_rand_fold2/Testing/pituitary/Te-piTr_0008.jpg,114361,pituitary,pituitary,1,0.680956,2,1,0.002057,0.312825,0.004162,0.680956
data_rand_fold2/Testing/pituitary/Te-pi_0040.jpg,98874,pituitary,pituitary,1,0.999915,2,1,0.000018,0.000063,0.000004,0.999915
data_rand_fold2/Testing/pituitary/Te-pi_0054.jpg,106062,pituitary,pituitary,1,0.999064,2,1,0.000031,0.000807,0.000098,0.999064
data_rand_fold2/Testing/pituitary/Te-pi_0076.jpg,111125,pituitary,pituitary,1,0.999476,2,1,0.000185,0.000297,0.000043,0.999476
data_rand_fold2/Testing/pituitary/Te-pi_0087.jpg,114094,pituitary,pituitary,1,0.989087,2,1,0.000432,0.010080,0.000401,0.989087
data_rand_fold2/Testing/pituitary/Te-pi_0088.jpg,114094,pituitary,pituitary,1,0.995605,2,1,0.000662,0.003583,0.000151,0.995605
data_rand_fold2/Testing/pituitary/Te-pi_0089.jpg,106062,pituitary,pituitary,1,0.994945,2,1,0.000143,0.004868,0.000044,0.994945
data_rand_fold2/Testing/pituitary/Te-pi_0090.jpg,106062,pituitary,pituitary,1,0.972681,2,1,0.000037,0.027181,0.000101,0.972681
data_rand_fold2/Testing/pituitary/Te-pi_0105.jpg,110537,pituitary,pituitary,1,0.911461,2,1,0.003830,0.084088,0.000622,0.911461
data_rand_fold2/Testing/pituitary/Te-pi_0106.jpg,114094,pituitary,pituitary,1,0.998936,2,1,0.000259,0.000525,0.000280,0.998936
data_rand_fold2/Testing/pituitary/Te-pi_0111.jpg,111785,pituitary,pituitary,1,0.876126,2,1,0.000223,0.123320,0.000332,0.876126
data_rand_fold2/Testing/pituitary/Te-pi_0115.jpg,112746,pituitary,pituitary,1,0.996494,2,1,0.000002,0.003332,0.000172,0.996494
data_rand_fold2/Testing/pituitary/Te-pi_0117.jpg,112847,pituitary,pituitary,1,0.992928,2,1,0.000328,0.006724,0.000020,0.992928
data_rand_fold2/Testing/pituitary/Te-pi_0120.jpg,107495,pituitary,pituitary,1,0.999697,2,1,0.000007,0.000125,0.000171,0.999697
data_rand_fold2/Testing/pituitary/Te-pi_0126.jpg,107505,pituitary,pituitary,1,0.999498,2,1,0.000422,0.000013,0.000067,0.999498
data_rand_fold2/Testing/pituitary/Te-pi_0127.jpg,107743,pituitary,pituitary,1,0.999869,2,1,0.000009,0.000084,0.000037,0.999869
data_rand_fold2/Testing/pituitary/Te-pi_0129.jpg,108931,pituitary,pituitary,1,0.998944,2,1,0.000016,0.000008,0.001032,0.998944
data_rand_fold2/Testing/pituitary/Te-pi_0130.jpg,109471,pituitary,pituitary,1,0.999881,2,1,0.000002,0.000109,0.000008,0.999881
data_rand_fold2/Testing/pituitary/Te-pi_0136.jpg,111075,pituitary,pituitary,1,0.999997,2,1,0.000001,0.000001,0.000000,0.999997
data_rand_fold2/Testing/pituitary/Te-pi_0138.jpg,111125,pituitary,pituitary,1,0.999759,2,1,0.000070,0.000062,0.000109,0.999759
data_rand_fold2/Testing/pituitary/Te-pi_0142.jpg,114361,pituitary,pituitary,1,0.759981,2,1,0.002688,0.233670,0.003661,0.759981
data_rand_fold2/Testing/pituitary/Te-pi_0154.jpg,103582,pituitary,pituitary,1,0.997741,2,1,0.000330,0.001484,0.000445,0.997741
data_rand_fold2/Testing/pituitary/Te-pi_0155.jpg,103670,pituitary,pituitary,1,0.999971,2,1,0.000002,0.000019,0.000007,0.999971
data_rand_fold2/Testing/pituitary/Te-pi_0156.jpg,103671,pituitary,pituitary,1,0.824178,2,1,0.097580,0.076096,0.002146,0.824178
data_rand_fold2/Testing/pituitary/Te-pi_0157.jpg,103731,pituitary,pituitary,1,0.999890,2,1,0.000097,0.000003,0.000010,0.999890
data_rand_fold2/Testing/pituitary/Te-pi_0161.jpg,104019,pituitary,pituitary,1,0.999978,2,1,0.000021,0.000002,0.000000,0.999978
data_rand_fold2/Testing/pituitary/Te-pi_0163.jpg,104558,pituitary,pituitary,1,0.999944,2,1,0.000028,0.000020,0.000008,0.999944
data_rand_fold2/Testing/pituitary/Te-pi_0171.jpg,105538,pituitary,meningioma,0,0.985284,2,1,0.001015,0.985284,0.006729,0.006972
data_rand_fold2/Testing/pituitary/Te-pi_0173.jpg,106062,pituitary,pituitary,1,0.979452,2,1,0.007744,0.009981,0.002824,0.979452
data_rand_fold2/Testing/pituitary/Te-pi_0177.jpg,97461,pituitary,pituitary,1,0.999997,2,1,0.000002,0.000000,0.000000,0.999997
data_rand_fold2/Testing/pituitary/Te-pi_0185.jpg,106062,pituitary,pituitary,1,0.983676,2,1,0.007148,0.002431,0.006745,0.983676
data_rand_fold2/Testing/pituitary/Te-pi_0188.jpg,98992,pituitary,pituitary,1,0.985034,2,1,0.010721,0.003851,0.000394,0.985034
data_rand_fold2/Testing/pituitary/Te-pi_0198.jpg,101305,pituitary,pituitary,1,0.997730,2,1,0.001026,0.001128,0.000116,0.997730
data_rand_fold2/Testing/pituitary/Te-pi_0199.jpg,101724,pituitary,pituitary,1,0.993267,2,1,0.001223,0.005273,0.000237,0.993267
data_rand_fold2/Testing/pituitary/Te-pi_0206.jpg,103478,pituitary,pituitary,1,0.999061,2,1,0.000045,0.000792,0.000102,0.999061
data_rand_fold2/Testing/pituitary/Te-pi_0208.jpg,103670,pituitary,pituitary,1,0.999955,2,1,0.000002,0.000036,0.000007,0.999955
data_rand_fold2/Testing/pituitary/Te-pi_0219.jpg,104912,pituitary,pituitary,1,0.984494,2,1,0.002567,0.012857,0.000082,0.984494
data_rand_fold2/Testing/pituitary/Te-pi_0221.jpg,105187,pituitary,pituitary,1,0.999977,2,1,0.000006,0.000016,0.000001,0.999977
data_rand_fold2/Testing/pituitary/Te-pi_0223.jpg,105638,pituitary,pituitary,1,0.994957,2,1,0.000302,0.004711,0.000030,0.994957
data_rand_fold2/Testing/pituitary/Te-pi_0224.jpg,97416,pituitary,glioma,0,0.867746,2,1,0.867746,0.067593,0.004816,0.059846
data_rand_fold2/Testing/pituitary/Te-pi_0245.jpg,101029,pituitary,pituitary,1,0.999560,2,1,0.000129,0.000225,0.000086,0.999560
data_rand_fold2/Testing/pituitary/Te-pi_0246.jpg,101145,pituitary,pituitary,1,0.824745,2,1,0.000956,0.172687,0.001612,0.824745
data_rand_fold2/Testing/pituitary/Te-pi_0247.jpg,101305,pituitary,pituitary,1,0.987257,2,1,0.000669,0.011334,0.000740,0.987257
data_rand_fold2/Testing/pituitary/Te-pi_0272.jpg,104912,pituitary,pituitary,1,0.998941,2,1,0.000078,0.000977,0.000004,0.998941
data_rand_fold2/Testing/pituitary/Te-pi_0287.jpg,98472,pituitary,pituitary,1,0.919863,2,1,0.002524,0.057128,0.020485,0.919863
data_rand_fold2/Testing/pituitary/Te-pi_0297.jpg,98995,pituitary,pituitary,1,0.605528,2,1,0.000259,0.377329,0.016884,0.605528
data_rand_fold2/Testing/pituitary/Tr-piTr_0003.jpg,98871,pituitary,pituitary,1,0.994632,2,1,0.000312,0.004760,0.000295,0.994632
data_rand_fold2/Testing/pituitary/Tr-pi_0011.jpg,98992,pituitary,pituitary,1,0.990884,2,1,0.000120,0.008829,0.000168,0.990884
data_rand_fold2/Testing/pituitary/Tr-pi_0013.jpg,98992,pituitary,pituitary,1,0.992193,2,1,0.000182,0.007484,0.000141,0.992193
data_rand_fold2/Testing/pituitary/Tr-pi_0017.jpg,98995,pituitary,pituitary,1,0.986110,2,1,0.002224,0.011529,0.000137,0.986110
data_rand_fold2/Testing/pituitary/Tr-pi_0020.jpg,98995,pituitary,pituitary,1,0.990040,2,1,0.000001,0.009931,0.000028,0.990040
data_rand_fold2/Testing/pituitary/Tr-pi_0022.jpg,99223,pituitary,pituitary,1,0.984326,2,1,0.000009,0.015381,0.000284,0.984326
data_rand_fold2/Testing/pituitary/Tr-pi_0023.jpg,111125,pituitary,pituitary,1,0.999859,2,1,0.000059,0.000022,0.000061,0.999859
data_rand_fold2/Testing/pituitary/Tr-pi_0046.jpg,103837,pituitary,pituitary,1,0.941351,2,1,0.000167,0.003897,0.054584,0.941351
data_rand_fold2/Testing/pituitary/Tr-pi_0061.jpg,104684,pituitary,pituitary,1,0.999237,2,1,0.000009,0.000709,0.000045,0.999237
data_rand_fold2/Testing/pituitary/Tr-pi_0062.jpg,104684,pituitary,pituitary,1,0.995835,2,1,0.000012,0.003716,0.000438,0.995835
data_rand_fold2/Testing/pituitary/Tr-pi_0066.jpg,104912,pituitary,pituitary,1,0.999748,2,1,0.000088,0.000164,0.000001,0.999748
data_rand_fold2/Testing/pituitary/Tr-pi_0069.jpg,104912,pituitary,pituitary,1,0.992962,2,1,0.001041,0.005978,0.000019,0.992962
data_rand_fold2/Testing/pituitary/Tr-pi_0075.jpg,105187,pituitary,pituitary,1,0.826153,2,1,0.000495,0.172401,0.000950,0.826153
data_rand_fold2/Testing/pituitary/Tr-pi_0077.jpg,105187,pituitary,pituitary,1,0.980361,2,1,0.002642,0.016647,0.000350,0.980361
data_rand_fold2/Testing/pituitary/Tr-pi_0091.jpg,105638,pituitary,pituitary,1,0.999994,2,1,0.000000,0.000005,0.000001,0.999994
data_rand_fold2/Testing/pituitary/Tr-pi_0094.jpg,97416,pituitary,pituitary,1,0.986344,2,1,0.003510,0.009474,0.000672,0.986344
data_rand_fold2/Testing/pituitary/Tr-pi_0096.jpg,97416,pituitary,pituitary,1,0.770842,2,1,0.000344,0.226788,0.002025,0.770842
data_rand_fold2/Testing/pituitary/Tr-pi_0101.jpg,97416,pituitary,meningioma,0,0.846386,2,1,0.048558,0.846386,0.008990,0.096066
data_rand_fold2/Testing/pituitary/Tr-pi_0111.jpg,110993,pituitary,pituitary,1,0.999745,2,1,0.000085,0.000059,0.000111,0.999745
data_rand_fold2/Testing/pituitary/Tr-pi_0112.jpg,114361,pituitary,pituitary,1,0.999910,2,1,0.000031,0.000048,0.000012,0.999910
data_rand_fold2/Testing/pituitary/Tr-pi_0114.jpg,97890,pituitary,pituitary,1,0.999199,2,1,0.000010,0.000750,0.000041,0.999199
data_rand_fold2/Testing/pituitary/Tr-pi_0126.jpg,98472,pituitary,pituitary,1,0.994292,2,1,0.000042,0.005590,0.000076,0.994292
data_rand_fold2/Testing/pituitary/Tr-pi_0132.jpg,98871,pituitary,meningioma,0,0.929095,2,1,0.000146,0.929095,0.000489,0.070271
data_rand_fold2/Testing/pituitary/Tr-pi_0135.jpg,98871,pituitary,pituitary,1,0.948818,2,1,0.000166,0.050408,0.000608,0.948818
data_rand_fold2/Testing/pituitary/Tr-pi_0137.jpg,98874,pituitary,pituitary,1,0.925464,2,1,0.000119,0.074285,0.000131,0.925464
data_rand_fold2/Testing/pituitary/Tr-pi_0151.jpg,98992,pituitary,pituitary,1,0.949117,2,1,0.000531,0.050069,0.000283,0.949117
data_rand_fold2/Testing/pituitary/Tr-pi_0157.jpg,103837,pituitary,pituitary,1,0.941351,2,1,0.000167,0.003897,0.054584,0.941351
data_rand_fold2/Testing/pituitary/Tr-pi_0164.jpg,99223,pituitary,pituitary,1,0.966624,2,1,0.000337,0.032865,0.000175,0.966624
data_rand_fold2/Testing/pituitary/Tr-pi_0177.jpg,101029,pituitary,pituitary,1,0.999643,2,1,0.000040,0.000139,0.000178,0.999643
data_rand_fold2/Testing/pituitary/Tr-pi_0179.jpg,101029,pituitary,pituitary,1,0.999835,2,1,0.000021,0.000085,0.000059,0.999835
data_rand_fold2/Testing/pituitary/Tr-pi_0185.jpg,101305,pituitary,pituitary,1,0.992614,2,1,0.000309,0.006991,0.000087,0.992614
data_rand_fold2/Testing/pituitary/Tr-pi_0188.jpg,101305,pituitary,pituitary,1,0.898084,2,1,0.011147,0.090441,0.000329,0.898084
data_rand_fold2/Testing/pituitary/Tr-pi_0204.jpg,102669,pituitary,pituitary,1,0.996318,2,1,0.000363,0.003190,0.000130,0.996318
data_rand_fold2/Testing/pituitary/Tr-pi_0214.jpg,103257,pituitary,pituitary,1,0.849842,2,1,0.000559,0.149583,0.000015,0.849842
data_rand_fold2/Testing/pituitary/Tr-pi_0223.jpg,101029,pituitary,pituitary,1,0.999843,2,1,0.000039,0.000037,0.000080,0.999843
data_rand_fold2/Testing/pituitary/Tr-pi_0228.jpg,103582,pituitary,pituitary,1,0.996724,2,1,0.000010,0.002961,0.000305,0.996724
data_rand_fold2/Testing/pituitary/Tr-pi_0236.jpg,103670,pituitary,pituitary,1,0.982638,2,1,0.000032,0.011022,0.006308,0.982638
data_rand_fold2/Testing/pituitary/Tr-pi_0238.jpg,103671,pituitary,pituitary,1,0.996480,2,1,0.000022,0.003363,0.000135,0.996480
data_rand_fold2/Testing/pituitary/Tr-pi_0241.jpg,103671,pituitary,pituitary,1,0.976056,2,1,0.000030,0.023469,0.000445,0.976056
data_rand_fold2/Testing/pituitary/Tr-pi_0245.jpg,101029,pituitary,pituitary,1,0.997635,2,1,0.000384,0.000225,0.001756,0.997635
data_rand_fold2/Testing/pituitary/Tr-pi_0252.jpg,98871,pituitary,pituitary,1,0.991704,2,1,0.001419,0.006613,0.000264,0.991704
data_rand_fold2/Testing/pituitary/Tr-pi_0255.jpg,103731,pituitary,pituitary,1,0.991695,2,1,0.001833,0.006281,0.000192,0.991695
data_rand_fold2/Testing/pituitary/Tr-pi_0258.jpg,103731,pituitary,pituitary,1,0.974926,2,1,0.008819,0.015904,0.000351,0.974926
data_rand_fold2/Testing/pituitary/Tr-pi_0267.jpg,106062,pituitary,pituitary,1,0.968258,2,1,0.017214,0.010102,0.004427,0.968258
data_rand_fold2/Testing/pituitary/Tr-pi_0268.jpg,104558,pituitary,pituitary,1,0.770227,2,1,0.010687,0.215504,0.003583,0.770227
data_rand_fold2/Testing/pituitary/Tr-pi_0280.jpg,104684,pituitary,pituitary,1,0.975267,2,1,0.002456,0.020962,0.001314,0.975267
data_rand_fold2/Testing/pituitary/Tr-pi_0282.jpg,104912,pituitary,pituitary,1,0.996138,2,1,0.001307,0.002501,0.000054,0.996138
data_rand_fold2/Testing/pituitary/Tr-pi_0287.jpg,105187,pituitary,pituitary,1,0.999864,2,1,0.000002,0.000132,0.000002,0.999864
data_rand_fold2/Testing/pituitary/Tr-pi_0298.jpg,97416,pituitary,pituitary,1,0.984438,2,1,0.001521,0.012837,0.001204,0.984438
data_rand_fold2/Testing/pituitary/Tr-pi_0305.jpg,97461,pituitary,pituitary,1,0.989351,2,1,0.000250,0.010365,0.000034,0.989351
data_rand_fold2/Testing/pituitary/Tr-pi_0306.jpg,97461,pituitary,pituitary,1,0.997925,2,1,0.000744,0.001319,0.000013,0.997925
data_rand_fold2/Testing/pituitary/Tr-pi_0308.jpg,97461,pituitary,pituitary,1,0.999672,2,1,0.000042,0.000284,0.000002,0.999672
data_rand_fold2/Testing/pituitary/Tr-pi_0310.jpg,97461,pituitary,pituitary,1,0.999493,2,1,0.000038,0.000443,0.000026,0.999493
data_rand_fold2/Testing/pituitary/Tr-pi_0319.jpg,97890,pituitary,pituitary,1,0.997839,2,1,0.000446,0.001628,0.000087,0.997839
data_rand_fold2/Testing/pituitary/Tr-pi_0320.jpg,97890,pituitary,pituitary,1,0.997066,2,1,0.000740,0.001981,0.000213,0.997066
data_rand_fold2/Testing/pituitary/Tr-pi_0321.jpg,97890,pituitary,pituitary,1,0.997066,2,1,0.000740,0.001981,0.000213,0.997066
data_rand_fold2/Testing/pituitary/Tr-pi_0328.jpg,98472,pituitary,pituitary,1,0.999575,2,1,0.000072,0.000279,0.000074,0.999575
data_rand_fold2/Testing/pituitary/Tr-pi_0330.jpg,98652,pituitary,pituitary,1,0.996477,2,1,0.000641,0.001501,0.001382,0.996477
data_rand_fold2/Testing/pituitary/Tr-pi_0331.jpg,98652,pituitary,pituitary,1,0.992817,2,1,0.000268,0.005658,0.001257,0.992817
data_rand_fold2/Testing/pituitary/Tr-pi_0333.jpg,110993,pituitary,pituitary,1,0.999952,2,1,0.000034,0.000003,0.000010,0.999952
data_rand_fold2/Testing/pituitary/Tr-pi_0341.jpg,107495,pituitary,pituitary,1,0.995734,2,1,0.000094,0.004116,0.000055,0.995734
data_rand_fold2/Testing/pituitary/Tr-pi_0342.jpg,107495,pituitary,pituitary,1,0.998773,2,1,0.000012,0.001213,0.000002,0.998773
data_rand_fold2/Testing/pituitary/Tr-pi_0343.jpg,107495,pituitary,pituitary,1,0.998773,2,1,0.000012,0.001213,0.000002,0.998773
data_rand_fold2/Testing/pituitary/Tr-pi_0348.jpg,107429,pituitary,pituitary,1,0.852297,2,1,0.000071,0.146545,0.001088,0.852297
data_rand_fold2/Testing/pituitary/Tr-pi_0354.jpg,107505,pituitary,pituitary,1,0.998963,2,1,0.000016,0.001015,0.000005,0.998963
data_rand_fold2/Testing/pituitary/Tr-pi_0355.jpg,108858,pituitary,pituitary,1,0.996694,2,1,0.000152,0.003145,0.000010,0.996694
data_rand_fold2/Testing/pituitary/Tr-pi_0360.jpg,108858,pituitary,pituitary,1,0.646615,2,1,0.002413,0.350730,0.000242,0.646615
data_rand_fold2/Testing/pituitary/Tr-pi_0361.jpg,108931,pituitary,pituitary,1,0.999947,2,1,0.000002,0.000004,0.000047,0.999947
data_rand_fold2/Testing/pituitary/Tr-pi_0362.jpg,108931,pituitary,pituitary,1,0.999958,2,1,0.000001,0.000006,0.000036,0.999958
data_rand_fold2/Testing/pituitary/Tr-pi_0365.jpg,108931,pituitary,pituitary,1,0.999865,2,1,0.000019,0.000023,0.000093,0.999865
data_rand_fold2/Testing/pituitary/Tr-pi_0375.jpg,109769,pituitary,pituitary,1,0.999794,2,1,0.000005,0.000193,0.000008,0.999794
data_rand_fold2/Testing/pituitary/Tr-pi_0382.jpg,110518,pituitary,pituitary,1,0.991274,2,1,0.000502,0.008197,0.000027,0.991274
data_rand_fold2/Testing/pituitary/Tr-pi_0383.jpg,110537,pituitary,pituitary,1,0.980977,2,1,0.000107,0.018545,0.000371,0.980977
data_rand_fold2/Testing/pituitary/Tr-pi_0388.jpg,110993,pituitary,pituitary,1,0.999991,2,1,0.000000,0.000009,0.000001,0.999991
data_rand_fold2/Testing/pituitary/Tr-pi_0392.jpg,111125,pituitary,pituitary,1,0.972645,2,1,0.000250,0.026751,0.000354,0.972645
data_rand_fold2/Testing/pituitary/Tr-pi_0401.jpg,112074,pituitary,meningioma,0,0.990803,2,1,0.005376,0.990803,0.000217,0.003604
data_rand_fold2/Testing/pituitary/Tr-pi_0406.jpg,112649,pituitary,pituitary,1,0.998925,2,1,0.000051,0.001013,0.000011,0.998925
data_rand_fold2/Testing/pituitary/Tr-pi_0415.jpg,107429,pituitary,pituitary,1,0.944793,2,1,0.000881,0.053869,0.000458,0.944793
data_rand_fold2/Testing/pituitary/Tr-pi_0418.jpg,107429,pituitary,pituitary,1,0.998908,2,1,0.000051,0.000965,0.000076,0.998908
data_rand_fold2/Testing/pituitary/Tr-pi_0421.jpg,107505,pituitary,pituitary,1,0.997303,2,1,0.001510,0.000924,0.000263,0.997303
data_rand_fold2/Testing/pituitary/Tr-pi_0426.jpg,107743,pituitary,pituitary,1,0.982007,2,1,0.000472,0.017128,0.000393,0.982007
data_rand_fold2/Testing/pituitary/Tr-pi_0427.jpg,107743,pituitary,pituitary,1,0.996619,2,1,0.000193,0.002980,0.000207,0.996619
data_rand_fold2/Testing/pituitary/Tr-pi_0431.jpg,108931,pituitary,pituitary,1,0.999456,2,1,0.000120,0.000045,0.000379,0.999456
data_rand_fold2/Testing/pituitary/Tr-pi_0435.jpg,108931,pituitary,pituitary,1,0.999326,2,1,0.000221,0.000107,0.000346,0.999326
data_rand_fold2/Testing/pituitary/Tr-pi_0438.jpg,109471,pituitary,pituitary,1,0.997967,2,1,0.000314,0.001668,0.000052,0.997967
data_rand_fold2/Testing/pituitary/Tr-pi_0440.jpg,109471,pituitary,pituitary,1,0.996498,2,1,0.001907,0.001550,0.000046,0.996498
data_rand_fold2/Testing/pituitary/Tr-pi_0441.jpg,109471,pituitary,pituitary,1,0.999129,2,1,0.000244,0.000603,0.000024,0.999129
data_rand_fold2/Testing/pituitary/Tr-pi_0445.jpg,112847,pituitary,pituitary,1,0.966664,2,1,0.004477,0.026496,0.002362,0.966664
data_rand_fold2/Testing/pituitary/Tr-pi_0448.jpg,109898,pituitary,pituitary,1,0.948613,2,1,0.003522,0.047015,0.000850,0.948613
data_rand_fold2/Testing/pituitary/Tr-pi_0454.jpg,110537,pituitary,pituitary,1,0.999145,2,1,0.000043,0.000802,0.000009,0.999145
data_rand_fold2/Testing/pituitary/Tr-pi_0456.jpg,112847,pituitary,pituitary,1,0.850175,2,1,0.002465,0.145650,0.001710,0.850175
data_rand_fold2/Testing/pituitary/Tr-pi_0464.jpg,110993,pituitary,pituitary,1,0.999790,2,1,0.000039,0.000157,0.000014,0.999790
data_rand_fold2/Testing/pituitary/Tr-pi_0467.jpg,112847,pituitary,pituitary,1,0.996020,2,1,0.000168,0.003020,0.000792,0.996020
data_rand_fold2/Testing/pituitary/Tr-pi_0468.jpg,111075,pituitary,pituitary,1,0.980993,2,1,0.001966,0.016991,0.000050,0.980993
data_rand_fold2/Testing/pituitary/Tr-pi_0471.jpg,111075,pituitary,pituitary,1,0.996816,2,1,0.001262,0.001878,0.000043,0.996816
data_rand_fold2/Testing/pituitary/Tr-pi_0472.jpg,111075,pituitary,pituitary,1,0.998376,2,1,0.000247,0.001309,0.000068,0.998376
data_rand_fold2/Testing/pituitary/Tr-pi_0473.jpg,111075,pituitary,pituitary,1,0.990468,2,1,0.001156,0.008282,0.000093,0.990468
data_rand_fold2/Testing/pituitary/Tr-pi_0474.jpg,111125,pituitary,pituitary,1,0.998803,2,1,0.000119,0.001003,0.000075,0.998803
data_rand_fold2/Testing/pituitary/Tr-pi_0484.jpg,112074,pituitary,glioma,0,0.552981,2,1,0.552981,0.185347,0.003926,0.257746
data_rand_fold2/Testing/pituitary/Tr-pi_0495.jpg,112074,pituitary,pituitary,1,0.475508,2,1,0.044496,0.471641,0.008355,0.475508
data_rand_fold2/Testing/pituitary/Tr-pi_0501.jpg,112649,pituitary,pituitary,1,0.999917,2,1,0.000030,0.000036,0.000017,0.999917
data_rand_fold2/Testing/pituitary/Tr-pi_0505.jpg,112746,pituitary,pituitary,1,0.998620,2,1,0.000646,0.000729,0.000005,0.998620
data_rand_fold2/Testing/pituitary/Tr-pi_0523.jpg,112746,pituitary,pituitary,1,0.997877,2,1,0.000003,0.001725,0.000395,0.997877
data_rand_fold2/Testing/pituitary/Tr-pi_0524.jpg,112746,pituitary,pituitary,1,0.977556,2,1,0.000421,0.021288,0.000736,0.977556
data_rand_fold2/Testing/pituitary/Tr-pi_0530.jpg,112847,pituitary,pituitary,1,0.999835,2,1,0.000001,0.000162,0.000002,0.999835
data_rand_fold2/Testing/pituitary/Tr-pi_0533.jpg,113274,pituitary,pituitary,1,0.959433,2,1,0.000834,0.039630,0.000102,0.959433
data_rand_fold2/Testing/pituitary/Tr-pi_0543.jpg,101029,pituitary,pituitary,1,0.997091,2,1,0.000275,0.000701,0.001933,0.997091
data_rand_fold2/Testing/pituitary/Tr-pi_0545.jpg,111075,pituitary,pituitary,1,0.999997,2,1,0.000001,0.000002,0.000000,0.999997
data_rand_fold2/Testing/pituitary/Tr-pi_0547.jpg,101145,pituitary,pituitary,1,0.999259,2,1,0.000132,0.000569,0.000040,0.999259
data_rand_fold2/Testing/pituitary/Tr-pi_0551.jpg,101724,pituitary,pituitary,1,0.999671,2,1,0.000033,0.000037,0.000259,0.999671
data_rand_fold2/Testing/pituitary/Tr-pi_0558.jpg,103046,pituitary,pituitary,1,0.999989,2,1,0.000001,0.000003,0.000007,0.999989
data_rand_fold2/Testing/pituitary/Tr-pi_0559.jpg,103046,pituitary,pituitary,1,0.999979,2,1,0.000002,0.000006,0.000013,0.999979
data_rand_fold2/Testing/pituitary/Tr-pi_0560.jpg,103046,pituitary,pituitary,1,0.999951,2,1,0.000006,0.000014,0.000030,0.999951
data_rand_fold2/Testing/pituitary/Tr-pi_0564.jpg,103257,pituitary,pituitary,1,0.999983,2,1,0.000002,0.000012,0.000003,0.999983
data_rand_fold2/Testing/pituitary/Tr-pi_0567.jpg,103478,pituitary,pituitary,1,0.967636,2,1,0.000957,0.030728,0.000679,0.967636
data_rand_fold2/Testing/pituitary/Tr-pi_0571.jpg,114361,pituitary,pituitary,1,0.993214,2,1,0.000060,0.006561,0.000165,0.993214
data_rand_fold2/Testing/pituitary/Tr-pi_0573.jpg,103582,pituitary,pituitary,1,0.985446,2,1,0.000310,0.014191,0.000053,0.985446
data_rand_fold2/Testing/pituitary/Tr-pi_0576.jpg,103670,pituitary,pituitary,1,0.999904,2,1,0.000007,0.000059,0.000030,0.999904
data_rand_fold2/Testing/pituitary/Tr-pi_0579.jpg,103671,pituitary,pituitary,1,0.970243,2,1,0.001749,0.022175,0.005833,0.970243
data_rand_fold2/Testing/pituitary/Tr-pi_0581.jpg,103671,pituitary,pituitary,1,0.962660,2,1,0.026054,0.010595,0.000691,0.962660
data_rand_fold2/Testing/pituitary/Tr-pi_0583.jpg,103731,pituitary,pituitary,1,0.999984,2,1,0.000011,0.000003,0.000002,0.999984
data_rand_fold2/Testing/pituitary/Tr-pi_0584.jpg,103731,pituitary,pituitary,1,0.999961,2,1,0.000032,0.000006,0.000002,0.999961
data_rand_fold2/Testing/pituitary/Tr-pi_0595.jpg,104558,pituitary,pituitary,1,0.999994,2,1,0.000001,0.000005,0.000000,0.999994
data_rand_fold2/Testing/pituitary/Tr-pi_0597.jpg,114094,pituitary,pituitary,1,0.989572,2,1,0.001716,0.008331,0.000382,0.989572
data_rand_fold2/Testing/pituitary/Tr-pi_0603.jpg,104684,pituitary,pituitary,1,0.999847,2,1,0.000013,0.000008,0.000132,0.999847
data_rand_fold2/Testing/pituitary/Tr-pi_0606.jpg,104912,pituitary,pituitary,1,0.999999,2,1,0.000000,0.000000,0.000000,0.999999
data_rand_fold2/Testing/pituitary/Tr-pi_0610.jpg,105475,pituitary,pituitary,1,0.999652,2,1,0.000013,0.000317,0.000018,0.999652
data_rand_fold2/Testing/pituitary/Tr-pi_0611.jpg,105475,pituitary,pituitary,1,0.999881,2,1,0.000010,0.000056,0.000054,0.999881
data_rand_fold2/Testing/pituitary/Tr-pi_0613.jpg,105538,pituitary,meningioma,0,0.485740,2,1,0.028835,0.485740,0.323351,0.162074
data_rand_fold2/Testing/pituitary/Tr-pi_0622.jpg,114094,pituitary,pituitary,1,0.992242,2,1,0.001057,0.006650,0.000051,0.992242
data_rand_fold2/Testing/pituitary/Tr-pi_0624.jpg,97461,pituitary,pituitary,1,0.999946,2,1,0.000022,0.000028,0.000004,0.999946
data_rand_fold2/Testing/pituitary/Tr-pi_0632.jpg,114094,pituitary,pituitary,1,0.999203,2,1,0.000146,0.000638,0.000012,0.999203
data_rand_fold2/Testing/pituitary/Tr-pi_0634.jpg,98472,pituitary,pituitary,1,0.999949,2,1,0.000001,0.000038,0.000013,0.999949
data_rand_fold2/Testing/pituitary/Tr-pi_0636.jpg,98472,pituitary,pituitary,1,0.999964,2,1,0.000004,0.000022,0.000010,0.999964
data_rand_fold2/Testing/pituitary/Tr-pi_0637.jpg,98472,pituitary,pituitary,1,0.999897,2,1,0.000003,0.000055,0.000045,0.999897
data_rand_fold2/Testing/pituitary/Tr-pi_0642.jpg,98652,pituitary,pituitary,1,0.999553,2,1,0.000029,0.000098,0.000320,0.999553
data_rand_fold2/Testing/pituitary/Tr-pi_0649.jpg,106062,pituitary,pituitary,1,0.998882,2,1,0.000002,0.001074,0.000042,0.998882
data_rand_fold2/Testing/pituitary/Tr-pi_0652.jpg,98992,pituitary,pituitary,1,0.999245,2,1,0.000030,0.000707,0.000018,0.999245
data_rand_fold2/Testing/pituitary/Tr-pi_0658.jpg,98995,pituitary,pituitary,1,0.998994,2,1,0.000012,0.000491,0.000504,0.998994
data_rand_fold2/Testing/pituitary/Tr-pi_0659.jpg,98995,pituitary,pituitary,1,0.995100,2,1,0.000048,0.003702,0.001150,0.995100
data_rand_fold2/Testing/pituitary/Tr-pi_0665.jpg,99223,pituitary,pituitary,1,0.999924,2,1,0.000041,0.000032,0.000002,0.999924
data_rand_fold2/Testing/pituitary/Tr-pi_0671.jpg,101017,pituitary,pituitary,1,0.972074,2,1,0.001246,0.024602,0.002078,0.972074
data_rand_fold2/Testing/pituitary/Tr-pi_0682.jpg,101305,pituitary,pituitary,1,0.999584,2,1,0.000147,0.000167,0.000103,0.999584
data_rand_fold2/Testing/pituitary/Tr-pi_0684.jpg,101724,pituitary,pituitary,1,0.980379,2,1,0.002751,0.016365,0.000506,0.980379
data_rand_fold2/Testing/pituitary/Tr-pi_0685.jpg,101724,pituitary,pituitary,1,0.996620,2,1,0.001959,0.001313,0.000109,0.996620
data_rand_fold2/Testing/pituitary/Tr-pi_0686.jpg,102648,pituitary,pituitary,1,0.999755,2,1,0.000133,0.000078,0.000034,0.999755
data_rand_fold2/Testing/pituitary/Tr-pi_0688.jpg,102648,pituitary,pituitary,1,0.999665,2,1,0.000159,0.000157,0.000019,0.999665
data_rand_fold2/Testing/pituitary/Tr-pi_0690.jpg,104912,pituitary,pituitary,1,0.999997,2,1,0.000001,0.000001,0.000001,0.999997
data_rand_fold2/Testing/pituitary/Tr-pi_0692.jpg,104684,pituitary,pituitary,1,0.999167,2,1,0.000109,0.000076,0.000647,0.999167
data_rand_fold2/Testing/pituitary/Tr-pi_0695.jpg,112649,pituitary,pituitary,1,0.998487,2,1,0.000147,0.001294,0.000072,0.998487
data_rand_fold2/Testing/pituitary/Tr-pi_0700.jpg,103257,pituitary,pituitary,1,0.998062,2,1,0.000149,0.001729,0.000060,0.998062
data_rand_fold2/Testing/pituitary/Tr-pi_0706.jpg,107495,pituitary,pituitary,1,0.999825,2,1,0.000012,0.000059,0.000105,0.999825
data_rand_fold2/Testing/pituitary/Tr-pi_0709.jpg,107495,pituitary,pituitary,1,0.999315,2,1,0.000069,0.000242,0.000374,0.999315
data_rand_fold2/Testing/pituitary/Tr-pi_0718.jpg,103257,pituitary,pituitary,1,0.998895,2,1,0.000073,0.000953,0.000079,0.998895
data_rand_fold2/Testing/pituitary/Tr-pi_0731.jpg,109471,pituitary,pituitary,1,0.999887,2,1,0.000027,0.000063,0.000023,0.999887
data_rand_fold2/Testing/pituitary/Tr-pi_0741.jpg,109898,pituitary,pituitary,1,0.996591,2,1,0.001187,0.000388,0.001834,0.996591
data_rand_fold2/Testing/pituitary/Tr-pi_0746.jpg,103478,pituitary,pituitary,1,0.999115,2,1,0.000025,0.000557,0.000304,0.999115
data_rand_fold2/Testing/pituitary/Tr-pi_0761.jpg,109898,pituitary,pituitary,1,0.743268,2,1,0.001654,0.253062,0.002016,0.743268
data_rand_fold2/Testing/pituitary/Tr-pi_0763.jpg,110518,pituitary,pituitary,1,0.984608,2,1,0.004153,0.011161,0.000078,0.984608
data_rand_fold2/Testing/pituitary/Tr-pi_0764.jpg,110518,pituitary,pituitary,1,0.968995,2,1,0.001495,0.029276,0.000233,0.968995
data_rand_fold2/Testing/pituitary/Tr-pi_0766.jpg,112847,pituitary,pituitary,1,0.999896,2,1,0.000026,0.000072,0.000006,0.999896
data_rand_fold2/Testing/pituitary/Tr-pi_0773.jpg,112847,pituitary,pituitary,1,0.999957,2,1,0.000002,0.000037,0.000004,0.999957
data_rand_fold2/Testing/pituitary/Tr-pi_0774.jpg,110537,pituitary,pituitary,1,0.885399,2,1,0.000300,0.112407,0.001894,0.885399
data_rand_fold2/Testing/pituitary/Tr-pi_0780.jpg,111075,pituitary,pituitary,1,0.993442,2,1,0.000824,0.005713,0.000022,0.993442
data_rand_fold2/Testing/pituitary/Tr-pi_0790.jpg,111785,pituitary,pituitary,1,0.992965,2,1,0.002945,0.003706,0.000385,0.992965
data_rand_fold2/Testing/pituitary/Tr-pi_0796.jpg,112649,pituitary,pituitary,1,0.998850,2,1,0.000234,0.000661,0.000255,0.998850
data_rand_fold2/Testing/pituitary/Tr-pi_0797.jpg,112649,pituitary,pituitary,1,0.998371,2,1,0.000203,0.001362,0.000064,0.998371
data_rand_fold2/Testing/pituitary/Tr-pi_0798.jpg,112649,pituitary,pituitary,1,0.998160,2,1,0.000952,0.000862,0.000026,0.998160
data_rand_fold2/Testing/pituitary/Tr-pi_0802.jpg,113274,pituitary,pituitary,1,0.999890,2,1,0.000014,0.000080,0.000016,0.999890
data_rand_fold2/Testing/pituitary/Tr-pi_0817.jpg,114361,pituitary,pituitary,1,0.992404,2,1,0.000136,0.007398,0.000062,0.992404
data_rand_fold2/Testing/pituitary/Tr-pi_0835.jpg,107495,pituitary,pituitary,1,0.999602,2,1,0.000004,0.000392,0.000002,0.999602
data_rand_fold2/Testing/pituitary/Tr-pi_0838.jpg,107429,pituitary,pituitary,1,0.935666,2,1,0.000049,0.064136,0.000149,0.935666
data_rand_fold2/Testing/pituitary/Tr-pi_0840.jpg,107429,pituitary,pituitary,1,0.514456,2,1,0.000084,0.484791,0.000670,0.514456
data_rand_fold2/Testing/pituitary/Tr-pi_0841.jpg,114040,pituitary,pituitary,1,0.999117,2,1,0.000398,0.000414,0.000072,0.999117
data_rand_fold2/Testing/pituitary/Tr-pi_0842.jpg,107429,pituitary,pituitary,1,0.974880,2,1,0.002240,0.022835,0.000045,0.974880
data_rand_fold2/Testing/pituitary/Tr-pi_0853.jpg,108931,pituitary,pituitary,1,0.999897,2,1,0.000027,0.000007,0.000068,0.999897
data_rand_fold2/Testing/pituitary/Tr-pi_0854.jpg,108931,pituitary,pituitary,1,0.999243,2,1,0.000007,0.000040,0.000711,0.999243
data_rand_fold2/Testing/pituitary/Tr-pi_0861.jpg,109471,pituitary,pituitary,1,0.999877,2,1,0.000003,0.000108,0.000011,0.999877
data_rand_fold2/Testing/pituitary/Tr-pi_0864.jpg,109769,pituitary,pituitary,1,0.997089,2,1,0.000051,0.002269,0.000591,0.997089
data_rand_fold2/Testing/pituitary/Tr-pi_0865.jpg,109769,pituitary,pituitary,1,0.997487,2,1,0.000080,0.001149,0.001285,0.997487
data_rand_fold2/Testing/pituitary/Tr-pi_0866.jpg,109769,pituitary,pituitary,1,0.999505,2,1,0.000011,0.000464,0.000019,0.999505
data_rand_fold2/Testing/pituitary/Tr-pi_0871.jpg,110518,pituitary,pituitary,1,0.968414,2,1,0.000121,0.031120,0.000346,0.968414
data_rand_fold2/Testing/pituitary/Tr-pi_0877.jpg,114361,pituitary,pituitary,1,0.998999,2,1,0.000020,0.000974,0.000007,0.998999
data_rand_fold2/Testing/pituitary/Tr-pi_0879.jpg,111075,pituitary,pituitary,1,0.985976,2,1,0.000060,0.013957,0.000008,0.985976
data_rand_fold2/Testing/pituitary/Tr-pi_0882.jpg,111125,pituitary,pituitary,1,0.996906,2,1,0.000259,0.002503,0.000333,0.996906
data_rand_fold2/Testing/pituitary/Tr-pi_0889.jpg,105936,pituitary,pituitary,1,0.999982,2,1,0.000001,0.000006,0.000011,0.999982
data_rand_fold2/Testing/pituitary/Tr-pi_0892.jpg,106062,pituitary,pituitary,1,0.998780,2,1,0.000107,0.000736,0.000377,0.998780
data_rand_fold2/Testing/pituitary/Tr-pi_0894.jpg,112074,pituitary,meningioma,0,0.998649,2,1,0.000130,0.998649,0.000200,0.001022
data_rand_fold2/Testing/pituitary/Tr-pi_0902.jpg,112746,pituitary,pituitary,1,0.999147,2,1,0.000034,0.000815,0.000004,0.999147
data_rand_fold2/Testing/pituitary/Tr-pi_0904.jpg,112746,pituitary,pituitary,1,0.947946,2,1,0.000717,0.050836,0.000501,0.947946
data_rand_fold2/Testing/pituitary/Tr-pi_0909.jpg,112847,pituitary,pituitary,1,0.999026,2,1,0.000002,0.000959,0.000013,0.999026
data_rand_fold2/Testing/pituitary/Tr-pi_0912.jpg,105936,pituitary,pituitary,1,0.999831,2,1,0.000034,0.000121,0.000013,0.999831
data_rand_fold2/Testing/pituitary/Tr-pi_0920.jpg,107495,pituitary,pituitary,1,0.999409,2,1,0.000045,0.000115,0.000432,0.999409
data_rand_fold2/Testing/pituitary/Tr-pi_0922.jpg,107495,pituitary,pituitary,1,0.999091,2,1,0.000048,0.000360,0.000502,0.999091
data_rand_fold2/Testing/pituitary/Tr-pi_0925.jpg,107429,pituitary,pituitary,1,0.999768,2,1,0.000001,0.000227,0.000005,0.999768
data_rand_fold2/Testing/pituitary/Tr-pi_0933.jpg,107505,pituitary,pituitary,1,0.999833,2,1,0.000090,0.000022,0.000054,0.999833
data_rand_fold2/Testing/pituitary/Tr-pi_0940.jpg,108858,pituitary,pituitary,1,0.999899,2,1,0.000083,0.000010,0.000007,0.999899
data_rand_fold2/Testing/pituitary/Tr-pi_0946.jpg,109471,pituitary,pituitary,1,0.998338,2,1,0.000260,0.000521,0.000881,0.998338
data_rand_fold2/Testing/pituitary/Tr-pi_0952.jpg,113741,pituitary,pituitary,1,0.999833,2,1,0.000001,0.000119,0.000047,0.999833
data_rand_fold2/Testing/pituitary/Tr-pi_0954.jpg,109898,pituitary,pituitary,1,0.998663,2,1,0.000404,0.000276,0.000656,0.998663
data_rand_fold2/Testing/pituitary/Tr-pi_0963.jpg,111075,pituitary,pituitary,1,0.999977,2,1,0.000012,0.000007,0.000005,0.999977
data_rand_fold2/Testing/pituitary/Tr-pi_0968.jpg,113741,pituitary,pituitary,1,0.999951,2,1,0.000018,0.000029,0.000002,0.999951
data_rand_fold2/Testing/pituitary/Tr-pi_0970.jpg,111125,pituitary,pituitary,1,0.999876,2,1,0.000050,0.000020,0.000053,0.999876
data_rand_fold2/Testing/pituitary/Tr-pi_0971.jpg,111785,pituitary,pituitary,1,0.999859,2,1,0.000064,0.000067,0.000009,0.999859
data_rand_fold2/Testing/pituitary/Tr-pi_0975.jpg,112074,pituitary,pituitary,1,0.741218,2,1,0.037175,0.188646,0.032961,0.741218
data_rand_fold2/Testing/pituitary/Tr-pi_0977.jpg,112649,pituitary,pituitary,1,0.999296,2,1,0.000349,0.000213,0.000142,0.999296
data_rand_fold2/Testing/pituitary/Tr-pi_0978.jpg,114040,pituitary,pituitary,1,0.937094,2,1,0.003974,0.058584,0.000349,0.937094
data_rand_fold2/Testing/pituitary/Tr-pi_0981.jpg,114361,pituitary,pituitary,1,0.978592,2,1,0.000160,0.020638,0.000611,0.978592
data_rand_fold2/Testing/pituitary/Tr-pi_0987.jpg,101145,pituitary,pituitary,1,0.999849,2,1,0.000022,0.000112,0.000016,0.999849
data_rand_fold2/Testing/pituitary/Tr-pi_0995.jpg,102648,pituitary,pituitary,1,0.991204,2,1,0.007596,0.000868,0.000332,0.991204
data_rand_fold2/Testing/pituitary/Tr-pi_0996.jpg,101017,pituitary,pituitary,1,0.999554,2,1,0.000006,0.000064,0.000376,0.999554
data_rand_fold2/Testing/pituitary/Tr-pi_0997.jpg,102648,pituitary,pituitary,1,0.996960,2,1,0.002273,0.000680,0.000087,0.996960
data_rand_fold2/Testing/pituitary/Tr-pi_0998.jpg,102648,pituitary,pituitary,1,0.884842,2,1,0.113064,0.001960,0.000134,0.884842
data_rand_fold2/Testing/pituitary/Tr-pi_1002.jpg,103046,pituitary,pituitary,1,0.999965,2,1,0.000006,0.000011,0.000018,0.999965
data_rand_fold2/Testing/pituitary/Tr-pi_1007.jpg,103257,pituitary,pituitary,1,0.997723,2,1,0.000006,0.002239,0.000032,0.997723
data_rand_fold2/Testing/pituitary/Tr-pi_1010.jpg,103478,pituitary,pituitary,1,0.998616,2,1,0.000030,0.001248,0.000106,0.998616
data_rand_fold2/Testing/pituitary/Tr-pi_1021.jpg,103671,pituitary,pituitary,1,0.999028,2,1,0.000195,0.000501,0.000276,0.999028
data_rand_fold2/Testing/pituitary/Tr-pi_1022.jpg,103671,pituitary,pituitary,1,0.949110,2,1,0.003979,0.043011,0.003900,0.949110
data_rand_fold2/Testing/pituitary/Tr-pi_1026.jpg,103731,pituitary,pituitary,1,0.999992,2,1,0.000005,0.000001,0.000001,0.999992
data_rand_fold2/Testing/pituitary/Tr-pi_1033.jpg,103837,pituitary,pituitary,1,0.999728,2,1,0.000002,0.000229,0.000041,0.999728
data_rand_fold2/Testing/pituitary/Tr-pi_1038.jpg,103837,pituitary,pituitary,1,0.999383,2,1,0.000007,0.000092,0.000517,0.999383
data_rand_fold2/Testing/pituitary/Tr-pi_1053.jpg,104684,pituitary,pituitary,1,0.999754,2,1,0.000007,0.000012,0.000226,0.999754
data_rand_fold2/Testing/pituitary/Tr-pi_1069.jpg,105638,pituitary,pituitary,1,0.999782,2,1,0.000063,0.000063,0.000093,0.999782
data_rand_fold2/Testing/pituitary/Tr-pi_1075.jpg,97416,pituitary,pituitary,1,0.987596,2,1,0.000268,0.011475,0.000661,0.987596
data_rand_fold2/Testing/pituitary/Tr-pi_1077.jpg,97416,pituitary,pituitary,1,0.986889,2,1,0.000330,0.010134,0.002647,0.986889
data_rand_fold2/Testing/pituitary/Tr-pi_1080.jpg,97461,pituitary,pituitary,1,0.999988,2,1,0.000001,0.000010,0.000001,0.999988
data_rand_fold2/Testing/pituitary/Tr-pi_1083.jpg,97461,pituitary,pituitary,1,0.999948,2,1,0.000038,0.000013,0.000001,0.999948
data_rand_fold2/Testing/pituitary/Tr-pi_1096.jpg,98472,pituitary,pituitary,1,0.999983,2,1,0.000001,0.000009,0.000007,0.999983
data_rand_fold2/Testing/pituitary/Tr-pi_1098.jpg,98472,pituitary,pituitary,1,0.999945,2,1,0.000004,0.000039,0.000012,0.999945
data_rand_fold2/Testing/pituitary/Tr-pi_1103.jpg,98871,pituitary,pituitary,1,0.998738,2,1,0.001197,0.000031,0.000034,0.998738
data_rand_fold2/Testing/pituitary/Tr-pi_1111.jpg,98874,pituitary,pituitary,1,0.992783,2,1,0.006434,0.000771,0.000012,0.992783
data_rand_fold2/Testing/pituitary/Tr-pi_1122.jpg,99223,pituitary,pituitary,1,0.995505,2,1,0.002627,0.001543,0.000325,0.995505
data_rand_fold2/Testing/pituitary/Tr-pi_1123.jpg,107495,pituitary,pituitary,1,0.999310,2,1,0.000078,0.000577,0.000035,0.999310
data_rand_fold2/Testing/pituitary/Tr-pi_1129.jpg,101017,pituitary,pituitary,1,0.994367,2,1,0.001959,0.003610,0.000065,0.994367
data_rand_fold2/Testing/pituitary/Tr-pi_1140.jpg,101145,pituitary,pituitary,1,0.997038,2,1,0.000050,0.002842,0.000071,0.997038
data_rand_fold2/Testing/pituitary/Tr-pi_1148.jpg,101305,pituitary,pituitary,1,0.999401,2,1,0.000267,0.000181,0.000152,0.999401
data_rand_fold2/Testing/pituitary/Tr-pi_1149.jpg,101724,pituitary,pituitary,1,0.990012,2,1,0.001714,0.007833,0.000442,0.990012
data_rand_fold2/Testing/pituitary/Tr-pi_1151.jpg,102648,pituitary,pituitary,1,0.999950,2,1,0.000029,0.000012,0.000009,0.999950
data_rand_fold2/Testing/pituitary/Tr-pi_1152.jpg,102648,pituitary,pituitary,1,0.999967,2,1,0.000013,0.000015,0.000006,0.999967
data_rand_fold2/Testing/pituitary/Tr-pi_1155.jpg,102669,pituitary,pituitary,1,0.989836,2,1,0.002119,0.007978,0.000067,0.989836
data_rand_fold2/Testing/pituitary/Tr-pi_1158.jpg,103046,pituitary,pituitary,1,0.924916,2,1,0.005892,0.068908,0.000283,0.924916
data_rand_fold2/Testing/pituitary/Tr-pi_1163.jpg,103257,pituitary,pituitary,1,0.997821,2,1,0.000196,0.001704,0.000279,0.997821
data_rand_fold2/Testing/pituitary/Tr-pi_1165.jpg,103478,pituitary,pituitary,1,0.992798,2,1,0.000219,0.005093,0.001890,0.992798
data_rand_fold2/Testing/pituitary/Tr-pi_1170.jpg,103478,pituitary,pituitary,1,0.999987,2,1,0.000001,0.000008,0.000004,0.999987
data_rand_fold2/Testing/pituitary/Tr-pi_1176.jpg,103670,pituitary,pituitary,1,0.999870,2,1,0.000007,0.000095,0.000028,0.999870
data_rand_fold2/Testing/pituitary/Tr-pi_1177.jpg,103670,pituitary,pituitary,1,0.999882,2,1,0.000029,0.000055,0.000034,0.999882
data_rand_fold2/Testing/pituitary/Tr-pi_1179.jpg,103671,pituitary,pituitary,1,0.996208,2,1,0.001661,0.002103,0.000028,0.996208
data_rand_fold2/Testing/pituitary/Tr-pi_1185.jpg,103731,pituitary,pituitary,1,0.991003,2,1,0.003867,0.005023,0.000107,0.991003
data_rand_fold2/Testing/pituitary/Tr-pi_1186.jpg,103731,pituitary,pituitary,1,0.989297,2,1,0.004916,0.005621,0.000166,0.989297
data_rand_fold2/Testing/pituitary/Tr-pi_1195.jpg,104019,pituitary,pituitary,1,0.999922,2,1,0.000040,0.000034,0.000003,0.999922
data_rand_fold2/Testing/pituitary/Tr-pi_1197.jpg,107429,pituitary,pituitary,1,0.962187,2,1,0.000543,0.036610,0.000660,0.962187
data_rand_fold2/Testing/pituitary/Tr-pi_1202.jpg,104558,pituitary,pituitary,1,0.990733,2,1,0.000278,0.008961,0.000028,0.990733
data_rand_fold2/Testing/pituitary/Tr-pi_1203.jpg,104558,pituitary,pituitary,1,0.991198,2,1,0.003900,0.004890,0.000012,0.991198
data_rand_fold2/Testing/pituitary/Tr-pi_1205.jpg,104684,pituitary,pituitary,1,0.966451,2,1,0.001031,0.031229,0.001289,0.966451
data_rand_fold2/Testing/pituitary/Tr-pi_1210.jpg,104912,pituitary,pituitary,1,0.658764,2,1,0.299537,0.040968,0.000731,0.658764
data_rand_fold2/Testing/pituitary/Tr-pi_1215.jpg,105187,pituitary,pituitary,1,0.999988,2,1,0.000001,0.000010,0.000001,0.999988
data_rand_fold2/Testing/pituitary/Tr-pi_1224.jpg,105638,pituitary,pituitary,1,0.991517,2,1,0.000510,0.007950,0.000022,0.991517
data_rand_fold2/Testing/pituitary/Tr-pi_1228.jpg,107505,pituitary,pituitary,1,0.998689,2,1,0.000079,0.001150,0.000082,0.998689
data_rand_fold2/Testing/pituitary/Tr-pi_1237.jpg,97461,pituitary,pituitary,1,0.997097,2,1,0.000038,0.002815,0.000051,0.997097
data_rand_fold2/Testing/pituitary/Tr-pi_1246.jpg,97890,pituitary,pituitary,1,0.997105,2,1,0.001633,0.001004,0.000258,0.997105
data_rand_fold2/Testing/pituitary/Tr-pi_1247.jpg,97890,pituitary,pituitary,1,0.998696,2,1,0.000746,0.000465,0.000093,0.998696
data_rand_fold2/Testing/pituitary/Tr-pi_1248.jpg,97890,pituitary,pituitary,1,0.986693,2,1,0.010723,0.002274,0.000310,0.986693
data_rand_fold2/Testing/pituitary/Tr-pi_1252.jpg,98472,pituitary,pituitary,1,0.996975,2,1,0.000185,0.002673,0.000168,0.996975
data_rand_fold2/Testing/pituitary/Tr-pi_1254.jpg,98652,pituitary,pituitary,1,0.993596,2,1,0.000527,0.005553,0.000324,0.993596
data_rand_fold2/Testing/pituitary/Tr-pi_1255.jpg,98652,pituitary,pituitary,1,0.999602,2,1,0.000069,0.000215,0.000114,0.999602
data_rand_fold2/Testing/pituitary/Tr-pi_1259.jpg,98871,pituitary,pituitary,1,0.970477,2,1,0.000326,0.028887,0.000310,0.970477
data_rand_fold2/Testing/pituitary/Tr-pi_1264.jpg,98874,pituitary,meningioma,0,0.651089,2,1,0.005940,0.651089,0.000751,0.342220
data_rand_fold2/Testing/pituitary/Tr-pi_1273.jpg,107743,pituitary,pituitary,1,0.962995,2,1,0.002177,0.034579,0.000250,0.962995
data_rand_fold2/Testing/pituitary/Tr-pi_1279.jpg,99223,pituitary,pituitary,1,0.996247,2,1,0.000115,0.003631,0.000008,0.996247
data_rand_fold2/Testing/pituitary/Tr-pi_1282.jpg,99223,pituitary,pituitary,1,0.936076,2,1,0.000198,0.063567,0.000160,0.936076
data_rand_fold2/Testing/pituitary/Tr-pi_1292.jpg,101145,pituitary,pituitary,1,0.998791,2,1,0.000029,0.001164,0.000017,0.998791
data_rand_fold2/Testing/pituitary/Tr-pi_1298.jpg,101305,pituitary,meningioma,0,0.620721,2,1,0.008508,0.620721,0.002309,0.368462
data_rand_fold2/Testing/pituitary/Tr-pi_1299.jpg,101724,pituitary,pituitary,1,0.983732,2,1,0.014400,0.001824,0.000045,0.983732
data_rand_fold2/Testing/pituitary/Tr-pi_1316.jpg,103257,pituitary,pituitary,1,0.990435,2,1,0.000233,0.006809,0.002523,0.990435
data_rand_fold2/Testing/pituitary/Tr-pi_1318.jpg,108858,pituitary,pituitary,1,0.994472,2,1,0.000748,0.004595,0.000186,0.994472
data_rand_fold2/Testing/pituitary/Tr-pi_1328.jpg,103582,pituitary,pituitary,1,0.995596,2,1,0.000030,0.004116,0.000258,0.995596
data_rand_fold2/Testing/pituitary/Tr-pi_1331.jpg,103582,pituitary,meningioma,0,0.531487,2,1,0.006001,0.531487,0.000197,0.462315
data_rand_fold2/Testing/pituitary/Tr-pi_1332.jpg,103582,pituitary,meningioma,0,0.835305,2,1,0.017498,0.835305,0.001334,0.145864
data_rand_fold2/Testing/pituitary/Tr-pi_1338.jpg,103671,pituitary,pituitary,1,0.868274,2,1,0.000460,0.130895,0.000371,0.868274
data_rand_fold2/Testing/pituitary/Tr-pi_1355.jpg,104558,pituitary,pituitary,1,0.998989,2,1,0.000005,0.001005,0.000002,0.998989
data_rand_fold2/Testing/pituitary/Tr-pi_1363.jpg,104684,pituitary,pituitary,1,0.999585,2,1,0.000006,0.000369,0.000040,0.999585
data_rand_fold2/Testing/pituitary/Tr-pi_1367.jpg,104684,pituitary,pituitary,1,0.999573,2,1,0.000106,0.000318,0.000002,0.999573
data_rand_fold2/Testing/pituitary/Tr-pi_1371.jpg,108931,pituitary,pituitary,1,0.999437,2,1,0.000199,0.000153,0.000211,0.999437
data_rand_fold2/Testing/pituitary/Tr-pi_1383.jpg,105538,pituitary,meningioma,0,0.744905,2,1,0.194097,0.744905,0.059656,0.001342
data_rand_fold2/Testing/pituitary/Tr-pi_1385.jpg,105638,pituitary,pituitary,1,0.999613,2,1,0.000001,0.000262,0.000123,0.999613
data_rand_fold2/Testing/pituitary/Tr-pi_1389.jpg,97416,pituitary,pituitary,1,0.908558,2,1,0.001869,0.088302,0.001272,0.908558
data_rand_fold2/Testing/pituitary/Tr-pi_1400.jpg,97461,pituitary,pituitary,1,0.995211,2,1,0.000226,0.004521,0.000042,0.995211
data_rand_fold2/Testing/pituitary/Tr-pi_1411.jpg,97890,pituitary,pituitary,1,0.999886,2,1,0.000003,0.000104,0.000008,0.999886
data_rand_fold2/Testing/pituitary/Tr-pi_1415.jpg,98472,pituitary,pituitary,1,0.999291,2,1,0.000057,0.000595,0.000056,0.999291
data_rand_fold2/Testing/pituitary/Tr-pi_1418.jpg,98652,pituitary,pituitary,1,0.989383,2,1,0.000152,0.002222,0.008242,0.989383
data_rand_fold2/Testing/pituitary/Tr-pi_1425.jpg,98871,pituitary,pituitary,1,0.694464,2,1,0.022773,0.280473,0.002290,0.694464
data_rand_fold2/Testing/pituitary/Tr-pi_1430.jpg,98874,pituitary,meningioma,0,0.607912,2,1,0.004781,0.607912,0.002002,0.385305
data_rand_fold2/Testing/pituitary/Tr-pi_1433.jpg,98992,pituitary,pituitary,1,0.979676,2,1,0.000021,0.020167,0.000136,0.979676
data_rand_fold2/Testing/pituitary/Tr-pi_1435.jpg,98992,pituitary,pituitary,1,0.999746,2,1,0.000011,0.000237,0.000005,0.999746
data_rand_fold2/Testing/pituitary/Tr-pi_1442.jpg,98995,pituitary,pituitary,1,0.903054,2,1,0.000011,0.096744,0.000192,0.903054
data_rand_fold2/Testing/pituitary/Tr-pi_1443.jpg,98995,pituitary,pituitary,1,0.847959,2,1,0.000137,0.150819,0.001086,0.847959
data_rand_fold2/Testing/pituitary/Tr-pi_1445.jpg,99223,pituitary,pituitary,1,0.998751,2,1,0.000004,0.001211,0.000034,0.998751
data_rand_fold2/Testing/pituitary/Tr-pi_1455.jpg,109898,pituitary,meningioma,0,0.486739,2,1,0.045930,0.486739,0.001259,0.466072
