path,group,true,pred,correct,confidence,fold,seed,p_glioma,p_meningioma,p_notumor,p_pituitary
data_cv_fold1/Testing/glioma/Te-glTr_0000.jpg,MR050791B,glioma,glioma,1,0.990509,1,1,0.990509,0.005242,0.004068,0.000182
data_cv_fold1/Testing/glioma/Te-glTr_0001.jpg,MR026175C,glioma,glioma,1,0.996967,1,1,0.996967,0.001628,0.001232,0.000173
data_cv_fold1/Testing/glioma/Te-glTr_0007.jpg,MR052550,glioma,glioma,1,0.998892,1,1,0.998892,0.000381,0.000682,0.000044
data_cv_fold1/Testing/glioma/Te-gl_0010.jpg,MR049942B,glioma,glioma,1,0.989124,1,1,0.989124,0.004944,0.000848,0.005084
data_cv_fold1/Testing/glioma/Te-gl_0018.jpg,MR032322C,glioma,glioma,1,0.963270,1,1,0.963270,0.014723,0.021272,0.000735
data_cv_fold1/Testing/glioma/Te-gl_0030.jpg,101020,glioma,meningioma,0,0.894413,1,1,0.102387,0.894413,0.002251,0.000950
data_cv_fold1/Testing/glioma/Te-gl_0033.jpg,MR017260F,glioma,glioma,1,0.998453,1,1,0.998453,0.000768,0.000630,0.000149
data_cv_fold1/Testing/glioma/Te-gl_0034.jpg,MR017260F,glioma,glioma,1,0.945783,1,1,0.945783,0.041015,0.012743,0.000459
data_cv_fold1/Testing/glioma/Te-gl_0038.jpg,MR048294B,glioma,glioma,1,0.998850,1,1,0.998850,0.000540,0.000205,0.000405
data_cv_fold1/Testing/glioma/Te-gl_0043.jpg,101020,glioma,meningioma,0,0.964332,1,1,0.032156,0.964332,0.001517,0.001995
data_cv_fold1/Testing/glioma/Te-gl_0048.jpg,112105,glioma,glioma,1,0.978849,1,1,0.978849,0.016188,0.004057,0.000905
data_cv_fold1/Testing/glioma/Te-gl_0055.jpg,MR024780B,glioma,glioma,1,0.995148,1,1,0.995148,0.001130,0.003597,0.000125
data_cv_fold1/Testing/glioma/Te-gl_0064.jpg,MR049453B,glioma,glioma,1,0.988135,1,1,0.988135,0.007734,0.001374,0.002757
data_cv_fold1/Testing/glioma/Te-gl_0065.jpg,MR049453B,glioma,glioma,1,0.998216,1,1,0.998216,0.000615,0.000484,0.000685
data_cv_fold1/Testing/glioma/Te-gl_0080.jpg,MR049453B,glioma,glioma,1,0.987953,1,1,0.987953,0.005044,0.006205,0.000798
data_cv_fold1/Testing/glioma/Te-gl_0083.jpg,MR050791B,glioma,glioma,1,0.886403,1,1,0.886403,0.023447,0.071764,0.018386
data_cv_fold1/Testing/glioma/Te-gl_0084.jpg,MR050791B,glioma,glioma,1,0.884430,1,1,0.884430,0.065760,0.048820,0.000990
data_cv_fold1/Testing/glioma/Te-gl_0085.jpg,MR026175C,glioma,glioma,1,0.989192,1,1,0.989192,0.001650,0.008855,0.000303
data_cv_fold1/Testing/glioma/Te-gl_0086.jpg,MR026175C,glioma,glioma,1,0.938575,1,1,0.938575,0.004095,0.057029,0.000300
data_cv_fold1/Testing/glioma/Te-gl_0091.jpg,MR052550,glioma,glioma,1,0.978586,1,1,0.978586,0.015704,0.004670,0.001040
data_cv_fold1/Testing/glioma/Te-gl_0092.jpg,MR049942B,glioma,glioma,1,0.976310,1,1,0.976310,0.018502,0.001031,0.004158
data_cv_fold1/Testing/glioma/Te-gl_0100.jpg,MR024780D,glioma,glioma,1,0.993300,1,1,0.993300,0.001707,0.004808,0.000186
data_cv_fold1/Testing/glioma/Te-gl_0102.jpg,MR032322C,glioma,glioma,1,0.547023,1,1,0.547023,0.007040,0.443069,0.002868
data_cv_fold1/Testing/glioma/Te-gl_0103.jpg,MR032322C,glioma,notumor,0,0.807209,1,1,0.180700,0.009831,0.807209,0.002260
data_cv_fold1/Testing/glioma/Te-gl_0104.jpg,MR032322C,glioma,notumor,0,0.790267,1,1,0.190593,0.016263,0.790267,0.002878
data_cv_fold1/Testing/glioma/Te-gl_0105.jpg,MR032322C,glioma,glioma,1,0.605241,1,1,0.605241,0.023993,0.368156,0.002610
data_cv_fold1/Testing/glioma/Te-gl_0121.jpg,MR024780B,glioma,glioma,1,0.985302,1,1,0.985302,0.002553,0.011894,0.000251
data_cv_fold1/Testing/glioma/Te-gl_0155.jpg,MR052550,glioma,glioma,1,0.992838,1,1,0.992838,0.001437,0.004733,0.000992
data_cv_fold1/Testing/glioma/Te-gl_0166.jpg,MR024780D,glioma,glioma,1,0.992744,1,1,0.992744,0.003661,0.002241,0.001354
data_cv_fold1/Testing/glioma/Te-gl_0192.jpg,MR050791B,glioma,glioma,1,0.774555,1,1,0.774555,0.214977,0.008959,0.001509
data_cv_fold1/Testing/glioma/Te-gl_0207.jpg,MR051651B,glioma,glioma,1,0.990430,1,1,0.990430,0.004779,0.002272,0.002519
data_cv_fold1/Testing/glioma/Te-gl_0208.jpg,MR051651B,glioma,glioma,1,0.982154,1,1,0.982154,0.013798,0.003345,0.000703
data_cv_fold1/Testing/glioma/Te-gl_0212.jpg,MR052550,glioma,glioma,1,0.994790,1,1,0.994790,0.001116,0.002631,0.001464
data_cv_fold1/Testing/glioma/Te-gl_0213.jpg,MR052550,glioma,glioma,1,0.994638,1,1,0.994638,0.002376,0.001871,0.001116
data_cv_fold1/Testing/glioma/Te-gl_0214.jpg,MR052550,glioma,glioma,1,0.987346,1,1,0.987346,0.003759,0.006802,0.002093
data_cv_fold1/Testing/glioma/Te-gl_0215.jpg,MR052550,glioma,glioma,1,0.990897,1,1,0.990897,0.005009,0.001976,0.002118
data_cv_fold1/Testing/glioma/Te-gl_0219.jpg,MR049942B,glioma,glioma,1,0.987268,1,1,0.987268,0.000881,0.001130,0.010721
data_cv_fold1/Testing/glioma/Te-gl_0230.jpg,112105,glioma,glioma,1,0.648027,1,1,0.648027,0.049819,0.077020,0.225134
data_cv_fold1/Testing/glioma/Te-gl_0231.jpg,112105,glioma,glioma,1,0.960408,1,1,0.960408,0.020340,0.006396,0.012855
data_cv_fold1/Testing/glioma/Te-gl_0235.jpg,101020,glioma,meningioma,0,0.551759,1,1,0.443499,0.551759,0.003458,0.001283
data_cv_fold1/Testing/glioma/Te-gl_0236.jpg,101020,glioma,meningioma,0,0.596901,1,1,0.390635,0.596901,0.010004,0.002460
data_cv_fold1/Testing/glioma/Te-gl_0243.jpg,112105,glioma,glioma,1,0.970179,1,1,0.970179,0.023295,0.003127,0.003399
data_cv_fold1/Testing/glioma/Te-gl_0244.jpg,112105,glioma,glioma,1,0.972538,1,1,0.972538,0.023723,0.001241,0.002499
data_cv_fold1/Testing/glioma/Te-gl_0245.jpg,112105,glioma,glioma,1,0.958935,1,1,0.958935,0.032297,0.007024,0.001744
data_cv_fold1/Testing/glioma/Te-gl_0260.jpg,101020,glioma,glioma,1,0.695258,1,1,0.695258,0.204345,0.021228,0.079169
data_cv_fold1/Testing/glioma/Te-gl_0261.jpg,101020,glioma,meningioma,0,0.939328,1,1,0.057415,0.939328,0.002201,0.001057
data_cv_fold1/Testing/glioma/Te-gl_0262.jpg,101020,glioma,glioma,1,0.986699,1,1,0.986699,0.012339,0.000720,0.000243
data_cv_fold1/Testing/glioma/Te-gl_0269.jpg,112105,glioma,glioma,1,0.974738,1,1,0.974738,0.013787,0.003783,0.007692
data_cv_fold1/Testing/glioma/Te-gl_0280.jpg,95142,glioma,meningioma,0,0.620408,1,1,0.023183,0.620408,0.017839,0.338570
data_cv_fold1/Testing/glioma/Te-gl_0281.jpg,95142,glioma,glioma,1,0.601423,1,1,0.601423,0.383998,0.003243,0.011336
data_cv_fold1/Testing/glioma/Te-gl_0282.jpg,96587,glioma,glioma,1,0.812159,1,1,0.812159,0.170391,0.011100,0.006350
data_cv_fold1/Testing/glioma/Tr-glTr_0003.jpg,MR052550,glioma,glioma,1,0.998376,1,1,0.998376,0.000485,0.000956,0.000184
data_cv_fold1/Testing/glioma/Tr-glTr_0006.jpg,MR049942B,glioma,glioma,1,0.966382,1,1,0.966382,0.001434,0.012983,0.019201
data_cv_fold1/Testing/glioma/Tr-gl_0015.jpg,MR032322C,glioma,glioma,1,0.990402,1,1,0.990402,0.003523,0.005766,0.000309
data_cv_fold1/Testing/glioma/Tr-gl_0034.jpg,MR040240C,glioma,glioma,1,0.999557,1,1,0.999557,0.000142,0.000125,0.000177
data_cv_fold1/Testing/glioma/Tr-gl_0035.jpg,MR040240C,glioma,glioma,1,0.998444,1,1,0.998444,0.000719,0.000232,0.000605
data_cv_fold1/Testing/glioma/Tr-gl_0036.jpg,MR017260F,glioma,glioma,1,0.874198,1,1,0.874198,0.109794,0.009918,0.006090
data_cv_fold1/Testing/glioma/Tr-gl_0041.jpg,112105,glioma,glioma,1,0.652803,1,1,0.652803,0.065124,0.101998,0.180074
data_cv_fold1/Testing/glioma/Tr-gl_0042.jpg,112105,glioma,glioma,1,0.446317,1,1,0.446317,0.168703,0.370389,0.014591
data_cv_fold1/Testing/glioma/Tr-gl_0044.jpg,101020,glioma,glioma,1,0.756219,1,1,0.756219,0.235369,0.007152,0.001260
data_cv_fold1/Testing/glioma/Tr-gl_0046.jpg,95142,glioma,pituitary,0,0.561685,1,1,0.035816,0.397929,0.004571,0.561685
data_cv_fold1/Testing/glioma/Tr-gl_0047.jpg,95142,glioma,meningioma,0,0.665377,1,1,0.293920,0.665377,0.009609,0.031093
data_cv_fold1/Testing/glioma/Tr-gl_0048.jpg,96587,glioma,glioma,1,0.909591,1,1,0.909591,0.048547,0.040792,0.001069
data_cv_fold1/Testing/glioma/Tr-gl_0063.jpg,MR049453B,glioma,glioma,1,0.996585,1,1,0.996585,0.001905,0.001356,0.000154
data_cv_fold1/Testing/glioma/Tr-gl_0064.jpg,MR048294B,glioma,glioma,1,0.996047,1,1,0.996047,0.001757,0.001967,0.000230
data_cv_fold1/Testing/glioma/Tr-gl_0065.jpg,MR050791B,glioma,glioma,1,0.964629,1,1,0.964629,0.017050,0.018093,0.000228
data_cv_fold1/Testing/glioma/Tr-gl_0070.jpg,MR052550,glioma,glioma,1,0.999353,1,1,0.999353,0.000448,0.000174,0.000024
data_cv_fold1/Testing/glioma/Tr-gl_0079.jpg,MR032322C,glioma,notumor,0,0.543807,1,1,0.389132,0.065486,0.543807,0.001575
data_cv_fold1/Testing/glioma/Tr-gl_0088.jpg,MR040240C,glioma,glioma,1,0.987539,1,1,0.987539,0.010426,0.001538,0.000497
data_cv_fold1/Testing/glioma/Tr-gl_0090.jpg,MR017260F,glioma,glioma,1,0.995553,1,1,0.995553,0.001732,0.002589,0.000126
data_cv_fold1/Testing/glioma/Tr-gl_0091.jpg,MR017260F,glioma,glioma,1,0.989688,1,1,0.989688,0.006555,0.003395,0.000362
data_cv_fold1/Testing/glioma/Tr-gl_0094.jpg,MR048294B,glioma,glioma,1,0.996532,1,1,0.996532,0.001463,0.000516,0.001489
data_cv_fold1/Testing/glioma/Tr-gl_0101.jpg,112105,glioma,glioma,1,0.950099,1,1,0.950099,0.044221,0.003422,0.002258
data_cv_fold1/Testing/glioma/Tr-gl_0106.jpg,MR024780B,glioma,glioma,1,0.991489,1,1,0.991489,0.001381,0.006969,0.000161
data_cv_fold1/Testing/glioma/Tr-gl_0113.jpg,MR049453B,glioma,glioma,1,0.993712,1,1,0.993712,0.002419,0.001481,0.002388
data_cv_fold1/Testing/glioma/Tr-gl_0152.jpg,MR049453B,glioma,glioma,1,0.983623,1,1,0.983623,0.004159,0.010683,0.001536
data_cv_fold1/Testing/glioma/Tr-gl_0153.jpg,MR049453B,glioma,glioma,1,0.992763,1,1,0.992763,0.003300,0.003598,0.000338
data_cv_fold1/Testing/glioma/Tr-gl_0154.jpg,MR049453B,glioma,glioma,1,0.997098,1,1,0.997098,0.002200,0.000546,0.000157
data_cv_fold1/Testing/glioma/Tr-gl_0155.jpg,MR049453B,glioma,glioma,1,0.994909,1,1,0.994909,0.003562,0.001218,0.000311
data_cv_fold1/Testing/glioma/Tr-gl_0156.jpg,MR049453B,glioma,glioma,1,0.999108,1,1,0.999108,0.000670,0.000168,0.000054
data_cv_fold1/Testing/glioma/Tr-gl_0157.jpg,MR049453B,glioma,glioma,1,0.997872,1,1,0.997872,0.001757,0.000308,0.000063
data_cv_fold1/Testing/glioma/Tr-gl_0158.jpg,MR049453B,glioma,glioma,1,0.998832,1,1,0.998832,0.000868,0.000250,0.000051
data_cv_fold1/Testing/glioma/Tr-gl_0159.jpg,MR048294B,glioma,glioma,1,0.998602,1,1,0.998602,0.000490,0.000639,0.000269
data_cv_fold1/Testing/glioma/Tr-gl_0160.jpg,MR048294B,glioma,glioma,1,0.993489,1,1,0.993489,0.003016,0.003045,0.000450
data_cv_fold1/Testing/glioma/Tr-gl_0161.jpg,MR048294B,glioma,glioma,1,0.997882,1,1,0.997882,0.000866,0.001170,0.000083
data_cv_fold1/Testing/glioma/Tr-gl_0186.jpg,MR050791B,glioma,glioma,1,0.728349,1,1,0.728349,0.143784,0.030758,0.097109
data_cv_fold1/Testing/glioma/Tr-gl_0187.jpg,MR050791B,glioma,glioma,1,0.829445,1,1,0.829445,0.134960,0.017507,0.018088
data_cv_fold1/Testing/glioma/Tr-gl_0188.jpg,MR050791B,glioma,meningioma,0,0.518902,1,1,0.475844,0.518902,0.003831,0.001423
data_cv_fold1/Testing/glioma/Tr-gl_0189.jpg,MR050791B,glioma,glioma,1,0.987461,1,1,0.987461,0.008172,0.004227,0.000140
data_cv_fold1/Testing/glioma/Tr-gl_0190.jpg,MR050791B,glioma,glioma,1,0.968111,1,1,0.968111,0.004281,0.026908,0.000700
data_cv_fold1/Testing/glioma/Tr-gl_0191.jpg,MR050791B,glioma,glioma,1,0.672541,1,1,0.672541,0.022757,0.301234,0.003467
data_cv_fold1/Testing/glioma/Tr-gl_0192.jpg,MR050791B,glioma,notumor,0,0.564943,1,1,0.318709,0.114678,0.564943,0.001670
data_cv_fold1/Testing/glioma/Tr-gl_0193.jpg,MR050791B,glioma,glioma,1,0.717893,1,1,0.717893,0.042345,0.238346,0.001416
data_cv_fold1/Testing/glioma/Tr-gl_0197.jpg,MR026175C,glioma,glioma,1,0.986694,1,1,0.986694,0.004438,0.007791,0.001077
data_cv_fold1/Testing/glioma/Tr-gl_0198.jpg,MR026175C,glioma,glioma,1,0.984755,1,1,0.984755,0.005182,0.009449,0.000614
data_cv_fold1/Testing/glioma/Tr-gl_0199.jpg,MR026175C,glioma,glioma,1,0.986147,1,1,0.986147,0.003179,0.010512,0.000161
data_cv_fold1/Testing/glioma/Tr-gl_0200.jpg,MR026175C,glioma,glioma,1,0.954870,1,1,0.954870,0.003737,0.040633,0.000759
data_cv_fold1/Testing/glioma/Tr-gl_0201.jpg,MR026175C,glioma,glioma,1,0.943116,1,1,0.943116,0.003259,0.053125,0.000500
data_cv_fold1/Testing/glioma/Tr-gl_0202.jpg,MR026175C,glioma,glioma,1,0.865658,1,1,0.865658,0.010995,0.122413,0.000934
data_cv_fold1/Testing/glioma/Tr-gl_0203.jpg,MR026175C,glioma,glioma,1,0.920599,1,1,0.920599,0.005265,0.073305,0.000831
data_cv_fold1/Testing/glioma/Tr-gl_0204.jpg,MR026175C,glioma,glioma,1,0.989661,1,1,0.989661,0.001526,0.008704,0.000108
data_cv_fold1/Testing/glioma/Tr-gl_0205.jpg,MR026175C,glioma,glioma,1,0.993945,1,1,0.993945,0.000780,0.005222,0.000054
data_cv_fold1/Testing/glioma/Tr-gl_0250.jpg,MR051651B,glioma,glioma,1,0.958647,1,1,0.958647,0.026071,0.014646,0.000636
data_cv_fold1/Testing/glioma/Tr-gl_0251.jpg,MR051651B,glioma,glioma,1,0.939683,1,1,0.939683,0.040843,0.018530,0.000944
data_cv_fold1/Testing/glioma/Tr-gl_0252.jpg,MR051651B,glioma,glioma,1,0.893699,1,1,0.893699,0.062489,0.042546,0.001266
data_cv_fold1/Testing/glioma/Tr-gl_0253.jpg,MR051651B,glioma,glioma,1,0.967041,1,1,0.967041,0.020824,0.011950,0.000185
data_cv_fold1/Testing/glioma/Tr-gl_0254.jpg,MR051651B,glioma,glioma,1,0.964993,1,1,0.964993,0.025843,0.008742,0.000422
data_cv_fold1/Testing/glioma/Tr-gl_0255.jpg,MR051651B,glioma,glioma,1,0.968548,1,1,0.968548,0.027247,0.003543,0.000661
data_cv_fold1/Testing/glioma/Tr-gl_0265.jpg,MR052550,glioma,glioma,1,0.999395,1,1,0.999395,0.000493,0.000081,0.000032
data_cv_fold1/Testing/glioma/Tr-gl_0266.jpg,MR052550,glioma,glioma,1,0.999359,1,1,0.999359,0.000485,0.000125,0.000032
data_cv_fold1/Testing/glioma/Tr-gl_0267.jpg,MR052550,glioma,glioma,1,0.997594,1,1,0.997594,0.001124,0.001135,0.000147
data_cv_fold1/Testing/glioma/Tr-gl_0280.jpg,MR049942B,glioma,glioma,1,0.998885,1,1,0.998885,0.000639,0.000246,0.000230
data_cv_fold1/Testing/glioma/Tr-gl_0281.jpg,MR049942B,glioma,glioma,1,0.994063,1,1,0.994063,0.002067,0.003540,0.000330
data_cv_fold1/Testing/glioma/Tr-gl_0341.jpg,MR024780D,glioma,glioma,1,0.997911,1,1,0.997911,0.000686,0.001332,0.000070
data_cv_fold1/Testing/glioma/Tr-gl_0348.jpg,MR032322C,glioma,glioma,1,0.997051,1,1,0.997051,0.001231,0.001522,0.000196
data_cv_fold1/Testing/glioma/Tr-gl_0349.jpg,MR032322C,glioma,glioma,1,0.955431,1,1,0.955431,0.018142,0.022756,0.003672
data_cv_fold1/Testing/glioma/Tr-gl_0350.jpg,MR032322C,glioma,notumor,0,0.597251,1,1,0.365068,0.035733,0.597251,0.001947
data_cv_fold1/Testing/glioma/Tr-gl_0351.jpg,MR032322C,glioma,glioma,1,0.961769,1,1,0.961769,0.012952,0.024583,0.000696
data_cv_fold1/Testing/glioma/Tr-gl_0352.jpg,MR032322C,glioma,glioma,1,0.989026,1,1,0.989026,0.004707,0.005860,0.000406
data_cv_fold1/Testing/glioma/Tr-gl_0353.jpg,MR032322C,glioma,glioma,1,0.802116,1,1,0.802116,0.011093,0.182636,0.004155
data_cv_fold1/Testing/glioma/Tr-gl_0354.jpg,MR032322C,glioma,glioma,1,0.922204,1,1,0.922204,0.004497,0.071369,0.001930
data_cv_fold1/Testing/glioma/Tr-gl_0355.jpg,MR032322C,glioma,notumor,0,0.951014,1,1,0.038956,0.009176,0.951014,0.000854
data_cv_fold1/Testing/glioma/Tr-gl_0356.jpg,MR032322C,glioma,glioma,1,0.615727,1,1,0.615727,0.025386,0.356640,0.002247
data_cv_fold1/Testing/glioma/Tr-gl_0413.jpg,MR024780B,glioma,glioma,1,0.976291,1,1,0.976291,0.004636,0.018481,0.000592
data_cv_fold1/Testing/glioma/Tr-gl_0414.jpg,MR024780B,glioma,glioma,1,0.996665,1,1,0.996665,0.000632,0.002601,0.000102
data_cv_fold1/Testing/glioma/Tr-gl_0415.jpg,MR024780B,glioma,glioma,1,0.989247,1,1,0.989247,0.007399,0.002855,0.000500
data_cv_fold1/Testing/glioma/Tr-gl_0448.jpg,MR049453B,glioma,glioma,1,0.997888,1,1,0.997888,0.001864,0.000132,0.000116
data_cv_fold1/Testing/glioma/Tr-gl_0449.jpg,MR049453B,glioma,glioma,1,0.994042,1,1,0.994042,0.004669,0.000847,0.000441
data_cv_fold1/Testing/glioma/Tr-gl_0450.jpg,MR049453B,glioma,glioma,1,0.996966,1,1,0.996966,0.001593,0.000396,0.001045
data_cv_fold1/Testing/glioma/Tr-gl_0451.jpg,MR049453B,glioma,glioma,1,0.991836,1,1,0.991836,0.005024,0.000575,0.002566
data_cv_fold1/Testing/glioma/Tr-gl_0452.jpg,MR049453B,glioma,glioma,1,0.996875,1,1,0.996875,0.001345,0.000589,0.001191
data_cv_fold1/Testing/glioma/Tr-gl_0453.jpg,MR049453B,glioma,glioma,1,0.982643,1,1,0.982643,0.007109,0.001916,0.008332
data_cv_fold1/Testing/glioma/Tr-gl_0454.jpg,MR049453B,glioma,glioma,1,0.992951,1,1,0.992951,0.005798,0.000588,0.000662
data_cv_fold1/Testing/glioma/Tr-gl_0455.jpg,MR049453B,glioma,glioma,1,0.996410,1,1,0.996410,0.003048,0.000236,0.000307
data_cv_fold1/Testing/glioma/Tr-gl_0457.jpg,MR049453B,glioma,glioma,1,0.999014,1,1,0.999014,0.000548,0.000099,0.000339
data_cv_fold1/Testing/glioma/Tr-gl_0458.jpg,MR049453B,glioma,glioma,1,0.996803,1,1,0.996803,0.001864,0.000425,0.000908
data_cv_fold1/Testing/glioma/Tr-gl_0459.jpg,MR049453B,glioma,glioma,1,0.998645,1,1,0.998645,0.000750,0.000347,0.000259
data_cv_fold1/Testing/glioma/Tr-gl_0460.jpg,MR049453B,glioma,glioma,1,0.999029,1,1,0.999029,0.000358,0.000107,0.000505
data_cv_fold1/Testing/glioma/Tr-gl_0461.jpg,MR049453B,glioma,glioma,1,0.998781,1,1,0.998781,0.000551,0.000291,0.000377
data_cv_fold1/Testing/glioma/Tr-gl_0479.jpg,MR050791B,glioma,notumor,0,0.587297,1,1,0.156595,0.237958,0.587297,0.018149
data_cv_fold1/Testing/glioma/Tr-gl_0480.jpg,MR050791B,glioma,glioma,1,0.570445,1,1,0.570445,0.108219,0.316330,0.005006
data_cv_fold1/Testing/glioma/Tr-gl_0481.jpg,MR050791B,glioma,glioma,1,0.605207,1,1,0.605207,0.160744,0.218173,0.015876
data_cv_fold1/Testing/glioma/Tr-gl_0482.jpg,MR050791B,glioma,glioma,1,0.812727,1,1,0.812727,0.027288,0.155947,0.004039
data_cv_fold1/Testing/glioma/Tr-gl_0490.jpg,MR026175C,glioma,glioma,1,0.920898,1,1,0.920898,0.075607,0.003016,0.000479
data_cv_fold1/Testing/glioma/Tr-gl_0491.jpg,MR026175C,glioma,glioma,1,0.994695,1,1,0.994695,0.002838,0.001454,0.001013
data_cv_fold1/Testing/glioma/Tr-gl_0492.jpg,MR026175C,glioma,glioma,1,0.996930,1,1,0.996930,0.002329,0.000556,0.000185
data_cv_fold1/Testing/glioma/Tr-gl_0494.jpg,MR026175C,glioma,glioma,1,0.957766,1,1,0.957766,0.035996,0.003178,0.003061
data_cv_fold1/Testing/glioma/Tr-gl_0524.jpg,MR040240C,glioma,glioma,1,0.988720,1,1,0.988720,0.009177,0.000329,0.001774
data_cv_fold1/Testing/glioma/Tr-gl_0525.jpg,MR040240C,glioma,glioma,1,0.995293,1,1,0.995293,0.003629,0.000704,0.000374
data_cv_fold1/Testing/glioma/Tr-gl_0526.jpg,MR040240C,glioma,glioma,1,0.992596,1,1,0.992596,0.006301,0.000626,0.000477
data_cv_fold1/Testing/glioma/Tr-gl_0527.jpg,MR040240C,glioma,glioma,1,0.998422,1,1,0.998422,0.000893,0.000133,0.000552
data_cv_fold1/Testing/glioma/Tr-gl_0528.jpg,MR040240C,glioma,glioma,1,0.999866,1,1,0.999866,0.000063,0.000027,0.000044
data_cv_fold1/Testing/glioma/Tr-gl_0529.jpg,MR040240C,glioma,glioma,1,0.999732,1,1,0.999732,0.000182,0.000044,0.000041
data_cv_fold1/Testing/glioma/Tr-gl_0530.jpg,MR040240C,glioma,glioma,1,0.996461,1,1,0.996461,0.001814,0.000751,0.000974
data_cv_fold1/Testing/glioma/Tr-gl_0531.jpg,MR040240C,glioma,glioma,1,0.998694,1,1,0.998694,0.000765,0.000288,0.000254
data_cv_fold1/Testing/glioma/Tr-gl_0532.jpg,MR040240C,glioma,glioma,1,0.997900,1,1,0.997900,0.001673,0.000251,0.000175
data_cv_fold1/Testing/glioma/Tr-gl_0533.jpg,MR040240C,glioma,glioma,1,0.975489,1,1,0.975489,0.021565,0.002297,0.000649
data_cv_fold1/Testing/glioma/Tr-gl_0534.jpg,MR040240C,glioma,glioma,1,0.997761,1,1,0.997761,0.001649,0.000401,0.000189
data_cv_fold1/Testing/glioma/Tr-gl_0546.jpg,MR017260F,glioma,glioma,1,0.966071,1,1,0.966071,0.032522,0.000888,0.000519
data_cv_fold1/Testing/glioma/Tr-gl_0547.jpg,MR017260F,glioma,glioma,1,0.994187,1,1,0.994187,0.003508,0.001729,0.000576
data_cv_fold1/Testing/glioma/Tr-gl_0548.jpg,MR017260F,glioma,glioma,1,0.998092,1,1,0.998092,0.000878,0.000938,0.000092
data_cv_fold1/Testing/glioma/Tr-gl_0549.jpg,MR017260F,glioma,glioma,1,0.992951,1,1,0.992951,0.002856,0.003972,0.000221
data_cv_fold1/Testing/glioma/Tr-gl_0550.jpg,MR017260F,glioma,meningioma,0,0.485712,1,1,0.484092,0.485712,0.029312,0.000884
data_cv_fold1/Testing/glioma/Tr-gl_0551.jpg,MR017260F,glioma,glioma,1,0.862192,1,1,0.862192,0.120596,0.016395,0.000817
data_cv_fold1/Testing/glioma/Tr-gl_0552.jpg,MR017260F,glioma,glioma,1,0.835649,1,1,0.835649,0.135791,0.027588,0.000972
data_cv_fold1/Testing/glioma/Tr-gl_0553.jpg,MR017260F,glioma,glioma,1,0.994042,1,1,0.994042,0.003321,0.002477,0.000161
data_cv_fold1/Testing/glioma/Tr-gl_0554.jpg,MR017260F,glioma,glioma,1,0.991579,1,1,0.991579,0.005577,0.002455,0.000390
data_cv_fold1/Testing/glioma/Tr-gl_0555.jpg,MR017260F,glioma,glioma,1,0.991692,1,1,0.991692,0.006324,0.001713,0.000271
data_cv_fold1/Testing/glioma/Tr-gl_0572.jpg,MR048294B,glioma,glioma,1,0.998425,1,1,0.998425,0.000793,0.000227,0.000555
data_cv_fold1/Testing/glioma/Tr-gl_0573.jpg,MR048294B,glioma,glioma,1,0.997263,1,1,0.997263,0.000929,0.000390,0.001419
data_cv_fold1/Testing/glioma/Tr-gl_0574.jpg,MR048294B,glioma,glioma,1,0.991081,1,1,0.991081,0.004573,0.001794,0.002552
data_cv_fold1/Testing/glioma/Tr-gl_0575.jpg,MR048294B,glioma,glioma,1,0.998371,1,1,0.998371,0.000691,0.000308,0.000630
data_cv_fold1/Testing/glioma/Tr-gl_0658.jpg,MR040240C,glioma,glioma,1,0.973450,1,1,0.973450,0.002942,0.002545,0.021063
data_cv_fold1/Testing/glioma/Tr-gl_0659.jpg,MR040240C,glioma,glioma,1,0.988128,1,1,0.988128,0.001711,0.002897,0.007263
data_cv_fold1/Testing/glioma/Tr-gl_0660.jpg,MR040240C,glioma,glioma,1,0.999820,1,1,0.999820,0.000074,0.000084,0.000022
data_cv_fold1/Testing/glioma/Tr-gl_0661.jpg,MR040240C,glioma,glioma,1,0.998850,1,1,0.998850,0.000531,0.000574,0.000045
data_cv_fold1/Testing/glioma/Tr-gl_0662.jpg,MR040240C,glioma,glioma,1,0.996043,1,1,0.996043,0.002975,0.000599,0.000384
data_cv_fold1/Testing/glioma/Tr-gl_0665.jpg,MR040240C,glioma,glioma,1,0.997842,1,1,0.997842,0.000639,0.000504,0.001015
data_cv_fold1/Testing/glioma/Tr-gl_0667.jpg,MR040240C,glioma,glioma,1,0.999696,1,1,0.999696,0.000050,0.000143,0.000111
data_cv_fold1/Testing/glioma/Tr-gl_0668.jpg,MR040240C,glioma,glioma,1,0.999362,1,1,0.999362,0.000323,0.000143,0.000171
data_cv_fold1/Testing/glioma/Tr-gl_0669.jpg,MR040240C,glioma,glioma,1,0.998986,1,1,0.998986,0.000344,0.000326,0.000344
data_cv_fold1/Testing/glioma/Tr-gl_0670.jpg,MR040240C,glioma,glioma,1,0.999371,1,1,0.999371,0.000178,0.000245,0.000206
data_cv_fold1/Testing/glioma/Tr-gl_0671.jpg,MR040240C,glioma,glioma,1,0.999850,1,1,0.999850,0.000034,0.000070,0.000046
data_cv_fold1/Testing/glioma/Tr-gl_0674.jpg,MR017260F,glioma,glioma,1,0.587259,1,1,0.587259,0.405353,0.006793,0.000595
data_cv_fold1/Testing/glioma/Tr-gl_0677.jpg,MR017260F,glioma,glioma,1,0.979715,1,1,0.979715,0.018232,0.001828,0.000225
data_cv_fold1/Testing/glioma/Tr-gl_0678.jpg,MR017260F,glioma,glioma,1,0.933022,1,1,0.933022,0.060111,0.002233,0.004633
data_cv_fold1/Testing/glioma/Tr-gl_0723.jpg,MR051651B,glioma,glioma,1,0.734471,1,1,0.734471,0.249743,0.013474,0.002311
data_cv_fold1/Testing/glioma/Tr-gl_0724.jpg,MR051651B,glioma,glioma,1,0.772329,1,1,0.772329,0.217147,0.007014,0.003510
data_cv_fold1/Testing/glioma/Tr-gl_0725.jpg,MR051651B,glioma,glioma,1,0.620189,1,1,0.620189,0.340476,0.004712,0.034624
data_cv_fold1/Testing/glioma/Tr-gl_0726.jpg,MR051651B,glioma,glioma,1,0.737549,1,1,0.737549,0.249032,0.003355,0.010065
data_cv_fold1/Testing/glioma/Tr-gl_0727.jpg,MR051651B,glioma,glioma,1,0.832180,1,1,0.832180,0.144464,0.003661,0.019695
data_cv_fold1/Testing/glioma/Tr-gl_0732.jpg,MR052550,glioma,glioma,1,0.994386,1,1,0.994386,0.002021,0.003191,0.000403
data_cv_fold1/Testing/glioma/Tr-gl_0733.jpg,MR052550,glioma,glioma,1,0.997354,1,1,0.997354,0.000446,0.002040,0.000160
data_cv_fold1/Testing/glioma/Tr-gl_0734.jpg,MR052550,glioma,glioma,1,0.996720,1,1,0.996720,0.001131,0.001834,0.000315
data_cv_fold1/Testing/glioma/Tr-gl_0735.jpg,MR052550,glioma,glioma,1,0.998222,1,1,0.998222,0.000476,0.001124,0.000178
data_cv_fold1/Testing/glioma/Tr-gl_0749.jpg,MR049942B,glioma,glioma,1,0.983472,1,1,0.983472,0.001990,0.010978,0.003560
data_cv_fold1/Testing/glioma/Tr-gl_0750.jpg,MR049942B,glioma,glioma,1,0.979035,1,1,0.979035,0.003405,0.011763,0.005796
data_cv_fold1/Testing/glioma/Tr-gl_0751.jpg,MR049942B,glioma,glioma,1,0.923232,1,1,0.923232,0.005521,0.026627,0.044620
data_cv_fold1/Testing/glioma/Tr-gl_0752.jpg,MR049942B,glioma,glioma,1,0.988813,1,1,0.988813,0.001057,0.004970,0.005160
data_cv_fold1/Testing/glioma/Tr-gl_0817.jpg,MR031409B,glioma,glioma,1,0.998827,1,1,0.998827,0.000559,0.000381,0.000233
data_cv_fold1/Testing/glioma/Tr-gl_0818.jpg,MR031409B,glioma,glioma,1,0.992013,1,1,0.992013,0.003155,0.002885,0.001947
data_cv_fold1/Testing/glioma/Tr-gl_0819.jpg,MR024780D,glioma,glioma,1,0.999513,1,1,0.999513,0.000184,0.000247,0.000057
data_cv_fold1/Testing/glioma/Tr-gl_0820.jpg,MR024780D,glioma,glioma,1,0.998860,1,1,0.998860,0.000566,0.000415,0.000159
data_cv_fold1/Testing/glioma/Tr-gl_0827.jpg,MR032322C,glioma,glioma,1,0.975918,1,1,0.975918,0.009999,0.009109,0.004975
data_cv_fold1/Testing/glioma/Tr-gl_0828.jpg,MR032322C,glioma,glioma,1,0.966741,1,1,0.966741,0.027207,0.005863,0.000189
data_cv_fold1/Testing/glioma/Tr-gl_0829.jpg,MR032322C,glioma,glioma,1,0.990170,1,1,0.990170,0.004919,0.004768,0.000143
data_cv_fold1/Testing/glioma/Tr-gl_0830.jpg,MR032322C,glioma,glioma,1,0.980199,1,1,0.980199,0.006630,0.012770,0.000401
data_cv_fold1/Testing/glioma/Tr-gl_0831.jpg,MR032322C,glioma,glioma,1,0.937177,1,1,0.937177,0.055100,0.007024,0.000699
data_cv_fold1/Testing/glioma/Tr-gl_0832.jpg,MR032322C,glioma,glioma,1,0.662946,1,1,0.662946,0.249683,0.086237,0.001134
data_cv_fold1/Testing/glioma/Tr-gl_0833.jpg,MR032322C,glioma,glioma,1,0.870552,1,1,0.870552,0.063159,0.055893,0.010396
data_cv_fold1/Testing/glioma/Tr-gl_0834.jpg,MR032322C,glioma,glioma,1,0.898584,1,1,0.898584,0.031218,0.065731,0.004466
data_cv_fold1/Testing/glioma/Tr-gl_0835.jpg,MR032322C,glioma,glioma,1,0.984902,1,1,0.984902,0.005221,0.009005,0.000872
data_cv_fold1/Testing/glioma/Tr-gl_0836.jpg,MR032322C,glioma,glioma,1,0.987535,1,1,0.987535,0.006545,0.005689,0.000231
data_cv_fold1/Testing/glioma/Tr-gl_0837.jpg,MR032322C,glioma,glioma,1,0.989806,1,1,0.989806,0.007591,0.002387,0.000216
data_cv_fold1/Testing/glioma/Tr-gl_0838.jpg,MR032322C,glioma,glioma,1,0.719586,1,1,0.719586,0.172125,0.103076,0.005213
data_cv_fold1/Testing/glioma/Tr-gl_0839.jpg,MR032322C,glioma,glioma,1,0.870021,1,1,0.870021,0.096473,0.030871,0.002634
data_cv_fold1/Testing/glioma/Tr-gl_0840.jpg,MR032322C,glioma,glioma,1,0.806967,1,1,0.806967,0.164126,0.025720,0.003187
data_cv_fold1/Testing/glioma/Tr-gl_0879.jpg,MR031409B,glioma,glioma,1,0.965374,1,1,0.965374,0.024759,0.001153,0.008714
data_cv_fold1/Testing/glioma/Tr-gl_0880.jpg,MR031409B,glioma,glioma,1,0.960480,1,1,0.960480,0.027750,0.002497,0.009273
data_cv_fold1/Testing/glioma/Tr-gl_0881.jpg,MR024780D,glioma,glioma,1,0.999277,1,1,0.999277,0.000187,0.000167,0.000368
data_cv_fold1/Testing/glioma/Tr-gl_0882.jpg,MR024780D,glioma,glioma,1,0.995945,1,1,0.995945,0.002114,0.000329,0.001612
data_cv_fold1/Testing/glioma/Tr-gl_0887.jpg,MR032322C,glioma,glioma,1,0.993421,1,1,0.993421,0.001461,0.003901,0.001217
data_cv_fold1/Testing/glioma/Tr-gl_0888.jpg,MR032322C,glioma,glioma,1,0.997767,1,1,0.997767,0.000792,0.000807,0.000634
data_cv_fold1/Testing/glioma/Tr-gl_0889.jpg,MR032322C,glioma,glioma,1,0.649444,1,1,0.649444,0.034518,0.033139,0.282899
data_cv_fold1/Testing/glioma/Tr-gl_0890.jpg,MR032322C,glioma,glioma,1,0.863315,1,1,0.863315,0.098801,0.014657,0.023227
data_cv_fold1/Testing/glioma/Tr-gl_0891.jpg,MR032322C,glioma,glioma,1,0.805767,1,1,0.805767,0.068113,0.041393,0.084727
data_cv_fold1/Testing/glioma/Tr-gl_0892.jpg,MR032322C,glioma,glioma,1,0.966613,1,1,0.966613,0.009630,0.008358,0.015399
data_cv_fold1/Testing/glioma/Tr-gl_0893.jpg,MR032322C,glioma,glioma,1,0.950438,1,1,0.950438,0.009600,0.021788,0.018174
data_cv_fold1/Testing/glioma/Tr-gl_0894.jpg,MR032322C,glioma,glioma,1,0.986567,1,1,0.986567,0.001608,0.005062,0.006763
data_cv_fold1/Testing/glioma/Tr-gl_0895.jpg,MR032322C,glioma,glioma,1,0.967013,1,1,0.967013,0.007488,0.011856,0.013642
data_cv_fold1/Testing/glioma/Tr-gl_0896.jpg,MR032322C,glioma,glioma,1,0.958825,1,1,0.958825,0.005975,0.022896,0.012304
data_cv_fold1/Testing/glioma/Tr-gl_0897.jpg,MR032322C,glioma,glioma,1,0.601187,1,1,0.601187,0.204212,0.131502,0.063099
data_cv_fold1/Testing/glioma/Tr-gl_0942.jpg,MR024780B,glioma,glioma,1,0.992252,1,1,0.992252,0.001833,0.002050,0.003865
data_cv_fold1/Testing/glioma/Tr-gl_0943.jpg,MR024780B,glioma,glioma,1,0.995420,1,1,0.995420,0.002169,0.000734,0.001678
data_cv_fold1/Testing/glioma/Tr-gl_0953.jpg,MR048294B,glioma,glioma,1,0.968578,1,1,0.968578,0.019160,0.003987,0.008275
data_cv_fold1/Testing/glioma/Tr-gl_0954.jpg,MR048294B,glioma,glioma,1,0.993763,1,1,0.993763,0.004191,0.000932,0.001114
data_cv_fold1/Testing/glioma/Tr-gl_0955.jpg,MR048294B,glioma,glioma,1,0.999548,1,1,0.999548,0.000106,0.000128,0.000218
data_cv_fold1/Testing/glioma/Tr-gl_0956.jpg,MR048294B,glioma,glioma,1,0.999623,1,1,0.999623,0.000078,0.000105,0.000193
data_cv_fold1/Testing/glioma/Tr-gl_0957.jpg,MR048294B,glioma,glioma,1,0.998935,1,1,0.998935,0.000208,0.000253,0.000603
data_cv_fold1/Testing/glioma/Tr-gl_0958.jpg,MR048294B,glioma,glioma,1,0.998527,1,1,0.998527,0.000481,0.000364,0.000628
data_cv_fold1/Testing/glioma/Tr-gl_1012.jpg,MR050791B,glioma,glioma,1,0.987324,1,1,0.987324,0.009010,0.003047,0.000620
data_cv_fold1/Testing/glioma/Tr-gl_1013.jpg,MR050791B,glioma,glioma,1,0.901553,1,1,0.901553,0.050734,0.032313,0.015400
data_cv_fold1/Testing/glioma/Tr-gl_1015.jpg,MR050791B,glioma,glioma,1,0.755379,1,1,0.755379,0.229687,0.013108,0.001826
data_cv_fold1/Testing/glioma/Tr-gl_1016.jpg,MR050791B,glioma,meningioma,0,0.728192,1,1,0.260957,0.728192,0.007816,0.003035
data_cv_fold1/Testing/glioma/Tr-gl_1017.jpg,MR050791B,glioma,glioma,1,0.666503,1,1,0.666503,0.317283,0.012057,0.004157
data_cv_fold1/Testing/glioma/Tr-gl_1045.jpg,MR051651B,glioma,glioma,1,0.556837,1,1,0.556837,0.375972,0.042806,0.024386
data_cv_fold1/Testing/glioma/Tr-gl_1046.jpg,MR051651B,glioma,glioma,1,0.936382,1,1,0.936382,0.040351,0.006126,0.017140
data_cv_fold1/Testing/glioma/Tr-gl_1047.jpg,MR051651B,glioma,glioma,1,0.997342,1,1,0.997342,0.002187,0.000381,0.000090
data_cv_fold1/Testing/glioma/Tr-gl_1060.jpg,MR052550,glioma,glioma,1,0.996192,1,1,0.996192,0.000870,0.001533,0.001406
data_cv_fold1/Testing/glioma/Tr-gl_1061.jpg,MR052550,glioma,glioma,1,0.995271,1,1,0.995271,0.001431,0.001129,0.002169
data_cv_fold1/Testing/glioma/Tr-gl_1062.jpg,MR052550,glioma,glioma,1,0.989734,1,1,0.989734,0.003692,0.002365,0.004209
data_cv_fold1/Testing/glioma/Tr-gl_1063.jpg,MR052550,glioma,glioma,1,0.984858,1,1,0.984858,0.006507,0.002694,0.005941
data_cv_fold1/Testing/glioma/Tr-gl_1071.jpg,MR049942B,glioma,glioma,1,0.892342,1,1,0.892342,0.011351,0.002619,0.093688
data_cv_fold1/Testing/glioma/Tr-gl_1072.jpg,MR049942B,glioma,glioma,1,0.826194,1,1,0.826194,0.007402,0.003693,0.162710
data_cv_fold1/Testing/glioma/Tr-gl_1110.jpg,MR040240C,glioma,glioma,1,0.991035,1,1,0.991035,0.001611,0.001278,0.006076
data_cv_fold1/Testing/glioma/Tr-gl_1111.jpg,MR040240C,glioma,glioma,1,0.970984,1,1,0.970984,0.023852,0.003680,0.001484
data_cv_fold1/Testing/glioma/Tr-gl_1112.jpg,MR040240C,glioma,glioma,1,0.998145,1,1,0.998145,0.001345,0.000232,0.000279
data_cv_fold1/Testing/glioma/Tr-gl_1113.jpg,MR040240C,glioma,glioma,1,0.970352,1,1,0.970352,0.017636,0.004338,0.007673
data_cv_fold1/Testing/glioma/Tr-gl_1114.jpg,MR040240C,glioma,glioma,1,0.986087,1,1,0.986087,0.004678,0.003197,0.006038
data_cv_fold1/Testing/glioma/Tr-gl_1117.jpg,MR017260F,glioma,glioma,1,0.995923,1,1,0.995923,0.003382,0.000452,0.000243
data_cv_fold1/Testing/glioma/Tr-gl_1118.jpg,MR017260F,glioma,glioma,1,0.993390,1,1,0.993390,0.006158,0.000211,0.000242
data_cv_fold1/Testing/glioma/Tr-gl_1119.jpg,MR017260F,glioma,glioma,1,0.998846,1,1,0.998846,0.000954,0.000146,0.000054
data_cv_fold1/Testing/glioma/Tr-gl_1120.jpg,MR017260F,glioma,glioma,1,0.982854,1,1,0.982854,0.016288,0.000762,0.000096
data_cv_fold1/Testing/glioma/Tr-gl_1121.jpg,MR017260F,glioma,glioma,1,0.994988,1,1,0.994988,0.004215,0.000725,0.000072
data_cv_fold1/Testing/glioma/Tr-gl_1122.jpg,MR017260F,glioma,glioma,1,0.962769,1,1,0.962769,0.032561,0.002660,0.002010
data_cv_fold1/Testing/glioma/Tr-gl_1123.jpg,MR017260F,glioma,glioma,1,0.962320,1,1,0.962320,0.029566,0.006144,0.001970
data_cv_fold1/Testing/glioma/Tr-gl_1133.jpg,101020,glioma,meningioma,0,0.499739,1,1,0.429542,0.499739,0.048242,0.022476
data_cv_fold1/Testing/glioma/Tr-gl_1134.jpg,101020,glioma,meningioma,0,0.687063,1,1,0.237512,0.687063,0.070244,0.005181
data_cv_fold1/Testing/glioma/Tr-gl_1135.jpg,101020,glioma,meningioma,0,0.509503,1,1,0.470243,0.509503,0.018458,0.001797
data_cv_fold1/Testing/glioma/Tr-gl_1136.jpg,101020,glioma,meningioma,0,0.546327,1,1,0.294642,0.546327,0.151786,0.007245
data_cv_fold1/Testing/glioma/Tr-gl_1154.jpg,112105,glioma,glioma,1,0.637815,1,1,0.637815,0.045253,0.065145,0.251787
data_cv_fold1/Testing/glioma/Tr-gl_1155.jpg,112105,glioma,glioma,1,0.956204,1,1,0.956204,0.014966,0.019895,0.008935
data_cv_fold1/Testing/glioma/Tr-gl_1156.jpg,112105,glioma,meningioma,0,0.554423,1,1,0.285683,0.554423,0.104252,0.055642
data_cv_fold1/Testing/glioma/Tr-gl_1157.jpg,112105,glioma,glioma,1,0.392611,1,1,0.392611,0.229962,0.351148,0.026278
data_cv_fold1/Testing/glioma/Tr-gl_1158.jpg,112105,glioma,glioma,1,0.460952,1,1,0.460952,0.151487,0.363149,0.024412
data_cv_fold1/Testing/glioma/Tr-gl_1162.jpg,101020,glioma,meningioma,0,0.960522,1,1,0.038160,0.960522,0.000980,0.000339
data_cv_fold1/Testing/glioma/Tr-gl_1163.jpg,101020,glioma,glioma,1,0.980593,1,1,0.980593,0.017460,0.001400,0.000548
data_cv_fold1/Testing/glioma/Tr-gl_1164.jpg,101020,glioma,glioma,1,0.970782,1,1,0.970782,0.027473,0.001558,0.000187
data_cv_fold1/Testing/glioma/Tr-gl_1165.jpg,101020,glioma,glioma,1,0.774213,1,1,0.774213,0.223321,0.002203,0.000263
data_cv_fold1/Testing/glioma/Tr-gl_1166.jpg,101020,glioma,meningioma,0,0.924660,1,1,0.067085,0.924660,0.007286,0.000969
data_cv_fold1/Testing/glioma/Tr-gl_1167.jpg,101020,glioma,meningioma,0,0.985483,1,1,0.012656,0.985483,0.000833,0.001029
data_cv_fold1/Testing/glioma/Tr-gl_1182.jpg,112105,glioma,glioma,1,0.578442,1,1,0.578442,0.401961,0.011346,0.008251
data_cv_fold1/Testing/glioma/Tr-gl_1183.jpg,112105,glioma,glioma,1,0.991336,1,1,0.991336,0.006765,0.001066,0.000832
data_cv_fold1/Testing/glioma/Tr-gl_1184.jpg,112105,glioma,glioma,1,0.785553,1,1,0.785553,0.182511,0.012236,0.019701
data_cv_fold1/Testing/glioma/Tr-gl_1185.jpg,112105,glioma,glioma,1,0.719596,1,1,0.719596,0.257403,0.011508,0.011493
data_cv_fold1/Testing/glioma/Tr-gl_1186.jpg,112105,glioma,glioma,1,0.939883,1,1,0.939883,0.045879,0.005244,0.008993
data_cv_fold1/Testing/glioma/Tr-gl_1187.jpg,112105,glioma,glioma,1,0.928467,1,1,0.928467,0.064572,0.004855,0.002106
data_cv_fold1/Testing/glioma/Tr-gl_1188.jpg,112105,glioma,glioma,1,0.972332,1,1,0.972332,0.026805,0.000340,0.000523
data_cv_fold1/Testing/glioma/Tr-gl_1189.jpg,112105,glioma,glioma,1,0.994654,1,1,0.994654,0.004917,0.000200,0.000229
data_cv_fold1/Testing/glioma/Tr-gl_1212.jpg,101020,glioma,meningioma,0,0.493737,1,1,0.254427,0.493737,0.007335,0.244501
data_cv_fold1/Testing/glioma/Tr-gl_1213.jpg,101020,glioma,glioma,1,0.940891,1,1,0.940891,0.049947,0.004371,0.004791
data_cv_fold1/Testing/glioma/Tr-gl_1234.jpg,112105,glioma,glioma,1,0.931492,1,1,0.931492,0.053506,0.009691,0.005311
data_cv_fold1/Testing/glioma/Tr-gl_1235.jpg,112105,glioma,glioma,1,0.546688,1,1,0.546688,0.333407,0.002681,0.117223
data_cv_fold1/Testing/glioma/Tr-gl_1236.jpg,112105,glioma,glioma,1,0.551144,1,1,0.551144,0.435412,0.006726,0.006718
data_cv_fold1/Testing/glioma/Tr-gl_1237.jpg,112105,glioma,glioma,1,0.556089,1,1,0.556089,0.412789,0.011283,0.019840
data_cv_fold1/Testing/glioma/Tr-gl_1238.jpg,112105,glioma,glioma,1,0.684886,1,1,0.684886,0.224731,0.013605,0.076778
data_cv_fold1/Testing/glioma/Tr-gl_1259.jpg,95142,glioma,pituitary,0,0.781990,1,1,0.019389,0.185586,0.013035,0.781990
data_cv_fold1/Testing/glioma/Tr-gl_1260.jpg,95142,glioma,pituitary,0,0.808286,1,1,0.000860,0.188422,0.002432,0.808286
data_cv_fold1/Testing/glioma/Tr-gl_1261.jpg,95142,glioma,meningioma,0,0.781453,1,1,0.189859,0.781453,0.002994,0.025694
data_cv_fold1/Testing/glioma/Tr-gl_1262.jpg,95142,glioma,glioma,1,0.860726,1,1,0.860726,0.120176,0.002366,0.016732
data_cv_fold1/Testing/glioma/Tr-gl_1263.jpg,95142,glioma,glioma,1,0.900516,1,1,0.900516,0.048955,0.003505,0.047023
data_cv_fold1/Testing/glioma/Tr-gl_1264.jpg,95142,glioma,glioma,1,0.924234,1,1,0.924234,0.011774,0.006396,0.057596
data_cv_fold1/Testing/glioma/Tr-gl_1265.jpg,95142,glioma,glioma,1,0.688432,1,1,0.688432,0.215480,0.048116,0.047972
data_cv_fold1/Testing/glioma/Tr-gl_1266.jpg,96587,glioma,glioma,1,0.972387,1,1,0.972387,0.023889,0.002202,0.001522
data_cv_fold1/Testing/glioma/Tr-gl_1267.jpg,96587,glioma,glioma,1,0.982346,1,1,0.982346,0.014148,0.002816,0.000689
data_cv_fold1/Testing/glioma/Tr-gl_1268.jpg,96587,glioma,glioma,1,0.901227,1,1,0.901227,0.080157,0.008464,0.010152
data_cv_fold1/Testing/glioma/Tr-gl_1285.jpg,MR048294B,glioma,glioma,1,0.999283,1,1,0.999283,0.000219,0.000417,0.000080
data_cv_fold1/Testing/meningioma/Te-me_0115.jpg,107494,meningioma,pituitary,0,0.664173,1,1,0.121862,0.206968,0.006996,0.664173
data_cv_fold1/Testing/meningioma/Te-me_0116.jpg,107494,meningioma,meningioma,1,0.998487,1,1,0.001262,0.998487,0.000091,0.000159
data_cv_fold1/Testing/meningioma/Te-me_0120.jpg,109411,meningioma,meningioma,1,0.814705,1,1,0.135706,0.814705,0.041263,0.008326
data_cv_fold1/Testing/meningioma/Te-me_0121.jpg,109968,meningioma,meningioma,1,0.999958,1,1,0.000025,0.999958,0.000010,0.000007
data_cv_fold1/Testing/meningioma/Te-me_0129.jpg,113435,meningioma,meningioma,1,0.999853,1,1,0.000110,0.999853,0.000027,0.000009
data_cv_fold1/Testing/meningioma/Te-me_0136.jpg,97875,meningioma,meningioma,1,0.806616,1,1,0.181762,0.806616,0.001354,0.010268
data_cv_fold1/Testing/meningioma/Te-me_0161.jpg,102929,meningioma,meningioma,1,0.864643,1,1,0.001927,0.864643,0.003891,0.129539
data_cv_fold1/Testing/meningioma/Te-me_0162.jpg,102929,meningioma,meningioma,1,0.649945,1,1,0.003923,0.649945,0.015736,0.330396
data_cv_fold1/Testing/meningioma/Te-me_0179.jpg,106720,meningioma,glioma,0,0.551685,1,1,0.551685,0.431854,0.011323,0.005138
data_cv_fold1/Testing/meningioma/Te-me_0181.jpg,107248,meningioma,meningioma,1,0.969956,1,1,0.010390,0.969956,0.011059,0.008595
data_cv_fold1/Testing/meningioma/Te-me_0182.jpg,102929,meningioma,meningioma,1,0.998688,1,1,0.000269,0.998688,0.000073,0.000971
data_cv_fold1/Testing/meningioma/Te-me_0183.jpg,107494,meningioma,meningioma,1,0.987414,1,1,0.009346,0.987414,0.001415,0.001825
data_cv_fold1/Testing/meningioma/Te-me_0188.jpg,109968,meningioma,meningioma,1,0.988307,1,1,0.010607,0.988307,0.000639,0.000447
data_cv_fold1/Testing/meningioma/Te-me_0189.jpg,110116,meningioma,pituitary,0,0.761800,1,1,0.015583,0.213103,0.009515,0.761800
data_cv_fold1/Testing/meningioma/Te-me_0200.jpg,113435,meningioma,meningioma,1,0.999808,1,1,0.000137,0.999808,0.000024,0.000030
data_cv_fold1/Testing/meningioma/Te-me_0201.jpg,113435,meningioma,meningioma,1,0.993663,1,1,0.002945,0.993663,0.000402,0.002990
data_cv_fold1/Testing/meningioma/Te-me_0202.jpg,113554,meningioma,meningioma,1,0.879359,1,1,0.110307,0.879359,0.007614,0.002721
data_cv_fold1/Testing/meningioma/Te-me_0209.jpg,97875,meningioma,meningioma,1,0.999534,1,1,0.000189,0.999534,0.000127,0.000150
data_cv_fold1/Testing/meningioma/Te-me_0214.jpg,99089,meningioma,meningioma,1,0.998426,1,1,0.000251,0.998426,0.000071,0.001252
data_cv_fold1/Testing/meningioma/Te-me_0226.jpg,102675,meningioma,glioma,0,0.925829,1,1,0.925829,0.069582,0.004011,0.000578
data_cv_fold1/Testing/meningioma/Te-me_0247.jpg,107248,meningioma,meningioma,1,0.989770,1,1,0.003529,0.989770,0.001858,0.004843
data_cv_fold1/Testing/meningioma/Te-me_0248.jpg,107494,meningioma,meningioma,1,0.909104,1,1,0.000802,0.909104,0.003114,0.086980
data_cv_fold1/Testing/meningioma/Te-me_0255.jpg,109968,meningioma,meningioma,1,0.999795,1,1,0.000081,0.999795,0.000039,0.000085
data_cv_fold1/Testing/meningioma/Te-me_0267.jpg,113435,meningioma,meningioma,1,0.999714,1,1,0.000149,0.999714,0.000024,0.000113
data_cv_fold1/Testing/meningioma/Te-me_0268.jpg,113435,meningioma,meningioma,1,0.972518,1,1,0.009619,0.972518,0.004414,0.013449
data_cv_fold1/Testing/meningioma/Te-me_0269.jpg,113554,meningioma,meningioma,1,0.631493,1,1,0.038239,0.631493,0.038535,0.291733
data_cv_fold1/Testing/meningioma/Te-me_0271.jpg,113971,meningioma,pituitary,0,0.520290,1,1,0.028806,0.422422,0.028482,0.520290
data_cv_fold1/Testing/meningioma/Te-me_0280.jpg,97875,meningioma,meningioma,1,0.955038,1,1,0.025932,0.955038,0.005286,0.013744
data_cv_fold1/Testing/meningioma/Te-me_0284.jpg,99089,meningioma,meningioma,1,0.969818,1,1,0.000427,0.969818,0.000747,0.029009
data_cv_fold1/Testing/meningioma/Te-me_0285.jpg,99089,meningioma,meningioma,1,0.975852,1,1,0.017880,0.975852,0.001560,0.004709
data_cv_fold1/Testing/meningioma/Te-me_0293.jpg,106720,meningioma,meningioma,1,0.979238,1,1,0.017701,0.979238,0.002561,0.000499
data_cv_fold1/Testing/meningioma/Te-me_0296.jpg,107248,meningioma,meningioma,1,0.988802,1,1,0.000590,0.988802,0.001515,0.009093
data_cv_fold1/Testing/meningioma/Te-me_0297.jpg,107248,meningioma,meningioma,1,0.907063,1,1,0.003898,0.907063,0.064818,0.024221
data_cv_fold1/Testing/meningioma/Te-me_0298.jpg,113554,meningioma,meningioma,1,0.999705,1,1,0.000174,0.999705,0.000076,0.000045
data_cv_fold1/Testing/meningioma/Te-me_0304.jpg,97875,meningioma,meningioma,1,0.976681,1,1,0.011591,0.976681,0.001663,0.010064
data_cv_fold1/Testing/meningioma/Tr-meTr_0001.jpg,107248,meningioma,meningioma,1,0.997006,1,1,0.000586,0.997006,0.001762,0.000645
data_cv_fold1/Testing/meningioma/Tr-meTr_0002.jpg,107248,meningioma,meningioma,1,0.755578,1,1,0.041102,0.755578,0.188221,0.015099
data_cv_fold1/Testing/meningioma/Tr-meTr_0003.jpg,107494,meningioma,meningioma,1,0.985494,1,1,0.004191,0.985494,0.000127,0.010188
data_cv_fold1/Testing/meningioma/Tr-meTr_0004.jpg,107494,meningioma,meningioma,1,0.970747,1,1,0.001407,0.970747,0.000623,0.027224
data_cv_fold1/Testing/meningioma/Tr-meTr_0005.jpg,107494,meningioma,meningioma,1,0.622031,1,1,0.202396,0.622031,0.048262,0.127311
data_cv_fold1/Testing/meningioma/Tr-me_0020.jpg,109968,meningioma,meningioma,1,0.913698,1,1,0.054046,0.913698,0.002042,0.030213
data_cv_fold1/Testing/meningioma/Tr-me_0022.jpg,109968,meningioma,meningioma,1,0.999993,1,1,0.000006,0.999993,0.000000,0.000001
data_cv_fold1/Testing/meningioma/Tr-me_0023.jpg,110116,meningioma,pituitary,0,0.984607,1,1,0.000008,0.015379,0.000006,0.984607
data_cv_fold1/Testing/meningioma/Tr-me_0049.jpg,113435,meningioma,meningioma,1,0.994460,1,1,0.004721,0.994460,0.000781,0.000038
data_cv_fold1/Testing/meningioma/Tr-me_0050.jpg,113435,meningioma,meningioma,1,0.999637,1,1,0.000313,0.999637,0.000038,0.000013
data_cv_fold1/Testing/meningioma/Tr-me_0052.jpg,113435,meningioma,meningioma,1,0.997887,1,1,0.002003,0.997887,0.000072,0.000039
data_cv_fold1/Testing/meningioma/Tr-me_0053.jpg,113435,meningioma,meningioma,1,0.999611,1,1,0.000319,0.999611,0.000036,0.000034
data_cv_fold1/Testing/meningioma/Tr-me_0054.jpg,113554,meningioma,meningioma,1,0.999446,1,1,0.000399,0.999446,0.000126,0.000028
data_cv_fold1/Testing/meningioma/Tr-me_0055.jpg,113554,meningioma,meningioma,1,0.999955,1,1,0.000025,0.999955,0.000011,0.000009
data_cv_fold1/Testing/meningioma/Tr-me_0056.jpg,113554,meningioma,meningioma,1,0.999766,1,1,0.000158,0.999766,0.000044,0.000032
data_cv_fold1/Testing/meningioma/Tr-me_0074.jpg,97875,meningioma,meningioma,1,0.998366,1,1,0.000923,0.998366,0.000061,0.000651
data_cv_fold1/Testing/meningioma/Tr-me_0085.jpg,99089,meningioma,meningioma,1,0.999956,1,1,0.000024,0.999956,0.000011,0.000009
data_cv_fold1/Testing/meningioma/Tr-me_0088.jpg,99089,meningioma,meningioma,1,0.999159,1,1,0.000612,0.999159,0.000197,0.000032
data_cv_fold1/Testing/meningioma/Tr-me_0098.jpg,99089,meningioma,meningioma,1,0.999563,1,1,0.000358,0.999563,0.000050,0.000029
data_cv_fold1/Testing/meningioma/Tr-me_0104.jpg,102675,meningioma,meningioma,1,0.971956,1,1,0.021976,0.971956,0.001793,0.004275
data_cv_fold1/Testing/meningioma/Tr-me_0105.jpg,102675,meningioma,meningioma,1,0.994128,1,1,0.002934,0.994128,0.001144,0.001795
data_cv_fold1/Testing/meningioma/Tr-me_0112.jpg,102929,meningioma,meningioma,1,0.589746,1,1,0.001528,0.589746,0.001057,0.407669
data_cv_fold1/Testing/meningioma/Tr-me_0113.jpg,102929,meningioma,meningioma,1,0.713971,1,1,0.008891,0.713971,0.003095,0.274043
data_cv_fold1/Testing/meningioma/Tr-me_0114.jpg,102929,meningioma,meningioma,1,0.961783,1,1,0.000610,0.961783,0.000422,0.037186
data_cv_fold1/Testing/meningioma/Tr-me_0115.jpg,102929,meningioma,meningioma,1,0.756058,1,1,0.003662,0.756058,0.006227,0.234052
data_cv_fold1/Testing/meningioma/Tr-me_0116.jpg,102929,meningioma,pituitary,0,0.750059,1,1,0.005500,0.231307,0.013134,0.750059
data_cv_fold1/Testing/meningioma/Tr-me_0161.jpg,106720,meningioma,meningioma,1,0.948043,1,1,0.013344,0.948043,0.036642,0.001971
data_cv_fold1/Testing/meningioma/Tr-me_0162.jpg,106720,meningioma,meningioma,1,0.986734,1,1,0.007103,0.986734,0.003814,0.002349
data_cv_fold1/Testing/meningioma/Tr-me_0163.jpg,106720,meningioma,meningioma,1,0.950829,1,1,0.031805,0.950829,0.006767,0.010599
data_cv_fold1/Testing/meningioma/Tr-me_0165.jpg,106720,meningioma,meningioma,1,0.994144,1,1,0.002295,0.994144,0.001880,0.001681
data_cv_fold1/Testing/meningioma/Tr-me_0171.jpg,107248,meningioma,meningioma,1,0.964678,1,1,0.014752,0.964678,0.004045,0.016524
data_cv_fold1/Testing/meningioma/Tr-me_0172.jpg,107248,meningioma,meningioma,1,0.999020,1,1,0.000248,0.999020,0.000069,0.000663
data_cv_fold1/Testing/meningioma/Tr-me_0173.jpg,107248,meningioma,meningioma,1,0.980501,1,1,0.000242,0.980501,0.001864,0.017393
data_cv_fold1/Testing/meningioma/Tr-me_0174.jpg,107248,meningioma,meningioma,1,0.997832,1,1,0.000168,0.997832,0.001337,0.000663
data_cv_fold1/Testing/meningioma/Tr-me_0299.jpg,102446,meningioma,meningioma,1,0.934263,1,1,0.035811,0.934263,0.026684,0.003242
data_cv_fold1/Testing/meningioma/Tr-me_0300.jpg,102675,meningioma,meningioma,1,0.987470,1,1,0.009401,0.987470,0.002099,0.001030
data_cv_fold1/Testing/meningioma/Tr-me_0306.jpg,102929,meningioma,meningioma,1,0.999265,1,1,0.000094,0.999265,0.000008,0.000632
data_cv_fold1/Testing/meningioma/Tr-me_0307.jpg,102929,meningioma,meningioma,1,0.975989,1,1,0.016679,0.975989,0.001089,0.006243
data_cv_fold1/Testing/meningioma/Tr-me_0354.jpg,106720,meningioma,meningioma,1,0.964924,1,1,0.013103,0.964924,0.020881,0.001092
data_cv_fold1/Testing/meningioma/Tr-me_0355.jpg,106720,meningioma,meningioma,1,0.738882,1,1,0.120589,0.738882,0.137981,0.002548
data_cv_fold1/Testing/meningioma/Tr-me_0356.jpg,106720,meningioma,meningioma,1,0.536977,1,1,0.307771,0.536977,0.151794,0.003458
data_cv_fold1/Testing/meningioma/Tr-me_0372.jpg,107248,meningioma,meningioma,1,0.970179,1,1,0.000658,0.970179,0.001263,0.027901
data_cv_fold1/Testing/meningioma/Tr-me_0373.jpg,107248,meningioma,meningioma,1,0.994906,1,1,0.002809,0.994906,0.001182,0.001103
data_cv_fold1/Testing/meningioma/Tr-me_0374.jpg,107248,meningioma,meningioma,1,0.950112,1,1,0.024227,0.950112,0.023724,0.001937
data_cv_fold1/Testing/meningioma/Tr-me_0375.jpg,107494,meningioma,meningioma,1,0.831981,1,1,0.083185,0.831981,0.014701,0.070134
data_cv_fold1/Testing/meningioma/Tr-me_0376.jpg,107494,meningioma,meningioma,1,0.959240,1,1,0.020143,0.959240,0.009866,0.010752
data_cv_fold1/Testing/meningioma/Tr-me_0377.jpg,107494,meningioma,meningioma,1,0.773720,1,1,0.104613,0.773720,0.025085,0.096581
data_cv_fold1/Testing/meningioma/Tr-me_0378.jpg,107494,meningioma,meningioma,1,0.860269,1,1,0.071346,0.860269,0.007576,0.060809
data_cv_fold1/Testing/meningioma/Tr-me_0379.jpg,107494,meningioma,meningioma,1,0.765774,1,1,0.212591,0.765774,0.012349,0.009286
data_cv_fold1/Testing/meningioma/Tr-me_0381.jpg,107494,meningioma,meningioma,1,0.993307,1,1,0.003333,0.993307,0.000974,0.002386
data_cv_fold1/Testing/meningioma/Tr-me_0397.jpg,109411,meningioma,meningioma,1,0.909424,1,1,0.037521,0.909424,0.042388,0.010667
data_cv_fold1/Testing/meningioma/Tr-me_0398.jpg,109968,meningioma,meningioma,1,0.995859,1,1,0.003449,0.995859,0.000415,0.000276
data_cv_fold1/Testing/meningioma/Tr-me_0399.jpg,109968,meningioma,meningioma,1,0.999867,1,1,0.000101,0.999867,0.000013,0.000020
data_cv_fold1/Testing/meningioma/Tr-me_0400.jpg,109968,meningioma,meningioma,1,0.999593,1,1,0.000257,0.999593,0.000114,0.000036
data_cv_fold1/Testing/meningioma/Tr-me_0401.jpg,109968,meningioma,meningioma,1,0.999770,1,1,0.000139,0.999770,0.000064,0.000027
data_cv_fold1/Testing/meningioma/Tr-me_0403.jpg,110116,meningioma,pituitary,0,0.916071,1,1,0.004699,0.073820,0.005411,0.916071
data_cv_fold1/Testing/meningioma/Tr-me_0405.jpg,110116,meningioma,meningioma,1,0.995177,1,1,0.000176,0.995177,0.000157,0.004489
data_cv_fold1/Testing/meningioma/Tr-me_0406.jpg,110116,meningioma,meningioma,1,0.824157,1,1,0.008620,0.824157,0.005372,0.161851
data_cv_fold1/Testing/meningioma/Tr-me_0443.jpg,113435,meningioma,meningioma,1,0.993032,1,1,0.005871,0.993032,0.000445,0.000652
data_cv_fold1/Testing/meningioma/Tr-me_0444.jpg,113435,meningioma,meningioma,1,0.999814,1,1,0.000120,0.999814,0.000023,0.000044
data_cv_fold1/Testing/meningioma/Tr-me_0445.jpg,113435,meningioma,meningioma,1,0.999705,1,1,0.000189,0.999705,0.000033,0.000073
data_cv_fold1/Testing/meningioma/Tr-me_0447.jpg,113435,meningioma,meningioma,1,0.999827,1,1,0.000109,0.999827,0.000025,0.000040
data_cv_fold1/Testing/meningioma/Tr-me_0448.jpg,113435,meningioma,meningioma,1,0.999264,1,1,0.000411,0.999264,0.000086,0.000240
data_cv_fold1/Testing/meningioma/Tr-me_0449.jpg,113435,meningioma,meningioma,1,0.999548,1,1,0.000254,0.999548,0.000034,0.000163
data_cv_fold1/Testing/meningioma/Tr-me_0450.jpg,113435,meningioma,meningioma,1,0.997173,1,1,0.001204,0.997173,0.000164,0.001459
data_cv_fold1/Testing/meningioma/Tr-me_0451.jpg,113435,meningioma,meningioma,1,0.984634,1,1,0.007321,0.984634,0.001586,0.006459
data_cv_fold1/Testing/meningioma/Tr-me_0452.jpg,113554,meningioma,meningioma,1,0.906983,1,1,0.045374,0.906983,0.011189,0.036454
data_cv_fold1/Testing/meningioma/Tr-me_0453.jpg,113554,meningioma,meningioma,1,0.999523,1,1,0.000123,0.999523,0.000034,0.000320
data_cv_fold1/Testing/meningioma/Tr-me_0454.jpg,113554,meningioma,meningioma,1,0.904175,1,1,0.076037,0.904175,0.011472,0.008316
data_cv_fold1/Testing/meningioma/Tr-me_0460.jpg,97875,meningioma,meningioma,1,0.998022,1,1,0.000576,0.998022,0.000410,0.000992
data_cv_fold1/Testing/meningioma/Tr-me_0462.jpg,97875,meningioma,meningioma,1,0.997896,1,1,0.000183,0.997896,0.000317,0.001604
data_cv_fold1/Testing/meningioma/Tr-me_0463.jpg,97875,meningioma,meningioma,1,0.992313,1,1,0.000734,0.992313,0.001033,0.005920
data_cv_fold1/Testing/meningioma/Tr-me_0478.jpg,99089,meningioma,meningioma,1,0.995472,1,1,0.000578,0.995472,0.000087,0.003863
data_cv_fold1/Testing/meningioma/Tr-me_0480.jpg,99089,meningioma,meningioma,1,0.998123,1,1,0.000157,0.998123,0.000032,0.001688
data_cv_fold1/Testing/meningioma/Tr-me_0482.jpg,99089,meningioma,meningioma,1,0.998763,1,1,0.000019,0.998763,0.000012,0.001205
data_cv_fold1/Testing/meningioma/Tr-me_0483.jpg,99089,meningioma,meningioma,1,0.997638,1,1,0.000079,0.997638,0.000134,0.002149
data_cv_fold1/Testing/meningioma/Tr-me_0533.jpg,106720,meningioma,meningioma,1,0.993686,1,1,0.001954,0.993686,0.000304,0.004056
data_cv_fold1/Testing/meningioma/Tr-me_0535.jpg,106720,meningioma,meningioma,1,0.991707,1,1,0.005550,0.991707,0.000457,0.002286
data_cv_fold1/Testing/meningioma/Tr-me_0536.jpg,106720,meningioma,meningioma,1,0.979193,1,1,0.002964,0.979193,0.001075,0.016769
data_cv_fold1/Testing/meningioma/Tr-me_0537.jpg,106720,meningioma,meningioma,1,0.990327,1,1,0.002756,0.990327,0.001289,0.005628
data_cv_fold1/Testing/meningioma/Tr-me_0538.jpg,106720,meningioma,meningioma,1,0.979573,1,1,0.013986,0.979573,0.002156,0.004285
data_cv_fold1/Testing/meningioma/Tr-me_0539.jpg,106720,meningioma,glioma,0,0.575440,1,1,0.575440,0.353581,0.055841,0.015138
data_cv_fold1/Testing/meningioma/Tr-me_0540.jpg,106720,meningioma,glioma,0,0.664879,1,1,0.664879,0.333554,0.001121,0.000446
data_cv_fold1/Testing/meningioma/Tr-me_0554.jpg,99089,meningioma,meningioma,1,0.897094,1,1,0.006057,0.897094,0.026526,0.070322
data_cv_fold1/Testing/meningioma/Tr-me_0555.jpg,99089,meningioma,meningioma,1,0.989980,1,1,0.000409,0.989980,0.000501,0.009110
data_cv_fold1/Testing/meningioma/Tr-me_0556.jpg,99089,meningioma,meningioma,1,0.988084,1,1,0.002108,0.988084,0.000145,0.009662
data_cv_fold1/Testing/meningioma/Tr-me_0558.jpg,99089,meningioma,meningioma,1,0.996588,1,1,0.002147,0.996588,0.000084,0.001181
data_cv_fold1/Testing/meningioma/Tr-me_0559.jpg,99089,meningioma,meningioma,1,0.987542,1,1,0.011333,0.987542,0.000433,0.000692
data_cv_fold1/Testing/meningioma/Tr-me_0578.jpg,88510,meningioma,meningioma,1,0.983553,1,1,0.013354,0.983553,0.001834,0.001260
data_cv_fold1/Testing/meningioma/Tr-me_0603.jpg,102446,meningioma,meningioma,1,0.996290,1,1,0.002715,0.996290,0.000916,0.000080
data_cv_fold1/Testing/meningioma/Tr-me_0604.jpg,102675,meningioma,meningioma,1,0.550959,1,1,0.345778,0.550959,0.027905,0.075358
data_cv_fold1/Testing/meningioma/Tr-me_0605.jpg,102675,meningioma,meningioma,1,0.515041,1,1,0.457591,0.515041,0.021884,0.005484
data_cv_fold1/Testing/meningioma/Tr-me_0621.jpg,102985,meningioma,meningioma,1,0.868575,1,1,0.007498,0.868575,0.011890,0.112037
data_cv_fold1/Testing/meningioma/Tr-me_0655.jpg,109411,meningioma,meningioma,1,0.721370,1,1,0.171198,0.721370,0.069770,0.037663
data_cv_fold1/Testing/meningioma/Tr-me_0670.jpg,106720,meningioma,meningioma,1,0.999722,1,1,0.000249,0.999722,0.000021,0.000008
data_cv_fold1/Testing/meningioma/Tr-me_0671.jpg,106720,meningioma,meningioma,1,0.999967,1,1,0.000029,0.999967,0.000003,0.000002
data_cv_fold1/Testing/meningioma/Tr-me_0681.jpg,107248,meningioma,meningioma,1,0.987376,1,1,0.005543,0.987376,0.002609,0.004472
data_cv_fold1/Testing/meningioma/Tr-me_0682.jpg,107248,meningioma,meningioma,1,0.918652,1,1,0.010634,0.918652,0.013246,0.057468
data_cv_fold1/Testing/meningioma/Tr-me_0683.jpg,107248,meningioma,meningioma,1,0.962919,1,1,0.000585,0.962919,0.004323,0.032173
data_cv_fold1/Testing/meningioma/Tr-me_0684.jpg,107248,meningioma,meningioma,1,0.997391,1,1,0.000843,0.997391,0.000327,0.001439
data_cv_fold1/Testing/meningioma/Tr-me_0685.jpg,107248,meningioma,meningioma,1,0.992825,1,1,0.001960,0.992825,0.001303,0.003912
data_cv_fold1/Testing/meningioma/Tr-me_0686.jpg,107494,meningioma,meningioma,1,0.466429,1,1,0.097304,0.466429,0.156574,0.279693
data_cv_fold1/Testing/meningioma/Tr-me_0687.jpg,107494,meningioma,meningioma,1,0.775843,1,1,0.188834,0.775843,0.016594,0.018729
data_cv_fold1/Testing/meningioma/Tr-me_0688.jpg,107494,meningioma,meningioma,1,0.984401,1,1,0.002464,0.984401,0.002893,0.010243
data_cv_fold1/Testing/meningioma/Tr-me_0690.jpg,107494,meningioma,meningioma,1,0.577981,1,1,0.008867,0.577981,0.169034,0.244118
data_cv_fold1/Testing/meningioma/Tr-me_0714.jpg,109968,meningioma,meningioma,1,0.999261,1,1,0.000338,0.999261,0.000175,0.000226
data_cv_fold1/Testing/meningioma/Tr-me_0725.jpg,109968,meningioma,meningioma,1,0.999204,1,1,0.000494,0.999204,0.000221,0.000081
data_cv_fold1/Testing/meningioma/Tr-me_0732.jpg,113435,meningioma,meningioma,1,0.999900,1,1,0.000084,0.999900,0.000005,0.000011
data_cv_fold1/Testing/meningioma/Tr-me_0733.jpg,113435,meningioma,meningioma,1,0.999689,1,1,0.000256,0.999689,0.000023,0.000032
data_cv_fold1/Testing/meningioma/Tr-me_0734.jpg,113435,meningioma,meningioma,1,0.999883,1,1,0.000041,0.999883,0.000015,0.000060
data_cv_fold1/Testing/meningioma/Tr-me_0735.jpg,113435,meningioma,meningioma,1,0.999778,1,1,0.000028,0.999778,0.000022,0.000172
data_cv_fold1/Testing/meningioma/Tr-me_0736.jpg,109968,meningioma,meningioma,1,0.997764,1,1,0.001514,0.997764,0.000469,0.000253
data_cv_fold1/Testing/meningioma/Tr-me_0737.jpg,113435,meningioma,meningioma,1,0.976097,1,1,0.010608,0.976097,0.008904,0.004392
data_cv_fold1/Testing/meningioma/Tr-me_0738.jpg,113435,meningioma,meningioma,1,0.944944,1,1,0.027018,0.944944,0.010499,0.017539
data_cv_fold1/Testing/meningioma/Tr-me_0739.jpg,113554,meningioma,meningioma,1,0.911501,1,1,0.070158,0.911501,0.013259,0.005082
data_cv_fold1/Testing/meningioma/Tr-me_0740.jpg,113554,meningioma,meningioma,1,0.999130,1,1,0.000315,0.999130,0.000111,0.000445
data_cv_fold1/Testing/meningioma/Tr-me_0741.jpg,113554,meningioma,meningioma,1,0.997753,1,1,0.000591,0.997753,0.000552,0.001105
data_cv_fold1/Testing/meningioma/Tr-me_0742.jpg,113554,meningioma,meningioma,1,0.809182,1,1,0.043101,0.809182,0.030826,0.116891
data_cv_fold1/Testing/meningioma/Tr-me_0747.jpg,109968,meningioma,meningioma,1,0.999755,1,1,0.000060,0.999755,0.000045,0.000140
data_cv_fold1/Testing/meningioma/Tr-me_0748.jpg,113971,meningioma,meningioma,1,0.472781,1,1,0.064182,0.472781,0.013796,0.449242
data_cv_fold1/Testing/meningioma/Tr-me_0749.jpg,113971,meningioma,meningioma,1,0.509171,1,1,0.012726,0.509171,0.049115,0.428988
data_cv_fold1/Testing/meningioma/Tr-me_0803.jpg,99089,meningioma,meningioma,1,0.995735,1,1,0.002878,0.995735,0.001224,0.000162
data_cv_fold1/Testing/meningioma/Tr-me_0826.jpg,107494,meningioma,meningioma,1,0.989146,1,1,0.000821,0.989146,0.000188,0.009845
data_cv_fold1/Testing/meningioma/Tr-me_0839.jpg,102446,meningioma,meningioma,1,0.998359,1,1,0.000258,0.998359,0.000995,0.000388
data_cv_fold1/Testing/meningioma/Tr-me_0840.jpg,102675,meningioma,meningioma,1,0.868988,1,1,0.102320,0.868988,0.013654,0.015038
data_cv_fold1/Testing/meningioma/Tr-me_0841.jpg,102675,meningioma,meningioma,1,0.979953,1,1,0.011905,0.979953,0.004439,0.003704
data_cv_fold1/Testing/meningioma/Tr-me_0846.jpg,102929,meningioma,meningioma,1,0.933011,1,1,0.003419,0.933011,0.004822,0.058749
data_cv_fold1/Testing/meningioma/Tr-me_0847.jpg,102929,meningioma,meningioma,1,0.908138,1,1,0.014479,0.908138,0.005580,0.071803
data_cv_fold1/Testing/meningioma/Tr-me_0848.jpg,102929,meningioma,meningioma,1,0.969007,1,1,0.001369,0.969007,0.000842,0.028781
data_cv_fold1/Testing/meningioma/Tr-me_0850.jpg,102929,meningioma,pituitary,0,0.807628,1,1,0.010431,0.162044,0.019898,0.807628
data_cv_fold1/Testing/meningioma/Tr-me_0853.jpg,102985,meningioma,meningioma,1,0.985134,1,1,0.000900,0.985134,0.012868,0.001099
data_cv_fold1/Testing/meningioma/Tr-me_0858.jpg,102446,meningioma,meningioma,1,0.967749,1,1,0.019953,0.967749,0.010596,0.001701
data_cv_fold1/Testing/meningioma/Tr-me_0867.jpg,102675,meningioma,meningioma,1,0.985290,1,1,0.012229,0.985290,0.001870,0.000611
data_cv_fold1/Testing/meningioma/Tr-me_0889.jpg,109411,meningioma,meningioma,1,0.764193,1,1,0.099718,0.764193,0.128605,0.007484
data_cv_fold1/Testing/meningioma/Tr-me_0901.jpg,109968,meningioma,meningioma,1,0.971235,1,1,0.020773,0.971235,0.000208,0.007783
data_cv_fold1/Testing/meningioma/Tr-me_0903.jpg,106720,meningioma,meningioma,1,0.996179,1,1,0.002676,0.996179,0.000259,0.000885
data_cv_fold1/Testing/meningioma/Tr-me_0904.jpg,106720,meningioma,meningioma,1,0.991587,1,1,0.006922,0.991587,0.000263,0.001228
data_cv_fold1/Testing/meningioma/Tr-me_0905.jpg,106720,meningioma,meningioma,1,0.985812,1,1,0.003689,0.985812,0.001082,0.009416
data_cv_fold1/Testing/meningioma/Tr-me_0906.jpg,88510,meningioma,meningioma,1,0.890827,1,1,0.086445,0.890827,0.017723,0.005005
data_cv_fold1/Testing/meningioma/Tr-me_0907.jpg,106720,meningioma,meningioma,1,0.996531,1,1,0.001324,0.996531,0.000784,0.001361
data_cv_fold1/Testing/meningioma/Tr-me_0908.jpg,106720,meningioma,meningioma,1,0.975178,1,1,0.016177,0.975178,0.000708,0.007937
data_cv_fold1/Testing/meningioma/Tr-me_0910.jpg,106720,meningioma,glioma,0,0.905117,1,1,0.905117,0.093628,0.000649,0.000607
data_cv_fold1/Testing/meningioma/Tr-me_0915.jpg,107248,meningioma,meningioma,1,0.931292,1,1,0.002284,0.931292,0.004814,0.061609
data_cv_fold1/Testing/meningioma/Tr-me_0916.jpg,107248,meningioma,meningioma,1,0.997540,1,1,0.001314,0.997540,0.000269,0.000877
data_cv_fold1/Testing/meningioma/Tr-me_0917.jpg,107248,meningioma,meningioma,1,0.998257,1,1,0.000720,0.998257,0.000770,0.000253
data_cv_fold1/Testing/meningioma/Tr-me_0918.jpg,107494,meningioma,meningioma,1,0.869427,1,1,0.090424,0.869427,0.009413,0.030736
data_cv_fold1/Testing/meningioma/Tr-me_0919.jpg,107494,meningioma,meningioma,1,0.969438,1,1,0.013216,0.969438,0.008775,0.008570
data_cv_fold1/Testing/meningioma/Tr-me_0920.jpg,107494,meningioma,meningioma,1,0.957407,1,1,0.013173,0.957407,0.013848,0.015573
data_cv_fold1/Testing/meningioma/Tr-me_0921.jpg,107494,meningioma,meningioma,1,0.870171,1,1,0.110442,0.870171,0.008764,0.010624
data_cv_fold1/Testing/meningioma/Tr-me_0922.jpg,107494,meningioma,meningioma,1,0.977612,1,1,0.006167,0.977612,0.009813,0.006408
data_cv_fold1/Testing/meningioma/Tr-me_0926.jpg,102929,meningioma,meningioma,1,0.868183,1,1,0.116686,0.868183,0.003870,0.011261
data_cv_fold1/Testing/meningioma/Tr-me_0935.jpg,109411,meningioma,meningioma,1,0.813459,1,1,0.071758,0.813459,0.096236,0.018546
data_cv_fold1/Testing/meningioma/Tr-me_0936.jpg,109968,meningioma,meningioma,1,0.999872,1,1,0.000095,0.999872,0.000016,0.000017
data_cv_fold1/Testing/meningioma/Tr-me_0937.jpg,109968,meningioma,meningioma,1,0.999870,1,1,0.000078,0.999870,0.000033,0.000019
data_cv_fold1/Testing/meningioma/Tr-me_0938.jpg,109968,meningioma,meningioma,1,0.999919,1,1,0.000037,0.999919,0.000025,0.000019
data_cv_fold1/Testing/meningioma/Tr-me_0939.jpg,110116,meningioma,meningioma,1,0.998426,1,1,0.000299,0.998426,0.000121,0.001154
data_cv_fold1/Testing/meningioma/Tr-me_0940.jpg,110116,meningioma,meningioma,1,0.992691,1,1,0.000775,0.992691,0.000632,0.005902
data_cv_fold1/Testing/meningioma/Tr-me_0941.jpg,110116,meningioma,meningioma,1,0.738271,1,1,0.004552,0.738271,0.010367,0.246810
data_cv_fold1/Testing/meningioma/Tr-me_0942.jpg,102985,meningioma,meningioma,1,0.916338,1,1,0.030024,0.916338,0.052915,0.000723
data_cv_fold1/Testing/meningioma/Tr-me_0970.jpg,113435,meningioma,meningioma,1,0.989253,1,1,0.010139,0.989253,0.000383,0.000225
data_cv_fold1/Testing/meningioma/Tr-me_0971.jpg,113435,meningioma,meningioma,1,0.999947,1,1,0.000030,0.999947,0.000005,0.000018
data_cv_fold1/Testing/meningioma/Tr-me_0972.jpg,113435,meningioma,meningioma,1,0.999894,1,1,0.000071,0.999894,0.000005,0.000030
data_cv_fold1/Testing/meningioma/Tr-me_0973.jpg,113435,meningioma,meningioma,1,0.996841,1,1,0.002632,0.996841,0.000142,0.000385
data_cv_fold1/Testing/meningioma/Tr-me_0974.jpg,113435,meningioma,meningioma,1,0.999066,1,1,0.000480,0.999066,0.000097,0.000357
data_cv_fold1/Testing/meningioma/Tr-me_0975.jpg,113435,meningioma,meningioma,1,0.997532,1,1,0.001717,0.997532,0.000100,0.000651
data_cv_fold1/Testing/meningioma/Tr-me_0977.jpg,113554,meningioma,meningioma,1,0.948462,1,1,0.027224,0.948462,0.006970,0.017344
data_cv_fold1/Testing/meningioma/Tr-me_0978.jpg,113554,meningioma,meningioma,1,0.999784,1,1,0.000055,0.999784,0.000018,0.000142
data_cv_fold1/Testing/meningioma/Tr-me_0997.jpg,97875,meningioma,meningioma,1,0.997014,1,1,0.000747,0.997014,0.001119,0.001119
data_cv_fold1/Testing/meningioma/Tr-me_0998.jpg,97875,meningioma,meningioma,1,0.999485,1,1,0.000135,0.999485,0.000167,0.000213
data_cv_fold1/Testing/meningioma/Tr-me_1012.jpg,99089,meningioma,meningioma,1,0.981724,1,1,0.000728,0.981724,0.000167,0.017381
data_cv_fold1/Testing/meningioma/Tr-me_1013.jpg,99089,meningioma,meningioma,1,0.997515,1,1,0.000291,0.997515,0.000043,0.002151
data_cv_fold1/Testing/meningioma/Tr-me_1014.jpg,99089,meningioma,meningioma,1,0.999092,1,1,0.000122,0.999092,0.000025,0.000761
data_cv_fold1/Testing/meningioma/Tr-me_1039.jpg,109968,meningioma,meningioma,1,0.999990,1,1,0.000008,0.999990,0.000001,0.000001
data_cv_fold1/Testing/meningioma/Tr-me_1049.jpg,102446,meningioma,meningioma,1,0.854012,1,1,0.066175,0.854012,0.077904,0.001909
data_cv_fold1/Testing/meningioma/Tr-me_1050.jpg,102446,meningioma,meningioma,1,0.799149,1,1,0.158142,0.799149,0.018613,0.024096
data_cv_fold1/Testing/meningioma/Tr-me_1051.jpg,102675,meningioma,meningioma,1,0.707157,1,1,0.265360,0.707157,0.010582,0.016900
data_cv_fold1/Testing/meningioma/Tr-me_1062.jpg,107494,meningioma,meningioma,1,0.866637,1,1,0.040175,0.866637,0.018911,0.074277
data_cv_fold1/Testing/meningioma/Tr-me_1066.jpg,102985,meningioma,pituitary,0,0.516285,1,1,0.016303,0.410820,0.056593,0.516285
data_cv_fold1/Testing/meningioma/Tr-me_1104.jpg,106720,meningioma,meningioma,1,0.998806,1,1,0.000621,0.998806,0.000537,0.000036
data_cv_fold1/Testing/meningioma/Tr-me_1105.jpg,106720,meningioma,meningioma,1,0.998851,1,1,0.001096,0.998851,0.000026,0.000027
data_cv_fold1/Testing/meningioma/Tr-me_1106.jpg,106720,meningioma,meningioma,1,0.999910,1,1,0.000066,0.999910,0.000007,0.000017
data_cv_fold1/Testing/meningioma/Tr-me_1113.jpg,107248,meningioma,meningioma,1,0.968440,1,1,0.015225,0.968440,0.010109,0.006227
data_cv_fold1/Testing/meningioma/Tr-me_1114.jpg,107248,meningioma,meningioma,1,0.990608,1,1,0.000299,0.990608,0.001158,0.007935
data_cv_fold1/Testing/meningioma/Tr-me_1115.jpg,107248,meningioma,meningioma,1,0.970493,1,1,0.000514,0.970493,0.010800,0.018193
data_cv_fold1/Testing/meningioma/Tr-me_1116.jpg,107248,meningioma,meningioma,1,0.987753,1,1,0.001028,0.987753,0.004456,0.006764
data_cv_fold1/Testing/meningioma/Tr-me_1117.jpg,107494,meningioma,pituitary,0,0.376994,1,1,0.201291,0.289082,0.132634,0.376994
data_cv_fold1/Testing/meningioma/Tr-me_1118.jpg,107494,meningioma,glioma,0,0.580972,1,1,0.580972,0.323183,0.039010,0.056835
data_cv_fold1/Testing/meningioma/Tr-me_1119.jpg,107494,meningioma,pituitary,0,0.861310,1,1,0.003423,0.067421,0.067846,0.861310
data_cv_fold1/Testing/meningioma/Tr-me_1123.jpg,109968,meningioma,meningioma,1,0.999989,1,1,0.000005,0.999989,0.000003,0.000003
data_cv_fold1/Testing/meningioma/Tr-me_1137.jpg,109411,meningioma,meningioma,1,0.547150,1,1,0.368134,0.547150,0.040437,0.044279
data_cv_fold1/Testing/meningioma/Tr-me_1138.jpg,109968,meningioma,meningioma,1,0.998903,1,1,0.000337,0.998903,0.000428,0.000332
data_cv_fold1/Testing/meningioma/Tr-me_1139.jpg,109968,meningioma,meningioma,1,0.999371,1,1,0.000369,0.999371,0.000205,0.000055
data_cv_fold1/Testing/meningioma/Tr-me_1140.jpg,109968,meningioma,meningioma,1,0.997364,1,1,0.001906,0.997364,0.000494,0.000236
data_cv_fold1/Testing/meningioma/Tr-me_1175.jpg,113435,meningioma,meningioma,1,0.999588,1,1,0.000371,0.999588,0.000016,0.000025
data_cv_fold1/Testing/meningioma/Tr-me_1176.jpg,113435,meningioma,meningioma,1,0.995800,1,1,0.003651,0.995800,0.000115,0.000434
data_cv_fold1/Testing/meningioma/Tr-me_1177.jpg,113435,meningioma,meningioma,1,0.999173,1,1,0.000130,0.999173,0.000081,0.000617
data_cv_fold1/Testing/meningioma/Tr-me_1178.jpg,113435,meningioma,meningioma,1,0.968539,1,1,0.017503,0.968539,0.007887,0.006071
data_cv_fold1/Testing/meningioma/Tr-me_1180.jpg,113554,meningioma,meningioma,1,0.923396,1,1,0.050958,0.923396,0.010397,0.015249
data_cv_fold1/Testing/meningioma/Tr-me_1181.jpg,113554,meningioma,meningioma,1,0.997262,1,1,0.000124,0.997262,0.000179,0.002436
data_cv_fold1/Testing/meningioma/Tr-me_1182.jpg,113554,meningioma,meningioma,1,0.959467,1,1,0.006001,0.959467,0.004836,0.029696
data_cv_fold1/Testing/meningioma/Tr-me_1188.jpg,113971,meningioma,meningioma,1,0.537328,1,1,0.183640,0.537328,0.009653,0.269379
data_cv_fold1/Testing/meningioma/Tr-me_1206.jpg,110116,meningioma,pituitary,0,0.952984,1,1,0.000021,0.046974,0.000021,0.952984
data_cv_fold1/Testing/meningioma/Tr-me_1228.jpg,99089,meningioma,meningioma,1,0.604558,1,1,0.016483,0.604558,0.040456,0.338503
data_cv_fold1/Testing/meningioma/Tr-me_1230.jpg,99089,meningioma,meningioma,1,0.988924,1,1,0.002986,0.988924,0.000714,0.007376
data_cv_fold1/Testing/meningioma/Tr-me_1231.jpg,99089,meningioma,meningioma,1,0.994182,1,1,0.004596,0.994182,0.000338,0.000884
data_cv_fold1/Testing/meningioma/Tr-me_1254.jpg,106720,meningioma,meningioma,1,0.980976,1,1,0.016038,0.980976,0.002396,0.000590
data_cv_fold1/Testing/meningioma/Tr-me_1255.jpg,106720,meningioma,meningioma,1,0.933836,1,1,0.042278,0.933836,0.023189,0.000697
data_cv_fold1/Testing/meningioma/Tr-me_1256.jpg,106720,meningioma,meningioma,1,0.780535,1,1,0.172084,0.780535,0.045806,0.001574
data_cv_fold1/Testing/meningioma/Tr-me_1257.jpg,106720,meningioma,meningioma,1,0.993370,1,1,0.005429,0.993370,0.000830,0.000371
data_cv_fold1/Testing/meningioma/Tr-me_1258.jpg,106720,meningioma,meningioma,1,0.989221,1,1,0.007787,0.989221,0.001022,0.001970
data_cv_fold1/Testing/meningioma/Tr-me_1259.jpg,106720,meningioma,meningioma,1,0.998389,1,1,0.000984,0.998389,0.000377,0.000249
data_cv_fold1/Testing/meningioma/Tr-me_1266.jpg,107248,meningioma,meningioma,1,0.905425,1,1,0.015897,0.905425,0.010363,0.068314
data_cv_fold1/Testing/meningioma/Tr-me_1267.jpg,107494,meningioma,meningioma,1,0.989636,1,1,0.004241,0.989636,0.000246,0.005876
data_cv_fold1/Testing/meningioma/Tr-me_1268.jpg,107248,meningioma,meningioma,1,0.918630,1,1,0.000140,0.918630,0.003573,0.077657
data_cv_fold1/Testing/meningioma/Tr-me_1270.jpg,107248,meningioma,meningioma,1,0.990156,1,1,0.000564,0.990156,0.007460,0.001819
data_cv_fold1/Testing/meningioma/Tr-me_1271.jpg,107248,meningioma,meningioma,1,0.995559,1,1,0.000693,0.995559,0.002160,0.001588
data_cv_fold1/Testing/meningioma/Tr-me_1272.jpg,107494,meningioma,meningioma,1,0.795529,1,1,0.123009,0.795529,0.004140,0.077322
data_cv_fold1/Testing/meningioma/Tr-me_1279.jpg,107494,meningioma,meningioma,1,0.999676,1,1,0.000222,0.999676,0.000045,0.000057
data_cv_fold1/Testing/meningioma/Tr-me_1305.jpg,113435,meningioma,meningioma,1,0.997842,1,1,0.001768,0.997842,0.000367,0.000023
data_cv_fold1/Testing/meningioma/Tr-me_1306.jpg,113435,meningioma,meningioma,1,0.999825,1,1,0.000141,0.999825,0.000023,0.000012
data_cv_fold1/Testing/meningioma/Tr-me_1307.jpg,113435,meningioma,meningioma,1,0.999928,1,1,0.000058,0.999928,0.000009,0.000005
data_cv_fold1/Testing/meningioma/Tr-me_1308.jpg,113435,meningioma,meningioma,1,0.997414,1,1,0.002395,0.997414,0.000113,0.000078
data_cv_fold1/Testing/meningioma/Tr-me_1309.jpg,113435,meningioma,meningioma,1,0.999784,1,1,0.000185,0.999784,0.000017,0.000014
data_cv_fold1/Testing/meningioma/Tr-me_1310.jpg,113435,meningioma,meningioma,1,0.973230,1,1,0.024530,0.973230,0.001846,0.000394
data_cv_fold1/Testing/meningioma/Tr-me_1312.jpg,113554,meningioma,meningioma,1,0.998936,1,1,0.000595,0.998936,0.000425,0.000044
data_cv_fold1/Testing/meningioma/Tr-me_1313.jpg,113554,meningioma,meningioma,1,0.999938,1,1,0.000029,0.999938,0.000021,0.000012
data_cv_fold1/Testing/meningioma/Tr-me_1335.jpg,97875,meningioma,meningioma,1,0.995784,1,1,0.001601,0.995784,0.000204,0.002411
data_cv_fold1/Testing/meningioma/Tr-me_1336.jpg,97875,meningioma,meningioma,1,0.943096,1,1,0.034036,0.943096,0.005184,0.017684
data_cv_fold1/Testing/notumor/Te-no_0107.jpg,nt934,notumor,notumor,1,0.999343,1,1,0.000125,0.000463,0.999343,0.000069
data_cv_fold1/Testing/notumor/Te-no_0114.jpg,nt942,notumor,notumor,1,0.994503,1,1,0.000155,0.005195,0.994503,0.000147
data_cv_fold1/Testing/notumor/Te-no_0121.jpg,nt1013,notumor,notumor,1,0.997169,1,1,0.000672,0.001924,0.997169,0.000234
data_cv_fold1/Testing/notumor/Te-no_0122.jpg,nt1014,notumor,notumor,1,0.998924,1,1,0.000186,0.000837,0.998924,0.000053
data_cv_fold1/Testing/notumor/Te-no_0123.jpg,nt953,notumor,notumor,1,0.995561,1,1,0.000220,0.003002,0.995561,0.001217
data_cv_fold1/Testing/notumor/Te-no_0124.jpg,nt955,notumor,notumor,1,0.998399,1,1,0.000250,0.001250,0.998399,0.000101
data_cv_fold1/Testing/notumor/Te-no_0129.jpg,nt1033,notumor,notumor,1,0.999106,1,1,0.000048,0.000147,0.999106,0.000698
data_cv_fold1/Testing/notumor/Te-no_0130.jpg,nt1034,notumor,notumor,1,0.999013,1,1,0.000481,0.000343,0.999013,0.000163
data_cv_fold1/Testing/notumor/Te-no_0143.jpg,nt526,notumor,notumor,1,0.999937,1,1,0.000012,0.000012,0.999937,0.000038
data_cv_fold1/Testing/notumor/Te-no_0148.jpg,nt886,notumor,notumor,1,0.999813,1,1,0.000001,0.000179,0.999813,0.000007
data_cv_fold1/Testing/notumor/Te-no_0149.jpg,nt1037,notumor,notumor,1,0.998653,1,1,0.000035,0.001262,0.998653,0.000050
data_cv_fold1/Testing/notumor/Te-no_0158.jpg,nt1041,notumor,notumor,1,0.998101,1,1,0.000061,0.001814,0.998101,0.000024
data_cv_fold1/Testing/notumor/Te-no_0166.jpg,nt847,notumor,notumor,1,0.999344,1,1,0.000015,0.000621,0.999344,0.000020
data_cv_fold1/Testing/notumor/Te-no_0169.jpg,nt1046,notumor,notumor,1,0.997263,1,1,0.000204,0.002147,0.997263,0.000386
data_cv_fold1/Testing/notumor/Te-no_0174.jpg,nt856,notumor,notumor,1,0.942650,1,1,0.000231,0.056192,0.942650,0.000928
data_cv_fold1/Testing/notumor/Te-no_0189.jpg,nt589,notumor,notumor,1,0.999107,1,1,0.000037,0.000767,0.999107,0.000089
data_cv_fold1/Testing/notumor/Te-no_0196.jpg,nt1037,notumor,notumor,1,0.998091,1,1,0.000044,0.001811,0.998091,0.000053
data_cv_fold1/Testing/notumor/Te-no_0197.jpg,nt1055,notumor,notumor,1,0.999837,1,1,0.000019,0.000119,0.999837,0.000026
data_cv_fold1/Testing/notumor/Te-no_0206.jpg,nt146,notumor,notumor,1,0.999288,1,1,0.000023,0.000599,0.999288,0.000090
data_cv_fold1/Testing/notumor/Te-no_0208.jpg,nt820,notumor,notumor,1,0.997030,1,1,0.000035,0.000578,0.997030,0.002357
data_cv_fold1/Testing/notumor/Te-no_0210.jpg,nt1060,notumor,notumor,1,0.997479,1,1,0.001385,0.000840,0.997479,0.000296
data_cv_fold1/Testing/notumor/Te-no_0221.jpg,nt124,notumor,notumor,1,0.999597,1,1,0.000308,0.000083,0.999597,0.000012
data_cv_fold1/Testing/notumor/Te-no_0222.jpg,nt1065,notumor,notumor,1,0.998772,1,1,0.000031,0.000362,0.998772,0.000834
data_cv_fold1/Testing/notumor/Te-no_0224.jpg,nt25,notumor,notumor,1,0.995587,1,1,0.000655,0.003366,0.995587,0.000392
data_cv_fold1/Testing/notumor/Te-no_0234.jpg,nt550,notumor,notumor,1,0.998514,1,1,0.000211,0.001172,0.998514,0.000103
data_cv_fold1/Testing/notumor/Te-no_0236.jpg,nt615,notumor,notumor,1,0.999228,1,1,0.000051,0.000297,0.999228,0.000425
data_cv_fold1/Testing/notumor/Te-no_0237.jpg,nt972,notumor,notumor,1,0.999751,1,1,0.000016,0.000216,0.999751,0.000016
data_cv_fold1/Testing/notumor/Te-no_0241.jpg,nt1033,notumor,notumor,1,0.999235,1,1,0.000041,0.000131,0.999235,0.000593
data_cv_fold1/Testing/notumor/Te-no_0243.jpg,nt980,notumor,notumor,1,0.999937,1,1,0.000039,0.000021,0.999937,0.000003
data_cv_fold1/Testing/notumor/Te-no_0247.jpg,nt1070,notumor,notumor,1,0.999611,1,1,0.000001,0.000369,0.999611,0.000019
data_cv_fold1/Testing/notumor/Te-no_0251.jpg,nt875,notumor,notumor,1,0.997217,1,1,0.000064,0.002605,0.997217,0.000114
data_cv_fold1/Testing/notumor/Te-no_0256.jpg,nt363,notumor,notumor,1,0.998593,1,1,0.000114,0.001165,0.998593,0.000128
data_cv_fold1/Testing/notumor/Te-no_0260.jpg,nt1075,notumor,notumor,1,0.998487,1,1,0.000084,0.000232,0.998487,0.001198
data_cv_fold1/Testing/notumor/Te-no_0266.jpg,nt1078,notumor,notumor,1,0.980536,1,1,0.000036,0.019308,0.980536,0.000121
data_cv_fold1/Testing/notumor/Te-no_0268.jpg,nt1080,notumor,notumor,1,0.996420,1,1,0.000004,0.003530,0.996420,0.000046
data_cv_fold1/Testing/notumor/Te-no_0274.jpg,nt1085,notumor,notumor,1,0.999453,1,1,0.000116,0.000175,0.999453,0.000257
data_cv_fold1/Testing/notumor/Te-no_0277.jpg,nt991,notumor,notumor,1,0.999673,1,1,0.000002,0.000306,0.999673,0.000019
data_cv_fold1/Testing/notumor/Te-no_0282.jpg,nt391,notumor,notumor,1,0.999500,1,1,0.000213,0.000238,0.999500,0.000049
data_cv_fold1/Testing/notumor/Te-no_0284.jpg,nt393,notumor,notumor,1,0.999307,1,1,0.000062,0.000432,0.999307,0.000200
data_cv_fold1/Testing/notumor/Te-no_0298.jpg,nt1096,notumor,notumor,1,0.994179,1,1,0.000956,0.003397,0.994179,0.001468
data_cv_fold1/Testing/notumor/Te-no_0300.jpg,nt409,notumor,notumor,1,0.992371,1,1,0.000244,0.006383,0.992371,0.001001
data_cv_fold1/Testing/notumor/Te-no_0303.jpg,nt143,notumor,notumor,1,0.999712,1,1,0.000003,0.000042,0.999712,0.000243
data_cv_fold1/Testing/notumor/Te-no_0305.jpg,nt820,notumor,notumor,1,0.997470,1,1,0.000025,0.000539,0.997470,0.001965
data_cv_fold1/Testing/notumor/Te-no_0314.jpg,nt434,notumor,notumor,1,0.999730,1,1,0.000023,0.000231,0.999730,0.000017
data_cv_fold1/Testing/notumor/Te-no_0320.jpg,nt1037,notumor,notumor,1,0.998898,1,1,0.000028,0.001037,0.998898,0.000037
data_cv_fold1/Testing/notumor/Te-no_0323.jpg,nt1078,notumor,notumor,1,0.982773,1,1,0.000026,0.017090,0.982773,0.000111
data_cv_fold1/Testing/notumor/Te-no_0328.jpg,nt1100,notumor,notumor,1,0.998236,1,1,0.000008,0.000740,0.998236,0.001016
data_cv_fold1/Testing/notumor/Te-no_0341.jpg,nt1014,notumor,notumor,1,0.998937,1,1,0.000170,0.000840,0.998937,0.000053
data_cv_fold1/Testing/notumor/Te-no_0344.jpg,nt1103,notumor,notumor,1,0.994837,1,1,0.000221,0.004258,0.994837,0.000684
data_cv_fold1/Testing/notumor/Te-no_0349.jpg,nt359,notumor,notumor,1,0.996275,1,1,0.000138,0.002885,0.996275,0.000702
data_cv_fold1/Testing/notumor/Te-no_0354.jpg,nt502,notumor,notumor,1,0.999977,1,1,0.000001,0.000017,0.999977,0.000005
data_cv_fold1/Testing/notumor/Te-no_0360.jpg,nt615,notumor,notumor,1,0.999327,1,1,0.000062,0.000179,0.999327,0.000433
data_cv_fold1/Testing/notumor/Te-no_0362.jpg,nt685,notumor,notumor,1,0.975532,1,1,0.000979,0.007183,0.975532,0.016305
data_cv_fold1/Testing/notumor/Te-no_0368.jpg,nt1108,notumor,notumor,1,0.998787,1,1,0.000016,0.000409,0.998787,0.000788
data_cv_fold1/Testing/notumor/Te-no_0378.jpg,nt891,notumor,notumor,1,0.993014,1,1,0.000297,0.006603,0.993014,0.000085
data_cv_fold1/Testing/notumor/Te-no_0383.jpg,nt942,notumor,notumor,1,0.993866,1,1,0.000183,0.005808,0.993866,0.000144
data_cv_fold1/Testing/notumor/Te-no_0387.jpg,nt334,notumor,notumor,1,0.998517,1,1,0.000425,0.001009,0.998517,0.000049
data_cv_fold1/Testing/notumor/Te-no_0390.jpg,nt341,notumor,notumor,1,0.999536,1,1,0.000075,0.000204,0.999536,0.000185
data_cv_fold1/Testing/notumor/Te-no_0393.jpg,nt1112,notumor,notumor,1,0.999942,1,1,0.000029,0.000026,0.999942,0.000003
data_cv_fold1/Testing/notumor/Te-no_0396.jpg,nt917,notumor,notumor,1,0.999488,1,1,0.000001,0.000449,0.999488,0.000062
data_cv_fold1/Testing/notumor/Te-no_0399.jpg,nt1100,notumor,notumor,1,0.997866,1,1,0.000008,0.000890,0.997866,0.001236
data_cv_fold1/Testing/notumor/Tr-noTr_0008.jpg,nt8,notumor,notumor,1,0.999757,1,1,0.000007,0.000085,0.999757,0.000151
data_cv_fold1/Testing/notumor/Tr-no_0015.jpg,nt13,notumor,notumor,1,0.997428,1,1,0.001626,0.000437,0.997428,0.000510
data_cv_fold1/Testing/notumor/Tr-no_0018.jpg,nt16,notumor,notumor,1,0.998467,1,1,0.000047,0.000431,0.998467,0.001055
data_cv_fold1/Testing/notumor/Tr-no_0020.jpg,nt18,notumor,notumor,1,0.990074,1,1,0.002014,0.001240,0.990074,0.006672
data_cv_fold1/Testing/notumor/Tr-no_0022.jpg,nt20,notumor,notumor,1,0.948156,1,1,0.014845,0.033982,0.948156,0.003017
data_cv_fold1/Testing/notumor/Tr-no_0028.jpg,nt25,notumor,notumor,1,0.995253,1,1,0.000677,0.003644,0.995253,0.000427
data_cv_fold1/Testing/notumor/Tr-no_0030.jpg,nt26,notumor,notumor,1,0.999626,1,1,0.000047,0.000275,0.999626,0.000052
data_cv_fold1/Testing/notumor/Tr-no_0031.jpg,nt27,notumor,notumor,1,0.988559,1,1,0.000508,0.009551,0.988559,0.001381
data_cv_fold1/Testing/notumor/Tr-no_0032.jpg,nt28,notumor,notumor,1,0.999274,1,1,0.000131,0.000300,0.999274,0.000295
data_cv_fold1/Testing/notumor/Tr-no_0040.jpg,nt36,notumor,glioma,0,0.711554,1,1,0.711554,0.214888,0.068692,0.004866
data_cv_fold1/Testing/notumor/Tr-no_0047.jpg,nt43,notumor,notumor,1,0.933985,1,1,0.000988,0.061827,0.933985,0.003200
data_cv_fold1/Testing/notumor/Tr-no_0052.jpg,nt48,notumor,notumor,1,0.963145,1,1,0.000227,0.036503,0.963145,0.000125
data_cv_fold1/Testing/notumor/Tr-no_0066.jpg,nt62,notumor,notumor,1,0.986194,1,1,0.000453,0.013048,0.986194,0.000306
data_cv_fold1/Testing/notumor/Tr-no_0075.jpg,nt70,notumor,notumor,1,0.998273,1,1,0.000002,0.000102,0.998273,0.001624
data_cv_fold1/Testing/notumor/Tr-no_0076.jpg,nt71,notumor,notumor,1,0.800869,1,1,0.000340,0.067290,0.800869,0.131501
data_cv_fold1/Testing/notumor/Tr-no_0082.jpg,nt72,notumor,meningioma,0,0.799247,1,1,0.000277,0.799247,0.200128,0.000348
data_cv_fold1/Testing/notumor/Tr-no_0088.jpg,nt78,notumor,notumor,1,0.999612,1,1,0.000015,0.000314,0.999612,0.000059
data_cv_fold1/Testing/notumor/Tr-no_0101.jpg,nt91,notumor,notumor,1,0.994282,1,1,0.000040,0.005568,0.994282,0.000110
data_cv_fold1/Testing/notumor/Tr-no_0103.jpg,nt93,notumor,notumor,1,0.680322,1,1,0.000194,0.000633,0.680322,0.318851
data_cv_fold1/Testing/notumor/Tr-no_0106.jpg,nt96,notumor,notumor,1,0.482319,1,1,0.260126,0.213337,0.482319,0.044218
data_cv_fold1/Testing/notumor/Tr-no_0116.jpg,nt105,notumor,notumor,1,0.985707,1,1,0.000190,0.012663,0.985707,0.001440
data_cv_fold1/Testing/notumor/Tr-no_0120.jpg,nt109,notumor,notumor,1,0.998651,1,1,0.000030,0.001090,0.998651,0.000229
data_cv_fold1/Testing/notumor/Tr-no_0135.jpg,nt118,notumor,notumor,1,0.992898,1,1,0.000010,0.007079,0.992898,0.000013
data_cv_fold1/Testing/notumor/Tr-no_0142.jpg,nt123,notumor,notumor,1,0.998656,1,1,0.000043,0.000111,0.998656,0.001190
data_cv_fold1/Testing/notumor/Tr-no_0144.jpg,nt124,notumor,notumor,1,0.999540,1,1,0.000359,0.000088,0.999540,0.000013
data_cv_fold1/Testing/notumor/Tr-no_0146.jpg,nt126,notumor,notumor,1,0.981310,1,1,0.007908,0.010214,0.981310,0.000568
data_cv_fold1/Testing/notumor/Tr-no_0157.jpg,nt136,notumor,notumor,1,0.999264,1,1,0.000002,0.000592,0.999264,0.000142
data_cv_fold1/Testing/notumor/Tr-no_0166.jpg,nt143,notumor,notumor,1,0.999592,1,1,0.000008,0.000071,0.999592,0.000329
data_cv_fold1/Testing/notumor/Tr-no_0169.jpg,nt146,notumor,notumor,1,0.999099,1,1,0.000031,0.000773,0.999099,0.000097
data_cv_fold1/Testing/notumor/Tr-no_0170.jpg,nt147,notumor,notumor,1,0.990644,1,1,0.000392,0.001611,0.990644,0.007353
data_cv_fold1/Testing/notumor/Tr-no_0174.jpg,nt151,notumor,notumor,1,0.948023,1,1,0.000696,0.013261,0.948023,0.038021
data_cv_fold1/Testing/notumor/Tr-no_0194.jpg,nt165,notumor,notumor,1,0.993644,1,1,0.003556,0.002674,0.993644,0.000126
data_cv_fold1/Testing/notumor/Tr-no_0195.jpg,nt166,notumor,notumor,1,0.998599,1,1,0.000262,0.001073,0.998599,0.000066
data_cv_fold1/Testing/notumor/Tr-no_0203.jpg,nt173,notumor,notumor,1,0.999714,1,1,0.000007,0.000241,0.999714,0.000038
data_cv_fold1/Testing/notumor/Tr-no_0208.jpg,nt178,notumor,notumor,1,0.998918,1,1,0.000108,0.000762,0.998918,0.000211
data_cv_fold1/Testing/notumor/Tr-no_0213.jpg,nt126,notumor,notumor,1,0.971494,1,1,0.013942,0.014029,0.971494,0.000535
data_cv_fold1/Testing/notumor/Tr-no_0214.jpg,nt183,notumor,notumor,1,0.984545,1,1,0.001954,0.012340,0.984545,0.001160
data_cv_fold1/Testing/notumor/Tr-no_0220.jpg,nt188,notumor,notumor,1,0.751126,1,1,0.002822,0.235850,0.751126,0.010202
data_cv_fold1/Testing/notumor/Tr-no_0233.jpg,nt196,notumor,notumor,1,0.943897,1,1,0.000145,0.055670,0.943897,0.000287
data_cv_fold1/Testing/notumor/Tr-no_0241.jpg,nt201,notumor,notumor,1,0.997745,1,1,0.000063,0.000468,0.997745,0.001725
data_cv_fold1/Testing/notumor/Tr-no_0243.jpg,nt20,notumor,notumor,1,0.953373,1,1,0.013404,0.030462,0.953373,0.002760
data_cv_fold1/Testing/notumor/Tr-no_0248.jpg,nt206,notumor,notumor,1,0.999698,1,1,0.000002,0.000275,0.999698,0.000025
data_cv_fold1/Testing/notumor/Tr-no_0253.jpg,nt211,notumor,notumor,1,0.999031,1,1,0.000082,0.000860,0.999031,0.000026
data_cv_fold1/Testing/notumor/Tr-no_0259.jpg,nt216,notumor,notumor,1,0.996126,1,1,0.001468,0.000527,0.996126,0.001879
data_cv_fold1/Testing/notumor/Tr-no_0264.jpg,nt221,notumor,notumor,1,0.991466,1,1,0.002077,0.001815,0.991466,0.004643
data_cv_fold1/Testing/notumor/Tr-no_0272.jpg,nt226,notumor,notumor,1,0.971518,1,1,0.000138,0.002570,0.971518,0.025774
data_cv_fold1/Testing/notumor/Tr-no_0281.jpg,nt233,notumor,notumor,1,0.999378,1,1,0.000005,0.000582,0.999378,0.000035
data_cv_fold1/Testing/notumor/Tr-no_0289.jpg,nt240,notumor,notumor,1,0.997187,1,1,0.000010,0.002699,0.997187,0.000104
data_cv_fold1/Testing/notumor/Tr-no_0297.jpg,nt246,notumor,notumor,1,0.993443,1,1,0.000266,0.005870,0.993443,0.000421
data_cv_fold1/Testing/notumor/Tr-no_0303.jpg,nt251,notumor,notumor,1,0.989280,1,1,0.000454,0.008235,0.989280,0.002031
data_cv_fold1/Testing/notumor/Tr-no_0306.jpg,nt254,notumor,notumor,1,0.890007,1,1,0.069096,0.020805,0.890007,0.020091
data_cv_fold1/Testing/notumor/Tr-no_0318.jpg,nt265,notumor,notumor,1,0.552618,1,1,0.001157,0.443508,0.552618,0.002718
data_cv_fold1/Testing/notumor/Tr-no_0335.jpg,nt275,notumor,notumor,1,0.999571,1,1,0.000177,0.000197,0.999571,0.000055
data_cv_fold1/Testing/notumor/Tr-no_0356.jpg,nt284,notumor,meningioma,0,0.805351,1,1,0.000157,0.805351,0.193679,0.000813
data_cv_fold1/Testing/notumor/Tr-no_0361.jpg,nt289,notumor,meningioma,0,0.995902,1,1,0.002092,0.995902,0.001083,0.000923
data_cv_fold1/Testing/notumor/Tr-no_0364.jpg,nt62,notumor,notumor,1,0.978431,1,1,0.000584,0.020603,0.978431,0.000382
data_cv_fold1/Testing/notumor/Tr-no_0371.jpg,nt105,notumor,notumor,1,0.986876,1,1,0.000123,0.012104,0.986876,0.000897
data_cv_fold1/Testing/notumor/Tr-no_0378.jpg,nt294,notumor,notumor,1,0.994957,1,1,0.000206,0.000697,0.994957,0.004140
data_cv_fold1/Testing/notumor/Tr-no_0383.jpg,nt299,notumor,notumor,1,0.996699,1,1,0.000093,0.002404,0.996699,0.000805
data_cv_fold1/Testing/notumor/Tr-no_0386.jpg,nt302,notumor,notumor,1,0.999588,1,1,0.000004,0.000316,0.999588,0.000092
data_cv_fold1/Testing/notumor/Tr-no_0391.jpg,nt307,notumor,notumor,1,0.996768,1,1,0.000256,0.002445,0.996768,0.000530
data_cv_fold1/Testing/notumor/Tr-no_0397.jpg,nt312,notumor,notumor,1,0.997696,1,1,0.000323,0.001801,0.997696,0.000180
data_cv_fold1/Testing/notumor/Tr-no_0403.jpg,nt318,notumor,notumor,1,0.999988,1,1,0.000000,0.000004,0.999988,0.000008
data_cv_fold1/Testing/notumor/Tr-no_0405.jpg,nt320,notumor,notumor,1,0.998284,1,1,0.000004,0.001711,0.998284,0.000001
data_cv_fold1/Testing/notumor/Tr-no_0409.jpg,nt324,notumor,notumor,1,0.999050,1,1,0.000009,0.000068,0.999050,0.000872
data_cv_fold1/Testing/notumor/Tr-no_0412.jpg,nt327,notumor,notumor,1,0.998670,1,1,0.000020,0.001221,0.998670,0.000089
data_cv_fold1/Testing/notumor/Tr-no_0420.jpg,nt334,notumor,notumor,1,0.998874,1,1,0.000355,0.000725,0.998874,0.000046
data_cv_fold1/Testing/notumor/Tr-no_0427.jpg,nt341,notumor,notumor,1,0.999458,1,1,0.000079,0.000292,0.999458,0.000170
data_cv_fold1/Testing/notumor/Tr-no_0431.jpg,nt345,notumor,notumor,1,0.999667,1,1,0.000017,0.000189,0.999667,0.000128
data_cv_fold1/Testing/notumor/Tr-no_0435.jpg,nt349,notumor,notumor,1,0.999894,1,1,0.000029,0.000050,0.999894,0.000027
data_cv_fold1/Testing/notumor/Tr-no_0436.jpg,nt350,notumor,notumor,1,0.999076,1,1,0.000138,0.000736,0.999076,0.000049
data_cv_fold1/Testing/notumor/Tr-no_0445.jpg,nt359,notumor,notumor,1,0.996289,1,1,0.000138,0.002867,0.996289,0.000706
data_cv_fold1/Testing/notumor/Tr-no_0449.jpg,nt363,notumor,notumor,1,0.998563,1,1,0.000136,0.001148,0.998563,0.000152
data_cv_fold1/Testing/notumor/Tr-no_0456.jpg,nt370,notumor,notumor,1,0.999820,1,1,0.000019,0.000157,0.999820,0.000004
data_cv_fold1/Testing/notumor/Tr-no_0462.jpg,nt376,notumor,notumor,1,0.998655,1,1,0.000019,0.000055,0.998655,0.001271
data_cv_fold1/Testing/notumor/Tr-no_0464.jpg,nt378,notumor,notumor,1,0.983658,1,1,0.000226,0.015460,0.983658,0.000657
data_cv_fold1/Testing/notumor/Tr-no_0473.jpg,nt387,notumor,notumor,1,0.976207,1,1,0.000056,0.023483,0.976207,0.000255
data_cv_fold1/Testing/notumor/Tr-no_0476.jpg,nt390,notumor,notumor,1,0.999240,1,1,0.000426,0.000278,0.999240,0.000056
data_cv_fold1/Testing/notumor/Tr-no_0477.jpg,nt391,notumor,notumor,1,0.999682,1,1,0.000127,0.000153,0.999682,0.000038
data_cv_fold1/Testing/notumor/Tr-no_0479.jpg,nt393,notumor,notumor,1,0.999670,1,1,0.000035,0.000159,0.999670,0.000136
data_cv_fold1/Testing/notumor/Tr-no_0487.jpg,nt401,notumor,notumor,1,0.998979,1,1,0.000089,0.000878,0.998979,0.000055
data_cv_fold1/Testing/notumor/Tr-no_0491.jpg,nt405,notumor,notumor,1,0.998846,1,1,0.000004,0.001041,0.998846,0.000109
data_cv_fold1/Testing/notumor/Tr-no_0495.jpg,nt409,notumor,notumor,1,0.993087,1,1,0.000202,0.005807,0.993087,0.000904
data_cv_fold1/Testing/notumor/Tr-no_0499.jpg,nt413,notumor,notumor,1,0.984233,1,1,0.000235,0.014444,0.984233,0.001089
data_cv_fold1/Testing/notumor/Tr-no_0502.jpg,nt416,notumor,notumor,1,0.999974,1,1,0.000011,0.000012,0.999974,0.000003
data_cv_fold1/Testing/notumor/Tr-no_0506.jpg,nt420,notumor,notumor,1,0.999688,1,1,0.000004,0.000231,0.999688,0.000078
data_cv_fold1/Testing/notumor/Tr-no_0517.jpg,nt431,notumor,notumor,1,0.998839,1,1,0.000111,0.000981,0.998839,0.000070
data_cv_fold1/Testing/notumor/Tr-no_0520.jpg,nt434,notumor,notumor,1,0.999733,1,1,0.000020,0.000230,0.999733,0.000016
data_cv_fold1/Testing/notumor/Tr-no_0530.jpg,nt443,notumor,notumor,1,0.998772,1,1,0.000176,0.000163,0.998772,0.000890
data_cv_fold1/Testing/notumor/Tr-no_0535.jpg,nt447,notumor,notumor,1,0.998846,1,1,0.000238,0.000872,0.998846,0.000044
data_cv_fold1/Testing/notumor/Tr-no_0536.jpg,nt448,notumor,notumor,1,0.999478,1,1,0.000149,0.000036,0.999478,0.000337
data_cv_fold1/Testing/notumor/Tr-no_0546.jpg,nt409,notumor,notumor,1,0.994143,1,1,0.000113,0.005280,0.994143,0.000464
data_cv_fold1/Testing/notumor/Tr-no_0550.jpg,nt143,notumor,notumor,1,0.999561,1,1,0.000004,0.000062,0.999561,0.000373
data_cv_fold1/Testing/notumor/Tr-no_0551.jpg,nt455,notumor,notumor,1,0.999754,1,1,0.000023,0.000172,0.999754,0.000052
data_cv_fold1/Testing/notumor/Tr-no_0554.jpg,nt458,notumor,notumor,1,0.997789,1,1,0.000400,0.001792,0.997789,0.000019
data_cv_fold1/Testing/notumor/Tr-no_0559.jpg,nt463,notumor,notumor,1,0.999693,1,1,0.000073,0.000163,0.999693,0.000072
data_cv_fold1/Testing/notumor/Tr-no_0564.jpg,nt123,notumor,notumor,1,0.999009,1,1,0.000034,0.000076,0.999009,0.000881
data_cv_fold1/Testing/notumor/Tr-no_0565.jpg,nt468,notumor,notumor,1,0.999891,1,1,0.000001,0.000067,0.999891,0.000041
data_cv_fold1/Testing/notumor/Tr-no_0569.jpg,nt471,notumor,notumor,1,0.998944,1,1,0.000111,0.000234,0.998944,0.000711
data_cv_fold1/Testing/notumor/Tr-no_0577.jpg,nt251,notumor,notumor,1,0.992469,1,1,0.000259,0.005508,0.992469,0.001764
data_cv_fold1/Testing/notumor/Tr-no_0587.jpg,nt484,notumor,notumor,1,0.991911,1,1,0.000073,0.007847,0.991911,0.000169
data_cv_fold1/Testing/notumor/Tr-no_0589.jpg,nt486,notumor,notumor,1,0.999001,1,1,0.000027,0.000055,0.999001,0.000917
data_cv_fold1/Testing/notumor/Tr-no_0592.jpg,nt443,notumor,notumor,1,0.998865,1,1,0.000332,0.000109,0.998865,0.000694
data_cv_fold1/Testing/notumor/Tr-no_0596.jpg,nt492,notumor,notumor,1,0.999202,1,1,0.000012,0.000025,0.999202,0.000761
data_cv_fold1/Testing/notumor/Tr-no_0600.jpg,nt495,notumor,notumor,1,0.999736,1,1,0.000025,0.000080,0.999736,0.000159
data_cv_fold1/Testing/notumor/Tr-no_0607.jpg,nt502,notumor,notumor,1,0.999978,1,1,0.000001,0.000017,0.999978,0.000004
data_cv_fold1/Testing/notumor/Tr-no_0611.jpg,nt506,notumor,notumor,1,0.993699,1,1,0.000188,0.005921,0.993699,0.000192
data_cv_fold1/Testing/notumor/Tr-no_0617.jpg,nt512,notumor,notumor,1,0.999580,1,1,0.000041,0.000219,0.999580,0.000160
data_cv_fold1/Testing/notumor/Tr-no_0624.jpg,nt519,notumor,notumor,1,0.998917,1,1,0.000026,0.000101,0.998917,0.000956
data_cv_fold1/Testing/notumor/Tr-no_0630.jpg,nt524,notumor,notumor,1,0.999849,1,1,0.000023,0.000095,0.999849,0.000033
data_cv_fold1/Testing/notumor/Tr-no_0634.jpg,nt526,notumor,notumor,1,0.999969,1,1,0.000006,0.000005,0.999969,0.000020
data_cv_fold1/Testing/notumor/Tr-no_0636.jpg,nt528,notumor,notumor,1,0.999343,1,1,0.000037,0.000515,0.999343,0.000104
data_cv_fold1/Testing/notumor/Tr-no_0644.jpg,nt534,notumor,notumor,1,0.987141,1,1,0.000064,0.012729,0.987141,0.000067
data_cv_fold1/Testing/notumor/Tr-no_0648.jpg,nt538,notumor,notumor,1,0.997919,1,1,0.000009,0.001982,0.997919,0.000091
data_cv_fold1/Testing/notumor/Tr-no_0652.jpg,nt542,notumor,notumor,1,0.999104,1,1,0.000230,0.000598,0.999104,0.000068
data_cv_fold1/Testing/notumor/Tr-no_0656.jpg,nt545,notumor,notumor,1,0.999821,1,1,0.000023,0.000103,0.999821,0.000053
data_cv_fold1/Testing/notumor/Tr-no_0657.jpg,nt320,notumor,notumor,1,0.998658,1,1,0.000004,0.001337,0.998658,0.000001
data_cv_fold1/Testing/notumor/Tr-no_0658.jpg,nt401,notumor,notumor,1,0.998910,1,1,0.000093,0.000940,0.998910,0.000057
data_cv_fold1/Testing/notumor/Tr-no_0664.jpg,nt550,notumor,notumor,1,0.998125,1,1,0.000314,0.001435,0.998125,0.000127
data_cv_fold1/Testing/notumor/Tr-no_0666.jpg,nt552,notumor,notumor,1,0.979001,1,1,0.000055,0.020940,0.979001,0.000004
data_cv_fold1/Testing/notumor/Tr-no_0672.jpg,nt558,notumor,notumor,1,0.999014,1,1,0.000018,0.000155,0.999014,0.000813
data_cv_fold1/Testing/notumor/Tr-no_0675.jpg,nt420,notumor,notumor,1,0.999696,1,1,0.000003,0.000207,0.999696,0.000094
data_cv_fold1/Testing/notumor/Tr-no_0676.jpg,nt561,notumor,notumor,1,0.999917,1,1,0.000037,0.000023,0.999917,0.000023
data_cv_fold1/Testing/notumor/Tr-no_0683.jpg,nt567,notumor,notumor,1,0.915122,1,1,0.000350,0.083858,0.915122,0.000669
data_cv_fold1/Testing/notumor/Tr-no_0685.jpg,nt569,notumor,notumor,1,0.995387,1,1,0.000199,0.001387,0.995387,0.003027
data_cv_fold1/Testing/notumor/Tr-no_0690.jpg,nt574,notumor,notumor,1,0.999497,1,1,0.000049,0.000236,0.999497,0.000218
data_cv_fold1/Testing/notumor/Tr-no_0701.jpg,nt146,notumor,notumor,1,0.998799,1,1,0.000044,0.001011,0.998799,0.000146
data_cv_fold1/Testing/notumor/Tr-no_0710.jpg,nt582,notumor,notumor,1,0.999495,1,1,0.000179,0.000284,0.999495,0.000042
data_cv_fold1/Testing/notumor/Tr-no_0711.jpg,nt583,notumor,notumor,1,0.998023,1,1,0.000256,0.001635,0.998023,0.000087
data_cv_fold1/Testing/notumor/Tr-no_0712.jpg,nt123,notumor,notumor,1,0.998785,1,1,0.000034,0.000090,0.998785,0.001091
data_cv_fold1/Testing/notumor/Tr-no_0719.jpg,nt589,notumor,notumor,1,0.999036,1,1,0.000037,0.000847,0.999036,0.000080
data_cv_fold1/Testing/notumor/Tr-no_0726.jpg,nt447,notumor,notumor,1,0.999126,1,1,0.000128,0.000708,0.999126,0.000038
data_cv_fold1/Testing/notumor/Tr-no_0734.jpg,nt597,notumor,notumor,1,0.997051,1,1,0.000051,0.000702,0.997051,0.002195
data_cv_fold1/Testing/notumor/Tr-no_0738.jpg,nt601,notumor,notumor,1,0.999811,1,1,0.000064,0.000019,0.999811,0.000106
data_cv_fold1/Testing/notumor/Tr-no_0745.jpg,nt607,notumor,notumor,1,0.999672,1,1,0.000059,0.000048,0.999672,0.000221
data_cv_fold1/Testing/notumor/Tr-no_0749.jpg,nt611,notumor,notumor,1,0.999712,1,1,0.000075,0.000128,0.999712,0.000085
data_cv_fold1/Testing/notumor/Tr-no_0754.jpg,nt615,notumor,notumor,1,0.999198,1,1,0.000045,0.000266,0.999198,0.000491
data_cv_fold1/Testing/notumor/Tr-no_0756.jpg,nt617,notumor,notumor,1,0.999460,1,1,0.000212,0.000233,0.999460,0.000094
data_cv_fold1/Testing/notumor/Tr-no_0761.jpg,nt622,notumor,notumor,1,0.999650,1,1,0.000144,0.000036,0.999650,0.000169
data_cv_fold1/Testing/notumor/Tr-no_0766.jpg,nt143,notumor,notumor,1,0.999476,1,1,0.000004,0.000072,0.999476,0.000448
data_cv_fold1/Testing/notumor/Tr-no_0768.jpg,nt627,notumor,notumor,1,0.998708,1,1,0.000051,0.000989,0.998708,0.000252
data_cv_fold1/Testing/notumor/Tr-no_0772.jpg,nt631,notumor,notumor,1,0.999758,1,1,0.000024,0.000208,0.999758,0.000009
data_cv_fold1/Testing/notumor/Tr-no_0779.jpg,nt637,notumor,notumor,1,0.999462,1,1,0.000025,0.000311,0.999462,0.000202
data_cv_fold1/Testing/notumor/Tr-no_0783.jpg,nt641,notumor,notumor,1,0.999813,1,1,0.000056,0.000096,0.999813,0.000035
data_cv_fold1/Testing/notumor/Tr-no_0790.jpg,nt647,notumor,notumor,1,0.999937,1,1,0.000003,0.000043,0.999937,0.000018
data_cv_fold1/Testing/notumor/Tr-no_0791.jpg,nt146,notumor,notumor,1,0.999355,1,1,0.000022,0.000548,0.999355,0.000076
data_cv_fold1/Testing/notumor/Tr-no_0795.jpg,nt651,notumor,notumor,1,0.998919,1,1,0.000190,0.000462,0.998919,0.000430
data_cv_fold1/Testing/notumor/Tr-no_0801.jpg,nt657,notumor,notumor,1,0.996884,1,1,0.000067,0.000281,0.996884,0.002767
data_cv_fold1/Testing/notumor/Tr-no_0806.jpg,nt661,notumor,notumor,1,0.996035,1,1,0.000091,0.001802,0.996035,0.002073
data_cv_fold1/Testing/notumor/Tr-no_0812.jpg,nt667,notumor,notumor,1,0.999347,1,1,0.000212,0.000117,0.999347,0.000324
data_cv_fold1/Testing/notumor/Tr-no_0817.jpg,nt671,notumor,notumor,1,0.999925,1,1,0.000016,0.000049,0.999925,0.000010
data_cv_fold1/Testing/notumor/Tr-no_0822.jpg,nt676,notumor,notumor,1,0.999855,1,1,0.000002,0.000011,0.999855,0.000133
data_cv_fold1/Testing/notumor/Tr-no_0826.jpg,nt680,notumor,notumor,1,0.999873,1,1,0.000006,0.000095,0.999873,0.000025
data_cv_fold1/Testing/notumor/Tr-no_0828.jpg,nt458,notumor,notumor,1,0.997713,1,1,0.000285,0.001984,0.997713,0.000019
data_cv_fold1/Testing/notumor/Tr-no_0832.jpg,nt685,notumor,notumor,1,0.975927,1,1,0.000749,0.006856,0.975927,0.016468
data_cv_fold1/Testing/notumor/Tr-no_0833.jpg,nt686,notumor,notumor,1,0.999837,1,1,0.000013,0.000139,0.999837,0.000011
data_cv_fold1/Testing/notumor/Tr-no_0837.jpg,nt690,notumor,notumor,1,0.999245,1,1,0.000015,0.000353,0.999245,0.000388
data_cv_fold1/Testing/notumor/Tr-no_0844.jpg,nt696,notumor,notumor,1,0.998330,1,1,0.000273,0.001004,0.998330,0.000393
data_cv_fold1/Testing/notumor/Tr-no_0853.jpg,nt705,notumor,notumor,1,0.997784,1,1,0.000051,0.000412,0.997784,0.001753
data_cv_fold1/Testing/notumor/Tr-no_0862.jpg,nt714,notumor,notumor,1,0.999883,1,1,0.000021,0.000050,0.999883,0.000046
data_cv_fold1/Testing/notumor/Tr-no_0873.jpg,nt724,notumor,notumor,1,0.999687,1,1,0.000010,0.000016,0.999687,0.000287
data_cv_fold1/Testing/notumor/Tr-no_0880.jpg,nt729,notumor,notumor,1,0.999822,1,1,0.000019,0.000103,0.999822,0.000055
data_cv_fold1/Testing/notumor/Tr-no_0884.jpg,nt733,notumor,notumor,1,0.999944,1,1,0.000008,0.000037,0.999944,0.000011
data_cv_fold1/Testing/notumor/Tr-no_0891.jpg,nt738,notumor,notumor,1,0.999874,1,1,0.000061,0.000049,0.999874,0.000015
data_cv_fold1/Testing/notumor/Tr-no_0895.jpg,nt742,notumor,notumor,1,0.999979,1,1,0.000012,0.000006,0.999979,0.000003
data_cv_fold1/Testing/notumor/Tr-no_0901.jpg,nt747,notumor,notumor,1,0.999680,1,1,0.000002,0.000011,0.999680,0.000307
data_cv_fold1/Testing/notumor/Tr-no_0906.jpg,nt751,notumor,notumor,1,0.996923,1,1,0.000993,0.001119,0.996923,0.000965
data_cv_fold1/Testing/notumor/Tr-no_0912.jpg,nt756,notumor,notumor,1,0.999766,1,1,0.000018,0.000102,0.999766,0.000114
data_cv_fold1/Testing/notumor/Tr-no_0917.jpg,nt761,notumor,notumor,1,0.999306,1,1,0.000036,0.000093,0.999306,0.000565
data_cv_fold1/Testing/notumor/Tr-no_0923.jpg,nt766,notumor,notumor,1,0.998695,1,1,0.000031,0.000165,0.998695,0.001109
data_cv_fold1/Testing/notumor/Tr-no_0928.jpg,nt770,notumor,notumor,1,0.999879,1,1,0.000071,0.000034,0.999879,0.000016
data_cv_fold1/Testing/notumor/Tr-no_0934.jpg,nt775,notumor,notumor,1,0.999567,1,1,0.000170,0.000171,0.999567,0.000092
data_cv_fold1/Testing/notumor/Tr-no_0945.jpg,nt784,notumor,notumor,1,0.999625,1,1,0.000175,0.000129,0.999625,0.000071
data_cv_fold1/Testing/notumor/Tr-no_0950.jpg,nt789,notumor,notumor,1,0.997593,1,1,0.000158,0.000154,0.997593,0.002095
data_cv_fold1/Testing/notumor/Tr-no_0956.jpg,nt794,notumor,notumor,1,0.999942,1,1,0.000001,0.000015,0.999942,0.000042
data_cv_fold1/Testing/notumor/Tr-no_0963.jpg,nt166,notumor,notumor,1,0.998629,1,1,0.000252,0.001051,0.998629,0.000068
data_cv_fold1/Testing/notumor/Tr-no_1000.jpg,nt123,notumor,notumor,1,0.998575,1,1,0.000048,0.000101,0.998575,0.001276
data_cv_fold1/Testing/notumor/Tr-no_1005.jpg,nt805,notumor,notumor,1,0.999762,1,1,0.000071,0.000156,0.999762,0.000011
data_cv_fold1/Testing/notumor/Tr-no_1006.jpg,nt18,notumor,notumor,1,0.997737,1,1,0.000169,0.000700,0.997737,0.001394
data_cv_fold1/Testing/notumor/Tr-no_1011.jpg,nt251,notumor,notumor,1,0.993143,1,1,0.000288,0.004970,0.993143,0.001599
data_cv_fold1/Testing/notumor/Tr-no_1024.jpg,nt808,notumor,notumor,1,0.999771,1,1,0.000195,0.000030,0.999771,0.000005
data_cv_fold1/Testing/notumor/Tr-no_1025.jpg,nt468,notumor,notumor,1,0.999932,1,1,0.000001,0.000042,0.999932,0.000025
data_cv_fold1/Testing/notumor/Tr-no_1036.jpg,nt812,notumor,notumor,1,0.996155,1,1,0.000095,0.003702,0.996155,0.000048
data_cv_fold1/Testing/notumor/Tr-no_1040.jpg,nt166,notumor,notumor,1,0.998464,1,1,0.000297,0.001168,0.998464,0.000071
data_cv_fold1/Testing/notumor/Tr-no_1043.jpg,nt124,notumor,notumor,1,0.999608,1,1,0.000311,0.000070,0.999608,0.000011
data_cv_fold1/Testing/notumor/Tr-no_1045.jpg,nt583,notumor,notumor,1,0.996750,1,1,0.000252,0.002896,0.996750,0.000101
data_cv_fold1/Testing/notumor/Tr-no_1046.jpg,nt123,notumor,notumor,1,0.998355,1,1,0.000052,0.000129,0.998355,0.001464
data_cv_fold1/Testing/notumor/Tr-no_1065.jpg,nt18,notumor,notumor,1,0.998071,1,1,0.000076,0.000471,0.998071,0.001381
data_cv_fold1/Testing/notumor/Tr-no_1085.jpg,nt146,notumor,notumor,1,0.999114,1,1,0.000030,0.000761,0.999114,0.000096
data_cv_fold1/Testing/notumor/Tr-no_1097.jpg,nt819,notumor,notumor,1,0.997712,1,1,0.000218,0.001759,0.997712,0.000311
data_cv_fold1/Testing/notumor/Tr-no_1105.jpg,nt820,notumor,notumor,1,0.996954,1,1,0.000029,0.000523,0.996954,0.002494
data_cv_fold1/Testing/notumor/Tr-no_1134.jpg,nt458,notumor,notumor,1,0.996868,1,1,0.000388,0.002719,0.996868,0.000024
data_cv_fold1/Testing/notumor/Tr-no_1154.jpg,nt345,notumor,notumor,1,0.999481,1,1,0.000028,0.000327,0.999481,0.000164
data_cv_fold1/Testing/notumor/Tr-no_1187.jpg,nt350,notumor,notumor,1,0.998970,1,1,0.000180,0.000798,0.998970,0.000051
data_cv_fold1/Testing/notumor/Tr-no_1190.jpg,nt124,notumor,notumor,1,0.999563,1,1,0.000339,0.000085,0.999563,0.000014
data_cv_fold1/Testing/notumor/Tr-no_1192.jpg,nt18,notumor,notumor,1,0.998690,1,1,0.000105,0.000398,0.998690,0.000807
data_cv_fold1/Testing/notumor/Tr-no_1196.jpg,nt826,notumor,notumor,1,0.999977,1,1,0.000002,0.000007,0.999977,0.000014
data_cv_fold1/Testing/notumor/Tr-no_1205.jpg,nt552,notumor,notumor,1,0.987252,1,1,0.000044,0.012699,0.987252,0.000004
data_cv_fold1/Testing/notumor/Tr-no_1210.jpg,nt391,notumor,notumor,1,0.999361,1,1,0.000323,0.000277,0.999361,0.000040
data_cv_fold1/Testing/notumor/Tr-no_1212.jpg,nt831,notumor,notumor,1,0.999879,1,1,0.000008,0.000101,0.999879,0.000012
data_cv_fold1/Testing/notumor/Tr-no_1217.jpg,nt393,notumor,notumor,1,0.999483,1,1,0.000046,0.000274,0.999483,0.000197
data_cv_fold1/Testing/notumor/Tr-no_1219.jpg,nt558,notumor,notumor,1,0.999124,1,1,0.000020,0.000235,0.999124,0.000620
data_cv_fold1/Testing/notumor/Tr-no_1220.jpg,nt808,notumor,notumor,1,0.999823,1,1,0.000147,0.000025,0.999823,0.000005
data_cv_fold1/Testing/notumor/Tr-no_1223.jpg,nt837,notumor,notumor,1,0.999986,1,1,0.000000,0.000013,0.999986,0.000001
data_cv_fold1/Testing/notumor/Tr-no_1230.jpg,nt841,notumor,notumor,1,0.998830,1,1,0.000013,0.000302,0.998830,0.000855
data_cv_fold1/Testing/notumor/Tr-no_1233.jpg,nt542,notumor,notumor,1,0.998730,1,1,0.000292,0.000879,0.998730,0.000099
data_cv_fold1/Testing/notumor/Tr-no_1244.jpg,nt847,notumor,notumor,1,0.999594,1,1,0.000007,0.000389,0.999594,0.000009
data_cv_fold1/Testing/notumor/Tr-no_1247.jpg,nt848,notumor,notumor,1,0.993007,1,1,0.000110,0.006780,0.993007,0.000102
data_cv_fold1/Testing/notumor/Tr-no_1257.jpg,nt413,notumor,notumor,1,0.984879,1,1,0.000221,0.014250,0.984879,0.000650
data_cv_fold1/Testing/notumor/Tr-no_1261.jpg,nt856,notumor,notumor,1,0.941470,1,1,0.000260,0.057281,0.941470,0.000988
data_cv_fold1/Testing/notumor/Tr-no_1267.jpg,nt363,notumor,notumor,1,0.998689,1,1,0.000124,0.001057,0.998689,0.000129
data_cv_fold1/Testing/notumor/Tr-no_1269.jpg,nt859,notumor,notumor,1,0.998756,1,1,0.000019,0.000807,0.998756,0.000417
data_cv_fold1/Testing/notumor/Tr-no_1274.jpg,nt864,notumor,notumor,1,0.999631,1,1,0.000023,0.000333,0.999631,0.000012
data_cv_fold1/Testing/notumor/Tr-no_1280.jpg,nt526,notumor,notumor,1,0.999971,1,1,0.000008,0.000007,0.999971,0.000014
data_cv_fold1/Testing/notumor/Tr-no_1282.jpg,nt370,notumor,notumor,1,0.999910,1,1,0.000013,0.000074,0.999910,0.000003
data_cv_fold1/Testing/notumor/Tr-no_1283.jpg,nt870,notumor,notumor,1,0.990360,1,1,0.000052,0.009566,0.990360,0.000021
data_cv_fold1/Testing/notumor/Tr-no_1289.jpg,nt875,notumor,notumor,1,0.998966,1,1,0.000019,0.000946,0.998966,0.000068
data_cv_fold1/Testing/notumor/Tr-no_1292.jpg,nt877,notumor,notumor,1,0.999671,1,1,0.000104,0.000172,0.999671,0.000054
data_cv_fold1/Testing/notumor/Tr-no_1297.jpg,nt882,notumor,notumor,1,0.992452,1,1,0.000223,0.007081,0.992452,0.000244
data_cv_fold1/Testing/notumor/Tr-no_1305.jpg,nt886,notumor,notumor,1,0.999863,1,1,0.000001,0.000128,0.999863,0.000008
data_cv_fold1/Testing/notumor/Tr-no_1306.jpg,nt378,notumor,notumor,1,0.980044,1,1,0.000178,0.019097,0.980044,0.000680
data_cv_fold1/Testing/notumor/Tr-no_1312.jpg,nt890,notumor,notumor,1,0.999350,1,1,0.000068,0.000318,0.999350,0.000264
data_cv_fold1/Testing/notumor/Tr-no_1313.jpg,nt891,notumor,notumor,1,0.996440,1,1,0.000139,0.003378,0.996440,0.000043
data_cv_fold1/Testing/notumor/Tr-no_1321.jpg,nt898,notumor,notumor,1,0.999595,1,1,0.000066,0.000323,0.999595,0.000016
data_cv_fold1/Testing/notumor/Tr-no_1328.jpg,nt903,notumor,notumor,1,0.994152,1,1,0.000078,0.005623,0.994152,0.000147
data_cv_fold1/Testing/notumor/Tr-no_1330.jpg,nt387,notumor,notumor,1,0.982879,1,1,0.000042,0.016829,0.982879,0.000250
data_cv_fold1/Testing/notumor/Tr-no_1335.jpg,nt528,notumor,notumor,1,0.999449,1,1,0.000029,0.000411,0.999449,0.000111
data_cv_fold1/Testing/notumor/Tr-no_1341.jpg,nt910,notumor,notumor,1,0.999924,1,1,0.000001,0.000074,0.999924,0.000001
data_cv_fold1/Testing/notumor/Tr-no_1343.jpg,nt484,notumor,notumor,1,0.989231,1,1,0.000080,0.010506,0.989231,0.000183
data_cv_fold1/Testing/notumor/Tr-no_1344.jpg,nt320,notumor,notumor,1,0.998653,1,1,0.000004,0.001342,0.998653,0.000001
data_cv_fold1/Testing/notumor/Tr-no_1346.jpg,nt534,notumor,notumor,1,0.980451,1,1,0.000090,0.019340,0.980451,0.000119
data_cv_fold1/Testing/notumor/Tr-no_1351.jpg,nt486,notumor,notumor,1,0.998780,1,1,0.000039,0.000066,0.998780,0.001115
data_cv_fold1/Testing/notumor/Tr-no_1353.jpg,nt917,notumor,notumor,1,0.999320,1,1,0.000002,0.000590,0.999320,0.000088
data_cv_fold1/Testing/notumor/Tr-no_1358.jpg,nt922,notumor,notumor,1,0.999155,1,1,0.000152,0.000555,0.999155,0.000138
data_cv_fold1/Testing/notumor/Tr-no_1365.jpg,nt928,notumor,notumor,1,0.999642,1,1,0.000001,0.000016,0.999642,0.000341
data_cv_fold1/Testing/notumor/Tr-no_1368.jpg,nt512,notumor,notumor,1,0.999479,1,1,0.000052,0.000259,0.999479,0.000210
data_cv_fold1/Testing/notumor/Tr-no_1371.jpg,nt312,notumor,notumor,1,0.997900,1,1,0.000278,0.001648,0.997900,0.000174
data_cv_fold1/Testing/notumor/Tr-no_1374.jpg,nt934,notumor,notumor,1,0.999630,1,1,0.000061,0.000261,0.999630,0.000048
data_cv_fold1/Testing/notumor/Tr-no_1379.jpg,nt318,notumor,notumor,1,0.999983,1,1,0.000000,0.000004,0.999983,0.000012
data_cv_fold1/Testing/notumor/Tr-no_1385.jpg,nt940,notumor,notumor,1,0.999783,1,1,0.000041,0.000109,0.999783,0.000068
data_cv_fold1/Testing/notumor/Tr-no_1387.jpg,nt942,notumor,notumor,1,0.994623,1,1,0.000181,0.005037,0.994623,0.000159
data_cv_fold1/Testing/notumor/Tr-no_1389.jpg,nt327,notumor,notumor,1,0.998800,1,1,0.000017,0.001081,0.998800,0.000102
data_cv_fold1/Testing/notumor/Tr-no_1401.jpg,nt952,notumor,notumor,1,0.998133,1,1,0.000430,0.001272,0.998133,0.000165
data_cv_fold1/Testing/notumor/Tr-no_1403.jpg,nt334,notumor,notumor,1,0.998899,1,1,0.000326,0.000736,0.998899,0.000039
data_cv_fold1/Testing/notumor/Tr-no_1406.jpg,nt953,notumor,notumor,1,0.995553,1,1,0.000214,0.003014,0.995553,0.001220
data_cv_fold1/Testing/notumor/Tr-no_1408.jpg,nt955,notumor,notumor,1,0.998952,1,1,0.000180,0.000789,0.998952,0.000079
data_cv_fold1/Testing/notumor/Tr-no_1413.jpg,nt341,notumor,notumor,1,0.999205,1,1,0.000130,0.000431,0.999205,0.000234
data_cv_fold1/Testing/notumor/Tr-no_1422.jpg,nt350,notumor,notumor,1,0.999509,1,1,0.000103,0.000351,0.999509,0.000037
data_cv_fold1/Testing/notumor/Tr-no_1430.jpg,nt966,notumor,notumor,1,0.998512,1,1,0.000047,0.001000,0.998512,0.000440
data_cv_fold1/Testing/notumor/Tr-no_1438.jpg,nt972,notumor,notumor,1,0.999625,1,1,0.000029,0.000318,0.999625,0.000027
data_cv_fold1/Testing/notumor/Tr-no_1441.jpg,nt495,notumor,notumor,1,0.999724,1,1,0.000025,0.000076,0.999724,0.000174
data_cv_fold1/Testing/notumor/Tr-no_1445.jpg,nt977,notumor,notumor,1,0.999872,1,1,0.000068,0.000047,0.999872,0.000014
data_cv_fold1/Testing/notumor/Tr-no_1450.jpg,nt980,notumor,notumor,1,0.999939,1,1,0.000038,0.000020,0.999939,0.000004
data_cv_fold1/Testing/notumor/Tr-no_1457.jpg,nt484,notumor,notumor,1,0.990931,1,1,0.000090,0.008816,0.990931,0.000163
data_cv_fold1/Testing/notumor/Tr-no_1459.jpg,nt431,notumor,notumor,1,0.999002,1,1,0.000082,0.000854,0.999002,0.000062
data_cv_fold1/Testing/notumor/Tr-no_1464.jpg,nt443,notumor,notumor,1,0.999172,1,1,0.000133,0.000127,0.999172,0.000568
data_cv_fold1/Testing/notumor/Tr-no_1466.jpg,nt550,notumor,notumor,1,0.998152,1,1,0.000277,0.001454,0.998152,0.000118
data_cv_fold1/Testing/notumor/Tr-no_1471.jpg,nt987,notumor,notumor,1,0.999858,1,1,0.000076,0.000038,0.999858,0.000028
data_cv_fold1/Testing/notumor/Tr-no_1484.jpg,nt991,notumor,notumor,1,0.999734,1,1,0.000001,0.000255,0.999734,0.000010
data_cv_fold1/Testing/notumor/Tr-no_1486.jpg,nt393,notumor,notumor,1,0.999202,1,1,0.000073,0.000471,0.999202,0.000254
data_cv_fold1/Testing/notumor/Tr-no_1493.jpg,nt569,notumor,notumor,1,0.994988,1,1,0.000282,0.001557,0.994988,0.003172
data_cv_fold1/Testing/notumor/Tr-no_1494.jpg,nt370,notumor,notumor,1,0.999907,1,1,0.000011,0.000080,0.999907,0.000002
data_cv_fold1/Testing/notumor/Tr-no_1498.jpg,nt993,notumor,notumor,1,0.999559,1,1,0.000106,0.000288,0.999559,0.000047
data_cv_fold1/Testing/notumor/Tr-no_1506.jpg,nt434,notumor,notumor,1,0.999753,1,1,0.000021,0.000211,0.999753,0.000015
data_cv_fold1/Testing/notumor/Tr-no_1507.jpg,nt886,notumor,notumor,1,0.999904,1,1,0.000001,0.000090,0.999904,0.000005
data_cv_fold1/Testing/notumor/Tr-no_1508.jpg,nt363,notumor,notumor,1,0.998583,1,1,0.000113,0.001170,0.998583,0.000135
data_cv_fold1/Testing/notumor/Tr-no_1517.jpg,nt526,notumor,notumor,1,0.999953,1,1,0.000010,0.000011,0.999953,0.000027
data_cv_fold1/Testing/notumor/Tr-no_1521.jpg,nt910,notumor,notumor,1,0.999924,1,1,0.000001,0.000074,0.999924,0.000001
data_cv_fold1/Testing/notumor/Tr-no_1524.jpg,nt1002,notumor,notumor,1,0.948679,1,1,0.000938,0.050007,0.948679,0.000375
data_cv_fold1/Testing/notumor/Tr-no_1534.jpg,nt1007,notumor,notumor,1,0.998495,1,1,0.000078,0.000811,0.998495,0.000616
data_cv_fold1/Testing/notumor/Tr-no_1544.jpg,nt589,notumor,notumor,1,0.999026,1,1,0.000037,0.000856,0.999026,0.000081
data_cv_fold1/Testing/notumor/Tr-no_1549.jpg,nt1011,notumor,notumor,1,0.999913,1,1,0.000023,0.000054,0.999913,0.000010
data_cv_fold1/Testing/notumor/Tr-no_1552.jpg,nt327,notumor,notumor,1,0.998850,1,1,0.000014,0.001057,0.998850,0.000079
data_cv_fold1/Testing/notumor/Tr-no_1562.jpg,nt1013,notumor,notumor,1,0.997710,1,1,0.000494,0.001661,0.997710,0.000135
data_cv_fold1/Testing/notumor/Tr-no_1565.jpg,nt1014,notumor,notumor,1,0.998504,1,1,0.000244,0.001199,0.998504,0.000053
data_cv_fold1/Testing/notumor/Tr-no_1567.jpg,nt953,notumor,notumor,1,0.994375,1,1,0.000283,0.003889,0.994375,0.001453
data_cv_fold1/Testing/notumor/Tr-no_1573.jpg,nt1018,notumor,notumor,1,0.999863,1,1,0.000031,0.000091,0.999863,0.000014
data_cv_fold1/Testing/notumor/Tr-no_1584.jpg,nt922,notumor,notumor,1,0.999165,1,1,0.000157,0.000565,0.999165,0.000113
data_cv_fold1/Testing/notumor/Tr-no_1589.jpg,nt928,notumor,notumor,1,0.999524,1,1,0.000002,0.000021,0.999524,0.000453
data_cv_fold1/Testing/notumor/Tr-no_1593.jpg,nt1025,notumor,notumor,1,0.999952,1,1,0.000003,0.000018,0.999952,0.000027
data_cv_fold1/Testing/pituitary/Te-piTr_0008.jpg,114361,pituitary,pituitary,1,0.973283,1,1,0.000360,0.024767,0.001590,0.973283
data_cv_fold1/Testing/pituitary/Te-pi_0017.jpg,103582,pituitary,pituitary,1,0.997638,1,1,0.000312,0.002007,0.000043,0.997638
data_cv_fold1/Testing/pituitary/Te-pi_0018.jpg,103582,pituitary,pituitary,1,0.960596,1,1,0.000142,0.032890,0.006372,0.960596
data_cv_fold1/Testing/pituitary/Te-pi_0041.jpg,98992,pituitary,pituitary,1,0.728181,1,1,0.000598,0.270275,0.000946,0.728181
data_cv_fold1/Testing/pituitary/Te-pi_0058.jpg,107429,pituitary,pituitary,1,0.982751,1,1,0.000028,0.017149,0.000073,0.982751
data_cv_fold1/Testing/pituitary/Te-pi_0064.jpg,109471,pituitary,pituitary,1,0.998832,1,1,0.000017,0.000894,0.000257,0.998832
data_cv_fold1/Testing/pituitary/Te-pi_0066.jpg,109898,pituitary,pituitary,1,0.999584,1,1,0.000008,0.000237,0.000171,0.999584
data_cv_fold1/Testing/pituitary/Te-pi_0067.jpg,109898,pituitary,pituitary,1,0.997642,1,1,0.000029,0.002275,0.000054,0.997642
data_cv_fold1/Testing/pituitary/Te-pi_0068.jpg,109898,pituitary,pituitary,1,0.995011,1,1,0.000092,0.004113,0.000783,0.995011
data_cv_fold1/Testing/pituitary/Te-pi_0073.jpg,110993,pituitary,pituitary,1,0.999946,1,1,0.000002,0.000048,0.000004,0.999946
data_cv_fold1/Testing/pituitary/Te-pi_0074.jpg,111075,pituitary,pituitary,1,0.999587,1,1,0.000078,0.000207,0.000128,0.999587
data_cv_fold1/Testing/pituitary/Te-pi_0075.jpg,111075,pituitary,pituitary,1,0.997124,1,1,0.000243,0.002364,0.000269,0.997124
data_cv_fold1/Testing/pituitary/Te-pi_0078.jpg,112074,pituitary,pituitary,1,0.938318,1,1,0.004122,0.054338,0.003222,0.938318
data_cv_fold1/Testing/pituitary/Te-pi_0080.jpg,112649,pituitary,pituitary,1,0.999945,1,1,0.000006,0.000037,0.000013,0.999945
data_cv_fold1/Testing/pituitary/Te-pi_0084.jpg,113741,pituitary,pituitary,1,0.999856,1,1,0.000001,0.000130,0.000013,0.999856
data_cv_fold1/Testing/pituitary/Te-pi_0085.jpg,113741,pituitary,pituitary,1,0.999032,1,1,0.000066,0.000744,0.000157,0.999032
data_cv_fold1/Testing/pituitary/Te-pi_0086.jpg,114361,pituitary,pituitary,1,0.986646,1,1,0.000083,0.012010,0.001261,0.986646
data_cv_fold1/Testing/pituitary/Te-pi_0093.jpg,107429,pituitary,pituitary,1,0.986244,1,1,0.000074,0.010186,0.003496,0.986244
data_cv_fold1/Testing/pituitary/Te-pi_0100.jpg,109471,pituitary,pituitary,1,0.999561,1,1,0.000006,0.000294,0.000139,0.999561
data_cv_fold1/Testing/pituitary/Te-pi_0101.jpg,109471,pituitary,pituitary,1,0.999939,1,1,0.000002,0.000042,0.000018,0.999939
data_cv_fold1/Testing/pituitary/Te-pi_0103.jpg,109898,pituitary,pituitary,1,0.991520,1,1,0.001075,0.004572,0.002834,0.991520
data_cv_fold1/Testing/pituitary/Te-pi_0108.jpg,111075,pituitary,pituitary,1,0.999262,1,1,0.000019,0.000648,0.000071,0.999262
data_cv_fold1/Testing/pituitary/Te-pi_0109.jpg,111075,pituitary,pituitary,1,0.997597,1,1,0.000065,0.002004,0.000335,0.997597
data_cv_fold1/Testing/pituitary/Te-pi_0113.jpg,112074,pituitary,pituitary,1,0.653533,1,1,0.000276,0.341794,0.004398,0.653533
data_cv_fold1/Testing/pituitary/Te-pi_0114.jpg,112649,pituitary,pituitary,1,0.988198,1,1,0.000805,0.007652,0.003346,0.988198
data_cv_fold1/Testing/pituitary/Te-pi_0122.jpg,107429,pituitary,pituitary,1,0.873327,1,1,0.000026,0.126571,0.000077,0.873327
data_cv_fold1/Testing/pituitary/Te-pi_0130.jpg,109471,pituitary,pituitary,1,0.999706,1,1,0.000003,0.000267,0.000024,0.999706
data_cv_fold1/Testing/pituitary/Te-pi_0132.jpg,109898,pituitary,pituitary,1,0.999488,1,1,0.000009,0.000223,0.000279,0.999488
data_cv_fold1/Testing/pituitary/Te-pi_0133.jpg,109898,pituitary,pituitary,1,0.998891,1,1,0.000012,0.000063,0.001035,0.998891
data_cv_fold1/Testing/pituitary/Te-pi_0135.jpg,110993,pituitary,pituitary,1,0.999810,1,1,0.000007,0.000095,0.000088,0.999810
data_cv_fold1/Testing/pituitary/Te-pi_0136.jpg,111075,pituitary,pituitary,1,0.999984,1,1,0.000001,0.000010,0.000005,0.999984
data_cv_fold1/Testing/pituitary/Te-pi_0140.jpg,112074,pituitary,meningioma,0,0.866667,1,1,0.005833,0.866667,0.002025,0.125475
data_cv_fold1/Testing/pituitary/Te-pi_0141.jpg,112649,pituitary,pituitary,1,0.992498,1,1,0.001176,0.005302,0.001024,0.992498
data_cv_fold1/Testing/pituitary/Te-pi_0142.jpg,114361,pituitary,pituitary,1,0.991951,1,1,0.000054,0.007610,0.000385,0.991951
data_cv_fold1/Testing/pituitary/Te-pi_0153.jpg,103582,pituitary,pituitary,1,0.996273,1,1,0.000476,0.003180,0.000070,0.996273
data_cv_fold1/Testing/pituitary/Te-pi_0154.jpg,103582,pituitary,pituitary,1,0.990713,1,1,0.000055,0.006839,0.002392,0.990713
data_cv_fold1/Testing/pituitary/Te-pi_0155.jpg,103670,pituitary,pituitary,1,0.999828,1,1,0.000004,0.000022,0.000147,0.999828
data_cv_fold1/Testing/pituitary/Te-pi_0165.jpg,112649,pituitary,pituitary,1,0.997931,1,1,0.000162,0.001285,0.000622,0.997931
data_cv_fold1/Testing/pituitary/Te-pi_0187.jpg,98992,pituitary,meningioma,0,0.843047,1,1,0.001182,0.843047,0.000652,0.155119
data_cv_fold1/Testing/pituitary/Te-pi_0188.jpg,98992,pituitary,notumor,0,0.291912,1,1,0.252540,0.221460,0.291912,0.234088
data_cv_fold1/Testing/pituitary/Te-pi_0205.jpg,107429,pituitary,pituitary,1,0.983360,1,1,0.000080,0.016292,0.000268,0.983360
data_cv_fold1/Testing/pituitary/Te-pi_0207.jpg,103582,pituitary,pituitary,1,0.887196,1,1,0.000487,0.109528,0.002788,0.887196
data_cv_fold1/Testing/pituitary/Te-pi_0208.jpg,103670,pituitary,pituitary,1,0.999763,1,1,0.000002,0.000161,0.000074,0.999763
data_cv_fold1/Testing/pituitary/Te-pi_0217.jpg,107429,pituitary,pituitary,1,0.893622,1,1,0.000422,0.098561,0.007396,0.893622
data_cv_fold1/Testing/pituitary/Te-pi_0237.jpg,98992,pituitary,pituitary,1,0.995082,1,1,0.002223,0.002330,0.000364,0.995082
data_cv_fold1/Testing/pituitary/Te-pi_0238.jpg,98992,pituitary,pituitary,1,0.997832,1,1,0.000042,0.001045,0.001080,0.997832
data_cv_fold1/Testing/pituitary/Te-pi_0257.jpg,103582,pituitary,pituitary,1,0.999722,1,1,0.000002,0.000192,0.000084,0.999722
data_cv_fold1/Testing/pituitary/Te-pi_0258.jpg,103582,pituitary,pituitary,1,0.999724,1,1,0.000005,0.000240,0.000031,0.999724
data_cv_fold1/Testing/pituitary/Te-pi_0260.jpg,103670,pituitary,pituitary,1,0.996126,1,1,0.000027,0.001355,0.002493,0.996126
data_cv_fold1/Testing/pituitary/Te-pi_0283.jpg,109471,pituitary,pituitary,1,0.999100,1,1,0.000137,0.000563,0.000200,0.999100
data_cv_fold1/Testing/pituitary/Te-pi_0293.jpg,98992,pituitary,pituitary,1,0.989775,1,1,0.001054,0.007251,0.001920,0.989775
data_cv_fold1/Testing/pituitary/Te-pi_0294.jpg,98992,pituitary,pituitary,1,0.998195,1,1,0.000021,0.000896,0.000887,0.998195
data_cv_fold1/Testing/pituitary/Te-pi_0295.jpg,109471,pituitary,pituitary,1,0.999726,1,1,0.000097,0.000127,0.000049,0.999726
data_cv_fold1/Testing/pituitary/Te-pi_0296.jpg,98992,pituitary,pituitary,1,0.996296,1,1,0.000296,0.001572,0.001836,0.996296
data_cv_fold1/Testing/pituitary/Tr-pi_0010.jpg,98992,pituitary,pituitary,1,0.999237,1,1,0.000310,0.000366,0.000087,0.999237
data_cv_fold1/Testing/pituitary/Tr-pi_0011.jpg,98992,pituitary,pituitary,1,0.998963,1,1,0.000053,0.000724,0.000261,0.998963
data_cv_fold1/Testing/pituitary/Tr-pi_0013.jpg,98992,pituitary,pituitary,1,0.999627,1,1,0.000012,0.000172,0.000188,0.999627
data_cv_fold1/Testing/pituitary/Tr-pi_0014.jpg,98992,pituitary,pituitary,1,0.990350,1,1,0.000069,0.007689,0.001892,0.990350
data_cv_fold1/Testing/pituitary/Tr-pi_0015.jpg,98992,pituitary,pituitary,1,0.992335,1,1,0.000353,0.006873,0.000438,0.992335
data_cv_fold1/Testing/pituitary/Tr-pi_0016.jpg,98992,pituitary,pituitary,1,0.993162,1,1,0.000457,0.005287,0.001094,0.993162
data_cv_fold1/Testing/pituitary/Tr-pi_0111.jpg,110993,pituitary,pituitary,1,0.999909,1,1,0.000007,0.000078,0.000007,0.999909
data_cv_fold1/Testing/pituitary/Tr-pi_0112.jpg,114361,pituitary,pituitary,1,0.967608,1,1,0.000109,0.032081,0.000203,0.967608
data_cv_fold1/Testing/pituitary/Tr-pi_0123.jpg,114361,pituitary,pituitary,1,0.709711,1,1,0.000172,0.289849,0.000268,0.709711
data_cv_fold1/Testing/pituitary/Tr-pi_0134.jpg,114361,pituitary,meningioma,0,0.499235,1,1,0.000462,0.499235,0.001277,0.499025
data_cv_fold1/Testing/pituitary/Tr-pi_0142.jpg,98992,pituitary,pituitary,1,0.632356,1,1,0.038778,0.272210,0.056657,0.632356
data_cv_fold1/Testing/pituitary/Tr-pi_0143.jpg,98992,pituitary,pituitary,1,0.711306,1,1,0.000239,0.282660,0.005795,0.711306
data_cv_fold1/Testing/pituitary/Tr-pi_0144.jpg,98992,pituitary,pituitary,1,0.802425,1,1,0.037896,0.142673,0.017006,0.802425
data_cv_fold1/Testing/pituitary/Tr-pi_0146.jpg,98992,pituitary,pituitary,1,0.979454,1,1,0.000759,0.018920,0.000867,0.979454
data_cv_fold1/Testing/pituitary/Tr-pi_0147.jpg,98992,pituitary,pituitary,1,0.997372,1,1,0.000345,0.002006,0.000276,0.997372
data_cv_fold1/Testing/pituitary/Tr-pi_0148.jpg,98992,pituitary,pituitary,1,0.968193,1,1,0.000166,0.030045,0.001596,0.968193
data_cv_fold1/Testing/pituitary/Tr-pi_0149.jpg,98992,pituitary,pituitary,1,0.985938,1,1,0.000077,0.012724,0.001261,0.985938
data_cv_fold1/Testing/pituitary/Tr-pi_0150.jpg,98992,pituitary,pituitary,1,0.976909,1,1,0.000630,0.008344,0.014117,0.976909
data_cv_fold1/Testing/pituitary/Tr-pi_0151.jpg,98992,pituitary,pituitary,1,0.994762,1,1,0.000453,0.003309,0.001475,0.994762
data_cv_fold1/Testing/pituitary/Tr-pi_0152.jpg,98992,pituitary,pituitary,1,0.986911,1,1,0.000227,0.012286,0.000576,0.986911
data_cv_fold1/Testing/pituitary/Tr-pi_0153.jpg,98992,pituitary,pituitary,1,0.977436,1,1,0.005821,0.014680,0.002063,0.977436
data_cv_fold1/Testing/pituitary/Tr-pi_0222.jpg,110993,pituitary,pituitary,1,0.999859,1,1,0.000003,0.000130,0.000008,0.999859
data_cv_fold1/Testing/pituitary/Tr-pi_0225.jpg,103582,pituitary,pituitary,1,0.998782,1,1,0.000006,0.000755,0.000457,0.998782
data_cv_fold1/Testing/pituitary/Tr-pi_0226.jpg,103582,pituitary,pituitary,1,0.999371,1,1,0.000005,0.000481,0.000144,0.999371
data_cv_fold1/Testing/pituitary/Tr-pi_0227.jpg,103582,pituitary,pituitary,1,0.999371,1,1,0.000005,0.000481,0.000144,0.999371
data_cv_fold1/Testing/pituitary/Tr-pi_0228.jpg,103582,pituitary,pituitary,1,0.996517,1,1,0.000027,0.000838,0.002617,0.996517
data_cv_fold1/Testing/pituitary/Tr-pi_0229.jpg,103582,pituitary,pituitary,1,0.999280,1,1,0.000027,0.000313,0.000381,0.999280
data_cv_fold1/Testing/pituitary/Tr-pi_0230.jpg,103582,pituitary,pituitary,1,0.998074,1,1,0.000044,0.001295,0.000587,0.998074
data_cv_fold1/Testing/pituitary/Tr-pi_0231.jpg,103582,pituitary,pituitary,1,0.999017,1,1,0.000026,0.000727,0.000231,0.999017
data_cv_fold1/Testing/pituitary/Tr-pi_0232.jpg,103582,pituitary,pituitary,1,0.996771,1,1,0.000059,0.001326,0.001844,0.996771
data_cv_fold1/Testing/pituitary/Tr-pi_0233.jpg,103582,pituitary,pituitary,1,0.967359,1,1,0.000697,0.025789,0.006155,0.967359
data_cv_fold1/Testing/pituitary/Tr-pi_0235.jpg,103670,pituitary,pituitary,1,0.999406,1,1,0.000007,0.000220,0.000367,0.999406
data_cv_fold1/Testing/pituitary/Tr-pi_0236.jpg,103670,pituitary,pituitary,1,0.995251,1,1,0.000010,0.003635,0.001104,0.995251
data_cv_fold1/Testing/pituitary/Tr-pi_0237.jpg,103670,pituitary,pituitary,1,0.999837,1,1,0.000002,0.000052,0.000110,0.999837
data_cv_fold1/Testing/pituitary/Tr-pi_0333.jpg,110993,pituitary,pituitary,1,0.999885,1,1,0.000011,0.000070,0.000034,0.999885
data_cv_fold1/Testing/pituitary/Tr-pi_0344.jpg,107429,pituitary,pituitary,1,0.750817,1,1,0.003487,0.244568,0.001129,0.750817
data_cv_fold1/Testing/pituitary/Tr-pi_0346.jpg,107429,pituitary,pituitary,1,0.823139,1,1,0.000048,0.176612,0.000201,0.823139
data_cv_fold1/Testing/pituitary/Tr-pi_0347.jpg,107429,pituitary,pituitary,1,0.782056,1,1,0.000104,0.210993,0.006846,0.782056
data_cv_fold1/Testing/pituitary/Tr-pi_0348.jpg,107429,pituitary,meningioma,0,0.642910,1,1,0.000068,0.642910,0.000767,0.356256
data_cv_fold1/Testing/pituitary/Tr-pi_0349.jpg,107429,pituitary,pituitary,1,0.561714,1,1,0.000190,0.437222,0.000875,0.561714
data_cv_fold1/Testing/pituitary/Tr-pi_0350.jpg,107429,pituitary,pituitary,1,0.998827,1,1,0.000407,0.000583,0.000183,0.998827
data_cv_fold1/Testing/pituitary/Tr-pi_0366.jpg,109471,pituitary,pituitary,1,0.999788,1,1,0.000027,0.000110,0.000075,0.999788
data_cv_fold1/Testing/pituitary/Tr-pi_0367.jpg,112649,pituitary,pituitary,1,0.998936,1,1,0.000513,0.000251,0.000300,0.998936
data_cv_fold1/Testing/pituitary/Tr-pi_0368.jpg,109471,pituitary,pituitary,1,0.999845,1,1,0.000004,0.000099,0.000053,0.999845
data_cv_fold1/Testing/pituitary/Tr-pi_0369.jpg,109471,pituitary,pituitary,1,0.993421,1,1,0.000101,0.005542,0.000936,0.993421
data_cv_fold1/Testing/pituitary/Tr-pi_0370.jpg,109471,pituitary,pituitary,1,0.999564,1,1,0.000002,0.000209,0.000225,0.999564
data_cv_fold1/Testing/pituitary/Tr-pi_0371.jpg,109471,pituitary,pituitary,1,0.999913,1,1,0.000004,0.000060,0.000023,0.999913
data_cv_fold1/Testing/pituitary/Tr-pi_0372.jpg,109471,pituitary,pituitary,1,0.999944,1,1,0.000005,0.000036,0.000014,0.999944
data_cv_fold1/Testing/pituitary/Tr-pi_0376.jpg,109898,pituitary,pituitary,1,0.888216,1,1,0.002636,0.091884,0.017264,0.888216
data_cv_fold1/Testing/pituitary/Tr-pi_0377.jpg,109898,pituitary,pituitary,1,0.988180,1,1,0.000542,0.004843,0.006435,0.988180
data_cv_fold1/Testing/pituitary/Tr-pi_0378.jpg,112649,pituitary,pituitary,1,0.998600,1,1,0.000715,0.000305,0.000381,0.998600
data_cv_fold1/Testing/pituitary/Tr-pi_0379.jpg,109898,pituitary,pituitary,1,0.977745,1,1,0.002911,0.016038,0.003306,0.977745
data_cv_fold1/Testing/pituitary/Tr-pi_0387.jpg,110993,pituitary,pituitary,1,0.999768,1,1,0.000026,0.000069,0.000137,0.999768
data_cv_fold1/Testing/pituitary/Tr-pi_0388.jpg,110993,pituitary,pituitary,1,0.999975,1,1,0.000004,0.000006,0.000015,0.999975
data_cv_fold1/Testing/pituitary/Tr-pi_0390.jpg,111075,pituitary,pituitary,1,0.994722,1,1,0.000083,0.005003,0.000193,0.994722
data_cv_fold1/Testing/pituitary/Tr-pi_0391.jpg,111075,pituitary,pituitary,1,0.963505,1,1,0.000541,0.034481,0.001474,0.963505
data_cv_fold1/Testing/pituitary/Tr-pi_0401.jpg,112074,pituitary,meningioma,0,0.870752,1,1,0.001467,0.870752,0.000724,0.127058
data_cv_fold1/Testing/pituitary/Tr-pi_0402.jpg,112074,pituitary,meningioma,0,0.850095,1,1,0.000162,0.850095,0.002182,0.147561
data_cv_fold1/Testing/pituitary/Tr-pi_0403.jpg,112074,pituitary,meningioma,0,0.897977,1,1,0.000472,0.897977,0.001267,0.100284
data_cv_fold1/Testing/pituitary/Tr-pi_0404.jpg,112074,pituitary,meningioma,0,0.509655,1,1,0.000223,0.509655,0.003096,0.487025
data_cv_fold1/Testing/pituitary/Tr-pi_0405.jpg,112074,pituitary,meningioma,0,0.887214,1,1,0.001322,0.887214,0.002033,0.109431
data_cv_fold1/Testing/pituitary/Tr-pi_0406.jpg,112649,pituitary,pituitary,1,0.999505,1,1,0.000019,0.000396,0.000079,0.999505
data_cv_fold1/Testing/pituitary/Tr-pi_0407.jpg,112649,pituitary,pituitary,1,0.998904,1,1,0.000030,0.000675,0.000391,0.998904
data_cv_fold1/Testing/pituitary/Tr-pi_0408.jpg,112649,pituitary,pituitary,1,0.904848,1,1,0.002913,0.057189,0.035050,0.904848
data_cv_fold1/Testing/pituitary/Tr-pi_0409.jpg,112649,pituitary,pituitary,1,0.982180,1,1,0.001233,0.011128,0.005460,0.982180
data_cv_fold1/Testing/pituitary/Tr-pi_0410.jpg,112649,pituitary,pituitary,1,0.999826,1,1,0.000029,0.000082,0.000063,0.999826
data_cv_fold1/Testing/pituitary/Tr-pi_0413.jpg,107429,pituitary,pituitary,1,0.953668,1,1,0.000020,0.046022,0.000290,0.953668
data_cv_fold1/Testing/pituitary/Tr-pi_0414.jpg,107429,pituitary,pituitary,1,0.988360,1,1,0.000048,0.011367,0.000225,0.988360
data_cv_fold1/Testing/pituitary/Tr-pi_0415.jpg,107429,pituitary,pituitary,1,0.517080,1,1,0.000516,0.479543,0.002860,0.517080
data_cv_fold1/Testing/pituitary/Tr-pi_0416.jpg,107429,pituitary,pituitary,1,0.889531,1,1,0.000044,0.110053,0.000373,0.889531
data_cv_fold1/Testing/pituitary/Tr-pi_0417.jpg,107429,pituitary,pituitary,1,0.956936,1,1,0.000050,0.042786,0.000228,0.956936
data_cv_fold1/Testing/pituitary/Tr-pi_0418.jpg,107429,pituitary,pituitary,1,0.954467,1,1,0.000203,0.039808,0.005522,0.954467
data_cv_fold1/Testing/pituitary/Tr-pi_0437.jpg,109471,pituitary,pituitary,1,0.999133,1,1,0.000212,0.000148,0.000508,0.999133
data_cv_fold1/Testing/pituitary/Tr-pi_0438.jpg,109471,pituitary,pituitary,1,0.999109,1,1,0.000081,0.000101,0.000709,0.999109
data_cv_fold1/Testing/pituitary/Tr-pi_0439.jpg,109471,pituitary,pituitary,1,0.999708,1,1,0.000067,0.000104,0.000122,0.999708
data_cv_fold1/Testing/pituitary/Tr-pi_0440.jpg,109471,pituitary,pituitary,1,0.999344,1,1,0.000211,0.000278,0.000167,0.999344
data_cv_fold1/Testing/pituitary/Tr-pi_0441.jpg,109471,pituitary,pituitary,1,0.999187,1,1,0.000134,0.000223,0.000455,0.999187
data_cv_fold1/Testing/pituitary/Tr-pi_0444.jpg,110993,pituitary,pituitary,1,0.999910,1,1,0.000006,0.000020,0.000064,0.999910
data_cv_fold1/Testing/pituitary/Tr-pi_0447.jpg,109898,pituitary,pituitary,1,0.996272,1,1,0.000344,0.003116,0.000267,0.996272
data_cv_fold1/Testing/pituitary/Tr-pi_0448.jpg,109898,pituitary,pituitary,1,0.999689,1,1,0.000013,0.000274,0.000024,0.999689
data_cv_fold1/Testing/pituitary/Tr-pi_0449.jpg,109898,pituitary,pituitary,1,0.996112,1,1,0.000062,0.003374,0.000452,0.996112
data_cv_fold1/Testing/pituitary/Tr-pi_0462.jpg,110993,pituitary,pituitary,1,0.999886,1,1,0.000011,0.000091,0.000012,0.999886
data_cv_fold1/Testing/pituitary/Tr-pi_0463.jpg,110993,pituitary,pituitary,1,0.999988,1,1,0.000002,0.000008,0.000002,0.999988
data_cv_fold1/Testing/pituitary/Tr-pi_0464.jpg,110993,pituitary,pituitary,1,0.999989,1,1,0.000002,0.000007,0.000002,0.999989
data_cv_fold1/Testing/pituitary/Tr-pi_0465.jpg,110993,pituitary,pituitary,1,0.999982,1,1,0.000001,0.000011,0.000007,0.999982
data_cv_fold1/Testing/pituitary/Tr-pi_0466.jpg,110993,pituitary,pituitary,1,0.999970,1,1,0.000002,0.000009,0.000019,0.999970
data_cv_fold1/Testing/pituitary/Tr-pi_0468.jpg,111075,pituitary,pituitary,1,0.999486,1,1,0.000164,0.000281,0.000069,0.999486
data_cv_fold1/Testing/pituitary/Tr-pi_0469.jpg,111075,pituitary,pituitary,1,0.999901,1,1,0.000015,0.000065,0.000020,0.999901
data_cv_fold1/Testing/pituitary/Tr-pi_0470.jpg,111075,pituitary,pituitary,1,0.999567,1,1,0.000042,0.000293,0.000099,0.999567
data_cv_fold1/Testing/pituitary/Tr-pi_0471.jpg,111075,pituitary,pituitary,1,0.999319,1,1,0.000056,0.000509,0.000116,0.999319
data_cv_fold1/Testing/pituitary/Tr-pi_0472.jpg,111075,pituitary,pituitary,1,0.999058,1,1,0.000133,0.000616,0.000192,0.999058
data_cv_fold1/Testing/pituitary/Tr-pi_0473.jpg,111075,pituitary,pituitary,1,0.997238,1,1,0.000394,0.001954,0.000415,0.997238
data_cv_fold1/Testing/pituitary/Tr-pi_0484.jpg,112074,pituitary,pituitary,1,0.970607,1,1,0.003560,0.024052,0.001781,0.970607
data_cv_fold1/Testing/pituitary/Tr-pi_0485.jpg,112074,pituitary,pituitary,1,0.985263,1,1,0.000465,0.013847,0.000426,0.985263
data_cv_fold1/Testing/pituitary/Tr-pi_0486.jpg,112074,pituitary,pituitary,1,0.903177,1,1,0.000194,0.095972,0.000656,0.903177
data_cv_fold1/Testing/pituitary/Tr-pi_0487.jpg,112074,pituitary,pituitary,1,0.913072,1,1,0.000243,0.085446,0.001240,0.913072
data_cv_fold1/Testing/pituitary/Tr-pi_0488.jpg,112074,pituitary,pituitary,1,0.994449,1,1,0.000151,0.001043,0.004357,0.994449
data_cv_fold1/Testing/pituitary/Tr-pi_0490.jpg,112649,pituitary,pituitary,1,0.999768,1,1,0.000010,0.000157,0.000065,0.999768
data_cv_fold1/Testing/pituitary/Tr-pi_0491.jpg,112649,pituitary,pituitary,1,0.999962,1,1,0.000001,0.000027,0.000010,0.999962
data_cv_fold1/Testing/pituitary/Tr-pi_0492.jpg,112649,pituitary,pituitary,1,0.999905,1,1,0.000008,0.000075,0.000013,0.999905
data_cv_fold1/Testing/pituitary/Tr-pi_0493.jpg,113741,pituitary,pituitary,1,0.999949,1,1,0.000001,0.000036,0.000013,0.999949
data_cv_fold1/Testing/pituitary/Tr-pi_0494.jpg,112074,pituitary,pituitary,1,0.607235,1,1,0.226006,0.140788,0.025970,0.607235
data_cv_fold1/Testing/pituitary/Tr-pi_0495.jpg,112074,pituitary,meningioma,0,0.947665,1,1,0.002544,0.947665,0.000482,0.049309
data_cv_fold1/Testing/pituitary/Tr-pi_0496.jpg,112074,pituitary,meningioma,0,0.899418,1,1,0.002333,0.899418,0.004091,0.094157
data_cv_fold1/Testing/pituitary/Tr-pi_0497.jpg,112074,pituitary,meningioma,0,0.764655,1,1,0.023942,0.764655,0.014158,0.197245
data_cv_fold1/Testing/pituitary/Tr-pi_0498.jpg,112649,pituitary,pituitary,1,0.990758,1,1,0.000207,0.008544,0.000491,0.990758
data_cv_fold1/Testing/pituitary/Tr-pi_0499.jpg,112649,pituitary,pituitary,1,0.994514,1,1,0.000435,0.004019,0.001033,0.994514
data_cv_fold1/Testing/pituitary/Tr-pi_0501.jpg,112649,pituitary,pituitary,1,0.998130,1,1,0.000089,0.001621,0.000160,0.998130
data_cv_fold1/Testing/pituitary/Tr-pi_0502.jpg,112649,pituitary,pituitary,1,0.999404,1,1,0.000022,0.000404,0.000170,0.999404
data_cv_fold1/Testing/pituitary/Tr-pi_0503.jpg,112649,pituitary,pituitary,1,0.999605,1,1,0.000015,0.000310,0.000070,0.999605
data_cv_fold1/Testing/pituitary/Tr-pi_0511.jpg,113741,pituitary,pituitary,1,0.999997,1,1,0.000000,0.000002,0.000001,0.999997
data_cv_fold1/Testing/pituitary/Tr-pi_0514.jpg,113741,pituitary,pituitary,1,0.999872,1,1,0.000001,0.000110,0.000017,0.999872
data_cv_fold1/Testing/pituitary/Tr-pi_0515.jpg,102985,pituitary,meningioma,0,0.892711,1,1,0.017179,0.892711,0.089268,0.000842
data_cv_fold1/Testing/pituitary/Tr-pi_0519.jpg,113741,pituitary,pituitary,1,0.999962,1,1,0.000002,0.000030,0.000006,0.999962
data_cv_fold1/Testing/pituitary/Tr-pi_0528.jpg,113741,pituitary,pituitary,1,0.999354,1,1,0.000069,0.000402,0.000174,0.999354
data_cv_fold1/Testing/pituitary/Tr-pi_0535.jpg,113741,pituitary,pituitary,1,0.996513,1,1,0.000049,0.001748,0.001690,0.996513
data_cv_fold1/Testing/pituitary/Tr-pi_0539.jpg,114361,pituitary,pituitary,1,0.993562,1,1,0.000008,0.006268,0.000162,0.993562
data_cv_fold1/Testing/pituitary/Tr-pi_0540.jpg,114361,pituitary,pituitary,1,0.998698,1,1,0.000008,0.000598,0.000696,0.998698
data_cv_fold1/Testing/pituitary/Tr-pi_0545.jpg,111075,pituitary,pituitary,1,0.999990,1,1,0.000002,0.000006,0.000001,0.999990
data_cv_fold1/Testing/pituitary/Tr-pi_0563.jpg,114361,pituitary,pituitary,1,0.987383,1,1,0.000043,0.011831,0.000743,0.987383
data_cv_fold1/Testing/pituitary/Tr-pi_0571.jpg,114361,pituitary,pituitary,1,0.998505,1,1,0.000010,0.001120,0.000365,0.998505
data_cv_fold1/Testing/pituitary/Tr-pi_0572.jpg,103582,pituitary,pituitary,1,0.981936,1,1,0.000882,0.017062,0.000120,0.981936
data_cv_fold1/Testing/pituitary/Tr-pi_0573.jpg,103582,pituitary,pituitary,1,0.985414,1,1,0.000151,0.014323,0.000112,0.985414
data_cv_fold1/Testing/pituitary/Tr-pi_0574.jpg,103582,pituitary,pituitary,1,0.993165,1,1,0.000090,0.006390,0.000355,0.993165
data_cv_fold1/Testing/pituitary/Tr-pi_0575.jpg,103670,pituitary,pituitary,1,0.999933,1,1,0.000002,0.000037,0.000027,0.999933
data_cv_fold1/Testing/pituitary/Tr-pi_0576.jpg,103670,pituitary,pituitary,1,0.999972,1,1,0.000001,0.000008,0.000019,0.999972
data_cv_fold1/Testing/pituitary/Tr-pi_0577.jpg,103670,pituitary,pituitary,1,0.999888,1,1,0.000004,0.000020,0.000088,0.999888
data_cv_fold1/Testing/pituitary/Tr-pi_0580.jpg,114361,pituitary,pituitary,1,0.998074,1,1,0.000020,0.001737,0.000169,0.998074
data_cv_fold1/Testing/pituitary/Tr-pi_0588.jpg,114361,pituitary,pituitary,1,0.999194,1,1,0.000016,0.000722,0.000067,0.999194
data_cv_fold1/Testing/pituitary/Tr-pi_0631.jpg,111075,pituitary,pituitary,1,0.999987,1,1,0.000000,0.000012,0.000001,0.999987
data_cv_fold1/Testing/pituitary/Tr-pi_0651.jpg,98992,pituitary,meningioma,0,0.954533,1,1,0.001288,0.954533,0.000465,0.043715
data_cv_fold1/Testing/pituitary/Tr-pi_0652.jpg,98992,pituitary,pituitary,1,0.679849,1,1,0.004544,0.315098,0.000509,0.679849
data_cv_fold1/Testing/pituitary/Tr-pi_0653.jpg,98992,pituitary,meningioma,0,0.568611,1,1,0.003915,0.568611,0.001742,0.425732
data_cv_fold1/Testing/pituitary/Tr-pi_0654.jpg,98992,pituitary,glioma,0,0.699491,1,1,0.699491,0.185359,0.010380,0.104770
data_cv_fold1/Testing/pituitary/Tr-pi_0655.jpg,98992,pituitary,glioma,0,0.658727,1,1,0.658727,0.082563,0.144725,0.113985
data_cv_fold1/Testing/pituitary/Tr-pi_0695.jpg,112649,pituitary,pituitary,1,0.998571,1,1,0.000072,0.001087,0.000271,0.998571
data_cv_fold1/Testing/pituitary/Tr-pi_0710.jpg,107429,pituitary,pituitary,1,0.987130,1,1,0.000860,0.011789,0.000222,0.987130
data_cv_fold1/Testing/pituitary/Tr-pi_0711.jpg,107429,pituitary,pituitary,1,0.900400,1,1,0.000169,0.099316,0.000116,0.900400
data_cv_fold1/Testing/pituitary/Tr-pi_0712.jpg,107429,pituitary,pituitary,1,0.501155,1,1,0.000046,0.498666,0.000134,0.501155
data_cv_fold1/Testing/pituitary/Tr-pi_0713.jpg,107429,pituitary,pituitary,1,0.521226,1,1,0.000607,0.477000,0.001167,0.521226
data_cv_fold1/Testing/pituitary/Tr-pi_0714.jpg,107429,pituitary,pituitary,1,0.723957,1,1,0.005278,0.240970,0.029794,0.723957
data_cv_fold1/Testing/pituitary/Tr-pi_0717.jpg,111075,pituitary,pituitary,1,0.999993,1,1,0.000000,0.000006,0.000001,0.999993
data_cv_fold1/Testing/pituitary/Tr-pi_0731.jpg,109471,pituitary,pituitary,1,0.999249,1,1,0.000009,0.000724,0.000018,0.999249
data_cv_fold1/Testing/pituitary/Tr-pi_0732.jpg,109471,pituitary,pituitary,1,0.999958,1,1,0.000001,0.000037,0.000004,0.999958
data_cv_fold1/Testing/pituitary/Tr-pi_0733.jpg,109471,pituitary,pituitary,1,0.991245,1,1,0.000223,0.005968,0.002564,0.991245
data_cv_fold1/Testing/pituitary/Tr-pi_0738.jpg,109898,pituitary,pituitary,1,0.999986,1,1,0.000001,0.000009,0.000004,0.999986
data_cv_fold1/Testing/pituitary/Tr-pi_0739.jpg,109898,pituitary,pituitary,1,0.999732,1,1,0.000006,0.000114,0.000147,0.999732
data_cv_fold1/Testing/pituitary/Tr-pi_0740.jpg,109898,pituitary,pituitary,1,0.999584,1,1,0.000008,0.000237,0.000171,0.999584
data_cv_fold1/Testing/pituitary/Tr-pi_0741.jpg,109898,pituitary,pituitary,1,0.995894,1,1,0.000062,0.000307,0.003738,0.995894
data_cv_fold1/Testing/pituitary/Tr-pi_0750.jpg,103582,pituitary,pituitary,1,0.996201,1,1,0.000045,0.003214,0.000541,0.996201
data_cv_fold1/Testing/pituitary/Tr-pi_0751.jpg,103582,pituitary,pituitary,1,0.999032,1,1,0.000020,0.000702,0.000246,0.999032
data_cv_fold1/Testing/pituitary/Tr-pi_0752.jpg,103582,pituitary,pituitary,1,0.999437,1,1,0.000024,0.000458,0.000081,0.999437
data_cv_fold1/Testing/pituitary/Tr-pi_0753.jpg,103582,pituitary,pituitary,1,0.938313,1,1,0.000206,0.059508,0.001972,0.938313
data_cv_fold1/Testing/pituitary/Tr-pi_0754.jpg,103582,pituitary,pituitary,1,0.993306,1,1,0.000035,0.005823,0.000836,0.993306
data_cv_fold1/Testing/pituitary/Tr-pi_0755.jpg,103670,pituitary,pituitary,1,0.999963,1,1,0.000001,0.000023,0.000014,0.999963
data_cv_fold1/Testing/pituitary/Tr-pi_0756.jpg,103670,pituitary,pituitary,1,0.999787,1,1,0.000002,0.000184,0.000027,0.999787
data_cv_fold1/Testing/pituitary/Tr-pi_0757.jpg,103670,pituitary,pituitary,1,0.999576,1,1,0.000009,0.000257,0.000158,0.999576
data_cv_fold1/Testing/pituitary/Tr-pi_0760.jpg,109898,pituitary,pituitary,1,0.996702,1,1,0.000113,0.002525,0.000661,0.996702
data_cv_fold1/Testing/pituitary/Tr-pi_0761.jpg,109898,pituitary,pituitary,1,0.989666,1,1,0.000126,0.009441,0.000767,0.989666
data_cv_fold1/Testing/pituitary/Tr-pi_0762.jpg,109898,pituitary,pituitary,1,0.992832,1,1,0.000019,0.006958,0.000191,0.992832
data_cv_fold1/Testing/pituitary/Tr-pi_0775.jpg,110993,pituitary,pituitary,1,0.999958,1,1,0.000003,0.000034,0.000006,0.999958
data_cv_fold1/Testing/pituitary/Tr-pi_0776.jpg,110993,pituitary,pituitary,1,0.999994,1,1,0.000001,0.000004,0.000001,0.999994
data_cv_fold1/Testing/pituitary/Tr-pi_0777.jpg,110993,pituitary,pituitary,1,0.999946,1,1,0.000002,0.000030,0.000022,0.999946
data_cv_fold1/Testing/pituitary/Tr-pi_0778.jpg,110993,pituitary,pituitary,1,0.999958,1,1,0.000003,0.000028,0.000011,0.999958
data_cv_fold1/Testing/pituitary/Tr-pi_0779.jpg,111075,pituitary,pituitary,1,0.998246,1,1,0.000420,0.001054,0.000280,0.998246
data_cv_fold1/Testing/pituitary/Tr-pi_0780.jpg,111075,pituitary,pituitary,1,0.997647,1,1,0.000222,0.001894,0.000237,0.997647
data_cv_fold1/Testing/pituitary/Tr-pi_0781.jpg,111075,pituitary,pituitary,1,0.998912,1,1,0.000024,0.000993,0.000070,0.998912
data_cv_fold1/Testing/pituitary/Tr-pi_0782.jpg,111075,pituitary,pituitary,1,0.999557,1,1,0.000041,0.000369,0.000033,0.999557
data_cv_fold1/Testing/pituitary/Tr-pi_0792.jpg,112074,pituitary,pituitary,1,0.969430,1,1,0.000419,0.029680,0.000471,0.969430
data_cv_fold1/Testing/pituitary/Tr-pi_0793.jpg,112074,pituitary,pituitary,1,0.843483,1,1,0.000091,0.155633,0.000793,0.843483
data_cv_fold1/Testing/pituitary/Tr-pi_0794.jpg,112074,pituitary,pituitary,1,0.815287,1,1,0.000586,0.182263,0.001864,0.815287
data_cv_fold1/Testing/pituitary/Tr-pi_0796.jpg,112649,pituitary,pituitary,1,0.999859,1,1,0.000009,0.000064,0.000068,0.999859
data_cv_fold1/Testing/pituitary/Tr-pi_0797.jpg,112649,pituitary,pituitary,1,0.999943,1,1,0.000004,0.000046,0.000007,0.999943
data_cv_fold1/Testing/pituitary/Tr-pi_0798.jpg,112649,pituitary,pituitary,1,0.999836,1,1,0.000038,0.000098,0.000027,0.999836
data_cv_fold1/Testing/pituitary/Tr-pi_0799.jpg,112649,pituitary,pituitary,1,0.999297,1,1,0.000418,0.000220,0.000065,0.999297
data_cv_fold1/Testing/pituitary/Tr-pi_0800.jpg,112649,pituitary,pituitary,1,0.998834,1,1,0.000508,0.000426,0.000232,0.998834
data_cv_fold1/Testing/pituitary/Tr-pi_0811.jpg,113741,pituitary,pituitary,1,0.999996,1,1,0.000001,0.000002,0.000002,0.999996
data_cv_fold1/Testing/pituitary/Tr-pi_0812.jpg,113741,pituitary,pituitary,1,0.999846,1,1,0.000011,0.000121,0.000022,0.999846
data_cv_fold1/Testing/pituitary/Tr-pi_0816.jpg,114361,pituitary,pituitary,1,0.995929,1,1,0.000025,0.003129,0.000917,0.995929
data_cv_fold1/Testing/pituitary/Tr-pi_0817.jpg,114361,pituitary,pituitary,1,0.999842,1,1,0.000003,0.000126,0.000029,0.999842
data_cv_fold1/Testing/pituitary/Tr-pi_0818.jpg,114361,pituitary,pituitary,1,0.999815,1,1,0.000005,0.000140,0.000039,0.999815
data_cv_fold1/Testing/pituitary/Tr-pi_0825.jpg,113741,pituitary,pituitary,1,0.999868,1,1,0.000003,0.000112,0.000017,0.999868
data_cv_fold1/Testing/pituitary/Tr-pi_0836.jpg,107429,pituitary,pituitary,1,0.998754,1,1,0.000129,0.000883,0.000235,0.998754
data_cv_fold1/Testing/pituitary/Tr-pi_0837.jpg,107429,pituitary,pituitary,1,0.949287,1,1,0.000294,0.049793,0.000626,0.949287
data_cv_fold1/Testing/pituitary/Tr-pi_0838.jpg,107429,pituitary,pituitary,1,0.973462,1,1,0.000034,0.026095,0.000409,0.973462
data_cv_fold1/Testing/pituitary/Tr-pi_0839.jpg,107429,pituitary,pituitary,1,0.931460,1,1,0.000058,0.067267,0.001214,0.931460
data_cv_fold1/Testing/pituitary/Tr-pi_0840.jpg,107429,pituitary,pituitary,1,0.977002,1,1,0.000057,0.020174,0.002767,0.977002
data_cv_fold1/Testing/pituitary/Tr-pi_0842.jpg,107429,pituitary,pituitary,1,0.998286,1,1,0.000581,0.000814,0.000319,0.998286
data_cv_fold1/Testing/pituitary/Tr-pi_0855.jpg,114361,pituitary,pituitary,1,0.980163,1,1,0.000035,0.019451,0.000351,0.980163
data_cv_fold1/Testing/pituitary/Tr-pi_0858.jpg,109471,pituitary,pituitary,1,0.999774,1,1,0.000009,0.000111,0.000106,0.999774
data_cv_fold1/Testing/pituitary/Tr-pi_0859.jpg,109471,pituitary,pituitary,1,0.996369,1,1,0.000099,0.003116,0.000416,0.996369
data_cv_fold1/Testing/pituitary/Tr-pi_0860.jpg,109471,pituitary,pituitary,1,0.999776,1,1,0.000001,0.000115,0.000107,0.999776
data_cv_fold1/Testing/pituitary/Tr-pi_0861.jpg,109471,pituitary,pituitary,1,0.999910,1,1,0.000001,0.000056,0.000033,0.999910
data_cv_fold1/Testing/pituitary/Tr-pi_0862.jpg,114361,pituitary,pituitary,1,0.877388,1,1,0.000127,0.122088,0.000396,0.877388
data_cv_fold1/Testing/pituitary/Tr-pi_0867.jpg,109898,pituitary,pituitary,1,0.968811,1,1,0.000152,0.023584,0.007453,0.968811
data_cv_fold1/Testing/pituitary/Tr-pi_0868.jpg,109898,pituitary,pituitary,1,0.997955,1,1,0.000085,0.000598,0.001362,0.997955
data_cv_fold1/Testing/pituitary/Tr-pi_0875.jpg,110993,pituitary,pituitary,1,0.999553,1,1,0.000033,0.000244,0.000170,0.999553
data_cv_fold1/Testing/pituitary/Tr-pi_0876.jpg,110993,pituitary,pituitary,1,0.999784,1,1,0.000018,0.000106,0.000092,0.999784
data_cv_fold1/Testing/pituitary/Tr-pi_0877.jpg,114361,pituitary,pituitary,1,0.502227,1,1,0.000237,0.496662,0.000874,0.502227
data_cv_fold1/Testing/pituitary/Tr-pi_0878.jpg,110993,pituitary,pituitary,1,0.999963,1,1,0.000005,0.000009,0.000024,0.999963
data_cv_fold1/Testing/pituitary/Tr-pi_0879.jpg,111075,pituitary,pituitary,1,0.999756,1,1,0.000009,0.000158,0.000076,0.999756
data_cv_fold1/Testing/pituitary/Tr-pi_0880.jpg,111075,pituitary,pituitary,1,0.999374,1,1,0.000014,0.000538,0.000074,0.999374
data_cv_fold1/Testing/pituitary/Tr-pi_0881.jpg,111075,pituitary,pituitary,1,0.999484,1,1,0.000023,0.000340,0.000152,0.999484
data_cv_fold1/Testing/pituitary/Tr-pi_0893.jpg,112074,pituitary,pituitary,1,0.659079,1,1,0.003384,0.334176,0.003360,0.659079
data_cv_fold1/Testing/pituitary/Tr-pi_0894.jpg,112074,pituitary,meningioma,0,0.791074,1,1,0.000179,0.791074,0.005725,0.203022
data_cv_fold1/Testing/pituitary/Tr-pi_0895.jpg,112074,pituitary,meningioma,0,0.893263,1,1,0.000597,0.893263,0.001227,0.104913
data_cv_fold1/Testing/pituitary/Tr-pi_0897.jpg,112074,pituitary,meningioma,0,0.556472,1,1,0.001201,0.556472,0.002239,0.440088
data_cv_fold1/Testing/pituitary/Tr-pi_0898.jpg,112649,pituitary,pituitary,1,0.997239,1,1,0.000111,0.002086,0.000563,0.997239
data_cv_fold1/Testing/pituitary/Tr-pi_0899.jpg,112649,pituitary,pituitary,1,0.998874,1,1,0.000066,0.000618,0.000442,0.998874
data_cv_fold1/Testing/pituitary/Tr-pi_0900.jpg,112649,pituitary,pituitary,1,0.996888,1,1,0.000248,0.001760,0.001105,0.996888
data_cv_fold1/Testing/pituitary/Tr-pi_0901.jpg,112649,pituitary,pituitary,1,0.999800,1,1,0.000008,0.000144,0.000048,0.999800
data_cv_fold1/Testing/pituitary/Tr-pi_0923.jpg,107429,pituitary,pituitary,1,0.990627,1,1,0.000096,0.009261,0.000017,0.990627
data_cv_fold1/Testing/pituitary/Tr-pi_0924.jpg,107429,pituitary,pituitary,1,0.957593,1,1,0.000014,0.042371,0.000023,0.957593
data_cv_fold1/Testing/pituitary/Tr-pi_0925.jpg,107429,pituitary,pituitary,1,0.937627,1,1,0.000021,0.062299,0.000053,0.937627
data_cv_fold1/Testing/pituitary/Tr-pi_0926.jpg,107429,pituitary,pituitary,1,0.758755,1,1,0.000306,0.238913,0.002027,0.758755
data_cv_fold1/Testing/pituitary/Tr-pi_0927.jpg,107429,pituitary,pituitary,1,0.958451,1,1,0.000373,0.036658,0.004519,0.958451
data_cv_fold1/Testing/pituitary/Tr-pi_0944.jpg,109471,pituitary,pituitary,1,0.998477,1,1,0.000020,0.001392,0.000111,0.998477
data_cv_fold1/Testing/pituitary/Tr-pi_0945.jpg,109471,pituitary,pituitary,1,0.999194,1,1,0.000010,0.000570,0.000225,0.999194
data_cv_fold1/Testing/pituitary/Tr-pi_0946.jpg,109471,pituitary,pituitary,1,0.982983,1,1,0.000189,0.013653,0.003174,0.982983
data_cv_fold1/Testing/pituitary/Tr-pi_0950.jpg,109898,pituitary,pituitary,1,0.999945,1,1,0.000002,0.000039,0.000015,0.999945
data_cv_fold1/Testing/pituitary/Tr-pi_0951.jpg,109898,pituitary,pituitary,1,0.999675,1,1,0.000010,0.000145,0.000170,0.999675
data_cv_fold1/Testing/pituitary/Tr-pi_0952.jpg,113741,pituitary,pituitary,1,0.998640,1,1,0.000019,0.000534,0.000807,0.998640
data_cv_fold1/Testing/pituitary/Tr-pi_0953.jpg,109898,pituitary,pituitary,1,0.997773,1,1,0.000033,0.000742,0.001452,0.997773
data_cv_fold1/Testing/pituitary/Tr-pi_0954.jpg,109898,pituitary,pituitary,1,0.999537,1,1,0.000010,0.000091,0.000361,0.999537
data_cv_fold1/Testing/pituitary/Tr-pi_0958.jpg,110993,pituitary,pituitary,1,0.999932,1,1,0.000002,0.000055,0.000011,0.999932
data_cv_fold1/Testing/pituitary/Tr-pi_0959.jpg,110993,pituitary,pituitary,1,0.998818,1,1,0.000006,0.001056,0.000120,0.998818
data_cv_fold1/Testing/pituitary/Tr-pi_0960.jpg,113741,pituitary,pituitary,1,0.997769,1,1,0.000046,0.001555,0.000631,0.997769
data_cv_fold1/Testing/pituitary/Tr-pi_0961.jpg,110993,pituitary,pituitary,1,0.999316,1,1,0.000017,0.000387,0.000280,0.999316
data_cv_fold1/Testing/pituitary/Tr-pi_0962.jpg,111075,pituitary,pituitary,1,0.999683,1,1,0.000055,0.000253,0.000008,0.999683
data_cv_fold1/Testing/pituitary/Tr-pi_0963.jpg,111075,pituitary,pituitary,1,0.999974,1,1,0.000009,0.000013,0.000004,0.999974
data_cv_fold1/Testing/pituitary/Tr-pi_0964.jpg,111075,pituitary,pituitary,1,0.999995,1,1,0.000001,0.000002,0.000001,0.999995
data_cv_fold1/Testing/pituitary/Tr-pi_0965.jpg,111075,pituitary,pituitary,1,0.999987,1,1,0.000000,0.000009,0.000004,0.999987
data_cv_fold1/Testing/pituitary/Tr-pi_0966.jpg,111075,pituitary,pituitary,1,0.999978,1,1,0.000002,0.000015,0.000006,0.999978
data_cv_fold1/Testing/pituitary/Tr-pi_0968.jpg,113741,pituitary,pituitary,1,0.999917,1,1,0.000005,0.000070,0.000009,0.999917
data_cv_fold1/Testing/pituitary/Tr-pi_0974.jpg,112074,pituitary,pituitary,1,0.621331,1,1,0.069683,0.303659,0.005327,0.621331
data_cv_fold1/Testing/pituitary/Tr-pi_0975.jpg,112074,pituitary,meningioma,0,0.846744,1,1,0.002255,0.846744,0.005474,0.145528
data_cv_fold1/Testing/pituitary/Tr-pi_0976.jpg,112074,pituitary,meningioma,0,0.492650,1,1,0.027331,0.492650,0.012134,0.467885
data_cv_fold1/Testing/pituitary/Tr-pi_0977.jpg,112649,pituitary,pituitary,1,0.977237,1,1,0.002385,0.018259,0.002119,0.977237
data_cv_fold1/Testing/pituitary/Tr-pi_0980.jpg,114361,pituitary,pituitary,1,0.983655,1,1,0.000006,0.016173,0.000167,0.983655
data_cv_fold1/Testing/pituitary/Tr-pi_0981.jpg,114361,pituitary,pituitary,1,0.999681,1,1,0.000002,0.000214,0.000103,0.999681
data_cv_fold1/Testing/pituitary/Tr-pi_1014.jpg,103582,pituitary,pituitary,1,0.959668,1,1,0.002208,0.037772,0.000352,0.959668
data_cv_fold1/Testing/pituitary/Tr-pi_1015.jpg,103582,pituitary,pituitary,1,0.974942,1,1,0.000267,0.024516,0.000275,0.974942
data_cv_fold1/Testing/pituitary/Tr-pi_1016.jpg,103582,pituitary,pituitary,1,0.995503,1,1,0.000018,0.004350,0.000129,0.995503
data_cv_fold1/Testing/pituitary/Tr-pi_1017.jpg,103582,pituitary,pituitary,1,0.964254,1,1,0.002186,0.005546,0.028014,0.964254
data_cv_fold1/Testing/pituitary/Tr-pi_1018.jpg,103670,pituitary,pituitary,1,0.999991,1,1,0.000000,0.000003,0.000006,0.999991
data_cv_fold1/Testing/pituitary/Tr-pi_1019.jpg,103670,pituitary,pituitary,1,0.999980,1,1,0.000000,0.000007,0.000012,0.999980
data_cv_fold1/Testing/pituitary/Tr-pi_1048.jpg,112649,pituitary,pituitary,1,0.997640,1,1,0.000249,0.001806,0.000305,0.997640
data_cv_fold1/Testing/pituitary/Tr-pi_1112.jpg,98992,pituitary,meningioma,0,0.904950,1,1,0.001294,0.904950,0.000949,0.092807
data_cv_fold1/Testing/pituitary/Tr-pi_1113.jpg,98992,pituitary,meningioma,0,0.754876,1,1,0.001412,0.754876,0.000628,0.243083
data_cv_fold1/Testing/pituitary/Tr-pi_1114.jpg,98992,pituitary,pituitary,1,0.877315,1,1,0.000147,0.122169,0.000369,0.877315
data_cv_fold1/Testing/pituitary/Tr-pi_1115.jpg,98992,pituitary,glioma,0,0.508745,1,1,0.508745,0.325155,0.013799,0.152300
data_cv_fold1/Testing/pituitary/Tr-pi_1116.jpg,98992,pituitary,glioma,0,0.548099,1,1,0.548099,0.108357,0.068338,0.275205
data_cv_fold1/Testing/pituitary/Tr-pi_1160.jpg,107429,pituitary,pituitary,1,0.990683,1,1,0.000750,0.004620,0.003947,0.990683
data_cv_fold1/Testing/pituitary/Tr-pi_1167.jpg,107429,pituitary,pituitary,1,0.975698,1,1,0.000041,0.024048,0.000214,0.975698
data_cv_fold1/Testing/pituitary/Tr-pi_1171.jpg,103582,pituitary,pituitary,1,0.997772,1,1,0.000036,0.001100,0.001092,0.997772
data_cv_fold1/Testing/pituitary/Tr-pi_1172.jpg,103582,pituitary,pituitary,1,0.995058,1,1,0.000063,0.002895,0.001983,0.995058
data_cv_fold1/Testing/pituitary/Tr-pi_1173.jpg,103582,pituitary,pituitary,1,0.995806,1,1,0.000038,0.003977,0.000178,0.995806
data_cv_fold1/Testing/pituitary/Tr-pi_1174.jpg,103582,pituitary,pituitary,1,0.996846,1,1,0.000043,0.002619,0.000492,0.996846
data_cv_fold1/Testing/pituitary/Tr-pi_1175.jpg,103670,pituitary,pituitary,1,0.999978,1,1,0.000003,0.000009,0.000009,0.999978
data_cv_fold1/Testing/pituitary/Tr-pi_1176.jpg,103670,pituitary,pituitary,1,0.999981,1,1,0.000000,0.000010,0.000008,0.999981
data_cv_fold1/Testing/pituitary/Tr-pi_1177.jpg,103670,pituitary,pituitary,1,0.998297,1,1,0.000024,0.000714,0.000965,0.998297
data_cv_fold1/Testing/pituitary/Tr-pi_1189.jpg,107429,pituitary,pituitary,1,0.901208,1,1,0.000504,0.097509,0.000779,0.901208
data_cv_fold1/Testing/pituitary/Tr-pi_1197.jpg,107429,pituitary,pituitary,1,0.974057,1,1,0.000092,0.024617,0.001234,0.974057
data_cv_fold1/Testing/pituitary/Tr-pi_1198.jpg,112649,pituitary,pituitary,1,0.999728,1,1,0.000026,0.000204,0.000042,0.999728
data_cv_fold1/Testing/pituitary/Tr-pi_1206.jpg,107429,pituitary,pituitary,1,0.984905,1,1,0.000027,0.014408,0.000660,0.984905
data_cv_fold1/Testing/pituitary/Tr-pi_1268.jpg,98992,pituitary,pituitary,1,0.996387,1,1,0.000217,0.002705,0.000692,0.996387
data_cv_fold1/Testing/pituitary/Tr-pi_1270.jpg,98992,pituitary,pituitary,1,0.984094,1,1,0.000841,0.012116,0.002949,0.984094
data_cv_fold1/Testing/pituitary/Tr-pi_1271.jpg,98992,pituitary,pituitary,1,0.994973,1,1,0.000754,0.003360,0.000914,0.994973
data_cv_fold1/Testing/pituitary/Tr-pi_1327.jpg,103582,pituitary,pituitary,1,0.999749,1,1,0.000001,0.000163,0.000087,0.999749
data_cv_fold1/Testing/pituitary/Tr-pi_1328.jpg,103582,pituitary,pituitary,1,0.999845,1,1,0.000001,0.000086,0.000067,0.999845
data_cv_fold1/Testing/pituitary/Tr-pi_1329.jpg,103582,pituitary,pituitary,1,0.999617,1,1,0.000021,0.000203,0.000158,0.999617
data_cv_fold1/Testing/pituitary/Tr-pi_1330.jpg,103582,pituitary,pituitary,1,0.999716,1,1,0.000005,0.000216,0.000062,0.999716
data_cv_fold1/Testing/pituitary/Tr-pi_1331.jpg,103582,pituitary,pituitary,1,0.994451,1,1,0.000183,0.003880,0.001486,0.994451
data_cv_fold1/Testing/pituitary/Tr-pi_1332.jpg,103582,pituitary,pituitary,1,0.968349,1,1,0.001024,0.017069,0.013559,0.968349
data_cv_fold1/Testing/pituitary/Tr-pi_1334.jpg,103670,pituitary,pituitary,1,0.999755,1,1,0.000001,0.000017,0.000227,0.999755
data_cv_fold1/Testing/pituitary/Tr-pi_1335.jpg,103670,pituitary,pituitary,1,0.999602,1,1,0.000004,0.000224,0.000171,0.999602
data_cv_fold1/Testing/pituitary/Tr-pi_1336.jpg,103670,pituitary,pituitary,1,0.999718,1,1,0.000004,0.000201,0.000078,0.999718
data_cv_fold1/Testing/pituitary/Tr-pi_1416.jpg,109471,pituitary,pituitary,1,0.996542,1,1,0.000972,0.001581,0.000905,0.996542
data_cv_fold1/Testing/pituitary/Tr-pi_1424.jpg,109471,pituitary,pituitary,1,0.999541,1,1,0.000122,0.000140,0.000198,0.999541
data_cv_fold1/Testing/pituitary/Tr-pi_1432.jpg,98992,pituitary,pituitary,1,0.695973,1,1,0.049734,0.126930,0.127364,0.695973
data_cv_fold1/Testing/pituitary/Tr-pi_1433.jpg,98992,pituitary,pituitary,1,0.965197,1,1,0.000221,0.028185,0.006396,0.965197
data_cv_fold1/Testing/pituitary/Tr-pi_1434.jpg,98992,pituitary,pituitary,1,0.996939,1,1,0.000180,0.001987,0.000894,0.996939
data_cv_fold1/Testing/pituitary/Tr-pi_1435.jpg,98992,pituitary,pituitary,1,0.999113,1,1,0.000056,0.000564,0.000267,0.999113
data_cv_fold1/Testing/pituitary/Tr-pi_1436.jpg,98992,pituitary,pituitary,1,0.998015,1,1,0.000041,0.001479,0.000465,0.998015
data_cv_fold1/Testing/pituitary/Tr-pi_1437.jpg,98992,pituitary,pituitary,1,0.993781,1,1,0.000343,0.003569,0.002307,0.993781
data_cv_fold1/Testing/pituitary/Tr-pi_1438.jpg,109471,pituitary,pituitary,1,0.999417,1,1,0.000206,0.000141,0.000236,0.999417
data_cv_fold1/Testing/pituitary/Tr-pi_1439.jpg,98992,pituitary,pituitary,1,0.998982,1,1,0.000089,0.000684,0.000245,0.998982
data_cv_fold1/Testing/pituitary/Tr-pi_1440.jpg,98992,pituitary,pituitary,1,0.999655,1,1,0.000014,0.000242,0.000089,0.999655
data_cv_fold1/Testing/pituitary/Tr-pi_1450.jpg,109471,pituitary,pituitary,1,0.999446,1,1,0.000179,0.000245,0.000130,0.999446
data_cv_fold1/Testing/pituitary/Tr-pi_1455.jpg,109898,pituitary,pituitary,1,0.997027,1,1,0.000256,0.002490,0.000227,0.997027
