path,group,true,pred,correct,confidence,fold,seed,p_glioma,p_meningioma,p_notumor,p_pituitary
data_rand_fold3/Testing/glioma/Te-glTr_0001.jpg,MR026175C,glioma,glioma,1,0.999839,3,1,0.999839,0.000030,0.000092,0.000039
data_rand_fold3/Testing/glioma/Te-gl_0011.jpg,MR053110B,glioma,glioma,1,0.999730,3,1,0.999730,0.000060,0.000131,0.000079
data_rand_fold3/Testing/glioma/Te-gl_0014.jpg,MR034997,glioma,glioma,1,0.999967,3,1,0.999967,0.000005,0.000027,0.000001
data_rand_fold3/Testing/glioma/Te-gl_0016.jpg,MR049019G,glioma,glioma,1,0.999904,3,1,0.999904,0.000017,0.000071,0.000008
data_rand_fold3/Testing/glioma/Te-gl_0017.jpg,MR049019G,glioma,glioma,1,0.999942,3,1,0.999942,0.000042,0.000013,0.000003
data_rand_fold3/Testing/glioma/Te-gl_0032.jpg,MR040240D,glioma,glioma,1,0.999983,3,1,0.999983,0.000007,0.000007,0.000004
data_rand_fold3/Testing/glioma/Te-gl_0038.jpg,MR048294B,glioma,glioma,1,0.999812,3,1,0.999812,0.000057,0.000029,0.000102
data_rand_fold3/Testing/glioma/Te-gl_0046.jpg,106494,glioma,glioma,1,0.684342,3,1,0.684342,0.307082,0.008464,0.000112
data_rand_fold3/Testing/glioma/Te-gl_0058.jpg,MR048944B,glioma,glioma,1,0.999735,3,1,0.999735,0.000131,0.000052,0.000082
data_rand_fold3/Testing/glioma/Te-gl_0063.jpg,MR049453,glioma,glioma,1,0.999924,3,1,0.999924,0.000046,0.000019,0.000011
data_rand_fold3/Testing/glioma/Te-gl_0065.jpg,MR049453B,glioma,glioma,1,0.999813,3,1,0.999813,0.000133,0.000019,0.000035
data_rand_fold3/Testing/glioma/Te-gl_0077.jpg,MR024780G,glioma,glioma,1,0.999680,3,1,0.999680,0.000130,0.000178,0.000011
data_rand_fold3/Testing/glioma/Te-gl_0078.jpg,MR024780G,glioma,glioma,1,0.999852,3,1,0.999852,0.000037,0.000080,0.000031
data_rand_fold3/Testing/glioma/Te-gl_0083.jpg,MR050791B,glioma,glioma,1,0.974195,3,1,0.974195,0.006699,0.018636,0.000469
data_rand_fold3/Testing/glioma/Te-gl_0087.jpg,MR051461B,glioma,glioma,1,0.999551,3,1,0.999551,0.000369,0.000052,0.000028
data_rand_fold3/Testing/glioma/Te-gl_0089.jpg,MR051644,glioma,glioma,1,0.993800,3,1,0.993800,0.001883,0.003566,0.000750
data_rand_fold3/Testing/glioma/Te-gl_0090.jpg,MR051796B,glioma,glioma,1,0.999915,3,1,0.999915,0.000031,0.000037,0.000017
data_rand_fold3/Testing/glioma/Te-gl_0097.jpg,MR034997,glioma,glioma,1,0.999990,3,1,0.999990,0.000005,0.000004,0.000000
data_rand_fold3/Testing/glioma/Te-gl_0111.jpg,MR039473B,glioma,glioma,1,0.999974,3,1,0.999974,0.000008,0.000008,0.000010
data_rand_fold3/Testing/glioma/Te-gl_0114.jpg,MR037458C,glioma,glioma,1,0.999275,3,1,0.999275,0.000556,0.000122,0.000047
data_rand_fold3/Testing/glioma/Te-gl_0119.jpg,MR040240B,glioma,glioma,1,0.999663,3,1,0.999663,0.000135,0.000144,0.000058
data_rand_fold3/Testing/glioma/Te-gl_0125.jpg,MR049142,glioma,glioma,1,0.968809,3,1,0.968809,0.030235,0.000265,0.000691
data_rand_fold3/Testing/glioma/Te-gl_0130.jpg,MR049358,glioma,glioma,1,0.999641,3,1,0.999641,0.000158,0.000185,0.000016
data_rand_fold3/Testing/glioma/Te-gl_0131.jpg,MR049453,glioma,glioma,1,0.999924,3,1,0.999924,0.000025,0.000026,0.000025
data_rand_fold3/Testing/glioma/Te-gl_0132.jpg,MR049453,glioma,glioma,1,0.999980,3,1,0.999980,0.000011,0.000006,0.000003
data_rand_fold3/Testing/glioma/Te-gl_0138.jpg,MR048294,glioma,glioma,1,0.992606,3,1,0.992606,0.001875,0.004481,0.001038
data_rand_fold3/Testing/glioma/Te-gl_0139.jpg,MR048297,glioma,glioma,1,0.999879,3,1,0.999879,0.000040,0.000059,0.000022
data_rand_fold3/Testing/glioma/Te-gl_0141.jpg,MR048621B,glioma,glioma,1,0.999920,3,1,0.999920,0.000020,0.000020,0.000041
data_rand_fold3/Testing/glioma/Te-gl_0155.jpg,MR052550,glioma,glioma,1,0.999287,3,1,0.999287,0.000058,0.000343,0.000312
data_rand_fold3/Testing/glioma/Te-gl_0161.jpg,MR053110E,glioma,glioma,1,0.999086,3,1,0.999086,0.000861,0.000019,0.000033
data_rand_fold3/Testing/glioma/Te-gl_0164.jpg,MR049019G,glioma,glioma,1,0.997341,3,1,0.997341,0.000145,0.000050,0.002463
data_rand_fold3/Testing/glioma/Te-gl_0167.jpg,MR038469,glioma,glioma,1,0.999208,3,1,0.999208,0.000372,0.000204,0.000215
data_rand_fold3/Testing/glioma/Te-gl_0171.jpg,MR039473B,glioma,glioma,1,0.999959,3,1,0.999959,0.000027,0.000003,0.000010
data_rand_fold3/Testing/glioma/Te-gl_0173.jpg,MR048297,glioma,glioma,1,0.999642,3,1,0.999642,0.000229,0.000110,0.000019
data_rand_fold3/Testing/glioma/Te-gl_0190.jpg,MR050135B,glioma,glioma,1,0.999474,3,1,0.999474,0.000208,0.000033,0.000285
data_rand_fold3/Testing/glioma/Te-gl_0195.jpg,MR051461,glioma,glioma,1,0.998836,3,1,0.998836,0.000778,0.000335,0.000050
data_rand_fold3/Testing/glioma/Te-gl_0198.jpg,MR051586,glioma,glioma,1,0.991236,3,1,0.991236,0.007724,0.000935,0.000104
data_rand_fold3/Testing/glioma/Te-gl_0211.jpg,MR051796B,glioma,glioma,1,0.998279,3,1,0.998279,0.000801,0.000391,0.000529
data_rand_fold3/Testing/glioma/Te-gl_0213.jpg,MR052550,glioma,glioma,1,0.999785,3,1,0.999785,0.000094,0.000089,0.000032
data_rand_fold3/Testing/glioma/Te-gl_0214.jpg,MR052550,glioma,glioma,1,0.999882,3,1,0.999882,0.000028,0.000064,0.000025
data_rand_fold3/Testing/glioma/Te-gl_0218.jpg,MR051644C,glioma,glioma,1,0.999473,3,1,0.999473,0.000497,0.000010,0.000020
data_rand_fold3/Testing/glioma/Te-gl_0223.jpg,MR050687C,glioma,glioma,1,0.999678,3,1,0.999678,0.000289,0.000003,0.000029
data_rand_fold3/Testing/glioma/Te-gl_0232.jpg,100820,glioma,glioma,1,0.691958,3,1,0.691958,0.278955,0.025031,0.004056
data_rand_fold3/Testing/glioma/Te-gl_0236.jpg,101020,glioma,glioma,1,0.981901,3,1,0.981901,0.017227,0.000690,0.000182
data_rand_fold3/Testing/glioma/Te-gl_0238.jpg,103148,glioma,glioma,1,0.993221,3,1,0.993221,0.006552,0.000191,0.000037
data_rand_fold3/Testing/glioma/Te-gl_0241.jpg,107747,glioma,glioma,1,0.998502,3,1,0.998502,0.001287,0.000088,0.000123
data_rand_fold3/Testing/glioma/Te-gl_0244.jpg,112105,glioma,glioma,1,0.999502,3,1,0.999502,0.000423,0.000012,0.000063
data_rand_fold3/Testing/glioma/Te-gl_0259.jpg,100820,glioma,glioma,1,0.450834,3,1,0.450834,0.297467,0.214341,0.037358
data_rand_fold3/Testing/glioma/Te-gl_0260.jpg,101020,glioma,glioma,1,0.999785,3,1,0.999785,0.000137,0.000013,0.000065
data_rand_fold3/Testing/glioma/Te-gl_0268.jpg,108479,glioma,meningioma,0,0.700696,3,1,0.251982,0.700696,0.001583,0.045738
data_rand_fold3/Testing/glioma/Te-gl_0272.jpg,90284,glioma,glioma,1,0.744542,3,1,0.744542,0.030401,0.099759,0.125298
data_rand_fold3/Testing/glioma/Te-gl_0275.jpg,93329,glioma,glioma,1,0.952875,3,1,0.952875,0.046232,0.000732,0.000161
data_rand_fold3/Testing/glioma/Te-gl_0277.jpg,93329,glioma,glioma,1,0.943397,3,1,0.943397,0.055190,0.000794,0.000619
data_rand_fold3/Testing/glioma/Te-gl_0278.jpg,93825,glioma,glioma,1,0.999852,3,1,0.999852,0.000117,0.000012,0.000019
data_rand_fold3/Testing/glioma/Te-gl_0282.jpg,96587,glioma,glioma,1,0.958174,3,1,0.958174,0.039465,0.002118,0.000243
data_rand_fold3/Testing/glioma/Te-gl_0285.jpg,98889,glioma,glioma,1,0.995905,3,1,0.995905,0.003100,0.000585,0.000410
data_rand_fold3/Testing/glioma/Tr-glTr_0004.jpg,MR051644C,glioma,glioma,1,0.999516,3,1,0.999516,0.000214,0.000234,0.000037
data_rand_fold3/Testing/glioma/Tr-glTr_0008.jpg,MR050687C,glioma,glioma,1,0.999192,3,1,0.999192,0.000135,0.000139,0.000535
data_rand_fold3/Testing/glioma/Tr-gl_0010.jpg,MR029209E,glioma,glioma,1,0.999648,3,1,0.999648,0.000169,0.000153,0.000030
data_rand_fold3/Testing/glioma/Tr-gl_0011.jpg,MR053110E,glioma,glioma,1,0.999591,3,1,0.999591,0.000293,0.000082,0.000035
data_rand_fold3/Testing/glioma/Tr-gl_0014.jpg,MR038469,glioma,glioma,1,0.969950,3,1,0.969950,0.004565,0.024915,0.000570
data_rand_fold3/Testing/glioma/Tr-gl_0017.jpg,MR039473,glioma,glioma,1,0.999693,3,1,0.999693,0.000096,0.000190,0.000021
data_rand_fold3/Testing/glioma/Tr-gl_0021.jpg,MR037458C,glioma,glioma,1,0.999367,3,1,0.999367,0.000552,0.000050,0.000031
data_rand_fold3/Testing/glioma/Tr-gl_0027.jpg,MR040240B,glioma,glioma,1,0.999107,3,1,0.999107,0.000556,0.000108,0.000229
data_rand_fold3/Testing/glioma/Tr-gl_0028.jpg,MR040240B,glioma,glioma,1,0.996940,3,1,0.996940,0.001100,0.001698,0.000261
data_rand_fold3/Testing/glioma/Tr-gl_0033.jpg,MR026175E,glioma,glioma,1,0.999442,3,1,0.999442,0.000117,0.000406,0.000036
data_rand_fold3/Testing/glioma/Tr-gl_0034.jpg,MR040240C,glioma,glioma,1,0.999834,3,1,0.999834,0.000059,0.000065,0.000042
data_rand_fold3/Testing/glioma/Tr-gl_0036.jpg,MR017260F,glioma,glioma,1,0.999398,3,1,0.999398,0.000431,0.000130,0.000041
data_rand_fold3/Testing/glioma/Tr-gl_0041.jpg,112105,glioma,glioma,1,0.997701,3,1,0.997701,0.000660,0.000655,0.000984
data_rand_fold3/Testing/glioma/Tr-gl_0068.jpg,MR051644,glioma,glioma,1,0.997637,3,1,0.997637,0.000626,0.000769,0.000968
data_rand_fold3/Testing/glioma/Tr-gl_0072.jpg,MR051644C,glioma,glioma,1,0.999979,3,1,0.999979,0.000003,0.000016,0.000003
data_rand_fold3/Testing/glioma/Tr-gl_0075.jpg,MR034997,glioma,glioma,1,0.999869,3,1,0.999869,0.000029,0.000100,0.000002
data_rand_fold3/Testing/glioma/Tr-gl_0080.jpg,MR037458B,glioma,glioma,1,0.875327,3,1,0.875327,0.122675,0.001751,0.000247
data_rand_fold3/Testing/glioma/Tr-gl_0085.jpg,MR050135B,glioma,glioma,1,0.999945,3,1,0.999945,0.000006,0.000044,0.000004
data_rand_fold3/Testing/glioma/Tr-gl_0086.jpg,MR050687,glioma,glioma,1,0.999880,3,1,0.999880,0.000087,0.000028,0.000005
data_rand_fold3/Testing/glioma/Tr-gl_0090.jpg,MR017260F,glioma,glioma,1,0.999941,3,1,0.999941,0.000007,0.000050,0.000002
data_rand_fold3/Testing/glioma/Tr-gl_0112.jpg,MR049453,glioma,glioma,1,0.999885,3,1,0.999885,0.000064,0.000031,0.000020
data_rand_fold3/Testing/glioma/Tr-gl_0115.jpg,MR050135B,glioma,glioma,1,0.999577,3,1,0.999577,0.000074,0.000033,0.000317
data_rand_fold3/Testing/glioma/Tr-gl_0119.jpg,MR033389B,glioma,glioma,1,0.999957,3,1,0.999957,0.000012,0.000028,0.000002
data_rand_fold3/Testing/glioma/Tr-gl_0128.jpg,MR049104B,glioma,glioma,1,0.999604,3,1,0.999604,0.000163,0.000131,0.000102
data_rand_fold3/Testing/glioma/Tr-gl_0130.jpg,MR049104B,glioma,glioma,1,0.998772,3,1,0.998772,0.000175,0.000739,0.000314
data_rand_fold3/Testing/glioma/Tr-gl_0134.jpg,MR049453,glioma,glioma,1,0.999925,3,1,0.999925,0.000007,0.000062,0.000006
data_rand_fold3/Testing/glioma/Tr-gl_0136.jpg,MR049453,glioma,glioma,1,0.999975,3,1,0.999975,0.000002,0.000022,0.000001
data_rand_fold3/Testing/glioma/Tr-gl_0152.jpg,MR049453B,glioma,glioma,1,0.999580,3,1,0.999580,0.000037,0.000312,0.000071
data_rand_fold3/Testing/glioma/Tr-gl_0153.jpg,MR049453B,glioma,glioma,1,0.999951,3,1,0.999951,0.000009,0.000032,0.000008
data_rand_fold3/Testing/glioma/Tr-gl_0163.jpg,MR050135B,glioma,glioma,1,0.993826,3,1,0.993826,0.000337,0.000150,0.005687
data_rand_fold3/Testing/glioma/Tr-gl_0171.jpg,MR050135B,glioma,glioma,1,0.999469,3,1,0.999469,0.000049,0.000441,0.000041
data_rand_fold3/Testing/glioma/Tr-gl_0180.jpg,MR050687,glioma,glioma,1,0.998445,3,1,0.998445,0.000452,0.001076,0.000026
data_rand_fold3/Testing/glioma/Tr-gl_0188.jpg,MR050791B,glioma,glioma,1,0.999283,3,1,0.999283,0.000253,0.000406,0.000058
data_rand_fold3/Testing/glioma/Tr-gl_0195.jpg,MR049019C,glioma,glioma,1,0.999896,3,1,0.999896,0.000070,0.000023,0.000011
data_rand_fold3/Testing/glioma/Tr-gl_0199.jpg,MR026175C,glioma,glioma,1,0.999150,3,1,0.999150,0.000072,0.000754,0.000024
data_rand_fold3/Testing/glioma/Tr-gl_0200.jpg,MR026175C,glioma,glioma,1,0.999828,3,1,0.999828,0.000010,0.000159,0.000003
data_rand_fold3/Testing/glioma/Tr-gl_0203.jpg,MR026175C,glioma,glioma,1,0.999745,3,1,0.999745,0.000006,0.000241,0.000008
data_rand_fold3/Testing/glioma/Tr-gl_0214.jpg,MR051586,glioma,glioma,1,0.999073,3,1,0.999073,0.000016,0.000907,0.000004
data_rand_fold3/Testing/glioma/Tr-gl_0220.jpg,MR051461B,glioma,glioma,1,0.999690,3,1,0.999690,0.000237,0.000053,0.000020
data_rand_fold3/Testing/glioma/Tr-gl_0223.jpg,MR051644,glioma,glioma,1,0.991950,3,1,0.991950,0.001391,0.006374,0.000286
data_rand_fold3/Testing/glioma/Tr-gl_0227.jpg,MR051644,glioma,glioma,1,0.993342,3,1,0.993342,0.006463,0.000116,0.000078
data_rand_fold3/Testing/glioma/Tr-gl_0231.jpg,MR051644,glioma,glioma,1,0.995381,3,1,0.995381,0.003559,0.000254,0.000806
data_rand_fold3/Testing/glioma/Tr-gl_0232.jpg,MR051644,glioma,glioma,1,0.999790,3,1,0.999790,0.000165,0.000016,0.000029
data_rand_fold3/Testing/glioma/Tr-gl_0235.jpg,MR051644,glioma,glioma,1,0.999700,3,1,0.999700,0.000057,0.000113,0.000130
data_rand_fold3/Testing/glioma/Tr-gl_0247.jpg,MR051796,glioma,glioma,1,0.999987,3,1,0.999987,0.000010,0.000002,0.000001
data_rand_fold3/Testing/glioma/Tr-gl_0252.jpg,MR051651B,glioma,glioma,1,0.998847,3,1,0.998847,0.000590,0.000504,0.000060
data_rand_fold3/Testing/glioma/Tr-gl_0271.jpg,MR051644C,glioma,glioma,1,0.999799,3,1,0.999799,0.000055,0.000139,0.000007
data_rand_fold3/Testing/glioma/Tr-gl_0276.jpg,MR051644C,glioma,glioma,1,0.999984,3,1,0.999984,0.000001,0.000013,0.000001
data_rand_fold3/Testing/glioma/Tr-gl_0281.jpg,MR049942B,glioma,glioma,1,0.999982,3,1,0.999982,0.000006,0.000009,0.000004
data_rand_fold3/Testing/glioma/Tr-gl_0282.jpg,MR052585B,glioma,glioma,1,0.999472,3,1,0.999472,0.000352,0.000168,0.000008
data_rand_fold3/Testing/glioma/Tr-gl_0284.jpg,MR052585B,glioma,glioma,1,0.998813,3,1,0.998813,0.000106,0.001044,0.000037
data_rand_fold3/Testing/glioma/Tr-gl_0292.jpg,MR053110B,glioma,glioma,1,0.999887,3,1,0.999887,0.000024,0.000076,0.000013
data_rand_fold3/Testing/glioma/Tr-gl_0296.jpg,MR034694,glioma,glioma,1,0.999907,3,1,0.999907,0.000006,0.000084,0.000002
data_rand_fold3/Testing/glioma/Tr-gl_0303.jpg,MR054875,glioma,glioma,1,0.999942,3,1,0.999942,0.000011,0.000037,0.000010
data_rand_fold3/Testing/glioma/Tr-gl_0316.jpg,MR034997,glioma,glioma,1,0.999337,3,1,0.999337,0.000052,0.000606,0.000005
data_rand_fold3/Testing/glioma/Tr-gl_0319.jpg,MR029209E,glioma,glioma,1,0.999524,3,1,0.999524,0.000063,0.000362,0.000051
data_rand_fold3/Testing/glioma/Tr-gl_0321.jpg,MR029209E,glioma,glioma,1,0.999974,3,1,0.999974,0.000003,0.000020,0.000004
data_rand_fold3/Testing/glioma/Tr-gl_0322.jpg,MR029209E,glioma,glioma,1,0.999845,3,1,0.999845,0.000038,0.000096,0.000022
data_rand_fold3/Testing/glioma/Tr-gl_0351.jpg,MR032322C,glioma,glioma,1,0.999908,3,1,0.999908,0.000061,0.000027,0.000003
data_rand_fold3/Testing/glioma/Tr-gl_0353.jpg,MR032322C,glioma,glioma,1,0.998792,3,1,0.998792,0.000033,0.001152,0.000023
data_rand_fold3/Testing/glioma/Tr-gl_0354.jpg,MR032322C,glioma,glioma,1,0.999890,3,1,0.999890,0.000003,0.000102,0.000004
data_rand_fold3/Testing/glioma/Tr-gl_0355.jpg,MR032322C,glioma,glioma,1,0.968560,3,1,0.968560,0.000245,0.031070,0.000125
data_rand_fold3/Testing/glioma/Tr-gl_0358.jpg,MR037458B,glioma,glioma,1,0.954014,3,1,0.954014,0.039766,0.003981,0.002239
data_rand_fold3/Testing/glioma/Tr-gl_0359.jpg,MR037458B,glioma,glioma,1,0.965092,3,1,0.965092,0.034028,0.000587,0.000293
data_rand_fold3/Testing/glioma/Tr-gl_0360.jpg,MR037458B,glioma,glioma,1,0.958142,3,1,0.958142,0.041482,0.000184,0.000192
data_rand_fold3/Testing/glioma/Tr-gl_0361.jpg,MR037458B,glioma,glioma,1,0.881473,3,1,0.881473,0.117418,0.000919,0.000190
data_rand_fold3/Testing/glioma/Tr-gl_0365.jpg,MR039473,glioma,glioma,1,0.999985,3,1,0.999985,0.000008,0.000005,0.000002
data_rand_fold3/Testing/glioma/Tr-gl_0367.jpg,MR039473B,glioma,glioma,1,0.999815,3,1,0.999815,0.000039,0.000021,0.000124
data_rand_fold3/Testing/glioma/Tr-gl_0373.jpg,MR037458C,glioma,glioma,1,0.999679,3,1,0.999679,0.000060,0.000240,0.000021
data_rand_fold3/Testing/glioma/Tr-gl_0374.jpg,MR037458C,glioma,glioma,1,0.999988,3,1,0.999988,0.000003,0.000008,0.000001
data_rand_fold3/Testing/glioma/Tr-gl_0376.jpg,MR037458C,glioma,glioma,1,0.999987,3,1,0.999987,0.000005,0.000008,0.000001
data_rand_fold3/Testing/glioma/Tr-gl_0379.jpg,MR040240,glioma,glioma,1,0.999934,3,1,0.999934,0.000028,0.000031,0.000007
data_rand_fold3/Testing/glioma/Tr-gl_0385.jpg,MR040240B,glioma,glioma,1,0.999991,3,1,0.999991,0.000003,0.000004,0.000002
data_rand_fold3/Testing/glioma/Tr-gl_0387.jpg,MR040240B,glioma,glioma,1,0.999993,3,1,0.999993,0.000002,0.000003,0.000002
data_rand_fold3/Testing/glioma/Tr-gl_0399.jpg,MR029209G,glioma,glioma,1,0.999976,3,1,0.999976,0.000019,0.000003,0.000002
data_rand_fold3/Testing/glioma/Tr-gl_0409.jpg,MR033420,glioma,glioma,1,0.999860,3,1,0.999860,0.000009,0.000120,0.000011
data_rand_fold3/Testing/glioma/Tr-gl_0415.jpg,MR024780B,glioma,glioma,1,0.999841,3,1,0.999841,0.000056,0.000086,0.000016
data_rand_fold3/Testing/glioma/Tr-gl_0416.jpg,MR033389B,glioma,glioma,1,0.999967,3,1,0.999967,0.000004,0.000028,0.000001
data_rand_fold3/Testing/glioma/Tr-gl_0423.jpg,MR048944B,glioma,glioma,1,0.999261,3,1,0.999261,0.000350,0.000249,0.000139
data_rand_fold3/Testing/glioma/Tr-gl_0425.jpg,MR048944B,glioma,glioma,1,0.999866,3,1,0.999866,0.000095,0.000020,0.000019
data_rand_fold3/Testing/glioma/Tr-gl_0426.jpg,MR048944B,glioma,glioma,1,0.999570,3,1,0.999570,0.000193,0.000143,0.000094
data_rand_fold3/Testing/glioma/Tr-gl_0435.jpg,MR049358,glioma,glioma,1,0.999796,3,1,0.999796,0.000082,0.000111,0.000011
data_rand_fold3/Testing/glioma/Tr-gl_0437.jpg,MR049453,glioma,glioma,1,0.999283,3,1,0.999283,0.000256,0.000397,0.000064
data_rand_fold3/Testing/glioma/Tr-gl_0439.jpg,MR049453,glioma,glioma,1,0.999985,3,1,0.999985,0.000008,0.000005,0.000002
data_rand_fold3/Testing/glioma/Tr-gl_0445.jpg,MR024780G,glioma,glioma,1,0.999724,3,1,0.999724,0.000120,0.000118,0.000038
data_rand_fold3/Testing/glioma/Tr-gl_0449.jpg,MR049453B,glioma,glioma,1,0.998076,3,1,0.998076,0.001805,0.000084,0.000035
data_rand_fold3/Testing/glioma/Tr-gl_0465.jpg,MR050135B,glioma,glioma,1,0.999763,3,1,0.999763,0.000206,0.000020,0.000011
data_rand_fold3/Testing/glioma/Tr-gl_0487.jpg,MR049019C,glioma,glioma,1,0.998502,3,1,0.998502,0.000523,0.000408,0.000567
data_rand_fold3/Testing/glioma/Tr-gl_0490.jpg,MR026175C,glioma,glioma,1,0.999247,3,1,0.999247,0.000501,0.000239,0.000014
data_rand_fold3/Testing/glioma/Tr-gl_0494.jpg,MR026175C,glioma,glioma,1,0.999857,3,1,0.999857,0.000070,0.000051,0.000022
data_rand_fold3/Testing/glioma/Tr-gl_0500.jpg,MR051461,glioma,glioma,1,0.999818,3,1,0.999818,0.000102,0.000060,0.000020
data_rand_fold3/Testing/glioma/Tr-gl_0502.jpg,MR051461,glioma,glioma,1,0.999913,3,1,0.999913,0.000035,0.000034,0.000017
data_rand_fold3/Testing/glioma/Tr-gl_0505.jpg,MR051586,glioma,glioma,1,0.999591,3,1,0.999591,0.000246,0.000148,0.000014
data_rand_fold3/Testing/glioma/Tr-gl_0506.jpg,MR033389B,glioma,glioma,1,0.999880,3,1,0.999880,0.000017,0.000101,0.000002
data_rand_fold3/Testing/glioma/Tr-gl_0508.jpg,MR033389B,glioma,glioma,1,0.999817,3,1,0.999817,0.000039,0.000141,0.000002
data_rand_fold3/Testing/glioma/Tr-gl_0510.jpg,MR033389B,glioma,glioma,1,0.999870,3,1,0.999870,0.000067,0.000061,0.000001
data_rand_fold3/Testing/glioma/Tr-gl_0512.jpg,MR026175E,glioma,glioma,1,0.995249,3,1,0.995249,0.000779,0.003055,0.000917
data_rand_fold3/Testing/glioma/Tr-gl_0526.jpg,MR040240C,glioma,glioma,1,0.999871,3,1,0.999871,0.000103,0.000015,0.000011
data_rand_fold3/Testing/glioma/Tr-gl_0529.jpg,MR040240C,glioma,glioma,1,0.999961,3,1,0.999961,0.000007,0.000011,0.000021
data_rand_fold3/Testing/glioma/Tr-gl_0530.jpg,MR040240C,glioma,glioma,1,0.999679,3,1,0.999679,0.000018,0.000118,0.000185
data_rand_fold3/Testing/glioma/Tr-gl_0540.jpg,MR040240D,glioma,glioma,1,0.999975,3,1,0.999975,0.000006,0.000014,0.000005
data_rand_fold3/Testing/glioma/Tr-gl_0545.jpg,MR040240D,glioma,glioma,1,0.999951,3,1,0.999951,0.000033,0.000010,0.000006
data_rand_fold3/Testing/glioma/Tr-gl_0546.jpg,MR017260F,glioma,glioma,1,0.999982,3,1,0.999982,0.000010,0.000006,0.000002
data_rand_fold3/Testing/glioma/Tr-gl_0551.jpg,MR017260F,glioma,glioma,1,0.998913,3,1,0.998913,0.000037,0.001032,0.000018
data_rand_fold3/Testing/glioma/Tr-gl_0564.jpg,MR048294,glioma,glioma,1,0.996260,3,1,0.996260,0.001753,0.001686,0.000301
data_rand_fold3/Testing/glioma/Tr-gl_0568.jpg,MR048297,glioma,glioma,1,0.998916,3,1,0.998916,0.000341,0.000640,0.000102
data_rand_fold3/Testing/glioma/Tr-gl_0575.jpg,MR048294B,glioma,glioma,1,0.999602,3,1,0.999602,0.000110,0.000162,0.000127
data_rand_fold3/Testing/glioma/Tr-gl_0577.jpg,MR048621B,glioma,glioma,1,0.999742,3,1,0.999742,0.000205,0.000024,0.000029
data_rand_fold3/Testing/glioma/Tr-gl_0578.jpg,MR048621B,glioma,glioma,1,0.999942,3,1,0.999942,0.000023,0.000014,0.000022
data_rand_fold3/Testing/glioma/Tr-gl_0583.jpg,MR048944,glioma,glioma,1,0.999514,3,1,0.999514,0.000156,0.000309,0.000021
data_rand_fold3/Testing/glioma/Tr-gl_0589.jpg,MR048994,glioma,glioma,1,0.999866,3,1,0.999866,0.000066,0.000060,0.000009
data_rand_fold3/Testing/glioma/Tr-gl_0590.jpg,MR048994,glioma,glioma,1,0.999926,3,1,0.999926,0.000056,0.000014,0.000003
data_rand_fold3/Testing/glioma/Tr-gl_0592.jpg,MR048994,glioma,glioma,1,0.999958,3,1,0.999958,0.000031,0.000005,0.000006
data_rand_fold3/Testing/glioma/Tr-gl_0594.jpg,MR048994,glioma,glioma,1,0.999843,3,1,0.999843,0.000121,0.000024,0.000012
data_rand_fold3/Testing/glioma/Tr-gl_0596.jpg,MR037458C,glioma,glioma,1,0.999299,3,1,0.999299,0.000410,0.000250,0.000040
data_rand_fold3/Testing/glioma/Tr-gl_0598.jpg,MR040240,glioma,glioma,1,0.997717,3,1,0.997717,0.001116,0.000584,0.000583
data_rand_fold3/Testing/glioma/Tr-gl_0602.jpg,MR040240,glioma,glioma,1,0.996545,3,1,0.996545,0.001160,0.001976,0.000319
data_rand_fold3/Testing/glioma/Tr-gl_0603.jpg,MR040240,glioma,glioma,1,0.996968,3,1,0.996968,0.000604,0.002113,0.000315
data_rand_fold3/Testing/glioma/Tr-gl_0613.jpg,MR040240B,glioma,glioma,1,0.999931,3,1,0.999931,0.000044,0.000018,0.000006
data_rand_fold3/Testing/glioma/Tr-gl_0614.jpg,MR029209G,glioma,glioma,1,0.999562,3,1,0.999562,0.000239,0.000187,0.000011
data_rand_fold3/Testing/glioma/Tr-gl_0618.jpg,MR029209G,glioma,glioma,1,0.999979,3,1,0.999979,0.000011,0.000009,0.000001
data_rand_fold3/Testing/glioma/Tr-gl_0624.jpg,MR036496B,glioma,glioma,1,0.999361,3,1,0.999361,0.000115,0.000490,0.000033
data_rand_fold3/Testing/glioma/Tr-gl_0626.jpg,MR033420,glioma,glioma,1,0.995279,3,1,0.995279,0.003861,0.000752,0.000108
data_rand_fold3/Testing/glioma/Tr-gl_0636.jpg,MR033420,glioma,glioma,1,0.999918,3,1,0.999918,0.000044,0.000024,0.000014
data_rand_fold3/Testing/glioma/Tr-gl_0642.jpg,MR033389B,glioma,glioma,1,0.999926,3,1,0.999926,0.000024,0.000029,0.000021
data_rand_fold3/Testing/glioma/Tr-gl_0643.jpg,MR033389B,glioma,glioma,1,0.999872,3,1,0.999872,0.000025,0.000026,0.000077
data_rand_fold3/Testing/glioma/Tr-gl_0644.jpg,MR033389B,glioma,glioma,1,0.999723,3,1,0.999723,0.000089,0.000142,0.000045
data_rand_fold3/Testing/glioma/Tr-gl_0647.jpg,MR024780E,glioma,glioma,1,0.999420,3,1,0.999420,0.000047,0.000501,0.000032
data_rand_fold3/Testing/glioma/Tr-gl_0648.jpg,MR026175E,glioma,glioma,1,0.992844,3,1,0.992844,0.002061,0.004646,0.000449
data_rand_fold3/Testing/glioma/Tr-gl_0651.jpg,MR026175E,glioma,glioma,1,0.998914,3,1,0.998914,0.000411,0.000641,0.000033
data_rand_fold3/Testing/glioma/Tr-gl_0655.jpg,MR026175E,glioma,glioma,1,0.999971,3,1,0.999971,0.000009,0.000015,0.000004
data_rand_fold3/Testing/glioma/Tr-gl_0658.jpg,MR040240C,glioma,glioma,1,0.999912,3,1,0.999912,0.000055,0.000018,0.000015
data_rand_fold3/Testing/glioma/Tr-gl_0669.jpg,MR040240C,glioma,glioma,1,0.999583,3,1,0.999583,0.000166,0.000233,0.000018
data_rand_fold3/Testing/glioma/Tr-gl_0678.jpg,MR017260F,glioma,glioma,1,0.999494,3,1,0.999494,0.000485,0.000014,0.000006
data_rand_fold3/Testing/glioma/Tr-gl_0679.jpg,MR029209I,glioma,glioma,1,0.998582,3,1,0.998582,0.000609,0.000695,0.000114
data_rand_fold3/Testing/glioma/Tr-gl_0691.jpg,MR048294,glioma,glioma,1,0.995003,3,1,0.995003,0.004106,0.000664,0.000227
data_rand_fold3/Testing/glioma/Tr-gl_0705.jpg,MR051644,glioma,glioma,1,0.998779,3,1,0.998779,0.000579,0.000496,0.000146
data_rand_fold3/Testing/glioma/Tr-gl_0706.jpg,MR051644,glioma,glioma,1,0.999465,3,1,0.999465,0.000263,0.000243,0.000029
data_rand_fold3/Testing/glioma/Tr-gl_0716.jpg,MR051796,glioma,glioma,1,0.999712,3,1,0.999712,0.000151,0.000031,0.000106
data_rand_fold3/Testing/glioma/Tr-gl_0720.jpg,MR051796,glioma,glioma,1,0.999638,3,1,0.999638,0.000226,0.000062,0.000074
data_rand_fold3/Testing/glioma/Tr-gl_0728.jpg,MR051796B,glioma,glioma,1,0.999637,3,1,0.999637,0.000270,0.000059,0.000035
data_rand_fold3/Testing/glioma/Tr-gl_0734.jpg,MR052550,glioma,glioma,1,0.998211,3,1,0.998211,0.000292,0.001317,0.000181
data_rand_fold3/Testing/glioma/Tr-gl_0742.jpg,MR051644C,glioma,glioma,1,0.999548,3,1,0.999548,0.000216,0.000202,0.000033
data_rand_fold3/Testing/glioma/Tr-gl_0744.jpg,MR051644C,glioma,glioma,1,0.999904,3,1,0.999904,0.000023,0.000047,0.000026
data_rand_fold3/Testing/glioma/Tr-gl_0745.jpg,MR051644C,glioma,glioma,1,0.999923,3,1,0.999923,0.000019,0.000047,0.000012
data_rand_fold3/Testing/glioma/Tr-gl_0750.jpg,MR049942B,glioma,glioma,1,0.994315,3,1,0.994315,0.000888,0.004349,0.000448
data_rand_fold3/Testing/glioma/Tr-gl_0751.jpg,MR049942B,glioma,glioma,1,0.993144,3,1,0.993144,0.000610,0.003242,0.003005
data_rand_fold3/Testing/glioma/Tr-gl_0759.jpg,MR053110B,glioma,glioma,1,0.998561,3,1,0.998561,0.000504,0.000678,0.000257
data_rand_fold3/Testing/glioma/Tr-gl_0761.jpg,MR053110B,glioma,glioma,1,0.998958,3,1,0.998958,0.000269,0.000533,0.000239
data_rand_fold3/Testing/glioma/Tr-gl_0767.jpg,MR034694,glioma,glioma,1,0.999160,3,1,0.999160,0.000082,0.000542,0.000216
data_rand_fold3/Testing/glioma/Tr-gl_0768.jpg,MR034694,glioma,glioma,1,0.999575,3,1,0.999575,0.000087,0.000277,0.000061
data_rand_fold3/Testing/glioma/Tr-gl_0799.jpg,MR029209E,glioma,glioma,1,0.999990,3,1,0.999990,0.000005,0.000004,0.000002
data_rand_fold3/Testing/glioma/Tr-gl_0808.jpg,MR053110E,glioma,glioma,1,0.999488,3,1,0.999488,0.000185,0.000268,0.000059
data_rand_fold3/Testing/glioma/Tr-gl_0809.jpg,MR053110E,glioma,glioma,1,0.999702,3,1,0.999702,0.000125,0.000126,0.000046
data_rand_fold3/Testing/glioma/Tr-gl_0832.jpg,MR032322C,glioma,glioma,1,0.783637,3,1,0.783637,0.177916,0.037955,0.000492
data_rand_fold3/Testing/glioma/Tr-gl_0836.jpg,MR032322C,glioma,glioma,1,0.986909,3,1,0.986909,0.006944,0.006065,0.000083
data_rand_fold3/Testing/glioma/Tr-gl_0847.jpg,MR039473,glioma,glioma,1,0.999810,3,1,0.999810,0.000110,0.000064,0.000017
data_rand_fold3/Testing/glioma/Tr-gl_0859.jpg,MR037458C,glioma,glioma,1,0.999101,3,1,0.999101,0.000334,0.000449,0.000117
data_rand_fold3/Testing/glioma/Tr-gl_0869.jpg,MR029209E,glioma,glioma,1,0.999627,3,1,0.999627,0.000294,0.000027,0.000052
data_rand_fold3/Testing/glioma/Tr-gl_0874.jpg,MR053110E,glioma,glioma,1,0.999881,3,1,0.999881,0.000104,0.000002,0.000012
data_rand_fold3/Testing/glioma/Tr-gl_0876.jpg,MR049019G,glioma,glioma,1,0.999712,3,1,0.999712,0.000128,0.000020,0.000140
data_rand_fold3/Testing/glioma/Tr-gl_0878.jpg,MR049019G,glioma,glioma,1,0.993090,3,1,0.993090,0.000641,0.000732,0.005537
data_rand_fold3/Testing/glioma/Tr-gl_0888.jpg,MR032322C,glioma,glioma,1,0.999914,3,1,0.999914,0.000061,0.000006,0.000019
data_rand_fold3/Testing/glioma/Tr-gl_0889.jpg,MR032322C,glioma,glioma,1,0.989268,3,1,0.989268,0.006324,0.000289,0.004119
data_rand_fold3/Testing/glioma/Tr-gl_0898.jpg,MR037458B,glioma,glioma,1,0.986217,3,1,0.986217,0.013049,0.000694,0.000040
data_rand_fold3/Testing/glioma/Tr-gl_0910.jpg,MR039473B,glioma,glioma,1,0.999467,3,1,0.999467,0.000167,0.000050,0.000316
data_rand_fold3/Testing/glioma/Tr-gl_0913.jpg,MR040240,glioma,glioma,1,0.985900,3,1,0.985900,0.004986,0.002926,0.006188
data_rand_fold3/Testing/glioma/Tr-gl_0919.jpg,MR040240,glioma,glioma,1,0.994216,3,1,0.994216,0.004322,0.000272,0.001189
data_rand_fold3/Testing/glioma/Tr-gl_0924.jpg,MR040240B,glioma,glioma,1,0.999295,3,1,0.999295,0.000456,0.000029,0.000219
data_rand_fold3/Testing/glioma/Tr-gl_0926.jpg,MR029209G,glioma,glioma,1,0.999792,3,1,0.999792,0.000134,0.000010,0.000064
data_rand_fold3/Testing/glioma/Tr-gl_0929.jpg,MR029209G,glioma,glioma,1,0.999870,3,1,0.999870,0.000098,0.000001,0.000031
data_rand_fold3/Testing/glioma/Tr-gl_0930.jpg,MR036496B,glioma,glioma,1,0.999814,3,1,0.999814,0.000135,0.000028,0.000023
data_rand_fold3/Testing/glioma/Tr-gl_0934.jpg,MR033420,glioma,glioma,1,0.999750,3,1,0.999750,0.000213,0.000019,0.000018
data_rand_fold3/Testing/glioma/Tr-gl_0941.jpg,MR033420,glioma,glioma,1,0.999796,3,1,0.999796,0.000146,0.000033,0.000025
data_rand_fold3/Testing/glioma/Tr-gl_0947.jpg,MR048297,glioma,glioma,1,0.994581,3,1,0.994581,0.004665,0.000717,0.000037
data_rand_fold3/Testing/glioma/Tr-gl_0951.jpg,MR048297,glioma,glioma,1,0.823007,3,1,0.823007,0.170381,0.006230,0.000382
data_rand_fold3/Testing/glioma/Tr-gl_0952.jpg,MR048297,glioma,glioma,1,0.999558,3,1,0.999558,0.000271,0.000138,0.000033
data_rand_fold3/Testing/glioma/Tr-gl_0955.jpg,MR048294B,glioma,glioma,1,0.999828,3,1,0.999828,0.000069,0.000062,0.000041
data_rand_fold3/Testing/glioma/Tr-gl_0956.jpg,MR048294B,glioma,glioma,1,0.999858,3,1,0.999858,0.000079,0.000041,0.000022
data_rand_fold3/Testing/glioma/Tr-gl_0958.jpg,MR048294B,glioma,glioma,1,0.997716,3,1,0.997716,0.000623,0.000245,0.001416
data_rand_fold3/Testing/glioma/Tr-gl_0959.jpg,MR048621B,glioma,glioma,1,0.999168,3,1,0.999168,0.000513,0.000196,0.000122
data_rand_fold3/Testing/glioma/Tr-gl_0963.jpg,MR048944,glioma,glioma,1,0.999962,3,1,0.999962,0.000025,0.000009,0.000004
data_rand_fold3/Testing/glioma/Tr-gl_0967.jpg,MR048994,glioma,glioma,1,0.999482,3,1,0.999482,0.000416,0.000033,0.000069
data_rand_fold3/Testing/glioma/Tr-gl_0968.jpg,MR048994,glioma,glioma,1,0.999604,3,1,0.999604,0.000367,0.000014,0.000015
data_rand_fold3/Testing/glioma/Tr-gl_0981.jpg,MR049358,glioma,glioma,1,0.999714,3,1,0.999714,0.000216,0.000058,0.000012
data_rand_fold3/Testing/glioma/Tr-gl_0985.jpg,MR049104B,glioma,glioma,1,0.995829,3,1,0.995829,0.000590,0.001833,0.001748
data_rand_fold3/Testing/glioma/Tr-gl_0989.jpg,MR049453,glioma,glioma,1,0.999511,3,1,0.999511,0.000101,0.000020,0.000368
data_rand_fold3/Testing/glioma/Tr-gl_0990.jpg,MR049453,glioma,glioma,1,0.998838,3,1,0.998838,0.000119,0.000070,0.000974
data_rand_fold3/Testing/glioma/Tr-gl_0991.jpg,MR049453,glioma,glioma,1,0.999121,3,1,0.999121,0.000112,0.000024,0.000743
data_rand_fold3/Testing/glioma/Tr-gl_1008.jpg,MR050687,glioma,glioma,1,0.999592,3,1,0.999592,0.000341,0.000048,0.000019
data_rand_fold3/Testing/glioma/Tr-gl_1016.jpg,MR050791B,glioma,glioma,1,0.660255,3,1,0.660255,0.336197,0.003187,0.000361
data_rand_fold3/Testing/glioma/Tr-gl_1021.jpg,MR051461,glioma,glioma,1,0.999969,3,1,0.999969,0.000012,0.000015,0.000004
data_rand_fold3/Testing/glioma/Tr-gl_1023.jpg,MR051461,glioma,glioma,1,0.999837,3,1,0.999837,0.000115,0.000039,0.000009
data_rand_fold3/Testing/glioma/Tr-gl_1024.jpg,MR051461,glioma,glioma,1,0.999867,3,1,0.999867,0.000098,0.000028,0.000008
data_rand_fold3/Testing/glioma/Tr-gl_1026.jpg,MR051586,glioma,glioma,1,0.998851,3,1,0.998851,0.000880,0.000230,0.000039
data_rand_fold3/Testing/glioma/Tr-gl_1033.jpg,MR051644,glioma,glioma,1,0.999570,3,1,0.999570,0.000090,0.000179,0.000161
data_rand_fold3/Testing/glioma/Tr-gl_1039.jpg,MR051651,glioma,glioma,1,0.999836,3,1,0.999836,0.000107,0.000054,0.000004
data_rand_fold3/Testing/glioma/Tr-gl_1040.jpg,MR051796,glioma,glioma,1,0.995806,3,1,0.995806,0.001428,0.000549,0.002217
data_rand_fold3/Testing/glioma/Tr-gl_1042.jpg,MR051796,glioma,glioma,1,0.998556,3,1,0.998556,0.001213,0.000053,0.000178
data_rand_fold3/Testing/glioma/Tr-gl_1046.jpg,MR051651B,glioma,glioma,1,0.961861,3,1,0.961861,0.037318,0.000209,0.000612
data_rand_fold3/Testing/glioma/Tr-gl_1049.jpg,MR051644B,glioma,glioma,1,0.999835,3,1,0.999835,0.000061,0.000024,0.000079
data_rand_fold3/Testing/glioma/Tr-gl_1055.jpg,MR051644B,glioma,glioma,1,0.999499,3,1,0.999499,0.000242,0.000190,0.000069
data_rand_fold3/Testing/glioma/Tr-gl_1056.jpg,MR051796B,glioma,glioma,1,0.998613,3,1,0.998613,0.000739,0.000363,0.000285
data_rand_fold3/Testing/glioma/Tr-gl_1067.jpg,MR051644C,glioma,glioma,1,0.999124,3,1,0.999124,0.000222,0.000072,0.000582
data_rand_fold3/Testing/glioma/Tr-gl_1070.jpg,MR051644C,glioma,glioma,1,0.999715,3,1,0.999715,0.000153,0.000052,0.000080
data_rand_fold3/Testing/glioma/Tr-gl_1073.jpg,MR052585B,glioma,glioma,1,0.998586,3,1,0.998586,0.000286,0.000051,0.001077
data_rand_fold3/Testing/glioma/Tr-gl_1090.jpg,MR050687C,glioma,glioma,1,0.996418,3,1,0.996418,0.003083,0.000093,0.000407
data_rand_fold3/Testing/glioma/Tr-gl_1103.jpg,MR033389B,glioma,glioma,1,0.990283,3,1,0.990283,0.009069,0.000482,0.000167
data_rand_fold3/Testing/glioma/Tr-gl_1106.jpg,MR033389B,glioma,glioma,1,0.998100,3,1,0.998100,0.001388,0.000235,0.000278
data_rand_fold3/Testing/glioma/Tr-gl_1113.jpg,MR040240C,glioma,glioma,1,0.995734,3,1,0.995734,0.003720,0.000361,0.000185
data_rand_fold3/Testing/glioma/Tr-gl_1116.jpg,MR040240D,glioma,glioma,1,0.995574,3,1,0.995574,0.003694,0.000204,0.000527
data_rand_fold3/Testing/glioma/Tr-gl_1118.jpg,MR017260F,glioma,glioma,1,0.989886,3,1,0.989886,0.009983,0.000072,0.000059
data_rand_fold3/Testing/glioma/Tr-gl_1119.jpg,MR017260F,glioma,glioma,1,0.999807,3,1,0.999807,0.000169,0.000017,0.000007
data_rand_fold3/Testing/glioma/Tr-gl_1128.jpg,MR029209I,glioma,glioma,1,0.998947,3,1,0.998947,0.000822,0.000108,0.000124
data_rand_fold3/Testing/glioma/Tr-gl_1130.jpg,100820,glioma,glioma,1,0.775918,3,1,0.775918,0.009183,0.211476,0.003423
data_rand_fold3/Testing/glioma/Tr-gl_1131.jpg,100820,glioma,glioma,1,0.715758,3,1,0.715758,0.095131,0.174082,0.015030
data_rand_fold3/Testing/glioma/Tr-gl_1136.jpg,101020,glioma,glioma,1,0.849991,3,1,0.849991,0.144518,0.004160,0.001331
data_rand_fold3/Testing/glioma/Tr-gl_1144.jpg,106494,glioma,glioma,1,0.918623,3,1,0.918623,0.038872,0.037504,0.005001
data_rand_fold3/Testing/glioma/Tr-gl_1152.jpg,107747,glioma,glioma,1,0.999830,3,1,0.999830,0.000146,0.000019,0.000005
data_rand_fold3/Testing/glioma/Tr-gl_1155.jpg,112105,glioma,glioma,1,0.990726,3,1,0.990726,0.000926,0.004926,0.003422
data_rand_fold3/Testing/glioma/Tr-gl_1165.jpg,101020,glioma,glioma,1,0.995817,3,1,0.995817,0.004003,0.000169,0.000011
data_rand_fold3/Testing/glioma/Tr-gl_1169.jpg,102075,glioma,glioma,1,0.918346,3,1,0.918346,0.066113,0.014414,0.001127
data_rand_fold3/Testing/glioma/Tr-gl_1170.jpg,103148,glioma,glioma,1,0.997033,3,1,0.997033,0.002096,0.000601,0.000270
data_rand_fold3/Testing/glioma/Tr-gl_1173.jpg,106494,glioma,meningioma,0,0.687639,3,1,0.308045,0.687639,0.004017,0.000299
data_rand_fold3/Testing/glioma/Tr-gl_1174.jpg,106494,glioma,glioma,1,0.677902,3,1,0.677902,0.316590,0.005360,0.000148
data_rand_fold3/Testing/glioma/Tr-gl_1175.jpg,106494,glioma,glioma,1,0.605701,3,1,0.605701,0.391861,0.002375,0.000063
data_rand_fold3/Testing/glioma/Tr-gl_1177.jpg,107747,glioma,glioma,1,0.996706,3,1,0.996706,0.002988,0.000060,0.000247
data_rand_fold3/Testing/glioma/Tr-gl_1187.jpg,112105,glioma,glioma,1,0.982129,3,1,0.982129,0.017582,0.000213,0.000076
data_rand_fold3/Testing/glioma/Tr-gl_1188.jpg,112105,glioma,glioma,1,0.997062,3,1,0.997062,0.002841,0.000086,0.000011
data_rand_fold3/Testing/glioma/Tr-gl_1194.jpg,88670,glioma,meningioma,0,0.905232,3,1,0.091899,0.905232,0.002752,0.000118
data_rand_fold3/Testing/glioma/Tr-gl_1195.jpg,90284,glioma,glioma,1,0.998470,3,1,0.998470,0.000603,0.000260,0.000667
data_rand_fold3/Testing/glioma/Tr-gl_1219.jpg,102075,glioma,glioma,1,0.851164,3,1,0.851164,0.135947,0.004202,0.008687
data_rand_fold3/Testing/glioma/Tr-gl_1228.jpg,106494,glioma,glioma,1,0.977518,3,1,0.977518,0.015988,0.006107,0.000387
data_rand_fold3/Testing/glioma/Tr-gl_1233.jpg,108479,glioma,pituitary,0,0.402544,3,1,0.256552,0.333947,0.006956,0.402544
data_rand_fold3/Testing/glioma/Tr-gl_1236.jpg,112105,glioma,glioma,1,0.913963,3,1,0.913963,0.084506,0.000154,0.001378
data_rand_fold3/Testing/glioma/Tr-gl_1239.jpg,88670,glioma,glioma,1,0.995977,3,1,0.995977,0.003815,0.000161,0.000048
data_rand_fold3/Testing/glioma/Tr-gl_1244.jpg,90284,glioma,glioma,1,0.993000,3,1,0.993000,0.005905,0.001026,0.000069
data_rand_fold3/Testing/glioma/Tr-gl_1246.jpg,90284,glioma,glioma,1,0.951540,3,1,0.951540,0.013791,0.002100,0.032570
data_rand_fold3/Testing/glioma/Tr-gl_1268.jpg,96587,glioma,glioma,1,0.969343,3,1,0.969343,0.029077,0.000499,0.001081
data_rand_fold3/Testing/glioma/Tr-gl_1269.jpg,97609,glioma,glioma,1,0.999810,3,1,0.999810,0.000180,0.000008,0.000002
data_rand_fold3/Testing/glioma/Tr-gl_1272.jpg,98889,glioma,glioma,1,0.983362,3,1,0.983362,0.016079,0.000502,0.000057
data_rand_fold3/Testing/glioma/Tr-gl_1274.jpg,98889,glioma,glioma,1,0.997413,3,1,0.997413,0.001646,0.000892,0.000050
data_rand_fold3/Testing/glioma/Tr-gl_1276.jpg,MR048294,glioma,glioma,1,0.999847,3,1,0.999847,0.000031,0.000079,0.000043
data_rand_fold3/Testing/glioma/Tr-gl_1282.jpg,MR048297,glioma,glioma,1,0.999869,3,1,0.999869,0.000015,0.000109,0.000007
data_rand_fold3/Testing/glioma/Tr-gl_1294.jpg,MR048944,glioma,glioma,1,0.998016,3,1,0.998016,0.000819,0.000328,0.000836
data_rand_fold3/Testing/glioma/Tr-gl_1300.jpg,MR048994,glioma,glioma,1,0.997923,3,1,0.997923,0.001969,0.000059,0.000049
data_rand_fold3/Testing/glioma/Tr-gl_1302.jpg,MR048994,glioma,glioma,1,0.999957,3,1,0.999957,0.000038,0.000002,0.000002
data_rand_fold3/Testing/glioma/Tr-gl_1308.jpg,MR049142,glioma,glioma,1,0.756413,3,1,0.756413,0.226964,0.013146,0.003477
data_rand_fold3/Testing/glioma/Tr-gl_1310.jpg,MR048994B,glioma,glioma,1,0.999987,3,1,0.999987,0.000003,0.000006,0.000004
data_rand_fold3/Testing/glioma/Tr-gl_1313.jpg,MR048994B,glioma,glioma,1,0.999995,3,1,0.999995,0.000004,0.000001,0.000001
data_rand_fold3/Testing/glioma/Tr-gl_1316.jpg,MR048944B,glioma,glioma,1,0.996806,3,1,0.996806,0.000151,0.002840,0.000203
data_rand_fold3/Testing/glioma/Tr-gl_1320.jpg,MR048944B,glioma,glioma,1,0.999781,3,1,0.999781,0.000049,0.000157,0.000014
data_rand_fold3/Testing/meningioma/Te-me_0123.jpg,111366,meningioma,meningioma,1,0.996079,3,1,0.000290,0.996079,0.000094,0.003538
data_rand_fold3/Testing/meningioma/Te-me_0124.jpg,112002,meningioma,meningioma,1,0.968450,3,1,0.000883,0.968450,0.029696,0.000971
data_rand_fold3/Testing/meningioma/Te-me_0126.jpg,112252,meningioma,meningioma,1,0.836905,3,1,0.159668,0.836905,0.002950,0.000477
data_rand_fold3/Testing/meningioma/Te-me_0127.jpg,112552,meningioma,meningioma,1,0.999964,3,1,0.000027,0.999964,0.000004,0.000006
data_rand_fold3/Testing/meningioma/Te-me_0137.jpg,97943,meningioma,meningioma,1,0.998002,3,1,0.000693,0.998002,0.000262,0.001043
data_rand_fold3/Testing/meningioma/Te-me_0141.jpg,100360,meningioma,meningioma,1,0.988406,3,1,0.004915,0.988406,0.000168,0.006511
data_rand_fold3/Testing/meningioma/Te-me_0142.jpg,100360,meningioma,meningioma,1,0.999838,3,1,0.000102,0.999838,0.000012,0.000049
data_rand_fold3/Testing/meningioma/Te-me_0150.jpg,99308,meningioma,meningioma,1,0.999931,3,1,0.000030,0.999931,0.000002,0.000037
data_rand_fold3/Testing/meningioma/Te-me_0151.jpg,101797,meningioma,meningioma,1,0.999977,3,1,0.000002,0.999977,0.000019,0.000002
data_rand_fold3/Testing/meningioma/Te-me_0157.jpg,101797,meningioma,meningioma,1,0.999264,3,1,0.000031,0.999264,0.000141,0.000564
data_rand_fold3/Testing/meningioma/Te-me_0158.jpg,102420,meningioma,meningioma,1,0.999997,3,1,0.000001,0.999997,0.000001,0.000001
data_rand_fold3/Testing/meningioma/Te-me_0159.jpg,102420,meningioma,meningioma,1,0.999485,3,1,0.000047,0.999485,0.000444,0.000024
data_rand_fold3/Testing/meningioma/Te-me_0161.jpg,102929,meningioma,meningioma,1,0.999641,3,1,0.000016,0.999641,0.000021,0.000321
data_rand_fold3/Testing/meningioma/Te-me_0162.jpg,102929,meningioma,meningioma,1,0.999744,3,1,0.000136,0.999744,0.000061,0.000059
data_rand_fold3/Testing/meningioma/Te-me_0163.jpg,103673,meningioma,pituitary,0,0.994580,3,1,0.000021,0.005365,0.000034,0.994580
data_rand_fold3/Testing/meningioma/Te-me_0182.jpg,102929,meningioma,meningioma,1,0.997302,3,1,0.000439,0.997302,0.001611,0.000649
data_rand_fold3/Testing/meningioma/Te-me_0189.jpg,110116,meningioma,meningioma,1,0.998744,3,1,0.000003,0.998744,0.000098,0.001156
data_rand_fold3/Testing/meningioma/Te-me_0204.jpg,100360,meningioma,meningioma,1,0.999884,3,1,0.000027,0.999884,0.000006,0.000082
data_rand_fold3/Testing/meningioma/Te-me_0214.jpg,99089,meningioma,meningioma,1,0.999952,3,1,0.000008,0.999952,0.000004,0.000036
data_rand_fold3/Testing/meningioma/Te-me_0222.jpg,101127,meningioma,meningioma,1,0.998089,3,1,0.001390,0.998089,0.000128,0.000393
data_rand_fold3/Testing/meningioma/Te-me_0233.jpg,103925,meningioma,meningioma,1,0.999715,3,1,0.000046,0.999715,0.000019,0.000220
data_rand_fold3/Testing/meningioma/Te-me_0235.jpg,104281,meningioma,meningioma,1,0.999660,3,1,0.000068,0.999660,0.000235,0.000037
data_rand_fold3/Testing/meningioma/Te-me_0236.jpg,104695,meningioma,meningioma,1,0.974087,3,1,0.024120,0.974087,0.001615,0.000178
data_rand_fold3/Testing/meningioma/Te-me_0237.jpg,105555,meningioma,meningioma,1,0.999190,3,1,0.000710,0.999190,0.000057,0.000044
data_rand_fold3/Testing/meningioma/Te-me_0239.jpg,106284,meningioma,meningioma,1,0.997215,3,1,0.000430,0.997215,0.001028,0.001326
data_rand_fold3/Testing/meningioma/Te-me_0244.jpg,106914,meningioma,meningioma,1,0.999671,3,1,0.000133,0.999671,0.000053,0.000143
data_rand_fold3/Testing/meningioma/Te-me_0269.jpg,113554,meningioma,meningioma,1,0.799437,3,1,0.057041,0.799437,0.112474,0.031048
data_rand_fold3/Testing/meningioma/Te-me_0281.jpg,97943,meningioma,meningioma,1,0.999898,3,1,0.000043,0.999898,0.000053,0.000007
data_rand_fold3/Testing/meningioma/Te-me_0283.jpg,98241,meningioma,meningioma,1,0.999925,3,1,0.000004,0.999925,0.000008,0.000063
data_rand_fold3/Testing/meningioma/Te-me_0286.jpg,99288,meningioma,meningioma,1,0.899333,3,1,0.097878,0.899333,0.000873,0.001915
data_rand_fold3/Testing/meningioma/Te-me_0300.jpg,101127,meningioma,meningioma,1,0.977283,3,1,0.000778,0.977283,0.019011,0.002927
data_rand_fold3/Testing/meningioma/Te-me_0301.jpg,114359,meningioma,meningioma,1,0.999994,3,1,0.000004,0.999994,0.000001,0.000001
data_rand_fold3/Testing/meningioma/Tr-me_0011.jpg,108514,meningioma,meningioma,1,0.998539,3,1,0.001251,0.998539,0.000010,0.000200
data_rand_fold3/Testing/meningioma/Tr-me_0016.jpg,108945,meningioma,meningioma,1,0.999944,3,1,0.000013,0.999944,0.000018,0.000024
data_rand_fold3/Testing/meningioma/Tr-me_0019.jpg,108945,meningioma,meningioma,1,0.999903,3,1,0.000038,0.999903,0.000012,0.000047
data_rand_fold3/Testing/meningioma/Tr-me_0028.jpg,111366,meningioma,meningioma,1,0.987839,3,1,0.003548,0.987839,0.003870,0.004744
data_rand_fold3/Testing/meningioma/Tr-me_0036.jpg,112002,meningioma,meningioma,1,0.998533,3,1,0.001303,0.998533,0.000095,0.000069
data_rand_fold3/Testing/meningioma/Tr-me_0037.jpg,112062,meningioma,meningioma,1,0.999881,3,1,0.000048,0.999881,0.000019,0.000052
data_rand_fold3/Testing/meningioma/Tr-me_0039.jpg,112252,meningioma,meningioma,1,0.879655,3,1,0.118364,0.879655,0.001574,0.000407
data_rand_fold3/Testing/meningioma/Tr-me_0040.jpg,112552,meningioma,meningioma,1,0.991695,3,1,0.003078,0.991695,0.002916,0.002311
data_rand_fold3/Testing/meningioma/Tr-me_0043.jpg,100360,meningioma,meningioma,1,0.920880,3,1,0.077225,0.920880,0.000634,0.001260
data_rand_fold3/Testing/meningioma/Tr-me_0054.jpg,113554,meningioma,meningioma,1,0.999433,3,1,0.000052,0.999433,0.000327,0.000187
data_rand_fold3/Testing/meningioma/Tr-me_0058.jpg,114018,meningioma,meningioma,1,0.999612,3,1,0.000001,0.999612,0.000017,0.000370
data_rand_fold3/Testing/meningioma/Tr-me_0059.jpg,114018,meningioma,meningioma,1,0.998351,3,1,0.000001,0.998351,0.000009,0.001639
data_rand_fold3/Testing/meningioma/Tr-me_0063.jpg,114359,meningioma,meningioma,1,0.981025,3,1,0.018500,0.981025,0.000401,0.000075
data_rand_fold3/Testing/meningioma/Tr-me_0066.jpg,114359,meningioma,meningioma,1,0.797670,3,1,0.201123,0.797670,0.001013,0.000194
data_rand_fold3/Testing/meningioma/Tr-me_0068.jpg,100572,meningioma,meningioma,1,0.999868,3,1,0.000010,0.999868,0.000045,0.000077
data_rand_fold3/Testing/meningioma/Tr-me_0069.jpg,97607,meningioma,meningioma,1,0.999992,3,1,0.000002,0.999992,0.000001,0.000005
data_rand_fold3/Testing/meningioma/Tr-me_0079.jpg,97943,meningioma,meningioma,1,0.998792,3,1,0.000431,0.998792,0.000383,0.000394
data_rand_fold3/Testing/meningioma/Tr-me_0089.jpg,101016,meningioma,meningioma,1,0.999859,3,1,0.000009,0.999859,0.000103,0.000030
data_rand_fold3/Testing/meningioma/Tr-me_0090.jpg,101016,meningioma,meningioma,1,0.999619,3,1,0.000068,0.999619,0.000279,0.000034
data_rand_fold3/Testing/meningioma/Tr-me_0095.jpg,101797,meningioma,meningioma,1,0.998583,3,1,0.000079,0.998583,0.000310,0.001028
data_rand_fold3/Testing/meningioma/Tr-me_0096.jpg,101797,meningioma,meningioma,1,0.998628,3,1,0.000064,0.998628,0.000222,0.001087
data_rand_fold3/Testing/meningioma/Tr-me_0099.jpg,101797,meningioma,meningioma,1,0.999253,3,1,0.000086,0.999253,0.000337,0.000324
data_rand_fold3/Testing/meningioma/Tr-me_0100.jpg,102420,meningioma,meningioma,1,0.999988,3,1,0.000010,0.999988,0.000001,0.000001
data_rand_fold3/Testing/meningioma/Tr-me_0112.jpg,102929,meningioma,meningioma,1,0.999810,3,1,0.000009,0.999810,0.000015,0.000165
data_rand_fold3/Testing/meningioma/Tr-me_0119.jpg,103673,meningioma,pituitary,0,0.999495,3,1,0.000052,0.000418,0.000035,0.999495
data_rand_fold3/Testing/meningioma/Tr-me_0121.jpg,103673,meningioma,pituitary,0,0.958840,3,1,0.000028,0.041070,0.000062,0.958840
data_rand_fold3/Testing/meningioma/Tr-me_0123.jpg,103673,meningioma,pituitary,0,0.988898,3,1,0.000073,0.010674,0.000355,0.988898
data_rand_fold3/Testing/meningioma/Tr-me_0124.jpg,103673,meningioma,pituitary,0,0.997841,3,1,0.000015,0.002023,0.000122,0.997841
data_rand_fold3/Testing/meningioma/Tr-me_0135.jpg,103925,meningioma,meningioma,1,0.998132,3,1,0.001670,0.998132,0.000154,0.000043
data_rand_fold3/Testing/meningioma/Tr-me_0143.jpg,104281,meningioma,meningioma,1,0.999958,3,1,0.000032,0.999958,0.000006,0.000004
data_rand_fold3/Testing/meningioma/Tr-me_0157.jpg,105937,meningioma,meningioma,1,0.999951,3,1,0.000000,0.999951,0.000012,0.000036
data_rand_fold3/Testing/meningioma/Tr-me_0164.jpg,99308,meningioma,meningioma,1,0.993375,3,1,0.006565,0.993375,0.000027,0.000032
data_rand_fold3/Testing/meningioma/Tr-me_0167.jpg,106914,meningioma,meningioma,1,0.999669,3,1,0.000043,0.999669,0.000004,0.000284
data_rand_fold3/Testing/meningioma/Tr-me_0288.jpg,101016,meningioma,meningioma,1,0.999414,3,1,0.000221,0.999414,0.000283,0.000083
data_rand_fold3/Testing/meningioma/Tr-me_0301.jpg,102714,meningioma,meningioma,1,0.992289,3,1,0.000217,0.992289,0.001552,0.005941
data_rand_fold3/Testing/meningioma/Tr-me_0302.jpg,102714,meningioma,meningioma,1,0.999647,3,1,0.000004,0.999647,0.000086,0.000262
data_rand_fold3/Testing/meningioma/Tr-me_0304.jpg,102714,meningioma,meningioma,1,0.999410,3,1,0.000003,0.999410,0.000144,0.000443
data_rand_fold3/Testing/meningioma/Tr-me_0306.jpg,102929,meningioma,meningioma,1,0.999620,3,1,0.000034,0.999620,0.000179,0.000167
data_rand_fold3/Testing/meningioma/Tr-me_0307.jpg,102929,meningioma,meningioma,1,0.937735,3,1,0.038964,0.937735,0.019673,0.003628
data_rand_fold3/Testing/meningioma/Tr-me_0309.jpg,103673,meningioma,pituitary,0,0.999805,3,1,0.000003,0.000128,0.000063,0.999805
data_rand_fold3/Testing/meningioma/Tr-me_0316.jpg,103925,meningioma,meningioma,1,0.999195,3,1,0.000031,0.999195,0.000073,0.000701
data_rand_fold3/Testing/meningioma/Tr-me_0319.jpg,104167,meningioma,meningioma,1,0.999997,3,1,0.000000,0.999997,0.000001,0.000002
data_rand_fold3/Testing/meningioma/Tr-me_0321.jpg,104167,meningioma,meningioma,1,0.999986,3,1,0.000003,0.999986,0.000005,0.000006
data_rand_fold3/Testing/meningioma/Tr-me_0322.jpg,104281,meningioma,meningioma,1,0.999726,3,1,0.000043,0.999726,0.000193,0.000037
data_rand_fold3/Testing/meningioma/Tr-me_0324.jpg,104281,meningioma,meningioma,1,0.999808,3,1,0.000041,0.999808,0.000105,0.000045
data_rand_fold3/Testing/meningioma/Tr-me_0325.jpg,104281,meningioma,meningioma,1,0.999978,3,1,0.000011,0.999978,0.000005,0.000007
data_rand_fold3/Testing/meningioma/Tr-me_0339.jpg,106284,meningioma,meningioma,1,0.999635,3,1,0.000016,0.999635,0.000022,0.000327
data_rand_fold3/Testing/meningioma/Tr-me_0340.jpg,106442,meningioma,meningioma,1,0.995181,3,1,0.000259,0.995181,0.003988,0.000572
data_rand_fold3/Testing/meningioma/Tr-me_0345.jpg,106534,meningioma,meningioma,1,0.997569,3,1,0.002144,0.997569,0.000160,0.000127
data_rand_fold3/Testing/meningioma/Tr-me_0347.jpg,106665,meningioma,meningioma,1,0.930228,3,1,0.023604,0.930228,0.004677,0.041491
data_rand_fold3/Testing/meningioma/Tr-me_0368.jpg,113805,meningioma,meningioma,1,0.975048,3,1,0.022165,0.975048,0.002307,0.000480
data_rand_fold3/Testing/meningioma/Tr-me_0382.jpg,108514,meningioma,meningioma,1,0.998674,3,1,0.001015,0.998674,0.000285,0.000026
data_rand_fold3/Testing/meningioma/Tr-me_0391.jpg,114359,meningioma,meningioma,1,0.979866,3,1,0.019261,0.979866,0.000800,0.000074
data_rand_fold3/Testing/meningioma/Tr-me_0393.jpg,108945,meningioma,meningioma,1,0.999464,3,1,0.000354,0.999464,0.000080,0.000103
data_rand_fold3/Testing/meningioma/Tr-me_0396.jpg,108945,meningioma,glioma,0,0.817147,3,1,0.817147,0.177241,0.004381,0.001231
data_rand_fold3/Testing/meningioma/Tr-me_0401.jpg,109968,meningioma,meningioma,1,0.999983,3,1,0.000001,0.999983,0.000007,0.000009
data_rand_fold3/Testing/meningioma/Tr-me_0415.jpg,111366,meningioma,meningioma,1,0.999752,3,1,0.000209,0.999752,0.000026,0.000013
data_rand_fold3/Testing/meningioma/Tr-me_0424.jpg,97607,meningioma,meningioma,1,0.999910,3,1,0.000007,0.999910,0.000076,0.000006
data_rand_fold3/Testing/meningioma/Tr-me_0426.jpg,112062,meningioma,meningioma,1,0.999633,3,1,0.000092,0.999633,0.000265,0.000010
data_rand_fold3/Testing/meningioma/Tr-me_0431.jpg,112252,meningioma,meningioma,1,0.999979,3,1,0.000007,0.999979,0.000008,0.000007
data_rand_fold3/Testing/meningioma/Tr-me_0440.jpg,112648,meningioma,meningioma,1,0.995078,3,1,0.003249,0.995078,0.001624,0.000049
data_rand_fold3/Testing/meningioma/Tr-me_0459.jpg,97737,meningioma,meningioma,1,0.999963,3,1,0.000001,0.999963,0.000021,0.000015
data_rand_fold3/Testing/meningioma/Tr-me_0462.jpg,97875,meningioma,meningioma,1,0.999971,3,1,0.000001,0.999971,0.000006,0.000022
data_rand_fold3/Testing/meningioma/Tr-me_0486.jpg,99308,meningioma,meningioma,1,0.999516,3,1,0.000290,0.999516,0.000118,0.000076
data_rand_fold3/Testing/meningioma/Tr-me_0490.jpg,114018,meningioma,meningioma,1,0.999889,3,1,0.000000,0.999889,0.000072,0.000038
data_rand_fold3/Testing/meningioma/Tr-me_0493.jpg,100360,meningioma,meningioma,1,0.997343,3,1,0.001010,0.997343,0.000019,0.001628
data_rand_fold3/Testing/meningioma/Tr-me_0496.jpg,100572,meningioma,meningioma,1,0.996240,3,1,0.002039,0.996240,0.000215,0.001507
data_rand_fold3/Testing/meningioma/Tr-me_0515.jpg,101797,meningioma,meningioma,1,0.999492,3,1,0.000056,0.999492,0.000149,0.000303
data_rand_fold3/Testing/meningioma/Tr-me_0526.jpg,106534,meningioma,meningioma,1,0.999012,3,1,0.000130,0.999012,0.000754,0.000104
data_rand_fold3/Testing/meningioma/Tr-me_0527.jpg,106534,meningioma,meningioma,1,0.957872,3,1,0.003223,0.957872,0.038001,0.000904
data_rand_fold3/Testing/meningioma/Tr-me_0537.jpg,106720,meningioma,meningioma,1,0.999864,3,1,0.000017,0.999864,0.000094,0.000024
data_rand_fold3/Testing/meningioma/Tr-me_0541.jpg,106914,meningioma,meningioma,1,0.999991,3,1,0.000002,0.999991,0.000002,0.000004
data_rand_fold3/Testing/meningioma/Tr-me_0542.jpg,106914,meningioma,meningioma,1,0.999996,3,1,0.000000,0.999996,0.000001,0.000003
data_rand_fold3/Testing/meningioma/Tr-me_0561.jpg,99162,meningioma,meningioma,1,0.999945,3,1,0.000011,0.999945,0.000019,0.000026
data_rand_fold3/Testing/meningioma/Tr-me_0565.jpg,99308,meningioma,meningioma,1,0.999798,3,1,0.000108,0.999798,0.000009,0.000086
data_rand_fold3/Testing/meningioma/Tr-me_0567.jpg,99308,meningioma,meningioma,1,0.999989,3,1,0.000007,0.999989,0.000001,0.000002
data_rand_fold3/Testing/meningioma/Tr-me_0568.jpg,111366,meningioma,meningioma,1,0.999480,3,1,0.000139,0.999480,0.000098,0.000282
data_rand_fold3/Testing/meningioma/Tr-me_0571.jpg,99815,meningioma,meningioma,1,0.989455,3,1,0.007016,0.989455,0.000995,0.002534
data_rand_fold3/Testing/meningioma/Tr-me_0578.jpg,88510,meningioma,meningioma,1,0.999857,3,1,0.000087,0.999857,0.000038,0.000017
data_rand_fold3/Testing/meningioma/Tr-me_0579.jpg,111366,meningioma,meningioma,1,0.999982,3,1,0.000002,0.999982,0.000002,0.000014
data_rand_fold3/Testing/meningioma/Tr-me_0598.jpg,101801,meningioma,meningioma,1,0.999874,3,1,0.000015,0.999874,0.000058,0.000053
data_rand_fold3/Testing/meningioma/Tr-me_0610.jpg,102818,meningioma,meningioma,1,0.999991,3,1,0.000005,0.999991,0.000000,0.000004
data_rand_fold3/Testing/meningioma/Tr-me_0613.jpg,102818,meningioma,meningioma,1,0.977082,3,1,0.010746,0.977082,0.000264,0.011908
data_rand_fold3/Testing/meningioma/Tr-me_0620.jpg,102960,meningioma,glioma,0,0.850087,3,1,0.850087,0.039671,0.004420,0.105822
data_rand_fold3/Testing/meningioma/Tr-me_0621.jpg,102985,meningioma,meningioma,1,0.439981,3,1,0.355967,0.439981,0.005921,0.198131
data_rand_fold3/Testing/meningioma/Tr-me_0622.jpg,111532,meningioma,meningioma,1,0.999972,3,1,0.000010,0.999972,0.000013,0.000005
data_rand_fold3/Testing/meningioma/Tr-me_0628.jpg,103925,meningioma,meningioma,1,0.940924,3,1,0.031944,0.940924,0.013596,0.013536
data_rand_fold3/Testing/meningioma/Tr-me_0631.jpg,103925,meningioma,meningioma,1,0.990945,3,1,0.007810,0.990945,0.000868,0.000376
data_rand_fold3/Testing/meningioma/Tr-me_0647.jpg,105555,meningioma,meningioma,1,0.997476,3,1,0.002430,0.997476,0.000047,0.000048
data_rand_fold3/Testing/meningioma/Tr-me_0651.jpg,106284,meningioma,meningioma,1,0.999985,3,1,0.000000,0.999985,0.000007,0.000008
data_rand_fold3/Testing/meningioma/Tr-me_0652.jpg,106284,meningioma,meningioma,1,0.999724,3,1,0.000005,0.999724,0.000120,0.000151
data_rand_fold3/Testing/meningioma/Tr-me_0658.jpg,106442,meningioma,meningioma,1,0.999718,3,1,0.000207,0.999718,0.000053,0.000021
data_rand_fold3/Testing/meningioma/Tr-me_0662.jpg,106665,meningioma,meningioma,1,0.997662,3,1,0.002087,0.997662,0.000193,0.000058
data_rand_fold3/Testing/meningioma/Tr-me_0663.jpg,106665,meningioma,meningioma,1,0.999962,3,1,0.000004,0.999962,0.000018,0.000016
data_rand_fold3/Testing/meningioma/Tr-me_0665.jpg,106665,meningioma,meningioma,1,0.999896,3,1,0.000044,0.999896,0.000017,0.000043
data_rand_fold3/Testing/meningioma/Tr-me_0666.jpg,106665,meningioma,meningioma,1,0.999763,3,1,0.000122,0.999763,0.000019,0.000096
data_rand_fold3/Testing/meningioma/Tr-me_0670.jpg,106720,meningioma,meningioma,1,0.999872,3,1,0.000061,0.999872,0.000065,0.000002
data_rand_fold3/Testing/meningioma/Tr-me_0672.jpg,106914,meningioma,meningioma,1,0.999737,3,1,0.000068,0.999737,0.000092,0.000102
data_rand_fold3/Testing/meningioma/Tr-me_0679.jpg,106914,meningioma,meningioma,1,0.999312,3,1,0.000604,0.999312,0.000035,0.000049
data_rand_fold3/Testing/meningioma/Tr-me_0680.jpg,107190,meningioma,meningioma,1,0.999347,3,1,0.000530,0.999347,0.000042,0.000081
data_rand_fold3/Testing/meningioma/Tr-me_0682.jpg,107248,meningioma,meningioma,1,0.992449,3,1,0.002528,0.992449,0.001692,0.003331
data_rand_fold3/Testing/meningioma/Tr-me_0684.jpg,107248,meningioma,meningioma,1,0.999646,3,1,0.000029,0.999646,0.000113,0.000212
data_rand_fold3/Testing/meningioma/Tr-me_0689.jpg,112002,meningioma,meningioma,1,0.999624,3,1,0.000116,0.999624,0.000190,0.000070
data_rand_fold3/Testing/meningioma/Tr-me_0696.jpg,108514,meningioma,meningioma,1,0.780772,3,1,0.211031,0.780772,0.005554,0.002643
data_rand_fold3/Testing/meningioma/Tr-me_0707.jpg,108945,meningioma,glioma,0,0.921282,3,1,0.921282,0.076905,0.000723,0.001090
data_rand_fold3/Testing/meningioma/Tr-me_0712.jpg,112252,meningioma,meningioma,1,0.999790,3,1,0.000180,0.999790,0.000025,0.000006
data_rand_fold3/Testing/meningioma/Tr-me_0725.jpg,109968,meningioma,meningioma,1,0.999999,3,1,0.000000,0.999999,0.000000,0.000000
data_rand_fold3/Testing/meningioma/Tr-me_0727.jpg,112650,meningioma,meningioma,1,0.999351,3,1,0.000535,0.999351,0.000012,0.000103
data_rand_fold3/Testing/meningioma/Tr-me_0730.jpg,113098,meningioma,meningioma,1,0.999986,3,1,0.000003,0.999986,0.000000,0.000011
data_rand_fold3/Testing/meningioma/Tr-me_0732.jpg,113435,meningioma,meningioma,1,0.999860,3,1,0.000096,0.999860,0.000031,0.000014
data_rand_fold3/Testing/meningioma/Tr-me_0734.jpg,113435,meningioma,meningioma,1,0.999951,3,1,0.000021,0.999951,0.000017,0.000011
data_rand_fold3/Testing/meningioma/Tr-me_0743.jpg,113614,meningioma,meningioma,1,0.997802,3,1,0.001332,0.997802,0.000201,0.000665
data_rand_fold3/Testing/meningioma/Tr-me_0746.jpg,113805,meningioma,meningioma,1,0.995634,3,1,0.004333,0.995634,0.000019,0.000013
data_rand_fold3/Testing/meningioma/Tr-me_0749.jpg,113971,meningioma,meningioma,1,0.884903,3,1,0.002198,0.884903,0.024711,0.088188
data_rand_fold3/Testing/meningioma/Tr-me_0750.jpg,114018,meningioma,meningioma,1,0.998195,3,1,0.000023,0.998195,0.001442,0.000340
data_rand_fold3/Testing/meningioma/Tr-me_0752.jpg,114018,meningioma,meningioma,1,0.999771,3,1,0.000002,0.999771,0.000028,0.000199
data_rand_fold3/Testing/meningioma/Tr-me_0760.jpg,114359,meningioma,meningioma,1,0.999960,3,1,0.000026,0.999960,0.000009,0.000005
data_rand_fold3/Testing/meningioma/Tr-me_0764.jpg,114417,meningioma,meningioma,1,0.997253,3,1,0.002713,0.997253,0.000020,0.000015
data_rand_fold3/Testing/meningioma/Tr-me_0768.jpg,97374,meningioma,meningioma,1,0.999456,3,1,0.000243,0.999456,0.000031,0.000270
data_rand_fold3/Testing/meningioma/Tr-me_0769.jpg,111077,meningioma,meningioma,1,0.999812,3,1,0.000111,0.999812,0.000037,0.000040
data_rand_fold3/Testing/meningioma/Tr-me_0775.jpg,97607,meningioma,meningioma,1,0.999668,3,1,0.000151,0.999668,0.000132,0.000049
data_rand_fold3/Testing/meningioma/Tr-me_0778.jpg,97737,meningioma,meningioma,1,0.999585,3,1,0.000175,0.999585,0.000081,0.000160
data_rand_fold3/Testing/meningioma/Tr-me_0779.jpg,97737,meningioma,meningioma,1,0.999851,3,1,0.000054,0.999851,0.000030,0.000064
data_rand_fold3/Testing/meningioma/Tr-me_0781.jpg,97737,meningioma,meningioma,1,0.999933,3,1,0.000019,0.999933,0.000020,0.000029
data_rand_fold3/Testing/meningioma/Tr-me_0792.jpg,101127,meningioma,meningioma,1,0.744396,3,1,0.007379,0.744396,0.151632,0.096593
data_rand_fold3/Testing/meningioma/Tr-me_0800.jpg,99017,meningioma,meningioma,1,0.823743,3,1,0.013567,0.823743,0.007137,0.155554
data_rand_fold3/Testing/meningioma/Tr-me_0812.jpg,100360,meningioma,meningioma,1,0.857751,3,1,0.138455,0.857751,0.003231,0.000563
data_rand_fold3/Testing/meningioma/Tr-me_0814.jpg,108550,meningioma,meningioma,1,0.999398,3,1,0.000028,0.999398,0.000051,0.000523
data_rand_fold3/Testing/meningioma/Tr-me_0818.jpg,100360,meningioma,meningioma,1,0.573529,3,1,0.423320,0.573529,0.001936,0.001215
data_rand_fold3/Testing/meningioma/Tr-me_0819.jpg,100572,meningioma,meningioma,1,0.996954,3,1,0.000773,0.996954,0.001483,0.000789
data_rand_fold3/Testing/meningioma/Tr-me_0821.jpg,100572,meningioma,meningioma,1,0.999781,3,1,0.000022,0.999781,0.000124,0.000073
data_rand_fold3/Testing/meningioma/Tr-me_0822.jpg,101016,meningioma,meningioma,1,0.999805,3,1,0.000013,0.999805,0.000162,0.000020
data_rand_fold3/Testing/meningioma/Tr-me_0823.jpg,108550,meningioma,meningioma,1,0.998771,3,1,0.000020,0.998771,0.000499,0.000710
data_rand_fold3/Testing/meningioma/Tr-me_0824.jpg,101016,meningioma,meningioma,1,0.999842,3,1,0.000010,0.999842,0.000137,0.000011
data_rand_fold3/Testing/meningioma/Tr-me_0825.jpg,101016,meningioma,meningioma,1,0.999811,3,1,0.000030,0.999811,0.000131,0.000029
data_rand_fold3/Testing/meningioma/Tr-me_0845.jpg,102714,meningioma,meningioma,1,0.997232,3,1,0.000861,0.997232,0.001851,0.000056
data_rand_fold3/Testing/meningioma/Tr-me_0849.jpg,102420,meningioma,meningioma,1,0.997733,3,1,0.000066,0.997733,0.001702,0.000498
data_rand_fold3/Testing/meningioma/Tr-me_0854.jpg,103673,meningioma,pituitary,0,0.992086,3,1,0.000029,0.007771,0.000113,0.992086
data_rand_fold3/Testing/meningioma/Tr-me_0855.jpg,103673,meningioma,pituitary,0,0.995130,3,1,0.000080,0.004386,0.000405,0.995130
data_rand_fold3/Testing/meningioma/Tr-me_0857.jpg,103673,meningioma,pituitary,0,0.998689,3,1,0.000011,0.001139,0.000161,0.998689
data_rand_fold3/Testing/meningioma/Tr-me_0867.jpg,102675,meningioma,meningioma,1,0.998385,3,1,0.000875,0.998385,0.000099,0.000641
data_rand_fold3/Testing/meningioma/Tr-me_0878.jpg,104281,meningioma,meningioma,1,0.999883,3,1,0.000069,0.999883,0.000009,0.000039
data_rand_fold3/Testing/meningioma/Tr-me_0882.jpg,105555,meningioma,meningioma,1,0.995729,3,1,0.002450,0.995729,0.001549,0.000272
data_rand_fold3/Testing/meningioma/Tr-me_0888.jpg,106284,meningioma,meningioma,1,0.999397,3,1,0.000052,0.999397,0.000506,0.000046
data_rand_fold3/Testing/meningioma/Tr-me_0891.jpg,106284,meningioma,meningioma,1,0.998621,3,1,0.000237,0.998621,0.000907,0.000234
data_rand_fold3/Testing/meningioma/Tr-me_0899.jpg,101016,meningioma,meningioma,1,0.999979,3,1,0.000001,0.999979,0.000007,0.000013
data_rand_fold3/Testing/meningioma/Tr-me_0900.jpg,106665,meningioma,meningioma,1,0.999665,3,1,0.000033,0.999665,0.000150,0.000152
data_rand_fold3/Testing/meningioma/Tr-me_0902.jpg,106665,meningioma,meningioma,1,0.999779,3,1,0.000061,0.999779,0.000096,0.000063
data_rand_fold3/Testing/meningioma/Tr-me_0917.jpg,107248,meningioma,meningioma,1,0.999009,3,1,0.000105,0.999009,0.000847,0.000038
data_rand_fold3/Testing/meningioma/Tr-me_0918.jpg,107494,meningioma,meningioma,1,0.987424,3,1,0.006757,0.987424,0.004838,0.000981
data_rand_fold3/Testing/meningioma/Tr-me_0927.jpg,108514,meningioma,meningioma,1,0.992944,3,1,0.005398,0.992944,0.001513,0.000146
data_rand_fold3/Testing/meningioma/Tr-me_0928.jpg,108550,meningioma,meningioma,1,0.999964,3,1,0.000009,0.999964,0.000003,0.000024
data_rand_fold3/Testing/meningioma/Tr-me_0935.jpg,109411,meningioma,meningioma,1,0.987550,3,1,0.003219,0.987550,0.009032,0.000198
data_rand_fold3/Testing/meningioma/Tr-me_0936.jpg,109968,meningioma,meningioma,1,0.999999,3,1,0.000001,0.999999,0.000001,0.000000
data_rand_fold3/Testing/meningioma/Tr-me_0939.jpg,110116,meningioma,meningioma,1,0.999914,3,1,0.000000,0.999914,0.000005,0.000081
data_rand_fold3/Testing/meningioma/Tr-me_0950.jpg,111532,meningioma,meningioma,1,0.999979,3,1,0.000005,0.999979,0.000008,0.000008
data_rand_fold3/Testing/meningioma/Tr-me_0951.jpg,111532,meningioma,meningioma,1,0.999990,3,1,0.000003,0.999990,0.000004,0.000004
data_rand_fold3/Testing/meningioma/Tr-me_0953.jpg,112002,meningioma,meningioma,1,0.975849,3,1,0.007983,0.975849,0.012656,0.003511
data_rand_fold3/Testing/meningioma/Tr-me_0956.jpg,112002,meningioma,meningioma,1,0.987344,3,1,0.006291,0.987344,0.003928,0.002437
data_rand_fold3/Testing/meningioma/Tr-me_0963.jpg,112552,meningioma,meningioma,1,0.999994,3,1,0.000001,0.999994,0.000004,0.000001
data_rand_fold3/Testing/meningioma/Tr-me_0965.jpg,112552,meningioma,meningioma,1,0.999999,3,1,0.000000,0.999999,0.000001,0.000000
data_rand_fold3/Testing/meningioma/Tr-me_0971.jpg,113435,meningioma,meningioma,1,0.999777,3,1,0.000026,0.999777,0.000081,0.000116
data_rand_fold3/Testing/meningioma/Tr-me_0973.jpg,113435,meningioma,meningioma,1,0.999537,3,1,0.000160,0.999537,0.000193,0.000110
data_rand_fold3/Testing/meningioma/Tr-me_0975.jpg,113435,meningioma,meningioma,1,0.999734,3,1,0.000177,0.999734,0.000040,0.000049
data_rand_fold3/Testing/meningioma/Tr-me_0977.jpg,113554,meningioma,meningioma,1,0.939308,3,1,0.057131,0.939308,0.002858,0.000703
data_rand_fold3/Testing/meningioma/Tr-me_0991.jpg,97607,meningioma,meningioma,1,0.999875,3,1,0.000008,0.999875,0.000111,0.000005
data_rand_fold3/Testing/meningioma/Tr-me_0993.jpg,97737,meningioma,meningioma,1,0.999916,3,1,0.000005,0.999916,0.000031,0.000048
data_rand_fold3/Testing/meningioma/Tr-me_1001.jpg,97943,meningioma,meningioma,1,0.999936,3,1,0.000017,0.999936,0.000025,0.000023
data_rand_fold3/Testing/meningioma/Tr-me_1016.jpg,99288,meningioma,meningioma,1,0.994824,3,1,0.004835,0.994824,0.000181,0.000160
data_rand_fold3/Testing/meningioma/Tr-me_1023.jpg,100360,meningioma,meningioma,1,0.993539,3,1,0.006072,0.993539,0.000033,0.000356
data_rand_fold3/Testing/meningioma/Tr-me_1037.jpg,101127,meningioma,meningioma,1,0.967676,3,1,0.011817,0.967676,0.006493,0.014013
data_rand_fold3/Testing/meningioma/Tr-me_1040.jpg,101797,meningioma,meningioma,1,0.991412,3,1,0.004557,0.991412,0.003642,0.000389
data_rand_fold3/Testing/meningioma/Tr-me_1044.jpg,104167,meningioma,meningioma,1,0.999961,3,1,0.000016,0.999961,0.000006,0.000017
data_rand_fold3/Testing/meningioma/Tr-me_1046.jpg,101801,meningioma,meningioma,1,0.999815,3,1,0.000006,0.999815,0.000083,0.000097
data_rand_fold3/Testing/meningioma/Tr-me_1054.jpg,102714,meningioma,meningioma,1,0.999912,3,1,0.000074,0.999912,0.000008,0.000006
data_rand_fold3/Testing/meningioma/Tr-me_1055.jpg,102714,meningioma,meningioma,1,0.999479,3,1,0.000253,0.999479,0.000202,0.000066
data_rand_fold3/Testing/meningioma/Tr-me_1058.jpg,102818,meningioma,meningioma,1,0.999873,3,1,0.000009,0.999873,0.000029,0.000089
data_rand_fold3/Testing/meningioma/Tr-me_1061.jpg,102960,meningioma,meningioma,1,0.672352,3,1,0.317796,0.672352,0.007297,0.002554
data_rand_fold3/Testing/meningioma/Tr-me_1063.jpg,102960,meningioma,meningioma,1,0.871007,3,1,0.127531,0.871007,0.000775,0.000687
data_rand_fold3/Testing/meningioma/Tr-me_1065.jpg,102960,meningioma,meningioma,1,0.450721,3,1,0.193512,0.450721,0.032598,0.323169
data_rand_fold3/Testing/meningioma/Tr-me_1066.jpg,102985,meningioma,glioma,0,0.750437,3,1,0.750437,0.223774,0.004494,0.021295
data_rand_fold3/Testing/meningioma/Tr-me_1069.jpg,103673,meningioma,pituitary,0,0.623179,3,1,0.000103,0.375147,0.001570,0.623179
data_rand_fold3/Testing/meningioma/Tr-me_1070.jpg,100360,meningioma,meningioma,1,0.999667,3,1,0.000298,0.999667,0.000003,0.000032
data_rand_fold3/Testing/meningioma/Tr-me_1075.jpg,104167,meningioma,meningioma,1,0.998915,3,1,0.000965,0.998915,0.000089,0.000031
data_rand_fold3/Testing/meningioma/Tr-me_1076.jpg,104167,meningioma,meningioma,1,0.999967,3,1,0.000008,0.999967,0.000019,0.000006
data_rand_fold3/Testing/meningioma/Tr-me_1084.jpg,104695,meningioma,meningioma,1,0.999762,3,1,0.000091,0.999762,0.000072,0.000076
data_rand_fold3/Testing/meningioma/Tr-me_1097.jpg,106534,meningioma,meningioma,1,0.996301,3,1,0.002588,0.996301,0.000826,0.000284
data_rand_fold3/Testing/meningioma/Tr-me_1106.jpg,106720,meningioma,meningioma,1,0.999915,3,1,0.000047,0.999915,0.000029,0.000009
data_rand_fold3/Testing/meningioma/Tr-me_1107.jpg,106914,meningioma,meningioma,1,0.999895,3,1,0.000054,0.999895,0.000009,0.000041
data_rand_fold3/Testing/meningioma/Tr-me_1112.jpg,104281,meningioma,meningioma,1,0.980840,3,1,0.018713,0.980840,0.000052,0.000394
data_rand_fold3/Testing/meningioma/Tr-me_1113.jpg,107248,meningioma,meningioma,1,0.999769,3,1,0.000037,0.999769,0.000119,0.000075
data_rand_fold3/Testing/meningioma/Tr-me_1115.jpg,107248,meningioma,meningioma,1,0.966996,3,1,0.001606,0.966996,0.030508,0.000890
data_rand_fold3/Testing/meningioma/Tr-me_1133.jpg,108945,meningioma,meningioma,1,0.878100,3,1,0.120119,0.878100,0.001569,0.000212
data_rand_fold3/Testing/meningioma/Tr-me_1150.jpg,111696,meningioma,meningioma,1,0.993262,3,1,0.003038,0.993262,0.002271,0.001429
data_rand_fold3/Testing/meningioma/Tr-me_1151.jpg,111710,meningioma,meningioma,1,0.999246,3,1,0.000315,0.999246,0.000404,0.000035
data_rand_fold3/Testing/meningioma/Tr-me_1159.jpg,112252,meningioma,meningioma,1,0.999933,3,1,0.000018,0.999933,0.000045,0.000004
data_rand_fold3/Testing/meningioma/Tr-me_1161.jpg,112552,meningioma,meningioma,1,0.993504,3,1,0.006239,0.993504,0.000185,0.000073
data_rand_fold3/Testing/meningioma/Tr-me_1165.jpg,112552,meningioma,meningioma,1,0.999896,3,1,0.000065,0.999896,0.000030,0.000009
data_rand_fold3/Testing/meningioma/Tr-me_1171.jpg,112650,meningioma,meningioma,1,0.999176,3,1,0.000615,0.999176,0.000164,0.000046
data_rand_fold3/Testing/meningioma/Tr-me_1181.jpg,113554,meningioma,meningioma,1,0.997316,3,1,0.000297,0.997316,0.002159,0.000228
data_rand_fold3/Testing/meningioma/Tr-me_1185.jpg,113614,meningioma,meningioma,1,0.999896,3,1,0.000053,0.999896,0.000020,0.000031
data_rand_fold3/Testing/meningioma/Tr-me_1192.jpg,114018,meningioma,meningioma,1,0.999691,3,1,0.000009,0.999691,0.000085,0.000215
data_rand_fold3/Testing/meningioma/Tr-me_1199.jpg,114359,meningioma,meningioma,1,0.968726,3,1,0.029056,0.968726,0.002101,0.000118
data_rand_fold3/Testing/meningioma/Tr-me_1202.jpg,114417,meningioma,meningioma,1,0.999818,3,1,0.000016,0.999818,0.000036,0.000130
data_rand_fold3/Testing/meningioma/Tr-me_1212.jpg,97737,meningioma,meningioma,1,0.999987,3,1,0.000001,0.999987,0.000003,0.000008
data_rand_fold3/Testing/meningioma/Tr-me_1225.jpg,98241,meningioma,meningioma,1,0.999988,3,1,0.000001,0.999988,0.000001,0.000009
data_rand_fold3/Testing/meningioma/Tr-me_1230.jpg,99089,meningioma,meningioma,1,0.999920,3,1,0.000037,0.999920,0.000029,0.000014
data_rand_fold3/Testing/meningioma/Tr-me_1236.jpg,99308,meningioma,meningioma,1,0.999944,3,1,0.000020,0.999944,0.000012,0.000024
data_rand_fold3/Testing/meningioma/Tr-me_1238.jpg,106442,meningioma,meningioma,1,0.827026,3,1,0.157743,0.827026,0.003233,0.011999
data_rand_fold3/Testing/meningioma/Tr-me_1240.jpg,99308,meningioma,meningioma,1,0.999998,3,1,0.000001,0.999998,0.000001,0.000000
data_rand_fold3/Testing/meningioma/Tr-me_1241.jpg,99815,meningioma,meningioma,1,0.999636,3,1,0.000200,0.999636,0.000106,0.000058
data_rand_fold3/Testing/meningioma/Tr-me_1242.jpg,99815,meningioma,meningioma,1,0.999967,3,1,0.000009,0.999967,0.000008,0.000017
data_rand_fold3/Testing/meningioma/Tr-me_1243.jpg,99815,meningioma,meningioma,1,0.999993,3,1,0.000001,0.999993,0.000001,0.000004
data_rand_fold3/Testing/meningioma/Tr-me_1250.jpg,111077,meningioma,meningioma,1,0.999020,3,1,0.000014,0.999020,0.000014,0.000953
data_rand_fold3/Testing/meningioma/Tr-me_1259.jpg,106720,meningioma,meningioma,1,0.999876,3,1,0.000081,0.999876,0.000019,0.000024
data_rand_fold3/Testing/meningioma/Tr-me_1260.jpg,111077,meningioma,meningioma,1,0.998291,3,1,0.000310,0.998291,0.000248,0.001151
data_rand_fold3/Testing/meningioma/Tr-me_1262.jpg,106914,meningioma,meningioma,1,0.999971,3,1,0.000006,0.999971,0.000002,0.000021
data_rand_fold3/Testing/meningioma/Tr-me_1271.jpg,107248,meningioma,meningioma,1,0.991518,3,1,0.000075,0.991518,0.004555,0.003852
data_rand_fold3/Testing/meningioma/Tr-me_1273.jpg,111366,meningioma,meningioma,1,0.999125,3,1,0.000015,0.999125,0.000845,0.000015
data_rand_fold3/Testing/meningioma/Tr-me_1285.jpg,112002,meningioma,meningioma,1,0.968486,3,1,0.031234,0.968486,0.000113,0.000167
data_rand_fold3/Testing/meningioma/Tr-me_1286.jpg,112062,meningioma,meningioma,1,0.999794,3,1,0.000183,0.999794,0.000009,0.000015
data_rand_fold3/Testing/meningioma/Tr-me_1288.jpg,112062,meningioma,meningioma,1,0.999961,3,1,0.000023,0.999961,0.000009,0.000008
data_rand_fold3/Testing/meningioma/Tr-me_1291.jpg,108514,meningioma,glioma,0,0.982214,3,1,0.982214,0.016816,0.000796,0.000174
data_rand_fold3/Testing/meningioma/Tr-me_1293.jpg,112552,meningioma,meningioma,1,0.995700,3,1,0.000322,0.995700,0.002185,0.001792
data_rand_fold3/Testing/meningioma/Tr-me_1304.jpg,112648,meningioma,meningioma,1,0.999678,3,1,0.000018,0.999678,0.000176,0.000127
data_rand_fold3/Testing/meningioma/Tr-me_1306.jpg,113435,meningioma,meningioma,1,0.998764,3,1,0.000498,0.998764,0.000259,0.000478
data_rand_fold3/Testing/meningioma/Tr-me_1309.jpg,113435,meningioma,meningioma,1,0.996529,3,1,0.003074,0.996529,0.000203,0.000194
data_rand_fold3/Testing/meningioma/Tr-me_1321.jpg,114359,meningioma,meningioma,1,0.999971,3,1,0.000018,0.999971,0.000007,0.000004
data_rand_fold3/Testing/meningioma/Tr-me_1324.jpg,114359,meningioma,meningioma,1,0.999980,3,1,0.000015,0.999980,0.000003,0.000002
data_rand_fold3/Testing/meningioma/Tr-me_1325.jpg,114359,meningioma,meningioma,1,0.999806,3,1,0.000170,0.999806,0.000016,0.000009
data_rand_fold3/Testing/meningioma/Tr-me_1334.jpg,97737,meningioma,meningioma,1,0.999748,3,1,0.000128,0.999748,0.000096,0.000029
data_rand_fold3/Testing/notumor/Te-no_0106.jpg,nt1027,notumor,notumor,1,0.999980,3,1,0.000008,0.000011,0.999980,0.000001
data_rand_fold3/Testing/notumor/Te-no_0107.jpg,nt934,notumor,notumor,1,0.999933,3,1,0.000047,0.000014,0.999933,0.000006
data_rand_fold3/Testing/notumor/Te-no_0111.jpg,nt937,notumor,notumor,1,0.999686,3,1,0.000126,0.000183,0.999686,0.000005
data_rand_fold3/Testing/notumor/Te-no_0112.jpg,nt1029,notumor,notumor,1,0.999947,3,1,0.000043,0.000009,0.999947,0.000001
data_rand_fold3/Testing/notumor/Te-no_0114.jpg,nt942,notumor,notumor,1,0.999842,3,1,0.000091,0.000057,0.999842,0.000009
data_rand_fold3/Testing/notumor/Te-no_0115.jpg,nt943,notumor,notumor,1,0.999994,3,1,0.000000,0.000004,0.999994,0.000002
data_rand_fold3/Testing/notumor/Te-no_0116.jpg,nt944,notumor,notumor,1,0.999987,3,1,0.000009,0.000002,0.999987,0.000002
data_rand_fold3/Testing/notumor/Te-no_0117.jpg,nt946,notumor,notumor,1,0.999995,3,1,0.000002,0.000003,0.999995,0.000000
data_rand_fold3/Testing/notumor/Te-no_0120.jpg,nt951,notumor,notumor,1,0.999417,3,1,0.000521,0.000052,0.999417,0.000010
data_rand_fold3/Testing/notumor/Te-no_0124.jpg,nt955,notumor,notumor,1,0.999981,3,1,0.000014,0.000004,0.999981,0.000001
data_rand_fold3/Testing/notumor/Te-no_0135.jpg,nt852,notumor,notumor,1,0.999323,3,1,0.000282,0.000255,0.999323,0.000141
data_rand_fold3/Testing/notumor/Te-no_0137.jpg,nt968,notumor,notumor,1,0.999996,3,1,0.000003,0.000000,0.999996,0.000000
data_rand_fold3/Testing/notumor/Te-no_0140.jpg,nt970,notumor,notumor,1,0.999910,3,1,0.000039,0.000039,0.999910,0.000012
data_rand_fold3/Testing/notumor/Te-no_0152.jpg,nt894,notumor,notumor,1,0.999989,3,1,0.000005,0.000005,0.999989,0.000000
data_rand_fold3/Testing/notumor/Te-no_0166.jpg,nt847,notumor,notumor,1,0.999933,3,1,0.000015,0.000040,0.999933,0.000013
data_rand_fold3/Testing/notumor/Te-no_0168.jpg,nt850,notumor,notumor,1,0.999945,3,1,0.000017,0.000025,0.999945,0.000013
data_rand_fold3/Testing/notumor/Te-no_0176.jpg,nt1048,notumor,notumor,1,0.999957,3,1,0.000014,0.000007,0.999957,0.000022
data_rand_fold3/Testing/notumor/Te-no_0183.jpg,nt584,notumor,notumor,1,0.999730,3,1,0.000118,0.000145,0.999730,0.000007
data_rand_fold3/Testing/notumor/Te-no_0197.jpg,nt1055,notumor,notumor,1,0.999983,3,1,0.000012,0.000004,0.999983,0.000001
data_rand_fold3/Testing/notumor/Te-no_0204.jpg,nt1057,notumor,notumor,1,0.999944,3,1,0.000005,0.000046,0.999944,0.000005
data_rand_fold3/Testing/notumor/Te-no_0209.jpg,nt1059,notumor,notumor,1,0.999970,3,1,0.000003,0.000014,0.999970,0.000014
data_rand_fold3/Testing/notumor/Te-no_0213.jpg,nt1061,notumor,notumor,1,0.999978,3,1,0.000017,0.000004,0.999978,0.000001
data_rand_fold3/Testing/notumor/Te-no_0217.jpg,nt310,notumor,notumor,1,0.999998,3,1,0.000001,0.000000,0.999998,0.000000
data_rand_fold3/Testing/notumor/Te-no_0225.jpg,nt31,notumor,notumor,1,0.999509,3,1,0.000168,0.000089,0.999509,0.000234
data_rand_fold3/Testing/notumor/Te-no_0235.jpg,nt605,notumor,notumor,1,0.999955,3,1,0.000035,0.000009,0.999955,0.000002
data_rand_fold3/Testing/notumor/Te-no_0237.jpg,nt972,notumor,notumor,1,0.999832,3,1,0.000121,0.000026,0.999832,0.000020
data_rand_fold3/Testing/notumor/Te-no_0248.jpg,nt1071,notumor,notumor,1,0.999995,3,1,0.000002,0.000002,0.999995,0.000001
data_rand_fold3/Testing/notumor/Te-no_0254.jpg,nt373,notumor,notumor,1,0.999856,3,1,0.000084,0.000055,0.999856,0.000005
data_rand_fold3/Testing/notumor/Te-no_0257.jpg,nt1074,notumor,notumor,1,1.000000,3,1,0.000000,0.000000,1.000000,0.000000
data_rand_fold3/Testing/notumor/Te-no_0259.jpg,nt868,notumor,notumor,1,0.999941,3,1,0.000022,0.000032,0.999941,0.000004
data_rand_fold3/Testing/notumor/Te-no_0266.jpg,nt1078,notumor,notumor,1,0.999999,3,1,0.000000,0.000000,0.999999,0.000000
data_rand_fold3/Testing/notumor/Te-no_0273.jpg,nt1084,notumor,notumor,1,0.999993,3,1,0.000002,0.000005,0.999993,0.000000
data_rand_fold3/Testing/notumor/Te-no_0279.jpg,nt1087,notumor,notumor,1,0.999999,3,1,0.000000,0.000000,0.999999,0.000000
data_rand_fold3/Testing/notumor/Te-no_0281.jpg,nt1089,notumor,notumor,1,0.999945,3,1,0.000002,0.000051,0.999945,0.000002
data_rand_fold3/Testing/notumor/Te-no_0282.jpg,nt391,notumor,notumor,1,0.999970,3,1,0.000020,0.000008,0.999970,0.000001
data_rand_fold3/Testing/notumor/Te-no_0288.jpg,nt1051,notumor,notumor,1,0.999884,3,1,0.000097,0.000016,0.999884,0.000003
data_rand_fold3/Testing/notumor/Te-no_0292.jpg,nt1093,notumor,notumor,1,0.999996,3,1,0.000001,0.000003,0.999996,0.000001
data_rand_fold3/Testing/notumor/Te-no_0293.jpg,nt1094,notumor,notumor,1,0.999995,3,1,0.000002,0.000002,0.999995,0.000000
data_rand_fold3/Testing/notumor/Te-no_0300.jpg,nt409,notumor,notumor,1,0.999873,3,1,0.000004,0.000042,0.999873,0.000081
data_rand_fold3/Testing/notumor/Te-no_0303.jpg,nt143,notumor,notumor,1,0.999974,3,1,0.000005,0.000017,0.999974,0.000004
data_rand_fold3/Testing/notumor/Te-no_0310.jpg,nt170,notumor,notumor,1,0.999871,3,1,0.000043,0.000025,0.999871,0.000060
data_rand_fold3/Testing/notumor/Te-no_0315.jpg,nt999,notumor,notumor,1,0.999995,3,1,0.000001,0.000004,0.999995,0.000000
data_rand_fold3/Testing/notumor/Te-no_0318.jpg,nt347,notumor,notumor,1,0.999845,3,1,0.000129,0.000020,0.999845,0.000006
data_rand_fold3/Testing/notumor/Te-no_0320.jpg,nt1037,notumor,notumor,1,0.999972,3,1,0.000008,0.000014,0.999972,0.000005
data_rand_fold3/Testing/notumor/Te-no_0324.jpg,nt1097,notumor,notumor,1,0.999994,3,1,0.000005,0.000001,0.999994,0.000000
data_rand_fold3/Testing/notumor/Te-no_0332.jpg,nt1027,notumor,notumor,1,0.999979,3,1,0.000008,0.000012,0.999979,0.000001
data_rand_fold3/Testing/notumor/Te-no_0334.jpg,nt1029,notumor,notumor,1,0.999956,3,1,0.000032,0.000010,0.999956,0.000001
data_rand_fold3/Testing/notumor/Te-no_0336.jpg,nt325,notumor,notumor,1,0.999915,3,1,0.000011,0.000044,0.999915,0.000030
data_rand_fold3/Testing/notumor/Te-no_0339.jpg,nt1030,notumor,notumor,1,1.000000,3,1,0.000000,0.000000,1.000000,0.000000
data_rand_fold3/Testing/notumor/Te-no_0344.jpg,nt1103,notumor,notumor,1,0.999909,3,1,0.000007,0.000043,0.999909,0.000041
data_rand_fold3/Testing/notumor/Te-no_0346.jpg,nt824,notumor,notumor,1,0.999623,3,1,0.000358,0.000017,0.999623,0.000002
data_rand_fold3/Testing/notumor/Te-no_0348.jpg,nt1036,notumor,notumor,1,0.999603,3,1,0.000179,0.000146,0.999603,0.000072
data_rand_fold3/Testing/notumor/Te-no_0358.jpg,nt377,notumor,notumor,1,0.999588,3,1,0.000369,0.000034,0.999588,0.000009
data_rand_fold3/Testing/notumor/Te-no_0364.jpg,nt546,notumor,notumor,1,0.999892,3,1,0.000036,0.000055,0.999892,0.000017
data_rand_fold3/Testing/notumor/Te-no_0365.jpg,nt433,notumor,notumor,1,0.999851,3,1,0.000110,0.000025,0.999851,0.000014
data_rand_fold3/Testing/notumor/Te-no_0367.jpg,nt1094,notumor,notumor,1,0.999993,3,1,0.000003,0.000003,0.999993,0.000001
data_rand_fold3/Testing/notumor/Te-no_0371.jpg,nt858,notumor,notumor,1,0.999966,3,1,0.000016,0.000017,0.999966,0.000001
data_rand_fold3/Testing/notumor/Te-no_0374.jpg,nt365,notumor,notumor,1,0.999998,3,1,0.000002,0.000000,0.999998,0.000000
data_rand_fold3/Testing/notumor/Te-no_0391.jpg,nt440,notumor,notumor,1,0.999988,3,1,0.000000,0.000011,0.999988,0.000000
data_rand_fold3/Testing/notumor/Te-no_0393.jpg,nt1112,notumor,notumor,1,0.999951,3,1,0.000034,0.000013,0.999951,0.000002
data_rand_fold3/Testing/notumor/Te-no_0396.jpg,nt917,notumor,notumor,1,0.999999,3,1,0.000000,0.000001,0.999999,0.000000
data_rand_fold3/Testing/notumor/Te-no_0397.jpg,nt920,notumor,notumor,1,0.999971,3,1,0.000001,0.000022,0.999971,0.000005
data_rand_fold3/Testing/notumor/Te-no_0398.jpg,nt1099,notumor,notumor,1,0.999986,3,1,0.000002,0.000009,0.999986,0.000003
data_rand_fold3/Testing/notumor/Tr-no_0015.jpg,nt13,notumor,notumor,1,0.999729,3,1,0.000251,0.000015,0.999729,0.000006
data_rand_fold3/Testing/notumor/Tr-no_0018.jpg,nt16,notumor,notumor,1,0.999055,3,1,0.000176,0.000156,0.999055,0.000612
data_rand_fold3/Testing/notumor/Tr-no_0021.jpg,nt19,notumor,notumor,1,0.999967,3,1,0.000000,0.000029,0.999967,0.000003
data_rand_fold3/Testing/notumor/Tr-no_0030.jpg,nt26,notumor,notumor,1,0.999979,3,1,0.000002,0.000017,0.999979,0.000002
data_rand_fold3/Testing/notumor/Tr-no_0032.jpg,nt28,notumor,notumor,1,0.999664,3,1,0.000241,0.000043,0.999664,0.000051
data_rand_fold3/Testing/notumor/Tr-no_0035.jpg,nt31,notumor,notumor,1,0.999576,3,1,0.000142,0.000074,0.999576,0.000208
data_rand_fold3/Testing/notumor/Tr-no_0045.jpg,nt41,notumor,notumor,1,0.998285,3,1,0.000157,0.001363,0.998285,0.000195
data_rand_fold3/Testing/notumor/Tr-no_0048.jpg,nt44,notumor,notumor,1,0.997288,3,1,0.002601,0.000079,0.997288,0.000032
data_rand_fold3/Testing/notumor/Tr-no_0056.jpg,nt52,notumor,notumor,1,0.988619,3,1,0.000400,0.010959,0.988619,0.000022
data_rand_fold3/Testing/notumor/Tr-no_0059.jpg,nt55,notumor,notumor,1,0.999693,3,1,0.000017,0.000286,0.999693,0.000004
data_rand_fold3/Testing/notumor/Tr-no_0065.jpg,nt61,notumor,notumor,1,0.997979,3,1,0.000797,0.001193,0.997979,0.000031
data_rand_fold3/Testing/notumor/Tr-no_0069.jpg,nt65,notumor,notumor,1,0.993822,3,1,0.001410,0.002745,0.993822,0.002023
data_rand_fold3/Testing/notumor/Tr-no_0071.jpg,nt67,notumor,notumor,1,0.999774,3,1,0.000004,0.000217,0.999774,0.000004
data_rand_fold3/Testing/notumor/Tr-no_0072.jpg,nt68,notumor,notumor,1,0.995203,3,1,0.000121,0.004260,0.995203,0.000415
data_rand_fold3/Testing/notumor/Tr-no_0075.jpg,nt70,notumor,notumor,1,0.999932,3,1,0.000001,0.000022,0.999932,0.000046
data_rand_fold3/Testing/notumor/Tr-no_0082.jpg,nt72,notumor,notumor,1,0.985361,3,1,0.000021,0.014603,0.985361,0.000014
data_rand_fold3/Testing/notumor/Tr-no_0084.jpg,nt74,notumor,notumor,1,0.999522,3,1,0.000009,0.000058,0.999522,0.000412
data_rand_fold3/Testing/notumor/Tr-no_0100.jpg,nt90,notumor,notumor,1,0.999948,3,1,0.000010,0.000040,0.999948,0.000002
data_rand_fold3/Testing/notumor/Tr-no_0103.jpg,nt93,notumor,notumor,1,0.962479,3,1,0.000291,0.001011,0.962479,0.036218
data_rand_fold3/Testing/notumor/Tr-no_0104.jpg,nt94,notumor,notumor,1,0.998444,3,1,0.000977,0.000551,0.998444,0.000028
data_rand_fold3/Testing/notumor/Tr-no_0111.jpg,nt101,notumor,notumor,1,0.999776,3,1,0.000144,0.000072,0.999776,0.000009
data_rand_fold3/Testing/notumor/Tr-no_0124.jpg,nt111,notumor,notumor,1,0.999979,3,1,0.000002,0.000017,0.999979,0.000002
data_rand_fold3/Testing/notumor/Tr-no_0126.jpg,nt112,notumor,notumor,1,0.999964,3,1,0.000006,0.000028,0.999964,0.000003
data_rand_fold3/Testing/notumor/Tr-no_0133.jpg,nt116,notumor,notumor,1,0.999907,3,1,0.000005,0.000079,0.999907,0.000009
data_rand_fold3/Testing/notumor/Tr-no_0140.jpg,nt121,notumor,notumor,1,0.999922,3,1,0.000034,0.000020,0.999922,0.000023
data_rand_fold3/Testing/notumor/Tr-no_0147.jpg,nt127,notumor,notumor,1,0.996755,3,1,0.002981,0.000245,0.996755,0.000019
data_rand_fold3/Testing/notumor/Tr-no_0155.jpg,nt134,notumor,notumor,1,0.988792,3,1,0.006741,0.004078,0.988792,0.000389
data_rand_fold3/Testing/notumor/Tr-no_0161.jpg,nt139,notumor,notumor,1,0.999398,3,1,0.000410,0.000082,0.999398,0.000110
data_rand_fold3/Testing/notumor/Tr-no_0167.jpg,nt144,notumor,notumor,1,0.999973,3,1,0.000021,0.000004,0.999973,0.000001
data_rand_fold3/Testing/notumor/Tr-no_0168.jpg,nt145,notumor,notumor,1,0.999801,3,1,0.000040,0.000122,0.999801,0.000037
data_rand_fold3/Testing/notumor/Tr-no_0175.jpg,nt152,notumor,notumor,1,0.999197,3,1,0.000714,0.000074,0.999197,0.000015
data_rand_fold3/Testing/notumor/Tr-no_0176.jpg,nt153,notumor,notumor,1,0.999969,3,1,0.000021,0.000008,0.999969,0.000002
data_rand_fold3/Testing/notumor/Tr-no_0183.jpg,nt157,notumor,notumor,1,0.999967,3,1,0.000025,0.000007,0.999967,0.000001
data_rand_fold3/Testing/notumor/Tr-no_0186.jpg,nt159,notumor,notumor,1,0.999891,3,1,0.000016,0.000092,0.999891,0.000001
data_rand_fold3/Testing/notumor/Tr-no_0188.jpg,nt160,notumor,notumor,1,0.999857,3,1,0.000022,0.000102,0.999857,0.000019
data_rand_fold3/Testing/notumor/Tr-no_0192.jpg,nt163,notumor,notumor,1,0.999843,3,1,0.000018,0.000012,0.999843,0.000127
data_rand_fold3/Testing/notumor/Tr-no_0202.jpg,nt172,notumor,notumor,1,0.999965,3,1,0.000022,0.000010,0.999965,0.000003
data_rand_fold3/Testing/notumor/Tr-no_0206.jpg,nt176,notumor,notumor,1,0.999972,3,1,0.000016,0.000011,0.999972,0.000002
data_rand_fold3/Testing/notumor/Tr-no_0217.jpg,nt186,notumor,notumor,1,0.999992,3,1,0.000002,0.000005,0.999992,0.000002
data_rand_fold3/Testing/notumor/Tr-no_0232.jpg,nt195,notumor,notumor,1,0.999631,3,1,0.000018,0.000205,0.999631,0.000146
data_rand_fold3/Testing/notumor/Tr-no_0233.jpg,nt196,notumor,notumor,1,0.997096,3,1,0.000145,0.002714,0.997096,0.000045
data_rand_fold3/Testing/notumor/Tr-no_0234.jpg,nt197,notumor,notumor,1,0.999502,3,1,0.000293,0.000043,0.999502,0.000162
data_rand_fold3/Testing/notumor/Tr-no_0253.jpg,nt211,notumor,notumor,1,0.999980,3,1,0.000013,0.000007,0.999980,0.000001
data_rand_fold3/Testing/notumor/Tr-no_0259.jpg,nt216,notumor,notumor,1,0.999535,3,1,0.000434,0.000022,0.999535,0.000009
data_rand_fold3/Testing/notumor/Tr-no_0260.jpg,nt217,notumor,notumor,1,0.995572,3,1,0.003891,0.000146,0.995572,0.000390
data_rand_fold3/Testing/notumor/Tr-no_0277.jpg,nt230,notumor,notumor,1,0.999938,3,1,0.000023,0.000029,0.999938,0.000010
data_rand_fold3/Testing/notumor/Tr-no_0280.jpg,nt232,notumor,notumor,1,0.999529,3,1,0.000443,0.000024,0.999529,0.000004
data_rand_fold3/Testing/notumor/Tr-no_0284.jpg,nt235,notumor,notumor,1,0.999786,3,1,0.000096,0.000076,0.999786,0.000043
data_rand_fold3/Testing/notumor/Tr-no_0286.jpg,nt237,notumor,notumor,1,0.999918,3,1,0.000041,0.000036,0.999918,0.000005
data_rand_fold3/Testing/notumor/Tr-no_0299.jpg,nt247,notumor,notumor,1,0.999478,3,1,0.000014,0.000460,0.999478,0.000048
data_rand_fold3/Testing/notumor/Tr-no_0301.jpg,nt249,notumor,notumor,1,0.998705,3,1,0.000012,0.001257,0.998705,0.000025
data_rand_fold3/Testing/notumor/Tr-no_0303.jpg,nt251,notumor,notumor,1,0.999013,3,1,0.000616,0.000167,0.999013,0.000205
data_rand_fold3/Testing/notumor/Tr-no_0304.jpg,nt252,notumor,notumor,1,0.998895,3,1,0.000345,0.000610,0.998895,0.000151
data_rand_fold3/Testing/notumor/Tr-no_0305.jpg,nt253,notumor,notumor,1,0.999939,3,1,0.000000,0.000059,0.999939,0.000002
data_rand_fold3/Testing/notumor/Tr-no_0307.jpg,nt255,notumor,notumor,1,0.999412,3,1,0.000005,0.000556,0.999412,0.000026
data_rand_fold3/Testing/notumor/Tr-no_0322.jpg,nt269,notumor,notumor,1,0.996422,3,1,0.000413,0.003137,0.996422,0.000028
data_rand_fold3/Testing/notumor/Tr-no_0330.jpg,nt273,notumor,notumor,1,0.999971,3,1,0.000002,0.000026,0.999971,0.000001
data_rand_fold3/Testing/notumor/Tr-no_0335.jpg,nt275,notumor,notumor,1,0.999803,3,1,0.000175,0.000018,0.999803,0.000003
data_rand_fold3/Testing/notumor/Tr-no_0337.jpg,nt58,notumor,notumor,1,0.998477,3,1,0.000168,0.000299,0.998477,0.001056
data_rand_fold3/Testing/notumor/Tr-no_0339.jpg,nt276,notumor,notumor,1,0.999747,3,1,0.000036,0.000202,0.999747,0.000015
data_rand_fold3/Testing/notumor/Tr-no_0349.jpg,nt279,notumor,notumor,1,0.998127,3,1,0.000261,0.001372,0.998127,0.000239
data_rand_fold3/Testing/notumor/Tr-no_0367.jpg,nt117,notumor,notumor,1,0.999935,3,1,0.000016,0.000046,0.999935,0.000003
data_rand_fold3/Testing/notumor/Tr-no_0371.jpg,nt105,notumor,notumor,1,0.999865,3,1,0.000009,0.000112,0.999865,0.000014
data_rand_fold3/Testing/notumor/Tr-no_0382.jpg,nt298,notumor,notumor,1,0.995524,3,1,0.002604,0.001610,0.995524,0.000262
data_rand_fold3/Testing/notumor/Tr-no_0387.jpg,nt303,notumor,notumor,1,0.997869,3,1,0.000006,0.000658,0.997869,0.001467
data_rand_fold3/Testing/notumor/Tr-no_0395.jpg,nt310,notumor,notumor,1,0.999998,3,1,0.000001,0.000000,0.999998,0.000000
data_rand_fold3/Testing/notumor/Tr-no_0396.jpg,nt311,notumor,notumor,1,0.999724,3,1,0.000008,0.000241,0.999724,0.000027
data_rand_fold3/Testing/notumor/Tr-no_0398.jpg,nt313,notumor,notumor,1,0.999997,3,1,0.000001,0.000001,0.999997,0.000002
data_rand_fold3/Testing/notumor/Tr-no_0403.jpg,nt318,notumor,notumor,1,0.999990,3,1,0.000001,0.000007,0.999990,0.000002
data_rand_fold3/Testing/notumor/Tr-no_0404.jpg,nt319,notumor,notumor,1,0.999963,3,1,0.000027,0.000007,0.999963,0.000003
data_rand_fold3/Testing/notumor/Tr-no_0415.jpg,nt12,notumor,notumor,1,0.999983,3,1,0.000012,0.000003,0.999983,0.000002
data_rand_fold3/Testing/notumor/Tr-no_0417.jpg,nt331,notumor,notumor,1,0.999888,3,1,0.000022,0.000042,0.999888,0.000048
data_rand_fold3/Testing/notumor/Tr-no_0418.jpg,nt332,notumor,notumor,1,0.999994,3,1,0.000001,0.000005,0.999994,0.000000
data_rand_fold3/Testing/notumor/Tr-no_0430.jpg,nt344,notumor,notumor,1,0.999226,3,1,0.000518,0.000208,0.999226,0.000049
data_rand_fold3/Testing/notumor/Tr-no_0435.jpg,nt349,notumor,notumor,1,0.999998,3,1,0.000001,0.000001,0.999998,0.000000
data_rand_fold3/Testing/notumor/Tr-no_0441.jpg,nt355,notumor,notumor,1,0.999893,3,1,0.000007,0.000066,0.999893,0.000034
data_rand_fold3/Testing/notumor/Tr-no_0448.jpg,nt362,notumor,notumor,1,0.999965,3,1,0.000014,0.000015,0.999965,0.000007
data_rand_fold3/Testing/notumor/Tr-no_0455.jpg,nt369,notumor,notumor,1,1.000000,3,1,0.000000,0.000000,1.000000,0.000000
data_rand_fold3/Testing/notumor/Tr-no_0477.jpg,nt391,notumor,notumor,1,0.999975,3,1,0.000017,0.000007,0.999975,0.000001
data_rand_fold3/Testing/notumor/Tr-no_0483.jpg,nt397,notumor,notumor,1,0.999993,3,1,0.000005,0.000001,0.999993,0.000001
data_rand_fold3/Testing/notumor/Tr-no_0485.jpg,nt399,notumor,notumor,1,0.999894,3,1,0.000072,0.000027,0.999894,0.000007
data_rand_fold3/Testing/notumor/Tr-no_0487.jpg,nt401,notumor,notumor,1,0.999920,3,1,0.000052,0.000025,0.999920,0.000003
data_rand_fold3/Testing/notumor/Tr-no_0490.jpg,nt404,notumor,notumor,1,0.995261,3,1,0.000040,0.004651,0.995261,0.000049
data_rand_fold3/Testing/notumor/Tr-no_0495.jpg,nt409,notumor,notumor,1,0.999938,3,1,0.000002,0.000024,0.999938,0.000036
data_rand_fold3/Testing/notumor/Tr-no_0504.jpg,nt418,notumor,notumor,1,0.999972,3,1,0.000014,0.000006,0.999972,0.000008
data_rand_fold3/Testing/notumor/Tr-no_0510.jpg,nt424,notumor,notumor,1,0.999992,3,1,0.000004,0.000003,0.999992,0.000001
data_rand_fold3/Testing/notumor/Tr-no_0516.jpg,nt430,notumor,notumor,1,0.999998,3,1,0.000001,0.000001,0.999998,0.000000
data_rand_fold3/Testing/notumor/Tr-no_0520.jpg,nt434,notumor,notumor,1,0.999995,3,1,0.000002,0.000003,0.999995,0.000000
data_rand_fold3/Testing/notumor/Tr-no_0522.jpg,nt436,notumor,notumor,1,0.999999,3,1,0.000001,0.000000,0.999999,0.000000
data_rand_fold3/Testing/notumor/Tr-no_0527.jpg,nt311,notumor,notumor,1,0.999733,3,1,0.000008,0.000231,0.999733,0.000028
data_rand_fold3/Testing/notumor/Tr-no_0533.jpg,nt445,notumor,notumor,1,0.999906,3,1,0.000047,0.000031,0.999906,0.000016
data_rand_fold3/Testing/notumor/Tr-no_0537.jpg,nt449,notumor,notumor,1,0.999930,3,1,0.000019,0.000049,0.999930,0.000002
data_rand_fold3/Testing/notumor/Tr-no_0540.jpg,nt406,notumor,notumor,1,0.999998,3,1,0.000001,0.000001,0.999998,0.000000
data_rand_fold3/Testing/notumor/Tr-no_0541.jpg,nt429,notumor,notumor,1,0.999773,3,1,0.000052,0.000072,0.999773,0.000102
data_rand_fold3/Testing/notumor/Tr-no_0549.jpg,nt454,notumor,notumor,1,0.999796,3,1,0.000169,0.000033,0.999796,0.000002
data_rand_fold3/Testing/notumor/Tr-no_0558.jpg,nt462,notumor,notumor,1,0.999940,3,1,0.000047,0.000012,0.999940,0.000001
data_rand_fold3/Testing/notumor/Tr-no_0561.jpg,nt465,notumor,notumor,1,0.999933,3,1,0.000020,0.000036,0.999933,0.000012
data_rand_fold3/Testing/notumor/Tr-no_0562.jpg,nt466,notumor,notumor,1,0.999997,3,1,0.000002,0.000001,0.999997,0.000000
data_rand_fold3/Testing/notumor/Tr-no_0569.jpg,nt471,notumor,notumor,1,0.999789,3,1,0.000122,0.000040,0.999789,0.000050
data_rand_fold3/Testing/notumor/Tr-no_0575.jpg,nt474,notumor,notumor,1,0.999803,3,1,0.000170,0.000018,0.999803,0.000009
data_rand_fold3/Testing/notumor/Tr-no_0585.jpg,nt482,notumor,notumor,1,0.999695,3,1,0.000138,0.000112,0.999695,0.000056
data_rand_fold3/Testing/notumor/Tr-no_0595.jpg,nt491,notumor,notumor,1,0.999938,3,1,0.000035,0.000011,0.999938,0.000016
data_rand_fold3/Testing/notumor/Tr-no_0598.jpg,nt493,notumor,notumor,1,0.999992,3,1,0.000003,0.000005,0.999992,0.000000
data_rand_fold3/Testing/notumor/Tr-no_0601.jpg,nt496,notumor,notumor,1,0.999968,3,1,0.000012,0.000014,0.999968,0.000005
data_rand_fold3/Testing/notumor/Tr-no_0603.jpg,nt498,notumor,notumor,1,0.999987,3,1,0.000003,0.000009,0.999987,0.000001
data_rand_fold3/Testing/notumor/Tr-no_0605.jpg,nt500,notumor,notumor,1,0.999890,3,1,0.000068,0.000033,0.999890,0.000009
data_rand_fold3/Testing/notumor/Tr-no_0607.jpg,nt502,notumor,notumor,1,0.999993,3,1,0.000003,0.000004,0.999993,0.000001
data_rand_fold3/Testing/notumor/Tr-no_0610.jpg,nt505,notumor,notumor,1,0.999976,3,1,0.000012,0.000011,0.999976,0.000002
data_rand_fold3/Testing/notumor/Tr-no_0614.jpg,nt509,notumor,notumor,1,0.999679,3,1,0.000102,0.000151,0.999679,0.000067
data_rand_fold3/Testing/notumor/Tr-no_0615.jpg,nt510,notumor,notumor,1,0.999869,3,1,0.000032,0.000042,0.999869,0.000057
data_rand_fold3/Testing/notumor/Tr-no_0618.jpg,nt513,notumor,notumor,1,0.999994,3,1,0.000004,0.000002,0.999994,0.000001
data_rand_fold3/Testing/notumor/Tr-no_0620.jpg,nt515,notumor,notumor,1,0.999980,3,1,0.000012,0.000007,0.999980,0.000002
data_rand_fold3/Testing/notumor/Tr-no_0627.jpg,nt521,notumor,notumor,1,0.999996,3,1,0.000002,0.000002,0.999996,0.000000
data_rand_fold3/Testing/notumor/Tr-no_0641.jpg,nt532,notumor,notumor,1,0.999998,3,1,0.000001,0.000001,0.999998,0.000000
data_rand_fold3/Testing/notumor/Tr-no_0643.jpg,nt138,notumor,notumor,1,0.999946,3,1,0.000018,0.000022,0.999946,0.000013
data_rand_fold3/Testing/notumor/Tr-no_0644.jpg,nt534,notumor,notumor,1,0.999998,3,1,0.000000,0.000002,0.999998,0.000000
data_rand_fold3/Testing/notumor/Tr-no_0646.jpg,nt536,notumor,notumor,1,0.999935,3,1,0.000028,0.000016,0.999935,0.000021
data_rand_fold3/Testing/notumor/Tr-no_0647.jpg,nt537,notumor,notumor,1,0.999993,3,1,0.000002,0.000005,0.999993,0.000001
data_rand_fold3/Testing/notumor/Tr-no_0649.jpg,nt539,notumor,notumor,1,0.999999,3,1,0.000000,0.000000,0.999999,0.000000
data_rand_fold3/Testing/notumor/Tr-no_0651.jpg,nt541,notumor,notumor,1,0.999995,3,1,0.000000,0.000004,0.999995,0.000001
data_rand_fold3/Testing/notumor/Tr-no_0660.jpg,nt389,notumor,notumor,1,0.999967,3,1,0.000009,0.000023,0.999967,0.000001
data_rand_fold3/Testing/notumor/Tr-no_0664.jpg,nt550,notumor,notumor,1,0.999957,3,1,0.000025,0.000016,0.999957,0.000002
data_rand_fold3/Testing/notumor/Tr-no_0666.jpg,nt552,notumor,notumor,1,0.999999,3,1,0.000000,0.000001,0.999999,0.000000
data_rand_fold3/Testing/notumor/Tr-no_0673.jpg,nt559,notumor,notumor,1,0.999987,3,1,0.000006,0.000007,0.999987,0.000001
data_rand_fold3/Testing/notumor/Tr-no_0678.jpg,nt563,notumor,notumor,1,0.999977,3,1,0.000017,0.000005,0.999977,0.000000
data_rand_fold3/Testing/notumor/Tr-no_0681.jpg,nt426,notumor,notumor,1,0.999997,3,1,0.000001,0.000001,0.999997,0.000000
data_rand_fold3/Testing/notumor/Tr-no_0688.jpg,nt572,notumor,notumor,1,0.999999,3,1,0.000000,0.000001,0.999999,0.000000
data_rand_fold3/Testing/notumor/Tr-no_0692.jpg,nt576,notumor,notumor,1,0.999991,3,1,0.000003,0.000002,0.999991,0.000004
data_rand_fold3/Testing/notumor/Tr-no_0696.jpg,nt138,notumor,notumor,1,0.999965,3,1,0.000011,0.000014,0.999965,0.000010
data_rand_fold3/Testing/notumor/Tr-no_0707.jpg,nt580,notumor,notumor,1,0.999813,3,1,0.000032,0.000024,0.999813,0.000130
data_rand_fold3/Testing/notumor/Tr-no_0709.jpg,nt581,notumor,notumor,1,0.999962,3,1,0.000011,0.000024,0.999962,0.000004
data_rand_fold3/Testing/notumor/Tr-no_0713.jpg,nt584,notumor,notumor,1,0.999776,3,1,0.000097,0.000122,0.999776,0.000005
data_rand_fold3/Testing/notumor/Tr-no_0716.jpg,nt587,notumor,notumor,1,0.999952,3,1,0.000030,0.000014,0.999952,0.000003
data_rand_fold3/Testing/notumor/Tr-no_0718.jpg,nt588,notumor,notumor,1,0.999996,3,1,0.000000,0.000003,0.999996,0.000000
data_rand_fold3/Testing/notumor/Tr-no_0726.jpg,nt447,notumor,notumor,1,0.999942,3,1,0.000039,0.000017,0.999942,0.000001
data_rand_fold3/Testing/notumor/Tr-no_0730.jpg,nt437,notumor,notumor,1,0.999991,3,1,0.000005,0.000002,0.999991,0.000002
data_rand_fold3/Testing/notumor/Tr-no_0732.jpg,nt595,notumor,notumor,1,0.999932,3,1,0.000013,0.000048,0.999932,0.000007
data_rand_fold3/Testing/notumor/Tr-no_0735.jpg,nt598,notumor,notumor,1,0.999886,3,1,0.000055,0.000052,0.999886,0.000007
data_rand_fold3/Testing/notumor/Tr-no_0740.jpg,nt603,notumor,notumor,1,0.999454,3,1,0.000520,0.000019,0.999454,0.000007
data_rand_fold3/Testing/notumor/Tr-no_0743.jpg,nt605,notumor,notumor,1,0.999952,3,1,0.000037,0.000009,0.999952,0.000002
data_rand_fold3/Testing/notumor/Tr-no_0744.jpg,nt606,notumor,notumor,1,0.999569,3,1,0.000345,0.000072,0.999569,0.000013
data_rand_fold3/Testing/notumor/Tr-no_0746.jpg,nt608,notumor,notumor,1,0.999882,3,1,0.000111,0.000005,0.999882,0.000002
data_rand_fold3/Testing/notumor/Tr-no_0747.jpg,nt609,notumor,notumor,1,0.999998,3,1,0.000001,0.000000,0.999998,0.000000
data_rand_fold3/Testing/notumor/Tr-no_0749.jpg,nt611,notumor,notumor,1,0.999805,3,1,0.000095,0.000087,0.999805,0.000013
data_rand_fold3/Testing/notumor/Tr-no_0753.jpg,nt142,notumor,notumor,1,0.999995,3,1,0.000003,0.000001,0.999995,0.000001
data_rand_fold3/Testing/notumor/Tr-no_0755.jpg,nt616,notumor,notumor,1,0.999568,3,1,0.000378,0.000043,0.999568,0.000011
data_rand_fold3/Testing/notumor/Tr-no_0759.jpg,nt620,notumor,notumor,1,0.998907,3,1,0.000428,0.000073,0.998907,0.000592
data_rand_fold3/Testing/notumor/Tr-no_0762.jpg,nt623,notumor,notumor,1,0.999997,3,1,0.000000,0.000002,0.999997,0.000000
data_rand_fold3/Testing/notumor/Tr-no_0764.jpg,nt625,notumor,notumor,1,0.999936,3,1,0.000004,0.000058,0.999936,0.000003
data_rand_fold3/Testing/notumor/Tr-no_0770.jpg,nt629,notumor,notumor,1,0.999999,3,1,0.000001,0.000000,0.999999,0.000000
data_rand_fold3/Testing/notumor/Tr-no_0772.jpg,nt631,notumor,notumor,1,0.999984,3,1,0.000008,0.000008,0.999984,0.000000
data_rand_fold3/Testing/notumor/Tr-no_0776.jpg,nt635,notumor,notumor,1,0.999692,3,1,0.000126,0.000132,0.999692,0.000050
data_rand_fold3/Testing/notumor/Tr-no_0778.jpg,nt131,notumor,notumor,1,0.999975,3,1,0.000009,0.000014,0.999975,0.000002
data_rand_fold3/Testing/notumor/Tr-no_0783.jpg,nt641,notumor,notumor,1,0.999988,3,1,0.000008,0.000004,0.999988,0.000001
data_rand_fold3/Testing/notumor/Tr-no_0791.jpg,nt146,notumor,notumor,1,0.999997,3,1,0.000000,0.000002,0.999997,0.000000
data_rand_fold3/Testing/notumor/Tr-no_0793.jpg,nt649,notumor,notumor,1,0.999971,3,1,0.000021,0.000007,0.999971,0.000001
data_rand_fold3/Testing/notumor/Tr-no_0800.jpg,nt656,notumor,notumor,1,0.999999,3,1,0.000000,0.000001,0.999999,0.000000
data_rand_fold3/Testing/notumor/Tr-no_0801.jpg,nt657,notumor,notumor,1,0.999938,3,1,0.000033,0.000007,0.999938,0.000022
data_rand_fold3/Testing/notumor/Tr-no_0803.jpg,nt456,notumor,notumor,1,0.999973,3,1,0.000019,0.000006,0.999973,0.000002
data_rand_fold3/Testing/notumor/Tr-no_0805.jpg,nt660,notumor,notumor,1,0.999998,3,1,0.000001,0.000001,0.999998,0.000000
data_rand_fold3/Testing/notumor/Tr-no_0808.jpg,nt663,notumor,notumor,1,0.999944,3,1,0.000019,0.000006,0.999944,0.000032
data_rand_fold3/Testing/notumor/Tr-no_0816.jpg,nt457,notumor,notumor,1,0.999634,3,1,0.000044,0.000312,0.999634,0.000011
data_rand_fold3/Testing/notumor/Tr-no_0819.jpg,nt673,notumor,notumor,1,0.999918,3,1,0.000044,0.000036,0.999918,0.000003
data_rand_fold3/Testing/notumor/Tr-no_0825.jpg,nt679,notumor,notumor,1,0.999999,3,1,0.000000,0.000001,0.999999,0.000000
data_rand_fold3/Testing/notumor/Tr-no_0829.jpg,nt682,notumor,notumor,1,0.999961,3,1,0.000004,0.000032,0.999961,0.000003
data_rand_fold3/Testing/notumor/Tr-no_0830.jpg,nt683,notumor,notumor,1,0.999852,3,1,0.000107,0.000036,0.999852,0.000005
data_rand_fold3/Testing/notumor/Tr-no_0832.jpg,nt685,notumor,notumor,1,0.999403,3,1,0.000307,0.000189,0.999403,0.000102
data_rand_fold3/Testing/notumor/Tr-no_0837.jpg,nt690,notumor,notumor,1,0.999896,3,1,0.000006,0.000084,0.999896,0.000013
data_rand_fold3/Testing/notumor/Tr-no_0840.jpg,nt459,notumor,notumor,1,0.999809,3,1,0.000058,0.000099,0.999809,0.000035
data_rand_fold3/Testing/notumor/Tr-no_0843.jpg,nt695,notumor,notumor,1,0.999995,3,1,0.000003,0.000001,0.999995,0.000002
data_rand_fold3/Testing/notumor/Tr-no_0853.jpg,nt705,notumor,notumor,1,0.999992,3,1,0.000002,0.000004,0.999992,0.000002
data_rand_fold3/Testing/notumor/Tr-no_0860.jpg,nt712,notumor,notumor,1,0.999985,3,1,0.000004,0.000010,0.999985,0.000001
data_rand_fold3/Testing/notumor/Tr-no_0861.jpg,nt713,notumor,notumor,1,0.999865,3,1,0.000099,0.000034,0.999865,0.000002
data_rand_fold3/Testing/notumor/Tr-no_0875.jpg,nt726,notumor,notumor,1,1.000000,3,1,0.000000,0.000000,1.000000,0.000000
data_rand_fold3/Testing/notumor/Tr-no_0882.jpg,nt731,notumor,notumor,1,0.999997,3,1,0.000001,0.000002,0.999997,0.000000
data_rand_fold3/Testing/notumor/Tr-no_0885.jpg,nt734,notumor,notumor,1,0.999972,3,1,0.000004,0.000023,0.999972,0.000001
data_rand_fold3/Testing/notumor/Tr-no_0890.jpg,nt737,notumor,notumor,1,0.999949,3,1,0.000034,0.000015,0.999949,0.000003
data_rand_fold3/Testing/notumor/Tr-no_0902.jpg,nt157,notumor,notumor,1,0.999980,3,1,0.000015,0.000004,0.999980,0.000001
data_rand_fold3/Testing/notumor/Tr-no_0908.jpg,nt753,notumor,notumor,1,0.999976,3,1,0.000015,0.000007,0.999976,0.000002
data_rand_fold3/Testing/notumor/Tr-no_0922.jpg,nt765,notumor,notumor,1,0.999987,3,1,0.000007,0.000005,0.999987,0.000002
data_rand_fold3/Testing/notumor/Tr-no_0926.jpg,nt464,notumor,notumor,1,0.999963,3,1,0.000021,0.000014,0.999963,0.000002
data_rand_fold3/Testing/notumor/Tr-no_0932.jpg,nt23,notumor,notumor,1,0.999719,3,1,0.000169,0.000056,0.999719,0.000056
data_rand_fold3/Testing/notumor/Tr-no_0936.jpg,nt777,notumor,notumor,1,0.999539,3,1,0.000223,0.000009,0.999539,0.000229
data_rand_fold3/Testing/notumor/Tr-no_0952.jpg,nt790,notumor,notumor,1,0.999740,3,1,0.000235,0.000013,0.999740,0.000012
data_rand_fold3/Testing/notumor/Tr-no_0963.jpg,nt166,notumor,notumor,1,0.999954,3,1,0.000034,0.000010,0.999954,0.000002
data_rand_fold3/Testing/notumor/Tr-no_0973.jpg,nt157,notumor,notumor,1,0.999967,3,1,0.000024,0.000008,0.999967,0.000001
data_rand_fold3/Testing/notumor/Tr-no_0976.jpg,nt799,notumor,notumor,1,0.999982,3,1,0.000010,0.000006,0.999982,0.000002
data_rand_fold3/Testing/notumor/Tr-no_0987.jpg,nt22,notumor,notumor,1,0.999778,3,1,0.000055,0.000050,0.999778,0.000117
data_rand_fold3/Testing/notumor/Tr-no_0991.jpg,nt802,notumor,notumor,1,0.997837,3,1,0.000060,0.001306,0.997837,0.000798
data_rand_fold3/Testing/notumor/Tr-no_0996.jpg,nt191,notumor,notumor,1,0.999998,3,1,0.000001,0.000000,0.999998,0.000000
data_rand_fold3/Testing/notumor/Tr-no_1023.jpg,nt395,notumor,notumor,1,0.999401,3,1,0.000237,0.000352,0.999401,0.000010
data_rand_fold3/Testing/notumor/Tr-no_1026.jpg,nt464,notumor,notumor,1,0.999958,3,1,0.000022,0.000018,0.999958,0.000002
data_rand_fold3/Testing/notumor/Tr-no_1032.jpg,nt242,notumor,notumor,1,0.999998,3,1,0.000001,0.000001,0.999998,0.000000
data_rand_fold3/Testing/notumor/Tr-no_1051.jpg,nt142,notumor,notumor,1,0.999994,3,1,0.000003,0.000001,0.999994,0.000002
data_rand_fold3/Testing/notumor/Tr-no_1062.jpg,nt817,notumor,notumor,1,0.999995,3,1,0.000000,0.000003,0.999995,0.000001
data_rand_fold3/Testing/notumor/Tr-no_1065.jpg,nt18,notumor,notumor,1,0.999822,3,1,0.000072,0.000070,0.999822,0.000036
data_rand_fold3/Testing/notumor/Tr-no_1098.jpg,nt395,notumor,notumor,1,0.999422,3,1,0.000231,0.000339,0.999422,0.000009
data_rand_fold3/Testing/notumor/Tr-no_1099.jpg,nt716,notumor,notumor,1,0.999490,3,1,0.000301,0.000125,0.999490,0.000085
data_rand_fold3/Testing/notumor/Tr-no_1120.jpg,nt821,notumor,notumor,1,0.999999,3,1,0.000000,0.000001,0.999999,0.000000
data_rand_fold3/Testing/notumor/Tr-no_1165.jpg,nt348,notumor,notumor,1,0.999743,3,1,0.000184,0.000036,0.999743,0.000037
data_rand_fold3/Testing/notumor/Tr-no_1180.jpg,nt155,notumor,notumor,1,0.999982,3,1,0.000011,0.000007,0.999982,0.000000
data_rand_fold3/Testing/notumor/Tr-no_1184.jpg,nt825,notumor,notumor,1,0.999962,3,1,0.000025,0.000009,0.999962,0.000003
data_rand_fold3/Testing/notumor/Tr-no_1188.jpg,nt5,notumor,notumor,1,0.999946,3,1,0.000043,0.000009,0.999946,0.000002
data_rand_fold3/Testing/notumor/Tr-no_1194.jpg,nt252,notumor,notumor,1,0.999008,3,1,0.000371,0.000471,0.999008,0.000150
data_rand_fold3/Testing/notumor/Tr-no_1210.jpg,nt391,notumor,notumor,1,0.999969,3,1,0.000022,0.000007,0.999969,0.000001
data_rand_fold3/Testing/notumor/Tr-no_1215.jpg,nt833,notumor,notumor,1,0.999995,3,1,0.000004,0.000001,0.999995,0.000000
data_rand_fold3/Testing/notumor/Tr-no_1217.jpg,nt393,notumor,notumor,1,0.999771,3,1,0.000031,0.000188,0.999771,0.000010
data_rand_fold3/Testing/notumor/Tr-no_1223.jpg,nt837,notumor,notumor,1,1.000000,3,1,0.000000,0.000000,1.000000,0.000000
data_rand_fold3/Testing/notumor/Tr-no_1224.jpg,nt838,notumor,notumor,1,0.999998,3,1,0.000001,0.000001,0.999998,0.000000
data_rand_fold3/Testing/notumor/Tr-no_1225.jpg,nt397,notumor,notumor,1,0.999993,3,1,0.000005,0.000001,0.999993,0.000001
data_rand_fold3/Testing/notumor/Tr-no_1231.jpg,nt353,notumor,notumor,1,0.999934,3,1,0.000053,0.000011,0.999934,0.000002
data_rand_fold3/Testing/notumor/Tr-no_1243.jpg,nt354,notumor,notumor,1,0.999920,3,1,0.000046,0.000021,0.999920,0.000013
data_rand_fold3/Testing/notumor/Tr-no_1245.jpg,nt404,notumor,notumor,1,0.997191,3,1,0.000037,0.002741,0.997191,0.000031
data_rand_fold3/Testing/notumor/Tr-no_1250.jpg,nt850,notumor,notumor,1,0.999940,3,1,0.000016,0.000031,0.999940,0.000012
data_rand_fold3/Testing/notumor/Tr-no_1251.jpg,nt407,notumor,notumor,1,0.999955,3,1,0.000038,0.000005,0.999955,0.000001
data_rand_fold3/Testing/notumor/Tr-no_1258.jpg,nt414,notumor,notumor,1,0.999923,3,1,0.000019,0.000047,0.999923,0.000011
data_rand_fold3/Testing/notumor/Tr-no_1264.jpg,nt419,notumor,notumor,1,0.999917,3,1,0.000030,0.000036,0.999917,0.000016
data_rand_fold3/Testing/notumor/Tr-no_1265.jpg,nt356,notumor,notumor,1,0.999289,3,1,0.000576,0.000101,0.999289,0.000034
data_rand_fold3/Testing/notumor/Tr-no_1266.jpg,nt858,notumor,notumor,1,0.999968,3,1,0.000012,0.000019,0.999968,0.000001
data_rand_fold3/Testing/notumor/Tr-no_1270.jpg,nt860,notumor,notumor,1,0.999963,3,1,0.000027,0.000009,0.999963,0.000001
data_rand_fold3/Testing/notumor/Tr-no_1271.jpg,nt861,notumor,notumor,1,0.999946,3,1,0.000016,0.000029,0.999946,0.000008
data_rand_fold3/Testing/notumor/Tr-no_1274.jpg,nt864,notumor,notumor,1,0.999993,3,1,0.000001,0.000005,0.999993,0.000000
data_rand_fold3/Testing/notumor/Tr-no_1278.jpg,nt868,notumor,notumor,1,0.999976,3,1,0.000009,0.000012,0.999976,0.000003
data_rand_fold3/Testing/notumor/Tr-no_1279.jpg,nt367,notumor,notumor,1,0.999968,3,1,0.000009,0.000013,0.999968,0.000010
data_rand_fold3/Testing/notumor/Tr-no_1284.jpg,nt871,notumor,notumor,1,0.999947,3,1,0.000026,0.000026,0.999947,0.000002
data_rand_fold3/Testing/notumor/Tr-no_1296.jpg,nt881,notumor,notumor,1,0.999984,3,1,0.000010,0.000006,0.999984,0.000001
data_rand_fold3/Testing/notumor/Tr-no_1301.jpg,nt885,notumor,notumor,1,0.999943,3,1,0.000018,0.000023,0.999943,0.000016
data_rand_fold3/Testing/notumor/Tr-no_1308.jpg,nt888,notumor,notumor,1,0.999972,3,1,0.000006,0.000014,0.999972,0.000008
data_rand_fold3/Testing/notumor/Tr-no_1316.jpg,nt894,notumor,notumor,1,0.999988,3,1,0.000005,0.000006,0.999988,0.000001
data_rand_fold3/Testing/notumor/Tr-no_1320.jpg,nt897,notumor,notumor,1,0.999999,3,1,0.000001,0.000000,0.999999,0.000000
data_rand_fold3/Testing/notumor/Tr-no_1323.jpg,nt900,notumor,notumor,1,0.997494,3,1,0.000991,0.001195,0.997494,0.000319
data_rand_fold3/Testing/notumor/Tr-no_1335.jpg,nt528,notumor,notumor,1,0.999989,3,1,0.000005,0.000002,0.999989,0.000003
data_rand_fold3/Testing/notumor/Tr-no_1337.jpg,nt908,notumor,notumor,1,0.999978,3,1,0.000012,0.000007,0.999978,0.000002
data_rand_fold3/Testing/notumor/Tr-no_1338.jpg,nt909,notumor,notumor,1,0.999981,3,1,0.000013,0.000005,0.999981,0.000001
data_rand_fold3/Testing/notumor/Tr-no_1353.jpg,nt917,notumor,notumor,1,0.999998,3,1,0.000000,0.000001,0.999998,0.000000
data_rand_fold3/Testing/notumor/Tr-no_1355.jpg,nt919,notumor,notumor,1,0.999999,3,1,0.000000,0.000000,0.999999,0.000000
data_rand_fold3/Testing/notumor/Tr-no_1357.jpg,nt921,notumor,notumor,1,0.999983,3,1,0.000000,0.000017,0.999983,0.000000
data_rand_fold3/Testing/notumor/Tr-no_1360.jpg,nt924,notumor,notumor,1,0.999958,3,1,0.000017,0.000022,0.999958,0.000004
data_rand_fold3/Testing/notumor/Tr-no_1362.jpg,nt926,notumor,notumor,1,1.000000,3,1,0.000000,0.000000,1.000000,0.000000
data_rand_fold3/Testing/notumor/Tr-no_1380.jpg,nt937,notumor,notumor,1,0.999703,3,1,0.000118,0.000174,0.999703,0.000005
data_rand_fold3/Testing/notumor/Tr-no_1387.jpg,nt942,notumor,notumor,1,0.999858,3,1,0.000081,0.000052,0.999858,0.000009
data_rand_fold3/Testing/notumor/Tr-no_1406.jpg,nt953,notumor,notumor,1,0.999764,3,1,0.000035,0.000163,0.999764,0.000038
data_rand_fold3/Testing/notumor/Tr-no_1411.jpg,nt568,notumor,notumor,1,0.999657,3,1,0.000312,0.000029,0.999657,0.000002
data_rand_fold3/Testing/notumor/Tr-no_1418.jpg,nt346,notumor,notumor,1,0.999732,3,1,0.000147,0.000092,0.999732,0.000029
data_rand_fold3/Testing/notumor/Tr-no_1428.jpg,nt964,notumor,notumor,1,0.999939,3,1,0.000041,0.000014,0.999939,0.000005
data_rand_fold3/Testing/notumor/Tr-no_1429.jpg,nt965,notumor,notumor,1,0.999803,3,1,0.000083,0.000053,0.999803,0.000060
data_rand_fold3/Testing/notumor/Tr-no_1433.jpg,nt969,notumor,notumor,1,0.999996,3,1,0.000000,0.000002,0.999996,0.000002
data_rand_fold3/Testing/notumor/Tr-no_1437.jpg,nt810,notumor,notumor,1,0.999817,3,1,0.000007,0.000166,0.999817,0.000010
data_rand_fold3/Testing/notumor/Tr-no_1439.jpg,nt973,notumor,notumor,1,0.999852,3,1,0.000096,0.000009,0.999852,0.000042
data_rand_fold3/Testing/notumor/Tr-no_1441.jpg,nt495,notumor,notumor,1,0.999906,3,1,0.000051,0.000018,0.999906,0.000025
data_rand_fold3/Testing/notumor/Tr-no_1443.jpg,nt975,notumor,notumor,1,0.999940,3,1,0.000044,0.000011,0.999940,0.000005
data_rand_fold3/Testing/notumor/Tr-no_1448.jpg,nt978,notumor,notumor,1,0.999954,3,1,0.000024,0.000019,0.999954,0.000002
data_rand_fold3/Testing/notumor/Tr-no_1457.jpg,nt484,notumor,notumor,1,0.999882,3,1,0.000022,0.000091,0.999882,0.000005
data_rand_fold3/Testing/notumor/Tr-no_1462.jpg,nt985,notumor,notumor,1,0.999433,3,1,0.000525,0.000037,0.999433,0.000006
data_rand_fold3/Testing/notumor/Tr-no_1472.jpg,nt635,notumor,notumor,1,0.999742,3,1,0.000108,0.000111,0.999742,0.000040
data_rand_fold3/Testing/notumor/Tr-no_1473.jpg,nt645,notumor,notumor,1,0.999908,3,1,0.000036,0.000054,0.999908,0.000002
data_rand_fold3/Testing/notumor/Tr-no_1479.jpg,nt395,notumor,notumor,1,0.999888,3,1,0.000022,0.000089,0.999888,0.000002
data_rand_fold3/Testing/notumor/Tr-no_1481.jpg,nt989,notumor,notumor,1,0.999989,3,1,0.000007,0.000004,0.999989,0.000000
data_rand_fold3/Testing/notumor/Tr-no_1485.jpg,nt828,notumor,notumor,1,0.999947,3,1,0.000002,0.000050,0.999947,0.000001
data_rand_fold3/Testing/notumor/Tr-no_1509.jpg,nt997,notumor,notumor,1,0.999984,3,1,0.000001,0.000014,0.999984,0.000001
data_rand_fold3/Testing/notumor/Tr-no_1523.jpg,nt1001,notumor,notumor,1,0.999940,3,1,0.000057,0.000003,0.999940,0.000000
data_rand_fold3/Testing/notumor/Tr-no_1526.jpg,nt536,notumor,notumor,1,0.999926,3,1,0.000029,0.000018,0.999926,0.000027
data_rand_fold3/Testing/notumor/Tr-no_1529.jpg,nt1005,notumor,notumor,1,0.999858,3,1,0.000007,0.000128,0.999858,0.000007
data_rand_fold3/Testing/notumor/Tr-no_1533.jpg,nt1006,notumor,notumor,1,0.999949,3,1,0.000019,0.000029,0.999949,0.000003
data_rand_fold3/Testing/notumor/Tr-no_1537.jpg,nt894,notumor,notumor,1,0.999992,3,1,0.000003,0.000004,0.999992,0.000000
data_rand_fold3/Testing/notumor/Tr-no_1542.jpg,nt901,notumor,notumor,1,0.999946,3,1,0.000020,0.000026,0.999946,0.000008
data_rand_fold3/Testing/notumor/Tr-no_1551.jpg,nt943,notumor,notumor,1,0.999995,3,1,0.000000,0.000003,0.999995,0.000001
data_rand_fold3/Testing/notumor/Tr-no_1553.jpg,nt493,notumor,notumor,1,0.999993,3,1,0.000003,0.000004,0.999993,0.000000
data_rand_fold3/Testing/notumor/Tr-no_1554.jpg,nt438,notumor,notumor,1,0.999987,3,1,0.000001,0.000011,0.999987,0.000002
data_rand_fold3/Testing/notumor/Tr-no_1561.jpg,nt951,notumor,notumor,1,0.999303,3,1,0.000625,0.000060,0.999303,0.000012
data_rand_fold3/Testing/notumor/Tr-no_1567.jpg,nt953,notumor,notumor,1,0.999724,3,1,0.000044,0.000188,0.999724,0.000043
data_rand_fold3/Testing/notumor/Tr-no_1571.jpg,nt957,notumor,notumor,1,0.999782,3,1,0.000045,0.000012,0.999782,0.000160
data_rand_fold3/Testing/notumor/Tr-no_1572.jpg,nt343,notumor,notumor,1,0.999973,3,1,0.000002,0.000019,0.999973,0.000006
data_rand_fold3/Testing/notumor/Tr-no_1573.jpg,nt1018,notumor,notumor,1,0.999989,3,1,0.000007,0.000003,0.999989,0.000001
data_rand_fold3/Testing/notumor/Tr-no_1574.jpg,nt1019,notumor,notumor,1,0.999992,3,1,0.000004,0.000004,0.999992,0.000000
data_rand_fold3/Testing/notumor/Tr-no_1588.jpg,nt926,notumor,notumor,1,1.000000,3,1,0.000000,0.000000,1.000000,0.000000
data_rand_fold3/Testing/notumor/Tr-no_1590.jpg,nt1024,notumor,notumor,1,0.999955,3,1,0.000024,0.000015,0.999955,0.000006
data_rand_fold3/Testing/notumor/Tr-no_1592.jpg,nt932,notumor,notumor,1,0.999962,3,1,0.000011,0.000019,0.999962,0.000007
data_rand_fold3/Testing/pituitary/Te-piTr_0000.jpg,113274,pituitary,pituitary,1,0.999878,3,1,0.000022,0.000078,0.000022,0.999878
data_rand_fold3/Testing/pituitary/Te-piTr_0001.jpg,58392,pituitary,pituitary,1,0.995621,3,1,0.000025,0.004217,0.000137,0.995621
data_rand_fold3/Testing/pituitary/Te-piTr_0005.jpg,112847,pituitary,pituitary,1,0.997356,3,1,0.000527,0.001453,0.000664,0.997356
data_rand_fold3/Testing/pituitary/Te-pi_0013.jpg,102648,pituitary,glioma,0,0.497725,3,1,0.497725,0.004692,0.017646,0.479937
data_rand_fold3/Testing/pituitary/Te-pi_0014.jpg,103257,pituitary,pituitary,1,0.999988,3,1,0.000000,0.000011,0.000001,0.999988
data_rand_fold3/Testing/pituitary/Te-pi_0015.jpg,103257,pituitary,pituitary,1,0.999953,3,1,0.000001,0.000045,0.000002,0.999953
data_rand_fold3/Testing/pituitary/Te-pi_0017.jpg,103582,pituitary,pituitary,1,0.999818,3,1,0.000032,0.000129,0.000021,0.999818
data_rand_fold3/Testing/pituitary/Te-pi_0028.jpg,105187,pituitary,pituitary,1,0.999921,3,1,0.000006,0.000008,0.000065,0.999921
data_rand_fold3/Testing/pituitary/Te-pi_0029.jpg,105538,pituitary,meningioma,0,0.989940,3,1,0.002438,0.989940,0.003053,0.004570
data_rand_fold3/Testing/pituitary/Te-pi_0030.jpg,105638,pituitary,pituitary,1,0.999506,3,1,0.000006,0.000025,0.000463,0.999506
data_rand_fold3/Testing/pituitary/Te-pi_0034.jpg,97481,pituitary,pituitary,1,0.999866,3,1,0.000050,0.000080,0.000004,0.999866
data_rand_fold3/Testing/pituitary/Te-pi_0044.jpg,99223,pituitary,pituitary,1,0.999582,3,1,0.000179,0.000207,0.000032,0.999582
data_rand_fold3/Testing/pituitary/Te-pi_0047.jpg,101029,pituitary,pituitary,1,0.999963,3,1,0.000002,0.000033,0.000002,0.999963
data_rand_fold3/Testing/pituitary/Te-pi_0048.jpg,101305,pituitary,pituitary,1,0.999927,3,1,0.000012,0.000051,0.000009,0.999927
data_rand_fold3/Testing/pituitary/Te-pi_0050.jpg,101724,pituitary,pituitary,1,0.990759,3,1,0.003908,0.002575,0.002759,0.990759
data_rand_fold3/Testing/pituitary/Te-pi_0051.jpg,102648,pituitary,pituitary,1,0.999934,3,1,0.000016,0.000029,0.000021,0.999934
data_rand_fold3/Testing/pituitary/Te-pi_0056.jpg,107495,pituitary,pituitary,1,0.999930,3,1,0.000002,0.000011,0.000056,0.999930
data_rand_fold3/Testing/pituitary/Te-pi_0058.jpg,107429,pituitary,pituitary,1,0.999923,3,1,0.000004,0.000068,0.000006,0.999923
data_rand_fold3/Testing/pituitary/Te-pi_0063.jpg,108931,pituitary,pituitary,1,0.999820,3,1,0.000005,0.000005,0.000170,0.999820
data_rand_fold3/Testing/pituitary/Te-pi_0067.jpg,109898,pituitary,pituitary,1,0.999205,3,1,0.000027,0.000692,0.000076,0.999205
data_rand_fold3/Testing/pituitary/Te-pi_0070.jpg,110537,pituitary,pituitary,1,0.999331,3,1,0.000028,0.000119,0.000522,0.999331
data_rand_fold3/Testing/pituitary/Te-pi_0073.jpg,110993,pituitary,pituitary,1,0.999890,3,1,0.000003,0.000104,0.000003,0.999890
data_rand_fold3/Testing/pituitary/Te-pi_0074.jpg,111075,pituitary,pituitary,1,0.999613,3,1,0.000084,0.000246,0.000057,0.999613
data_rand_fold3/Testing/pituitary/Te-pi_0082.jpg,112847,pituitary,pituitary,1,0.982614,3,1,0.000073,0.016131,0.001181,0.982614
data_rand_fold3/Testing/pituitary/Te-pi_0085.jpg,113741,pituitary,pituitary,1,0.998246,3,1,0.000066,0.000881,0.000807,0.998246
data_rand_fold3/Testing/pituitary/Te-pi_0095.jpg,107505,pituitary,pituitary,1,0.999710,3,1,0.000112,0.000131,0.000048,0.999710
data_rand_fold3/Testing/pituitary/Te-pi_0098.jpg,108858,pituitary,pituitary,1,0.978467,3,1,0.000106,0.020520,0.000907,0.978467
data_rand_fold3/Testing/pituitary/Te-pi_0100.jpg,109471,pituitary,pituitary,1,0.999952,3,1,0.000002,0.000021,0.000025,0.999952
data_rand_fold3/Testing/pituitary/Te-pi_0104.jpg,110518,pituitary,pituitary,1,0.997740,3,1,0.000158,0.001261,0.000841,0.997740
data_rand_fold3/Testing/pituitary/Te-pi_0110.jpg,111125,pituitary,pituitary,1,0.999420,3,1,0.000096,0.000354,0.000130,0.999420
data_rand_fold3/Testing/pituitary/Te-pi_0121.jpg,107495,pituitary,pituitary,1,0.999860,3,1,0.000017,0.000021,0.000102,0.999860
data_rand_fold3/Testing/pituitary/Te-pi_0125.jpg,113274,pituitary,pituitary,1,0.995260,3,1,0.000183,0.000474,0.004083,0.995260
data_rand_fold3/Testing/pituitary/Te-pi_0139.jpg,111785,pituitary,pituitary,1,0.999972,3,1,0.000003,0.000010,0.000015,0.999972
data_rand_fold3/Testing/pituitary/Te-pi_0141.jpg,112649,pituitary,pituitary,1,0.999761,3,1,0.000172,0.000044,0.000023,0.999761
data_rand_fold3/Testing/pituitary/Te-pi_0145.jpg,101305,pituitary,pituitary,1,0.999989,3,1,0.000002,0.000008,0.000001,0.999989
data_rand_fold3/Testing/pituitary/Te-pi_0147.jpg,102648,pituitary,pituitary,1,0.999981,3,1,0.000004,0.000014,0.000001,0.999981
data_rand_fold3/Testing/pituitary/Te-pi_0148.jpg,103046,pituitary,pituitary,1,0.997041,3,1,0.000092,0.001271,0.001595,0.997041
data_rand_fold3/Testing/pituitary/Te-pi_0150.jpg,103257,pituitary,pituitary,1,0.999973,3,1,0.000001,0.000021,0.000005,0.999973
data_rand_fold3/Testing/pituitary/Te-pi_0151.jpg,103257,pituitary,pituitary,1,0.999632,3,1,0.000001,0.000344,0.000023,0.999632
data_rand_fold3/Testing/pituitary/Te-pi_0158.jpg,103731,pituitary,pituitary,1,0.998341,3,1,0.000486,0.000166,0.001007,0.998341
data_rand_fold3/Testing/pituitary/Te-pi_0168.jpg,104912,pituitary,pituitary,1,0.999854,3,1,0.000020,0.000092,0.000034,0.999854
data_rand_fold3/Testing/pituitary/Te-pi_0178.jpg,97481,pituitary,pituitary,1,0.999201,3,1,0.000423,0.000345,0.000031,0.999201
data_rand_fold3/Testing/pituitary/Te-pi_0179.jpg,97599,pituitary,pituitary,1,0.998389,3,1,0.000269,0.000768,0.000574,0.998389
data_rand_fold3/Testing/pituitary/Te-pi_0181.jpg,98472,pituitary,pituitary,1,0.999713,3,1,0.000011,0.000041,0.000236,0.999713
data_rand_fold3/Testing/pituitary/Te-pi_0191.jpg,99223,pituitary,pituitary,1,0.999988,3,1,0.000003,0.000006,0.000003,0.999988
data_rand_fold3/Testing/pituitary/Te-pi_0192.jpg,101017,pituitary,pituitary,1,0.999711,3,1,0.000021,0.000261,0.000007,0.999711
data_rand_fold3/Testing/pituitary/Te-pi_0193.jpg,101017,pituitary,meningioma,0,0.532303,3,1,0.000384,0.532303,0.002768,0.464545
data_rand_fold3/Testing/pituitary/Te-pi_0194.jpg,101029,pituitary,pituitary,1,0.999385,3,1,0.000024,0.000351,0.000240,0.999385
data_rand_fold3/Testing/pituitary/Te-pi_0202.jpg,103257,pituitary,pituitary,1,0.999955,3,1,0.000010,0.000027,0.000008,0.999955
data_rand_fold3/Testing/pituitary/Te-pi_0203.jpg,103257,pituitary,pituitary,1,0.999887,3,1,0.000001,0.000105,0.000007,0.999887
data_rand_fold3/Testing/pituitary/Te-pi_0210.jpg,103731,pituitary,pituitary,1,0.997806,3,1,0.000882,0.000837,0.000476,0.997806
data_rand_fold3/Testing/pituitary/Te-pi_0211.jpg,103731,pituitary,pituitary,1,0.999397,3,1,0.000080,0.000271,0.000253,0.999397
data_rand_fold3/Testing/pituitary/Te-pi_0217.jpg,107429,pituitary,pituitary,1,0.995070,3,1,0.000053,0.003331,0.001546,0.995070
data_rand_fold3/Testing/pituitary/Te-pi_0225.jpg,97416,pituitary,pituitary,1,0.999974,3,1,0.000000,0.000023,0.000003,0.999974
data_rand_fold3/Testing/pituitary/Te-pi_0231.jpg,97890,pituitary,pituitary,1,0.999770,3,1,0.000111,0.000069,0.000050,0.999770
data_rand_fold3/Testing/pituitary/Te-pi_0234.jpg,98871,pituitary,pituitary,1,0.998379,3,1,0.000049,0.000498,0.001074,0.998379
data_rand_fold3/Testing/pituitary/Te-pi_0238.jpg,98992,pituitary,pituitary,1,0.991345,3,1,0.000006,0.008274,0.000375,0.991345
data_rand_fold3/Testing/pituitary/Te-pi_0243.jpg,101017,pituitary,pituitary,1,0.999960,3,1,0.000001,0.000037,0.000003,0.999960
data_rand_fold3/Testing/pituitary/Te-pi_0248.jpg,101724,pituitary,pituitary,1,0.995029,3,1,0.001051,0.001134,0.002787,0.995029
data_rand_fold3/Testing/pituitary/Te-pi_0249.jpg,108858,pituitary,pituitary,1,0.995063,3,1,0.003625,0.000848,0.000464,0.995063
data_rand_fold3/Testing/pituitary/Te-pi_0251.jpg,102648,pituitary,pituitary,1,0.982875,3,1,0.001425,0.013529,0.002171,0.982875
data_rand_fold3/Testing/pituitary/Te-pi_0254.jpg,103257,pituitary,pituitary,1,0.999089,3,1,0.000245,0.000407,0.000259,0.999089
data_rand_fold3/Testing/pituitary/Te-pi_0258.jpg,103582,pituitary,pituitary,1,0.999735,3,1,0.000009,0.000116,0.000141,0.999735
data_rand_fold3/Testing/pituitary/Te-pi_0259.jpg,108858,pituitary,pituitary,1,0.998313,3,1,0.000427,0.000604,0.000657,0.998313
data_rand_fold3/Testing/pituitary/Te-pi_0273.jpg,108931,pituitary,pituitary,1,0.986045,3,1,0.000703,0.000523,0.012729,0.986045
data_rand_fold3/Testing/pituitary/Te-pi_0276.jpg,105475,pituitary,pituitary,1,0.998021,3,1,0.000190,0.001040,0.000749,0.998021
data_rand_fold3/Testing/pituitary/Te-pi_0277.jpg,105638,pituitary,pituitary,1,0.999436,3,1,0.000126,0.000055,0.000384,0.999436
data_rand_fold3/Testing/pituitary/Te-pi_0278.jpg,105638,pituitary,pituitary,1,0.997604,3,1,0.000233,0.001241,0.000922,0.997604
data_rand_fold3/Testing/pituitary/Te-pi_0285.jpg,97890,pituitary,pituitary,1,0.998458,3,1,0.000310,0.000104,0.001128,0.998458
data_rand_fold3/Testing/pituitary/Te-pi_0288.jpg,98652,pituitary,pituitary,1,0.995390,3,1,0.000156,0.001512,0.002942,0.995390
data_rand_fold3/Testing/pituitary/Te-pi_0299.jpg,109769,pituitary,pituitary,1,0.999763,3,1,0.000010,0.000149,0.000078,0.999763
data_rand_fold3/Testing/pituitary/Tr-piTr_0007.jpg,98874,pituitary,pituitary,1,0.979570,3,1,0.000082,0.020323,0.000025,0.979570
data_rand_fold3/Testing/pituitary/Tr-pi_0014.jpg,98992,pituitary,pituitary,1,0.994405,3,1,0.000004,0.005344,0.000247,0.994405
data_rand_fold3/Testing/pituitary/Tr-pi_0018.jpg,98995,pituitary,pituitary,1,0.999466,3,1,0.000008,0.000516,0.000009,0.999466
data_rand_fold3/Testing/pituitary/Tr-pi_0024.jpg,99223,pituitary,pituitary,1,0.997921,3,1,0.000377,0.001191,0.000511,0.997921
data_rand_fold3/Testing/pituitary/Tr-pi_0045.jpg,111785,pituitary,pituitary,1,0.999990,3,1,0.000002,0.000005,0.000003,0.999990
data_rand_fold3/Testing/pituitary/Tr-pi_0047.jpg,104019,pituitary,pituitary,1,0.998140,3,1,0.000023,0.000207,0.001631,0.998140
data_rand_fold3/Testing/pituitary/Tr-pi_0052.jpg,104558,pituitary,pituitary,1,0.998955,3,1,0.000011,0.000581,0.000452,0.998955
data_rand_fold3/Testing/pituitary/Tr-pi_0053.jpg,104558,pituitary,pituitary,1,0.998741,3,1,0.000007,0.001213,0.000039,0.998741
data_rand_fold3/Testing/pituitary/Tr-pi_0056.jpg,111785,pituitary,pituitary,1,0.999937,3,1,0.000004,0.000024,0.000035,0.999937
data_rand_fold3/Testing/pituitary/Tr-pi_0057.jpg,104558,pituitary,pituitary,1,0.999829,3,1,0.000004,0.000148,0.000019,0.999829
data_rand_fold3/Testing/pituitary/Tr-pi_0058.jpg,104558,pituitary,pituitary,1,0.999230,3,1,0.000293,0.000289,0.000188,0.999230
data_rand_fold3/Testing/pituitary/Tr-pi_0073.jpg,104912,pituitary,pituitary,1,0.995436,3,1,0.002182,0.002350,0.000032,0.995436
data_rand_fold3/Testing/pituitary/Tr-pi_0078.jpg,114040,pituitary,pituitary,1,0.996055,3,1,0.001682,0.000806,0.001457,0.996055
data_rand_fold3/Testing/pituitary/Tr-pi_0079.jpg,105187,pituitary,pituitary,1,0.991934,3,1,0.000219,0.004444,0.003403,0.991934
data_rand_fold3/Testing/pituitary/Tr-pi_0080.jpg,105187,pituitary,pituitary,1,0.995559,3,1,0.000419,0.002855,0.001167,0.995559
data_rand_fold3/Testing/pituitary/Tr-pi_0082.jpg,105475,pituitary,pituitary,1,0.999523,3,1,0.000058,0.000288,0.000132,0.999523
data_rand_fold3/Testing/pituitary/Tr-pi_0087.jpg,105538,pituitary,meningioma,0,0.753754,3,1,0.070684,0.753754,0.170442,0.005120
data_rand_fold3/Testing/pituitary/Tr-pi_0109.jpg,97481,pituitary,pituitary,1,0.999368,3,1,0.000485,0.000065,0.000082,0.999368
data_rand_fold3/Testing/pituitary/Tr-pi_0120.jpg,98472,pituitary,pituitary,1,0.990384,3,1,0.000309,0.005211,0.004096,0.990384
data_rand_fold3/Testing/pituitary/Tr-pi_0122.jpg,98472,pituitary,pituitary,1,0.996648,3,1,0.000073,0.002981,0.000297,0.996648
data_rand_fold3/Testing/pituitary/Tr-pi_0127.jpg,98652,pituitary,pituitary,1,0.998387,3,1,0.000086,0.000133,0.001393,0.998387
data_rand_fold3/Testing/pituitary/Tr-pi_0128.jpg,98652,pituitary,pituitary,1,0.993034,3,1,0.000966,0.000528,0.005472,0.993034
data_rand_fold3/Testing/pituitary/Tr-pi_0130.jpg,98871,pituitary,pituitary,1,0.998854,3,1,0.000016,0.000941,0.000189,0.998854
data_rand_fold3/Testing/pituitary/Tr-pi_0134.jpg,114361,pituitary,pituitary,1,0.999946,3,1,0.000003,0.000045,0.000007,0.999946
data_rand_fold3/Testing/pituitary/Tr-pi_0138.jpg,98874,pituitary,pituitary,1,0.998823,3,1,0.000006,0.001101,0.000070,0.998823
data_rand_fold3/Testing/pituitary/Tr-pi_0143.jpg,98992,pituitary,pituitary,1,0.999763,3,1,0.000002,0.000222,0.000014,0.999763
data_rand_fold3/Testing/pituitary/Tr-pi_0144.jpg,98992,pituitary,pituitary,1,0.965179,3,1,0.001261,0.031871,0.001689,0.965179
data_rand_fold3/Testing/pituitary/Tr-pi_0146.jpg,98992,pituitary,pituitary,1,0.999818,3,1,0.000007,0.000153,0.000021,0.999818
data_rand_fold3/Testing/pituitary/Tr-pi_0147.jpg,98992,pituitary,pituitary,1,0.999988,3,1,0.000001,0.000004,0.000007,0.999988
data_rand_fold3/Testing/pituitary/Tr-pi_0155.jpg,98995,pituitary,pituitary,1,0.999268,3,1,0.000003,0.000722,0.000007,0.999268
data_rand_fold3/Testing/pituitary/Tr-pi_0159.jpg,98995,pituitary,pituitary,1,0.998881,3,1,0.000004,0.001108,0.000007,0.998881
data_rand_fold3/Testing/pituitary/Tr-pi_0160.jpg,98995,pituitary,pituitary,1,0.998881,3,1,0.000004,0.001108,0.000007,0.998881
data_rand_fold3/Testing/pituitary/Tr-pi_0162.jpg,98995,pituitary,pituitary,1,0.998939,3,1,0.000004,0.001020,0.000037,0.998939
data_rand_fold3/Testing/pituitary/Tr-pi_0171.jpg,101017,pituitary,pituitary,1,0.999586,3,1,0.000030,0.000376,0.000008,0.999586
data_rand_fold3/Testing/pituitary/Tr-pi_0178.jpg,101017,pituitary,pituitary,1,0.999401,3,1,0.000002,0.000019,0.000578,0.999401
data_rand_fold3/Testing/pituitary/Tr-pi_0182.jpg,101145,pituitary,pituitary,1,0.965392,3,1,0.000139,0.008232,0.026237,0.965392
data_rand_fold3/Testing/pituitary/Tr-pi_0184.jpg,101145,pituitary,pituitary,1,0.968220,3,1,0.000381,0.028945,0.002454,0.968220
data_rand_fold3/Testing/pituitary/Tr-pi_0187.jpg,101305,pituitary,pituitary,1,0.998547,3,1,0.000186,0.001145,0.000121,0.998547
data_rand_fold3/Testing/pituitary/Tr-pi_0200.jpg,101017,pituitary,pituitary,1,0.998743,3,1,0.000006,0.000024,0.001227,0.998743
data_rand_fold3/Testing/pituitary/Tr-pi_0201.jpg,102648,pituitary,pituitary,1,0.810289,3,1,0.005597,0.139938,0.044175,0.810289
data_rand_fold3/Testing/pituitary/Tr-pi_0205.jpg,103046,pituitary,pituitary,1,0.998910,3,1,0.000034,0.000134,0.000922,0.998910
data_rand_fold3/Testing/pituitary/Tr-pi_0206.jpg,103046,pituitary,pituitary,1,0.999604,3,1,0.000076,0.000120,0.000200,0.999604
data_rand_fold3/Testing/pituitary/Tr-pi_0210.jpg,103257,pituitary,pituitary,1,0.998903,3,1,0.000015,0.000962,0.000120,0.998903
data_rand_fold3/Testing/pituitary/Tr-pi_0217.jpg,103478,pituitary,pituitary,1,0.999749,3,1,0.000039,0.000038,0.000174,0.999749
data_rand_fold3/Testing/pituitary/Tr-pi_0221.jpg,103478,pituitary,pituitary,1,0.997626,3,1,0.000069,0.000672,0.001633,0.997626
data_rand_fold3/Testing/pituitary/Tr-pi_0222.jpg,110993,pituitary,pituitary,1,0.999872,3,1,0.000027,0.000046,0.000056,0.999872
data_rand_fold3/Testing/pituitary/Tr-pi_0224.jpg,103478,pituitary,pituitary,1,0.999818,3,1,0.000005,0.000168,0.000008,0.999818
data_rand_fold3/Testing/pituitary/Tr-pi_0232.jpg,103582,pituitary,pituitary,1,0.999564,3,1,0.000038,0.000251,0.000147,0.999564
data_rand_fold3/Testing/pituitary/Tr-pi_0239.jpg,103671,pituitary,pituitary,1,0.999749,3,1,0.000004,0.000226,0.000021,0.999749
data_rand_fold3/Testing/pituitary/Tr-pi_0242.jpg,103671,pituitary,pituitary,1,0.994743,3,1,0.000026,0.005056,0.000175,0.994743
data_rand_fold3/Testing/pituitary/Tr-pi_0244.jpg,103731,pituitary,pituitary,1,0.999137,3,1,0.000640,0.000192,0.000030,0.999137
data_rand_fold3/Testing/pituitary/Tr-pi_0256.jpg,106062,pituitary,pituitary,1,0.988133,3,1,0.000271,0.010676,0.000920,0.988133
data_rand_fold3/Testing/pituitary/Tr-pi_0265.jpg,104019,pituitary,pituitary,1,0.999991,3,1,0.000000,0.000004,0.000004,0.999991
data_rand_fold3/Testing/pituitary/Tr-pi_0272.jpg,104558,pituitary,pituitary,1,0.999822,3,1,0.000001,0.000174,0.000004,0.999822
data_rand_fold3/Testing/pituitary/Tr-pi_0273.jpg,104558,pituitary,pituitary,1,0.993259,3,1,0.000090,0.006403,0.000249,0.993259
data_rand_fold3/Testing/pituitary/Tr-pi_0288.jpg,105187,pituitary,pituitary,1,0.999906,3,1,0.000007,0.000011,0.000076,0.999906
data_rand_fold3/Testing/pituitary/Tr-pi_0292.jpg,105638,pituitary,pituitary,1,0.997839,3,1,0.001135,0.000823,0.000203,0.997839
data_rand_fold3/Testing/pituitary/Tr-pi_0295.jpg,105638,pituitary,pituitary,1,0.996383,3,1,0.000458,0.001852,0.001308,0.996383
data_rand_fold3/Testing/pituitary/Tr-pi_0307.jpg,97461,pituitary,pituitary,1,0.999308,3,1,0.000038,0.000620,0.000034,0.999308
data_rand_fold3/Testing/pituitary/Tr-pi_0311.jpg,106062,pituitary,pituitary,1,0.994291,3,1,0.000185,0.004829,0.000695,0.994291
data_rand_fold3/Testing/pituitary/Tr-pi_0314.jpg,97481,pituitary,pituitary,1,0.998891,3,1,0.000545,0.000519,0.000045,0.998891
data_rand_fold3/Testing/pituitary/Tr-pi_0317.jpg,97481,pituitary,pituitary,1,0.999696,3,1,0.000003,0.000292,0.000010,0.999696
data_rand_fold3/Testing/pituitary/Tr-pi_0318.jpg,97599,pituitary,pituitary,1,0.997618,3,1,0.000006,0.000087,0.002289,0.997618
data_rand_fold3/Testing/pituitary/Tr-pi_0323.jpg,97890,pituitary,pituitary,1,0.999935,3,1,0.000028,0.000021,0.000016,0.999935
data_rand_fold3/Testing/pituitary/Tr-pi_0325.jpg,98472,pituitary,pituitary,1,0.999708,3,1,0.000008,0.000273,0.000011,0.999708
data_rand_fold3/Testing/pituitary/Tr-pi_0332.jpg,98871,pituitary,pituitary,1,0.996852,3,1,0.000049,0.002934,0.000165,0.996852
data_rand_fold3/Testing/pituitary/Tr-pi_0339.jpg,107495,pituitary,pituitary,1,0.998411,3,1,0.000013,0.001420,0.000156,0.998411
data_rand_fold3/Testing/pituitary/Tr-pi_0351.jpg,107505,pituitary,pituitary,1,0.979119,3,1,0.010597,0.009947,0.000336,0.979119
data_rand_fold3/Testing/pituitary/Tr-pi_0353.jpg,107505,pituitary,pituitary,1,0.995471,3,1,0.000125,0.004293,0.000111,0.995471
data_rand_fold3/Testing/pituitary/Tr-pi_0367.jpg,112649,pituitary,pituitary,1,0.999181,3,1,0.000596,0.000096,0.000126,0.999181
data_rand_fold3/Testing/pituitary/Tr-pi_0368.jpg,109471,pituitary,pituitary,1,0.999712,3,1,0.000006,0.000246,0.000036,0.999712
data_rand_fold3/Testing/pituitary/Tr-pi_0369.jpg,109471,pituitary,pituitary,1,0.995790,3,1,0.000242,0.003724,0.000244,0.995790
data_rand_fold3/Testing/pituitary/Tr-pi_0370.jpg,109471,pituitary,pituitary,1,0.999340,3,1,0.000010,0.000596,0.000053,0.999340
data_rand_fold3/Testing/pituitary/Tr-pi_0374.jpg,109769,pituitary,pituitary,1,0.997713,3,1,0.000158,0.001494,0.000635,0.997713
data_rand_fold3/Testing/pituitary/Tr-pi_0380.jpg,110518,pituitary,pituitary,1,0.925740,3,1,0.000316,0.070275,0.003669,0.925740
data_rand_fold3/Testing/pituitary/Tr-pi_0390.jpg,111075,pituitary,pituitary,1,0.993035,3,1,0.000387,0.006406,0.000173,0.993035
data_rand_fold3/Testing/pituitary/Tr-pi_0397.jpg,111785,pituitary,pituitary,1,0.986644,3,1,0.000485,0.012841,0.000029,0.986644
data_rand_fold3/Testing/pituitary/Tr-pi_0400.jpg,112746,pituitary,pituitary,1,0.999773,3,1,0.000001,0.000177,0.000048,0.999773
data_rand_fold3/Testing/pituitary/Tr-pi_0404.jpg,112074,pituitary,pituitary,1,0.947796,3,1,0.000480,0.050945,0.000780,0.947796
data_rand_fold3/Testing/pituitary/Tr-pi_0407.jpg,112649,pituitary,pituitary,1,0.983629,3,1,0.000469,0.015146,0.000756,0.983629
data_rand_fold3/Testing/pituitary/Tr-pi_0434.jpg,108931,pituitary,pituitary,1,0.995749,3,1,0.000605,0.000984,0.002663,0.995749
data_rand_fold3/Testing/pituitary/Tr-pi_0446.jpg,109769,pituitary,pituitary,1,0.998844,3,1,0.000010,0.000227,0.000919,0.998844
data_rand_fold3/Testing/pituitary/Tr-pi_0449.jpg,109898,pituitary,pituitary,1,0.997757,3,1,0.000021,0.002151,0.000072,0.997757
data_rand_fold3/Testing/pituitary/Tr-pi_0450.jpg,110518,pituitary,pituitary,1,0.997621,3,1,0.000031,0.002244,0.000103,0.997621
data_rand_fold3/Testing/pituitary/Tr-pi_0452.jpg,110518,pituitary,pituitary,1,0.996002,3,1,0.000001,0.003949,0.000049,0.996002
data_rand_fold3/Testing/pituitary/Tr-pi_0461.jpg,110537,pituitary,pituitary,1,0.990937,3,1,0.000036,0.008534,0.000494,0.990937
data_rand_fold3/Testing/pituitary/Tr-pi_0466.jpg,110993,pituitary,pituitary,1,0.999942,3,1,0.000005,0.000033,0.000020,0.999942
data_rand_fold3/Testing/pituitary/Tr-pi_0475.jpg,111125,pituitary,pituitary,1,0.999987,3,1,0.000001,0.000006,0.000006,0.999987
data_rand_fold3/Testing/pituitary/Tr-pi_0476.jpg,111125,pituitary,pituitary,1,0.999963,3,1,0.000001,0.000026,0.000010,0.999963
data_rand_fold3/Testing/pituitary/Tr-pi_0485.jpg,112074,pituitary,pituitary,1,0.983633,3,1,0.000550,0.015579,0.000239,0.983633
data_rand_fold3/Testing/pituitary/Tr-pi_0494.jpg,112074,pituitary,pituitary,1,0.997032,3,1,0.000936,0.001392,0.000641,0.997032
data_rand_fold3/Testing/pituitary/Tr-pi_0498.jpg,112649,pituitary,pituitary,1,0.998355,3,1,0.000404,0.000866,0.000375,0.998355
data_rand_fold3/Testing/pituitary/Tr-pi_0499.jpg,112649,pituitary,pituitary,1,0.999518,3,1,0.000256,0.000099,0.000127,0.999518
data_rand_fold3/Testing/pituitary/Tr-pi_0507.jpg,112847,pituitary,pituitary,1,0.999723,3,1,0.000029,0.000236,0.000012,0.999723
data_rand_fold3/Testing/pituitary/Tr-pi_0516.jpg,58392,pituitary,pituitary,1,0.995621,3,1,0.000025,0.004217,0.000137,0.995621
data_rand_fold3/Testing/pituitary/Tr-pi_0517.jpg,58392,pituitary,pituitary,1,0.995621,3,1,0.000025,0.004217,0.000137,0.995621
data_rand_fold3/Testing/pituitary/Tr-pi_0518.jpg,58392,pituitary,pituitary,1,0.995621,3,1,0.000025,0.004217,0.000137,0.995621
data_rand_fold3/Testing/pituitary/Tr-pi_0534.jpg,113274,pituitary,pituitary,1,0.986511,3,1,0.000296,0.006834,0.006359,0.986511
data_rand_fold3/Testing/pituitary/Tr-pi_0548.jpg,101145,pituitary,pituitary,1,0.999270,3,1,0.000000,0.000720,0.000010,0.999270
data_rand_fold3/Testing/pituitary/Tr-pi_0556.jpg,102648,pituitary,pituitary,1,0.989081,3,1,0.007202,0.002998,0.000719,0.989081
data_rand_fold3/Testing/pituitary/Tr-pi_0577.jpg,103670,pituitary,pituitary,1,0.999903,3,1,0.000004,0.000012,0.000081,0.999903
data_rand_fold3/Testing/pituitary/Tr-pi_0578.jpg,103671,pituitary,pituitary,1,0.999891,3,1,0.000028,0.000053,0.000028,0.999891
data_rand_fold3/Testing/pituitary/Tr-pi_0582.jpg,103731,pituitary,pituitary,1,0.999889,3,1,0.000006,0.000070,0.000035,0.999889
data_rand_fold3/Testing/pituitary/Tr-pi_0585.jpg,103731,pituitary,pituitary,1,0.999998,3,1,0.000000,0.000000,0.000001,0.999998
data_rand_fold3/Testing/pituitary/Tr-pi_0602.jpg,104684,pituitary,pituitary,1,0.999894,3,1,0.000010,0.000003,0.000092,0.999894
data_rand_fold3/Testing/pituitary/Tr-pi_0607.jpg,105187,pituitary,pituitary,1,0.999931,3,1,0.000022,0.000030,0.000017,0.999931
data_rand_fold3/Testing/pituitary/Tr-pi_0608.jpg,105187,pituitary,pituitary,1,0.999984,3,1,0.000003,0.000007,0.000006,0.999984
data_rand_fold3/Testing/pituitary/Tr-pi_0609.jpg,105187,pituitary,pituitary,1,0.999624,3,1,0.000007,0.000021,0.000348,0.999624
data_rand_fold3/Testing/pituitary/Tr-pi_0618.jpg,97416,pituitary,pituitary,1,0.999773,3,1,0.000036,0.000164,0.000027,0.999773
data_rand_fold3/Testing/pituitary/Tr-pi_0620.jpg,97416,pituitary,pituitary,1,0.999490,3,1,0.000003,0.000320,0.000187,0.999490
data_rand_fold3/Testing/pituitary/Tr-pi_0631.jpg,111075,pituitary,pituitary,1,0.999968,3,1,0.000002,0.000023,0.000007,0.999968
data_rand_fold3/Testing/pituitary/Tr-pi_0638.jpg,98472,pituitary,pituitary,1,0.999890,3,1,0.000002,0.000087,0.000021,0.999890
data_rand_fold3/Testing/pituitary/Tr-pi_0646.jpg,98871,pituitary,pituitary,1,0.999939,3,1,0.000003,0.000043,0.000015,0.999939
data_rand_fold3/Testing/pituitary/Tr-pi_0651.jpg,98992,pituitary,pituitary,1,0.993258,3,1,0.000274,0.006333,0.000135,0.993258
data_rand_fold3/Testing/pituitary/Tr-pi_0654.jpg,98992,pituitary,pituitary,1,0.999815,3,1,0.000045,0.000130,0.000010,0.999815
data_rand_fold3/Testing/pituitary/Tr-pi_0656.jpg,98995,pituitary,pituitary,1,0.999977,3,1,0.000000,0.000004,0.000019,0.999977
data_rand_fold3/Testing/pituitary/Tr-pi_0664.jpg,99223,pituitary,pituitary,1,0.999582,3,1,0.000179,0.000207,0.000032,0.999582
data_rand_fold3/Testing/pituitary/Tr-pi_0683.jpg,103046,pituitary,pituitary,1,0.999785,3,1,0.000009,0.000200,0.000006,0.999785
data_rand_fold3/Testing/pituitary/Tr-pi_0687.jpg,102648,pituitary,pituitary,1,0.999751,3,1,0.000073,0.000051,0.000125,0.999751
data_rand_fold3/Testing/pituitary/Tr-pi_0689.jpg,103046,pituitary,pituitary,1,0.999758,3,1,0.000020,0.000220,0.000002,0.999758
data_rand_fold3/Testing/pituitary/Tr-pi_0693.jpg,104684,pituitary,pituitary,1,0.997162,3,1,0.000136,0.000070,0.002632,0.997162
data_rand_fold3/Testing/pituitary/Tr-pi_0694.jpg,104684,pituitary,pituitary,1,0.994649,3,1,0.000154,0.000379,0.004818,0.994649
data_rand_fold3/Testing/pituitary/Tr-pi_0696.jpg,105936,pituitary,pituitary,1,0.998885,3,1,0.000013,0.000019,0.001083,0.998885
data_rand_fold3/Testing/pituitary/Tr-pi_0697.jpg,106062,pituitary,pituitary,1,0.997251,3,1,0.000124,0.000228,0.002397,0.997251
data_rand_fold3/Testing/pituitary/Tr-pi_0699.jpg,105936,pituitary,pituitary,1,0.999062,3,1,0.000070,0.000840,0.000028,0.999062
data_rand_fold3/Testing/pituitary/Tr-pi_0702.jpg,106062,pituitary,pituitary,1,0.999665,3,1,0.000061,0.000171,0.000103,0.999665
data_rand_fold3/Testing/pituitary/Tr-pi_0703.jpg,106062,pituitary,pituitary,1,0.998214,3,1,0.000157,0.000655,0.000973,0.998214
data_rand_fold3/Testing/pituitary/Tr-pi_0707.jpg,107495,pituitary,pituitary,1,0.999670,3,1,0.000009,0.000020,0.000301,0.999670
data_rand_fold3/Testing/pituitary/Tr-pi_0708.jpg,103257,pituitary,pituitary,1,0.999853,3,1,0.000004,0.000090,0.000053,0.999853
data_rand_fold3/Testing/pituitary/Tr-pi_0710.jpg,107429,pituitary,pituitary,1,0.999342,3,1,0.000189,0.000444,0.000025,0.999342
data_rand_fold3/Testing/pituitary/Tr-pi_0711.jpg,107429,pituitary,pituitary,1,0.996374,3,1,0.000019,0.003593,0.000014,0.996374
data_rand_fold3/Testing/pituitary/Tr-pi_0735.jpg,103478,pituitary,pituitary,1,0.997736,3,1,0.000049,0.001230,0.000984,0.997736
data_rand_fold3/Testing/pituitary/Tr-pi_0736.jpg,109769,pituitary,pituitary,1,0.999378,3,1,0.000023,0.000113,0.000486,0.999378
data_rand_fold3/Testing/pituitary/Tr-pi_0745.jpg,103478,pituitary,pituitary,1,0.999952,3,1,0.000001,0.000028,0.000019,0.999952
data_rand_fold3/Testing/pituitary/Tr-pi_0751.jpg,103582,pituitary,pituitary,1,0.993970,3,1,0.000014,0.005790,0.000226,0.993970
data_rand_fold3/Testing/pituitary/Tr-pi_0752.jpg,103582,pituitary,pituitary,1,0.999560,3,1,0.000002,0.000421,0.000017,0.999560
data_rand_fold3/Testing/pituitary/Tr-pi_0758.jpg,103671,pituitary,pituitary,1,0.999771,3,1,0.000039,0.000106,0.000084,0.999771
data_rand_fold3/Testing/pituitary/Tr-pi_0760.jpg,109898,pituitary,pituitary,1,0.989553,3,1,0.000057,0.010196,0.000194,0.989553
data_rand_fold3/Testing/pituitary/Tr-pi_0762.jpg,109898,pituitary,pituitary,1,0.978959,3,1,0.000008,0.020928,0.000105,0.978959
data_rand_fold3/Testing/pituitary/Tr-pi_0768.jpg,110518,pituitary,pituitary,1,0.799695,3,1,0.000220,0.198675,0.001410,0.799695
data_rand_fold3/Testing/pituitary/Tr-pi_0772.jpg,110537,pituitary,pituitary,1,0.996932,3,1,0.000026,0.000253,0.002789,0.996932
data_rand_fold3/Testing/pituitary/Tr-pi_0777.jpg,110993,pituitary,pituitary,1,0.999990,3,1,0.000001,0.000007,0.000002,0.999990
data_rand_fold3/Testing/pituitary/Tr-pi_0784.jpg,111125,pituitary,pituitary,1,0.999992,3,1,0.000001,0.000004,0.000003,0.999992
data_rand_fold3/Testing/pituitary/Tr-pi_0786.jpg,111125,pituitary,pituitary,1,0.999716,3,1,0.000006,0.000253,0.000025,0.999716
data_rand_fold3/Testing/pituitary/Tr-pi_0788.jpg,111785,pituitary,pituitary,1,0.999466,3,1,0.000130,0.000383,0.000021,0.999466
data_rand_fold3/Testing/pituitary/Tr-pi_0801.jpg,112746,pituitary,pituitary,1,0.999492,3,1,0.000008,0.000422,0.000077,0.999492
data_rand_fold3/Testing/pituitary/Tr-pi_0805.jpg,112847,pituitary,pituitary,1,0.997927,3,1,0.000048,0.001739,0.000285,0.997927
data_rand_fold3/Testing/pituitary/Tr-pi_0806.jpg,112847,pituitary,pituitary,1,0.990425,3,1,0.000217,0.003897,0.005461,0.990425
data_rand_fold3/Testing/pituitary/Tr-pi_0814.jpg,114040,pituitary,pituitary,1,0.999411,3,1,0.000064,0.000339,0.000187,0.999411
data_rand_fold3/Testing/pituitary/Tr-pi_0816.jpg,114361,pituitary,pituitary,1,0.999940,3,1,0.000001,0.000039,0.000019,0.999940
data_rand_fold3/Testing/pituitary/Tr-pi_0819.jpg,114094,pituitary,pituitary,1,0.941641,3,1,0.000089,0.057891,0.000379,0.941641
data_rand_fold3/Testing/pituitary/Tr-pi_0837.jpg,107429,pituitary,pituitary,1,0.988758,3,1,0.000028,0.011057,0.000157,0.988758
data_rand_fold3/Testing/pituitary/Tr-pi_0839.jpg,107429,pituitary,pituitary,1,0.998719,3,1,0.000005,0.001209,0.000067,0.998719
data_rand_fold3/Testing/pituitary/Tr-pi_0844.jpg,107505,pituitary,pituitary,1,0.997465,3,1,0.000546,0.001981,0.000009,0.997465
data_rand_fold3/Testing/pituitary/Tr-pi_0845.jpg,107505,pituitary,pituitary,1,0.999849,3,1,0.000011,0.000132,0.000009,0.999849
data_rand_fold3/Testing/pituitary/Tr-pi_0849.jpg,108858,pituitary,pituitary,1,0.998315,3,1,0.000120,0.001489,0.000076,0.998315
data_rand_fold3/Testing/pituitary/Tr-pi_0857.jpg,108931,pituitary,pituitary,1,0.998728,3,1,0.000065,0.000042,0.001166,0.998728
data_rand_fold3/Testing/pituitary/Tr-pi_0860.jpg,109471,pituitary,pituitary,1,0.999884,3,1,0.000002,0.000071,0.000042,0.999884
data_rand_fold3/Testing/pituitary/Tr-pi_0868.jpg,109898,pituitary,pituitary,1,0.999826,3,1,0.000015,0.000140,0.000019,0.999826
data_rand_fold3/Testing/pituitary/Tr-pi_0874.jpg,110537,pituitary,pituitary,1,0.994301,3,1,0.000416,0.001809,0.003474,0.994301
data_rand_fold3/Testing/pituitary/Tr-pi_0881.jpg,111075,pituitary,pituitary,1,0.993662,3,1,0.000877,0.004872,0.000589,0.993662
data_rand_fold3/Testing/pituitary/Tr-pi_0888.jpg,105936,pituitary,pituitary,1,0.999953,3,1,0.000001,0.000022,0.000024,0.999953
data_rand_fold3/Testing/pituitary/Tr-pi_0897.jpg,112074,pituitary,pituitary,1,0.984184,3,1,0.000269,0.015194,0.000353,0.984184
data_rand_fold3/Testing/pituitary/Tr-pi_0899.jpg,112649,pituitary,pituitary,1,0.997527,3,1,0.000531,0.001486,0.000455,0.997527
data_rand_fold3/Testing/pituitary/Tr-pi_0908.jpg,112847,pituitary,pituitary,1,0.999120,3,1,0.000167,0.000568,0.000146,0.999120
data_rand_fold3/Testing/pituitary/Tr-pi_0917.jpg,107495,pituitary,pituitary,1,0.999848,3,1,0.000004,0.000018,0.000130,0.999848
data_rand_fold3/Testing/pituitary/Tr-pi_0921.jpg,113274,pituitary,pituitary,1,0.999919,3,1,0.000006,0.000013,0.000062,0.999919
data_rand_fold3/Testing/pituitary/Tr-pi_0923.jpg,107429,pituitary,pituitary,1,0.999573,3,1,0.000320,0.000098,0.000009,0.999573
data_rand_fold3/Testing/pituitary/Tr-pi_0935.jpg,107743,pituitary,pituitary,1,0.999887,3,1,0.000001,0.000081,0.000031,0.999887
data_rand_fold3/Testing/pituitary/Tr-pi_0938.jpg,108858,pituitary,pituitary,1,0.994613,3,1,0.000523,0.002922,0.001942,0.994613
data_rand_fold3/Testing/pituitary/Tr-pi_0939.jpg,108858,pituitary,pituitary,1,0.999806,3,1,0.000031,0.000053,0.000111,0.999806
data_rand_fold3/Testing/pituitary/Tr-pi_0942.jpg,108931,pituitary,pituitary,1,0.999745,3,1,0.000005,0.000003,0.000247,0.999745
data_rand_fold3/Testing/pituitary/Tr-pi_0943.jpg,108931,pituitary,pituitary,1,0.995418,3,1,0.000016,0.000011,0.004555,0.995418
data_rand_fold3/Testing/pituitary/Tr-pi_0944.jpg,109471,pituitary,pituitary,1,0.999507,3,1,0.000050,0.000285,0.000158,0.999507
data_rand_fold3/Testing/pituitary/Tr-pi_0945.jpg,109471,pituitary,pituitary,1,0.999968,3,1,0.000002,0.000009,0.000021,0.999968
data_rand_fold3/Testing/pituitary/Tr-pi_0951.jpg,109898,pituitary,pituitary,1,0.999897,3,1,0.000004,0.000044,0.000055,0.999897
data_rand_fold3/Testing/pituitary/Tr-pi_0955.jpg,110518,pituitary,meningioma,0,0.881416,3,1,0.013538,0.881416,0.006857,0.098188
data_rand_fold3/Testing/pituitary/Tr-pi_0962.jpg,111075,pituitary,pituitary,1,0.987781,3,1,0.005801,0.003812,0.002606,0.987781
data_rand_fold3/Testing/pituitary/Tr-pi_0976.jpg,112074,pituitary,pituitary,1,0.987066,3,1,0.008352,0.003026,0.001556,0.987066
data_rand_fold3/Testing/pituitary/Tr-pi_0983.jpg,114094,pituitary,pituitary,1,0.990618,3,1,0.000338,0.002928,0.006117,0.990618
data_rand_fold3/Testing/pituitary/Tr-pi_0985.jpg,101029,pituitary,pituitary,1,0.995209,3,1,0.001030,0.000983,0.002778,0.995209
data_rand_fold3/Testing/pituitary/Tr-pi_1000.jpg,102648,pituitary,pituitary,1,0.939598,3,1,0.055554,0.001252,0.003596,0.939598
data_rand_fold3/Testing/pituitary/Tr-pi_1006.jpg,103257,pituitary,pituitary,1,0.999976,3,1,0.000001,0.000017,0.000006,0.999976
data_rand_fold3/Testing/pituitary/Tr-pi_1023.jpg,103731,pituitary,pituitary,1,0.999792,3,1,0.000009,0.000120,0.000079,0.999792
data_rand_fold3/Testing/pituitary/Tr-pi_1027.jpg,103731,pituitary,pituitary,1,0.999998,3,1,0.000001,0.000001,0.000001,0.999998
data_rand_fold3/Testing/pituitary/Tr-pi_1036.jpg,103837,pituitary,pituitary,1,0.999981,3,1,0.000000,0.000014,0.000004,0.999981
data_rand_fold3/Testing/pituitary/Tr-pi_1039.jpg,104019,pituitary,pituitary,1,0.999943,3,1,0.000039,0.000015,0.000003,0.999943
data_rand_fold3/Testing/pituitary/Tr-pi_1042.jpg,104019,pituitary,pituitary,1,0.999531,3,1,0.000059,0.000239,0.000170,0.999531
data_rand_fold3/Testing/pituitary/Tr-pi_1046.jpg,104558,pituitary,pituitary,1,0.999564,3,1,0.000025,0.000374,0.000037,0.999564
data_rand_fold3/Testing/pituitary/Tr-pi_1056.jpg,105936,pituitary,pituitary,1,0.993201,3,1,0.000259,0.001770,0.004770,0.993201
data_rand_fold3/Testing/pituitary/Tr-pi_1063.jpg,105187,pituitary,pituitary,1,0.999988,3,1,0.000001,0.000002,0.000009,0.999988
data_rand_fold3/Testing/pituitary/Tr-pi_1064.jpg,106062,pituitary,pituitary,1,0.987098,3,1,0.000729,0.010596,0.001577,0.987098
data_rand_fold3/Testing/pituitary/Tr-pi_1065.jpg,105475,pituitary,pituitary,1,0.999740,3,1,0.000012,0.000244,0.000005,0.999740
data_rand_fold3/Testing/pituitary/Tr-pi_1066.jpg,105475,pituitary,pituitary,1,0.999321,3,1,0.000332,0.000325,0.000022,0.999321
data_rand_fold3/Testing/pituitary/Tr-pi_1073.jpg,97416,pituitary,pituitary,1,0.997485,3,1,0.001184,0.001172,0.000160,0.997485
data_rand_fold3/Testing/pituitary/Tr-pi_1076.jpg,97416,pituitary,pituitary,1,0.998668,3,1,0.000015,0.000922,0.000395,0.998668
data_rand_fold3/Testing/pituitary/Tr-pi_1078.jpg,97416,pituitary,pituitary,1,0.999451,3,1,0.000056,0.000226,0.000267,0.999451
data_rand_fold3/Testing/pituitary/Tr-pi_1081.jpg,97461,pituitary,pituitary,1,0.999901,3,1,0.000016,0.000079,0.000004,0.999901
data_rand_fold3/Testing/pituitary/Tr-pi_1082.jpg,97461,pituitary,pituitary,1,0.999976,3,1,0.000006,0.000016,0.000002,0.999976
data_rand_fold3/Testing/pituitary/Tr-pi_1084.jpg,97461,pituitary,pituitary,1,0.999989,3,1,0.000001,0.000007,0.000003,0.999989
data_rand_fold3/Testing/pituitary/Tr-pi_1085.jpg,106062,pituitary,pituitary,1,0.998876,3,1,0.000069,0.000879,0.000176,0.998876
data_rand_fold3/Testing/pituitary/Tr-pi_1092.jpg,97890,pituitary,pituitary,1,0.999699,3,1,0.000207,0.000064,0.000029,0.999699
data_rand_fold3/Testing/pituitary/Tr-pi_1097.jpg,98472,pituitary,pituitary,1,0.999944,3,1,0.000004,0.000012,0.000040,0.999944
data_rand_fold3/Testing/pituitary/Tr-pi_1104.jpg,98871,pituitary,pituitary,1,0.999989,3,1,0.000004,0.000004,0.000003,0.999989
data_rand_fold3/Testing/pituitary/Tr-pi_1106.jpg,98871,pituitary,pituitary,1,0.999968,3,1,0.000002,0.000023,0.000007,0.999968
data_rand_fold3/Testing/pituitary/Tr-pi_1113.jpg,98992,pituitary,pituitary,1,0.999944,3,1,0.000015,0.000032,0.000009,0.999944
data_rand_fold3/Testing/pituitary/Tr-pi_1114.jpg,98992,pituitary,pituitary,1,0.999999,3,1,0.000000,0.000001,0.000000,0.999999
data_rand_fold3/Testing/pituitary/Tr-pi_1126.jpg,99223,pituitary,pituitary,1,0.999874,3,1,0.000037,0.000074,0.000016,0.999874
data_rand_fold3/Testing/pituitary/Tr-pi_1127.jpg,99223,pituitary,pituitary,1,0.999978,3,1,0.000005,0.000013,0.000004,0.999978
data_rand_fold3/Testing/pituitary/Tr-pi_1131.jpg,101017,pituitary,pituitary,1,0.999245,3,1,0.000019,0.000696,0.000039,0.999245
data_rand_fold3/Testing/pituitary/Tr-pi_1133.jpg,101017,pituitary,pituitary,1,0.981109,3,1,0.000130,0.017562,0.001200,0.981109
data_rand_fold3/Testing/pituitary/Tr-pi_1137.jpg,101029,pituitary,pituitary,1,0.999986,3,1,0.000001,0.000012,0.000001,0.999986
data_rand_fold3/Testing/pituitary/Tr-pi_1146.jpg,101305,pituitary,pituitary,1,0.997734,3,1,0.000344,0.000548,0.001374,0.997734
data_rand_fold3/Testing/pituitary/Tr-pi_1154.jpg,102648,pituitary,pituitary,1,0.998119,3,1,0.000521,0.000388,0.000972,0.998119
data_rand_fold3/Testing/pituitary/Tr-pi_1157.jpg,103046,pituitary,pituitary,1,0.999635,3,1,0.000016,0.000344,0.000005,0.999635
data_rand_fold3/Testing/pituitary/Tr-pi_1159.jpg,103046,pituitary,pituitary,1,0.999291,3,1,0.000055,0.000625,0.000028,0.999291
data_rand_fold3/Testing/pituitary/Tr-pi_1161.jpg,103257,pituitary,pituitary,1,0.999951,3,1,0.000002,0.000037,0.000010,0.999951
data_rand_fold3/Testing/pituitary/Tr-pi_1162.jpg,103257,pituitary,pituitary,1,0.999882,3,1,0.000002,0.000091,0.000025,0.999882
data_rand_fold3/Testing/pituitary/Tr-pi_1168.jpg,103478,pituitary,pituitary,1,0.999978,3,1,0.000001,0.000020,0.000001,0.999978
data_rand_fold3/Testing/pituitary/Tr-pi_1180.jpg,103671,pituitary,pituitary,1,0.999928,3,1,0.000002,0.000066,0.000004,0.999928
data_rand_fold3/Testing/pituitary/Tr-pi_1184.jpg,103731,pituitary,pituitary,1,0.999334,3,1,0.000158,0.000414,0.000095,0.999334
data_rand_fold3/Testing/pituitary/Tr-pi_1190.jpg,103837,pituitary,pituitary,1,0.988511,3,1,0.000178,0.008310,0.003001,0.988511
data_rand_fold3/Testing/pituitary/Tr-pi_1194.jpg,104019,pituitary,pituitary,1,0.999975,3,1,0.000004,0.000014,0.000007,0.999975
data_rand_fold3/Testing/pituitary/Tr-pi_1196.jpg,104558,pituitary,pituitary,1,0.995835,3,1,0.000057,0.003927,0.000181,0.995835
data_rand_fold3/Testing/pituitary/Tr-pi_1213.jpg,104912,pituitary,pituitary,1,0.999530,3,1,0.000039,0.000358,0.000072,0.999530
data_rand_fold3/Testing/pituitary/Tr-pi_1218.jpg,105475,pituitary,pituitary,1,0.999142,3,1,0.000003,0.000675,0.000180,0.999142
data_rand_fold3/Testing/pituitary/Tr-pi_1220.jpg,107505,pituitary,pituitary,1,0.999908,3,1,0.000015,0.000030,0.000046,0.999908
data_rand_fold3/Testing/pituitary/Tr-pi_1223.jpg,105638,pituitary,pituitary,1,0.999046,3,1,0.000444,0.000406,0.000104,0.999046
data_rand_fold3/Testing/pituitary/Tr-pi_1226.jpg,105638,pituitary,pituitary,1,0.998724,3,1,0.000021,0.000566,0.000689,0.998724
data_rand_fold3/Testing/pituitary/Tr-pi_1229.jpg,97416,pituitary,pituitary,1,0.999733,3,1,0.000005,0.000234,0.000028,0.999733
data_rand_fold3/Testing/pituitary/Tr-pi_1240.jpg,97461,pituitary,pituitary,1,0.996188,3,1,0.000016,0.003775,0.000021,0.996188
data_rand_fold3/Testing/pituitary/Tr-pi_1242.jpg,97481,pituitary,pituitary,1,0.997963,3,1,0.000308,0.001706,0.000022,0.997963
data_rand_fold3/Testing/pituitary/Tr-pi_1244.jpg,97599,pituitary,pituitary,1,0.999789,3,1,0.000001,0.000011,0.000198,0.999789
data_rand_fold3/Testing/pituitary/Tr-pi_1245.jpg,97599,pituitary,pituitary,1,0.997166,3,1,0.000008,0.000100,0.002726,0.997166
data_rand_fold3/Testing/pituitary/Tr-pi_1250.jpg,107505,pituitary,pituitary,1,0.997543,3,1,0.001024,0.000843,0.000590,0.997543
data_rand_fold3/Testing/pituitary/Tr-pi_1256.jpg,98652,pituitary,pituitary,1,0.999632,3,1,0.000004,0.000275,0.000089,0.999632
data_rand_fold3/Testing/pituitary/Tr-pi_1270.jpg,98992,pituitary,pituitary,1,0.965629,3,1,0.000954,0.030160,0.003257,0.965629
data_rand_fold3/Testing/pituitary/Tr-pi_1275.jpg,98995,pituitary,pituitary,1,0.997690,3,1,0.000043,0.002236,0.000032,0.997690
data_rand_fold3/Testing/pituitary/Tr-pi_1278.jpg,99223,pituitary,pituitary,1,0.998813,3,1,0.000047,0.000948,0.000192,0.998813
data_rand_fold3/Testing/pituitary/Tr-pi_1289.jpg,101029,pituitary,pituitary,1,0.999995,3,1,0.000001,0.000002,0.000002,0.999995
data_rand_fold3/Testing/pituitary/Tr-pi_1290.jpg,101029,pituitary,pituitary,1,0.999348,3,1,0.000038,0.000034,0.000580,0.999348
data_rand_fold3/Testing/pituitary/Tr-pi_1300.jpg,101724,pituitary,pituitary,1,0.996596,3,1,0.000070,0.000751,0.002583,0.996596
data_rand_fold3/Testing/pituitary/Tr-pi_1303.jpg,101724,pituitary,pituitary,1,0.991409,3,1,0.000879,0.002352,0.005360,0.991409
data_rand_fold3/Testing/pituitary/Tr-pi_1306.jpg,102648,pituitary,pituitary,1,0.998755,3,1,0.000553,0.000248,0.000444,0.998755
data_rand_fold3/Testing/pituitary/Tr-pi_1313.jpg,103046,pituitary,pituitary,1,0.999528,3,1,0.000027,0.000083,0.000361,0.999528
data_rand_fold3/Testing/pituitary/Tr-pi_1319.jpg,103257,pituitary,pituitary,1,0.997899,3,1,0.000497,0.001450,0.000154,0.997899
data_rand_fold3/Testing/pituitary/Tr-pi_1327.jpg,103582,pituitary,pituitary,1,0.999302,3,1,0.000004,0.000207,0.000487,0.999302
data_rand_fold3/Testing/pituitary/Tr-pi_1330.jpg,103582,pituitary,pituitary,1,0.999669,3,1,0.000006,0.000188,0.000137,0.999669
data_rand_fold3/Testing/pituitary/Tr-pi_1333.jpg,108858,pituitary,pituitary,1,0.999481,3,1,0.000145,0.000278,0.000096,0.999481
data_rand_fold3/Testing/pituitary/Tr-pi_1348.jpg,112746,pituitary,pituitary,1,0.999601,3,1,0.000134,0.000261,0.000003,0.999601
data_rand_fold3/Testing/pituitary/Tr-pi_1349.jpg,103837,pituitary,pituitary,1,0.997199,3,1,0.000088,0.000774,0.001939,0.997199
data_rand_fold3/Testing/pituitary/Tr-pi_1350.jpg,103837,pituitary,pituitary,1,0.989777,3,1,0.000119,0.001816,0.008289,0.989777
data_rand_fold3/Testing/pituitary/Tr-pi_1352.jpg,104019,pituitary,pituitary,1,0.999969,3,1,0.000001,0.000021,0.000008,0.999969
data_rand_fold3/Testing/pituitary/Tr-pi_1353.jpg,104019,pituitary,pituitary,1,0.999851,3,1,0.000003,0.000065,0.000081,0.999851
data_rand_fold3/Testing/pituitary/Tr-pi_1358.jpg,104558,pituitary,pituitary,1,0.999825,3,1,0.000004,0.000116,0.000055,0.999825
data_rand_fold3/Testing/pituitary/Tr-pi_1361.jpg,104684,pituitary,pituitary,1,0.999840,3,1,0.000004,0.000047,0.000109,0.999840
data_rand_fold3/Testing/pituitary/Tr-pi_1364.jpg,108931,pituitary,pituitary,1,0.998220,3,1,0.000525,0.000676,0.000579,0.998220
data_rand_fold3/Testing/pituitary/Tr-pi_1366.jpg,104684,pituitary,pituitary,1,0.999926,3,1,0.000002,0.000057,0.000015,0.999926
data_rand_fold3/Testing/pituitary/Tr-pi_1375.jpg,105187,pituitary,pituitary,1,0.995887,3,1,0.000072,0.003482,0.000558,0.995887
data_rand_fold3/Testing/pituitary/Tr-pi_1377.jpg,105187,pituitary,pituitary,1,0.997079,3,1,0.000045,0.002113,0.000762,0.997079
data_rand_fold3/Testing/pituitary/Tr-pi_1382.jpg,105538,pituitary,meningioma,0,0.914865,3,1,0.044405,0.914865,0.023873,0.016856
data_rand_fold3/Testing/pituitary/Tr-pi_1399.jpg,97461,pituitary,pituitary,1,0.999178,3,1,0.000013,0.000113,0.000695,0.999178
data_rand_fold3/Testing/pituitary/Tr-pi_1401.jpg,108931,pituitary,pituitary,1,0.978674,3,1,0.000525,0.002716,0.018085,0.978674
data_rand_fold3/Testing/pituitary/Tr-pi_1405.jpg,97599,pituitary,pituitary,1,0.786567,3,1,0.000252,0.007994,0.205187,0.786567
data_rand_fold3/Testing/pituitary/Tr-pi_1406.jpg,97599,pituitary,pituitary,1,0.986998,3,1,0.000151,0.003834,0.009016,0.986998
data_rand_fold3/Testing/pituitary/Tr-pi_1407.jpg,97599,pituitary,pituitary,1,0.874844,3,1,0.000071,0.005286,0.119800,0.874844
data_rand_fold3/Testing/pituitary/Tr-pi_1417.jpg,98472,pituitary,pituitary,1,0.998133,3,1,0.000327,0.000668,0.000872,0.998133
data_rand_fold3/Testing/pituitary/Tr-pi_1422.jpg,98871,pituitary,pituitary,1,0.997600,3,1,0.000175,0.001612,0.000614,0.997600
data_rand_fold3/Testing/pituitary/Tr-pi_1423.jpg,98871,pituitary,pituitary,1,0.994375,3,1,0.000016,0.005477,0.000131,0.994375
data_rand_fold3/Testing/pituitary/Tr-pi_1424.jpg,109471,pituitary,pituitary,1,0.999905,3,1,0.000019,0.000068,0.000009,0.999905
data_rand_fold3/Testing/pituitary/Tr-pi_1427.jpg,98871,pituitary,pituitary,1,0.999732,3,1,0.000017,0.000087,0.000163,0.999732
data_rand_fold3/Testing/pituitary/Tr-pi_1429.jpg,98874,pituitary,pituitary,1,0.999729,3,1,0.000004,0.000173,0.000095,0.999729
data_rand_fold3/Testing/pituitary/Tr-pi_1432.jpg,98992,pituitary,pituitary,1,0.990033,3,1,0.000681,0.008008,0.001278,0.990033
data_rand_fold3/Testing/pituitary/Tr-pi_1436.jpg,98992,pituitary,pituitary,1,0.999845,3,1,0.000005,0.000045,0.000105,0.999845
data_rand_fold3/Testing/pituitary/Tr-pi_1439.jpg,98992,pituitary,pituitary,1,0.999957,3,1,0.000006,0.000018,0.000019,0.999957
data_rand_fold3/Testing/pituitary/Tr-pi_1441.jpg,98995,pituitary,pituitary,1,0.999701,3,1,0.000021,0.000199,0.000080,0.999701
