path,group,true,pred,correct,confidence,fold,seed,p_glioma,p_meningioma,p_notumor,p_pituitary
data_rand_fold4/Testing/glioma/Te-gl_0010.jpg,MR049942B,glioma,glioma,1,0.994491,4,0,0.994491,0.000205,0.000013,0.005291
data_rand_fold4/Testing/glioma/Te-gl_0013.jpg,MR034997,glioma,glioma,1,0.999254,4,0,0.999254,0.000539,0.000113,0.000094
data_rand_fold4/Testing/glioma/Te-gl_0030.jpg,101020,glioma,glioma,1,0.999987,4,0,0.999987,0.000008,0.000002,0.000003
data_rand_fold4/Testing/glioma/Te-gl_0033.jpg,MR017260F,glioma,glioma,1,0.999918,4,0,0.999918,0.000022,0.000008,0.000052
data_rand_fold4/Testing/glioma/Te-gl_0036.jpg,MR048294,glioma,glioma,1,0.999846,4,0,0.999846,0.000039,0.000078,0.000037
data_rand_fold4/Testing/glioma/Te-gl_0044.jpg,103148,glioma,glioma,1,0.993437,4,0,0.993437,0.006497,0.000029,0.000036
data_rand_fold4/Testing/glioma/Te-gl_0051.jpg,MR040240B,glioma,glioma,1,0.999995,4,0,0.999995,0.000000,0.000001,0.000004
data_rand_fold4/Testing/glioma/Te-gl_0053.jpg,MR033420,glioma,glioma,1,0.999897,4,0,0.999897,0.000009,0.000007,0.000087
data_rand_fold4/Testing/glioma/Te-gl_0054.jpg,MR033420,glioma,glioma,1,0.999946,4,0,0.999946,0.000021,0.000007,0.000026
data_rand_fold4/Testing/glioma/Te-gl_0060.jpg,MR049358,glioma,glioma,1,0.999983,4,0,0.999983,0.000006,0.000002,0.000009
data_rand_fold4/Testing/glioma/Te-gl_0068.jpg,MR050687,glioma,glioma,1,0.999972,4,0,0.999972,0.000019,0.000008,0.000000
data_rand_fold4/Testing/glioma/Te-gl_0069.jpg,MR049019C,glioma,glioma,1,0.998655,4,0,0.998655,0.000019,0.000063,0.001263
data_rand_fold4/Testing/glioma/Te-gl_0071.jpg,MR051461,glioma,glioma,1,0.999983,4,0,0.999983,0.000007,0.000004,0.000006
data_rand_fold4/Testing/glioma/Te-gl_0072.jpg,MR033389B,glioma,glioma,1,0.999992,4,0,0.999992,0.000003,0.000004,0.000001
data_rand_fold4/Testing/glioma/Te-gl_0073.jpg,MR026175E,glioma,glioma,1,0.989315,4,0,0.989315,0.000088,0.000015,0.010583
data_rand_fold4/Testing/glioma/Te-gl_0079.jpg,MR024780G,glioma,glioma,1,0.996590,4,0,0.996590,0.000301,0.000439,0.002670
data_rand_fold4/Testing/glioma/Te-gl_0080.jpg,MR049453B,glioma,glioma,1,0.999139,4,0,0.999139,0.000018,0.000030,0.000812
data_rand_fold4/Testing/glioma/Te-gl_0100.jpg,MR024780D,glioma,glioma,1,0.999428,4,0,0.999428,0.000051,0.000045,0.000476
data_rand_fold4/Testing/glioma/Te-gl_0101.jpg,MR038469,glioma,glioma,1,0.994444,4,0,0.994444,0.004744,0.000378,0.000434
data_rand_fold4/Testing/glioma/Te-gl_0104.jpg,MR032322C,glioma,glioma,1,0.998681,4,0,0.998681,0.000148,0.000407,0.000763
data_rand_fold4/Testing/glioma/Te-gl_0105.jpg,MR032322C,glioma,glioma,1,0.990652,4,0,0.990652,0.000817,0.002262,0.006270
data_rand_fold4/Testing/glioma/Te-gl_0109.jpg,MR039473B,glioma,glioma,1,0.514535,4,0,0.514535,0.002945,0.000096,0.482424
data_rand_fold4/Testing/glioma/Te-gl_0118.jpg,MR040240,glioma,glioma,1,0.999959,4,0,0.999959,0.000030,0.000003,0.000008
data_rand_fold4/Testing/glioma/Te-gl_0146.jpg,MR036496B,glioma,glioma,1,0.999976,4,0,0.999976,0.000001,0.000014,0.000008
data_rand_fold4/Testing/glioma/Te-gl_0147.jpg,MR033389B,glioma,glioma,1,0.999560,4,0,0.999560,0.000245,0.000108,0.000088
data_rand_fold4/Testing/glioma/Te-gl_0149.jpg,MR029209I,glioma,glioma,1,0.999937,4,0,0.999937,0.000010,0.000019,0.000034
data_rand_fold4/Testing/glioma/Te-gl_0158.jpg,MR037458B,glioma,glioma,1,0.999963,4,0,0.999963,0.000034,0.000003,0.000000
data_rand_fold4/Testing/glioma/Te-gl_0160.jpg,MR039473,glioma,glioma,1,0.999146,4,0,0.999146,0.000695,0.000078,0.000080
data_rand_fold4/Testing/glioma/Te-gl_0169.jpg,MR039473,glioma,glioma,1,0.999688,4,0,0.999688,0.000270,0.000039,0.000003
data_rand_fold4/Testing/glioma/Te-gl_0174.jpg,MR048297,glioma,glioma,1,0.999885,4,0,0.999885,0.000050,0.000059,0.000006
data_rand_fold4/Testing/glioma/Te-gl_0178.jpg,MR048994,glioma,glioma,1,0.999981,4,0,0.999981,0.000013,0.000006,0.000000
data_rand_fold4/Testing/glioma/Te-gl_0179.jpg,MR049104,glioma,glioma,1,0.999989,4,0,0.999989,0.000005,0.000002,0.000003
data_rand_fold4/Testing/glioma/Te-gl_0189.jpg,MR050135B,glioma,glioma,1,0.999982,4,0,0.999982,0.000004,0.000012,0.000002
data_rand_fold4/Testing/glioma/Te-gl_0196.jpg,MR051461,glioma,glioma,1,0.999998,4,0,0.999998,0.000001,0.000000,0.000000
data_rand_fold4/Testing/glioma/Te-gl_0202.jpg,MR051644,glioma,glioma,1,0.999927,4,0,0.999927,0.000056,0.000009,0.000007
data_rand_fold4/Testing/glioma/Te-gl_0206.jpg,MR051796,glioma,glioma,1,0.999790,4,0,0.999790,0.000187,0.000001,0.000022
data_rand_fold4/Testing/glioma/Te-gl_0210.jpg,MR051644B,glioma,glioma,1,0.999325,4,0,0.999325,0.000149,0.000120,0.000405
data_rand_fold4/Testing/glioma/Te-gl_0217.jpg,MR051644C,glioma,glioma,1,0.999669,4,0,0.999669,0.000197,0.000064,0.000070
data_rand_fold4/Testing/glioma/Te-gl_0219.jpg,MR049942B,glioma,glioma,1,0.999179,4,0,0.999179,0.000017,0.000032,0.000773
data_rand_fold4/Testing/glioma/Te-gl_0225.jpg,MR033389B,glioma,glioma,1,0.999840,4,0,0.999840,0.000034,0.000103,0.000023
data_rand_fold4/Testing/glioma/Te-gl_0231.jpg,112105,glioma,glioma,1,0.999532,4,0,0.999532,0.000191,0.000020,0.000257
data_rand_fold4/Testing/glioma/Te-gl_0234.jpg,100820,glioma,meningioma,0,0.893914,4,0,0.103655,0.893914,0.002130,0.000301
data_rand_fold4/Testing/glioma/Te-gl_0242.jpg,112027,glioma,glioma,1,0.727342,4,0,0.727342,0.270595,0.000145,0.001918
data_rand_fold4/Testing/glioma/Te-gl_0247.jpg,88670,glioma,glioma,1,0.996854,4,0,0.996854,0.003032,0.000081,0.000033
data_rand_fold4/Testing/glioma/Te-gl_0253.jpg,97609,glioma,glioma,1,0.999977,4,0,0.999977,0.000021,0.000001,0.000001
data_rand_fold4/Testing/glioma/Te-gl_0255.jpg,97609,glioma,glioma,1,0.993835,4,0,0.993835,0.006126,0.000022,0.000017
data_rand_fold4/Testing/glioma/Te-gl_0257.jpg,100416,glioma,glioma,1,0.988528,4,0,0.988528,0.011064,0.000063,0.000346
data_rand_fold4/Testing/glioma/Te-gl_0262.jpg,101020,glioma,glioma,1,0.999994,4,0,0.999994,0.000006,0.000001,0.000000
data_rand_fold4/Testing/glioma/Te-gl_0264.jpg,103148,glioma,meningioma,0,0.914414,4,0,0.085063,0.914414,0.000080,0.000443
data_rand_fold4/Testing/glioma/Te-gl_0269.jpg,112105,glioma,glioma,1,0.999949,4,0,0.999949,0.000044,0.000003,0.000003
data_rand_fold4/Testing/glioma/Te-gl_0274.jpg,90284,glioma,glioma,1,0.999996,4,0,0.999996,0.000002,0.000001,0.000000
data_rand_fold4/Testing/glioma/Te-gl_0279.jpg,94731,glioma,glioma,1,0.999683,4,0,0.999683,0.000180,0.000020,0.000116
data_rand_fold4/Testing/glioma/Te-gl_0280.jpg,95142,glioma,glioma,1,0.999331,4,0,0.999331,0.000577,0.000009,0.000082
data_rand_fold4/Testing/glioma/Te-gl_0286.jpg,MR048294,glioma,glioma,1,0.999977,4,0,0.999977,0.000004,0.000006,0.000013
data_rand_fold4/Testing/glioma/Te-gl_0293.jpg,MR048994,glioma,glioma,1,0.999996,4,0,0.999996,0.000002,0.000000,0.000001
data_rand_fold4/Testing/glioma/Te-gl_0299.jpg,MR049358,glioma,glioma,1,0.991431,4,0,0.991431,0.000330,0.000056,0.008183
data_rand_fold4/Testing/glioma/Tr-glTr_0003.jpg,MR052550,glioma,glioma,1,0.999912,4,0,0.999912,0.000018,0.000017,0.000052
data_rand_fold4/Testing/glioma/Tr-glTr_0006.jpg,MR049942B,glioma,glioma,1,0.999754,4,0,0.999754,0.000024,0.000018,0.000205
data_rand_fold4/Testing/glioma/Tr-glTr_0007.jpg,MR034694,glioma,glioma,1,0.999910,4,0,0.999910,0.000027,0.000037,0.000026
data_rand_fold4/Testing/glioma/Tr-gl_0025.jpg,106494,glioma,glioma,1,0.998690,4,0,0.998690,0.001285,0.000007,0.000017
data_rand_fold4/Testing/glioma/Tr-gl_0029.jpg,MR029209G,glioma,glioma,1,0.999996,4,0,0.999996,0.000001,0.000001,0.000003
data_rand_fold4/Testing/glioma/Tr-gl_0038.jpg,107747,glioma,glioma,1,0.999377,4,0,0.999377,0.000165,0.000012,0.000447
data_rand_fold4/Testing/glioma/Tr-gl_0052.jpg,MR048297,glioma,glioma,1,0.999816,4,0,0.999816,0.000086,0.000048,0.000050
data_rand_fold4/Testing/glioma/Tr-gl_0054.jpg,MR048944,glioma,glioma,1,0.999856,4,0,0.999856,0.000054,0.000003,0.000086
data_rand_fold4/Testing/glioma/Tr-gl_0055.jpg,MR048994,glioma,glioma,1,0.999789,4,0,0.999789,0.000187,0.000007,0.000018
data_rand_fold4/Testing/glioma/Tr-gl_0056.jpg,MR048994,glioma,glioma,1,0.999996,4,0,0.999996,0.000002,0.000000,0.000002
data_rand_fold4/Testing/glioma/Tr-gl_0059.jpg,MR049358,glioma,glioma,1,0.996351,4,0,0.996351,0.000176,0.000042,0.003432
data_rand_fold4/Testing/glioma/Tr-gl_0060.jpg,MR049358,glioma,glioma,1,0.999897,4,0,0.999897,0.000017,0.000008,0.000079
data_rand_fold4/Testing/glioma/Tr-gl_0062.jpg,MR049453,glioma,glioma,1,0.999982,4,0,0.999982,0.000004,0.000006,0.000008
data_rand_fold4/Testing/glioma/Tr-gl_0064.jpg,MR048294B,glioma,glioma,1,0.999750,4,0,0.999750,0.000068,0.000036,0.000146
data_rand_fold4/Testing/glioma/Tr-gl_0067.jpg,MR051461B,glioma,glioma,1,0.999991,4,0,0.999991,0.000004,0.000002,0.000003
data_rand_fold4/Testing/glioma/Tr-gl_0069.jpg,MR051651,glioma,glioma,1,0.999890,4,0,0.999890,0.000100,0.000001,0.000009
data_rand_fold4/Testing/glioma/Tr-gl_0070.jpg,MR052550,glioma,glioma,1,0.999959,4,0,0.999959,0.000002,0.000002,0.000036
data_rand_fold4/Testing/glioma/Tr-gl_0073.jpg,MR052585B,glioma,glioma,1,0.999403,4,0,0.999403,0.000334,0.000045,0.000217
data_rand_fold4/Testing/glioma/Tr-gl_0074.jpg,MR034694,glioma,glioma,1,0.999961,4,0,0.999961,0.000008,0.000022,0.000009
data_rand_fold4/Testing/glioma/Tr-gl_0084.jpg,MR050135B,glioma,glioma,1,0.999966,4,0,0.999966,0.000017,0.000005,0.000011
data_rand_fold4/Testing/glioma/Tr-gl_0091.jpg,MR017260F,glioma,glioma,1,0.999677,4,0,0.999677,0.000060,0.000033,0.000230
data_rand_fold4/Testing/glioma/Tr-gl_0099.jpg,106494,glioma,glioma,1,0.999961,4,0,0.999961,0.000035,0.000002,0.000002
data_rand_fold4/Testing/glioma/Tr-gl_0102.jpg,MR040240,glioma,glioma,1,0.999993,4,0,0.999993,0.000002,0.000003,0.000002
data_rand_fold4/Testing/glioma/Tr-gl_0104.jpg,MR040240B,glioma,glioma,1,0.999979,4,0,0.999979,0.000008,0.000005,0.000008
data_rand_fold4/Testing/glioma/Tr-gl_0106.jpg,MR024780B,glioma,glioma,1,0.999747,4,0,0.999747,0.000017,0.000026,0.000210
data_rand_fold4/Testing/glioma/Tr-gl_0113.jpg,MR049453B,glioma,glioma,1,0.999918,4,0,0.999918,0.000021,0.000002,0.000059
data_rand_fold4/Testing/glioma/Tr-gl_0116.jpg,MR050687,glioma,glioma,1,0.999989,4,0,0.999989,0.000008,0.000003,0.000001
data_rand_fold4/Testing/glioma/Tr-gl_0117.jpg,MR049019C,glioma,glioma,1,0.999923,4,0,0.999923,0.000003,0.000011,0.000062
data_rand_fold4/Testing/glioma/Tr-gl_0118.jpg,MR051461,glioma,glioma,1,0.999661,4,0,0.999661,0.000028,0.000009,0.000302
data_rand_fold4/Testing/glioma/Tr-gl_0120.jpg,MR026175E,glioma,glioma,1,0.999057,4,0,0.999057,0.000115,0.000111,0.000717
data_rand_fold4/Testing/glioma/Tr-gl_0122.jpg,MR049358,glioma,glioma,1,0.999783,4,0,0.999783,0.000033,0.000004,0.000180
data_rand_fold4/Testing/glioma/Tr-gl_0125.jpg,MR049358,glioma,glioma,1,0.999834,4,0,0.999834,0.000013,0.000004,0.000148
data_rand_fold4/Testing/glioma/Tr-gl_0127.jpg,MR049358,glioma,glioma,1,0.999798,4,0,0.999798,0.000018,0.000006,0.000178
data_rand_fold4/Testing/glioma/Tr-gl_0132.jpg,MR049104B,glioma,glioma,1,0.980824,4,0,0.980824,0.000070,0.000647,0.018459
data_rand_fold4/Testing/glioma/Tr-gl_0151.jpg,MR024780G,glioma,glioma,1,0.998220,4,0,0.998220,0.000349,0.000331,0.001100
data_rand_fold4/Testing/glioma/Tr-gl_0154.jpg,MR049453B,glioma,glioma,1,0.999906,4,0,0.999906,0.000018,0.000008,0.000068
data_rand_fold4/Testing/glioma/Tr-gl_0161.jpg,MR048294B,glioma,glioma,1,0.999971,4,0,0.999971,0.000003,0.000008,0.000017
data_rand_fold4/Testing/glioma/Tr-gl_0167.jpg,MR050135B,glioma,glioma,1,0.999947,4,0,0.999947,0.000014,0.000010,0.000029
data_rand_fold4/Testing/glioma/Tr-gl_0174.jpg,MR050135B,glioma,glioma,1,0.999941,4,0,0.999941,0.000012,0.000028,0.000019
data_rand_fold4/Testing/glioma/Tr-gl_0176.jpg,MR050687,glioma,glioma,1,0.997891,4,0,0.997891,0.000804,0.000003,0.001301
data_rand_fold4/Testing/glioma/Tr-gl_0177.jpg,MR050687,glioma,glioma,1,0.991793,4,0,0.991793,0.000278,0.000006,0.007922
data_rand_fold4/Testing/glioma/Tr-gl_0185.jpg,MR050687,glioma,glioma,1,0.876462,4,0,0.876462,0.123022,0.000250,0.000265
data_rand_fold4/Testing/glioma/Tr-gl_0186.jpg,MR050791B,glioma,glioma,1,0.923070,4,0,0.923070,0.010710,0.000435,0.065786
data_rand_fold4/Testing/glioma/Tr-gl_0187.jpg,MR050791B,glioma,glioma,1,0.999108,4,0,0.999108,0.000025,0.000033,0.000835
data_rand_fold4/Testing/glioma/Tr-gl_0189.jpg,MR050791B,glioma,glioma,1,0.999996,4,0,0.999996,0.000001,0.000001,0.000002
data_rand_fold4/Testing/glioma/Tr-gl_0196.jpg,MR049019C,glioma,glioma,1,0.999906,4,0,0.999906,0.000017,0.000002,0.000075
data_rand_fold4/Testing/glioma/Tr-gl_0202.jpg,MR026175C,glioma,glioma,1,0.999342,4,0,0.999342,0.000019,0.000020,0.000618
data_rand_fold4/Testing/glioma/Tr-gl_0204.jpg,MR026175C,glioma,glioma,1,0.999766,4,0,0.999766,0.000035,0.000053,0.000146
data_rand_fold4/Testing/glioma/Tr-gl_0208.jpg,MR051461,glioma,glioma,1,0.999929,4,0,0.999929,0.000022,0.000017,0.000032
data_rand_fold4/Testing/glioma/Tr-gl_0209.jpg,MR051461,glioma,glioma,1,0.999935,4,0,0.999935,0.000015,0.000010,0.000041
data_rand_fold4/Testing/glioma/Tr-gl_0211.jpg,MR051461,glioma,glioma,1,0.999976,4,0,0.999976,0.000005,0.000004,0.000015
data_rand_fold4/Testing/glioma/Tr-gl_0212.jpg,MR051461,glioma,glioma,1,0.999982,4,0,0.999982,0.000003,0.000002,0.000013
data_rand_fold4/Testing/glioma/Tr-gl_0222.jpg,MR051461B,glioma,glioma,1,0.999984,4,0,0.999984,0.000013,0.000001,0.000002
data_rand_fold4/Testing/glioma/Tr-gl_0229.jpg,MR051644,glioma,glioma,1,0.999570,4,0,0.999570,0.000286,0.000007,0.000137
data_rand_fold4/Testing/glioma/Tr-gl_0230.jpg,MR051644,glioma,glioma,1,0.998422,4,0,0.998422,0.000269,0.000001,0.001308
data_rand_fold4/Testing/glioma/Tr-gl_0233.jpg,MR051644,glioma,glioma,1,0.999775,4,0,0.999775,0.000065,0.000008,0.000152
data_rand_fold4/Testing/glioma/Tr-gl_0239.jpg,MR051651,glioma,glioma,1,0.997909,4,0,0.997909,0.001863,0.000114,0.000114
data_rand_fold4/Testing/glioma/Tr-gl_0242.jpg,MR051651,glioma,glioma,1,0.999008,4,0,0.999008,0.000976,0.000001,0.000015
data_rand_fold4/Testing/glioma/Tr-gl_0243.jpg,MR051796,glioma,glioma,1,0.999954,4,0,0.999954,0.000005,0.000005,0.000035
data_rand_fold4/Testing/glioma/Tr-gl_0244.jpg,MR051796,glioma,glioma,1,0.999884,4,0,0.999884,0.000013,0.000008,0.000095
data_rand_fold4/Testing/glioma/Tr-gl_0246.jpg,MR051796,glioma,glioma,1,0.999921,4,0,0.999921,0.000011,0.000003,0.000065
data_rand_fold4/Testing/glioma/Tr-gl_0250.jpg,MR051651B,glioma,glioma,1,0.999987,4,0,0.999987,0.000004,0.000000,0.000008
data_rand_fold4/Testing/glioma/Tr-gl_0254.jpg,MR051651B,glioma,glioma,1,0.999983,4,0,0.999983,0.000015,0.000001,0.000001
data_rand_fold4/Testing/glioma/Tr-gl_0258.jpg,MR051644B,glioma,glioma,1,0.999646,4,0,0.999646,0.000073,0.000149,0.000132
data_rand_fold4/Testing/glioma/Tr-gl_0261.jpg,MR051644B,glioma,glioma,1,0.999790,4,0,0.999790,0.000017,0.000016,0.000177
data_rand_fold4/Testing/glioma/Tr-gl_0267.jpg,MR052550,glioma,glioma,1,0.999951,4,0,0.999951,0.000005,0.000009,0.000035
data_rand_fold4/Testing/glioma/Tr-gl_0270.jpg,MR051644C,glioma,glioma,1,0.999422,4,0,0.999422,0.000058,0.000012,0.000508
data_rand_fold4/Testing/glioma/Tr-gl_0286.jpg,MR047953C,glioma,glioma,1,0.996978,4,0,0.996978,0.000007,0.000012,0.003004
data_rand_fold4/Testing/glioma/Tr-gl_0287.jpg,MR047953C,glioma,glioma,1,0.999718,4,0,0.999718,0.000018,0.000016,0.000247
data_rand_fold4/Testing/glioma/Tr-gl_0288.jpg,MR053110B,glioma,glioma,1,0.993437,4,0,0.993437,0.000126,0.000040,0.006397
data_rand_fold4/Testing/glioma/Tr-gl_0320.jpg,MR029209E,glioma,glioma,1,0.999871,4,0,0.999871,0.000005,0.000006,0.000118
data_rand_fold4/Testing/glioma/Tr-gl_0328.jpg,MR053110E,glioma,glioma,1,0.995726,4,0,0.995726,0.003243,0.000016,0.001015
data_rand_fold4/Testing/glioma/Tr-gl_0329.jpg,MR053110E,glioma,glioma,1,0.997703,4,0,0.997703,0.000173,0.000064,0.002059
data_rand_fold4/Testing/glioma/Tr-gl_0336.jpg,MR049019G,glioma,glioma,1,0.999948,4,0,0.999948,0.000005,0.000004,0.000043
data_rand_fold4/Testing/glioma/Tr-gl_0347.jpg,MR038469,glioma,glioma,1,0.999874,4,0,0.999874,0.000031,0.000044,0.000052
data_rand_fold4/Testing/glioma/Tr-gl_0371.jpg,MR037458C,glioma,glioma,1,0.998994,4,0,0.998994,0.000769,0.000050,0.000187
data_rand_fold4/Testing/glioma/Tr-gl_0375.jpg,MR037458C,glioma,glioma,1,0.999877,4,0,0.999877,0.000106,0.000011,0.000007
data_rand_fold4/Testing/glioma/Tr-gl_0377.jpg,MR037458C,glioma,glioma,1,0.999885,4,0,0.999885,0.000075,0.000014,0.000026
data_rand_fold4/Testing/glioma/Tr-gl_0378.jpg,MR040240,glioma,glioma,1,0.997867,4,0,0.997867,0.000256,0.000009,0.001868
data_rand_fold4/Testing/glioma/Tr-gl_0382.jpg,MR040240,glioma,glioma,1,0.999851,4,0,0.999851,0.000012,0.000003,0.000133
data_rand_fold4/Testing/glioma/Tr-gl_0388.jpg,MR040240B,glioma,glioma,1,0.999993,4,0,0.999993,0.000002,0.000003,0.000003
data_rand_fold4/Testing/glioma/Tr-gl_0393.jpg,MR029209G,glioma,glioma,1,0.999978,4,0,0.999978,0.000002,0.000002,0.000018
data_rand_fold4/Testing/glioma/Tr-gl_0397.jpg,MR029209G,glioma,glioma,1,0.999971,4,0,0.999971,0.000007,0.000010,0.000012
data_rand_fold4/Testing/glioma/Tr-gl_0402.jpg,MR036496B,glioma,glioma,1,0.999963,4,0,0.999963,0.000012,0.000019,0.000006
data_rand_fold4/Testing/glioma/Tr-gl_0410.jpg,MR033420,glioma,glioma,1,0.999919,4,0,0.999919,0.000026,0.000011,0.000043
data_rand_fold4/Testing/glioma/Tr-gl_0412.jpg,MR033420,glioma,glioma,1,0.999964,4,0,0.999964,0.000004,0.000003,0.000028
data_rand_fold4/Testing/glioma/Tr-gl_0414.jpg,MR024780B,glioma,glioma,1,0.998493,4,0,0.998493,0.000187,0.000147,0.001173
data_rand_fold4/Testing/glioma/Tr-gl_0418.jpg,MR049104,glioma,glioma,1,0.999971,4,0,0.999971,0.000010,0.000008,0.000011
data_rand_fold4/Testing/glioma/Tr-gl_0420.jpg,MR048994B,glioma,glioma,1,0.999978,4,0,0.999978,0.000009,0.000004,0.000009
data_rand_fold4/Testing/glioma/Tr-gl_0436.jpg,MR049453,glioma,glioma,1,0.999996,4,0,0.999996,0.000001,0.000002,0.000001
data_rand_fold4/Testing/glioma/Tr-gl_0440.jpg,MR049453,glioma,glioma,1,0.999899,4,0,0.999899,0.000013,0.000006,0.000082
data_rand_fold4/Testing/glioma/Tr-gl_0448.jpg,MR049453B,glioma,glioma,1,0.999696,4,0,0.999696,0.000299,0.000001,0.000005
data_rand_fold4/Testing/glioma/Tr-gl_0452.jpg,MR049453B,glioma,glioma,1,0.999995,4,0,0.999995,0.000001,0.000001,0.000003
data_rand_fold4/Testing/glioma/Tr-gl_0457.jpg,MR049453B,glioma,glioma,1,0.999897,4,0,0.999897,0.000021,0.000001,0.000081
data_rand_fold4/Testing/glioma/Tr-gl_0459.jpg,MR049453B,glioma,glioma,1,0.999897,4,0,0.999897,0.000002,0.000002,0.000099
data_rand_fold4/Testing/glioma/Tr-gl_0463.jpg,MR050135B,glioma,glioma,1,0.999989,4,0,0.999989,0.000008,0.000002,0.000001
data_rand_fold4/Testing/glioma/Tr-gl_0475.jpg,MR050687,glioma,glioma,1,0.999994,4,0,0.999994,0.000003,0.000003,0.000000
data_rand_fold4/Testing/glioma/Tr-gl_0485.jpg,MR049019C,glioma,glioma,1,0.995481,4,0,0.995481,0.000017,0.000005,0.004498
data_rand_fold4/Testing/glioma/Tr-gl_0486.jpg,MR049019C,glioma,glioma,1,0.997517,4,0,0.997517,0.000017,0.000006,0.002461
data_rand_fold4/Testing/glioma/Tr-gl_0519.jpg,MR026175E,glioma,glioma,1,0.996793,4,0,0.996793,0.000139,0.000147,0.002921
data_rand_fold4/Testing/glioma/Tr-gl_0520.jpg,MR026175E,glioma,glioma,1,0.999928,4,0,0.999928,0.000008,0.000010,0.000054
data_rand_fold4/Testing/glioma/Tr-gl_0525.jpg,MR040240C,glioma,glioma,1,0.998744,4,0,0.998744,0.000140,0.000016,0.001099
data_rand_fold4/Testing/glioma/Tr-gl_0531.jpg,MR040240C,glioma,glioma,1,0.999960,4,0,0.999960,0.000004,0.000004,0.000031
data_rand_fold4/Testing/glioma/Tr-gl_0532.jpg,MR040240C,glioma,glioma,1,0.999973,4,0,0.999973,0.000004,0.000005,0.000017
data_rand_fold4/Testing/glioma/Tr-gl_0536.jpg,MR040240D,glioma,glioma,1,0.999996,4,0,0.999996,0.000001,0.000001,0.000003
data_rand_fold4/Testing/glioma/Tr-gl_0537.jpg,MR040240D,glioma,glioma,1,0.999984,4,0,0.999984,0.000004,0.000006,0.000006
data_rand_fold4/Testing/glioma/Tr-gl_0556.jpg,MR029209I,glioma,glioma,1,0.999968,4,0,0.999968,0.000005,0.000019,0.000009
data_rand_fold4/Testing/glioma/Tr-gl_0558.jpg,MR029209I,glioma,glioma,1,0.999990,4,0,0.999990,0.000001,0.000001,0.000007
data_rand_fold4/Testing/glioma/Tr-gl_0563.jpg,MR048294,glioma,glioma,1,0.999876,4,0,0.999876,0.000039,0.000018,0.000067
data_rand_fold4/Testing/glioma/Tr-gl_0565.jpg,MR048294,glioma,glioma,1,0.999931,4,0,0.999931,0.000012,0.000025,0.000032
data_rand_fold4/Testing/glioma/Tr-gl_0567.jpg,MR048294,glioma,glioma,1,0.999955,4,0,0.999955,0.000013,0.000012,0.000020
data_rand_fold4/Testing/glioma/Tr-gl_0570.jpg,MR048297,glioma,glioma,1,0.999358,4,0,0.999358,0.000529,0.000092,0.000021
data_rand_fold4/Testing/glioma/Tr-gl_0574.jpg,MR048294B,glioma,glioma,1,0.999968,4,0,0.999968,0.000010,0.000015,0.000007
data_rand_fold4/Testing/glioma/Tr-gl_0581.jpg,MR048944,glioma,glioma,1,0.999978,4,0,0.999978,0.000004,0.000007,0.000011
data_rand_fold4/Testing/glioma/Tr-gl_0591.jpg,MR048994,glioma,glioma,1,0.999993,4,0,0.999993,0.000003,0.000003,0.000001
data_rand_fold4/Testing/glioma/Tr-gl_0599.jpg,MR040240,glioma,glioma,1,0.999989,4,0,0.999989,0.000004,0.000003,0.000004
data_rand_fold4/Testing/glioma/Tr-gl_0612.jpg,MR040240B,glioma,glioma,1,0.999949,4,0,0.999949,0.000003,0.000023,0.000025
data_rand_fold4/Testing/glioma/Tr-gl_0616.jpg,MR029209G,glioma,glioma,1,0.999937,4,0,0.999937,0.000021,0.000008,0.000035
data_rand_fold4/Testing/glioma/Tr-gl_0621.jpg,MR036496B,glioma,glioma,1,0.999994,4,0,0.999994,0.000001,0.000004,0.000001
data_rand_fold4/Testing/glioma/Tr-gl_0623.jpg,MR036496B,glioma,glioma,1,0.999813,4,0,0.999813,0.000006,0.000162,0.000019
data_rand_fold4/Testing/glioma/Tr-gl_0629.jpg,MR033420,glioma,glioma,1,0.999965,4,0,0.999965,0.000030,0.000004,0.000001
data_rand_fold4/Testing/glioma/Tr-gl_0631.jpg,MR033420,glioma,glioma,1,0.999978,4,0,0.999978,0.000008,0.000004,0.000011
data_rand_fold4/Testing/glioma/Tr-gl_0632.jpg,MR033420,glioma,glioma,1,0.999914,4,0,0.999914,0.000084,0.000002,0.000000
data_rand_fold4/Testing/glioma/Tr-gl_0635.jpg,MR033420,glioma,glioma,1,0.999994,4,0,0.999994,0.000001,0.000001,0.000004
data_rand_fold4/Testing/glioma/Tr-gl_0638.jpg,MR033389B,glioma,glioma,1,0.999934,4,0,0.999934,0.000023,0.000014,0.000029
data_rand_fold4/Testing/glioma/Tr-gl_0645.jpg,MR024780E,glioma,glioma,1,0.999968,4,0,0.999968,0.000007,0.000006,0.000019
data_rand_fold4/Testing/glioma/Tr-gl_0650.jpg,MR026175E,glioma,glioma,1,0.999953,4,0,0.999953,0.000043,0.000003,0.000001
data_rand_fold4/Testing/glioma/Tr-gl_0654.jpg,MR026175E,glioma,glioma,1,0.999965,4,0,0.999965,0.000012,0.000009,0.000014
data_rand_fold4/Testing/glioma/Tr-gl_0656.jpg,MR026175E,glioma,glioma,1,0.999928,4,0,0.999928,0.000014,0.000012,0.000047
data_rand_fold4/Testing/glioma/Tr-gl_0659.jpg,MR040240C,glioma,glioma,1,0.999976,4,0,0.999976,0.000003,0.000004,0.000017
data_rand_fold4/Testing/glioma/Tr-gl_0667.jpg,MR040240C,glioma,glioma,1,0.999994,4,0,0.999994,0.000004,0.000002,0.000001
data_rand_fold4/Testing/glioma/Tr-gl_0695.jpg,MR051461B,glioma,glioma,1,0.999995,4,0,0.999995,0.000004,0.000000,0.000001
data_rand_fold4/Testing/glioma/Tr-gl_0703.jpg,MR051644,glioma,glioma,1,0.999992,4,0,0.999992,0.000002,0.000002,0.000003
data_rand_fold4/Testing/glioma/Tr-gl_0708.jpg,MR051651,glioma,glioma,1,0.999992,4,0,0.999992,0.000005,0.000003,0.000001
data_rand_fold4/Testing/glioma/Tr-gl_0713.jpg,MR051651,glioma,glioma,1,0.999893,4,0,0.999893,0.000019,0.000026,0.000062
data_rand_fold4/Testing/glioma/Tr-gl_0723.jpg,MR051651B,glioma,glioma,1,0.999996,4,0,0.999996,0.000003,0.000000,0.000000
data_rand_fold4/Testing/glioma/Tr-gl_0726.jpg,MR051651B,glioma,glioma,1,0.999861,4,0,0.999861,0.000131,0.000001,0.000007
data_rand_fold4/Testing/glioma/Tr-gl_0735.jpg,MR052550,glioma,glioma,1,0.999963,4,0,0.999963,0.000004,0.000028,0.000005
data_rand_fold4/Testing/glioma/Tr-gl_0736.jpg,MR051644C,glioma,glioma,1,0.999959,4,0,0.999959,0.000012,0.000020,0.000008
data_rand_fold4/Testing/glioma/Tr-gl_0737.jpg,MR051644C,glioma,glioma,1,0.999958,4,0,0.999958,0.000019,0.000014,0.000009
data_rand_fold4/Testing/glioma/Tr-gl_0740.jpg,MR051644C,glioma,glioma,1,0.999980,4,0,0.999980,0.000008,0.000002,0.000010
data_rand_fold4/Testing/glioma/Tr-gl_0741.jpg,MR051644C,glioma,glioma,1,0.999942,4,0,0.999942,0.000014,0.000025,0.000019
data_rand_fold4/Testing/glioma/Tr-gl_0747.jpg,MR051644C,glioma,glioma,1,0.999995,4,0,0.999995,0.000000,0.000001,0.000004
data_rand_fold4/Testing/glioma/Tr-gl_0748.jpg,MR051644C,glioma,glioma,1,0.999988,4,0,0.999988,0.000001,0.000001,0.000010
data_rand_fold4/Testing/glioma/Tr-gl_0765.jpg,MR034694,glioma,glioma,1,0.999988,4,0,0.999988,0.000004,0.000002,0.000006
data_rand_fold4/Testing/glioma/Tr-gl_0769.jpg,MR034694,glioma,glioma,1,0.999921,4,0,0.999921,0.000018,0.000057,0.000003
data_rand_fold4/Testing/glioma/Tr-gl_0780.jpg,MR050687C,glioma,glioma,1,0.999955,4,0,0.999955,0.000011,0.000016,0.000018
data_rand_fold4/Testing/glioma/Tr-gl_0783.jpg,MR049242C,glioma,glioma,1,0.999978,4,0,0.999978,0.000009,0.000002,0.000011
data_rand_fold4/Testing/glioma/Tr-gl_0802.jpg,MR029209E,glioma,glioma,1,0.999902,4,0,0.999902,0.000009,0.000081,0.000007
data_rand_fold4/Testing/glioma/Tr-gl_0804.jpg,MR053110E,glioma,glioma,1,0.999980,4,0,0.999980,0.000009,0.000005,0.000006
data_rand_fold4/Testing/glioma/Tr-gl_0816.jpg,MR049019G,glioma,glioma,1,0.999879,4,0,0.999879,0.000011,0.000005,0.000106
data_rand_fold4/Testing/glioma/Tr-gl_0827.jpg,MR032322C,glioma,glioma,1,0.999032,4,0,0.999032,0.000017,0.000006,0.000945
data_rand_fold4/Testing/glioma/Tr-gl_0828.jpg,MR032322C,glioma,glioma,1,0.999984,4,0,0.999984,0.000003,0.000010,0.000002
data_rand_fold4/Testing/glioma/Tr-gl_0839.jpg,MR032322C,glioma,glioma,1,0.999916,4,0,0.999916,0.000010,0.000047,0.000028
data_rand_fold4/Testing/glioma/Tr-gl_0843.jpg,MR037458B,glioma,glioma,1,0.999902,4,0,0.999902,0.000087,0.000008,0.000004
data_rand_fold4/Testing/glioma/Tr-gl_0844.jpg,MR037458B,glioma,glioma,1,0.999965,4,0,0.999965,0.000031,0.000003,0.000001
data_rand_fold4/Testing/glioma/Tr-gl_0850.jpg,MR039473B,glioma,glioma,1,0.999989,4,0,0.999989,0.000007,0.000001,0.000003
data_rand_fold4/Testing/glioma/Tr-gl_0855.jpg,MR039473B,glioma,glioma,1,0.999975,4,0,0.999975,0.000007,0.000005,0.000013
data_rand_fold4/Testing/glioma/Tr-gl_0858.jpg,MR039473B,glioma,glioma,1,0.999956,4,0,0.999956,0.000015,0.000007,0.000022
data_rand_fold4/Testing/glioma/Tr-gl_0861.jpg,MR037458C,glioma,glioma,1,0.988504,4,0,0.988504,0.011449,0.000026,0.000021
data_rand_fold4/Testing/glioma/Tr-gl_0862.jpg,MR037458C,glioma,glioma,1,0.999757,4,0,0.999757,0.000194,0.000045,0.000004
data_rand_fold4/Testing/glioma/Tr-gl_0871.jpg,MR029209E,glioma,glioma,1,0.999992,4,0,0.999992,0.000004,0.000002,0.000001
data_rand_fold4/Testing/glioma/Tr-gl_0872.jpg,MR029209E,glioma,glioma,1,0.999992,4,0,0.999992,0.000002,0.000005,0.000001
data_rand_fold4/Testing/glioma/Tr-gl_0875.jpg,MR053110E,glioma,glioma,1,0.999987,4,0,0.999987,0.000010,0.000000,0.000003
data_rand_fold4/Testing/glioma/Tr-gl_0895.jpg,MR032322C,glioma,glioma,1,0.999961,4,0,0.999961,0.000004,0.000005,0.000030
data_rand_fold4/Testing/glioma/Tr-gl_0900.jpg,MR037458B,glioma,glioma,1,0.999943,4,0,0.999943,0.000053,0.000003,0.000002
data_rand_fold4/Testing/glioma/Tr-gl_0902.jpg,MR039473,glioma,glioma,1,0.997578,4,0,0.997578,0.000036,0.000018,0.002368
data_rand_fold4/Testing/glioma/Tr-gl_0903.jpg,MR039473,glioma,glioma,1,0.994825,4,0,0.994825,0.000663,0.000144,0.004369
data_rand_fold4/Testing/glioma/Tr-gl_0904.jpg,MR039473,glioma,glioma,1,0.998672,4,0,0.998672,0.000014,0.000023,0.001291
data_rand_fold4/Testing/glioma/Tr-gl_0907.jpg,MR039473B,glioma,glioma,1,0.999896,4,0,0.999896,0.000063,0.000003,0.000039
data_rand_fold4/Testing/glioma/Tr-gl_0908.jpg,MR039473B,glioma,glioma,1,0.999877,4,0,0.999877,0.000040,0.000021,0.000062
data_rand_fold4/Testing/glioma/Tr-gl_0909.jpg,MR039473B,glioma,glioma,1,0.995976,4,0,0.995976,0.000499,0.000013,0.003512
data_rand_fold4/Testing/glioma/Tr-gl_0912.jpg,MR040240,glioma,glioma,1,0.999990,4,0,0.999990,0.000002,0.000005,0.000003
data_rand_fold4/Testing/glioma/Tr-gl_0914.jpg,MR040240,glioma,glioma,1,0.999043,4,0,0.999043,0.000851,0.000095,0.000011
data_rand_fold4/Testing/glioma/Tr-gl_0917.jpg,MR040240,glioma,glioma,1,0.999532,4,0,0.999532,0.000287,0.000173,0.000008
data_rand_fold4/Testing/glioma/Tr-gl_0927.jpg,MR029209G,glioma,glioma,1,0.999957,4,0,0.999957,0.000007,0.000012,0.000024
data_rand_fold4/Testing/glioma/Tr-gl_0931.jpg,MR036496B,glioma,glioma,1,0.999936,4,0,0.999936,0.000036,0.000024,0.000004
data_rand_fold4/Testing/glioma/Tr-gl_0938.jpg,MR033420,glioma,glioma,1,0.998775,4,0,0.998775,0.000887,0.000045,0.000293
data_rand_fold4/Testing/glioma/Tr-gl_0940.jpg,MR033420,glioma,glioma,1,0.998553,4,0,0.998553,0.001138,0.000059,0.000250
data_rand_fold4/Testing/glioma/Tr-gl_0943.jpg,MR024780B,glioma,glioma,1,0.999762,4,0,0.999762,0.000199,0.000023,0.000016
data_rand_fold4/Testing/glioma/Tr-gl_0945.jpg,MR033389B,glioma,glioma,1,0.999737,4,0,0.999737,0.000045,0.000082,0.000137
data_rand_fold4/Testing/glioma/Tr-gl_0948.jpg,MR048297,glioma,glioma,1,0.999840,4,0,0.999840,0.000087,0.000064,0.000009
data_rand_fold4/Testing/glioma/Tr-gl_0954.jpg,MR048294B,glioma,glioma,1,0.999997,4,0,0.999997,0.000001,0.000001,0.000001
data_rand_fold4/Testing/glioma/Tr-gl_0976.jpg,MR049142,glioma,glioma,1,0.997469,4,0,0.997469,0.001835,0.000315,0.000381
data_rand_fold4/Testing/glioma/Tr-gl_0983.jpg,MR049358,glioma,glioma,1,0.999748,4,0,0.999748,0.000068,0.000044,0.000141
data_rand_fold4/Testing/glioma/Tr-gl_0994.jpg,MR024780G,glioma,glioma,1,0.999974,4,0,0.999974,0.000011,0.000010,0.000005
data_rand_fold4/Testing/glioma/Tr-gl_0995.jpg,MR024780G,glioma,glioma,1,0.999989,4,0,0.999989,0.000008,0.000002,0.000001
data_rand_fold4/Testing/glioma/Tr-gl_1007.jpg,MR050687,glioma,glioma,1,0.999998,4,0,0.999998,0.000001,0.000000,0.000000
data_rand_fold4/Testing/glioma/Tr-gl_1012.jpg,MR050791B,glioma,glioma,1,0.999993,4,0,0.999993,0.000002,0.000005,0.000000
data_rand_fold4/Testing/glioma/Tr-gl_1027.jpg,MR051586,glioma,glioma,1,0.999922,4,0,0.999922,0.000043,0.000032,0.000003
data_rand_fold4/Testing/glioma/Tr-gl_1030.jpg,MR051586,glioma,glioma,1,0.999861,4,0,0.999861,0.000024,0.000112,0.000002
data_rand_fold4/Testing/glioma/Tr-gl_1032.jpg,MR051644,glioma,glioma,1,0.999730,4,0,0.999730,0.000056,0.000117,0.000097
data_rand_fold4/Testing/glioma/Tr-gl_1047.jpg,MR051651B,glioma,glioma,1,0.999948,4,0,0.999948,0.000041,0.000005,0.000006
data_rand_fold4/Testing/glioma/Tr-gl_1051.jpg,MR051644B,glioma,glioma,1,0.966299,4,0,0.966299,0.000213,0.000218,0.033270
data_rand_fold4/Testing/glioma/Tr-gl_1053.jpg,MR051644B,glioma,glioma,1,0.993502,4,0,0.993502,0.000541,0.000178,0.005780
data_rand_fold4/Testing/glioma/Tr-gl_1054.jpg,MR051644B,glioma,glioma,1,0.999949,4,0,0.999949,0.000012,0.000013,0.000026
data_rand_fold4/Testing/glioma/Tr-gl_1058.jpg,MR051796B,glioma,glioma,1,0.999778,4,0,0.999778,0.000151,0.000031,0.000041
data_rand_fold4/Testing/glioma/Tr-gl_1059.jpg,MR051796B,glioma,glioma,1,0.999798,4,0,0.999798,0.000100,0.000041,0.000060
data_rand_fold4/Testing/glioma/Tr-gl_1063.jpg,MR052550,glioma,glioma,1,0.999624,4,0,0.999624,0.000096,0.000010,0.000271
data_rand_fold4/Testing/glioma/Tr-gl_1064.jpg,MR051644C,glioma,glioma,1,0.999966,4,0,0.999966,0.000021,0.000003,0.000011
data_rand_fold4/Testing/glioma/Tr-gl_1066.jpg,MR051644C,glioma,glioma,1,0.987343,4,0,0.987343,0.000254,0.000077,0.012326
data_rand_fold4/Testing/glioma/Tr-gl_1071.jpg,MR049942B,glioma,glioma,1,0.999624,4,0,0.999624,0.000010,0.000008,0.000357
data_rand_fold4/Testing/glioma/Tr-gl_1079.jpg,MR053110B,glioma,glioma,1,0.999905,4,0,0.999905,0.000081,0.000003,0.000011
data_rand_fold4/Testing/glioma/Tr-gl_1084.jpg,MR054875,glioma,glioma,1,0.986517,4,0,0.986517,0.000152,0.000319,0.013012
data_rand_fold4/Testing/glioma/Tr-gl_1086.jpg,MR054875,glioma,glioma,1,0.999105,4,0,0.999105,0.000494,0.000019,0.000381
data_rand_fold4/Testing/glioma/Tr-gl_1087.jpg,MR054875,glioma,glioma,1,0.999451,4,0,0.999451,0.000199,0.000036,0.000314
data_rand_fold4/Testing/glioma/Tr-gl_1094.jpg,MR056144,glioma,glioma,1,0.999452,4,0,0.999452,0.000435,0.000006,0.000107
data_rand_fold4/Testing/glioma/Tr-gl_1098.jpg,MR034997,glioma,glioma,1,0.999988,4,0,0.999988,0.000004,0.000008,0.000000
data_rand_fold4/Testing/glioma/Tr-gl_1099.jpg,MR034997,glioma,glioma,1,0.999988,4,0,0.999988,0.000006,0.000006,0.000000
data_rand_fold4/Testing/glioma/Tr-gl_1104.jpg,MR033389B,glioma,glioma,1,0.999824,4,0,0.999824,0.000130,0.000016,0.000030
data_rand_fold4/Testing/glioma/Tr-gl_1120.jpg,MR017260F,glioma,glioma,1,0.999953,4,0,0.999953,0.000012,0.000030,0.000004
data_rand_fold4/Testing/glioma/Tr-gl_1122.jpg,MR017260F,glioma,glioma,1,0.999941,4,0,0.999941,0.000040,0.000015,0.000003
data_rand_fold4/Testing/glioma/Tr-gl_1124.jpg,MR029209I,glioma,glioma,1,0.999997,4,0,0.999997,0.000001,0.000001,0.000001
data_rand_fold4/Testing/glioma/Tr-gl_1126.jpg,MR029209I,glioma,glioma,1,0.999999,4,0,0.999999,0.000000,0.000000,0.000000
data_rand_fold4/Testing/glioma/Tr-gl_1138.jpg,102075,glioma,glioma,1,0.928769,4,0,0.928769,0.043063,0.000418,0.027750
data_rand_fold4/Testing/glioma/Tr-gl_1139.jpg,102075,glioma,glioma,1,0.599368,4,0,0.599368,0.331600,0.000846,0.068186
data_rand_fold4/Testing/glioma/Tr-gl_1140.jpg,103148,glioma,glioma,1,0.998814,4,0,0.998814,0.000509,0.000022,0.000655
data_rand_fold4/Testing/glioma/Tr-gl_1146.jpg,106494,glioma,glioma,1,0.999921,4,0,0.999921,0.000045,0.000024,0.000010
data_rand_fold4/Testing/glioma/Tr-gl_1147.jpg,106494,glioma,glioma,1,0.999040,4,0,0.999040,0.000647,0.000271,0.000042
data_rand_fold4/Testing/glioma/Tr-gl_1148.jpg,106494,glioma,glioma,1,0.996883,4,0,0.996883,0.002989,0.000113,0.000015
data_rand_fold4/Testing/glioma/Tr-gl_1149.jpg,106494,glioma,glioma,1,0.878554,4,0,0.878554,0.117751,0.001143,0.002552
data_rand_fold4/Testing/glioma/Tr-gl_1153.jpg,107747,glioma,glioma,1,0.738188,4,0,0.738188,0.261334,0.000309,0.000168
data_rand_fold4/Testing/glioma/Tr-gl_1164.jpg,101020,glioma,glioma,1,0.999973,4,0,0.999973,0.000025,0.000002,0.000000
data_rand_fold4/Testing/glioma/Tr-gl_1178.jpg,107747,glioma,glioma,1,0.999987,4,0,0.999987,0.000011,0.000001,0.000002
data_rand_fold4/Testing/glioma/Tr-gl_1182.jpg,112105,glioma,glioma,1,0.982552,4,0,0.982552,0.014931,0.000056,0.002461
data_rand_fold4/Testing/glioma/Tr-gl_1184.jpg,112105,glioma,glioma,1,0.999982,4,0,0.999982,0.000010,0.000002,0.000005
data_rand_fold4/Testing/glioma/Tr-gl_1202.jpg,93825,glioma,glioma,1,0.921866,4,0,0.921866,0.077711,0.000015,0.000407
data_rand_fold4/Testing/glioma/Tr-gl_1205.jpg,97609,glioma,glioma,1,0.999901,4,0,0.999901,0.000095,0.000002,0.000003
data_rand_fold4/Testing/glioma/Tr-gl_1208.jpg,100820,glioma,glioma,1,0.902728,4,0,0.902728,0.089717,0.007453,0.000102
data_rand_fold4/Testing/glioma/Tr-gl_1213.jpg,101020,glioma,glioma,1,0.999972,4,0,0.999972,0.000026,0.000002,0.000001
data_rand_fold4/Testing/glioma/Tr-gl_1220.jpg,102075,glioma,meningioma,0,0.988185,4,0,0.011051,0.988185,0.000060,0.000704
data_rand_fold4/Testing/glioma/Tr-gl_1230.jpg,106494,glioma,glioma,1,0.999519,4,0,0.999519,0.000458,0.000005,0.000019
data_rand_fold4/Testing/glioma/Tr-gl_1232.jpg,107747,glioma,glioma,1,0.999832,4,0,0.999832,0.000025,0.000012,0.000131
data_rand_fold4/Testing/glioma/Tr-gl_1241.jpg,88670,glioma,glioma,1,0.999740,4,0,0.999740,0.000237,0.000021,0.000003
data_rand_fold4/Testing/glioma/Tr-gl_1251.jpg,92897,glioma,glioma,1,0.909089,4,0,0.909089,0.085376,0.000494,0.005041
data_rand_fold4/Testing/glioma/Tr-gl_1252.jpg,93329,glioma,glioma,1,0.988978,4,0,0.988978,0.010866,0.000041,0.000115
data_rand_fold4/Testing/glioma/Tr-gl_1262.jpg,95142,glioma,glioma,1,0.999933,4,0,0.999933,0.000057,0.000002,0.000009
data_rand_fold4/Testing/glioma/Tr-gl_1264.jpg,95142,glioma,glioma,1,0.999861,4,0,0.999861,0.000118,0.000010,0.000011
data_rand_fold4/Testing/glioma/Tr-gl_1266.jpg,96587,glioma,glioma,1,0.999997,4,0,0.999997,0.000001,0.000001,0.000000
data_rand_fold4/Testing/glioma/Tr-gl_1270.jpg,97609,glioma,glioma,1,0.999989,4,0,0.999989,0.000009,0.000002,0.000000
data_rand_fold4/Testing/glioma/Tr-gl_1275.jpg,98889,glioma,glioma,1,0.999637,4,0,0.999637,0.000213,0.000005,0.000145
data_rand_fold4/Testing/glioma/Tr-gl_1277.jpg,MR048294,glioma,glioma,1,0.999320,4,0,0.999320,0.000021,0.000003,0.000657
data_rand_fold4/Testing/glioma/Tr-gl_1278.jpg,MR048294,glioma,glioma,1,0.999984,4,0,0.999984,0.000003,0.000005,0.000008
data_rand_fold4/Testing/glioma/Tr-gl_1279.jpg,MR048294,glioma,glioma,1,0.999898,4,0,0.999898,0.000028,0.000042,0.000032
data_rand_fold4/Testing/glioma/Tr-gl_1286.jpg,MR048621B,glioma,glioma,1,0.903728,4,0,0.903728,0.046094,0.000042,0.050136
data_rand_fold4/Testing/glioma/Tr-gl_1287.jpg,MR048621B,glioma,glioma,1,0.998486,4,0,0.998486,0.000033,0.000013,0.001468
data_rand_fold4/Testing/glioma/Tr-gl_1288.jpg,MR048621B,glioma,glioma,1,0.998593,4,0,0.998593,0.000221,0.000022,0.001164
data_rand_fold4/Testing/glioma/Tr-gl_1290.jpg,MR048621B,glioma,glioma,1,0.997553,4,0,0.997553,0.001194,0.000007,0.001246
data_rand_fold4/Testing/glioma/Tr-gl_1291.jpg,MR048621B,glioma,glioma,1,0.988341,4,0,0.988341,0.010436,0.000020,0.001204
data_rand_fold4/Testing/glioma/Tr-gl_1292.jpg,MR048621B,glioma,glioma,1,0.999005,4,0,0.999005,0.000828,0.000003,0.000163
data_rand_fold4/Testing/glioma/Tr-gl_1293.jpg,MR048944,glioma,glioma,1,0.994482,4,0,0.994482,0.004248,0.000062,0.001208
data_rand_fold4/Testing/glioma/Tr-gl_1318.jpg,MR048944B,glioma,glioma,1,0.999700,4,0,0.999700,0.000120,0.000026,0.000154
data_rand_fold4/Testing/meningioma/Te-me_0118.jpg,108550,meningioma,meningioma,1,0.870226,4,0,0.021584,0.870226,0.000038,0.108151
data_rand_fold4/Testing/meningioma/Te-me_0119.jpg,108945,meningioma,meningioma,1,0.998432,4,0,0.000061,0.998432,0.000017,0.001490
data_rand_fold4/Testing/meningioma/Te-me_0121.jpg,109968,meningioma,meningioma,1,0.999962,4,0,0.000003,0.999962,0.000001,0.000034
data_rand_fold4/Testing/meningioma/Te-me_0136.jpg,97875,meningioma,meningioma,1,0.520781,4,0,0.015322,0.520781,0.000203,0.463695
data_rand_fold4/Testing/meningioma/Te-me_0144.jpg,101016,meningioma,meningioma,1,0.999661,4,0,0.000073,0.999661,0.000061,0.000204
data_rand_fold4/Testing/meningioma/Te-me_0153.jpg,100572,meningioma,meningioma,1,0.999985,4,0,0.000001,0.999985,0.000000,0.000013
data_rand_fold4/Testing/meningioma/Te-me_0165.jpg,103925,meningioma,meningioma,1,0.999900,4,0,0.000076,0.999900,0.000001,0.000023
data_rand_fold4/Testing/meningioma/Te-me_0173.jpg,106284,meningioma,meningioma,1,0.999887,4,0,0.000001,0.999887,0.000007,0.000105
data_rand_fold4/Testing/meningioma/Te-me_0177.jpg,53669,meningioma,meningioma,1,0.999906,4,0,0.000004,0.999906,0.000000,0.000089
data_rand_fold4/Testing/meningioma/Te-me_0191.jpg,111077,meningioma,meningioma,1,0.999971,4,0,0.000014,0.999971,0.000001,0.000014
data_rand_fold4/Testing/meningioma/Te-me_0195.jpg,112062,meningioma,meningioma,1,0.999950,4,0,0.000042,0.999950,0.000004,0.000004
data_rand_fold4/Testing/meningioma/Te-me_0197.jpg,112552,meningioma,meningioma,1,0.999923,4,0,0.000033,0.999923,0.000001,0.000044
data_rand_fold4/Testing/meningioma/Te-me_0201.jpg,113435,meningioma,meningioma,1,0.998026,4,0,0.000276,0.998026,0.000008,0.001690
data_rand_fold4/Testing/meningioma/Te-me_0203.jpg,114018,meningioma,meningioma,1,0.999955,4,0,0.000011,0.999955,0.000002,0.000032
data_rand_fold4/Testing/meningioma/Te-me_0205.jpg,114359,meningioma,meningioma,1,0.999795,4,0,0.000182,0.999795,0.000001,0.000022
data_rand_fold4/Testing/meningioma/Te-me_0207.jpg,103673,meningioma,meningioma,1,0.901595,4,0,0.001080,0.901595,0.002353,0.094972
data_rand_fold4/Testing/meningioma/Te-me_0208.jpg,97737,meningioma,meningioma,1,0.999281,4,0,0.000522,0.999281,0.000096,0.000101
data_rand_fold4/Testing/meningioma/Te-me_0213.jpg,99017,meningioma,meningioma,1,0.961821,4,0,0.020807,0.961821,0.000080,0.017292
data_rand_fold4/Testing/meningioma/Te-me_0218.jpg,104167,meningioma,meningioma,1,0.998544,4,0,0.001355,0.998544,0.000033,0.000069
data_rand_fold4/Testing/meningioma/Te-me_0226.jpg,102675,meningioma,meningioma,1,0.988152,4,0,0.011738,0.988152,0.000069,0.000041
data_rand_fold4/Testing/meningioma/Te-me_0229.jpg,104281,meningioma,meningioma,1,0.999967,4,0,0.000015,0.999967,0.000003,0.000015
data_rand_fold4/Testing/meningioma/Te-me_0231.jpg,103673,meningioma,meningioma,1,0.656866,4,0,0.000037,0.656866,0.000288,0.342810
data_rand_fold4/Testing/meningioma/Te-me_0232.jpg,104281,meningioma,meningioma,1,0.999972,4,0,0.000004,0.999972,0.000004,0.000020
data_rand_fold4/Testing/meningioma/Te-me_0248.jpg,107494,meningioma,meningioma,1,0.997068,4,0,0.000003,0.997068,0.000002,0.002927
data_rand_fold4/Testing/meningioma/Te-me_0257.jpg,111366,meningioma,meningioma,1,0.999847,4,0,0.000027,0.999847,0.000003,0.000123
data_rand_fold4/Testing/meningioma/Te-me_0258.jpg,111532,meningioma,meningioma,1,0.999624,4,0,0.000074,0.999624,0.000010,0.000292
data_rand_fold4/Testing/meningioma/Te-me_0259.jpg,112002,meningioma,meningioma,1,0.979265,4,0,0.019695,0.979265,0.000023,0.001017
data_rand_fold4/Testing/meningioma/Te-me_0263.jpg,112552,meningioma,meningioma,1,0.999995,4,0,0.000002,0.999995,0.000001,0.000002
data_rand_fold4/Testing/meningioma/Te-me_0268.jpg,113435,meningioma,meningioma,1,0.999987,4,0,0.000001,0.999987,0.000000,0.000012
data_rand_fold4/Testing/meningioma/Te-me_0272.jpg,114018,meningioma,meningioma,1,0.993013,4,0,0.000002,0.993013,0.000022,0.006962
data_rand_fold4/Testing/meningioma/Te-me_0275.jpg,114417,meningioma,meningioma,1,0.999686,4,0,0.000296,0.999686,0.000003,0.000014
data_rand_fold4/Testing/meningioma/Te-me_0279.jpg,97737,meningioma,meningioma,1,0.999752,4,0,0.000010,0.999752,0.000003,0.000235
data_rand_fold4/Testing/meningioma/Te-me_0280.jpg,97875,meningioma,meningioma,1,0.997619,4,0,0.001748,0.997619,0.000005,0.000628
data_rand_fold4/Testing/meningioma/Te-me_0302.jpg,97607,meningioma,meningioma,1,0.999969,4,0,0.000012,0.999969,0.000001,0.000018
data_rand_fold4/Testing/meningioma/Tr-meTr_0001.jpg,107248,meningioma,meningioma,1,0.978331,4,0,0.000300,0.978331,0.000017,0.021352
data_rand_fold4/Testing/meningioma/Tr-meTr_0002.jpg,107248,meningioma,meningioma,1,0.979156,4,0,0.000793,0.979156,0.000048,0.020003
data_rand_fold4/Testing/meningioma/Tr-meTr_0005.jpg,107494,meningioma,meningioma,1,0.999987,4,0,0.000003,0.999987,0.000000,0.000010
data_rand_fold4/Testing/meningioma/Tr-meTr_0007.jpg,108514,meningioma,meningioma,1,0.993545,4,0,0.006392,0.993545,0.000033,0.000029
data_rand_fold4/Testing/meningioma/Tr-me_0015.jpg,108590,meningioma,meningioma,1,0.999596,4,0,0.000345,0.999596,0.000028,0.000030
data_rand_fold4/Testing/meningioma/Tr-me_0018.jpg,108945,meningioma,meningioma,1,0.999970,4,0,0.000009,0.999970,0.000000,0.000020
data_rand_fold4/Testing/meningioma/Tr-me_0022.jpg,109968,meningioma,meningioma,1,0.999994,4,0,0.000000,0.999994,0.000000,0.000005
data_rand_fold4/Testing/meningioma/Tr-me_0024.jpg,111077,meningioma,meningioma,1,0.999885,4,0,0.000035,0.999885,0.000001,0.000079
data_rand_fold4/Testing/meningioma/Tr-me_0027.jpg,111366,meningioma,meningioma,1,0.995469,4,0,0.000573,0.995469,0.000053,0.003905
data_rand_fold4/Testing/meningioma/Tr-me_0029.jpg,111366,meningioma,meningioma,1,0.873737,4,0,0.007547,0.873737,0.000132,0.118584
data_rand_fold4/Testing/meningioma/Tr-me_0030.jpg,111532,meningioma,meningioma,1,0.998931,4,0,0.000986,0.998931,0.000027,0.000056
data_rand_fold4/Testing/meningioma/Tr-me_0033.jpg,112002,meningioma,meningioma,1,0.998715,4,0,0.000248,0.998715,0.000046,0.000991
data_rand_fold4/Testing/meningioma/Tr-me_0048.jpg,112648,meningioma,meningioma,1,0.985111,4,0,0.000320,0.985111,0.000009,0.014559
data_rand_fold4/Testing/meningioma/Tr-me_0052.jpg,113435,meningioma,meningioma,1,0.999600,4,0,0.000171,0.999600,0.000003,0.000226
data_rand_fold4/Testing/meningioma/Tr-me_0060.jpg,100572,meningioma,meningioma,1,0.999154,4,0,0.000270,0.999154,0.000005,0.000571
data_rand_fold4/Testing/meningioma/Tr-me_0067.jpg,97607,meningioma,meningioma,1,0.999978,4,0,0.000008,0.999978,0.000001,0.000014
data_rand_fold4/Testing/meningioma/Tr-me_0072.jpg,97737,meningioma,meningioma,1,0.998664,4,0,0.000872,0.998664,0.000029,0.000435
data_rand_fold4/Testing/meningioma/Tr-me_0074.jpg,97875,meningioma,meningioma,1,0.982064,4,0,0.008783,0.982064,0.000007,0.009145
data_rand_fold4/Testing/meningioma/Tr-me_0087.jpg,99017,meningioma,pituitary,0,0.606913,4,0,0.003418,0.389496,0.000173,0.606913
data_rand_fold4/Testing/meningioma/Tr-me_0091.jpg,101016,meningioma,meningioma,1,0.999844,4,0,0.000025,0.999844,0.000007,0.000124
data_rand_fold4/Testing/meningioma/Tr-me_0098.jpg,99089,meningioma,meningioma,1,0.999648,4,0,0.000210,0.999648,0.000009,0.000134
data_rand_fold4/Testing/meningioma/Tr-me_0101.jpg,102420,meningioma,meningioma,1,0.999996,4,0,0.000002,0.999996,0.000000,0.000001
data_rand_fold4/Testing/meningioma/Tr-me_0120.jpg,99308,meningioma,meningioma,1,0.999775,4,0,0.000061,0.999775,0.000011,0.000153
data_rand_fold4/Testing/meningioma/Tr-me_0128.jpg,103925,meningioma,meningioma,1,0.995070,4,0,0.004700,0.995070,0.000052,0.000178
data_rand_fold4/Testing/meningioma/Tr-me_0133.jpg,103925,meningioma,meningioma,1,0.996862,4,0,0.003129,0.996862,0.000004,0.000005
data_rand_fold4/Testing/meningioma/Tr-me_0136.jpg,104167,meningioma,meningioma,1,0.999818,4,0,0.000056,0.999818,0.000008,0.000118
data_rand_fold4/Testing/meningioma/Tr-me_0138.jpg,104167,meningioma,meningioma,1,0.999982,4,0,0.000006,0.999982,0.000001,0.000011
data_rand_fold4/Testing/meningioma/Tr-me_0140.jpg,104167,meningioma,meningioma,1,0.999829,4,0,0.000071,0.999829,0.000001,0.000099
data_rand_fold4/Testing/meningioma/Tr-me_0148.jpg,104281,meningioma,meningioma,1,0.964612,4,0,0.035101,0.964612,0.000002,0.000285
data_rand_fold4/Testing/meningioma/Tr-me_0152.jpg,105555,meningioma,meningioma,1,0.507402,4,0,0.489767,0.507402,0.000185,0.002646
data_rand_fold4/Testing/meningioma/Tr-me_0155.jpg,105937,meningioma,meningioma,1,0.992937,4,0,0.003770,0.992937,0.000014,0.003279
data_rand_fold4/Testing/meningioma/Tr-me_0156.jpg,105937,meningioma,meningioma,1,0.999897,4,0,0.000000,0.999897,0.000000,0.000102
data_rand_fold4/Testing/meningioma/Tr-me_0163.jpg,106720,meningioma,meningioma,1,0.999955,4,0,0.000014,0.999955,0.000003,0.000029
data_rand_fold4/Testing/meningioma/Tr-me_0166.jpg,106914,meningioma,meningioma,1,0.999965,4,0,0.000001,0.999965,0.000000,0.000034
data_rand_fold4/Testing/meningioma/Tr-me_0171.jpg,107248,meningioma,meningioma,1,0.999758,4,0,0.000042,0.999758,0.000014,0.000187
data_rand_fold4/Testing/meningioma/Tr-me_0172.jpg,107248,meningioma,meningioma,1,0.999936,4,0,0.000001,0.999936,0.000001,0.000062
data_rand_fold4/Testing/meningioma/Tr-me_0285.jpg,101016,meningioma,meningioma,1,0.997787,4,0,0.000524,0.997787,0.000028,0.001661
data_rand_fold4/Testing/meningioma/Tr-me_0293.jpg,101127,meningioma,meningioma,1,0.990771,4,0,0.001431,0.990771,0.000240,0.007558
data_rand_fold4/Testing/meningioma/Tr-me_0295.jpg,101797,meningioma,meningioma,1,0.999952,4,0,0.000035,0.999952,0.000002,0.000012
data_rand_fold4/Testing/meningioma/Tr-me_0317.jpg,103925,meningioma,meningioma,1,0.999997,4,0,0.000000,0.999997,0.000000,0.000002
data_rand_fold4/Testing/meningioma/Tr-me_0326.jpg,104281,meningioma,meningioma,1,0.998561,4,0,0.001283,0.998561,0.000013,0.000143
data_rand_fold4/Testing/meningioma/Tr-me_0327.jpg,104281,meningioma,meningioma,1,0.989391,4,0,0.010122,0.989391,0.000040,0.000448
data_rand_fold4/Testing/meningioma/Tr-me_0332.jpg,105937,meningioma,meningioma,1,0.992042,4,0,0.001149,0.992042,0.000056,0.006753
data_rand_fold4/Testing/meningioma/Tr-me_0337.jpg,106284,meningioma,meningioma,1,0.999063,4,0,0.000012,0.999063,0.000001,0.000924
data_rand_fold4/Testing/meningioma/Tr-me_0338.jpg,106284,meningioma,meningioma,1,0.997540,4,0,0.000015,0.997540,0.000006,0.002438
data_rand_fold4/Testing/meningioma/Tr-me_0370.jpg,107190,meningioma,meningioma,1,0.773126,4,0,0.226059,0.773126,0.000040,0.000776
data_rand_fold4/Testing/meningioma/Tr-me_0373.jpg,107248,meningioma,meningioma,1,0.999650,4,0,0.000212,0.999650,0.000010,0.000128
data_rand_fold4/Testing/meningioma/Tr-me_0374.jpg,107248,meningioma,meningioma,1,0.999946,4,0,0.000044,0.999946,0.000005,0.000005
data_rand_fold4/Testing/meningioma/Tr-me_0380.jpg,114359,meningioma,meningioma,1,0.998885,4,0,0.001065,0.998885,0.000011,0.000039
data_rand_fold4/Testing/meningioma/Tr-me_0381.jpg,107494,meningioma,meningioma,1,0.999893,4,0,0.000083,0.999893,0.000003,0.000021
data_rand_fold4/Testing/meningioma/Tr-me_0385.jpg,108514,meningioma,meningioma,1,0.999383,4,0,0.000511,0.999383,0.000026,0.000081
data_rand_fold4/Testing/meningioma/Tr-me_0397.jpg,109411,meningioma,meningioma,1,0.977393,4,0,0.022557,0.977393,0.000021,0.000029
data_rand_fold4/Testing/meningioma/Tr-me_0402.jpg,97607,meningioma,meningioma,1,0.999283,4,0,0.000101,0.999283,0.000015,0.000601
data_rand_fold4/Testing/meningioma/Tr-me_0405.jpg,110116,meningioma,meningioma,1,0.999548,4,0,0.000001,0.999548,0.000000,0.000450
data_rand_fold4/Testing/meningioma/Tr-me_0407.jpg,111077,meningioma,meningioma,1,0.998514,4,0,0.001422,0.998514,0.000022,0.000043
data_rand_fold4/Testing/meningioma/Tr-me_0409.jpg,111077,meningioma,meningioma,1,0.998477,4,0,0.001342,0.998477,0.000021,0.000160
data_rand_fold4/Testing/meningioma/Tr-me_0425.jpg,112002,meningioma,meningioma,1,0.998417,4,0,0.001376,0.998417,0.000003,0.000203
data_rand_fold4/Testing/meningioma/Tr-me_0432.jpg,112552,meningioma,meningioma,1,0.989838,4,0,0.010019,0.989838,0.000011,0.000133
data_rand_fold4/Testing/meningioma/Tr-me_0433.jpg,112552,meningioma,meningioma,1,0.999848,4,0,0.000135,0.999848,0.000001,0.000015
data_rand_fold4/Testing/meningioma/Tr-me_0443.jpg,113435,meningioma,meningioma,1,0.990854,4,0,0.009098,0.990854,0.000014,0.000035
data_rand_fold4/Testing/meningioma/Tr-me_0445.jpg,113435,meningioma,meningioma,1,0.999840,4,0,0.000071,0.999840,0.000003,0.000086
data_rand_fold4/Testing/meningioma/Tr-me_0448.jpg,113435,meningioma,meningioma,1,0.999953,4,0,0.000012,0.999953,0.000000,0.000035
data_rand_fold4/Testing/meningioma/Tr-me_0454.jpg,113554,meningioma,meningioma,1,0.999894,4,0,0.000062,0.999894,0.000001,0.000043
data_rand_fold4/Testing/meningioma/Tr-me_0465.jpg,97943,meningioma,meningioma,1,0.993456,4,0,0.001099,0.993456,0.000101,0.005345
data_rand_fold4/Testing/meningioma/Tr-me_0471.jpg,98241,meningioma,meningioma,1,0.999950,4,0,0.000000,0.999950,0.000001,0.000049
data_rand_fold4/Testing/meningioma/Tr-me_0474.jpg,98241,meningioma,meningioma,1,0.999936,4,0,0.000010,0.999936,0.000001,0.000053
data_rand_fold4/Testing/meningioma/Tr-me_0485.jpg,99308,meningioma,meningioma,1,0.999879,4,0,0.000039,0.999879,0.000001,0.000081
data_rand_fold4/Testing/meningioma/Tr-me_0497.jpg,100639,meningioma,meningioma,1,0.992866,4,0,0.007010,0.992866,0.000020,0.000104
data_rand_fold4/Testing/meningioma/Tr-me_0500.jpg,100920,meningioma,meningioma,1,0.999832,4,0,0.000038,0.999832,0.000029,0.000102
data_rand_fold4/Testing/meningioma/Tr-me_0513.jpg,101127,meningioma,meningioma,1,0.998078,4,0,0.000062,0.998078,0.000022,0.001838
data_rand_fold4/Testing/meningioma/Tr-me_0514.jpg,101797,meningioma,meningioma,1,0.999952,4,0,0.000008,0.999952,0.000005,0.000034
data_rand_fold4/Testing/meningioma/Tr-me_0516.jpg,101797,meningioma,meningioma,1,0.999811,4,0,0.000005,0.999811,0.000004,0.000180
data_rand_fold4/Testing/meningioma/Tr-me_0521.jpg,106284,meningioma,meningioma,1,0.999839,4,0,0.000082,0.999839,0.000002,0.000077
data_rand_fold4/Testing/meningioma/Tr-me_0528.jpg,106665,meningioma,meningioma,1,0.999886,4,0,0.000022,0.999886,0.000003,0.000090
data_rand_fold4/Testing/meningioma/Tr-me_0536.jpg,106720,meningioma,meningioma,1,0.999423,4,0,0.000558,0.999423,0.000001,0.000018
data_rand_fold4/Testing/meningioma/Tr-me_0543.jpg,106914,meningioma,meningioma,1,0.999360,4,0,0.000453,0.999360,0.000001,0.000186
data_rand_fold4/Testing/meningioma/Tr-me_0552.jpg,99017,meningioma,meningioma,1,0.999355,4,0,0.000130,0.999355,0.000006,0.000509
data_rand_fold4/Testing/meningioma/Tr-me_0555.jpg,99089,meningioma,meningioma,1,0.999660,4,0,0.000001,0.999660,0.000003,0.000336
data_rand_fold4/Testing/meningioma/Tr-me_0557.jpg,111366,meningioma,meningioma,1,0.962777,4,0,0.034428,0.962777,0.000030,0.002765
data_rand_fold4/Testing/meningioma/Tr-me_0562.jpg,99162,meningioma,meningioma,1,0.975523,4,0,0.009827,0.975523,0.004678,0.009973
data_rand_fold4/Testing/meningioma/Tr-me_0600.jpg,111532,meningioma,meningioma,1,0.999855,4,0,0.000120,0.999855,0.000006,0.000019
data_rand_fold4/Testing/meningioma/Tr-me_0607.jpg,102714,meningioma,meningioma,1,0.998919,4,0,0.000028,0.998919,0.000031,0.001022
data_rand_fold4/Testing/meningioma/Tr-me_0612.jpg,102818,meningioma,meningioma,1,0.996104,4,0,0.000016,0.996104,0.000007,0.003873
data_rand_fold4/Testing/meningioma/Tr-me_0614.jpg,102935,meningioma,meningioma,1,0.457163,4,0,0.104528,0.457163,0.397868,0.040440
data_rand_fold4/Testing/meningioma/Tr-me_0618.jpg,102960,meningioma,meningioma,1,0.986671,4,0,0.009993,0.986671,0.000045,0.003292
data_rand_fold4/Testing/meningioma/Tr-me_0632.jpg,104167,meningioma,meningioma,1,0.999999,4,0,0.000001,0.999999,0.000000,0.000000
data_rand_fold4/Testing/meningioma/Tr-me_0637.jpg,104281,meningioma,meningioma,1,0.999871,4,0,0.000016,0.999871,0.000005,0.000108
data_rand_fold4/Testing/meningioma/Tr-me_0640.jpg,104281,meningioma,meningioma,1,0.999973,4,0,0.000022,0.999973,0.000000,0.000004
data_rand_fold4/Testing/meningioma/Tr-me_0641.jpg,104695,meningioma,meningioma,1,0.987283,4,0,0.012649,0.987283,0.000018,0.000049
data_rand_fold4/Testing/meningioma/Tr-me_0655.jpg,109411,meningioma,meningioma,1,0.933162,4,0,0.066532,0.933162,0.000132,0.000173
data_rand_fold4/Testing/meningioma/Tr-me_0661.jpg,106592,meningioma,meningioma,1,0.995823,4,0,0.003796,0.995823,0.000120,0.000260
data_rand_fold4/Testing/meningioma/Tr-me_0678.jpg,112002,meningioma,meningioma,1,0.999980,4,0,0.000012,0.999980,0.000000,0.000008
data_rand_fold4/Testing/meningioma/Tr-me_0687.jpg,107494,meningioma,meningioma,1,0.999861,4,0,0.000086,0.999861,0.000004,0.000049
data_rand_fold4/Testing/meningioma/Tr-me_0690.jpg,107494,meningioma,meningioma,1,0.998223,4,0,0.000312,0.998223,0.000307,0.001157
data_rand_fold4/Testing/meningioma/Tr-me_0700.jpg,112002,meningioma,meningioma,1,0.999983,4,0,0.000000,0.999983,0.000000,0.000017
data_rand_fold4/Testing/meningioma/Tr-me_0701.jpg,108550,meningioma,meningioma,1,0.779066,4,0,0.220485,0.779066,0.000183,0.000266
data_rand_fold4/Testing/meningioma/Tr-me_0704.jpg,108945,meningioma,meningioma,1,0.694644,4,0,0.304852,0.694644,0.000395,0.000108
data_rand_fold4/Testing/meningioma/Tr-me_0705.jpg,108945,meningioma,meningioma,1,0.999762,4,0,0.000225,0.999762,0.000001,0.000012
data_rand_fold4/Testing/meningioma/Tr-me_0706.jpg,108945,meningioma,meningioma,1,0.999979,4,0,0.000004,0.999979,0.000001,0.000016
data_rand_fold4/Testing/meningioma/Tr-me_0716.jpg,112552,meningioma,meningioma,1,0.998633,4,0,0.001114,0.998633,0.000007,0.000245
data_rand_fold4/Testing/meningioma/Tr-me_0722.jpg,112648,meningioma,meningioma,1,0.999995,4,0,0.000001,0.999995,0.000000,0.000003
data_rand_fold4/Testing/meningioma/Tr-me_0728.jpg,113098,meningioma,meningioma,1,0.960095,4,0,0.000611,0.960095,0.000068,0.039226
data_rand_fold4/Testing/meningioma/Tr-me_0729.jpg,113098,meningioma,meningioma,1,0.977345,4,0,0.004007,0.977345,0.000005,0.018643
data_rand_fold4/Testing/meningioma/Tr-me_0731.jpg,113098,meningioma,meningioma,1,0.768364,4,0,0.219390,0.768364,0.000080,0.012165
data_rand_fold4/Testing/meningioma/Tr-me_0735.jpg,113435,meningioma,meningioma,1,0.999980,4,0,0.000000,0.999980,0.000000,0.000019
data_rand_fold4/Testing/meningioma/Tr-me_0739.jpg,113554,meningioma,meningioma,1,0.998541,4,0,0.001245,0.998541,0.000038,0.000175
data_rand_fold4/Testing/meningioma/Tr-me_0741.jpg,113554,meningioma,meningioma,1,0.999876,4,0,0.000033,0.999876,0.000009,0.000081
data_rand_fold4/Testing/meningioma/Tr-me_0747.jpg,109968,meningioma,meningioma,1,0.998985,4,0,0.000082,0.998985,0.000020,0.000914
data_rand_fold4/Testing/meningioma/Tr-me_0762.jpg,114359,meningioma,meningioma,1,0.994103,4,0,0.003846,0.994103,0.000081,0.001969
data_rand_fold4/Testing/meningioma/Tr-me_0783.jpg,97737,meningioma,meningioma,1,0.999989,4,0,0.000000,0.999989,0.000000,0.000010
data_rand_fold4/Testing/meningioma/Tr-me_0784.jpg,97793,meningioma,meningioma,1,0.998028,4,0,0.001325,0.998028,0.000611,0.000036
data_rand_fold4/Testing/meningioma/Tr-me_0786.jpg,97943,meningioma,meningioma,1,0.999995,4,0,0.000003,0.999995,0.000000,0.000001
data_rand_fold4/Testing/meningioma/Tr-me_0790.jpg,98241,meningioma,meningioma,1,0.999996,4,0,0.000000,0.999996,0.000000,0.000003
data_rand_fold4/Testing/meningioma/Tr-me_0797.jpg,98241,meningioma,meningioma,1,0.999996,4,0,0.000002,0.999996,0.000000,0.000002
data_rand_fold4/Testing/meningioma/Tr-me_0799.jpg,98241,meningioma,meningioma,1,0.999361,4,0,0.000601,0.999361,0.000026,0.000013
data_rand_fold4/Testing/meningioma/Tr-me_0803.jpg,99089,meningioma,meningioma,1,0.999749,4,0,0.000203,0.999749,0.000002,0.000046
data_rand_fold4/Testing/meningioma/Tr-me_0808.jpg,99308,meningioma,meningioma,1,0.999798,4,0,0.000072,0.999798,0.000004,0.000125
data_rand_fold4/Testing/meningioma/Tr-me_0816.jpg,100360,meningioma,meningioma,1,0.999800,4,0,0.000195,0.999800,0.000003,0.000002
data_rand_fold4/Testing/meningioma/Tr-me_0829.jpg,101127,meningioma,meningioma,1,0.827020,4,0,0.002279,0.827020,0.000180,0.170521
data_rand_fold4/Testing/meningioma/Tr-me_0846.jpg,102929,meningioma,meningioma,1,0.995182,4,0,0.004018,0.995182,0.000130,0.000670
data_rand_fold4/Testing/meningioma/Tr-me_0850.jpg,102929,meningioma,meningioma,1,0.995409,4,0,0.000254,0.995409,0.000020,0.004316
data_rand_fold4/Testing/meningioma/Tr-me_0852.jpg,102935,meningioma,meningioma,1,0.989308,4,0,0.010596,0.989308,0.000015,0.000080
data_rand_fold4/Testing/meningioma/Tr-me_0856.jpg,103673,meningioma,meningioma,1,0.997840,4,0,0.000188,0.997840,0.001001,0.000971
data_rand_fold4/Testing/meningioma/Tr-me_0858.jpg,102446,meningioma,meningioma,1,0.996487,4,0,0.003375,0.996487,0.000036,0.000101
data_rand_fold4/Testing/meningioma/Tr-me_0860.jpg,108945,meningioma,meningioma,1,0.999920,4,0,0.000021,0.999920,0.000003,0.000057
data_rand_fold4/Testing/meningioma/Tr-me_0869.jpg,104167,meningioma,meningioma,1,0.999933,4,0,0.000022,0.999933,0.000002,0.000043
data_rand_fold4/Testing/meningioma/Tr-me_0870.jpg,108945,meningioma,meningioma,1,0.999980,4,0,0.000007,0.999980,0.000000,0.000013
data_rand_fold4/Testing/meningioma/Tr-me_0872.jpg,104167,meningioma,meningioma,1,0.998201,4,0,0.001781,0.998201,0.000002,0.000017
data_rand_fold4/Testing/meningioma/Tr-me_0873.jpg,104281,meningioma,meningioma,1,0.999853,4,0,0.000141,0.999853,0.000005,0.000002
data_rand_fold4/Testing/meningioma/Tr-me_0875.jpg,104281,meningioma,meningioma,1,0.999986,4,0,0.000011,0.999986,0.000000,0.000002
data_rand_fold4/Testing/meningioma/Tr-me_0876.jpg,104281,meningioma,meningioma,1,0.999987,4,0,0.000011,0.999987,0.000001,0.000002
data_rand_fold4/Testing/meningioma/Tr-me_0879.jpg,105374,meningioma,meningioma,1,0.999171,4,0,0.000584,0.999171,0.000049,0.000197
data_rand_fold4/Testing/meningioma/Tr-me_0881.jpg,105374,meningioma,meningioma,1,0.999580,4,0,0.000245,0.999580,0.000052,0.000124
data_rand_fold4/Testing/meningioma/Tr-me_0884.jpg,105937,meningioma,meningioma,1,0.996982,4,0,0.002612,0.996982,0.000010,0.000396
data_rand_fold4/Testing/meningioma/Tr-me_0886.jpg,105937,meningioma,meningioma,1,0.999823,4,0,0.000009,0.999823,0.000003,0.000166
data_rand_fold4/Testing/meningioma/Tr-me_0895.jpg,106665,meningioma,meningioma,1,0.999434,4,0,0.000033,0.999434,0.000004,0.000529
data_rand_fold4/Testing/meningioma/Tr-me_0898.jpg,106665,meningioma,meningioma,1,0.999938,4,0,0.000017,0.999938,0.000002,0.000043
data_rand_fold4/Testing/meningioma/Tr-me_0903.jpg,106720,meningioma,meningioma,1,0.999550,4,0,0.000068,0.999550,0.000017,0.000365
data_rand_fold4/Testing/meningioma/Tr-me_0904.jpg,106720,meningioma,meningioma,1,0.999969,4,0,0.000012,0.999969,0.000007,0.000011
data_rand_fold4/Testing/meningioma/Tr-me_0905.jpg,106720,meningioma,meningioma,1,0.999987,4,0,0.000002,0.999987,0.000001,0.000010
data_rand_fold4/Testing/meningioma/Tr-me_0915.jpg,107248,meningioma,meningioma,1,0.999780,4,0,0.000195,0.999780,0.000003,0.000022
data_rand_fold4/Testing/meningioma/Tr-me_0916.jpg,107248,meningioma,meningioma,1,0.999838,4,0,0.000082,0.999838,0.000017,0.000063
data_rand_fold4/Testing/meningioma/Tr-me_0919.jpg,107494,meningioma,meningioma,1,0.999762,4,0,0.000133,0.999762,0.000002,0.000102
data_rand_fold4/Testing/meningioma/Tr-me_0923.jpg,108514,meningioma,meningioma,1,0.604090,4,0,0.393797,0.604090,0.000069,0.002043
data_rand_fold4/Testing/meningioma/Tr-me_0926.jpg,102929,meningioma,meningioma,1,0.932832,4,0,0.066616,0.932832,0.000017,0.000535
data_rand_fold4/Testing/meningioma/Tr-me_0931.jpg,108945,meningioma,meningioma,1,0.997903,4,0,0.001125,0.997903,0.000010,0.000962
data_rand_fold4/Testing/meningioma/Tr-me_0934.jpg,102935,meningioma,meningioma,1,0.989884,4,0,0.008830,0.989884,0.000290,0.000995
data_rand_fold4/Testing/meningioma/Tr-me_0937.jpg,109968,meningioma,meningioma,1,0.999946,4,0,0.000041,0.999946,0.000001,0.000011
data_rand_fold4/Testing/meningioma/Tr-me_0938.jpg,109968,meningioma,meningioma,1,0.999995,4,0,0.000003,0.999995,0.000000,0.000002
data_rand_fold4/Testing/meningioma/Tr-me_0940.jpg,110116,meningioma,meningioma,1,0.995138,4,0,0.000015,0.995138,0.000003,0.004844
data_rand_fold4/Testing/meningioma/Tr-me_0947.jpg,111366,meningioma,meningioma,1,0.999808,4,0,0.000119,0.999808,0.000001,0.000072
data_rand_fold4/Testing/meningioma/Tr-me_0949.jpg,111532,meningioma,meningioma,1,0.999584,4,0,0.000190,0.999584,0.000008,0.000218
data_rand_fold4/Testing/meningioma/Tr-me_0958.jpg,112062,meningioma,meningioma,1,0.998961,4,0,0.001001,0.998961,0.000023,0.000015
data_rand_fold4/Testing/meningioma/Tr-me_0959.jpg,112062,meningioma,meningioma,1,0.998472,4,0,0.001498,0.998472,0.000004,0.000026
data_rand_fold4/Testing/meningioma/Tr-me_0966.jpg,112552,meningioma,meningioma,1,0.996713,4,0,0.002464,0.996713,0.000006,0.000817
data_rand_fold4/Testing/meningioma/Tr-me_0976.jpg,103673,meningioma,meningioma,1,0.997422,4,0,0.000150,0.997422,0.000286,0.002142
data_rand_fold4/Testing/meningioma/Tr-me_0983.jpg,114018,meningioma,meningioma,1,0.999862,4,0,0.000047,0.999862,0.000012,0.000078
data_rand_fold4/Testing/meningioma/Tr-me_0984.jpg,114359,meningioma,meningioma,1,0.999931,4,0,0.000067,0.999931,0.000001,0.000001
data_rand_fold4/Testing/meningioma/Tr-me_0988.jpg,114359,meningioma,meningioma,1,0.999117,4,0,0.000847,0.999117,0.000008,0.000028
data_rand_fold4/Testing/meningioma/Tr-me_0992.jpg,97737,meningioma,meningioma,1,0.999982,4,0,0.000004,0.999982,0.000001,0.000013
data_rand_fold4/Testing/meningioma/Tr-me_0994.jpg,97737,meningioma,meningioma,1,0.999632,4,0,0.000020,0.999632,0.000004,0.000344
data_rand_fold4/Testing/meningioma/Tr-me_0996.jpg,97737,meningioma,meningioma,1,0.999967,4,0,0.000002,0.999967,0.000002,0.000030
data_rand_fold4/Testing/meningioma/Tr-me_0997.jpg,97875,meningioma,glioma,0,0.695649,4,0,0.695649,0.286088,0.000098,0.018165
data_rand_fold4/Testing/meningioma/Tr-me_1005.jpg,98241,meningioma,meningioma,1,0.999902,4,0,0.000001,0.999902,0.000000,0.000097
data_rand_fold4/Testing/meningioma/Tr-me_1010.jpg,103925,meningioma,meningioma,1,0.981871,4,0,0.000302,0.981871,0.000013,0.017814
data_rand_fold4/Testing/meningioma/Tr-me_1012.jpg,99089,meningioma,meningioma,1,0.994657,4,0,0.000155,0.994657,0.000001,0.005187
data_rand_fold4/Testing/meningioma/Tr-me_1014.jpg,99089,meningioma,meningioma,1,0.997283,4,0,0.000042,0.997283,0.000000,0.002675
data_rand_fold4/Testing/meningioma/Tr-me_1017.jpg,99308,meningioma,meningioma,1,0.999884,4,0,0.000028,0.999884,0.000001,0.000088
data_rand_fold4/Testing/meningioma/Tr-me_1020.jpg,99308,meningioma,meningioma,1,0.999836,4,0,0.000012,0.999836,0.000004,0.000148
data_rand_fold4/Testing/meningioma/Tr-me_1032.jpg,101016,meningioma,meningioma,1,0.999574,4,0,0.000003,0.999574,0.000001,0.000421
data_rand_fold4/Testing/meningioma/Tr-me_1049.jpg,102446,meningioma,meningioma,1,0.999818,4,0,0.000098,0.999818,0.000078,0.000006
data_rand_fold4/Testing/meningioma/Tr-me_1050.jpg,102446,meningioma,meningioma,1,0.998648,4,0,0.000638,0.998648,0.000069,0.000645
data_rand_fold4/Testing/meningioma/Tr-me_1052.jpg,104167,meningioma,meningioma,1,0.998776,4,0,0.000083,0.998776,0.000006,0.001134
data_rand_fold4/Testing/meningioma/Tr-me_1078.jpg,104167,meningioma,meningioma,1,0.997574,4,0,0.002263,0.997574,0.000026,0.000137
data_rand_fold4/Testing/meningioma/Tr-me_1087.jpg,104281,meningioma,meningioma,1,0.999824,4,0,0.000107,0.999824,0.000011,0.000058
data_rand_fold4/Testing/meningioma/Tr-me_1089.jpg,105937,meningioma,meningioma,1,0.999988,4,0,0.000001,0.999988,0.000000,0.000011
data_rand_fold4/Testing/meningioma/Tr-me_1090.jpg,106284,meningioma,meningioma,1,0.999895,4,0,0.000000,0.999895,0.000001,0.000104
data_rand_fold4/Testing/meningioma/Tr-me_1101.jpg,106665,meningioma,meningioma,1,0.999954,4,0,0.000014,0.999954,0.000003,0.000029
data_rand_fold4/Testing/meningioma/Tr-me_1108.jpg,106914,meningioma,meningioma,1,0.999855,4,0,0.000115,0.999855,0.000004,0.000026
data_rand_fold4/Testing/meningioma/Tr-me_1109.jpg,106914,meningioma,meningioma,1,0.999929,4,0,0.000066,0.999929,0.000003,0.000002
data_rand_fold4/Testing/meningioma/Tr-me_1110.jpg,106914,meningioma,meningioma,1,0.999777,4,0,0.000201,0.999777,0.000007,0.000015
data_rand_fold4/Testing/meningioma/Tr-me_1125.jpg,108514,meningioma,meningioma,1,0.998898,4,0,0.001092,0.998898,0.000003,0.000006
data_rand_fold4/Testing/meningioma/Tr-me_1130.jpg,108550,meningioma,meningioma,1,0.949739,4,0,0.049317,0.949739,0.000052,0.000892
data_rand_fold4/Testing/meningioma/Tr-me_1132.jpg,108945,meningioma,meningioma,1,0.926253,4,0,0.073452,0.926253,0.000169,0.000126
data_rand_fold4/Testing/meningioma/Tr-me_1134.jpg,108945,meningioma,meningioma,1,0.999992,4,0,0.000005,0.999992,0.000000,0.000002
data_rand_fold4/Testing/meningioma/Tr-me_1139.jpg,109968,meningioma,meningioma,1,0.999983,4,0,0.000011,0.999983,0.000001,0.000004
data_rand_fold4/Testing/meningioma/Tr-me_1145.jpg,111366,meningioma,meningioma,1,0.694754,4,0,0.294769,0.694754,0.000123,0.010354
data_rand_fold4/Testing/meningioma/Tr-me_1148.jpg,111532,meningioma,meningioma,1,0.999777,4,0,0.000191,0.999777,0.000006,0.000026
data_rand_fold4/Testing/meningioma/Tr-me_1149.jpg,111532,meningioma,meningioma,1,0.999806,4,0,0.000039,0.999806,0.000004,0.000150
data_rand_fold4/Testing/meningioma/Tr-me_1152.jpg,111710,meningioma,meningioma,1,0.999318,4,0,0.000639,0.999318,0.000011,0.000032
data_rand_fold4/Testing/meningioma/Tr-me_1156.jpg,112002,meningioma,meningioma,1,0.999704,4,0,0.000021,0.999704,0.000008,0.000267
data_rand_fold4/Testing/meningioma/Tr-me_1158.jpg,112062,meningioma,meningioma,1,0.999992,4,0,0.000001,0.999992,0.000001,0.000006
data_rand_fold4/Testing/meningioma/Tr-me_1170.jpg,112650,meningioma,meningioma,1,0.999212,4,0,0.000611,0.999212,0.000015,0.000162
data_rand_fold4/Testing/meningioma/Tr-me_1173.jpg,113098,meningioma,meningioma,1,0.926512,4,0,0.000402,0.926512,0.000015,0.073071
data_rand_fold4/Testing/meningioma/Tr-me_1176.jpg,113435,meningioma,meningioma,1,0.999828,4,0,0.000034,0.999828,0.000004,0.000133
data_rand_fold4/Testing/meningioma/Tr-me_1178.jpg,113435,meningioma,meningioma,1,0.999994,4,0,0.000002,0.999994,0.000001,0.000003
data_rand_fold4/Testing/meningioma/Tr-me_1180.jpg,113554,meningioma,meningioma,1,0.998165,4,0,0.001729,0.998165,0.000014,0.000092
data_rand_fold4/Testing/meningioma/Tr-me_1182.jpg,113554,meningioma,meningioma,1,0.999265,4,0,0.000275,0.999265,0.000049,0.000411
data_rand_fold4/Testing/meningioma/Tr-me_1187.jpg,106284,meningioma,meningioma,1,0.999886,4,0,0.000004,0.999886,0.000001,0.000109
data_rand_fold4/Testing/meningioma/Tr-me_1193.jpg,114018,meningioma,meningioma,1,0.995231,4,0,0.000029,0.995231,0.000093,0.004646
data_rand_fold4/Testing/meningioma/Tr-me_1195.jpg,106284,meningioma,meningioma,1,0.999908,4,0,0.000005,0.999908,0.000002,0.000085
data_rand_fold4/Testing/meningioma/Tr-me_1203.jpg,97374,meningioma,meningioma,1,0.999998,4,0,0.000000,0.999998,0.000000,0.000001
data_rand_fold4/Testing/meningioma/Tr-me_1210.jpg,97607,meningioma,meningioma,1,0.999929,4,0,0.000040,0.999929,0.000008,0.000022
data_rand_fold4/Testing/meningioma/Tr-me_1214.jpg,97737,meningioma,meningioma,1,0.999960,4,0,0.000001,0.999960,0.000001,0.000038
data_rand_fold4/Testing/meningioma/Tr-me_1220.jpg,97943,meningioma,meningioma,1,0.998278,4,0,0.001144,0.998278,0.000437,0.000142
data_rand_fold4/Testing/meningioma/Tr-me_1228.jpg,99089,meningioma,meningioma,1,0.998931,4,0,0.000121,0.998931,0.000213,0.000736
data_rand_fold4/Testing/meningioma/Tr-me_1234.jpg,99162,meningioma,meningioma,1,0.987288,4,0,0.005306,0.987288,0.001577,0.005829
data_rand_fold4/Testing/meningioma/Tr-me_1237.jpg,99308,meningioma,meningioma,1,0.999776,4,0,0.000067,0.999776,0.000001,0.000155
data_rand_fold4/Testing/meningioma/Tr-me_1256.jpg,106720,meningioma,meningioma,1,0.999991,4,0,0.000001,0.999991,0.000003,0.000004
data_rand_fold4/Testing/meningioma/Tr-me_1263.jpg,101016,meningioma,glioma,0,0.908605,4,0,0.908605,0.075270,0.000237,0.015888
data_rand_fold4/Testing/meningioma/Tr-me_1264.jpg,107190,meningioma,meningioma,1,0.995668,4,0,0.004282,0.995668,0.000043,0.000007
data_rand_fold4/Testing/meningioma/Tr-me_1270.jpg,107248,meningioma,meningioma,1,0.999301,4,0,0.000015,0.999301,0.000002,0.000682
data_rand_fold4/Testing/meningioma/Tr-me_1274.jpg,111366,meningioma,meningioma,1,0.999890,4,0,0.000003,0.999890,0.000004,0.000103
data_rand_fold4/Testing/meningioma/Tr-me_1276.jpg,111366,meningioma,meningioma,1,0.995765,4,0,0.001232,0.995765,0.000017,0.002987
data_rand_fold4/Testing/meningioma/Tr-me_1289.jpg,112062,meningioma,meningioma,1,0.999235,4,0,0.000711,0.999235,0.000023,0.000031
data_rand_fold4/Testing/meningioma/Tr-me_1296.jpg,112552,meningioma,meningioma,1,0.999983,4,0,0.000004,0.999983,0.000000,0.000013
data_rand_fold4/Testing/meningioma/Tr-me_1298.jpg,112552,meningioma,meningioma,1,0.999893,4,0,0.000096,0.999893,0.000000,0.000011
data_rand_fold4/Testing/meningioma/Tr-me_1299.jpg,101016,meningioma,meningioma,1,0.999618,4,0,0.000326,0.999618,0.000044,0.000012
data_rand_fold4/Testing/meningioma/Tr-me_1305.jpg,113435,meningioma,meningioma,1,0.999957,4,0,0.000031,0.999957,0.000001,0.000011
data_rand_fold4/Testing/meningioma/Tr-me_1307.jpg,113435,meningioma,meningioma,1,0.999747,4,0,0.000101,0.999747,0.000001,0.000152
data_rand_fold4/Testing/meningioma/Tr-me_1310.jpg,113435,meningioma,meningioma,1,0.998721,4,0,0.001105,0.998721,0.000044,0.000130
data_rand_fold4/Testing/meningioma/Tr-me_1311.jpg,101127,meningioma,pituitary,0,0.999561,4,0,0.000270,0.000165,0.000004,0.999561
data_rand_fold4/Testing/meningioma/Tr-me_1317.jpg,114018,meningioma,meningioma,1,0.999972,4,0,0.000000,0.999972,0.000000,0.000028
data_rand_fold4/Testing/meningioma/Tr-me_1319.jpg,114018,meningioma,meningioma,1,0.997872,4,0,0.000019,0.997872,0.000002,0.002108
data_rand_fold4/Testing/meningioma/Tr-me_1322.jpg,114359,meningioma,meningioma,1,0.999780,4,0,0.000215,0.999780,0.000001,0.000004
data_rand_fold4/Testing/meningioma/Tr-me_1323.jpg,108514,meningioma,meningioma,1,0.997925,4,0,0.002020,0.997925,0.000008,0.000047
data_rand_fold4/Testing/meningioma/Tr-me_1326.jpg,97607,meningioma,meningioma,1,0.999642,4,0,0.000294,0.999642,0.000043,0.000021
data_rand_fold4/Testing/meningioma/Tr-me_1332.jpg,108514,meningioma,meningioma,1,0.999684,4,0,0.000253,0.999684,0.000002,0.000061
data_rand_fold4/Testing/meningioma/Tr-me_1336.jpg,97875,meningioma,pituitary,0,0.866708,4,0,0.036046,0.097172,0.000074,0.866708
data_rand_fold4/Testing/notumor/Te-no_0105.jpg,nt1026,notumor,notumor,1,0.977067,4,0,0.021387,0.001231,0.977067,0.000315
data_rand_fold4/Testing/notumor/Te-no_0108.jpg,nt1028,notumor,notumor,1,0.976458,4,0,0.020720,0.002698,0.976458,0.000124
data_rand_fold4/Testing/notumor/Te-no_0109.jpg,nt936,notumor,notumor,1,0.998323,4,0,0.001170,0.000355,0.998323,0.000151
data_rand_fold4/Testing/notumor/Te-no_0133.jpg,nt1035,notumor,notumor,1,0.999989,4,0,0.000001,0.000002,0.999989,0.000009
data_rand_fold4/Testing/notumor/Te-no_0147.jpg,nt885,notumor,notumor,1,0.999942,4,0,0.000013,0.000013,0.999942,0.000032
data_rand_fold4/Testing/notumor/Te-no_0153.jpg,nt901,notumor,notumor,1,0.999980,4,0,0.000009,0.000005,0.999980,0.000007
data_rand_fold4/Testing/notumor/Te-no_0159.jpg,nt556,notumor,notumor,1,0.999721,4,0,0.000115,0.000129,0.999721,0.000034
data_rand_fold4/Testing/notumor/Te-no_0162.jpg,nt1042,notumor,notumor,1,0.999829,4,0,0.000002,0.000040,0.999829,0.000128
data_rand_fold4/Testing/notumor/Te-no_0163.jpg,nt1043,notumor,notumor,1,0.999736,4,0,0.000170,0.000083,0.999736,0.000011
data_rand_fold4/Testing/notumor/Te-no_0164.jpg,nt1044,notumor,notumor,1,0.999915,4,0,0.000017,0.000012,0.999915,0.000056
data_rand_fold4/Testing/notumor/Te-no_0167.jpg,nt1045,notumor,notumor,1,0.999996,4,0,0.000003,0.000000,0.999996,0.000001
data_rand_fold4/Testing/notumor/Te-no_0171.jpg,nt576,notumor,notumor,1,0.999931,4,0,0.000031,0.000034,0.999931,0.000004
data_rand_fold4/Testing/notumor/Te-no_0173.jpg,nt593,notumor,notumor,1,0.985634,4,0,0.008270,0.003482,0.985634,0.002614
data_rand_fold4/Testing/notumor/Te-no_0174.jpg,nt856,notumor,notumor,1,0.999828,4,0,0.000057,0.000079,0.999828,0.000036
data_rand_fold4/Testing/notumor/Te-no_0177.jpg,nt1049,notumor,notumor,1,0.999979,4,0,0.000004,0.000017,0.999979,0.000001
data_rand_fold4/Testing/notumor/Te-no_0178.jpg,nt1050,notumor,notumor,1,0.965200,4,0,0.031215,0.003416,0.965200,0.000169
data_rand_fold4/Testing/notumor/Te-no_0179.jpg,nt833,notumor,notumor,1,0.999982,4,0,0.000016,0.000001,0.999982,0.000001
data_rand_fold4/Testing/notumor/Te-no_0180.jpg,nt1051,notumor,notumor,1,0.999733,4,0,0.000258,0.000007,0.999733,0.000002
data_rand_fold4/Testing/notumor/Te-no_0189.jpg,nt589,notumor,notumor,1,0.999855,4,0,0.000026,0.000065,0.999855,0.000054
data_rand_fold4/Testing/notumor/Te-no_0194.jpg,nt347,notumor,notumor,1,0.998316,4,0,0.001674,0.000005,0.998316,0.000006
data_rand_fold4/Testing/notumor/Te-no_0196.jpg,nt1037,notumor,notumor,1,0.999657,4,0,0.000088,0.000092,0.999657,0.000163
data_rand_fold4/Testing/notumor/Te-no_0218.jpg,nt232,notumor,notumor,1,0.998990,4,0,0.000977,0.000022,0.998990,0.000011
data_rand_fold4/Testing/notumor/Te-no_0229.jpg,nt1066,notumor,notumor,1,0.999880,4,0,0.000035,0.000063,0.999880,0.000022
data_rand_fold4/Testing/notumor/Te-no_0243.jpg,nt980,notumor,notumor,1,0.999946,4,0,0.000048,0.000005,0.999946,0.000001
data_rand_fold4/Testing/notumor/Te-no_0249.jpg,nt1072,notumor,notumor,1,0.999992,4,0,0.000001,0.000003,0.999992,0.000003
data_rand_fold4/Testing/notumor/Te-no_0250.jpg,nt873,notumor,notumor,1,0.999020,4,0,0.000079,0.000613,0.999020,0.000288
data_rand_fold4/Testing/notumor/Te-no_0267.jpg,nt1079,notumor,notumor,1,0.999974,4,0,0.000010,0.000011,0.999974,0.000004
data_rand_fold4/Testing/notumor/Te-no_0285.jpg,nt1091,notumor,notumor,1,0.999971,4,0,0.000007,0.000018,0.999971,0.000004
data_rand_fold4/Testing/notumor/Te-no_0295.jpg,nt849,notumor,notumor,1,0.999997,4,0,0.000002,0.000000,0.999997,0.000000
data_rand_fold4/Testing/notumor/Te-no_0298.jpg,nt1096,notumor,notumor,1,0.998116,4,0,0.000118,0.001719,0.998116,0.000047
data_rand_fold4/Testing/notumor/Te-no_0304.jpg,nt880,notumor,notumor,1,0.999938,4,0,0.000003,0.000006,0.999938,0.000053
data_rand_fold4/Testing/notumor/Te-no_0305.jpg,nt820,notumor,notumor,1,0.999265,4,0,0.000037,0.000062,0.999265,0.000637
data_rand_fold4/Testing/notumor/Te-no_0306.jpg,nt704,notumor,notumor,1,0.998499,4,0,0.000002,0.000153,0.998499,0.001345
data_rand_fold4/Testing/notumor/Te-no_0307.jpg,nt758,notumor,notumor,1,0.998170,4,0,0.000711,0.000388,0.998170,0.000731
data_rand_fold4/Testing/notumor/Te-no_0312.jpg,nt1054,notumor,notumor,1,0.999919,4,0,0.000076,0.000005,0.999919,0.000001
data_rand_fold4/Testing/notumor/Te-no_0314.jpg,nt434,notumor,notumor,1,0.999091,4,0,0.000139,0.000748,0.999091,0.000022
data_rand_fold4/Testing/notumor/Te-no_0327.jpg,nt1099,notumor,notumor,1,0.999727,4,0,0.000019,0.000094,0.999727,0.000160
data_rand_fold4/Testing/notumor/Te-no_0328.jpg,nt1100,notumor,notumor,1,0.999745,4,0,0.000011,0.000185,0.999745,0.000059
data_rand_fold4/Testing/notumor/Te-no_0333.jpg,nt316,notumor,notumor,1,0.744723,4,0,0.159454,0.034534,0.744723,0.061289
data_rand_fold4/Testing/notumor/Te-no_0347.jpg,nt1035,notumor,notumor,1,0.999988,4,0,0.000001,0.000002,0.999988,0.000010
data_rand_fold4/Testing/notumor/Te-no_0351.jpg,nt1106,notumor,notumor,1,0.999787,4,0,0.000035,0.000175,0.999787,0.000003
data_rand_fold4/Testing/notumor/Te-no_0353.jpg,nt500,notumor,notumor,1,0.999984,4,0,0.000007,0.000003,0.999984,0.000006
data_rand_fold4/Testing/notumor/Te-no_0357.jpg,nt965,notumor,notumor,1,0.999978,4,0,0.000009,0.000003,0.999978,0.000010
data_rand_fold4/Testing/notumor/Te-no_0359.jpg,nt490,notumor,notumor,1,0.999654,4,0,0.000094,0.000079,0.999654,0.000172
data_rand_fold4/Testing/notumor/Te-no_0363.jpg,nt397,notumor,notumor,1,0.999941,4,0,0.000054,0.000004,0.999941,0.000001
data_rand_fold4/Testing/notumor/Te-no_0382.jpg,nt939,notumor,notumor,1,0.999995,4,0,0.000000,0.000003,0.999995,0.000002
data_rand_fold4/Testing/notumor/Te-no_0385.jpg,nt946,notumor,notumor,1,0.999957,4,0,0.000003,0.000030,0.999957,0.000011
data_rand_fold4/Testing/notumor/Te-no_0389.jpg,nt1031,notumor,notumor,1,0.999271,4,0,0.000109,0.000112,0.999271,0.000508
data_rand_fold4/Testing/notumor/Te-no_0400.jpg,nt925,notumor,notumor,1,0.999641,4,0,0.000015,0.000010,0.999641,0.000334
data_rand_fold4/Testing/notumor/Te-no_0401.jpg,nt927,notumor,notumor,1,0.998983,4,0,0.000706,0.000253,0.998983,0.000058
data_rand_fold4/Testing/notumor/Te-no_0402.jpg,nt929,notumor,notumor,1,0.998060,4,0,0.001918,0.000015,0.998060,0.000007
data_rand_fold4/Testing/notumor/Tr-noTr_0006.jpg,nt6,notumor,notumor,1,0.999964,4,0,0.000008,0.000020,0.999964,0.000008
data_rand_fold4/Testing/notumor/Tr-noTr_0007.jpg,nt7,notumor,notumor,1,0.999904,4,0,0.000026,0.000055,0.999904,0.000015
data_rand_fold4/Testing/notumor/Tr-no_0016.jpg,nt14,notumor,notumor,1,0.999957,4,0,0.000002,0.000008,0.999957,0.000033
data_rand_fold4/Testing/notumor/Tr-no_0038.jpg,nt34,notumor,notumor,1,0.984016,4,0,0.000480,0.015462,0.984016,0.000042
data_rand_fold4/Testing/notumor/Tr-no_0041.jpg,nt37,notumor,notumor,1,0.979778,4,0,0.000782,0.019301,0.979778,0.000139
data_rand_fold4/Testing/notumor/Tr-no_0054.jpg,nt50,notumor,notumor,1,0.999009,4,0,0.000016,0.000873,0.999009,0.000101
data_rand_fold4/Testing/notumor/Tr-no_0057.jpg,nt53,notumor,notumor,1,0.999950,4,0,0.000007,0.000041,0.999950,0.000002
data_rand_fold4/Testing/notumor/Tr-no_0058.jpg,nt54,notumor,notumor,1,0.507912,4,0,0.007019,0.481360,0.507912,0.003708
data_rand_fold4/Testing/notumor/Tr-no_0060.jpg,nt56,notumor,notumor,1,0.996853,4,0,0.000179,0.002738,0.996853,0.000230
data_rand_fold4/Testing/notumor/Tr-no_0064.jpg,nt60,notumor,notumor,1,0.999472,4,0,0.000197,0.000286,0.999472,0.000045
data_rand_fold4/Testing/notumor/Tr-no_0066.jpg,nt62,notumor,notumor,1,0.999933,4,0,0.000026,0.000035,0.999933,0.000005
data_rand_fold4/Testing/notumor/Tr-no_0068.jpg,nt64,notumor,notumor,1,0.999676,4,0,0.000217,0.000087,0.999676,0.000020
data_rand_fold4/Testing/notumor/Tr-no_0080.jpg,nt51,notumor,notumor,1,0.963990,4,0,0.000034,0.034520,0.963990,0.001456
data_rand_fold4/Testing/notumor/Tr-no_0087.jpg,nt77,notumor,notumor,1,0.895187,4,0,0.001803,0.013477,0.895187,0.089533
data_rand_fold4/Testing/notumor/Tr-no_0090.jpg,nt80,notumor,notumor,1,0.998012,4,0,0.000151,0.001753,0.998012,0.000084
data_rand_fold4/Testing/notumor/Tr-no_0093.jpg,nt83,notumor,meningioma,0,0.568147,4,0,0.000196,0.568147,0.031656,0.400001
data_rand_fold4/Testing/notumor/Tr-no_0097.jpg,nt87,notumor,notumor,1,0.999932,4,0,0.000001,0.000039,0.999932,0.000028
data_rand_fold4/Testing/notumor/Tr-no_0101.jpg,nt91,notumor,notumor,1,0.999854,4,0,0.000013,0.000120,0.999854,0.000013
data_rand_fold4/Testing/notumor/Tr-no_0102.jpg,nt92,notumor,notumor,1,0.999660,4,0,0.000004,0.000195,0.999660,0.000141
data_rand_fold4/Testing/notumor/Tr-no_0105.jpg,nt95,notumor,notumor,1,0.998072,4,0,0.001594,0.000207,0.998072,0.000127
data_rand_fold4/Testing/notumor/Tr-no_0107.jpg,nt97,notumor,notumor,1,0.980932,4,0,0.002942,0.009274,0.980932,0.006852
data_rand_fold4/Testing/notumor/Tr-no_0138.jpg,nt119,notumor,notumor,1,0.969236,4,0,0.000318,0.027376,0.969236,0.003070
data_rand_fold4/Testing/notumor/Tr-no_0142.jpg,nt123,notumor,notumor,1,0.994454,4,0,0.000129,0.000081,0.994454,0.005336
data_rand_fold4/Testing/notumor/Tr-no_0144.jpg,nt124,notumor,notumor,1,0.999984,4,0,0.000015,0.000001,0.999984,0.000000
data_rand_fold4/Testing/notumor/Tr-no_0146.jpg,nt126,notumor,notumor,1,0.999746,4,0,0.000225,0.000024,0.999746,0.000005
data_rand_fold4/Testing/notumor/Tr-no_0152.jpg,nt131,notumor,notumor,1,0.999793,4,0,0.000007,0.000170,0.999793,0.000031
data_rand_fold4/Testing/notumor/Tr-no_0156.jpg,nt135,notumor,notumor,1,0.999942,4,0,0.000001,0.000006,0.999942,0.000050
data_rand_fold4/Testing/notumor/Tr-no_0171.jpg,nt148,notumor,notumor,1,0.999992,4,0,0.000001,0.000005,0.999992,0.000003
data_rand_fold4/Testing/notumor/Tr-no_0174.jpg,nt151,notumor,notumor,1,0.832644,4,0,0.000170,0.000918,0.832644,0.166269
data_rand_fold4/Testing/notumor/Tr-no_0193.jpg,nt164,notumor,notumor,1,0.999854,4,0,0.000134,0.000005,0.999854,0.000007
data_rand_fold4/Testing/notumor/Tr-no_0196.jpg,nt167,notumor,notumor,1,0.998606,4,0,0.001066,0.000312,0.998606,0.000016
data_rand_fold4/Testing/notumor/Tr-no_0198.jpg,nt169,notumor,notumor,1,0.950389,4,0,0.025196,0.005546,0.950389,0.018869
data_rand_fold4/Testing/notumor/Tr-no_0207.jpg,nt177,notumor,notumor,1,0.943451,4,0,0.005337,0.013242,0.943451,0.037970
data_rand_fold4/Testing/notumor/Tr-no_0212.jpg,nt182,notumor,notumor,1,0.971442,4,0,0.000264,0.024703,0.971442,0.003591
data_rand_fold4/Testing/notumor/Tr-no_0213.jpg,nt126,notumor,notumor,1,0.999495,4,0,0.000475,0.000023,0.999495,0.000006
data_rand_fold4/Testing/notumor/Tr-no_0220.jpg,nt188,notumor,notumor,1,0.999351,4,0,0.000050,0.000575,0.999351,0.000025
data_rand_fold4/Testing/notumor/Tr-no_0228.jpg,nt193,notumor,notumor,1,0.995994,4,0,0.000291,0.002847,0.995994,0.000867
data_rand_fold4/Testing/notumor/Tr-no_0240.jpg,nt200,notumor,notumor,1,0.814980,4,0,0.000448,0.161341,0.814980,0.023231
data_rand_fold4/Testing/notumor/Tr-no_0241.jpg,nt201,notumor,notumor,1,0.999295,4,0,0.000097,0.000173,0.999295,0.000436
data_rand_fold4/Testing/notumor/Tr-no_0246.jpg,nt204,notumor,notumor,1,0.996658,4,0,0.000008,0.003058,0.996658,0.000276
data_rand_fold4/Testing/notumor/Tr-no_0249.jpg,nt207,notumor,notumor,1,0.691638,4,0,0.105687,0.010063,0.691638,0.192612
data_rand_fold4/Testing/notumor/Tr-no_0263.jpg,nt220,notumor,notumor,1,0.989120,4,0,0.000194,0.009470,0.989120,0.001216
data_rand_fold4/Testing/notumor/Tr-no_0265.jpg,nt222,notumor,notumor,1,0.984112,4,0,0.015006,0.000644,0.984112,0.000237
data_rand_fold4/Testing/notumor/Tr-no_0269.jpg,nt224,notumor,notumor,1,0.999963,4,0,0.000005,0.000025,0.999963,0.000007
data_rand_fold4/Testing/notumor/Tr-no_0271.jpg,nt225,notumor,notumor,1,0.973825,4,0,0.003151,0.021021,0.973825,0.002003
data_rand_fold4/Testing/notumor/Tr-no_0283.jpg,nt234,notumor,notumor,1,0.999565,4,0,0.000016,0.000349,0.999565,0.000070
data_rand_fold4/Testing/notumor/Tr-no_0285.jpg,nt236,notumor,notumor,1,0.995726,4,0,0.000083,0.003796,0.995726,0.000395
data_rand_fold4/Testing/notumor/Tr-no_0288.jpg,nt239,notumor,notumor,1,0.999552,4,0,0.000370,0.000070,0.999552,0.000007
data_rand_fold4/Testing/notumor/Tr-no_0295.jpg,nt244,notumor,notumor,1,0.902253,4,0,0.000080,0.096913,0.902253,0.000754
data_rand_fold4/Testing/notumor/Tr-no_0312.jpg,nt260,notumor,notumor,1,0.999905,4,0,0.000062,0.000002,0.999905,0.000031
data_rand_fold4/Testing/notumor/Tr-no_0340.jpg,nt172,notumor,notumor,1,0.804788,4,0,0.173516,0.021294,0.804788,0.000401
data_rand_fold4/Testing/notumor/Tr-no_0342.jpg,nt273,notumor,notumor,1,0.998091,4,0,0.000397,0.001451,0.998091,0.000061
data_rand_fold4/Testing/notumor/Tr-no_0343.jpg,nt277,notumor,notumor,1,0.996469,4,0,0.000145,0.002643,0.996469,0.000744
data_rand_fold4/Testing/notumor/Tr-no_0348.jpg,nt278,notumor,notumor,1,0.885056,4,0,0.002731,0.095011,0.885056,0.017202
data_rand_fold4/Testing/notumor/Tr-no_0351.jpg,nt280,notumor,notumor,1,0.998933,4,0,0.000144,0.000773,0.998933,0.000151
data_rand_fold4/Testing/notumor/Tr-no_0354.jpg,nt282,notumor,notumor,1,0.803059,4,0,0.000267,0.078259,0.803059,0.118415
data_rand_fold4/Testing/notumor/Tr-no_0355.jpg,nt283,notumor,notumor,1,0.998539,4,0,0.000189,0.001199,0.998539,0.000073
data_rand_fold4/Testing/notumor/Tr-no_0357.jpg,nt285,notumor,notumor,1,0.814136,4,0,0.000006,0.174081,0.814136,0.011777
data_rand_fold4/Testing/notumor/Tr-no_0380.jpg,nt296,notumor,notumor,1,0.995433,4,0,0.000077,0.001184,0.995433,0.003306
data_rand_fold4/Testing/notumor/Tr-no_0397.jpg,nt312,notumor,notumor,1,0.974379,4,0,0.000586,0.025006,0.974379,0.000028
data_rand_fold4/Testing/notumor/Tr-no_0399.jpg,nt314,notumor,notumor,1,0.999666,4,0,0.000094,0.000198,0.999666,0.000042
data_rand_fold4/Testing/notumor/Tr-no_0402.jpg,nt317,notumor,notumor,1,0.999961,4,0,0.000009,0.000008,0.999961,0.000022
data_rand_fold4/Testing/notumor/Tr-no_0406.jpg,nt321,notumor,notumor,1,0.998821,4,0,0.000537,0.000621,0.998821,0.000020
data_rand_fold4/Testing/notumor/Tr-no_0407.jpg,nt322,notumor,notumor,1,0.999998,4,0,0.000000,0.000001,0.999998,0.000002
data_rand_fold4/Testing/notumor/Tr-no_0409.jpg,nt324,notumor,notumor,1,0.999736,4,0,0.000041,0.000110,0.999736,0.000113
data_rand_fold4/Testing/notumor/Tr-no_0411.jpg,nt326,notumor,notumor,1,0.999899,4,0,0.000056,0.000044,0.999899,0.000001
data_rand_fold4/Testing/notumor/Tr-no_0412.jpg,nt327,notumor,notumor,1,0.997903,4,0,0.000227,0.001783,0.997903,0.000087
data_rand_fold4/Testing/notumor/Tr-no_0416.jpg,nt330,notumor,notumor,1,0.999975,4,0,0.000002,0.000009,0.999975,0.000014
data_rand_fold4/Testing/notumor/Tr-no_0419.jpg,nt333,notumor,notumor,1,0.999046,4,0,0.000002,0.000081,0.999046,0.000872
data_rand_fold4/Testing/notumor/Tr-no_0420.jpg,nt334,notumor,notumor,1,0.999918,4,0,0.000041,0.000020,0.999918,0.000022
data_rand_fold4/Testing/notumor/Tr-no_0422.jpg,nt336,notumor,notumor,1,0.999992,4,0,0.000001,0.000001,0.999992,0.000005
data_rand_fold4/Testing/notumor/Tr-no_0425.jpg,nt339,notumor,notumor,1,0.997364,4,0,0.000015,0.001300,0.997364,0.001321
data_rand_fold4/Testing/notumor/Tr-no_0427.jpg,nt341,notumor,notumor,1,0.999885,4,0,0.000062,0.000040,0.999885,0.000013
data_rand_fold4/Testing/notumor/Tr-no_0434.jpg,nt348,notumor,notumor,1,0.997867,4,0,0.000632,0.000804,0.997867,0.000697
data_rand_fold4/Testing/notumor/Tr-no_0437.jpg,nt351,notumor,notumor,1,0.999978,4,0,0.000013,0.000005,0.999978,0.000003
data_rand_fold4/Testing/notumor/Tr-no_0456.jpg,nt370,notumor,notumor,1,0.999801,4,0,0.000067,0.000083,0.999801,0.000049
data_rand_fold4/Testing/notumor/Tr-no_0457.jpg,nt371,notumor,notumor,1,0.999907,4,0,0.000002,0.000075,0.999907,0.000016
data_rand_fold4/Testing/notumor/Tr-no_0459.jpg,nt373,notumor,notumor,1,0.999864,4,0,0.000111,0.000020,0.999864,0.000005
data_rand_fold4/Testing/notumor/Tr-no_0462.jpg,nt376,notumor,notumor,1,0.999760,4,0,0.000033,0.000058,0.999760,0.000149
data_rand_fold4/Testing/notumor/Tr-no_0463.jpg,nt377,notumor,notumor,1,0.998039,4,0,0.001756,0.000186,0.998039,0.000019
data_rand_fold4/Testing/notumor/Tr-no_0464.jpg,nt378,notumor,notumor,1,0.994108,4,0,0.000034,0.002857,0.994108,0.003001
data_rand_fold4/Testing/notumor/Tr-no_0466.jpg,nt380,notumor,notumor,1,0.999998,4,0,0.000001,0.000001,0.999998,0.000000
data_rand_fold4/Testing/notumor/Tr-no_0476.jpg,nt390,notumor,notumor,1,0.998194,4,0,0.001671,0.000049,0.998194,0.000086
data_rand_fold4/Testing/notumor/Tr-no_0478.jpg,nt392,notumor,notumor,1,0.999996,4,0,0.000002,0.000002,0.999996,0.000001
data_rand_fold4/Testing/notumor/Tr-no_0479.jpg,nt393,notumor,notumor,1,0.999692,4,0,0.000153,0.000096,0.999692,0.000059
data_rand_fold4/Testing/notumor/Tr-no_0482.jpg,nt396,notumor,notumor,1,0.999606,4,0,0.000207,0.000094,0.999606,0.000093
data_rand_fold4/Testing/notumor/Tr-no_0491.jpg,nt405,notumor,notumor,1,0.999998,4,0,0.000001,0.000001,0.999998,0.000000
data_rand_fold4/Testing/notumor/Tr-no_0497.jpg,nt411,notumor,notumor,1,0.999965,4,0,0.000029,0.000005,0.999965,0.000001
data_rand_fold4/Testing/notumor/Tr-no_0500.jpg,nt414,notumor,notumor,1,0.997880,4,0,0.000516,0.001355,0.997880,0.000249
data_rand_fold4/Testing/notumor/Tr-no_0502.jpg,nt416,notumor,notumor,1,0.999995,4,0,0.000002,0.000000,0.999995,0.000002
data_rand_fold4/Testing/notumor/Tr-no_0503.jpg,nt417,notumor,notumor,1,0.999774,4,0,0.000054,0.000076,0.999774,0.000096
data_rand_fold4/Testing/notumor/Tr-no_0505.jpg,nt419,notumor,notumor,1,0.999959,4,0,0.000005,0.000035,0.999959,0.000001
data_rand_fold4/Testing/notumor/Tr-no_0512.jpg,nt426,notumor,notumor,1,0.999581,4,0,0.000079,0.000292,0.999581,0.000048
data_rand_fold4/Testing/notumor/Tr-no_0517.jpg,nt431,notumor,notumor,1,0.999416,4,0,0.000524,0.000048,0.999416,0.000013
data_rand_fold4/Testing/notumor/Tr-no_0521.jpg,nt435,notumor,notumor,1,0.999821,4,0,0.000001,0.000169,0.999821,0.000008
data_rand_fold4/Testing/notumor/Tr-no_0523.jpg,nt437,notumor,notumor,1,0.999617,4,0,0.000260,0.000041,0.999617,0.000083
data_rand_fold4/Testing/notumor/Tr-no_0536.jpg,nt448,notumor,notumor,1,0.983513,4,0,0.012172,0.000357,0.983513,0.003958
data_rand_fold4/Testing/notumor/Tr-no_0542.jpg,nt444,notumor,notumor,1,0.999906,4,0,0.000005,0.000020,0.999906,0.000068
data_rand_fold4/Testing/notumor/Tr-no_0544.jpg,nt453,notumor,notumor,1,0.999972,4,0,0.000025,0.000002,0.999972,0.000000
data_rand_fold4/Testing/notumor/Tr-no_0550.jpg,nt143,notumor,notumor,1,0.999922,4,0,0.000002,0.000029,0.999922,0.000047
data_rand_fold4/Testing/notumor/Tr-no_0555.jpg,nt459,notumor,notumor,1,0.998305,4,0,0.000559,0.000479,0.998305,0.000656
data_rand_fold4/Testing/notumor/Tr-no_0560.jpg,nt464,notumor,notumor,1,0.999990,4,0,0.000001,0.000002,0.999990,0.000006
data_rand_fold4/Testing/notumor/Tr-no_0566.jpg,nt190,notumor,notumor,1,0.998672,4,0,0.000488,0.000547,0.998672,0.000293
data_rand_fold4/Testing/notumor/Tr-no_0567.jpg,nt469,notumor,notumor,1,0.999996,4,0,0.000001,0.000001,0.999996,0.000002
data_rand_fold4/Testing/notumor/Tr-no_0568.jpg,nt470,notumor,notumor,1,0.999896,4,0,0.000087,0.000005,0.999896,0.000012
data_rand_fold4/Testing/notumor/Tr-no_0570.jpg,nt137,notumor,notumor,1,0.999975,4,0,0.000012,0.000008,0.999975,0.000006
data_rand_fold4/Testing/notumor/Tr-no_0573.jpg,nt242,notumor,notumor,1,0.999660,4,0,0.000050,0.000127,0.999660,0.000162
data_rand_fold4/Testing/notumor/Tr-no_0574.jpg,nt473,notumor,notumor,1,0.999917,4,0,0.000003,0.000062,0.999917,0.000018
data_rand_fold4/Testing/notumor/Tr-no_0580.jpg,nt477,notumor,notumor,1,0.999788,4,0,0.000009,0.000090,0.999788,0.000113
data_rand_fold4/Testing/notumor/Tr-no_0586.jpg,nt483,notumor,notumor,1,0.999260,4,0,0.000175,0.000180,0.999260,0.000385
data_rand_fold4/Testing/notumor/Tr-no_0590.jpg,nt487,notumor,notumor,1,0.999932,4,0,0.000012,0.000018,0.999932,0.000038
data_rand_fold4/Testing/notumor/Tr-no_0591.jpg,nt488,notumor,notumor,1,0.998641,4,0,0.000370,0.000271,0.998641,0.000717
data_rand_fold4/Testing/notumor/Tr-no_0593.jpg,nt489,notumor,notumor,1,0.999886,4,0,0.000060,0.000038,0.999886,0.000016
data_rand_fold4/Testing/notumor/Tr-no_0599.jpg,nt494,notumor,notumor,1,0.999988,4,0,0.000006,0.000002,0.999988,0.000003
data_rand_fold4/Testing/notumor/Tr-no_0600.jpg,nt495,notumor,notumor,1,0.999903,4,0,0.000038,0.000009,0.999903,0.000049
data_rand_fold4/Testing/notumor/Tr-no_0602.jpg,nt497,notumor,notumor,1,0.998428,4,0,0.001556,0.000008,0.998428,0.000007
data_rand_fold4/Testing/notumor/Tr-no_0606.jpg,nt501,notumor,notumor,1,0.999862,4,0,0.000073,0.000041,0.999862,0.000024
data_rand_fold4/Testing/notumor/Tr-no_0609.jpg,nt504,notumor,notumor,1,0.995810,4,0,0.001674,0.000590,0.995810,0.001926
data_rand_fold4/Testing/notumor/Tr-no_0611.jpg,nt506,notumor,notumor,1,0.999990,4,0,0.000002,0.000002,0.999990,0.000007
data_rand_fold4/Testing/notumor/Tr-no_0616.jpg,nt511,notumor,notumor,1,0.999994,4,0,0.000005,0.000000,0.999994,0.000000
data_rand_fold4/Testing/notumor/Tr-no_0619.jpg,nt514,notumor,notumor,1,0.999870,4,0,0.000038,0.000073,0.999870,0.000018
data_rand_fold4/Testing/notumor/Tr-no_0624.jpg,nt519,notumor,notumor,1,0.999928,4,0,0.000006,0.000041,0.999928,0.000025
data_rand_fold4/Testing/notumor/Tr-no_0625.jpg,nt374,notumor,notumor,1,0.999684,4,0,0.000015,0.000017,0.999684,0.000284
data_rand_fold4/Testing/notumor/Tr-no_0650.jpg,nt540,notumor,notumor,1,0.999420,4,0,0.000490,0.000069,0.999420,0.000021
data_rand_fold4/Testing/notumor/Tr-no_0662.jpg,nt548,notumor,notumor,1,0.999855,4,0,0.000030,0.000075,0.999855,0.000041
data_rand_fold4/Testing/notumor/Tr-no_0665.jpg,nt551,notumor,notumor,1,0.999643,4,0,0.000182,0.000089,0.999643,0.000086
data_rand_fold4/Testing/notumor/Tr-no_0668.jpg,nt554,notumor,notumor,1,0.997018,4,0,0.000388,0.002584,0.997018,0.000010
data_rand_fold4/Testing/notumor/Tr-no_0670.jpg,nt556,notumor,notumor,1,0.999677,4,0,0.000140,0.000134,0.999677,0.000049
data_rand_fold4/Testing/notumor/Tr-no_0682.jpg,nt566,notumor,notumor,1,0.999939,4,0,0.000032,0.000021,0.999939,0.000007
data_rand_fold4/Testing/notumor/Tr-no_0687.jpg,nt571,notumor,notumor,1,0.999916,4,0,0.000003,0.000073,0.999916,0.000008
data_rand_fold4/Testing/notumor/Tr-no_0694.jpg,nt577,notumor,notumor,1,0.999946,4,0,0.000010,0.000012,0.999946,0.000032
data_rand_fold4/Testing/notumor/Tr-no_0699.jpg,nt141,notumor,notumor,1,0.999020,4,0,0.000128,0.000773,0.999020,0.000078
data_rand_fold4/Testing/notumor/Tr-no_0704.jpg,nt579,notumor,notumor,1,0.999997,4,0,0.000002,0.000000,0.999997,0.000001
data_rand_fold4/Testing/notumor/Tr-no_0710.jpg,nt582,notumor,notumor,1,0.999906,4,0,0.000043,0.000033,0.999906,0.000018
data_rand_fold4/Testing/notumor/Tr-no_0719.jpg,nt589,notumor,notumor,1,0.999877,4,0,0.000019,0.000053,0.999877,0.000050
data_rand_fold4/Testing/notumor/Tr-no_0723.jpg,nt590,notumor,notumor,1,0.999829,4,0,0.000035,0.000133,0.999829,0.000002
data_rand_fold4/Testing/notumor/Tr-no_0727.jpg,nt449,notumor,notumor,1,0.987995,4,0,0.001749,0.010195,0.987995,0.000062
data_rand_fold4/Testing/notumor/Tr-no_0729.jpg,nt593,notumor,notumor,1,0.984434,4,0,0.007700,0.004498,0.984434,0.003369
data_rand_fold4/Testing/notumor/Tr-no_0731.jpg,nt594,notumor,notumor,1,0.998272,4,0,0.001000,0.000569,0.998272,0.000158
data_rand_fold4/Testing/notumor/Tr-no_0736.jpg,nt599,notumor,notumor,1,0.999965,4,0,0.000015,0.000005,0.999965,0.000015
data_rand_fold4/Testing/notumor/Tr-no_0739.jpg,nt602,notumor,notumor,1,0.999814,4,0,0.000125,0.000010,0.999814,0.000051
data_rand_fold4/Testing/notumor/Tr-no_0748.jpg,nt610,notumor,notumor,1,0.999970,4,0,0.000024,0.000001,0.999970,0.000005
data_rand_fold4/Testing/notumor/Tr-no_0752.jpg,nt614,notumor,notumor,1,0.999683,4,0,0.000043,0.000048,0.999683,0.000226
data_rand_fold4/Testing/notumor/Tr-no_0760.jpg,nt621,notumor,notumor,1,0.992042,4,0,0.005271,0.000131,0.992042,0.002556
data_rand_fold4/Testing/notumor/Tr-no_0767.jpg,nt626,notumor,notumor,1,0.999992,4,0,0.000005,0.000001,0.999992,0.000001
data_rand_fold4/Testing/notumor/Tr-no_0768.jpg,nt627,notumor,notumor,1,0.999785,4,0,0.000150,0.000036,0.999785,0.000029
data_rand_fold4/Testing/notumor/Tr-no_0790.jpg,nt647,notumor,notumor,1,0.999968,4,0,0.000022,0.000006,0.999968,0.000004
data_rand_fold4/Testing/notumor/Tr-no_0792.jpg,nt648,notumor,notumor,1,0.999674,4,0,0.000218,0.000055,0.999674,0.000053
data_rand_fold4/Testing/notumor/Tr-no_0797.jpg,nt653,notumor,notumor,1,0.999997,4,0,0.000003,0.000000,0.999997,0.000000
data_rand_fold4/Testing/notumor/Tr-no_0798.jpg,nt654,notumor,notumor,1,0.999736,4,0,0.000041,0.000171,0.999736,0.000053
data_rand_fold4/Testing/notumor/Tr-no_0807.jpg,nt662,notumor,notumor,1,0.999991,4,0,0.000003,0.000002,0.999991,0.000003
data_rand_fold4/Testing/notumor/Tr-no_0810.jpg,nt665,notumor,notumor,1,0.999884,4,0,0.000023,0.000030,0.999884,0.000063
data_rand_fold4/Testing/notumor/Tr-no_0820.jpg,nt674,notumor,notumor,1,0.999676,4,0,0.000050,0.000229,0.999676,0.000045
data_rand_fold4/Testing/notumor/Tr-no_0821.jpg,nt675,notumor,notumor,1,0.997472,4,0,0.000626,0.000946,0.997472,0.000956
data_rand_fold4/Testing/notumor/Tr-no_0826.jpg,nt680,notumor,notumor,1,0.999653,4,0,0.000157,0.000136,0.999653,0.000054
data_rand_fold4/Testing/notumor/Tr-no_0833.jpg,nt686,notumor,notumor,1,0.999961,4,0,0.000017,0.000009,0.999961,0.000012
data_rand_fold4/Testing/notumor/Tr-no_0838.jpg,nt691,notumor,notumor,1,0.998869,4,0,0.000632,0.000373,0.998869,0.000126
data_rand_fold4/Testing/notumor/Tr-no_0847.jpg,nt699,notumor,notumor,1,0.999648,4,0,0.000035,0.000228,0.999648,0.000090
data_rand_fold4/Testing/notumor/Tr-no_0850.jpg,nt702,notumor,notumor,1,0.999968,4,0,0.000017,0.000006,0.999968,0.000009
data_rand_fold4/Testing/notumor/Tr-no_0854.jpg,nt706,notumor,notumor,1,0.999969,4,0,0.000019,0.000008,0.999969,0.000004
data_rand_fold4/Testing/notumor/Tr-no_0858.jpg,nt710,notumor,notumor,1,0.999932,4,0,0.000042,0.000018,0.999932,0.000007
data_rand_fold4/Testing/notumor/Tr-no_0866.jpg,nt717,notumor,notumor,1,0.999974,4,0,0.000011,0.000003,0.999974,0.000011
data_rand_fold4/Testing/notumor/Tr-no_0869.jpg,nt720,notumor,notumor,1,0.999922,4,0,0.000038,0.000010,0.999922,0.000031
data_rand_fold4/Testing/notumor/Tr-no_0871.jpg,nt722,notumor,notumor,1,0.999785,4,0,0.000099,0.000032,0.999785,0.000084
data_rand_fold4/Testing/notumor/Tr-no_0876.jpg,nt189,notumor,notumor,1,0.999990,4,0,0.000003,0.000002,0.999990,0.000004
data_rand_fold4/Testing/notumor/Tr-no_0879.jpg,nt728,notumor,notumor,1,0.999524,4,0,0.000062,0.000155,0.999524,0.000259
data_rand_fold4/Testing/notumor/Tr-no_0887.jpg,nt190,notumor,notumor,1,0.997890,4,0,0.000755,0.000928,0.997890,0.000426
data_rand_fold4/Testing/notumor/Tr-no_0891.jpg,nt738,notumor,notumor,1,0.999984,4,0,0.000006,0.000004,0.999984,0.000006
data_rand_fold4/Testing/notumor/Tr-no_0892.jpg,nt739,notumor,notumor,1,0.995576,4,0,0.000278,0.004111,0.995576,0.000035
data_rand_fold4/Testing/notumor/Tr-no_0896.jpg,nt743,notumor,notumor,1,0.999454,4,0,0.000321,0.000170,0.999454,0.000055
data_rand_fold4/Testing/notumor/Tr-no_0903.jpg,nt748,notumor,notumor,1,0.999946,4,0,0.000021,0.000008,0.999946,0.000024
data_rand_fold4/Testing/notumor/Tr-no_0905.jpg,nt750,notumor,notumor,1,0.999998,4,0,0.000001,0.000000,0.999998,0.000001
data_rand_fold4/Testing/notumor/Tr-no_0907.jpg,nt752,notumor,notumor,1,0.999953,4,0,0.000015,0.000010,0.999953,0.000022
data_rand_fold4/Testing/notumor/Tr-no_0910.jpg,nt121,notumor,notumor,1,0.999997,4,0,0.000001,0.000001,0.999997,0.000001
data_rand_fold4/Testing/notumor/Tr-no_0911.jpg,nt755,notumor,notumor,1,0.999988,4,0,0.000008,0.000002,0.999988,0.000002
data_rand_fold4/Testing/notumor/Tr-no_0916.jpg,nt760,notumor,notumor,1,0.999988,4,0,0.000002,0.000005,0.999988,0.000005
data_rand_fold4/Testing/notumor/Tr-no_0919.jpg,nt763,notumor,notumor,1,0.999606,4,0,0.000133,0.000050,0.999606,0.000211
data_rand_fold4/Testing/notumor/Tr-no_0921.jpg,nt168,notumor,notumor,1,0.999969,4,0,0.000024,0.000001,0.999969,0.000006
data_rand_fold4/Testing/notumor/Tr-no_0928.jpg,nt770,notumor,notumor,1,0.999928,4,0,0.000027,0.000017,0.999928,0.000028
data_rand_fold4/Testing/notumor/Tr-no_0930.jpg,nt772,notumor,notumor,1,0.999916,4,0,0.000009,0.000063,0.999916,0.000013
data_rand_fold4/Testing/notumor/Tr-no_0938.jpg,nt779,notumor,notumor,1,0.999973,4,0,0.000018,0.000003,0.999973,0.000006
data_rand_fold4/Testing/notumor/Tr-no_0939.jpg,nt465,notumor,notumor,1,0.999652,4,0,0.000045,0.000297,0.999652,0.000006
data_rand_fold4/Testing/notumor/Tr-no_0941.jpg,nt781,notumor,notumor,1,0.999881,4,0,0.000058,0.000025,0.999881,0.000036
data_rand_fold4/Testing/notumor/Tr-no_0942.jpg,nt782,notumor,notumor,1,0.999486,4,0,0.000204,0.000084,0.999486,0.000226
data_rand_fold4/Testing/notumor/Tr-no_0943.jpg,nt232,notumor,notumor,1,0.998831,4,0,0.001134,0.000021,0.998831,0.000015
data_rand_fold4/Testing/notumor/Tr-no_0944.jpg,nt783,notumor,notumor,1,0.994342,4,0,0.005400,0.000196,0.994342,0.000062
data_rand_fold4/Testing/notumor/Tr-no_0946.jpg,nt785,notumor,notumor,1,0.999942,4,0,0.000022,0.000016,0.999942,0.000019
data_rand_fold4/Testing/notumor/Tr-no_0948.jpg,nt787,notumor,notumor,1,0.999726,4,0,0.000019,0.000023,0.999726,0.000232
data_rand_fold4/Testing/notumor/Tr-no_0951.jpg,nt580,notumor,notumor,1,0.999348,4,0,0.000370,0.000065,0.999348,0.000217
data_rand_fold4/Testing/notumor/Tr-no_0954.jpg,nt792,notumor,notumor,1,0.999903,4,0,0.000060,0.000032,0.999903,0.000005
data_rand_fold4/Testing/notumor/Tr-no_0956.jpg,nt794,notumor,notumor,1,0.999963,4,0,0.000008,0.000006,0.999963,0.000024
data_rand_fold4/Testing/notumor/Tr-no_0959.jpg,nt797,notumor,notumor,1,0.999643,4,0,0.000294,0.000010,0.999643,0.000053
data_rand_fold4/Testing/notumor/Tr-no_0961.jpg,nt798,notumor,notumor,1,0.999991,4,0,0.000006,0.000001,0.999991,0.000002
data_rand_fold4/Testing/notumor/Tr-no_0993.jpg,nt716,notumor,notumor,1,0.987833,4,0,0.006728,0.004202,0.987833,0.001237
data_rand_fold4/Testing/notumor/Tr-no_0995.jpg,nt190,notumor,notumor,1,0.998231,4,0,0.000670,0.000743,0.998231,0.000356
data_rand_fold4/Testing/notumor/Tr-no_1001.jpg,nt128,notumor,notumor,1,0.999939,4,0,0.000048,0.000006,0.999939,0.000007
data_rand_fold4/Testing/notumor/Tr-no_1009.jpg,nt5,notumor,notumor,1,0.999987,4,0,0.000007,0.000002,0.999987,0.000004
data_rand_fold4/Testing/notumor/Tr-no_1010.jpg,nt806,notumor,notumor,1,0.999972,4,0,0.000015,0.000004,0.999972,0.000009
data_rand_fold4/Testing/notumor/Tr-no_1011.jpg,nt251,notumor,notumor,1,0.999684,4,0,0.000015,0.000024,0.999684,0.000278
data_rand_fold4/Testing/notumor/Tr-no_1012.jpg,nt230,notumor,notumor,1,0.999966,4,0,0.000006,0.000004,0.999966,0.000024
data_rand_fold4/Testing/notumor/Tr-no_1015.jpg,nt758,notumor,notumor,1,0.998321,4,0,0.000637,0.000411,0.998321,0.000630
data_rand_fold4/Testing/notumor/Tr-no_1016.jpg,nt137,notumor,notumor,1,0.999977,4,0,0.000011,0.000006,0.999977,0.000006
data_rand_fold4/Testing/notumor/Tr-no_1020.jpg,nt477,notumor,notumor,1,0.999845,4,0,0.000006,0.000060,0.999845,0.000089
data_rand_fold4/Testing/notumor/Tr-no_1022.jpg,nt31,notumor,notumor,1,0.998391,4,0,0.000177,0.000336,0.998391,0.001096
data_rand_fold4/Testing/notumor/Tr-no_1030.jpg,nt132,notumor,notumor,1,1.000000,4,0,0.000000,0.000000,1.000000,0.000000
data_rand_fold4/Testing/notumor/Tr-no_1033.jpg,nt811,notumor,notumor,1,0.974894,4,0,0.021689,0.003074,0.974894,0.000343
data_rand_fold4/Testing/notumor/Tr-no_1036.jpg,nt812,notumor,notumor,1,0.999997,4,0,0.000001,0.000001,0.999997,0.000001
data_rand_fold4/Testing/notumor/Tr-no_1038.jpg,nt141,notumor,notumor,1,0.998841,4,0,0.000164,0.000918,0.998841,0.000077
data_rand_fold4/Testing/notumor/Tr-no_1040.jpg,nt166,notumor,notumor,1,0.999489,4,0,0.000364,0.000120,0.999489,0.000027
data_rand_fold4/Testing/notumor/Tr-no_1045.jpg,nt583,notumor,notumor,1,0.979445,4,0,0.016721,0.003592,0.979445,0.000243
data_rand_fold4/Testing/notumor/Tr-no_1053.jpg,nt815,notumor,notumor,1,0.999686,4,0,0.000020,0.000171,0.999686,0.000123
data_rand_fold4/Testing/notumor/Tr-no_1074.jpg,nt803,notumor,notumor,1,0.993854,4,0,0.000121,0.001132,0.993854,0.004893
data_rand_fold4/Testing/notumor/Tr-no_1075.jpg,nt131,notumor,notumor,1,0.999764,4,0,0.000008,0.000192,0.999764,0.000036
data_rand_fold4/Testing/notumor/Tr-no_1085.jpg,nt146,notumor,notumor,1,0.999612,4,0,0.000002,0.000360,0.999612,0.000026
data_rand_fold4/Testing/notumor/Tr-no_1109.jpg,nt344,notumor,notumor,1,0.973484,4,0,0.011467,0.014321,0.973484,0.000728
data_rand_fold4/Testing/notumor/Tr-no_1124.jpg,nt192,notumor,notumor,1,0.997445,4,0,0.000432,0.001983,0.997445,0.000140
data_rand_fold4/Testing/notumor/Tr-no_1176.jpg,nt824,notumor,notumor,1,0.999693,4,0,0.000297,0.000006,0.999693,0.000004
data_rand_fold4/Testing/notumor/Tr-no_1193.jpg,nt24,notumor,notumor,1,0.999985,4,0,0.000004,0.000005,0.999985,0.000006
data_rand_fold4/Testing/notumor/Tr-no_1198.jpg,nt827,notumor,notumor,1,0.998400,4,0,0.000065,0.000392,0.998400,0.001143
data_rand_fold4/Testing/notumor/Tr-no_1199.jpg,nt477,notumor,notumor,1,0.999810,4,0,0.000008,0.000083,0.999810,0.000100
data_rand_fold4/Testing/notumor/Tr-no_1200.jpg,nt32,notumor,notumor,1,0.994035,4,0,0.001208,0.001786,0.994035,0.002971
data_rand_fold4/Testing/notumor/Tr-no_1206.jpg,nt553,notumor,notumor,1,0.999838,4,0,0.000084,0.000052,0.999838,0.000026
data_rand_fold4/Testing/notumor/Tr-no_1235.jpg,nt843,notumor,notumor,1,0.671371,4,0,0.002122,0.326419,0.671371,0.000088
data_rand_fold4/Testing/notumor/Tr-no_1248.jpg,nt570,notumor,notumor,1,0.999998,4,0,0.000001,0.000001,0.999998,0.000000
data_rand_fold4/Testing/notumor/Tr-no_1249.jpg,nt849,notumor,notumor,1,0.999997,4,0,0.000002,0.000000,0.999997,0.000001
data_rand_fold4/Testing/notumor/Tr-no_1275.jpg,nt865,notumor,notumor,1,0.999686,4,0,0.000179,0.000122,0.999686,0.000012
data_rand_fold4/Testing/notumor/Tr-no_1282.jpg,nt370,notumor,notumor,1,0.999846,4,0,0.000062,0.000053,0.999846,0.000039
data_rand_fold4/Testing/notumor/Tr-no_1283.jpg,nt870,notumor,notumor,1,0.999979,4,0,0.000011,0.000008,0.999979,0.000001
data_rand_fold4/Testing/notumor/Tr-no_1293.jpg,nt878,notumor,notumor,1,0.988659,4,0,0.000667,0.010638,0.988659,0.000036
data_rand_fold4/Testing/notumor/Tr-no_1299.jpg,nt884,notumor,notumor,1,0.999977,4,0,0.000005,0.000006,0.999977,0.000011
data_rand_fold4/Testing/notumor/Tr-no_1302.jpg,nt373,notumor,notumor,1,0.999860,4,0,0.000114,0.000021,0.999860,0.000006
data_rand_fold4/Testing/notumor/Tr-no_1322.jpg,nt899,notumor,notumor,1,0.999865,4,0,0.000043,0.000085,0.999865,0.000007
data_rand_fold4/Testing/notumor/Tr-no_1325.jpg,nt385,notumor,notumor,1,0.999751,4,0,0.000061,0.000063,0.999751,0.000125
data_rand_fold4/Testing/notumor/Tr-no_1332.jpg,nt906,notumor,notumor,1,0.999873,4,0,0.000068,0.000043,0.999873,0.000016
data_rand_fold4/Testing/notumor/Tr-no_1333.jpg,nt907,notumor,notumor,1,0.999917,4,0,0.000018,0.000048,0.999917,0.000017
data_rand_fold4/Testing/notumor/Tr-no_1341.jpg,nt910,notumor,notumor,1,0.999777,4,0,0.000033,0.000142,0.999777,0.000048
data_rand_fold4/Testing/notumor/Tr-no_1346.jpg,nt534,notumor,notumor,1,0.999962,4,0,0.000020,0.000014,0.999962,0.000005
data_rand_fold4/Testing/notumor/Tr-no_1347.jpg,nt912,notumor,notumor,1,0.999999,4,0,0.000000,0.000001,0.999999,0.000000
data_rand_fold4/Testing/notumor/Tr-no_1349.jpg,nt914,notumor,notumor,1,0.993510,4,0,0.005638,0.000333,0.993510,0.000519
data_rand_fold4/Testing/notumor/Tr-no_1378.jpg,nt936,notumor,notumor,1,0.998604,4,0,0.000873,0.000383,0.998604,0.000140
data_rand_fold4/Testing/notumor/Tr-no_1385.jpg,nt940,notumor,notumor,1,0.999874,4,0,0.000038,0.000023,0.999874,0.000065
data_rand_fold4/Testing/notumor/Tr-no_1388.jpg,nt943,notumor,notumor,1,0.999985,4,0,0.000002,0.000009,0.999985,0.000004
data_rand_fold4/Testing/notumor/Tr-no_1389.jpg,nt327,notumor,notumor,1,0.995952,4,0,0.000396,0.003505,0.995952,0.000147
data_rand_fold4/Testing/notumor/Tr-no_1390.jpg,nt944,notumor,notumor,1,0.994646,4,0,0.003329,0.001630,0.994646,0.000395
data_rand_fold4/Testing/notumor/Tr-no_1397.jpg,nt950,notumor,notumor,1,0.999274,4,0,0.000049,0.000072,0.999274,0.000605
data_rand_fold4/Testing/notumor/Tr-no_1398.jpg,nt331,notumor,notumor,1,0.999008,4,0,0.000661,0.000159,0.999008,0.000172
data_rand_fold4/Testing/notumor/Tr-no_1400.jpg,nt951,notumor,notumor,1,0.999878,4,0,0.000115,0.000003,0.999878,0.000004
data_rand_fold4/Testing/notumor/Tr-no_1402.jpg,nt557,notumor,notumor,1,0.999763,4,0,0.000193,0.000014,0.999763,0.000030
data_rand_fold4/Testing/notumor/Tr-no_1404.jpg,nt335,notumor,notumor,1,0.999994,4,0,0.000003,0.000001,0.999994,0.000003
data_rand_fold4/Testing/notumor/Tr-no_1405.jpg,nt337,notumor,notumor,1,0.999988,4,0,0.000001,0.000002,0.999988,0.000008
data_rand_fold4/Testing/notumor/Tr-no_1416.jpg,nt344,notumor,notumor,1,0.984738,4,0,0.006560,0.008002,0.984738,0.000700
data_rand_fold4/Testing/notumor/Tr-no_1430.jpg,nt966,notumor,notumor,1,0.999943,4,0,0.000008,0.000011,0.999943,0.000038
data_rand_fold4/Testing/notumor/Tr-no_1431.jpg,nt967,notumor,notumor,1,0.999918,4,0,0.000006,0.000068,0.999918,0.000008
data_rand_fold4/Testing/notumor/Tr-no_1435.jpg,nt970,notumor,notumor,1,0.999978,4,0,0.000014,0.000006,0.999978,0.000003
data_rand_fold4/Testing/notumor/Tr-no_1440.jpg,nt974,notumor,notumor,1,0.996158,4,0,0.000096,0.003741,0.996158,0.000005
data_rand_fold4/Testing/notumor/Tr-no_1444.jpg,nt976,notumor,notumor,1,0.999798,4,0,0.000198,0.000003,0.999798,0.000001
data_rand_fold4/Testing/notumor/Tr-no_1452.jpg,nt504,notumor,notumor,1,0.992053,4,0,0.002990,0.001116,0.992053,0.003841
data_rand_fold4/Testing/notumor/Tr-no_1453.jpg,nt481,notumor,notumor,1,0.999153,4,0,0.000153,0.000244,0.999153,0.000451
data_rand_fold4/Testing/notumor/Tr-no_1465.jpg,nt489,notumor,notumor,1,0.999887,4,0,0.000060,0.000037,0.999887,0.000016
data_rand_fold4/Testing/notumor/Tr-no_1467.jpg,nt605,notumor,notumor,1,0.999966,4,0,0.000031,0.000002,0.999966,0.000000
data_rand_fold4/Testing/notumor/Tr-no_1476.jpg,nt665,notumor,notumor,1,0.999862,4,0,0.000026,0.000038,0.999862,0.000074
data_rand_fold4/Testing/notumor/Tr-no_1477.jpg,nt585,notumor,notumor,1,0.999941,4,0,0.000008,0.000012,0.999941,0.000039
data_rand_fold4/Testing/notumor/Tr-no_1483.jpg,nt845,notumor,notumor,1,0.999575,4,0,0.000012,0.000020,0.999575,0.000393
data_rand_fold4/Testing/notumor/Tr-no_1484.jpg,nt991,notumor,notumor,1,0.999426,4,0,0.000012,0.000494,0.999426,0.000069
data_rand_fold4/Testing/notumor/Tr-no_1486.jpg,nt393,notumor,notumor,1,0.999293,4,0,0.000383,0.000238,0.999293,0.000086
data_rand_fold4/Testing/notumor/Tr-no_1489.jpg,nt424,notumor,notumor,1,0.999953,4,0,0.000019,0.000007,0.999953,0.000021
data_rand_fold4/Testing/notumor/Tr-no_1490.jpg,nt425,notumor,notumor,1,0.999980,4,0,0.000008,0.000005,0.999980,0.000008
data_rand_fold4/Testing/notumor/Tr-no_1500.jpg,nt884,notumor,notumor,1,0.999979,4,0,0.000005,0.000006,0.999979,0.000010
data_rand_fold4/Testing/notumor/Tr-no_1502.jpg,nt518,notumor,notumor,1,0.999958,4,0,0.000013,0.000018,0.999958,0.000011
data_rand_fold4/Testing/notumor/Tr-no_1504.jpg,nt374,notumor,notumor,1,0.999672,4,0,0.000015,0.000018,0.999672,0.000294
data_rand_fold4/Testing/notumor/Tr-no_1506.jpg,nt434,notumor,notumor,1,0.999341,4,0,0.000135,0.000503,0.999341,0.000020
data_rand_fold4/Testing/notumor/Tr-no_1507.jpg,nt886,notumor,notumor,1,0.997276,4,0,0.000080,0.002580,0.997276,0.000064
data_rand_fold4/Testing/notumor/Tr-no_1508.jpg,nt363,notumor,notumor,1,0.999744,4,0,0.000211,0.000029,0.999744,0.000015
data_rand_fold4/Testing/notumor/Tr-no_1514.jpg,nt998,notumor,notumor,1,0.999911,4,0,0.000049,0.000011,0.999911,0.000028
data_rand_fold4/Testing/notumor/Tr-no_1515.jpg,nt983,notumor,notumor,1,0.999744,4,0,0.000154,0.000097,0.999744,0.000005
data_rand_fold4/Testing/notumor/Tr-no_1519.jpg,nt530,notumor,notumor,1,0.999966,4,0,0.000016,0.000010,0.999966,0.000008
data_rand_fold4/Testing/notumor/Tr-no_1521.jpg,nt910,notumor,notumor,1,0.999787,4,0,0.000034,0.000132,0.999787,0.000047
data_rand_fold4/Testing/notumor/Tr-no_1525.jpg,nt1003,notumor,notumor,1,0.999335,4,0,0.000142,0.000417,0.999335,0.000106
data_rand_fold4/Testing/notumor/Tr-no_1527.jpg,nt537,notumor,notumor,1,0.999827,4,0,0.000057,0.000109,0.999827,0.000007
data_rand_fold4/Testing/notumor/Tr-no_1538.jpg,nt382,notumor,notumor,1,0.999967,4,0,0.000006,0.000007,0.999967,0.000019
data_rand_fold4/Testing/notumor/Tr-no_1539.jpg,nt899,notumor,notumor,1,0.999824,4,0,0.000061,0.000106,0.999824,0.000009
data_rand_fold4/Testing/notumor/Tr-no_1540.jpg,nt1009,notumor,notumor,1,0.999987,4,0,0.000000,0.000005,0.999987,0.000008
data_rand_fold4/Testing/notumor/Tr-no_1544.jpg,nt589,notumor,notumor,1,0.999876,4,0,0.000022,0.000053,0.999876,0.000050
data_rand_fold4/Testing/notumor/Tr-no_1547.jpg,nt323,notumor,notumor,1,0.999750,4,0,0.000187,0.000018,0.999750,0.000045
data_rand_fold4/Testing/notumor/Tr-no_1548.jpg,nt941,notumor,notumor,1,0.999803,4,0,0.000045,0.000054,0.999803,0.000098
data_rand_fold4/Testing/notumor/Tr-no_1552.jpg,nt327,notumor,notumor,1,0.997199,4,0,0.000308,0.002391,0.997199,0.000102
data_rand_fold4/Testing/notumor/Tr-no_1556.jpg,nt329,notumor,notumor,1,0.999690,4,0,0.000001,0.000252,0.999690,0.000057
data_rand_fold4/Testing/notumor/Tr-no_1565.jpg,nt1014,notumor,notumor,1,0.998595,4,0,0.000814,0.000344,0.998595,0.000247
data_rand_fold4/Testing/notumor/Tr-no_1583.jpg,nt921,notumor,notumor,1,0.998646,4,0,0.000003,0.001203,0.998646,0.000149
data_rand_fold4/Testing/notumor/Tr-no_1584.jpg,nt922,notumor,notumor,1,0.998846,4,0,0.000408,0.000485,0.998846,0.000260
data_rand_fold4/Testing/pituitary/Te-piTr_0003.jpg,112746,pituitary,pituitary,1,0.999998,4,0,0.000000,0.000000,0.000002,0.999998
data_rand_fold4/Testing/pituitary/Te-piTr_0007.jpg,114040,pituitary,pituitary,1,0.995167,4,0,0.000652,0.003911,0.000270,0.995167
data_rand_fold4/Testing/pituitary/Te-piTr_0009.jpg,101029,pituitary,pituitary,1,0.999432,4,0,0.000141,0.000267,0.000161,0.999432
data_rand_fold4/Testing/pituitary/Te-pi_0011.jpg,101305,pituitary,pituitary,1,0.999955,4,0,0.000004,0.000041,0.000001,0.999955
data_rand_fold4/Testing/pituitary/Te-pi_0018.jpg,103582,pituitary,pituitary,1,0.999965,4,0,0.000005,0.000027,0.000002,0.999965
data_rand_fold4/Testing/pituitary/Te-pi_0019.jpg,103671,pituitary,pituitary,1,0.999822,4,0,0.000015,0.000162,0.000000,0.999822
data_rand_fold4/Testing/pituitary/Te-pi_0023.jpg,104019,pituitary,pituitary,1,0.999381,4,0,0.000138,0.000481,0.000001,0.999381
data_rand_fold4/Testing/pituitary/Te-pi_0025.jpg,104558,pituitary,pituitary,1,0.999838,4,0,0.000000,0.000161,0.000000,0.999838
data_rand_fold4/Testing/pituitary/Te-pi_0026.jpg,104684,pituitary,pituitary,1,0.999870,4,0,0.000000,0.000084,0.000045,0.999870
data_rand_fold4/Testing/pituitary/Te-pi_0027.jpg,104912,pituitary,pituitary,1,0.999876,4,0,0.000000,0.000124,0.000000,0.999876
data_rand_fold4/Testing/pituitary/Te-pi_0033.jpg,97461,pituitary,pituitary,1,0.999989,4,0,0.000003,0.000007,0.000000,0.999989
data_rand_fold4/Testing/pituitary/Te-pi_0035.jpg,97890,pituitary,pituitary,1,0.999920,4,0,0.000066,0.000007,0.000007,0.999920
data_rand_fold4/Testing/pituitary/Te-pi_0039.jpg,98871,pituitary,pituitary,1,0.999995,4,0,0.000001,0.000003,0.000000,0.999995
data_rand_fold4/Testing/pituitary/Te-pi_0042.jpg,98995,pituitary,pituitary,1,0.999809,4,0,0.000000,0.000189,0.000002,0.999809
data_rand_fold4/Testing/pituitary/Te-pi_0043.jpg,99223,pituitary,pituitary,1,0.999883,4,0,0.000010,0.000106,0.000000,0.999883
data_rand_fold4/Testing/pituitary/Te-pi_0045.jpg,101017,pituitary,pituitary,1,0.999981,4,0,0.000018,0.000001,0.000001,0.999981
data_rand_fold4/Testing/pituitary/Te-pi_0055.jpg,105936,pituitary,pituitary,1,0.999987,4,0,0.000000,0.000007,0.000006,0.999987
data_rand_fold4/Testing/pituitary/Te-pi_0060.jpg,107505,pituitary,pituitary,1,0.999939,4,0,0.000036,0.000022,0.000003,0.999939
data_rand_fold4/Testing/pituitary/Te-pi_0064.jpg,109471,pituitary,pituitary,1,0.999962,4,0,0.000000,0.000038,0.000000,0.999962
data_rand_fold4/Testing/pituitary/Te-pi_0066.jpg,109898,pituitary,pituitary,1,0.993575,4,0,0.000001,0.006404,0.000020,0.993575
data_rand_fold4/Testing/pituitary/Te-pi_0071.jpg,110537,pituitary,pituitary,1,0.996446,4,0,0.000004,0.003316,0.000233,0.996446
data_rand_fold4/Testing/pituitary/Te-pi_0072.jpg,112847,pituitary,pituitary,1,0.999728,4,0,0.000000,0.000272,0.000000,0.999728
data_rand_fold4/Testing/pituitary/Te-pi_0075.jpg,111075,pituitary,pituitary,1,0.999320,4,0,0.000004,0.000676,0.000001,0.999320
data_rand_fold4/Testing/pituitary/Te-pi_0084.jpg,113741,pituitary,pituitary,1,0.999701,4,0,0.000000,0.000297,0.000001,0.999701
data_rand_fold4/Testing/pituitary/Te-pi_0092.jpg,107495,pituitary,pituitary,1,0.999985,4,0,0.000000,0.000014,0.000001,0.999985
data_rand_fold4/Testing/pituitary/Te-pi_0093.jpg,107429,pituitary,pituitary,1,0.999983,4,0,0.000001,0.000012,0.000004,0.999983
data_rand_fold4/Testing/pituitary/Te-pi_0094.jpg,114040,pituitary,pituitary,1,0.998502,4,0,0.000015,0.001459,0.000024,0.998502
data_rand_fold4/Testing/pituitary/Te-pi_0099.jpg,108931,pituitary,pituitary,1,0.999832,4,0,0.000002,0.000073,0.000093,0.999832
data_rand_fold4/Testing/pituitary/Te-pi_0102.jpg,109769,pituitary,pituitary,1,0.999995,4,0,0.000000,0.000003,0.000001,0.999995
data_rand_fold4/Testing/pituitary/Te-pi_0109.jpg,111075,pituitary,pituitary,1,0.999848,4,0,0.000002,0.000144,0.000005,0.999848
data_rand_fold4/Testing/pituitary/Te-pi_0112.jpg,106062,pituitary,pituitary,1,0.976692,4,0,0.000001,0.023221,0.000086,0.976692
data_rand_fold4/Testing/pituitary/Te-pi_0113.jpg,112074,pituitary,pituitary,1,0.999975,4,0,0.000001,0.000024,0.000000,0.999975
data_rand_fold4/Testing/pituitary/Te-pi_0114.jpg,112649,pituitary,pituitary,1,0.999498,4,0,0.000270,0.000192,0.000040,0.999498
data_rand_fold4/Testing/pituitary/Te-pi_0131.jpg,109769,pituitary,pituitary,1,0.998775,4,0,0.000003,0.001179,0.000043,0.998775
data_rand_fold4/Testing/pituitary/Te-pi_0132.jpg,109898,pituitary,pituitary,1,0.998084,4,0,0.000000,0.001913,0.000002,0.998084
data_rand_fold4/Testing/pituitary/Te-pi_0133.jpg,109898,pituitary,pituitary,1,0.999352,4,0,0.000012,0.000635,0.000001,0.999352
data_rand_fold4/Testing/pituitary/Te-pi_0146.jpg,101724,pituitary,pituitary,1,0.999706,4,0,0.000003,0.000283,0.000009,0.999706
data_rand_fold4/Testing/pituitary/Te-pi_0166.jpg,104684,pituitary,pituitary,1,0.999987,4,0,0.000000,0.000004,0.000008,0.999987
data_rand_fold4/Testing/pituitary/Te-pi_0167.jpg,104684,pituitary,pituitary,1,0.999346,4,0,0.000002,0.000649,0.000004,0.999346
data_rand_fold4/Testing/pituitary/Te-pi_0170.jpg,105187,pituitary,pituitary,1,0.999930,4,0,0.000004,0.000058,0.000008,0.999930
data_rand_fold4/Testing/pituitary/Te-pi_0174.jpg,97416,pituitary,pituitary,1,0.997272,4,0,0.000015,0.002708,0.000005,0.997272
data_rand_fold4/Testing/pituitary/Te-pi_0175.jpg,97416,pituitary,pituitary,1,0.999877,4,0,0.000001,0.000096,0.000026,0.999877
data_rand_fold4/Testing/pituitary/Te-pi_0182.jpg,98652,pituitary,pituitary,1,0.997724,4,0,0.000021,0.002102,0.000152,0.997724
data_rand_fold4/Testing/pituitary/Te-pi_0183.jpg,98871,pituitary,pituitary,1,0.999790,4,0,0.000007,0.000202,0.000000,0.999790
data_rand_fold4/Testing/pituitary/Te-pi_0187.jpg,98992,pituitary,pituitary,1,0.998945,4,0,0.000022,0.001032,0.000000,0.998945
data_rand_fold4/Testing/pituitary/Te-pi_0197.jpg,101305,pituitary,pituitary,1,0.999972,4,0,0.000004,0.000023,0.000001,0.999972
data_rand_fold4/Testing/pituitary/Te-pi_0201.jpg,103046,pituitary,pituitary,1,0.999888,4,0,0.000041,0.000055,0.000016,0.999888
data_rand_fold4/Testing/pituitary/Te-pi_0204.jpg,103478,pituitary,pituitary,1,0.999921,4,0,0.000018,0.000012,0.000049,0.999921
data_rand_fold4/Testing/pituitary/Te-pi_0207.jpg,103582,pituitary,pituitary,1,0.860109,4,0,0.001370,0.138057,0.000465,0.860109
data_rand_fold4/Testing/pituitary/Te-pi_0213.jpg,104019,pituitary,pituitary,1,0.999996,4,0,0.000001,0.000001,0.000001,0.999996
data_rand_fold4/Testing/pituitary/Te-pi_0226.jpg,97461,pituitary,pituitary,1,0.999489,4,0,0.000260,0.000132,0.000119,0.999489
data_rand_fold4/Testing/pituitary/Te-pi_0228.jpg,97461,pituitary,pituitary,1,0.999946,4,0,0.000007,0.000035,0.000012,0.999946
data_rand_fold4/Testing/pituitary/Te-pi_0239.jpg,107743,pituitary,pituitary,1,0.999686,4,0,0.000042,0.000157,0.000115,0.999686
data_rand_fold4/Testing/pituitary/Te-pi_0240.jpg,98995,pituitary,pituitary,1,0.999876,4,0,0.000034,0.000081,0.000009,0.999876
data_rand_fold4/Testing/pituitary/Te-pi_0265.jpg,112746,pituitary,pituitary,1,0.999653,4,0,0.000012,0.000335,0.000000,0.999653
data_rand_fold4/Testing/pituitary/Te-pi_0267.jpg,104558,pituitary,pituitary,1,0.999921,4,0,0.000005,0.000072,0.000002,0.999921
data_rand_fold4/Testing/pituitary/Te-pi_0268.jpg,104558,pituitary,pituitary,1,0.999849,4,0,0.000000,0.000151,0.000000,0.999849
data_rand_fold4/Testing/pituitary/Te-pi_0274.jpg,105187,pituitary,pituitary,1,0.999990,4,0,0.000000,0.000009,0.000001,0.999990
data_rand_fold4/Testing/pituitary/Te-pi_0284.jpg,97481,pituitary,pituitary,1,0.999999,4,0,0.000000,0.000000,0.000000,0.999999
data_rand_fold4/Testing/pituitary/Te-pi_0291.jpg,98874,pituitary,pituitary,1,0.999855,4,0,0.000009,0.000112,0.000024,0.999855
data_rand_fold4/Testing/pituitary/Te-pi_0296.jpg,98992,pituitary,pituitary,1,0.999994,4,0,0.000001,0.000005,0.000000,0.999994
data_rand_fold4/Testing/pituitary/Tr-pi_0015.jpg,98992,pituitary,pituitary,1,0.999911,4,0,0.000020,0.000052,0.000016,0.999911
data_rand_fold4/Testing/pituitary/Tr-pi_0050.jpg,104019,pituitary,pituitary,1,0.999999,4,0,0.000000,0.000000,0.000000,0.999999
data_rand_fold4/Testing/pituitary/Tr-pi_0055.jpg,104558,pituitary,pituitary,1,0.999992,4,0,0.000000,0.000008,0.000000,0.999992
data_rand_fold4/Testing/pituitary/Tr-pi_0063.jpg,104684,pituitary,pituitary,1,0.999998,4,0,0.000000,0.000001,0.000001,0.999998
data_rand_fold4/Testing/pituitary/Tr-pi_0070.jpg,104912,pituitary,pituitary,1,0.999986,4,0,0.000010,0.000003,0.000001,0.999986
data_rand_fold4/Testing/pituitary/Tr-pi_0086.jpg,105538,pituitary,pituitary,1,0.911584,4,0,0.003974,0.082536,0.001906,0.911584
data_rand_fold4/Testing/pituitary/Tr-pi_0088.jpg,105638,pituitary,pituitary,1,0.999981,4,0,0.000001,0.000006,0.000013,0.999981
data_rand_fold4/Testing/pituitary/Tr-pi_0089.jpg,114040,pituitary,pituitary,1,0.997783,4,0,0.000003,0.002177,0.000037,0.997783
data_rand_fold4/Testing/pituitary/Tr-pi_0090.jpg,105638,pituitary,pituitary,1,0.999973,4,0,0.000001,0.000005,0.000022,0.999973
data_rand_fold4/Testing/pituitary/Tr-pi_0095.jpg,97416,pituitary,pituitary,1,0.999951,4,0,0.000007,0.000040,0.000003,0.999951
data_rand_fold4/Testing/pituitary/Tr-pi_0098.jpg,97416,pituitary,pituitary,1,1.000000,4,0,0.000000,0.000000,0.000000,1.000000
data_rand_fold4/Testing/pituitary/Tr-pi_0100.jpg,114040,pituitary,pituitary,1,0.999774,4,0,0.000002,0.000222,0.000002,0.999774
data_rand_fold4/Testing/pituitary/Tr-pi_0102.jpg,97461,pituitary,pituitary,1,0.999980,4,0,0.000000,0.000013,0.000007,0.999980
data_rand_fold4/Testing/pituitary/Tr-pi_0104.jpg,97461,pituitary,pituitary,1,0.999812,4,0,0.000007,0.000109,0.000072,0.999812
data_rand_fold4/Testing/pituitary/Tr-pi_0116.jpg,97890,pituitary,pituitary,1,0.999925,4,0,0.000000,0.000002,0.000073,0.999925
data_rand_fold4/Testing/pituitary/Tr-pi_0118.jpg,97890,pituitary,pituitary,1,0.999805,4,0,0.000004,0.000044,0.000146,0.999805
data_rand_fold4/Testing/pituitary/Tr-pi_0121.jpg,98472,pituitary,pituitary,1,0.973729,4,0,0.000007,0.025735,0.000530,0.973729
data_rand_fold4/Testing/pituitary/Tr-pi_0124.jpg,98472,pituitary,pituitary,1,0.999730,4,0,0.000009,0.000209,0.000052,0.999730
data_rand_fold4/Testing/pituitary/Tr-pi_0125.jpg,98472,pituitary,pituitary,1,0.999960,4,0,0.000001,0.000033,0.000006,0.999960
data_rand_fold4/Testing/pituitary/Tr-pi_0136.jpg,98874,pituitary,pituitary,1,0.999842,4,0,0.000002,0.000135,0.000020,0.999842
data_rand_fold4/Testing/pituitary/Tr-pi_0149.jpg,98992,pituitary,pituitary,1,0.999963,4,0,0.000000,0.000035,0.000002,0.999963
data_rand_fold4/Testing/pituitary/Tr-pi_0153.jpg,98992,pituitary,pituitary,1,0.999944,4,0,0.000000,0.000054,0.000002,0.999944
data_rand_fold4/Testing/pituitary/Tr-pi_0161.jpg,99223,pituitary,pituitary,1,0.999964,4,0,0.000007,0.000027,0.000001,0.999964
data_rand_fold4/Testing/pituitary/Tr-pi_0165.jpg,99223,pituitary,pituitary,1,0.999916,4,0,0.000024,0.000047,0.000013,0.999916
data_rand_fold4/Testing/pituitary/Tr-pi_0167.jpg,114094,pituitary,pituitary,1,0.999980,4,0,0.000000,0.000020,0.000000,0.999980
data_rand_fold4/Testing/pituitary/Tr-pi_0175.jpg,101029,pituitary,pituitary,1,0.999948,4,0,0.000000,0.000010,0.000042,0.999948
data_rand_fold4/Testing/pituitary/Tr-pi_0180.jpg,101029,pituitary,pituitary,1,0.999991,4,0,0.000000,0.000002,0.000007,0.999991
data_rand_fold4/Testing/pituitary/Tr-pi_0189.jpg,101017,pituitary,pituitary,1,0.999989,4,0,0.000000,0.000011,0.000001,0.999989
data_rand_fold4/Testing/pituitary/Tr-pi_0191.jpg,101724,pituitary,pituitary,1,0.998491,4,0,0.000154,0.000193,0.001162,0.998491
data_rand_fold4/Testing/pituitary/Tr-pi_0197.jpg,102648,pituitary,pituitary,1,0.999979,4,0,0.000002,0.000014,0.000005,0.999979
data_rand_fold4/Testing/pituitary/Tr-pi_0198.jpg,102648,pituitary,pituitary,1,0.999994,4,0,0.000001,0.000001,0.000004,0.999994
data_rand_fold4/Testing/pituitary/Tr-pi_0199.jpg,102648,pituitary,pituitary,1,0.999993,4,0,0.000000,0.000002,0.000004,0.999993
data_rand_fold4/Testing/pituitary/Tr-pi_0202.jpg,102648,pituitary,pituitary,1,0.999876,4,0,0.000002,0.000104,0.000018,0.999876
data_rand_fold4/Testing/pituitary/Tr-pi_0207.jpg,103257,pituitary,pituitary,1,0.985990,4,0,0.000026,0.013581,0.000404,0.985990
data_rand_fold4/Testing/pituitary/Tr-pi_0211.jpg,101029,pituitary,pituitary,1,0.985585,4,0,0.001351,0.012954,0.000110,0.985585
data_rand_fold4/Testing/pituitary/Tr-pi_0213.jpg,103257,pituitary,pituitary,1,0.998813,4,0,0.000043,0.000711,0.000433,0.998813
data_rand_fold4/Testing/pituitary/Tr-pi_0218.jpg,103478,pituitary,pituitary,1,0.999963,4,0,0.000006,0.000023,0.000008,0.999963
data_rand_fold4/Testing/pituitary/Tr-pi_0225.jpg,103582,pituitary,pituitary,1,0.999840,4,0,0.000001,0.000113,0.000046,0.999840
data_rand_fold4/Testing/pituitary/Tr-pi_0230.jpg,103582,pituitary,pituitary,1,0.999998,4,0,0.000000,0.000001,0.000000,0.999998
data_rand_fold4/Testing/pituitary/Tr-pi_0231.jpg,103582,pituitary,pituitary,1,0.999980,4,0,0.000000,0.000017,0.000003,0.999980
data_rand_fold4/Testing/pituitary/Tr-pi_0240.jpg,103671,pituitary,pituitary,1,0.999999,4,0,0.000000,0.000001,0.000000,0.999999
data_rand_fold4/Testing/pituitary/Tr-pi_0247.jpg,103731,pituitary,pituitary,1,0.999916,4,0,0.000001,0.000073,0.000010,0.999916
data_rand_fold4/Testing/pituitary/Tr-pi_0248.jpg,103731,pituitary,pituitary,1,0.999725,4,0,0.000008,0.000127,0.000139,0.999725
data_rand_fold4/Testing/pituitary/Tr-pi_0249.jpg,103837,pituitary,pituitary,1,0.998927,4,0,0.000006,0.000198,0.000869,0.998927
data_rand_fold4/Testing/pituitary/Tr-pi_0254.jpg,103671,pituitary,pituitary,1,0.999994,4,0,0.000001,0.000002,0.000003,0.999994
data_rand_fold4/Testing/pituitary/Tr-pi_0257.jpg,103731,pituitary,pituitary,1,0.999696,4,0,0.000028,0.000268,0.000009,0.999696
data_rand_fold4/Testing/pituitary/Tr-pi_0263.jpg,103837,pituitary,pituitary,1,0.956488,4,0,0.006041,0.018487,0.018985,0.956488
data_rand_fold4/Testing/pituitary/Tr-pi_0266.jpg,104019,pituitary,pituitary,1,0.999997,4,0,0.000000,0.000001,0.000001,0.999997
data_rand_fold4/Testing/pituitary/Tr-pi_0271.jpg,104558,pituitary,pituitary,1,0.999719,4,0,0.000005,0.000272,0.000004,0.999719
data_rand_fold4/Testing/pituitary/Tr-pi_0279.jpg,104684,pituitary,pituitary,1,0.999822,4,0,0.000020,0.000102,0.000056,0.999822
data_rand_fold4/Testing/pituitary/Tr-pi_0284.jpg,104912,pituitary,pituitary,1,0.999992,4,0,0.000000,0.000005,0.000002,0.999992
data_rand_fold4/Testing/pituitary/Tr-pi_0289.jpg,106062,pituitary,pituitary,1,0.999953,4,0,0.000018,0.000010,0.000019,0.999953
data_rand_fold4/Testing/pituitary/Tr-pi_0296.jpg,105638,pituitary,pituitary,1,0.983451,4,0,0.000249,0.015711,0.000590,0.983451
data_rand_fold4/Testing/pituitary/Tr-pi_0297.jpg,97416,pituitary,pituitary,1,0.999985,4,0,0.000003,0.000004,0.000007,0.999985
data_rand_fold4/Testing/pituitary/Tr-pi_0301.jpg,97416,pituitary,pituitary,1,1.000000,4,0,0.000000,0.000000,0.000000,1.000000
data_rand_fold4/Testing/pituitary/Tr-pi_0304.jpg,97416,pituitary,pituitary,1,0.999816,4,0,0.000026,0.000041,0.000118,0.999816
data_rand_fold4/Testing/pituitary/Tr-pi_0327.jpg,98472,pituitary,pituitary,1,0.999661,4,0,0.000004,0.000327,0.000009,0.999661
data_rand_fold4/Testing/pituitary/Tr-pi_0334.jpg,107495,pituitary,pituitary,1,0.999980,4,0,0.000002,0.000015,0.000003,0.999980
data_rand_fold4/Testing/pituitary/Tr-pi_0335.jpg,98871,pituitary,pituitary,1,0.999913,4,0,0.000039,0.000039,0.000008,0.999913
data_rand_fold4/Testing/pituitary/Tr-pi_0344.jpg,107429,pituitary,pituitary,1,0.999982,4,0,0.000000,0.000011,0.000007,0.999982
data_rand_fold4/Testing/pituitary/Tr-pi_0350.jpg,107429,pituitary,pituitary,1,0.999988,4,0,0.000000,0.000009,0.000003,0.999988
data_rand_fold4/Testing/pituitary/Tr-pi_0352.jpg,107505,pituitary,pituitary,1,0.999319,4,0,0.000130,0.000424,0.000126,0.999319
data_rand_fold4/Testing/pituitary/Tr-pi_0357.jpg,108858,pituitary,pituitary,1,0.999719,4,0,0.000004,0.000259,0.000017,0.999719
data_rand_fold4/Testing/pituitary/Tr-pi_0359.jpg,108858,pituitary,pituitary,1,0.995790,4,0,0.000105,0.003758,0.000346,0.995790
data_rand_fold4/Testing/pituitary/Tr-pi_0366.jpg,109471,pituitary,pituitary,1,0.999079,4,0,0.000002,0.000099,0.000819,0.999079
data_rand_fold4/Testing/pituitary/Tr-pi_0371.jpg,109471,pituitary,pituitary,1,0.999999,4,0,0.000000,0.000000,0.000000,0.999999
data_rand_fold4/Testing/pituitary/Tr-pi_0372.jpg,109471,pituitary,pituitary,1,0.999992,4,0,0.000000,0.000005,0.000003,0.999992
data_rand_fold4/Testing/pituitary/Tr-pi_0384.jpg,110537,pituitary,pituitary,1,0.999794,4,0,0.000005,0.000143,0.000057,0.999794
data_rand_fold4/Testing/pituitary/Tr-pi_0385.jpg,110537,pituitary,pituitary,1,0.996371,4,0,0.000061,0.002971,0.000597,0.996371
data_rand_fold4/Testing/pituitary/Tr-pi_0386.jpg,110537,pituitary,pituitary,1,0.999545,4,0,0.000010,0.000252,0.000193,0.999545
data_rand_fold4/Testing/pituitary/Tr-pi_0389.jpg,112746,pituitary,pituitary,1,0.999261,4,0,0.000010,0.000723,0.000006,0.999261
data_rand_fold4/Testing/pituitary/Tr-pi_0394.jpg,111125,pituitary,pituitary,1,0.999762,4,0,0.000003,0.000063,0.000172,0.999762
data_rand_fold4/Testing/pituitary/Tr-pi_0399.jpg,111785,pituitary,pituitary,1,0.999741,4,0,0.000010,0.000249,0.000001,0.999741
data_rand_fold4/Testing/pituitary/Tr-pi_0405.jpg,112074,pituitary,pituitary,1,0.999936,4,0,0.000020,0.000041,0.000003,0.999936
data_rand_fold4/Testing/pituitary/Tr-pi_0411.jpg,112746,pituitary,pituitary,1,0.998419,4,0,0.000056,0.001445,0.000080,0.998419
data_rand_fold4/Testing/pituitary/Tr-pi_0412.jpg,107495,pituitary,pituitary,1,0.998720,4,0,0.000008,0.000858,0.000413,0.998720
data_rand_fold4/Testing/pituitary/Tr-pi_0419.jpg,107505,pituitary,pituitary,1,0.999791,4,0,0.000018,0.000161,0.000030,0.999791
data_rand_fold4/Testing/pituitary/Tr-pi_0424.jpg,107743,pituitary,pituitary,1,0.998272,4,0,0.000484,0.001127,0.000117,0.998272
data_rand_fold4/Testing/pituitary/Tr-pi_0425.jpg,107743,pituitary,pituitary,1,0.999859,4,0,0.000023,0.000085,0.000034,0.999859
data_rand_fold4/Testing/pituitary/Tr-pi_0437.jpg,109471,pituitary,pituitary,1,0.999384,4,0,0.000244,0.000082,0.000291,0.999384
data_rand_fold4/Testing/pituitary/Tr-pi_0442.jpg,109769,pituitary,pituitary,1,0.999232,4,0,0.000103,0.000410,0.000255,0.999232
data_rand_fold4/Testing/pituitary/Tr-pi_0443.jpg,109769,pituitary,pituitary,1,0.996804,4,0,0.000018,0.003002,0.000176,0.996804
data_rand_fold4/Testing/pituitary/Tr-pi_0462.jpg,110993,pituitary,pituitary,1,0.999991,4,0,0.000001,0.000005,0.000002,0.999991
data_rand_fold4/Testing/pituitary/Tr-pi_0465.jpg,110993,pituitary,pituitary,1,0.999993,4,0,0.000000,0.000002,0.000005,0.999993
data_rand_fold4/Testing/pituitary/Tr-pi_0478.jpg,113274,pituitary,pituitary,1,0.999786,4,0,0.000023,0.000011,0.000179,0.999786
data_rand_fold4/Testing/pituitary/Tr-pi_0486.jpg,112074,pituitary,pituitary,1,0.999791,4,0,0.000106,0.000099,0.000003,0.999791
data_rand_fold4/Testing/pituitary/Tr-pi_0492.jpg,112649,pituitary,pituitary,1,0.999986,4,0,0.000004,0.000008,0.000002,0.999986
data_rand_fold4/Testing/pituitary/Tr-pi_0504.jpg,112746,pituitary,pituitary,1,0.999896,4,0,0.000001,0.000103,0.000000,0.999896
data_rand_fold4/Testing/pituitary/Tr-pi_0509.jpg,112847,pituitary,pituitary,1,0.999962,4,0,0.000000,0.000038,0.000000,0.999962
data_rand_fold4/Testing/pituitary/Tr-pi_0511.jpg,113741,pituitary,pituitary,1,0.999936,4,0,0.000006,0.000026,0.000032,0.999936
data_rand_fold4/Testing/pituitary/Tr-pi_0512.jpg,113274,pituitary,pituitary,1,0.999856,4,0,0.000000,0.000144,0.000000,0.999856
data_rand_fold4/Testing/pituitary/Tr-pi_0519.jpg,113741,pituitary,pituitary,1,0.999906,4,0,0.000001,0.000078,0.000016,0.999906
data_rand_fold4/Testing/pituitary/Tr-pi_0525.jpg,112746,pituitary,pituitary,1,0.999963,4,0,0.000006,0.000029,0.000002,0.999963
data_rand_fold4/Testing/pituitary/Tr-pi_0536.jpg,114040,pituitary,pituitary,1,0.999432,4,0,0.000115,0.000392,0.000060,0.999432
data_rand_fold4/Testing/pituitary/Tr-pi_0537.jpg,114040,pituitary,pituitary,1,0.999705,4,0,0.000202,0.000064,0.000029,0.999705
data_rand_fold4/Testing/pituitary/Tr-pi_0540.jpg,114361,pituitary,pituitary,1,0.999999,4,0,0.000000,0.000001,0.000001,0.999999
data_rand_fold4/Testing/pituitary/Tr-pi_0542.jpg,114094,pituitary,pituitary,1,0.999856,4,0,0.000009,0.000108,0.000026,0.999856
data_rand_fold4/Testing/pituitary/Tr-pi_0546.jpg,114040,pituitary,pituitary,1,0.998757,4,0,0.000216,0.000972,0.000055,0.998757
data_rand_fold4/Testing/pituitary/Tr-pi_0552.jpg,101724,pituitary,pituitary,1,0.999648,4,0,0.000005,0.000329,0.000018,0.999648
data_rand_fold4/Testing/pituitary/Tr-pi_0555.jpg,102648,pituitary,pituitary,1,1.000000,4,0,0.000000,0.000000,0.000000,1.000000
data_rand_fold4/Testing/pituitary/Tr-pi_0557.jpg,102648,pituitary,pituitary,1,0.999999,4,0,0.000000,0.000001,0.000000,0.999999
data_rand_fold4/Testing/pituitary/Tr-pi_0562.jpg,103257,pituitary,pituitary,1,0.999924,4,0,0.000000,0.000076,0.000000,0.999924
data_rand_fold4/Testing/pituitary/Tr-pi_0566.jpg,103478,pituitary,pituitary,1,0.999267,4,0,0.000029,0.000702,0.000003,0.999267
data_rand_fold4/Testing/pituitary/Tr-pi_0574.jpg,103582,pituitary,pituitary,1,0.999956,4,0,0.000003,0.000041,0.000000,0.999956
data_rand_fold4/Testing/pituitary/Tr-pi_0580.jpg,114361,pituitary,pituitary,1,0.999715,4,0,0.000059,0.000117,0.000109,0.999715
data_rand_fold4/Testing/pituitary/Tr-pi_0586.jpg,103731,pituitary,pituitary,1,0.999922,4,0,0.000010,0.000063,0.000005,0.999922
data_rand_fold4/Testing/pituitary/Tr-pi_0588.jpg,114361,pituitary,pituitary,1,0.999685,4,0,0.000063,0.000166,0.000086,0.999685
data_rand_fold4/Testing/pituitary/Tr-pi_0590.jpg,103837,pituitary,pituitary,1,0.999955,4,0,0.000000,0.000019,0.000026,0.999955
data_rand_fold4/Testing/pituitary/Tr-pi_0592.jpg,104019,pituitary,pituitary,1,0.999983,4,0,0.000001,0.000016,0.000000,0.999983
data_rand_fold4/Testing/pituitary/Tr-pi_0594.jpg,104019,pituitary,pituitary,1,0.999958,4,0,0.000003,0.000035,0.000004,0.999958
data_rand_fold4/Testing/pituitary/Tr-pi_0598.jpg,104558,pituitary,pituitary,1,0.999939,4,0,0.000004,0.000056,0.000001,0.999939
data_rand_fold4/Testing/pituitary/Tr-pi_0600.jpg,104558,pituitary,pituitary,1,0.999713,4,0,0.000001,0.000284,0.000002,0.999713
data_rand_fold4/Testing/pituitary/Tr-pi_0604.jpg,104912,pituitary,pituitary,1,0.999915,4,0,0.000001,0.000083,0.000001,0.999915
data_rand_fold4/Testing/pituitary/Tr-pi_0615.jpg,105638,pituitary,pituitary,1,0.998577,4,0,0.000002,0.001332,0.000088,0.998577
data_rand_fold4/Testing/pituitary/Tr-pi_0623.jpg,97461,pituitary,pituitary,1,0.999997,4,0,0.000000,0.000003,0.000000,0.999997
data_rand_fold4/Testing/pituitary/Tr-pi_0625.jpg,97461,pituitary,pituitary,1,0.999805,4,0,0.000012,0.000184,0.000000,0.999805
data_rand_fold4/Testing/pituitary/Tr-pi_0645.jpg,98871,pituitary,pituitary,1,0.999997,4,0,0.000001,0.000002,0.000000,0.999997
data_rand_fold4/Testing/pituitary/Tr-pi_0647.jpg,98874,pituitary,pituitary,1,0.999740,4,0,0.000001,0.000260,0.000000,0.999740
data_rand_fold4/Testing/pituitary/Tr-pi_0655.jpg,98992,pituitary,pituitary,1,0.998858,4,0,0.000742,0.000388,0.000012,0.998858
data_rand_fold4/Testing/pituitary/Tr-pi_0662.jpg,99223,pituitary,pituitary,1,0.999683,4,0,0.000007,0.000310,0.000000,0.999683
data_rand_fold4/Testing/pituitary/Tr-pi_0667.jpg,99223,pituitary,pituitary,1,0.999985,4,0,0.000002,0.000012,0.000000,0.999985
data_rand_fold4/Testing/pituitary/Tr-pi_0668.jpg,101017,pituitary,pituitary,1,0.999981,4,0,0.000018,0.000001,0.000001,0.999981
data_rand_fold4/Testing/pituitary/Tr-pi_0680.jpg,101305,pituitary,pituitary,1,0.999595,4,0,0.000015,0.000366,0.000024,0.999595
data_rand_fold4/Testing/pituitary/Tr-pi_0681.jpg,101305,pituitary,pituitary,1,0.999940,4,0,0.000002,0.000050,0.000008,0.999940
data_rand_fold4/Testing/pituitary/Tr-pi_0701.jpg,105936,pituitary,pituitary,1,0.999987,4,0,0.000000,0.000007,0.000006,0.999987
data_rand_fold4/Testing/pituitary/Tr-pi_0704.jpg,106062,pituitary,pituitary,1,0.999998,4,0,0.000000,0.000001,0.000001,0.999998
data_rand_fold4/Testing/pituitary/Tr-pi_0716.jpg,107505,pituitary,pituitary,1,0.999999,4,0,0.000000,0.000001,0.000000,0.999999
data_rand_fold4/Testing/pituitary/Tr-pi_0717.jpg,111075,pituitary,pituitary,1,1.000000,4,0,0.000000,0.000000,0.000000,1.000000
data_rand_fold4/Testing/pituitary/Tr-pi_0719.jpg,107505,pituitary,pituitary,1,0.999808,4,0,0.000012,0.000178,0.000002,0.999808
data_rand_fold4/Testing/pituitary/Tr-pi_0720.jpg,107505,pituitary,pituitary,1,0.999998,4,0,0.000001,0.000001,0.000000,0.999998
data_rand_fold4/Testing/pituitary/Tr-pi_0724.jpg,107743,pituitary,pituitary,1,0.999905,4,0,0.000001,0.000091,0.000003,0.999905
data_rand_fold4/Testing/pituitary/Tr-pi_0728.jpg,108858,pituitary,pituitary,1,0.999940,4,0,0.000002,0.000056,0.000002,0.999940
data_rand_fold4/Testing/pituitary/Tr-pi_0730.jpg,108931,pituitary,pituitary,1,0.998316,4,0,0.000019,0.000172,0.001493,0.998316
data_rand_fold4/Testing/pituitary/Tr-pi_0732.jpg,109471,pituitary,pituitary,1,0.999983,4,0,0.000000,0.000017,0.000000,0.999983
data_rand_fold4/Testing/pituitary/Tr-pi_0739.jpg,109898,pituitary,pituitary,1,0.998999,4,0,0.000000,0.000994,0.000007,0.998999
data_rand_fold4/Testing/pituitary/Tr-pi_0740.jpg,109898,pituitary,pituitary,1,0.993575,4,0,0.000001,0.006404,0.000020,0.993575
data_rand_fold4/Testing/pituitary/Tr-pi_0742.jpg,103478,pituitary,pituitary,1,0.999608,4,0,0.000361,0.000003,0.000029,0.999608
data_rand_fold4/Testing/pituitary/Tr-pi_0747.jpg,103478,pituitary,pituitary,1,0.999968,4,0,0.000006,0.000004,0.000022,0.999968
data_rand_fold4/Testing/pituitary/Tr-pi_0749.jpg,111125,pituitary,pituitary,1,0.999995,4,0,0.000000,0.000004,0.000001,0.999995
data_rand_fold4/Testing/pituitary/Tr-pi_0755.jpg,103670,pituitary,pituitary,1,0.999628,4,0,0.000002,0.000311,0.000058,0.999628
data_rand_fold4/Testing/pituitary/Tr-pi_0759.jpg,103671,pituitary,pituitary,1,0.999992,4,0,0.000002,0.000005,0.000001,0.999992
data_rand_fold4/Testing/pituitary/Tr-pi_0765.jpg,110518,pituitary,pituitary,1,0.999987,4,0,0.000005,0.000008,0.000001,0.999987
data_rand_fold4/Testing/pituitary/Tr-pi_0767.jpg,110518,pituitary,pituitary,1,0.999974,4,0,0.000002,0.000023,0.000001,0.999974
data_rand_fold4/Testing/pituitary/Tr-pi_0778.jpg,110993,pituitary,pituitary,1,0.999918,4,0,0.000003,0.000069,0.000010,0.999918
data_rand_fold4/Testing/pituitary/Tr-pi_0783.jpg,111125,pituitary,pituitary,1,0.999904,4,0,0.000007,0.000075,0.000014,0.999904
data_rand_fold4/Testing/pituitary/Tr-pi_0785.jpg,111125,pituitary,pituitary,1,0.999742,4,0,0.000039,0.000170,0.000049,0.999742
data_rand_fold4/Testing/pituitary/Tr-pi_0807.jpg,112847,pituitary,pituitary,1,0.999718,4,0,0.000005,0.000092,0.000186,0.999718
data_rand_fold4/Testing/pituitary/Tr-pi_0810.jpg,113274,pituitary,pituitary,1,0.999987,4,0,0.000000,0.000013,0.000000,0.999987
data_rand_fold4/Testing/pituitary/Tr-pi_0815.jpg,114040,pituitary,pituitary,1,0.996095,4,0,0.000087,0.003697,0.000122,0.996095
data_rand_fold4/Testing/pituitary/Tr-pi_0822.jpg,105936,pituitary,pituitary,1,0.999993,4,0,0.000000,0.000006,0.000001,0.999993
data_rand_fold4/Testing/pituitary/Tr-pi_0826.jpg,106062,pituitary,pituitary,1,1.000000,4,0,0.000000,0.000000,0.000000,1.000000
data_rand_fold4/Testing/pituitary/Tr-pi_0827.jpg,106062,pituitary,pituitary,1,1.000000,4,0,0.000000,0.000000,0.000000,1.000000
data_rand_fold4/Testing/pituitary/Tr-pi_0831.jpg,107495,pituitary,pituitary,1,0.999995,4,0,0.000000,0.000004,0.000001,0.999995
data_rand_fold4/Testing/pituitary/Tr-pi_0834.jpg,107495,pituitary,pituitary,1,0.999997,4,0,0.000000,0.000002,0.000001,0.999997
data_rand_fold4/Testing/pituitary/Tr-pi_0848.jpg,107743,pituitary,pituitary,1,0.999982,4,0,0.000001,0.000012,0.000005,0.999982
data_rand_fold4/Testing/pituitary/Tr-pi_0851.jpg,108858,pituitary,pituitary,1,0.999499,4,0,0.000006,0.000484,0.000011,0.999499
data_rand_fold4/Testing/pituitary/Tr-pi_0852.jpg,108858,pituitary,pituitary,1,0.999593,4,0,0.000017,0.000302,0.000089,0.999593
data_rand_fold4/Testing/pituitary/Tr-pi_0858.jpg,109471,pituitary,pituitary,1,0.999980,4,0,0.000000,0.000003,0.000017,0.999980
data_rand_fold4/Testing/pituitary/Tr-pi_0859.jpg,109471,pituitary,pituitary,1,0.999993,4,0,0.000001,0.000004,0.000001,0.999993
data_rand_fold4/Testing/pituitary/Tr-pi_0869.jpg,110518,pituitary,pituitary,1,0.995851,4,0,0.000015,0.003995,0.000139,0.995851
data_rand_fold4/Testing/pituitary/Tr-pi_0873.jpg,110537,pituitary,pituitary,1,0.999266,4,0,0.000009,0.000472,0.000254,0.999266
data_rand_fold4/Testing/pituitary/Tr-pi_0878.jpg,110993,pituitary,pituitary,1,0.999755,4,0,0.000007,0.000191,0.000048,0.999755
data_rand_fold4/Testing/pituitary/Tr-pi_0887.jpg,111785,pituitary,pituitary,1,0.999992,4,0,0.000001,0.000007,0.000000,0.999992
data_rand_fold4/Testing/pituitary/Tr-pi_0893.jpg,112074,pituitary,pituitary,1,0.999979,4,0,0.000005,0.000016,0.000001,0.999979
data_rand_fold4/Testing/pituitary/Tr-pi_0895.jpg,112074,pituitary,pituitary,1,0.999892,4,0,0.000039,0.000068,0.000001,0.999892
data_rand_fold4/Testing/pituitary/Tr-pi_0910.jpg,105936,pituitary,pituitary,1,0.999990,4,0,0.000002,0.000004,0.000005,0.999990
data_rand_fold4/Testing/pituitary/Tr-pi_0911.jpg,105936,pituitary,pituitary,1,0.999978,4,0,0.000001,0.000016,0.000004,0.999978
data_rand_fold4/Testing/pituitary/Tr-pi_0914.jpg,113274,pituitary,pituitary,1,0.999984,4,0,0.000004,0.000005,0.000007,0.999984
data_rand_fold4/Testing/pituitary/Tr-pi_0915.jpg,106062,pituitary,pituitary,1,0.999971,4,0,0.000001,0.000026,0.000002,0.999971
data_rand_fold4/Testing/pituitary/Tr-pi_0918.jpg,107495,pituitary,pituitary,1,0.995926,4,0,0.000002,0.004059,0.000013,0.995926
data_rand_fold4/Testing/pituitary/Tr-pi_0927.jpg,107429,pituitary,pituitary,1,0.999997,4,0,0.000000,0.000002,0.000000,0.999997
data_rand_fold4/Testing/pituitary/Tr-pi_0929.jpg,113274,pituitary,pituitary,1,0.999791,4,0,0.000014,0.000129,0.000066,0.999791
data_rand_fold4/Testing/pituitary/Tr-pi_0931.jpg,107505,pituitary,pituitary,1,0.999998,4,0,0.000000,0.000002,0.000000,0.999998
data_rand_fold4/Testing/pituitary/Tr-pi_0932.jpg,107505,pituitary,pituitary,1,0.999900,4,0,0.000006,0.000092,0.000002,0.999900
data_rand_fold4/Testing/pituitary/Tr-pi_0936.jpg,107743,pituitary,pituitary,1,0.999766,4,0,0.000001,0.000231,0.000002,0.999766
data_rand_fold4/Testing/pituitary/Tr-pi_0950.jpg,109898,pituitary,pituitary,1,0.998001,4,0,0.000000,0.001995,0.000003,0.998001
data_rand_fold4/Testing/pituitary/Tr-pi_0958.jpg,110993,pituitary,pituitary,1,0.995877,4,0,0.000024,0.004091,0.000008,0.995877
data_rand_fold4/Testing/pituitary/Tr-pi_0960.jpg,113741,pituitary,pituitary,1,0.999963,4,0,0.000001,0.000017,0.000019,0.999963
data_rand_fold4/Testing/pituitary/Tr-pi_0965.jpg,111075,pituitary,pituitary,1,0.999999,4,0,0.000000,0.000001,0.000000,0.999999
data_rand_fold4/Testing/pituitary/Tr-pi_0966.jpg,111075,pituitary,pituitary,1,0.999988,4,0,0.000000,0.000011,0.000001,0.999988
data_rand_fold4/Testing/pituitary/Tr-pi_0972.jpg,111785,pituitary,pituitary,1,0.999996,4,0,0.000000,0.000004,0.000000,0.999996
data_rand_fold4/Testing/pituitary/Tr-pi_0974.jpg,112074,pituitary,pituitary,1,0.999867,4,0,0.000088,0.000044,0.000001,0.999867
data_rand_fold4/Testing/pituitary/Tr-pi_0982.jpg,114094,pituitary,pituitary,1,0.999781,4,0,0.000008,0.000190,0.000022,0.999781
data_rand_fold4/Testing/pituitary/Tr-pi_0988.jpg,101017,pituitary,pituitary,1,0.999884,4,0,0.000000,0.000090,0.000025,0.999884
data_rand_fold4/Testing/pituitary/Tr-pi_0993.jpg,101305,pituitary,pituitary,1,0.999672,4,0,0.000102,0.000222,0.000005,0.999672
data_rand_fold4/Testing/pituitary/Tr-pi_0994.jpg,101724,pituitary,pituitary,1,0.998354,4,0,0.000008,0.001599,0.000038,0.998354
data_rand_fold4/Testing/pituitary/Tr-pi_1001.jpg,103046,pituitary,pituitary,1,0.999786,4,0,0.000002,0.000204,0.000008,0.999786
data_rand_fold4/Testing/pituitary/Tr-pi_1003.jpg,101017,pituitary,pituitary,1,0.999992,4,0,0.000000,0.000006,0.000001,0.999992
data_rand_fold4/Testing/pituitary/Tr-pi_1005.jpg,103257,pituitary,pituitary,1,0.999887,4,0,0.000000,0.000112,0.000000,0.999887
data_rand_fold4/Testing/pituitary/Tr-pi_1011.jpg,103478,pituitary,pituitary,1,0.999958,4,0,0.000001,0.000040,0.000000,0.999958
data_rand_fold4/Testing/pituitary/Tr-pi_1014.jpg,103582,pituitary,pituitary,1,0.999582,4,0,0.000009,0.000408,0.000001,0.999582
data_rand_fold4/Testing/pituitary/Tr-pi_1017.jpg,103582,pituitary,pituitary,1,0.999259,4,0,0.000042,0.000689,0.000010,0.999259
data_rand_fold4/Testing/pituitary/Tr-pi_1024.jpg,101029,pituitary,pituitary,1,0.909503,4,0,0.008150,0.082212,0.000135,0.909503
data_rand_fold4/Testing/pituitary/Tr-pi_1028.jpg,103731,pituitary,pituitary,1,0.999999,4,0,0.000000,0.000000,0.000000,0.999999
data_rand_fold4/Testing/pituitary/Tr-pi_1031.jpg,103731,pituitary,pituitary,1,0.999987,4,0,0.000001,0.000009,0.000003,0.999987
data_rand_fold4/Testing/pituitary/Tr-pi_1048.jpg,112649,pituitary,pituitary,1,0.999983,4,0,0.000001,0.000015,0.000001,0.999983
data_rand_fold4/Testing/pituitary/Tr-pi_1049.jpg,104558,pituitary,pituitary,1,0.999973,4,0,0.000000,0.000027,0.000000,0.999973
data_rand_fold4/Testing/pituitary/Tr-pi_1054.jpg,104684,pituitary,pituitary,1,0.999780,4,0,0.000001,0.000210,0.000008,0.999780
data_rand_fold4/Testing/pituitary/Tr-pi_1060.jpg,104912,pituitary,pituitary,1,0.999914,4,0,0.000000,0.000086,0.000000,0.999914
data_rand_fold4/Testing/pituitary/Tr-pi_1062.jpg,105187,pituitary,pituitary,1,0.999967,4,0,0.000001,0.000031,0.000001,0.999967
data_rand_fold4/Testing/pituitary/Tr-pi_1070.jpg,105638,pituitary,pituitary,1,0.999326,4,0,0.000001,0.000670,0.000004,0.999326
data_rand_fold4/Testing/pituitary/Tr-pi_1074.jpg,97416,pituitary,pituitary,1,0.999866,4,0,0.000002,0.000132,0.000001,0.999866
data_rand_fold4/Testing/pituitary/Tr-pi_1079.jpg,97461,pituitary,meningioma,0,0.545727,4,0,0.000710,0.545727,0.000412,0.453151
data_rand_fold4/Testing/pituitary/Tr-pi_1089.jpg,97481,pituitary,pituitary,1,0.999687,4,0,0.000003,0.000310,0.000000,0.999687
data_rand_fold4/Testing/pituitary/Tr-pi_1095.jpg,98472,pituitary,pituitary,1,0.943443,4,0,0.000003,0.056512,0.000041,0.943443
data_rand_fold4/Testing/pituitary/Tr-pi_1100.jpg,98472,pituitary,pituitary,1,0.981019,4,0,0.000219,0.018650,0.000112,0.981019
data_rand_fold4/Testing/pituitary/Tr-pi_1101.jpg,98652,pituitary,pituitary,1,0.998508,4,0,0.000011,0.001213,0.000268,0.998508
data_rand_fold4/Testing/pituitary/Tr-pi_1109.jpg,98874,pituitary,pituitary,1,0.997438,4,0,0.000002,0.002560,0.000000,0.997438
data_rand_fold4/Testing/pituitary/Tr-pi_1115.jpg,98992,pituitary,pituitary,1,0.996663,4,0,0.000860,0.002462,0.000016,0.996663
data_rand_fold4/Testing/pituitary/Tr-pi_1119.jpg,98995,pituitary,pituitary,1,0.999662,4,0,0.000001,0.000327,0.000010,0.999662
data_rand_fold4/Testing/pituitary/Tr-pi_1121.jpg,99223,pituitary,pituitary,1,0.962949,4,0,0.000970,0.036033,0.000048,0.962949
data_rand_fold4/Testing/pituitary/Tr-pi_1124.jpg,99223,pituitary,pituitary,1,0.997640,4,0,0.000033,0.002324,0.000003,0.997640
data_rand_fold4/Testing/pituitary/Tr-pi_1130.jpg,107495,pituitary,pituitary,1,0.999985,4,0,0.000000,0.000012,0.000003,0.999985
data_rand_fold4/Testing/pituitary/Tr-pi_1135.jpg,101029,pituitary,pituitary,1,0.999929,4,0,0.000001,0.000004,0.000067,0.999929
data_rand_fold4/Testing/pituitary/Tr-pi_1144.jpg,101305,pituitary,pituitary,1,0.999915,4,0,0.000016,0.000065,0.000004,0.999915
data_rand_fold4/Testing/pituitary/Tr-pi_1147.jpg,101305,pituitary,pituitary,1,0.999989,4,0,0.000001,0.000007,0.000002,0.999989
data_rand_fold4/Testing/pituitary/Tr-pi_1156.jpg,102669,pituitary,pituitary,1,0.999007,4,0,0.000290,0.000659,0.000043,0.999007
data_rand_fold4/Testing/pituitary/Tr-pi_1160.jpg,107429,pituitary,pituitary,1,0.999702,4,0,0.000063,0.000172,0.000064,0.999702
data_rand_fold4/Testing/pituitary/Tr-pi_1166.jpg,103478,pituitary,pituitary,1,0.999633,4,0,0.000087,0.000008,0.000272,0.999633
data_rand_fold4/Testing/pituitary/Tr-pi_1167.jpg,107429,pituitary,pituitary,1,0.999932,4,0,0.000008,0.000057,0.000003,0.999932
data_rand_fold4/Testing/pituitary/Tr-pi_1169.jpg,103478,pituitary,pituitary,1,0.999941,4,0,0.000016,0.000015,0.000028,0.999941
data_rand_fold4/Testing/pituitary/Tr-pi_1174.jpg,103582,pituitary,pituitary,1,0.984585,4,0,0.000013,0.015361,0.000042,0.984585
data_rand_fold4/Testing/pituitary/Tr-pi_1181.jpg,103671,pituitary,pituitary,1,0.999984,4,0,0.000006,0.000006,0.000004,0.999984
data_rand_fold4/Testing/pituitary/Tr-pi_1183.jpg,103731,pituitary,pituitary,1,0.996815,4,0,0.000279,0.002455,0.000452,0.996815
data_rand_fold4/Testing/pituitary/Tr-pi_1193.jpg,104019,pituitary,pituitary,1,1.000000,4,0,0.000000,0.000000,0.000000,1.000000
data_rand_fold4/Testing/pituitary/Tr-pi_1198.jpg,112649,pituitary,pituitary,1,0.999986,4,0,0.000006,0.000006,0.000002,0.999986
data_rand_fold4/Testing/pituitary/Tr-pi_1206.jpg,107429,pituitary,pituitary,1,0.999981,4,0,0.000001,0.000017,0.000001,0.999981
data_rand_fold4/Testing/pituitary/Tr-pi_1209.jpg,104684,pituitary,pituitary,1,0.996736,4,0,0.000124,0.002820,0.000320,0.996736
data_rand_fold4/Testing/pituitary/Tr-pi_1211.jpg,104912,pituitary,pituitary,1,0.999865,4,0,0.000007,0.000126,0.000003,0.999865
data_rand_fold4/Testing/pituitary/Tr-pi_1212.jpg,104912,pituitary,pituitary,1,0.999993,4,0,0.000000,0.000006,0.000001,0.999993
data_rand_fold4/Testing/pituitary/Tr-pi_1216.jpg,105187,pituitary,pituitary,1,0.999982,4,0,0.000002,0.000009,0.000007,0.999982
data_rand_fold4/Testing/pituitary/Tr-pi_1217.jpg,105187,pituitary,pituitary,1,0.999912,4,0,0.000009,0.000036,0.000044,0.999912
data_rand_fold4/Testing/pituitary/Tr-pi_1219.jpg,105475,pituitary,pituitary,1,0.999694,4,0,0.000109,0.000174,0.000024,0.999694
data_rand_fold4/Testing/pituitary/Tr-pi_1225.jpg,105638,pituitary,pituitary,1,0.991905,4,0,0.001034,0.003874,0.003187,0.991905
data_rand_fold4/Testing/pituitary/Tr-pi_1227.jpg,97416,pituitary,pituitary,1,0.999975,4,0,0.000009,0.000005,0.000012,0.999975
data_rand_fold4/Testing/pituitary/Tr-pi_1231.jpg,97416,pituitary,pituitary,1,0.999994,4,0,0.000001,0.000005,0.000001,0.999994
data_rand_fold4/Testing/pituitary/Tr-pi_1236.jpg,107505,pituitary,pituitary,1,0.999454,4,0,0.000075,0.000322,0.000148,0.999454
data_rand_fold4/Testing/pituitary/Tr-pi_1238.jpg,97461,pituitary,pituitary,1,0.999778,4,0,0.000027,0.000185,0.000010,0.999778
data_rand_fold4/Testing/pituitary/Tr-pi_1241.jpg,97481,pituitary,pituitary,1,0.999660,4,0,0.000049,0.000152,0.000140,0.999660
data_rand_fold4/Testing/pituitary/Tr-pi_1253.jpg,98472,pituitary,pituitary,1,0.998267,4,0,0.000101,0.001576,0.000057,0.998267
data_rand_fold4/Testing/pituitary/Tr-pi_1257.jpg,107743,pituitary,pituitary,1,0.999739,4,0,0.000114,0.000140,0.000008,0.999739
data_rand_fold4/Testing/pituitary/Tr-pi_1265.jpg,98874,pituitary,pituitary,1,0.999753,4,0,0.000072,0.000171,0.000004,0.999753
data_rand_fold4/Testing/pituitary/Tr-pi_1268.jpg,98992,pituitary,pituitary,1,0.999911,4,0,0.000005,0.000078,0.000006,0.999911
data_rand_fold4/Testing/pituitary/Tr-pi_1271.jpg,98992,pituitary,pituitary,1,0.996143,4,0,0.000836,0.002996,0.000025,0.996143
data_rand_fold4/Testing/pituitary/Tr-pi_1272.jpg,98995,pituitary,pituitary,1,0.999736,4,0,0.000051,0.000208,0.000005,0.999736
data_rand_fold4/Testing/pituitary/Tr-pi_1274.jpg,112746,pituitary,pituitary,1,0.997226,4,0,0.000011,0.002762,0.000000,0.997226
data_rand_fold4/Testing/pituitary/Tr-pi_1277.jpg,98995,pituitary,pituitary,1,0.999970,4,0,0.000001,0.000021,0.000009,0.999970
data_rand_fold4/Testing/pituitary/Tr-pi_1281.jpg,99223,pituitary,pituitary,1,0.999740,4,0,0.000009,0.000240,0.000011,0.999740
data_rand_fold4/Testing/pituitary/Tr-pi_1283.jpg,101017,pituitary,pituitary,1,1.000000,4,0,0.000000,0.000000,0.000000,1.000000
data_rand_fold4/Testing/pituitary/Tr-pi_1288.jpg,107743,pituitary,pituitary,1,0.995854,4,0,0.000094,0.003889,0.000163,0.995854
data_rand_fold4/Testing/pituitary/Tr-pi_1294.jpg,101145,pituitary,pituitary,1,0.999862,4,0,0.000001,0.000134,0.000002,0.999862
data_rand_fold4/Testing/pituitary/Tr-pi_1296.jpg,107743,pituitary,pituitary,1,0.999158,4,0,0.000029,0.000720,0.000094,0.999158
data_rand_fold4/Testing/pituitary/Tr-pi_1305.jpg,102648,pituitary,pituitary,1,0.998705,4,0,0.001125,0.000048,0.000121,0.998705
data_rand_fold4/Testing/pituitary/Tr-pi_1308.jpg,102648,pituitary,pituitary,1,0.999567,4,0,0.000055,0.000306,0.000071,0.999567
data_rand_fold4/Testing/pituitary/Tr-pi_1309.jpg,102648,pituitary,pituitary,1,0.999725,4,0,0.000142,0.000066,0.000067,0.999725
data_rand_fold4/Testing/pituitary/Tr-pi_1310.jpg,102669,pituitary,pituitary,1,0.999741,4,0,0.000033,0.000137,0.000088,0.999741
data_rand_fold4/Testing/pituitary/Tr-pi_1314.jpg,103257,pituitary,pituitary,1,0.997725,4,0,0.000002,0.002237,0.000035,0.997725
data_rand_fold4/Testing/pituitary/Tr-pi_1323.jpg,103478,pituitary,pituitary,1,0.999984,4,0,0.000001,0.000011,0.000004,0.999984
data_rand_fold4/Testing/pituitary/Tr-pi_1337.jpg,103671,pituitary,pituitary,1,0.999991,4,0,0.000001,0.000001,0.000006,0.999991
data_rand_fold4/Testing/pituitary/Tr-pi_1342.jpg,103731,pituitary,pituitary,1,0.999973,4,0,0.000000,0.000013,0.000013,0.999973
data_rand_fold4/Testing/pituitary/Tr-pi_1343.jpg,103731,pituitary,pituitary,1,0.999917,4,0,0.000001,0.000072,0.000010,0.999917
data_rand_fold4/Testing/pituitary/Tr-pi_1345.jpg,103837,pituitary,pituitary,1,0.998655,4,0,0.000001,0.000492,0.000852,0.998655
data_rand_fold4/Testing/pituitary/Tr-pi_1356.jpg,108931,pituitary,pituitary,1,0.999193,4,0,0.000043,0.000182,0.000582,0.999193
data_rand_fold4/Testing/pituitary/Tr-pi_1357.jpg,104558,pituitary,pituitary,1,0.999996,4,0,0.000000,0.000004,0.000000,0.999996
data_rand_fold4/Testing/pituitary/Tr-pi_1359.jpg,104558,pituitary,pituitary,1,0.999980,4,0,0.000000,0.000020,0.000000,0.999980
data_rand_fold4/Testing/pituitary/Tr-pi_1365.jpg,104684,pituitary,pituitary,1,0.999999,4,0,0.000000,0.000001,0.000000,0.999999
data_rand_fold4/Testing/pituitary/Tr-pi_1369.jpg,104912,pituitary,pituitary,1,0.999965,4,0,0.000004,0.000029,0.000002,0.999965
data_rand_fold4/Testing/pituitary/Tr-pi_1372.jpg,104912,pituitary,pituitary,1,0.999983,4,0,0.000002,0.000014,0.000001,0.999983
data_rand_fold4/Testing/pituitary/Tr-pi_1376.jpg,105187,pituitary,pituitary,1,0.999994,4,0,0.000003,0.000001,0.000002,0.999994
data_rand_fold4/Testing/pituitary/Tr-pi_1378.jpg,105475,pituitary,pituitary,1,0.999534,4,0,0.000101,0.000312,0.000054,0.999534
data_rand_fold4/Testing/pituitary/Tr-pi_1379.jpg,105475,pituitary,pituitary,1,0.999051,4,0,0.000071,0.000871,0.000007,0.999051
data_rand_fold4/Testing/pituitary/Tr-pi_1381.jpg,105475,pituitary,pituitary,1,0.999947,4,0,0.000001,0.000031,0.000021,0.999947
data_rand_fold4/Testing/pituitary/Tr-pi_1384.jpg,105638,pituitary,pituitary,1,0.999977,4,0,0.000001,0.000008,0.000014,0.999977
data_rand_fold4/Testing/pituitary/Tr-pi_1392.jpg,97416,pituitary,pituitary,1,0.999995,4,0,0.000000,0.000002,0.000003,0.999995
data_rand_fold4/Testing/pituitary/Tr-pi_1394.jpg,108931,pituitary,meningioma,0,0.459034,4,0,0.005856,0.459034,0.103626,0.431484
data_rand_fold4/Testing/pituitary/Tr-pi_1397.jpg,97461,pituitary,pituitary,1,0.999823,4,0,0.000043,0.000125,0.000010,0.999823
data_rand_fold4/Testing/pituitary/Tr-pi_1398.jpg,97461,pituitary,pituitary,1,0.999899,4,0,0.000023,0.000060,0.000018,0.999899
data_rand_fold4/Testing/pituitary/Tr-pi_1409.jpg,97890,pituitary,pituitary,1,0.999892,4,0,0.000000,0.000017,0.000091,0.999892
data_rand_fold4/Testing/pituitary/Tr-pi_1410.jpg,97890,pituitary,pituitary,1,0.999911,4,0,0.000004,0.000068,0.000017,0.999911
data_rand_fold4/Testing/pituitary/Tr-pi_1412.jpg,98472,pituitary,pituitary,1,0.999984,4,0,0.000000,0.000009,0.000007,0.999984
data_rand_fold4/Testing/pituitary/Tr-pi_1419.jpg,98652,pituitary,pituitary,1,0.999914,4,0,0.000005,0.000030,0.000051,0.999914
data_rand_fold4/Testing/pituitary/Tr-pi_1426.jpg,98871,pituitary,pituitary,1,1.000000,4,0,0.000000,0.000000,0.000000,1.000000
data_rand_fold4/Testing/pituitary/Tr-pi_1446.jpg,99223,pituitary,pituitary,1,0.999997,4,0,0.000000,0.000003,0.000001,0.999997
data_rand_fold4/Testing/pituitary/Tr-pi_1451.jpg,109769,pituitary,pituitary,1,0.999985,4,0,0.000001,0.000006,0.000008,0.999985
