path,group,true,pred,correct,confidence,fold,seed,p_glioma,p_meningioma,p_notumor,p_pituitary
data/Testing/glioma/Te-glTr_0000.jpg,MR050791B,glioma,glioma,1,0.999964,,3,0.999964,0.000009,0.000018,0.000009
data/Testing/glioma/Te-glTr_0001.jpg,MR026175C,glioma,glioma,1,0.999668,,3,0.999668,0.000024,0.000032,0.000276
data/Testing/glioma/Te-glTr_0002.jpg,MR051586,glioma,glioma,1,0.998354,,3,0.998354,0.000925,0.000686,0.000035
data/Testing/glioma/Te-glTr_0003.jpg,MR051644,glioma,glioma,1,0.867176,,3,0.867176,0.097810,0.001078,0.033936
data/Testing/glioma/Te-glTr_0004.jpg,MR051644,glioma,glioma,1,0.978554,,3,0.978554,0.013315,0.000058,0.008073
data/Testing/glioma/Te-glTr_0005.jpg,MR051651,glioma,glioma,1,0.996617,,3,0.996617,0.003152,0.000201,0.000031
data/Testing/glioma/Te-glTr_0006.jpg,MR051796B,glioma,glioma,1,0.999830,,3,0.999830,0.000107,0.000022,0.000041
data/Testing/glioma/Te-glTr_0007.jpg,MR052550,glioma,glioma,1,0.999956,,3,0.999956,0.000011,0.000027,0.000006
data/Testing/glioma/Te-glTr_0008.jpg,MR051644C,glioma,glioma,1,0.999840,,3,0.999840,0.000033,0.000070,0.000057
data/Testing/glioma/Te-glTr_0009.jpg,MR051644C,glioma,glioma,1,0.999911,,3,0.999911,0.000006,0.000080,0.000003
data/Testing/glioma/Te-gl_0010.jpg,MR049942B,glioma,glioma,1,0.997219,,3,0.997219,0.000343,0.000044,0.002395
data/Testing/glioma/Te-gl_0011.jpg,MR053110B,glioma,glioma,1,0.999189,,3,0.999189,0.000181,0.000021,0.000610
data/Testing/glioma/Te-gl_0012.jpg,MR054683,glioma,glioma,1,0.998213,,3,0.998213,0.000496,0.000409,0.000882
data/Testing/glioma/Te-gl_0013.jpg,MR034997,glioma,glioma,1,0.999723,,3,0.999723,0.000229,0.000041,0.000007
data/Testing/glioma/Te-gl_0014.jpg,MR034997,glioma,glioma,1,0.999934,,3,0.999934,0.000030,0.000036,0.000000
data/Testing/glioma/Te-gl_0015.jpg,MR053110E,glioma,glioma,1,0.998716,,3,0.998716,0.000565,0.000092,0.000627
data/Testing/glioma/Te-gl_0016.jpg,MR049019G,glioma,glioma,1,0.998293,,3,0.998293,0.000535,0.000991,0.000180
data/Testing/glioma/Te-gl_0017.jpg,MR049019G,glioma,glioma,1,0.999910,,3,0.999910,0.000064,0.000007,0.000018
data/Testing/glioma/Te-gl_0018.jpg,MR032322C,glioma,glioma,1,0.999934,,3,0.999934,0.000030,0.000029,0.000007
data/Testing/glioma/Te-gl_0019.jpg,MR037458B,glioma,glioma,1,0.994868,,3,0.994868,0.004769,0.000305,0.000058
data/Testing/glioma/Te-gl_0020.jpg,MR039473B,glioma,glioma,1,0.999950,,3,0.999950,0.000001,0.000001,0.000048
data/Testing/glioma/Te-gl_0021.jpg,MR039473B,glioma,glioma,1,0.999960,,3,0.999960,0.000007,0.000021,0.000012
data/Testing/glioma/Te-gl_0022.jpg,MR037458C,glioma,glioma,1,0.999886,,3,0.999886,0.000093,0.000019,0.000002
data/Testing/glioma/Te-gl_0023.jpg,MR037458C,glioma,glioma,1,0.811105,,3,0.811105,0.188479,0.000274,0.000142
data/Testing/glioma/Te-gl_0024.jpg,unmatched::data/Testing/glioma/Te-gl_0024.jpg,glioma,glioma,1,0.514078,,3,0.514078,0.459377,0.003744,0.022801
data/Testing/glioma/Te-gl_0025.jpg,MR050135B,glioma,glioma,1,0.999867,,3,0.999867,0.000095,0.000025,0.000013
data/Testing/glioma/Te-gl_0026.jpg,MR050135B,glioma,glioma,1,0.999887,,3,0.999887,0.000025,0.000066,0.000021
data/Testing/glioma/Te-gl_0027.jpg,MR050135B,glioma,glioma,1,0.999866,,3,0.999866,0.000085,0.000043,0.000006
data/Testing/glioma/Te-gl_0028.jpg,MR050687,glioma,glioma,1,0.991500,,3,0.991500,0.007937,0.000496,0.000067
data/Testing/glioma/Te-gl_0029.jpg,unmatched::data/Testing/glioma/Te-gl_0029.jpg,glioma,glioma,1,0.514078,,3,0.514078,0.459377,0.003744,0.022801
data/Testing/glioma/Te-gl_0030.jpg,101020,glioma,glioma,1,0.999541,,3,0.999541,0.000407,0.000031,0.000021
data/Testing/glioma/Te-gl_0031.jpg,MR040240D,glioma,glioma,1,0.999997,,3,0.999997,0.000001,0.000001,0.000001
data/Testing/glioma/Te-gl_0032.jpg,MR040240D,glioma,glioma,1,0.999980,,3,0.999980,0.000015,0.000003,0.000002
data/Testing/glioma/Te-gl_0033.jpg,MR017260F,glioma,glioma,1,0.999962,,3,0.999962,0.000012,0.000023,0.000003
data/Testing/glioma/Te-gl_0034.jpg,MR017260F,glioma,glioma,1,0.999553,,3,0.999553,0.000286,0.000151,0.000010
data/Testing/glioma/Te-gl_0035.jpg,MR029209I,glioma,glioma,1,0.999943,,3,0.999943,0.000006,0.000049,0.000002
data/Testing/glioma/Te-gl_0036.jpg,MR048294,glioma,glioma,1,0.999027,,3,0.999027,0.000131,0.000356,0.000485
data/Testing/glioma/Te-gl_0037.jpg,MR048297,glioma,glioma,1,0.999027,,3,0.999027,0.000686,0.000275,0.000012
data/Testing/glioma/Te-gl_0038.jpg,MR048294B,glioma,glioma,1,0.999624,,3,0.999624,0.000022,0.000160,0.000194
data/Testing/glioma/Te-gl_0039.jpg,MR048621B,glioma,glioma,1,0.999918,,3,0.999918,0.000005,0.000040,0.000037
data/Testing/glioma/Te-gl_0040.jpg,MR048944,glioma,glioma,1,0.999912,,3,0.999912,0.000060,0.000024,0.000004
data/Testing/glioma/Te-gl_0041.jpg,unmatched::data/Testing/glioma/Te-gl_0041.jpg,glioma,glioma,1,0.999905,,3,0.999905,0.000044,0.000039,0.000011
data/Testing/glioma/Te-gl_0042.jpg,MR048994,glioma,glioma,1,0.999969,,3,0.999969,0.000017,0.000003,0.000010
data/Testing/glioma/Te-gl_0043.jpg,101020,glioma,glioma,1,0.997867,,3,0.997867,0.001561,0.000047,0.000525
data/Testing/glioma/Te-gl_0044.jpg,103148,glioma,glioma,1,0.984769,,3,0.984769,0.014369,0.000714,0.000148
data/Testing/glioma/Te-gl_0045.jpg,106494,glioma,glioma,1,0.999262,,3,0.999262,0.000675,0.000033,0.000031
data/Testing/glioma/Te-gl_0046.jpg,106494,glioma,glioma,1,0.990840,,3,0.990840,0.009049,0.000097,0.000014
data/Testing/glioma/Te-gl_0047.jpg,unmatched::data/Testing/glioma/Te-gl_0047.jpg,glioma,glioma,1,0.915757,,3,0.915757,0.081054,0.003021,0.000168
data/Testing/glioma/Te-gl_0048.jpg,112105,glioma,glioma,1,0.999624,,3,0.999624,0.000283,0.000074,0.000018
data/Testing/glioma/Te-gl_0049.jpg,MR040240,glioma,glioma,1,0.999982,,3,0.999982,0.000005,0.000009,0.000004
data/Testing/glioma/Te-gl_0050.jpg,MR040240B,glioma,glioma,1,0.999629,,3,0.999629,0.000061,0.000031,0.000279
data/Testing/glioma/Te-gl_0051.jpg,MR040240B,glioma,glioma,1,0.999994,,3,0.999994,0.000003,0.000002,0.000001
data/Testing/glioma/Te-gl_0052.jpg,MR036496B,glioma,glioma,1,0.999979,,3,0.999979,0.000007,0.000014,0.000000
data/Testing/glioma/Te-gl_0053.jpg,MR033420,glioma,glioma,1,0.999947,,3,0.999947,0.000012,0.000039,0.000002
data/Testing/glioma/Te-gl_0054.jpg,MR033420,glioma,glioma,1,0.999785,,3,0.999785,0.000035,0.000177,0.000004
data/Testing/glioma/Te-gl_0055.jpg,MR024780B,glioma,glioma,1,0.997895,,3,0.997895,0.001599,0.000417,0.000089
data/Testing/glioma/Te-gl_0056.jpg,MR049104,glioma,glioma,1,0.999932,,3,0.999932,0.000041,0.000023,0.000004
data/Testing/glioma/Te-gl_0057.jpg,MR049142,glioma,glioma,1,0.996668,,3,0.996668,0.002171,0.000244,0.000917
data/Testing/glioma/Te-gl_0058.jpg,MR048944B,glioma,glioma,1,0.999966,,3,0.999966,0.000004,0.000014,0.000015
data/Testing/glioma/Te-gl_0059.jpg,MR048944B,glioma,glioma,1,0.999986,,3,0.999986,0.000004,0.000004,0.000006
data/Testing/glioma/Te-gl_0060.jpg,MR049358,glioma,glioma,1,0.999918,,3,0.999918,0.000058,0.000014,0.000010
data/Testing/glioma/Te-gl_0061.jpg,MR049358,glioma,glioma,1,0.999966,,3,0.999966,0.000008,0.000005,0.000020
data/Testing/glioma/Te-gl_0062.jpg,MR049453,glioma,glioma,1,0.999988,,3,0.999988,0.000003,0.000008,0.000001
data/Testing/glioma/Te-gl_0063.jpg,MR049453,glioma,glioma,1,0.999986,,3,0.999986,0.000003,0.000007,0.000004
data/Testing/glioma/Te-gl_0064.jpg,MR049453B,glioma,glioma,1,0.999946,,3,0.999946,0.000031,0.000017,0.000005
data/Testing/glioma/Te-gl_0065.jpg,MR049453B,glioma,glioma,1,0.999981,,3,0.999981,0.000004,0.000005,0.000011
data/Testing/glioma/Te-gl_0066.jpg,MR050135B,glioma,glioma,1,0.999832,,3,0.999832,0.000014,0.000033,0.000121
data/Testing/glioma/Te-gl_0067.jpg,MR050135B,glioma,glioma,1,0.999990,,3,0.999990,0.000004,0.000002,0.000003
data/Testing/glioma/Te-gl_0068.jpg,MR050687,glioma,glioma,1,0.999953,,3,0.999953,0.000037,0.000009,0.000001
data/Testing/glioma/Te-gl_0069.jpg,MR049019C,glioma,glioma,1,0.997982,,3,0.997982,0.000068,0.000373,0.001577
data/Testing/glioma/Te-gl_0070.jpg,unmatched::data/Testing/glioma/Te-gl_0070.jpg,glioma,glioma,1,0.999979,,3,0.999979,0.000001,0.000011,0.000009
data/Testing/glioma/Te-gl_0071.jpg,MR051461,glioma,glioma,1,0.999757,,3,0.999757,0.000033,0.000168,0.000042
data/Testing/glioma/Te-gl_0072.jpg,MR033389B,glioma,glioma,1,0.999990,,3,0.999990,0.000002,0.000007,0.000001
data/Testing/glioma/Te-gl_0073.jpg,MR026175E,glioma,glioma,1,0.994316,,3,0.994316,0.000147,0.000061,0.005475
data/Testing/glioma/Te-gl_0074.jpg,MR049358,glioma,glioma,1,0.999939,,3,0.999939,0.000029,0.000020,0.000012
data/Testing/glioma/Te-gl_0075.jpg,MR049358,glioma,glioma,1,0.999951,,3,0.999951,0.000010,0.000036,0.000002
data/Testing/glioma/Te-gl_0076.jpg,MR024780G,glioma,glioma,1,0.997836,,3,0.997836,0.000524,0.001563,0.000076
data/Testing/glioma/Te-gl_0077.jpg,MR024780G,glioma,glioma,1,0.999958,,3,0.999958,0.000015,0.000025,0.000002
data/Testing/glioma/Te-gl_0078.jpg,MR024780G,glioma,glioma,1,0.998977,,3,0.998977,0.000471,0.000376,0.000177
data/Testing/glioma/Te-gl_0079.jpg,MR024780G,glioma,glioma,1,0.998645,,3,0.998645,0.000309,0.000902,0.000144
data/Testing/glioma/Te-gl_0080.jpg,MR049453B,glioma,glioma,1,0.980405,,3,0.980405,0.000312,0.018539,0.000745
data/Testing/glioma/Te-gl_0081.jpg,MR048621B,glioma,glioma,1,0.866644,,3,0.866644,0.130117,0.000265,0.002974
data/Testing/glioma/Te-gl_0082.jpg,MR050135B,glioma,glioma,1,0.999881,,3,0.999881,0.000094,0.000020,0.000004
data/Testing/glioma/Te-gl_0083.jpg,MR050791B,glioma,glioma,1,0.828065,,3,0.828065,0.144919,0.002896,0.024119
data/Testing/glioma/Te-gl_0084.jpg,MR050791B,glioma,glioma,1,0.976029,,3,0.976029,0.022056,0.000328,0.001587
data/Testing/glioma/Te-gl_0085.jpg,MR026175C,glioma,glioma,1,0.999453,,3,0.999453,0.000030,0.000426,0.000091
data/Testing/glioma/Te-gl_0086.jpg,MR026175C,glioma,glioma,1,0.997931,,3,0.997931,0.000036,0.002001,0.000032
data/Testing/glioma/Te-gl_0087.jpg,MR051461B,glioma,glioma,1,0.994793,,3,0.994793,0.005038,0.000121,0.000048
data/Testing/glioma/Te-gl_0088.jpg,MR051461B,glioma,glioma,1,0.994035,,3,0.994035,0.005662,0.000196,0.000108
data/Testing/glioma/Te-gl_0089.jpg,MR051644,glioma,glioma,1,0.925635,,3,0.925635,0.045884,0.000129,0.028352
data/Testing/glioma/Te-gl_0090.jpg,MR051796B,glioma,glioma,1,0.999874,,3,0.999874,0.000060,0.000025,0.000042
data/Testing/glioma/Te-gl_0091.jpg,MR052550,glioma,glioma,1,0.999132,,3,0.999132,0.000372,0.000204,0.000292
data/Testing/glioma/Te-gl_0092.jpg,MR049942B,glioma,glioma,1,0.999922,,3,0.999922,0.000013,0.000018,0.000047
data/Testing/glioma/Te-gl_0093.jpg,MR047953C,glioma,glioma,1,0.996711,,3,0.996711,0.000172,0.000021,0.003095
data/Testing/glioma/Te-gl_0094.jpg,100820,glioma,glioma,1,0.819656,,3,0.819656,0.173156,0.006436,0.000752
data/Testing/glioma/Te-gl_0095.jpg,MR053110B,glioma,glioma,1,0.999413,,3,0.999413,0.000174,0.000378,0.000034
data/Testing/glioma/Te-gl_0096.jpg,MR050687C,glioma,glioma,1,0.999872,,3,0.999872,0.000009,0.000012,0.000107
data/Testing/glioma/Te-gl_0097.jpg,MR034997,glioma,glioma,1,0.999909,,3,0.999909,0.000063,0.000024,0.000004
data/Testing/glioma/Te-gl_0098.jpg,MR029209E,glioma,glioma,1,0.999566,,3,0.999566,0.000042,0.000372,0.000020
data/Testing/glioma/Te-gl_0099.jpg,MR053110E,glioma,glioma,1,0.990310,,3,0.990310,0.000847,0.000031,0.008811
data/Testing/glioma/Te-gl_0100.jpg,MR024780D,glioma,glioma,1,0.999089,,3,0.999089,0.000128,0.000748,0.000035
data/Testing/glioma/Te-gl_0101.jpg,MR038469,glioma,glioma,1,0.983170,,3,0.983170,0.011196,0.000263,0.005371
data/Testing/glioma/Te-gl_0102.jpg,MR032322C,glioma,glioma,1,0.994830,,3,0.994830,0.000882,0.003970,0.000318
data/Testing/glioma/Te-gl_0103.jpg,MR032322C,glioma,glioma,1,0.998859,,3,0.998859,0.000118,0.000789,0.000235
data/Testing/glioma/Te-gl_0104.jpg,MR032322C,glioma,glioma,1,0.999941,,3,0.999941,0.000022,0.000034,0.000004
data/Testing/glioma/Te-gl_0105.jpg,MR032322C,glioma,glioma,1,0.999802,,3,0.999802,0.000052,0.000139,0.000007
data/Testing/glioma/Te-gl_0106.jpg,MR037458B,glioma,glioma,1,0.998880,,3,0.998880,0.001065,0.000028,0.000027
data/Testing/glioma/Te-gl_0107.jpg,MR037458B,glioma,glioma,1,0.996840,,3,0.996840,0.002781,0.000371,0.000008
data/Testing/glioma/Te-gl_0108.jpg,MR039473,glioma,glioma,1,0.999973,,3,0.999973,0.000012,0.000009,0.000006
data/Testing/glioma/Te-gl_0109.jpg,MR039473B,glioma,glioma,1,0.589436,,3,0.589436,0.002103,0.003047,0.405414
data/Testing/glioma/Te-gl_0110.jpg,MR039473B,glioma,glioma,1,0.999898,,3,0.999898,0.000006,0.000001,0.000095
data/Testing/glioma/Te-gl_0111.jpg,MR039473B,glioma,glioma,1,0.999987,,3,0.999987,0.000002,0.000007,0.000003
data/Testing/glioma/Te-gl_0112.jpg,MR039473B,glioma,glioma,1,0.999997,,3,0.999997,0.000001,0.000001,0.000001
data/Testing/glioma/Te-gl_0113.jpg,MR037458C,glioma,glioma,1,0.999929,,3,0.999929,0.000062,0.000007,0.000002
data/Testing/glioma/Te-gl_0114.jpg,MR037458C,glioma,glioma,1,0.925189,,3,0.925189,0.074537,0.000193,0.000081
data/Testing/glioma/Te-gl_0115.jpg,MR040240,glioma,glioma,1,0.998285,,3,0.998285,0.000235,0.000010,0.001471
data/Testing/glioma/Te-gl_0116.jpg,MR040240,glioma,glioma,1,0.999997,,3,0.999997,0.000001,0.000000,0.000001
data/Testing/glioma/Te-gl_0117.jpg,MR040240,glioma,glioma,1,0.999994,,3,0.999994,0.000001,0.000002,0.000003
data/Testing/glioma/Te-gl_0118.jpg,MR040240,glioma,glioma,1,0.997513,,3,0.997513,0.001698,0.000548,0.000240
data/Testing/glioma/Te-gl_0119.jpg,MR040240B,glioma,glioma,1,0.999609,,3,0.999609,0.000079,0.000020,0.000292
data/Testing/glioma/Te-gl_0120.jpg,MR040240B,glioma,glioma,1,0.999998,,3,0.999998,0.000001,0.000000,0.000001
data/Testing/glioma/Te-gl_0121.jpg,MR024780B,glioma,glioma,1,0.998203,,3,0.998203,0.000447,0.001316,0.000033
data/Testing/glioma/Te-gl_0122.jpg,MR048994,glioma,glioma,1,0.999892,,3,0.999892,0.000053,0.000046,0.000009
data/Testing/glioma/Te-gl_0123.jpg,MR049104,glioma,glioma,1,0.999854,,3,0.999854,0.000089,0.000050,0.000007
data/Testing/glioma/Te-gl_0124.jpg,MR049104,glioma,glioma,1,0.999911,,3,0.999911,0.000013,0.000063,0.000014
data/Testing/glioma/Te-gl_0125.jpg,MR049142,glioma,glioma,1,0.996423,,3,0.996423,0.003148,0.000064,0.000365
data/Testing/glioma/Te-gl_0126.jpg,MR049142,glioma,glioma,1,0.994885,,3,0.994885,0.003061,0.000075,0.001979
data/Testing/glioma/Te-gl_0127.jpg,MR048994B,glioma,glioma,1,0.999812,,3,0.999812,0.000010,0.000164,0.000013
data/Testing/glioma/Te-gl_0128.jpg,MR048944B,glioma,glioma,1,0.999927,,3,0.999927,0.000048,0.000023,0.000003
data/Testing/glioma/Te-gl_0129.jpg,MR049358,glioma,glioma,1,0.999924,,3,0.999924,0.000007,0.000036,0.000034
data/Testing/glioma/Te-gl_0130.jpg,MR049358,glioma,glioma,1,0.999922,,3,0.999922,0.000022,0.000048,0.000009
data/Testing/glioma/Te-gl_0131.jpg,MR049453,glioma,glioma,1,0.999975,,3,0.999975,0.000003,0.000017,0.000005
data/Testing/glioma/Te-gl_0132.jpg,MR049453,glioma,glioma,1,0.999992,,3,0.999992,0.000003,0.000003,0.000001
data/Testing/glioma/Te-gl_0133.jpg,MR049453,glioma,glioma,1,0.999895,,3,0.999895,0.000017,0.000026,0.000063
data/Testing/glioma/Te-gl_0134.jpg,MR024780G,glioma,glioma,1,0.999957,,3,0.999957,0.000008,0.000023,0.000012
data/Testing/glioma/Te-gl_0135.jpg,MR029209I,glioma,glioma,1,0.999912,,3,0.999912,0.000011,0.000073,0.000004
data/Testing/glioma/Te-gl_0136.jpg,MR029209I,glioma,glioma,1,0.999923,,3,0.999923,0.000049,0.000014,0.000014
data/Testing/glioma/Te-gl_0137.jpg,MR048294,glioma,glioma,1,0.999424,,3,0.999424,0.000271,0.000186,0.000120
data/Testing/glioma/Te-gl_0138.jpg,MR048294,glioma,glioma,1,0.998879,,3,0.998879,0.000108,0.000639,0.000373
data/Testing/glioma/Te-gl_0139.jpg,MR048297,glioma,glioma,1,0.999941,,3,0.999941,0.000005,0.000049,0.000005
data/Testing/glioma/Te-gl_0140.jpg,MR048621B,glioma,glioma,1,0.999792,,3,0.999792,0.000027,0.000120,0.000061
data/Testing/glioma/Te-gl_0141.jpg,MR048621B,glioma,glioma,1,0.998736,,3,0.998736,0.000053,0.000600,0.000611
data/Testing/glioma/Te-gl_0142.jpg,MR048944,glioma,glioma,1,0.999947,,3,0.999947,0.000044,0.000007,0.000002
data/Testing/glioma/Te-gl_0143.jpg,MR040240,glioma,glioma,1,0.999713,,3,0.999713,0.000253,0.000023,0.000011
data/Testing/glioma/Te-gl_0144.jpg,MR040240,glioma,glioma,1,0.999965,,3,0.999965,0.000026,0.000004,0.000005
data/Testing/glioma/Te-gl_0145.jpg,MR040240B,glioma,glioma,1,0.999919,,3,0.999919,0.000052,0.000019,0.000010
data/Testing/glioma/Te-gl_0146.jpg,MR036496B,glioma,glioma,1,0.999841,,3,0.999841,0.000016,0.000133,0.000010
data/Testing/glioma/Te-gl_0147.jpg,MR033389B,glioma,glioma,1,0.999956,,3,0.999956,0.000026,0.000013,0.000006
data/Testing/glioma/Te-gl_0148.jpg,MR029209I,glioma,glioma,1,0.992817,,3,0.992817,0.001024,0.006002,0.000157
data/Testing/glioma/Te-gl_0149.jpg,MR029209I,glioma,glioma,1,0.999721,,3,0.999721,0.000037,0.000028,0.000213
data/Testing/glioma/Te-gl_0150.jpg,MR048294,glioma,glioma,1,0.995434,,3,0.995434,0.004164,0.000194,0.000208
data/Testing/glioma/Te-gl_0151.jpg,unmatched::data/Testing/glioma/Te-gl_0151.jpg,glioma,glioma,1,0.999964,,3,0.999964,0.000018,0.000004,0.000014
data/Testing/glioma/Te-gl_0152.jpg,MR051461B,glioma,glioma,1,0.996463,,3,0.996463,0.003099,0.000151,0.000287
data/Testing/glioma/Te-gl_0153.jpg,MR051644,glioma,glioma,1,0.999907,,3,0.999907,0.000054,0.000034,0.000005
data/Testing/glioma/Te-gl_0154.jpg,MR051644,glioma,glioma,1,0.999985,,3,0.999985,0.000002,0.000012,0.000001
data/Testing/glioma/Te-gl_0155.jpg,MR052550,glioma,glioma,1,0.999330,,3,0.999330,0.000020,0.000584,0.000066
data/Testing/glioma/Te-gl_0156.jpg,MR047953C,glioma,glioma,1,0.999880,,3,0.999880,0.000004,0.000032,0.000084
data/Testing/glioma/Te-gl_0157.jpg,MR029209E,glioma,glioma,1,0.999915,,3,0.999915,0.000045,0.000035,0.000005
data/Testing/glioma/Te-gl_0158.jpg,MR037458B,glioma,glioma,1,0.994969,,3,0.994969,0.004860,0.000160,0.000011
data/Testing/glioma/Te-gl_0159.jpg,MR037458B,glioma,glioma,1,0.992083,,3,0.992083,0.007825,0.000069,0.000023
data/Testing/glioma/Te-gl_0160.jpg,MR039473,glioma,glioma,1,0.999734,,3,0.999734,0.000076,0.000130,0.000061
data/Testing/glioma/Te-gl_0161.jpg,MR053110E,glioma,glioma,1,0.999752,,3,0.999752,0.000163,0.000017,0.000068
data/Testing/glioma/Te-gl_0162.jpg,MR053110E,glioma,glioma,1,0.999970,,3,0.999970,0.000014,0.000004,0.000012
data/Testing/glioma/Te-gl_0163.jpg,MR053110E,glioma,glioma,1,0.999939,,3,0.999939,0.000051,0.000003,0.000007
data/Testing/glioma/Te-gl_0164.jpg,MR049019G,glioma,glioma,1,0.999978,,3,0.999978,0.000000,0.000001,0.000022
data/Testing/glioma/Te-gl_0165.jpg,MR049019G,glioma,glioma,1,0.999794,,3,0.999794,0.000009,0.000010,0.000187
data/Testing/glioma/Te-gl_0166.jpg,MR024780D,glioma,glioma,1,0.999618,,3,0.999618,0.000328,0.000031,0.000023
data/Testing/glioma/Te-gl_0167.jpg,MR038469,glioma,glioma,1,0.999449,,3,0.999449,0.000179,0.000034,0.000337
data/Testing/glioma/Te-gl_0168.jpg,MR037458B,glioma,glioma,1,0.999543,,3,0.999543,0.000374,0.000067,0.000016
data/Testing/glioma/Te-gl_0169.jpg,MR039473,glioma,glioma,1,0.997449,,3,0.997449,0.000033,0.000145,0.002373
data/Testing/glioma/Te-gl_0170.jpg,MR039473,glioma,glioma,1,0.999842,,3,0.999842,0.000004,0.000008,0.000146
data/Testing/glioma/Te-gl_0171.jpg,MR039473B,glioma,glioma,1,0.999976,,3,0.999976,0.000003,0.000001,0.000020
data/Testing/glioma/Te-gl_0172.jpg,unmatched::data/Testing/glioma/Te-gl_0172.jpg,glioma,glioma,1,0.999885,,3,0.999885,0.000109,0.000005,0.000001
data/Testing/glioma/Te-gl_0173.jpg,MR048297,glioma,glioma,1,0.999981,,3,0.999981,0.000011,0.000005,0.000003
data/Testing/glioma/Te-gl_0174.jpg,MR048297,glioma,glioma,1,0.955961,,3,0.955961,0.043704,0.000317,0.000018
data/Testing/glioma/Te-gl_0175.jpg,MR048944,glioma,glioma,1,0.999998,,3,0.999998,0.000001,0.000001,0.000000
data/Testing/glioma/Te-gl_0176.jpg,MR048944,glioma,glioma,1,0.999991,,3,0.999991,0.000002,0.000006,0.000001
data/Testing/glioma/Te-gl_0177.jpg,MR048994,glioma,glioma,1,0.999314,,3,0.999314,0.000608,0.000031,0.000047
data/Testing/glioma/Te-gl_0178.jpg,MR048994,glioma,glioma,1,0.997840,,3,0.997840,0.002105,0.000033,0.000021
data/Testing/glioma/Te-gl_0179.jpg,MR049104,glioma,glioma,1,0.999970,,3,0.999970,0.000006,0.000002,0.000022
data/Testing/glioma/Te-gl_0180.jpg,MR048994B,glioma,glioma,1,0.999956,,3,0.999956,0.000025,0.000007,0.000012
data/Testing/glioma/Te-gl_0181.jpg,unmatched::data/Testing/glioma/Te-gl_0181.jpg,glioma,glioma,1,0.999948,,3,0.999948,0.000035,0.000009,0.000008
data/Testing/glioma/Te-gl_0182.jpg,MR048994B,glioma,glioma,1,0.999922,,3,0.999922,0.000055,0.000008,0.000015
data/Testing/glioma/Te-gl_0183.jpg,MR049358,glioma,glioma,1,0.999963,,3,0.999963,0.000013,0.000015,0.000010
data/Testing/glioma/Te-gl_0184.jpg,MR049358,glioma,glioma,1,0.996895,,3,0.996895,0.000228,0.000401,0.002476
data/Testing/glioma/Te-gl_0185.jpg,MR049104B,glioma,glioma,1,0.999054,,3,0.999054,0.000019,0.000071,0.000856
data/Testing/glioma/Te-gl_0186.jpg,MR049453,glioma,glioma,1,0.999520,,3,0.999520,0.000020,0.000015,0.000446
data/Testing/glioma/Te-gl_0187.jpg,MR049453,glioma,glioma,1,0.999992,,3,0.999992,0.000001,0.000003,0.000005
data/Testing/glioma/Te-gl_0188.jpg,MR024780G,glioma,glioma,1,0.999771,,3,0.999771,0.000162,0.000041,0.000025
data/Testing/glioma/Te-gl_0189.jpg,MR050135B,glioma,glioma,1,0.999995,,3,0.999995,0.000002,0.000002,0.000001
data/Testing/glioma/Te-gl_0190.jpg,MR050135B,glioma,glioma,1,0.999785,,3,0.999785,0.000052,0.000010,0.000152
data/Testing/glioma/Te-gl_0191.jpg,MR050687,glioma,glioma,1,0.999974,,3,0.999974,0.000022,0.000002,0.000002
data/Testing/glioma/Te-gl_0192.jpg,MR050791B,glioma,glioma,1,0.948521,,3,0.948521,0.050247,0.000412,0.000819
data/Testing/glioma/Te-gl_0193.jpg,MR049019C,glioma,glioma,1,0.999947,,3,0.999947,0.000014,0.000005,0.000034
data/Testing/glioma/Te-gl_0194.jpg,MR051461,glioma,glioma,1,0.999973,,3,0.999973,0.000016,0.000009,0.000001
data/Testing/glioma/Te-gl_0195.jpg,MR051461,glioma,glioma,1,0.999883,,3,0.999883,0.000096,0.000015,0.000006
data/Testing/glioma/Te-gl_0196.jpg,MR051461,glioma,glioma,1,0.999986,,3,0.999986,0.000012,0.000001,0.000001
data/Testing/glioma/Te-gl_0197.jpg,MR051586,glioma,glioma,1,0.999718,,3,0.999718,0.000241,0.000025,0.000016
data/Testing/glioma/Te-gl_0198.jpg,MR051586,glioma,glioma,1,0.999702,,3,0.999702,0.000210,0.000083,0.000006
data/Testing/glioma/Te-gl_0199.jpg,MR051586,glioma,glioma,1,0.999908,,3,0.999908,0.000019,0.000056,0.000017
data/Testing/glioma/Te-gl_0200.jpg,MR051644,glioma,glioma,1,0.999955,,3,0.999955,0.000021,0.000022,0.000001
data/Testing/glioma/Te-gl_0201.jpg,MR051644,glioma,glioma,1,0.999808,,3,0.999808,0.000158,0.000019,0.000015
data/Testing/glioma/Te-gl_0202.jpg,MR051644,glioma,glioma,1,0.999859,,3,0.999859,0.000091,0.000041,0.000009
data/Testing/glioma/Te-gl_0203.jpg,MR051644,glioma,glioma,1,0.999861,,3,0.999861,0.000078,0.000047,0.000014
data/Testing/glioma/Te-gl_0204.jpg,MR051651,glioma,glioma,1,0.998174,,3,0.998174,0.001716,0.000042,0.000068
data/Testing/glioma/Te-gl_0205.jpg,MR051796,glioma,glioma,1,0.999437,,3,0.999437,0.000354,0.000114,0.000094
data/Testing/glioma/Te-gl_0206.jpg,MR051796,glioma,glioma,1,0.999279,,3,0.999279,0.000460,0.000028,0.000233
data/Testing/glioma/Te-gl_0207.jpg,MR051651B,glioma,glioma,1,0.999851,,3,0.999851,0.000078,0.000006,0.000066
data/Testing/glioma/Te-gl_0208.jpg,MR051651B,glioma,glioma,1,0.998629,,3,0.998629,0.001326,0.000032,0.000014
data/Testing/glioma/Te-gl_0209.jpg,MR051644B,glioma,glioma,1,0.999942,,3,0.999942,0.000001,0.000004,0.000053
data/Testing/glioma/Te-gl_0210.jpg,MR051644B,glioma,glioma,1,0.999978,,3,0.999978,0.000010,0.000009,0.000004
data/Testing/glioma/Te-gl_0211.jpg,MR051796B,glioma,glioma,1,0.999828,,3,0.999828,0.000069,0.000012,0.000090
data/Testing/glioma/Te-gl_0212.jpg,MR052550,glioma,glioma,1,0.999760,,3,0.999760,0.000143,0.000041,0.000056
data/Testing/glioma/Te-gl_0213.jpg,MR052550,glioma,glioma,1,0.999940,,3,0.999940,0.000027,0.000019,0.000014
data/Testing/glioma/Te-gl_0214.jpg,MR052550,glioma,glioma,1,0.999910,,3,0.999910,0.000028,0.000030,0.000032
data/Testing/glioma/Te-gl_0215.jpg,MR052550,glioma,glioma,1,0.999617,,3,0.999617,0.000295,0.000016,0.000073
data/Testing/glioma/Te-gl_0216.jpg,MR051644C,glioma,glioma,1,0.999971,,3,0.999971,0.000002,0.000008,0.000019
data/Testing/glioma/Te-gl_0217.jpg,MR051644C,glioma,glioma,1,0.999876,,3,0.999876,0.000076,0.000008,0.000040
data/Testing/glioma/Te-gl_0218.jpg,MR051644C,glioma,glioma,1,0.999945,,3,0.999945,0.000015,0.000006,0.000034
data/Testing/glioma/Te-gl_0219.jpg,MR049942B,glioma,glioma,1,0.999891,,3,0.999891,0.000001,0.000009,0.000098
data/Testing/glioma/Te-gl_0220.jpg,unmatched::data/Testing/glioma/Te-gl_0220.jpg,glioma,glioma,1,0.999955,,3,0.999955,0.000031,0.000001,0.000014
data/Testing/glioma/Te-gl_0221.jpg,MR034694,glioma,glioma,1,0.999735,,3,0.999735,0.000049,0.000099,0.000116
data/Testing/glioma/Te-gl_0222.jpg,MR054875,glioma,glioma,1,0.997692,,3,0.997692,0.000432,0.000126,0.001750
data/Testing/glioma/Te-gl_0223.jpg,MR050687C,glioma,glioma,1,0.999918,,3,0.999918,0.000037,0.000006,0.000039
data/Testing/glioma/Te-gl_0224.jpg,MR034997,glioma,glioma,1,0.999980,,3,0.999980,0.000007,0.000003,0.000010
data/Testing/glioma/Te-gl_0225.jpg,MR033389B,glioma,glioma,1,0.998924,,3,0.998924,0.000566,0.000359,0.000150
data/Testing/glioma/Te-gl_0226.jpg,MR033389B,glioma,glioma,1,0.999939,,3,0.999939,0.000001,0.000038,0.000022
data/Testing/glioma/Te-gl_0227.jpg,unmatched::data/Testing/glioma/Te-gl_0227.jpg,glioma,glioma,1,0.998695,,3,0.998695,0.001032,0.000039,0.000234
data/Testing/glioma/Te-gl_0228.jpg,MR029209I,glioma,glioma,1,0.999802,,3,0.999802,0.000064,0.000049,0.000084
data/Testing/glioma/Te-gl_0229.jpg,107747,glioma,glioma,1,0.999694,,3,0.999694,0.000281,0.000018,0.000007
data/Testing/glioma/Te-gl_0230.jpg,112105,glioma,glioma,1,0.997273,,3,0.997273,0.000862,0.001594,0.000271
data/Testing/glioma/Te-gl_0231.jpg,112105,glioma,glioma,1,0.998958,,3,0.998958,0.000171,0.000522,0.000348
data/Testing/glioma/Te-gl_0232.jpg,100820,glioma,meningioma,0,0.665909,,3,0.331670,0.665909,0.000459,0.001962
data/Testing/glioma/Te-gl_0233.jpg,100820,glioma,glioma,1,0.998789,,3,0.998789,0.000941,0.000162,0.000107
data/Testing/glioma/Te-gl_0234.jpg,100820,glioma,glioma,1,0.914794,,3,0.914794,0.078024,0.005926,0.001256
data/Testing/glioma/Te-gl_0235.jpg,101020,glioma,glioma,1,0.998842,,3,0.998842,0.001110,0.000025,0.000023
data/Testing/glioma/Te-gl_0236.jpg,101020,glioma,glioma,1,0.999439,,3,0.999439,0.000538,0.000016,0.000007
data/Testing/glioma/Te-gl_0237.jpg,102075,glioma,meningioma,0,0.983985,,3,0.015259,0.983985,0.000137,0.000619
data/Testing/glioma/Te-gl_0238.jpg,103148,glioma,glioma,1,0.993969,,3,0.993969,0.005498,0.000420,0.000112
data/Testing/glioma/Te-gl_0239.jpg,103148,glioma,glioma,1,0.955464,,3,0.955464,0.043067,0.000797,0.000672
data/Testing/glioma/Te-gl_0240.jpg,unmatched::data/Testing/glioma/Te-gl_0240.jpg,glioma,glioma,1,0.999911,,3,0.999911,0.000086,0.000002,0.000001
data/Testing/glioma/Te-gl_0241.jpg,107747,glioma,glioma,1,0.999684,,3,0.999684,0.000153,0.000074,0.000089
data/Testing/glioma/Te-gl_0242.jpg,112027,glioma,glioma,1,0.996316,,3,0.996316,0.003595,0.000073,0.000015
data/Testing/glioma/Te-gl_0243.jpg,112105,glioma,glioma,1,0.999894,,3,0.999894,0.000091,0.000013,0.000003
data/Testing/glioma/Te-gl_0244.jpg,112105,glioma,glioma,1,0.999938,,3,0.999938,0.000044,0.000013,0.000005
data/Testing/glioma/Te-gl_0245.jpg,112105,glioma,glioma,1,0.999592,,3,0.999592,0.000351,0.000054,0.000003
data/Testing/glioma/Te-gl_0246.jpg,88670,glioma,glioma,1,0.999148,,3,0.999148,0.000491,0.000321,0.000041
data/Testing/glioma/Te-gl_0247.jpg,88670,glioma,glioma,1,0.841943,,3,0.841943,0.156290,0.001534,0.000232
data/Testing/glioma/Te-gl_0248.jpg,90284,glioma,glioma,1,0.999469,,3,0.999469,0.000454,0.000054,0.000024
data/Testing/glioma/Te-gl_0249.jpg,90284,glioma,glioma,1,0.908976,,3,0.908976,0.089591,0.000926,0.000507
data/Testing/glioma/Te-gl_0250.jpg,90284,glioma,glioma,1,0.992364,,3,0.992364,0.006439,0.000624,0.000574
data/Testing/glioma/Te-gl_0251.jpg,90284,glioma,glioma,1,0.999843,,3,0.999843,0.000119,0.000036,0.000002
data/Testing/glioma/Te-gl_0252.jpg,93825,glioma,glioma,1,0.975804,,3,0.975804,0.015141,0.004139,0.004917
data/Testing/glioma/Te-gl_0253.jpg,97609,glioma,glioma,1,0.999559,,3,0.999559,0.000403,0.000009,0.000029
data/Testing/glioma/Te-gl_0254.jpg,97609,glioma,glioma,1,0.999717,,3,0.999717,0.000247,0.000012,0.000024
data/Testing/glioma/Te-gl_0255.jpg,97609,glioma,glioma,1,0.917857,,3,0.917857,0.081944,0.000074,0.000126
data/Testing/glioma/Te-gl_0256.jpg,100416,glioma,glioma,1,0.996861,,3,0.996861,0.002999,0.000087,0.000053
data/Testing/glioma/Te-gl_0257.jpg,100416,glioma,glioma,1,0.997306,,3,0.997306,0.002665,0.000017,0.000012
data/Testing/glioma/Te-gl_0258.jpg,100820,glioma,glioma,1,0.948649,,3,0.948649,0.051208,0.000111,0.000031
data/Testing/glioma/Te-gl_0259.jpg,100820,glioma,glioma,1,0.736387,,3,0.736387,0.190162,0.072455,0.000996
data/Testing/glioma/Te-gl_0260.jpg,101020,glioma,glioma,1,0.999015,,3,0.999015,0.000955,0.000011,0.000019
data/Testing/glioma/Te-gl_0261.jpg,101020,glioma,glioma,1,0.990464,,3,0.990464,0.009463,0.000056,0.000017
data/Testing/glioma/Te-gl_0262.jpg,101020,glioma,glioma,1,0.999941,,3,0.999941,0.000057,0.000001,0.000000
data/Testing/glioma/Te-gl_0263.jpg,103148,glioma,glioma,1,0.986918,,3,0.986918,0.012667,0.000045,0.000369
data/Testing/glioma/Te-gl_0264.jpg,103148,glioma,glioma,1,0.953469,,3,0.953469,0.046212,0.000118,0.000201
data/Testing/glioma/Te-gl_0265.jpg,105653,glioma,meningioma,0,0.780196,,3,0.212618,0.780196,0.001198,0.005987
data/Testing/glioma/Te-gl_0266.jpg,107747,glioma,glioma,1,0.999579,,3,0.999579,0.000193,0.000062,0.000166
data/Testing/glioma/Te-gl_0267.jpg,107747,glioma,glioma,1,0.871289,,3,0.871289,0.103579,0.023714,0.001419
data/Testing/glioma/Te-gl_0268.jpg,108479,glioma,glioma,1,0.838274,,3,0.838274,0.144011,0.000652,0.017063
data/Testing/glioma/Te-gl_0269.jpg,112105,glioma,glioma,1,0.999904,,3,0.999904,0.000069,0.000014,0.000013
data/Testing/glioma/Te-gl_0270.jpg,88670,glioma,glioma,1,0.999811,,3,0.999811,0.000178,0.000006,0.000004
data/Testing/glioma/Te-gl_0271.jpg,90284,glioma,glioma,1,0.991537,,3,0.991537,0.007237,0.000758,0.000468
data/Testing/glioma/Te-gl_0272.jpg,90284,glioma,glioma,1,0.881147,,3,0.881147,0.059005,0.031957,0.027890
data/Testing/glioma/Te-gl_0273.jpg,90284,glioma,glioma,1,0.999872,,3,0.999872,0.000098,0.000018,0.000012
data/Testing/glioma/Te-gl_0274.jpg,90284,glioma,glioma,1,0.999917,,3,0.999917,0.000076,0.000003,0.000004
data/Testing/glioma/Te-gl_0275.jpg,93329,glioma,glioma,1,0.999603,,3,0.999603,0.000355,0.000004,0.000039
data/Testing/glioma/Te-gl_0276.jpg,93329,glioma,glioma,1,0.997921,,3,0.997921,0.002050,0.000008,0.000021
data/Testing/glioma/Te-gl_0277.jpg,93329,glioma,glioma,1,0.987459,,3,0.987459,0.011787,0.000149,0.000604
data/Testing/glioma/Te-gl_0278.jpg,93825,glioma,glioma,1,0.999246,,3,0.999246,0.000416,0.000042,0.000296
data/Testing/glioma/Te-gl_0279.jpg,94731,glioma,glioma,1,0.999528,,3,0.999528,0.000380,0.000011,0.000081
data/Testing/glioma/Te-gl_0280.jpg,95142,glioma,glioma,1,0.982709,,3,0.982709,0.015618,0.000346,0.001328
data/Testing/glioma/Te-gl_0281.jpg,95142,glioma,glioma,1,0.990079,,3,0.990079,0.005723,0.000379,0.003818
data/Testing/glioma/Te-gl_0282.jpg,96587,glioma,glioma,1,0.998090,,3,0.998090,0.001780,0.000055,0.000075
data/Testing/glioma/Te-gl_0283.jpg,97609,glioma,glioma,1,0.996321,,3,0.996321,0.003576,0.000068,0.000034
data/Testing/glioma/Te-gl_0284.jpg,unmatched::data/Testing/glioma/Te-gl_0284.jpg,glioma,glioma,1,0.999945,,3,0.999945,0.000037,0.000002,0.000017
data/Testing/glioma/Te-gl_0285.jpg,98889,glioma,glioma,1,0.999820,,3,0.999820,0.000153,0.000017,0.000011
data/Testing/glioma/Te-gl_0286.jpg,MR048294,glioma,glioma,1,0.999767,,3,0.999767,0.000101,0.000111,0.000020
data/Testing/glioma/Te-gl_0287.jpg,MR048294,glioma,glioma,1,0.999838,,3,0.999838,0.000082,0.000073,0.000008
data/Testing/glioma/Te-gl_0288.jpg,MR048297,glioma,glioma,1,0.999400,,3,0.999400,0.000511,0.000089,0.000001
data/Testing/glioma/Te-gl_0289.jpg,MR048621B,glioma,glioma,1,0.997688,,3,0.997688,0.001710,0.000184,0.000418
data/Testing/glioma/Te-gl_0290.jpg,MR048944,glioma,glioma,1,0.992120,,3,0.992120,0.007482,0.000237,0.000162
data/Testing/glioma/Te-gl_0291.jpg,MR048944,glioma,glioma,1,0.999563,,3,0.999563,0.000326,0.000020,0.000091
data/Testing/glioma/Te-gl_0292.jpg,MR048994,glioma,glioma,1,0.999951,,3,0.999951,0.000042,0.000005,0.000001
data/Testing/glioma/Te-gl_0293.jpg,MR048994,glioma,glioma,1,0.999596,,3,0.999596,0.000393,0.000006,0.000004
data/Testing/glioma/Te-gl_0294.jpg,MR049104,glioma,glioma,1,0.998727,,3,0.998727,0.000028,0.000069,0.001176
data/Testing/glioma/Te-gl_0295.jpg,MR049142,glioma,glioma,1,0.949047,,3,0.949047,0.049887,0.000878,0.000189
data/Testing/glioma/Te-gl_0296.jpg,MR048994B,glioma,glioma,1,0.999840,,3,0.999840,0.000105,0.000041,0.000013
data/Testing/glioma/Te-gl_0297.jpg,unmatched::data/Testing/glioma/Te-gl_0297.jpg,glioma,glioma,1,0.999914,,3,0.999914,0.000072,0.000006,0.000008
data/Testing/glioma/Te-gl_0298.jpg,MR048944B,glioma,glioma,1,0.999920,,3,0.999920,0.000009,0.000067,0.000004
data/Testing/glioma/Te-gl_0299.jpg,MR049358,glioma,glioma,1,0.996152,,3,0.996152,0.001307,0.000371,0.002169
data/Testing/meningioma/Te-meTr_0000.jpg,unmatched::data/Testing/meningioma/Te-meTr_0000.jpg,meningioma,meningioma,1,0.916332,,3,0.029893,0.916332,0.053168,0.000607
data/Testing/meningioma/Te-meTr_0001.jpg,unmatched::data/Testing/meningioma/Te-meTr_0001.jpg,meningioma,meningioma,1,0.997813,,3,0.000692,0.997813,0.000182,0.001313
data/Testing/meningioma/Te-meTr_0002.jpg,unmatched::data/Testing/meningioma/Te-meTr_0002.jpg,meningioma,meningioma,1,0.953957,,3,0.001372,0.953957,0.013105,0.031566
data/Testing/meningioma/Te-meTr_0003.jpg,unmatched::data/Testing/meningioma/Te-meTr_0003.jpg,meningioma,meningioma,1,0.996093,,3,0.001592,0.996093,0.001986,0.000329
data/Testing/meningioma/Te-meTr_0004.jpg,unmatched::data/Testing/meningioma/Te-meTr_0004.jpg,meningioma,meningioma,1,0.983001,,3,0.000020,0.983001,0.016901,0.000079
data/Testing/meningioma/Te-meTr_0005.jpg,unmatched::data/Testing/meningioma/Te-meTr_0005.jpg,meningioma,meningioma,1,0.999945,,3,0.000005,0.999945,0.000032,0.000018
data/Testing/meningioma/Te-meTr_0006.jpg,unmatched::data/Testing/meningioma/Te-meTr_0006.jpg,meningioma,notumor,0,0.645808,,3,0.003394,0.345468,0.645808,0.005330
data/Testing/meningioma/Te-meTr_0007.jpg,unmatched::data/Testing/meningioma/Te-meTr_0007.jpg,meningioma,meningioma,1,0.993508,,3,0.001118,0.993508,0.000220,0.005154
data/Testing/meningioma/Te-meTr_0008.jpg,unmatched::data/Testing/meningioma/Te-meTr_0008.jpg,meningioma,meningioma,1,0.999945,,3,0.000018,0.999945,0.000021,0.000015
data/Testing/meningioma/Te-meTr_0009.jpg,unmatched::data/Testing/meningioma/Te-meTr_0009.jpg,meningioma,meningioma,1,0.996344,,3,0.000175,0.996344,0.003255,0.000226
data/Testing/meningioma/Te-me_0010.jpg,unmatched::data/Testing/meningioma/Te-me_0010.jpg,meningioma,meningioma,1,0.996631,,3,0.000293,0.996631,0.001152,0.001924
data/Testing/meningioma/Te-me_0011.jpg,unmatched::data/Testing/meningioma/Te-me_0011.jpg,meningioma,meningioma,1,0.998194,,3,0.000030,0.998194,0.000880,0.000896
data/Testing/meningioma/Te-me_0012.jpg,unmatched::data/Testing/meningioma/Te-me_0012.jpg,meningioma,meningioma,1,0.999966,,3,0.000004,0.999966,0.000006,0.000025
data/Testing/meningioma/Te-me_0013.jpg,unmatched::data/Testing/meningioma/Te-me_0013.jpg,meningioma,meningioma,1,0.999922,,3,0.000023,0.999922,0.000016,0.000039
data/Testing/meningioma/Te-me_0014.jpg,unmatched::data/Testing/meningioma/Te-me_0014.jpg,meningioma,meningioma,1,0.999953,,3,0.000016,0.999953,0.000022,0.000009
data/Testing/meningioma/Te-me_0015.jpg,unmatched::data/Testing/meningioma/Te-me_0015.jpg,meningioma,meningioma,1,0.999391,,3,0.000040,0.999391,0.000403,0.000165
data/Testing/meningioma/Te-me_0016.jpg,unmatched::data/Testing/meningioma/Te-me_0016.jpg,meningioma,meningioma,1,0.948240,,3,0.026061,0.948240,0.018187,0.007512
data/Testing/meningioma/Te-me_0017.jpg,unmatched::data/Testing/meningioma/Te-me_0017.jpg,meningioma,meningioma,1,0.980907,,3,0.000022,0.980907,0.018977,0.000093
data/Testing/meningioma/Te-me_0018.jpg,unmatched::data/Testing/meningioma/Te-me_0018.jpg,meningioma,meningioma,1,0.995805,,3,0.000074,0.995805,0.000054,0.004068
data/Testing/meningioma/Te-me_0019.jpg,unmatched::data/Testing/meningioma/Te-me_0019.jpg,meningioma,meningioma,1,0.962860,,3,0.000028,0.962860,0.000297,0.036815
data/Testing/meningioma/Te-me_0020.jpg,unmatched::data/Testing/meningioma/Te-me_0020.jpg,meningioma,meningioma,1,0.999951,,3,0.000005,0.999951,0.000027,0.000017
data/Testing/meningioma/Te-me_0021.jpg,unmatched::data/Testing/meningioma/Te-me_0021.jpg,meningioma,meningioma,1,0.997965,,3,0.000583,0.997965,0.000320,0.001131
data/Testing/meningioma/Te-me_0022.jpg,unmatched::data/Testing/meningioma/Te-me_0022.jpg,meningioma,meningioma,1,0.698466,,3,0.123817,0.698466,0.088181,0.089536
data/Testing/meningioma/Te-me_0023.jpg,unmatched::data/Testing/meningioma/Te-me_0023.jpg,meningioma,meningioma,1,0.999945,,3,0.000006,0.999945,0.000007,0.000043
data/Testing/meningioma/Te-me_0024.jpg,unmatched::data/Testing/meningioma/Te-me_0024.jpg,meningioma,meningioma,1,0.999591,,3,0.000004,0.999591,0.000222,0.000183
data/Testing/meningioma/Te-me_0025.jpg,unmatched::data/Testing/meningioma/Te-me_0025.jpg,meningioma,meningioma,1,0.993947,,3,0.000156,0.993947,0.000482,0.005415
data/Testing/meningioma/Te-me_0026.jpg,unmatched::data/Testing/meningioma/Te-me_0026.jpg,meningioma,meningioma,1,0.999800,,3,0.000057,0.999800,0.000016,0.000128
data/Testing/meningioma/Te-me_0027.jpg,unmatched::data/Testing/meningioma/Te-me_0027.jpg,meningioma,meningioma,1,0.999112,,3,0.000017,0.999112,0.000065,0.000806
data/Testing/meningioma/Te-me_0028.jpg,unmatched::data/Testing/meningioma/Te-me_0028.jpg,meningioma,meningioma,1,0.890254,,3,0.007168,0.890254,0.094120,0.008459
data/Testing/meningioma/Te-me_0029.jpg,unmatched::data/Testing/meningioma/Te-me_0029.jpg,meningioma,meningioma,1,0.993552,,3,0.000084,0.993552,0.006010,0.000354
data/Testing/meningioma/Te-me_0030.jpg,unmatched::data/Testing/meningioma/Te-me_0030.jpg,meningioma,meningioma,1,0.999878,,3,0.000032,0.999878,0.000069,0.000022
data/Testing/meningioma/Te-me_0031.jpg,unmatched::data/Testing/meningioma/Te-me_0031.jpg,meningioma,meningioma,1,0.996631,,3,0.000293,0.996631,0.001152,0.001924
data/Testing/meningioma/Te-me_0032.jpg,unmatched::data/Testing/meningioma/Te-me_0032.jpg,meningioma,meningioma,1,0.994685,,3,0.003669,0.994685,0.000693,0.000953
data/Testing/meningioma/Te-me_0033.jpg,unmatched::data/Testing/meningioma/Te-me_0033.jpg,meningioma,meningioma,1,0.999710,,3,0.000003,0.999710,0.000217,0.000071
data/Testing/meningioma/Te-me_0034.jpg,unmatched::data/Testing/meningioma/Te-me_0034.jpg,meningioma,meningioma,1,0.999893,,3,0.000004,0.999893,0.000067,0.000037
data/Testing/meningioma/Te-me_0035.jpg,unmatched::data/Testing/meningioma/Te-me_0035.jpg,meningioma,meningioma,1,0.999956,,3,0.000007,0.999956,0.000005,0.000031
data/Testing/meningioma/Te-me_0036.jpg,unmatched::data/Testing/meningioma/Te-me_0036.jpg,meningioma,meningioma,1,0.999960,,3,0.000034,0.999960,0.000003,0.000003
data/Testing/meningioma/Te-me_0037.jpg,unmatched::data/Testing/meningioma/Te-me_0037.jpg,meningioma,notumor,0,0.995571,,3,0.001046,0.002852,0.995571,0.000530
data/Testing/meningioma/Te-me_0038.jpg,unmatched::data/Testing/meningioma/Te-me_0038.jpg,meningioma,meningioma,1,0.999962,,3,0.000016,0.999962,0.000011,0.000011
data/Testing/meningioma/Te-me_0039.jpg,unmatched::data/Testing/meningioma/Te-me_0039.jpg,meningioma,meningioma,1,0.998026,,3,0.000033,0.998026,0.000764,0.001177
data/Testing/meningioma/Te-me_0040.jpg,unmatched::data/Testing/meningioma/Te-me_0040.jpg,meningioma,meningioma,1,0.999258,,3,0.000567,0.999258,0.000074,0.000100
data/Testing/meningioma/Te-me_0041.jpg,unmatched::data/Testing/meningioma/Te-me_0041.jpg,meningioma,meningioma,1,0.919652,,3,0.038574,0.919652,0.030279,0.011495
data/Testing/meningioma/Te-me_0042.jpg,unmatched::data/Testing/meningioma/Te-me_0042.jpg,meningioma,meningioma,1,0.999859,,3,0.000020,0.999859,0.000018,0.000103
data/Testing/meningioma/Te-me_0043.jpg,unmatched::data/Testing/meningioma/Te-me_0043.jpg,meningioma,meningioma,1,0.996559,,3,0.000854,0.996559,0.000174,0.002412
data/Testing/meningioma/Te-me_0044.jpg,unmatched::data/Testing/meningioma/Te-me_0044.jpg,meningioma,meningioma,1,0.999973,,3,0.000002,0.999973,0.000016,0.000009
data/Testing/meningioma/Te-me_0045.jpg,unmatched::data/Testing/meningioma/Te-me_0045.jpg,meningioma,meningioma,1,0.581213,,3,0.000035,0.581213,0.020851,0.397901
data/Testing/meningioma/Te-me_0046.jpg,unmatched::data/Testing/meningioma/Te-me_0046.jpg,meningioma,pituitary,0,0.938537,,3,0.000119,0.052968,0.008376,0.938537
data/Testing/meningioma/Te-me_0047.jpg,unmatched::data/Testing/meningioma/Te-me_0047.jpg,meningioma,meningioma,1,0.989949,,3,0.005110,0.989949,0.004395,0.000545
data/Testing/meningioma/Te-me_0048.jpg,unmatched::data/Testing/meningioma/Te-me_0048.jpg,meningioma,meningioma,1,0.846273,,3,0.004388,0.846273,0.011390,0.137949
data/Testing/meningioma/Te-me_0049.jpg,unmatched::data/Testing/meningioma/Te-me_0049.jpg,meningioma,meningioma,1,0.999933,,3,0.000021,0.999933,0.000034,0.000012
data/Testing/meningioma/Te-me_0050.jpg,unmatched::data/Testing/meningioma/Te-me_0050.jpg,meningioma,meningioma,1,0.995297,,3,0.000070,0.995297,0.001765,0.002869
data/Testing/meningioma/Te-me_0051.jpg,unmatched::data/Testing/meningioma/Te-me_0051.jpg,meningioma,meningioma,1,0.949908,,3,0.004360,0.949908,0.007625,0.038106
data/Testing/meningioma/Te-me_0052.jpg,unmatched::data/Testing/meningioma/Te-me_0052.jpg,meningioma,meningioma,1,0.985700,,3,0.000118,0.985700,0.000390,0.013792
data/Testing/meningioma/Te-me_0053.jpg,unmatched::data/Testing/meningioma/Te-me_0053.jpg,meningioma,meningioma,1,0.996245,,3,0.002546,0.996245,0.000888,0.000320
data/Testing/meningioma/Te-me_0054.jpg,unmatched::data/Testing/meningioma/Te-me_0054.jpg,meningioma,meningioma,1,0.999838,,3,0.000026,0.999838,0.000020,0.000116
data/Testing/meningioma/Te-me_0055.jpg,unmatched::data/Testing/meningioma/Te-me_0055.jpg,meningioma,meningioma,1,0.992736,,3,0.002938,0.992736,0.000385,0.003941
data/Testing/meningioma/Te-me_0056.jpg,unmatched::data/Testing/meningioma/Te-me_0056.jpg,meningioma,meningioma,1,0.983923,,3,0.000240,0.983923,0.003879,0.011958
data/Testing/meningioma/Te-me_0057.jpg,unmatched::data/Testing/meningioma/Te-me_0057.jpg,meningioma,meningioma,1,0.995556,,3,0.000394,0.995556,0.000399,0.003651
data/Testing/meningioma/Te-me_0058.jpg,unmatched::data/Testing/meningioma/Te-me_0058.jpg,meningioma,meningioma,1,0.988429,,3,0.000932,0.988429,0.002403,0.008236
data/Testing/meningioma/Te-me_0059.jpg,unmatched::data/Testing/meningioma/Te-me_0059.jpg,meningioma,meningioma,1,0.835320,,3,0.000268,0.835320,0.163299,0.001113
data/Testing/meningioma/Te-me_0060.jpg,unmatched::data/Testing/meningioma/Te-me_0060.jpg,meningioma,meningioma,1,0.995449,,3,0.000246,0.995449,0.000317,0.003988
data/Testing/meningioma/Te-me_0061.jpg,unmatched::data/Testing/meningioma/Te-me_0061.jpg,meningioma,meningioma,1,0.999997,,3,0.000003,0.999997,0.000000,0.000001
data/Testing/meningioma/Te-me_0062.jpg,unmatched::data/Testing/meningioma/Te-me_0062.jpg,meningioma,meningioma,1,0.999449,,3,0.000033,0.999449,0.000480,0.000039
data/Testing/meningioma/Te-me_0063.jpg,unmatched::data/Testing/meningioma/Te-me_0063.jpg,meningioma,meningioma,1,0.975806,,3,0.002821,0.975806,0.004201,0.017172
data/Testing/meningioma/Te-me_0064.jpg,unmatched::data/Testing/meningioma/Te-me_0064.jpg,meningioma,meningioma,1,0.990755,,3,0.001030,0.990755,0.004678,0.003537
data/Testing/meningioma/Te-me_0065.jpg,unmatched::data/Testing/meningioma/Te-me_0065.jpg,meningioma,meningioma,1,0.999627,,3,0.000080,0.999627,0.000257,0.000036
data/Testing/meningioma/Te-me_0066.jpg,unmatched::data/Testing/meningioma/Te-me_0066.jpg,meningioma,meningioma,1,0.772023,,3,0.142560,0.772023,0.003956,0.081461
data/Testing/meningioma/Te-me_0067.jpg,unmatched::data/Testing/meningioma/Te-me_0067.jpg,meningioma,meningioma,1,0.998838,,3,0.000542,0.998838,0.000303,0.000317
data/Testing/meningioma/Te-me_0068.jpg,unmatched::data/Testing/meningioma/Te-me_0068.jpg,meningioma,meningioma,1,0.999771,,3,0.000062,0.999771,0.000020,0.000147
data/Testing/meningioma/Te-me_0069.jpg,unmatched::data/Testing/meningioma/Te-me_0069.jpg,meningioma,meningioma,1,0.803960,,3,0.001596,0.803960,0.185628,0.008816
data/Testing/meningioma/Te-me_0070.jpg,unmatched::data/Testing/meningioma/Te-me_0070.jpg,meningioma,meningioma,1,0.994999,,3,0.000497,0.994999,0.001133,0.003371
data/Testing/meningioma/Te-me_0071.jpg,unmatched::data/Testing/meningioma/Te-me_0071.jpg,meningioma,meningioma,1,0.989350,,3,0.004618,0.989350,0.003705,0.002327
data/Testing/meningioma/Te-me_0072.jpg,unmatched::data/Testing/meningioma/Te-me_0072.jpg,meningioma,meningioma,1,0.992931,,3,0.000345,0.992931,0.001036,0.005689
data/Testing/meningioma/Te-me_0073.jpg,unmatched::data/Testing/meningioma/Te-me_0073.jpg,meningioma,meningioma,1,0.989350,,3,0.004618,0.989350,0.003705,0.002327
data/Testing/meningioma/Te-me_0074.jpg,unmatched::data/Testing/meningioma/Te-me_0074.jpg,meningioma,meningioma,1,1.000000,,3,0.000000,1.000000,0.000000,0.000000
data/Testing/meningioma/Te-me_0075.jpg,unmatched::data/Testing/meningioma/Te-me_0075.jpg,meningioma,meningioma,1,0.998355,,3,0.001487,0.998355,0.000137,0.000020
data/Testing/meningioma/Te-me_0076.jpg,unmatched::data/Testing/meningioma/Te-me_0076.jpg,meningioma,meningioma,1,0.928445,,3,0.003614,0.928445,0.061119,0.006822
data/Testing/meningioma/Te-me_0077.jpg,unmatched::data/Testing/meningioma/Te-me_0077.jpg,meningioma,meningioma,1,0.999582,,3,0.000007,0.999582,0.000018,0.000393
data/Testing/meningioma/Te-me_0078.jpg,unmatched::data/Testing/meningioma/Te-me_0078.jpg,meningioma,meningioma,1,0.999992,,3,0.000000,0.999992,0.000001,0.000008
data/Testing/meningioma/Te-me_0079.jpg,unmatched::data/Testing/meningioma/Te-me_0079.jpg,meningioma,meningioma,1,0.993727,,3,0.000141,0.993727,0.003103,0.003028
data/Testing/meningioma/Te-me_0080.jpg,unmatched::data/Testing/meningioma/Te-me_0080.jpg,meningioma,meningioma,1,0.985462,,3,0.000441,0.985462,0.000369,0.013728
data/Testing/meningioma/Te-me_0081.jpg,unmatched::data/Testing/meningioma/Te-me_0081.jpg,meningioma,meningioma,1,0.999431,,3,0.000004,0.999431,0.000209,0.000356
data/Testing/meningioma/Te-me_0082.jpg,unmatched::data/Testing/meningioma/Te-me_0082.jpg,meningioma,meningioma,1,0.999932,,3,0.000004,0.999932,0.000037,0.000027
data/Testing/meningioma/Te-me_0083.jpg,unmatched::data/Testing/meningioma/Te-me_0083.jpg,meningioma,meningioma,1,0.953797,,3,0.021991,0.953797,0.023300,0.000913
data/Testing/meningioma/Te-me_0084.jpg,unmatched::data/Testing/meningioma/Te-me_0084.jpg,meningioma,meningioma,1,0.998905,,3,0.000139,0.998905,0.000370,0.000586
data/Testing/meningioma/Te-me_0085.jpg,unmatched::data/Testing/meningioma/Te-me_0085.jpg,meningioma,meningioma,1,0.996655,,3,0.000394,0.996655,0.002255,0.000696
data/Testing/meningioma/Te-me_0086.jpg,unmatched::data/Testing/meningioma/Te-me_0086.jpg,meningioma,meningioma,1,0.999642,,3,0.000077,0.999642,0.000011,0.000269
data/Testing/meningioma/Te-me_0087.jpg,unmatched::data/Testing/meningioma/Te-me_0087.jpg,meningioma,meningioma,1,0.995640,,3,0.000044,0.995640,0.000141,0.004174
data/Testing/meningioma/Te-me_0088.jpg,unmatched::data/Testing/meningioma/Te-me_0088.jpg,meningioma,meningioma,1,0.999528,,3,0.000016,0.999528,0.000177,0.000279
data/Testing/meningioma/Te-me_0089.jpg,unmatched::data/Testing/meningioma/Te-me_0089.jpg,meningioma,meningioma,1,0.999395,,3,0.000492,0.999395,0.000008,0.000105
data/Testing/meningioma/Te-me_0090.jpg,unmatched::data/Testing/meningioma/Te-me_0090.jpg,meningioma,meningioma,1,0.999636,,3,0.000061,0.999636,0.000227,0.000076
data/Testing/meningioma/Te-me_0091.jpg,unmatched::data/Testing/meningioma/Te-me_0091.jpg,meningioma,meningioma,1,0.999905,,3,0.000000,0.999905,0.000057,0.000037
data/Testing/meningioma/Te-me_0092.jpg,unmatched::data/Testing/meningioma/Te-me_0092.jpg,meningioma,meningioma,1,0.998551,,3,0.000044,0.998551,0.000019,0.001386
data/Testing/meningioma/Te-me_0093.jpg,unmatched::data/Testing/meningioma/Te-me_0093.jpg,meningioma,meningioma,1,0.996956,,3,0.001493,0.996956,0.000707,0.000844
data/Testing/meningioma/Te-me_0094.jpg,unmatched::data/Testing/meningioma/Te-me_0094.jpg,meningioma,meningioma,1,0.999892,,3,0.000042,0.999892,0.000042,0.000024
data/Testing/meningioma/Te-me_0095.jpg,unmatched::data/Testing/meningioma/Te-me_0095.jpg,meningioma,meningioma,1,0.999839,,3,0.000064,0.999839,0.000012,0.000086
data/Testing/meningioma/Te-me_0096.jpg,unmatched::data/Testing/meningioma/Te-me_0096.jpg,meningioma,meningioma,1,0.999903,,3,0.000024,0.999903,0.000037,0.000035
data/Testing/meningioma/Te-me_0097.jpg,unmatched::data/Testing/meningioma/Te-me_0097.jpg,meningioma,meningioma,1,0.995351,,3,0.000039,0.995351,0.000130,0.004480
data/Testing/meningioma/Te-me_0098.jpg,unmatched::data/Testing/meningioma/Te-me_0098.jpg,meningioma,meningioma,1,0.999963,,3,0.000006,0.999963,0.000005,0.000027
data/Testing/meningioma/Te-me_0099.jpg,unmatched::data/Testing/meningioma/Te-me_0099.jpg,meningioma,meningioma,1,0.996221,,3,0.001154,0.996221,0.002587,0.000038
data/Testing/meningioma/Te-me_0100.jpg,unmatched::data/Testing/meningioma/Te-me_0100.jpg,meningioma,meningioma,1,0.956559,,3,0.000360,0.956559,0.041996,0.001085
data/Testing/meningioma/Te-me_0101.jpg,unmatched::data/Testing/meningioma/Te-me_0101.jpg,meningioma,meningioma,1,0.999981,,3,0.000010,0.999981,0.000007,0.000003
data/Testing/meningioma/Te-me_0102.jpg,unmatched::data/Testing/meningioma/Te-me_0102.jpg,meningioma,meningioma,1,0.999532,,3,0.000462,0.999532,0.000004,0.000003
data/Testing/meningioma/Te-me_0103.jpg,unmatched::data/Testing/meningioma/Te-me_0103.jpg,meningioma,meningioma,1,0.998947,,3,0.000088,0.998947,0.000128,0.000837
data/Testing/meningioma/Te-me_0104.jpg,unmatched::data/Testing/meningioma/Te-me_0104.jpg,meningioma,meningioma,1,0.994833,,3,0.000144,0.994833,0.000459,0.004564
data/Testing/meningioma/Te-me_0105.jpg,unmatched::data/Testing/meningioma/Te-me_0105.jpg,meningioma,meningioma,1,0.983932,,3,0.000450,0.983932,0.014957,0.000661
data/Testing/meningioma/Te-me_0106.jpg,unmatched::data/Testing/meningioma/Te-me_0106.jpg,meningioma,meningioma,1,0.999999,,3,0.000000,0.999999,0.000000,0.000000
data/Testing/meningioma/Te-me_0107.jpg,unmatched::data/Testing/meningioma/Te-me_0107.jpg,meningioma,meningioma,1,0.994731,,3,0.000020,0.994731,0.005193,0.000055
data/Testing/meningioma/Te-me_0108.jpg,unmatched::data/Testing/meningioma/Te-me_0108.jpg,meningioma,meningioma,1,0.996563,,3,0.000030,0.996563,0.000934,0.002473
data/Testing/meningioma/Te-me_0109.jpg,unmatched::data/Testing/meningioma/Te-me_0109.jpg,meningioma,meningioma,1,0.999991,,3,0.000002,0.999991,0.000000,0.000006
data/Testing/meningioma/Te-me_0110.jpg,unmatched::data/Testing/meningioma/Te-me_0110.jpg,meningioma,meningioma,1,0.739615,,3,0.000028,0.739615,0.000652,0.259705
data/Testing/meningioma/Te-me_0111.jpg,unmatched::data/Testing/meningioma/Te-me_0111.jpg,meningioma,meningioma,1,0.995072,,3,0.000875,0.995072,0.002585,0.001468
data/Testing/meningioma/Te-me_0112.jpg,unmatched::data/Testing/meningioma/Te-me_0112.jpg,meningioma,meningioma,1,0.999878,,3,0.000031,0.999878,0.000075,0.000015
data/Testing/meningioma/Te-me_0113.jpg,unmatched::data/Testing/meningioma/Te-me_0113.jpg,meningioma,meningioma,1,0.999595,,3,0.000001,0.999595,0.000364,0.000041
data/Testing/meningioma/Te-me_0114.jpg,unmatched::data/Testing/meningioma/Te-me_0114.jpg,meningioma,meningioma,1,0.998716,,3,0.000909,0.998716,0.000227,0.000148
data/Testing/meningioma/Te-me_0115.jpg,107494,meningioma,meningioma,1,0.999462,,3,0.000209,0.999462,0.000007,0.000322
data/Testing/meningioma/Te-me_0116.jpg,107494,meningioma,meningioma,1,0.999948,,3,0.000026,0.999948,0.000005,0.000022
data/Testing/meningioma/Te-me_0117.jpg,108514,meningioma,meningioma,1,0.999737,,3,0.000256,0.999737,0.000004,0.000003
data/Testing/meningioma/Te-me_0118.jpg,108550,meningioma,meningioma,1,0.996487,,3,0.000277,0.996487,0.000028,0.003207
data/Testing/meningioma/Te-me_0119.jpg,108945,meningioma,meningioma,1,0.999842,,3,0.000106,0.999842,0.000033,0.000019
data/Testing/meningioma/Te-me_0120.jpg,109411,meningioma,meningioma,1,0.984695,,3,0.014661,0.984695,0.000370,0.000275
data/Testing/meningioma/Te-me_0121.jpg,109968,meningioma,meningioma,1,0.999882,,3,0.000086,0.999882,0.000002,0.000031
data/Testing/meningioma/Te-me_0122.jpg,111077,meningioma,meningioma,1,0.992792,,3,0.006430,0.992792,0.000400,0.000379
data/Testing/meningioma/Te-me_0123.jpg,111366,meningioma,meningioma,1,0.999717,,3,0.000062,0.999717,0.000002,0.000219
data/Testing/meningioma/Te-me_0124.jpg,112002,meningioma,meningioma,1,0.994740,,3,0.000180,0.994740,0.000359,0.004722
data/Testing/meningioma/Te-me_0125.jpg,112062,meningioma,meningioma,1,0.999974,,3,0.000019,0.999974,0.000001,0.000006
data/Testing/meningioma/Te-me_0126.jpg,112252,meningioma,meningioma,1,0.993243,,3,0.006184,0.993243,0.000010,0.000564
data/Testing/meningioma/Te-me_0127.jpg,112552,meningioma,meningioma,1,0.999978,,3,0.000009,0.999978,0.000001,0.000011
data/Testing/meningioma/Te-me_0128.jpg,112648,meningioma,meningioma,1,0.999779,,3,0.000192,0.999779,0.000001,0.000028
data/Testing/meningioma/Te-me_0129.jpg,113435,meningioma,meningioma,1,0.997987,,3,0.000895,0.997987,0.000720,0.000399
data/Testing/meningioma/Te-me_0130.jpg,unmatched::data/Testing/meningioma/Te-me_0130.jpg,meningioma,meningioma,1,0.977856,,3,0.021662,0.977856,0.000096,0.000385
data/Testing/meningioma/Te-me_0131.jpg,113805,meningioma,meningioma,1,0.982562,,3,0.015393,0.982562,0.000556,0.001488
data/Testing/meningioma/Te-me_0132.jpg,114018,meningioma,meningioma,1,0.999645,,3,0.000006,0.999645,0.000002,0.000348
data/Testing/meningioma/Te-me_0133.jpg,114359,meningioma,meningioma,1,0.999894,,3,0.000098,0.999894,0.000004,0.000004
data/Testing/meningioma/Te-me_0134.jpg,97607,meningioma,meningioma,1,0.999561,,3,0.000417,0.999561,0.000019,0.000003
data/Testing/meningioma/Te-me_0135.jpg,unmatched::data/Testing/meningioma/Te-me_0135.jpg,meningioma,meningioma,1,0.999870,,3,0.000119,0.999870,0.000002,0.000009
data/Testing/meningioma/Te-me_0136.jpg,97875,meningioma,meningioma,1,0.951534,,3,0.009591,0.951534,0.000254,0.038621
data/Testing/meningioma/Te-me_0137.jpg,97943,meningioma,meningioma,1,0.999879,,3,0.000116,0.999879,0.000001,0.000004
data/Testing/meningioma/Te-me_0138.jpg,98241,meningioma,meningioma,1,0.999981,,3,0.000007,0.999981,0.000002,0.000011
data/Testing/meningioma/Te-me_0139.jpg,unmatched::data/Testing/meningioma/Te-me_0139.jpg,meningioma,meningioma,1,0.999780,,3,0.000133,0.999780,0.000041,0.000046
data/Testing/meningioma/Te-me_0140.jpg,unmatched::data/Testing/meningioma/Te-me_0140.jpg,meningioma,meningioma,1,0.953957,,3,0.001372,0.953957,0.013105,0.031566
data/Testing/meningioma/Te-me_0141.jpg,100360,meningioma,meningioma,1,0.991123,,3,0.007343,0.991123,0.000016,0.001518
data/Testing/meningioma/Te-me_0142.jpg,100360,meningioma,meningioma,1,0.999096,,3,0.000894,0.999096,0.000005,0.000005
data/Testing/meningioma/Te-me_0143.jpg,unmatched::data/Testing/meningioma/Te-me_0143.jpg,meningioma,meningioma,1,0.999999,,3,0.000000,0.999999,0.000000,0.000000
data/Testing/meningioma/Te-me_0144.jpg,101016,meningioma,meningioma,1,0.999976,,3,0.000017,0.999976,0.000007,0.000000
data/Testing/meningioma/Te-me_0145.jpg,unmatched::data/Testing/meningioma/Te-me_0145.jpg,meningioma,meningioma,1,0.739615,,3,0.000028,0.739615,0.000652,0.259705
data/Testing/meningioma/Te-me_0146.jpg,97943,meningioma,meningioma,1,0.999768,,3,0.000156,0.999768,0.000073,0.000004
data/Testing/meningioma/Te-me_0147.jpg,98241,meningioma,meningioma,1,0.999969,,3,0.000004,0.999969,0.000001,0.000026
data/Testing/meningioma/Te-me_0148.jpg,99017,meningioma,meningioma,1,0.999849,,3,0.000007,0.999849,0.000000,0.000143
data/Testing/meningioma/Te-me_0149.jpg,unmatched::data/Testing/meningioma/Te-me_0149.jpg,meningioma,meningioma,1,0.999687,,3,0.000010,0.999687,0.000002,0.000301
data/Testing/meningioma/Te-me_0150.jpg,99308,meningioma,meningioma,1,0.999951,,3,0.000047,0.999951,0.000001,0.000002
data/Testing/meningioma/Te-me_0151.jpg,101797,meningioma,meningioma,1,0.999944,,3,0.000046,0.999944,0.000008,0.000002
data/Testing/meningioma/Te-me_0152.jpg,100360,meningioma,meningioma,1,0.999272,,3,0.000552,0.999272,0.000009,0.000167
data/Testing/meningioma/Te-me_0153.jpg,100572,meningioma,meningioma,1,0.999753,,3,0.000004,0.999753,0.000002,0.000241
data/Testing/meningioma/Te-me_0154.jpg,101016,meningioma,meningioma,1,0.999751,,3,0.000145,0.999751,0.000041,0.000063
data/Testing/meningioma/Te-me_0155.jpg,101016,meningioma,meningioma,1,0.999078,,3,0.000398,0.999078,0.000032,0.000491
data/Testing/meningioma/Te-me_0156.jpg,101127,meningioma,meningioma,1,0.715398,,3,0.000150,0.715398,0.000134,0.284318
data/Testing/meningioma/Te-me_0157.jpg,101797,meningioma,meningioma,1,0.999344,,3,0.000007,0.999344,0.000012,0.000637
data/Testing/meningioma/Te-me_0158.jpg,102420,meningioma,meningioma,1,0.999991,,3,0.000008,0.999991,0.000000,0.000001
data/Testing/meningioma/Te-me_0159.jpg,102420,meningioma,meningioma,1,0.999647,,3,0.000184,0.999647,0.000021,0.000148
data/Testing/meningioma/Te-me_0160.jpg,102714,meningioma,meningioma,1,0.999921,,3,0.000061,0.999921,0.000007,0.000010
data/Testing/meningioma/Te-me_0161.jpg,102929,meningioma,meningioma,1,0.999648,,3,0.000217,0.999648,0.000014,0.000121
data/Testing/meningioma/Te-me_0162.jpg,102929,meningioma,meningioma,1,0.999363,,3,0.000271,0.999363,0.000044,0.000322
data/Testing/meningioma/Te-me_0163.jpg,103673,meningioma,meningioma,1,0.999287,,3,0.000117,0.999287,0.000183,0.000412
data/Testing/meningioma/Te-me_0164.jpg,103673,meningioma,meningioma,1,0.996316,,3,0.000003,0.996316,0.000039,0.003642
data/Testing/meningioma/Te-me_0165.jpg,103925,meningioma,meningioma,1,0.997053,,3,0.002455,0.997053,0.000023,0.000469
data/Testing/meningioma/Te-me_0166.jpg,103925,meningioma,meningioma,1,0.999650,,3,0.000301,0.999650,0.000007,0.000042
data/Testing/meningioma/Te-me_0167.jpg,104167,meningioma,meningioma,1,0.998940,,3,0.000147,0.998940,0.000070,0.000844
data/Testing/meningioma/Te-me_0168.jpg,104167,meningioma,meningioma,1,0.999462,,3,0.000018,0.999462,0.000006,0.000513
data/Testing/meningioma/Te-me_0169.jpg,104281,meningioma,meningioma,1,0.985794,,3,0.014142,0.985794,0.000039,0.000025
data/Testing/meningioma/Te-me_0170.jpg,102714,meningioma,meningioma,1,0.974772,,3,0.000508,0.974772,0.000029,0.024691
data/Testing/meningioma/Te-me_0171.jpg,105555,meningioma,meningioma,1,0.999639,,3,0.000224,0.999639,0.000003,0.000134
data/Testing/meningioma/Te-me_0172.jpg,105937,meningioma,meningioma,1,0.999601,,3,0.000005,0.999601,0.000004,0.000390
data/Testing/meningioma/Te-me_0173.jpg,106284,meningioma,meningioma,1,0.999430,,3,0.000022,0.999430,0.000167,0.000381
data/Testing/meningioma/Te-me_0174.jpg,106442,meningioma,meningioma,1,0.999715,,3,0.000217,0.999715,0.000030,0.000038
data/Testing/meningioma/Te-me_0175.jpg,106534,meningioma,meningioma,1,0.995028,,3,0.003890,0.995028,0.000575,0.000507
data/Testing/meningioma/Te-me_0176.jpg,106665,meningioma,meningioma,1,0.977656,,3,0.019628,0.977656,0.000384,0.002333
data/Testing/meningioma/Te-me_0177.jpg,53669,meningioma,meningioma,1,0.999720,,3,0.000144,0.999720,0.000002,0.000134
data/Testing/meningioma/Te-me_0178.jpg,95969,meningioma,meningioma,1,0.995656,,3,0.003374,0.995656,0.000942,0.000028
data/Testing/meningioma/Te-me_0179.jpg,106720,meningioma,meningioma,1,0.949924,,3,0.049994,0.949924,0.000053,0.000029
data/Testing/meningioma/Te-me_0180.jpg,106914,meningioma,meningioma,1,0.999909,,3,0.000059,0.999909,0.000002,0.000029
data/Testing/meningioma/Te-me_0181.jpg,107248,meningioma,meningioma,1,0.999565,,3,0.000419,0.999565,0.000011,0.000006
data/Testing/meningioma/Te-me_0182.jpg,102929,meningioma,meningioma,1,0.999700,,3,0.000083,0.999700,0.000017,0.000200
data/Testing/meningioma/Te-me_0183.jpg,107494,meningioma,meningioma,1,0.999875,,3,0.000006,0.999875,0.000003,0.000115
data/Testing/meningioma/Te-me_0184.jpg,108514,meningioma,meningioma,1,0.999920,,3,0.000074,0.999920,0.000003,0.000003
data/Testing/meningioma/Te-me_0185.jpg,108514,meningioma,meningioma,1,0.993163,,3,0.006289,0.993163,0.000260,0.000288
data/Testing/meningioma/Te-me_0186.jpg,108590,meningioma,meningioma,1,0.998267,,3,0.000207,0.998267,0.000020,0.001505
data/Testing/meningioma/Te-me_0187.jpg,108945,meningioma,meningioma,1,0.998941,,3,0.000967,0.998941,0.000007,0.000086
data/Testing/meningioma/Te-me_0188.jpg,109968,meningioma,meningioma,1,0.999535,,3,0.000460,0.999535,0.000001,0.000003
data/Testing/meningioma/Te-me_0189.jpg,110116,meningioma,meningioma,1,0.993148,,3,0.000933,0.993148,0.001060,0.004859
data/Testing/meningioma/Te-me_0190.jpg,111077,meningioma,meningioma,1,0.999813,,3,0.000134,0.999813,0.000021,0.000032
data/Testing/meningioma/Te-me_0191.jpg,111077,meningioma,meningioma,1,0.999764,,3,0.000082,0.999764,0.000039,0.000115
data/Testing/meningioma/Te-me_0192.jpg,111366,meningioma,meningioma,1,0.999906,,3,0.000004,0.999906,0.000001,0.000088
data/Testing/meningioma/Te-me_0193.jpg,103673,meningioma,pituitary,0,0.999798,,3,0.000000,0.000201,0.000000,0.999798
data/Testing/meningioma/Te-me_0194.jpg,112002,meningioma,meningioma,1,0.998912,,3,0.000031,0.998912,0.000006,0.001050
data/Testing/meningioma/Te-me_0195.jpg,112062,meningioma,meningioma,1,0.997611,,3,0.002320,0.997611,0.000050,0.000019
data/Testing/meningioma/Te-me_0196.jpg,112252,meningioma,meningioma,1,0.931487,,3,0.066517,0.931487,0.000126,0.001871
data/Testing/meningioma/Te-me_0197.jpg,112552,meningioma,meningioma,1,0.999656,,3,0.000284,0.999656,0.000008,0.000052
data/Testing/meningioma/Te-me_0198.jpg,112552,meningioma,meningioma,1,0.998937,,3,0.001020,0.998937,0.000023,0.000020
data/Testing/meningioma/Te-me_0199.jpg,112648,meningioma,meningioma,1,0.999243,,3,0.000525,0.999243,0.000015,0.000217
data/Testing/meningioma/Te-me_0200.jpg,113435,meningioma,meningioma,1,0.999453,,3,0.000199,0.999453,0.000132,0.000216
data/Testing/meningioma/Te-me_0201.jpg,113435,meningioma,meningioma,1,0.997439,,3,0.000923,0.997439,0.000121,0.001517
data/Testing/meningioma/Te-me_0202.jpg,113554,meningioma,meningioma,1,0.998819,,3,0.001169,0.998819,0.000006,0.000006
data/Testing/meningioma/Te-me_0203.jpg,114018,meningioma,meningioma,1,0.999993,,3,0.000000,0.999993,0.000002,0.000005
data/Testing/meningioma/Te-me_0204.jpg,100360,meningioma,meningioma,1,0.999020,,3,0.000972,0.999020,0.000004,0.000004
data/Testing/meningioma/Te-me_0205.jpg,114359,meningioma,meningioma,1,0.999756,,3,0.000237,0.999756,0.000000,0.000007
data/Testing/meningioma/Te-me_0206.jpg,97607,meningioma,meningioma,1,0.999373,,3,0.000069,0.999373,0.000008,0.000550
data/Testing/meningioma/Te-me_0207.jpg,103673,meningioma,meningioma,1,0.998787,,3,0.000038,0.998787,0.000219,0.000956
data/Testing/meningioma/Te-me_0208.jpg,97737,meningioma,meningioma,1,0.999800,,3,0.000038,0.999800,0.000020,0.000142
data/Testing/meningioma/Te-me_0209.jpg,97875,meningioma,meningioma,1,0.999980,,3,0.000007,0.999980,0.000002,0.000012
data/Testing/meningioma/Te-me_0210.jpg,97943,meningioma,meningioma,1,0.999152,,3,0.000155,0.999152,0.000115,0.000578
data/Testing/meningioma/Te-me_0211.jpg,98241,meningioma,meningioma,1,0.997396,,3,0.000016,0.997396,0.000016,0.002572
data/Testing/meningioma/Te-me_0212.jpg,98241,meningioma,meningioma,1,0.999148,,3,0.000067,0.999148,0.000018,0.000767
data/Testing/meningioma/Te-me_0213.jpg,99017,meningioma,meningioma,1,0.998798,,3,0.000535,0.998798,0.000009,0.000658
data/Testing/meningioma/Te-me_0214.jpg,99089,meningioma,meningioma,1,0.998778,,3,0.000012,0.998778,0.000000,0.001210
data/Testing/meningioma/Te-me_0215.jpg,99308,meningioma,meningioma,1,0.996542,,3,0.002303,0.996542,0.000050,0.001106
data/Testing/meningioma/Te-me_0216.jpg,unmatched::data/Testing/meningioma/Te-me_0216.jpg,meningioma,meningioma,1,0.999931,,3,0.000052,0.999931,0.000001,0.000016
data/Testing/meningioma/Te-me_0217.jpg,100360,meningioma,meningioma,1,0.999121,,3,0.000652,0.999121,0.000004,0.000224
data/Testing/meningioma/Te-me_0218.jpg,104167,meningioma,meningioma,1,0.999461,,3,0.000509,0.999461,0.000018,0.000011
data/Testing/meningioma/Te-me_0219.jpg,100920,meningioma,meningioma,1,0.999948,,3,0.000026,0.999948,0.000001,0.000025
data/Testing/meningioma/Te-me_0220.jpg,101016,meningioma,meningioma,1,0.999927,,3,0.000025,0.999927,0.000003,0.000045
data/Testing/meningioma/Te-me_0221.jpg,101082,meningioma,meningioma,1,0.999773,,3,0.000130,0.999773,0.000002,0.000095
data/Testing/meningioma/Te-me_0222.jpg,101127,meningioma,meningioma,1,0.999696,,3,0.000128,0.999696,0.000002,0.000174
data/Testing/meningioma/Te-me_0223.jpg,101797,meningioma,meningioma,1,0.999691,,3,0.000008,0.999691,0.000003,0.000298
data/Testing/meningioma/Te-me_0224.jpg,unmatched::data/Testing/meningioma/Te-me_0224.jpg,meningioma,meningioma,1,0.998892,,3,0.000586,0.998892,0.000322,0.000200
data/Testing/meningioma/Te-me_0225.jpg,102420,meningioma,meningioma,1,0.994261,,3,0.004459,0.994261,0.000219,0.001062
data/Testing/meningioma/Te-me_0226.jpg,102675,meningioma,meningioma,1,0.999091,,3,0.000872,0.999091,0.000013,0.000024
data/Testing/meningioma/Te-me_0227.jpg,102714,meningioma,meningioma,1,0.999757,,3,0.000170,0.999757,0.000004,0.000070
data/Testing/meningioma/Te-me_0228.jpg,102818,meningioma,meningioma,1,0.999837,,3,0.000063,0.999837,0.000001,0.000098
data/Testing/meningioma/Te-me_0229.jpg,104281,meningioma,meningioma,1,0.999914,,3,0.000061,0.999914,0.000019,0.000006
data/Testing/meningioma/Te-me_0230.jpg,102960,meningioma,meningioma,1,0.999400,,3,0.000020,0.999400,0.000008,0.000572
data/Testing/meningioma/Te-me_0231.jpg,103673,meningioma,meningioma,1,0.993586,,3,0.000011,0.993586,0.000128,0.006275
data/Testing/meningioma/Te-me_0232.jpg,104281,meningioma,meningioma,1,0.999403,,3,0.000198,0.999403,0.000367,0.000032
data/Testing/meningioma/Te-me_0233.jpg,103925,meningioma,meningioma,1,0.988983,,3,0.004545,0.988983,0.000027,0.006445
data/Testing/meningioma/Te-me_0234.jpg,104167,meningioma,meningioma,1,0.996008,,3,0.003893,0.996008,0.000017,0.000081
data/Testing/meningioma/Te-me_0235.jpg,104281,meningioma,meningioma,1,0.999348,,3,0.000304,0.999348,0.000019,0.000329
data/Testing/meningioma/Te-me_0236.jpg,104695,meningioma,meningioma,1,0.999582,,3,0.000409,0.999582,0.000001,0.000009
data/Testing/meningioma/Te-me_0237.jpg,105555,meningioma,meningioma,1,0.999057,,3,0.000664,0.999057,0.000001,0.000278
data/Testing/meningioma/Te-me_0238.jpg,105937,meningioma,meningioma,1,0.999069,,3,0.000005,0.999069,0.000001,0.000925
data/Testing/meningioma/Te-me_0239.jpg,106284,meningioma,meningioma,1,0.970801,,3,0.000065,0.970801,0.000375,0.028759
data/Testing/meningioma/Te-me_0240.jpg,106442,meningioma,meningioma,1,0.999619,,3,0.000070,0.999619,0.000027,0.000283
data/Testing/meningioma/Te-me_0241.jpg,106592,meningioma,meningioma,1,0.953345,,3,0.046105,0.953345,0.000149,0.000401
data/Testing/meningioma/Te-me_0242.jpg,106665,meningioma,meningioma,1,0.992453,,3,0.004195,0.992453,0.000157,0.003195
data/Testing/meningioma/Te-me_0243.jpg,104281,meningioma,meningioma,1,0.999744,,3,0.000161,0.999744,0.000028,0.000068
data/Testing/meningioma/Te-me_0244.jpg,106914,meningioma,meningioma,1,0.999132,,3,0.000172,0.999132,0.000506,0.000191
data/Testing/meningioma/Te-me_0245.jpg,106914,meningioma,meningioma,1,0.999275,,3,0.000701,0.999275,0.000002,0.000022
data/Testing/meningioma/Te-me_0246.jpg,107190,meningioma,meningioma,1,0.999900,,3,0.000045,0.999900,0.000001,0.000054
data/Testing/meningioma/Te-me_0247.jpg,107248,meningioma,meningioma,1,0.988657,,3,0.010816,0.988657,0.000390,0.000137
data/Testing/meningioma/Te-me_0248.jpg,107494,meningioma,meningioma,1,0.998081,,3,0.000018,0.998081,0.000001,0.001899
data/Testing/meningioma/Te-me_0249.jpg,unmatched::data/Testing/meningioma/Te-me_0249.jpg,meningioma,meningioma,1,0.997868,,3,0.001916,0.997868,0.000091,0.000126
data/Testing/meningioma/Te-me_0250.jpg,108514,meningioma,meningioma,1,0.999700,,3,0.000089,0.999700,0.000004,0.000207
data/Testing/meningioma/Te-me_0251.jpg,108550,meningioma,meningioma,1,0.999135,,3,0.000051,0.999135,0.000001,0.000813
data/Testing/meningioma/Te-me_0252.jpg,108590,meningioma,meningioma,1,0.998895,,3,0.000872,0.998895,0.000174,0.000059
data/Testing/meningioma/Te-me_0253.jpg,108945,meningioma,meningioma,1,0.932492,,3,0.067203,0.932492,0.000246,0.000060
data/Testing/meningioma/Te-me_0254.jpg,unmatched::data/Testing/meningioma/Te-me_0254.jpg,meningioma,meningioma,1,0.998919,,3,0.000991,0.998919,0.000010,0.000080
data/Testing/meningioma/Te-me_0255.jpg,109968,meningioma,meningioma,1,0.999012,,3,0.000005,0.999012,0.000001,0.000981
data/Testing/meningioma/Te-me_0256.jpg,111077,meningioma,meningioma,1,0.999827,,3,0.000075,0.999827,0.000005,0.000092
data/Testing/meningioma/Te-me_0257.jpg,111366,meningioma,meningioma,1,0.998796,,3,0.000055,0.998796,0.000003,0.001146
data/Testing/meningioma/Te-me_0258.jpg,111532,meningioma,meningioma,1,0.999783,,3,0.000030,0.999783,0.000003,0.000184
data/Testing/meningioma/Te-me_0259.jpg,112002,meningioma,meningioma,1,0.986887,,3,0.012536,0.986887,0.000049,0.000528
data/Testing/meningioma/Te-me_0260.jpg,112002,meningioma,meningioma,1,0.999793,,3,0.000065,0.999793,0.000007,0.000135
data/Testing/meningioma/Te-me_0261.jpg,112062,meningioma,meningioma,1,0.999981,,3,0.000011,0.999981,0.000002,0.000005
data/Testing/meningioma/Te-me_0262.jpg,112552,meningioma,meningioma,1,0.997264,,3,0.002392,0.997264,0.000018,0.000326
data/Testing/meningioma/Te-me_0263.jpg,112552,meningioma,meningioma,1,0.998988,,3,0.000851,0.998988,0.000059,0.000102
data/Testing/meningioma/Te-me_0264.jpg,112648,meningioma,meningioma,1,0.999485,,3,0.000355,0.999485,0.000041,0.000118
data/Testing/meningioma/Te-me_0265.jpg,106284,meningioma,meningioma,1,0.999815,,3,0.000093,0.999815,0.000025,0.000067
data/Testing/meningioma/Te-me_0266.jpg,113098,meningioma,meningioma,1,0.993290,,3,0.006001,0.993290,0.000012,0.000697
data/Testing/meningioma/Te-me_0267.jpg,113435,meningioma,meningioma,1,0.999811,,3,0.000134,0.999811,0.000010,0.000046
data/Testing/meningioma/Te-me_0268.jpg,113435,meningioma,meningioma,1,0.998638,,3,0.001212,0.998638,0.000022,0.000128
data/Testing/meningioma/Te-me_0269.jpg,113554,meningioma,meningioma,1,0.992234,,3,0.000250,0.992234,0.000290,0.007226
data/Testing/meningioma/Te-me_0270.jpg,113614,meningioma,meningioma,1,0.943222,,3,0.056728,0.943222,0.000007,0.000043
data/Testing/meningioma/Te-me_0271.jpg,113971,meningioma,meningioma,1,0.995670,,3,0.000627,0.995670,0.000012,0.003691
data/Testing/meningioma/Te-me_0272.jpg,114018,meningioma,meningioma,1,0.997585,,3,0.000008,0.997585,0.000062,0.002345
data/Testing/meningioma/Te-me_0273.jpg,114359,meningioma,meningioma,1,0.999888,,3,0.000104,0.999888,0.000001,0.000007
data/Testing/meningioma/Te-me_0274.jpg,114359,meningioma,meningioma,1,0.999744,,3,0.000240,0.999744,0.000004,0.000013
data/Testing/meningioma/Te-me_0275.jpg,114417,meningioma,meningioma,1,0.996805,,3,0.003166,0.996805,0.000006,0.000022
data/Testing/meningioma/Te-me_0276.jpg,106284,meningioma,meningioma,1,0.996585,,3,0.000134,0.996585,0.000070,0.003211
data/Testing/meningioma/Te-me_0277.jpg,unmatched::data/Testing/meningioma/Te-me_0277.jpg,meningioma,meningioma,1,0.998809,,3,0.001167,0.998809,0.000004,0.000020
data/Testing/meningioma/Te-me_0278.jpg,97607,meningioma,meningioma,1,0.999775,,3,0.000185,0.999775,0.000020,0.000021
data/Testing/meningioma/Te-me_0279.jpg,97737,meningioma,meningioma,1,0.996187,,3,0.001014,0.996187,0.000013,0.002786
data/Testing/meningioma/Te-me_0280.jpg,97875,meningioma,meningioma,1,0.998228,,3,0.001639,0.998228,0.000007,0.000126
data/Testing/meningioma/Te-me_0281.jpg,97943,meningioma,meningioma,1,0.999815,,3,0.000062,0.999815,0.000033,0.000090
data/Testing/meningioma/Te-me_0282.jpg,98241,meningioma,meningioma,1,0.999884,,3,0.000021,0.999884,0.000007,0.000088
data/Testing/meningioma/Te-me_0283.jpg,98241,meningioma,meningioma,1,0.994488,,3,0.000346,0.994488,0.000016,0.005150
data/Testing/meningioma/Te-me_0284.jpg,99089,meningioma,meningioma,1,0.999954,,3,0.000001,0.999954,0.000000,0.000044
data/Testing/meningioma/Te-me_0285.jpg,99089,meningioma,meningioma,1,0.999919,,3,0.000077,0.999919,0.000001,0.000004
data/Testing/meningioma/Te-me_0286.jpg,99288,meningioma,meningioma,1,0.999540,,3,0.000259,0.999540,0.000004,0.000197
data/Testing/meningioma/Te-me_0287.jpg,100572,meningioma,meningioma,1,0.999729,,3,0.000014,0.999729,0.000001,0.000256
data/Testing/meningioma/Te-me_0288.jpg,99308,meningioma,meningioma,1,0.993124,,3,0.006109,0.993124,0.000010,0.000757
data/Testing/meningioma/Te-me_0289.jpg,99815,meningioma,meningioma,1,0.999796,,3,0.000095,0.999796,0.000004,0.000105
data/Testing/meningioma/Te-me_0290.jpg,106534,meningioma,meningioma,1,0.989945,,3,0.009619,0.989945,0.000054,0.000382
data/Testing/meningioma/Te-me_0291.jpg,106665,meningioma,meningioma,1,0.999070,,3,0.000610,0.999070,0.000055,0.000265
data/Testing/meningioma/Te-me_0292.jpg,100572,meningioma,meningioma,1,0.995408,,3,0.000020,0.995408,0.000006,0.004566
data/Testing/meningioma/Te-me_0293.jpg,106720,meningioma,meningioma,1,0.992507,,3,0.007269,0.992507,0.000091,0.000133
data/Testing/meningioma/Te-me_0294.jpg,106914,meningioma,meningioma,1,0.998282,,3,0.001564,0.998282,0.000004,0.000150
data/Testing/meningioma/Te-me_0295.jpg,106914,meningioma,meningioma,1,0.999458,,3,0.000530,0.999458,0.000005,0.000006
data/Testing/meningioma/Te-me_0296.jpg,107248,meningioma,meningioma,1,0.999946,,3,0.000006,0.999946,0.000002,0.000046
data/Testing/meningioma/Te-me_0297.jpg,107248,meningioma,meningioma,1,0.991166,,3,0.000157,0.991166,0.000507,0.008169
data/Testing/meningioma/Te-me_0298.jpg,113554,meningioma,meningioma,1,0.999917,,3,0.000060,0.999917,0.000016,0.000007
data/Testing/meningioma/Te-me_0299.jpg,114018,meningioma,meningioma,1,0.998903,,3,0.000002,0.998903,0.000001,0.001094
data/Testing/meningioma/Te-me_0300.jpg,101127,meningioma,meningioma,1,0.994710,,3,0.001267,0.994710,0.000388,0.003635
data/Testing/meningioma/Te-me_0301.jpg,114359,meningioma,meningioma,1,0.999623,,3,0.000358,0.999623,0.000002,0.000017
data/Testing/meningioma/Te-me_0302.jpg,97607,meningioma,meningioma,1,0.999999,,3,0.000001,0.999999,0.000000,0.000000
data/Testing/meningioma/Te-me_0303.jpg,unmatched::data/Testing/meningioma/Te-me_0303.jpg,meningioma,meningioma,1,0.999995,,3,0.000004,0.999995,0.000000,0.000001
data/Testing/meningioma/Te-me_0304.jpg,97875,meningioma,meningioma,1,0.994645,,3,0.000475,0.994645,0.000077,0.004803
data/Testing/meningioma/Te-me_0305.jpg,97943,meningioma,meningioma,1,0.999997,,3,0.000001,0.999997,0.000000,0.000002
data/Testing/notumor/Te-noTr_0000.jpg,nt37,notumor,notumor,1,0.963552,,3,0.020239,0.015914,0.963552,0.000295
data/Testing/notumor/Te-noTr_0001.jpg,nt47,notumor,notumor,1,0.999876,,3,0.000040,0.000065,0.999876,0.000019
data/Testing/notumor/Te-noTr_0002.jpg,nt211,notumor,notumor,1,0.999993,,3,0.000001,0.000006,0.999993,0.000000
data/Testing/notumor/Te-noTr_0003.jpg,nt267,notumor,notumor,1,0.999701,,3,0.000128,0.000161,0.999701,0.000010
data/Testing/notumor/Te-noTr_0004.jpg,nt213,notumor,notumor,1,0.999280,,3,0.000069,0.000602,0.999280,0.000049
data/Testing/notumor/Te-noTr_0005.jpg,nt215,notumor,notumor,1,0.997714,,3,0.000122,0.001807,0.997714,0.000357
data/Testing/notumor/Te-noTr_0006.jpg,nt217,notumor,notumor,1,0.999956,,3,0.000010,0.000024,0.999956,0.000011
data/Testing/notumor/Te-noTr_0007.jpg,nt48,notumor,notumor,1,0.990427,,3,0.001291,0.008167,0.990427,0.000115
data/Testing/notumor/Te-noTr_0008.jpg,nt49,notumor,notumor,1,0.998192,,3,0.000189,0.001446,0.998192,0.000172
data/Testing/notumor/Te-noTr_0009.jpg,nt50,notumor,notumor,1,0.999659,,3,0.000025,0.000249,0.999659,0.000068
data/Testing/notumor/Te-no_0010.jpg,nt51,notumor,notumor,1,0.998908,,3,0.000017,0.000814,0.998908,0.000261
data/Testing/notumor/Te-no_0011.jpg,nt52,notumor,notumor,1,0.996961,,3,0.001865,0.001094,0.996961,0.000080
data/Testing/notumor/Te-no_0012.jpg,nt53,notumor,notumor,1,0.999688,,3,0.000061,0.000225,0.999688,0.000027
data/Testing/notumor/Te-no_0013.jpg,nt54,notumor,notumor,1,0.993468,,3,0.000849,0.005149,0.993468,0.000535
data/Testing/notumor/Te-no_0014.jpg,nt55,notumor,notumor,1,0.999813,,3,0.000009,0.000098,0.999813,0.000081
data/Testing/notumor/Te-no_0015.jpg,nt57,notumor,notumor,1,0.999573,,3,0.000170,0.000166,0.999573,0.000091
data/Testing/notumor/Te-no_0016.jpg,nt38,notumor,notumor,1,0.999984,,3,0.000009,0.000006,0.999984,0.000001
data/Testing/notumor/Te-no_0017.jpg,nt58,notumor,notumor,1,0.999911,,3,0.000008,0.000039,0.999911,0.000042
data/Testing/notumor/Te-no_0018.jpg,nt59,notumor,notumor,1,0.999971,,3,0.000004,0.000023,0.999971,0.000002
data/Testing/notumor/Te-no_0019.jpg,nt60,notumor,notumor,1,0.999750,,3,0.000054,0.000162,0.999750,0.000034
data/Testing/notumor/Te-no_0020.jpg,nt61,notumor,notumor,1,0.999556,,3,0.000226,0.000165,0.999556,0.000053
data/Testing/notumor/Te-no_0021.jpg,nt275,notumor,notumor,1,0.999996,,3,0.000001,0.000003,0.999996,0.000000
data/Testing/notumor/Te-no_0022.jpg,nt65,notumor,notumor,1,0.999498,,3,0.000143,0.000208,0.999498,0.000151
data/Testing/notumor/Te-no_0023.jpg,nt156,notumor,notumor,1,0.999876,,3,0.000008,0.000110,0.999876,0.000005
data/Testing/notumor/Te-no_0024.jpg,nt241,notumor,notumor,1,0.999843,,3,0.000017,0.000099,0.999843,0.000041
data/Testing/notumor/Te-no_0025.jpg,nt272,notumor,notumor,1,0.999627,,3,0.000021,0.000267,0.999627,0.000085
data/Testing/notumor/Te-no_0026.jpg,nt172,notumor,notumor,1,0.999985,,3,0.000002,0.000012,0.999985,0.000001
data/Testing/notumor/Te-no_0027.jpg,nt39,notumor,notumor,1,0.999848,,3,0.000005,0.000034,0.999848,0.000114
data/Testing/notumor/Te-no_0028.jpg,nt280,notumor,notumor,1,0.982105,,3,0.000028,0.017453,0.982105,0.000414
data/Testing/notumor/Te-no_0029.jpg,nt274,notumor,meningioma,0,0.955703,,3,0.037449,0.955703,0.006063,0.000785
data/Testing/notumor/Te-no_0030.jpg,nt271,notumor,notumor,1,0.999806,,3,0.000006,0.000141,0.999806,0.000047
data/Testing/notumor/Te-no_0031.jpg,nt47,notumor,notumor,1,0.999876,,3,0.000040,0.000065,0.999876,0.000019
data/Testing/notumor/Te-no_0032.jpg,nt300,notumor,notumor,1,0.999869,,3,0.000101,0.000025,0.999869,0.000005
data/Testing/notumor/Te-no_0033.jpg,nt66,notumor,notumor,1,0.999993,,3,0.000000,0.000005,0.999993,0.000002
data/Testing/notumor/Te-no_0034.jpg,nt51,notumor,notumor,1,0.998795,,3,0.000017,0.000891,0.998795,0.000297
data/Testing/notumor/Te-no_0035.jpg,nt81,notumor,notumor,1,0.987076,,3,0.009605,0.001371,0.987076,0.001949
data/Testing/notumor/Te-no_0036.jpg,nt92,notumor,notumor,1,0.998088,,3,0.000074,0.001275,0.998088,0.000563
data/Testing/notumor/Te-no_0037.jpg,nt42,notumor,notumor,1,0.999988,,3,0.000002,0.000009,0.999988,0.000001
data/Testing/notumor/Te-no_0038.jpg,nt40,notumor,notumor,1,0.999965,,3,0.000005,0.000021,0.999965,0.000009
data/Testing/notumor/Te-no_0039.jpg,nt111,notumor,notumor,1,0.999882,,3,0.000013,0.000081,0.999882,0.000024
data/Testing/notumor/Te-no_0040.jpg,nt118,notumor,notumor,1,0.999535,,3,0.000038,0.000394,0.999535,0.000033
data/Testing/notumor/Te-no_0041.jpg,nt126,notumor,notumor,1,0.999847,,3,0.000096,0.000056,0.999847,0.000001
data/Testing/notumor/Te-no_0042.jpg,nt136,notumor,notumor,1,0.999508,,3,0.000011,0.000309,0.999508,0.000171
data/Testing/notumor/Te-no_0043.jpg,nt145,notumor,notumor,1,0.998571,,3,0.000161,0.000909,0.998571,0.000360
data/Testing/notumor/Te-no_0044.jpg,nt53,notumor,notumor,1,0.999688,,3,0.000061,0.000225,0.999688,0.000027
data/Testing/notumor/Te-no_0045.jpg,nt162,notumor,notumor,1,0.990706,,3,0.003703,0.004585,0.990706,0.001007
data/Testing/notumor/Te-no_0046.jpg,nt172,notumor,notumor,1,0.999985,,3,0.000003,0.000011,0.999985,0.000001
data/Testing/notumor/Te-no_0047.jpg,nt126,notumor,notumor,1,0.999820,,3,0.000121,0.000059,0.999820,0.000001
data/Testing/notumor/Te-no_0048.jpg,nt52,notumor,notumor,1,0.996961,,3,0.001865,0.001094,0.996961,0.000080
data/Testing/notumor/Te-no_0049.jpg,nt41,notumor,notumor,1,0.999790,,3,0.000037,0.000151,0.999790,0.000021
data/Testing/notumor/Te-no_0050.jpg,nt162,notumor,notumor,1,0.990706,,3,0.003703,0.004585,0.990706,0.001007
data/Testing/notumor/Te-no_0051.jpg,nt204,notumor,notumor,1,0.996819,,3,0.000222,0.001657,0.996819,0.001302
data/Testing/notumor/Te-no_0052.jpg,nt118,notumor,notumor,1,0.999535,,3,0.000038,0.000394,0.999535,0.000033
data/Testing/notumor/Te-no_0053.jpg,nt52,notumor,notumor,1,0.996961,,3,0.001865,0.001094,0.996961,0.000080
data/Testing/notumor/Te-no_0054.jpg,nt162,notumor,notumor,1,0.990706,,3,0.003703,0.004585,0.990706,0.001007
data/Testing/notumor/Te-no_0055.jpg,nt53,notumor,notumor,1,0.999688,,3,0.000061,0.000225,0.999688,0.000027
data/Testing/notumor/Te-no_0056.jpg,nt250,notumor,notumor,1,0.998330,,3,0.000912,0.000483,0.998330,0.000275
data/Testing/notumor/Te-no_0057.jpg,nt261,notumor,notumor,1,0.999159,,3,0.000011,0.000645,0.999159,0.000185
data/Testing/notumor/Te-no_0058.jpg,nt269,notumor,notumor,1,0.999168,,3,0.000170,0.000637,0.999168,0.000026
data/Testing/notumor/Te-no_0059.jpg,nt270,notumor,notumor,1,0.999775,,3,0.000004,0.000153,0.999775,0.000068
data/Testing/notumor/Te-no_0060.jpg,nt42,notumor,notumor,1,0.999986,,3,0.000002,0.000011,0.999986,0.000001
data/Testing/notumor/Te-no_0061.jpg,nt53,notumor,notumor,1,0.999688,,3,0.000061,0.000225,0.999688,0.000027
data/Testing/notumor/Te-no_0062.jpg,nt60,notumor,notumor,1,0.999750,,3,0.000054,0.000162,0.999750,0.000034
data/Testing/notumor/Te-no_0063.jpg,nt261,notumor,notumor,1,0.999403,,3,0.000008,0.000451,0.999403,0.000138
data/Testing/notumor/Te-no_0064.jpg,nt172,notumor,notumor,1,0.999988,,3,0.000001,0.000010,0.999988,0.000000
data/Testing/notumor/Te-no_0065.jpg,nt271,notumor,notumor,1,0.999806,,3,0.000006,0.000141,0.999806,0.000047
data/Testing/notumor/Te-no_0066.jpg,nt273,notumor,notumor,1,0.998159,,3,0.000168,0.001564,0.998159,0.000110
data/Testing/notumor/Te-no_0067.jpg,nt47,notumor,notumor,1,0.999876,,3,0.000040,0.000065,0.999876,0.000019
data/Testing/notumor/Te-no_0068.jpg,nt52,notumor,notumor,1,0.996961,,3,0.001865,0.001094,0.996961,0.000080
data/Testing/notumor/Te-no_0069.jpg,nt274,notumor,meningioma,0,0.955703,,3,0.037449,0.955703,0.006063,0.000785
data/Testing/notumor/Te-no_0070.jpg,nt59,notumor,notumor,1,0.999971,,3,0.000004,0.000023,0.999971,0.000002
data/Testing/notumor/Te-no_0071.jpg,nt43,notumor,notumor,1,0.990327,,3,0.000019,0.009503,0.990327,0.000151
data/Testing/notumor/Te-no_0072.jpg,nt275,notumor,notumor,1,0.999996,,3,0.000001,0.000003,0.999996,0.000000
data/Testing/notumor/Te-no_0073.jpg,nt60,notumor,notumor,1,0.999750,,3,0.000054,0.000162,0.999750,0.000034
data/Testing/notumor/Te-no_0074.jpg,nt58,notumor,notumor,1,0.999860,,3,0.000011,0.000061,0.999860,0.000067
data/Testing/notumor/Te-no_0075.jpg,nt65,notumor,notumor,1,0.999498,,3,0.000143,0.000208,0.999498,0.000151
data/Testing/notumor/Te-no_0076.jpg,nt276,notumor,notumor,1,0.999805,,3,0.000011,0.000175,0.999805,0.000009
data/Testing/notumor/Te-no_0077.jpg,nt126,notumor,notumor,1,0.999820,,3,0.000121,0.000059,0.999820,0.000001
data/Testing/notumor/Te-no_0078.jpg,nt273,notumor,notumor,1,0.998265,,3,0.000179,0.001459,0.998265,0.000098
data/Testing/notumor/Te-no_0079.jpg,nt277,notumor,notumor,1,0.999773,,3,0.000036,0.000156,0.999773,0.000035
data/Testing/notumor/Te-no_0080.jpg,nt128,notumor,notumor,1,0.999872,,3,0.000012,0.000005,0.999872,0.000110
data/Testing/notumor/Te-no_0081.jpg,nt81,notumor,notumor,1,0.987076,,3,0.009605,0.001371,0.987076,0.001949
data/Testing/notumor/Te-no_0082.jpg,nt44,notumor,notumor,1,0.999826,,3,0.000102,0.000071,0.999826,0.000001
data/Testing/notumor/Te-no_0083.jpg,nt46,notumor,notumor,1,0.999992,,3,0.000002,0.000006,0.999992,0.000000
data/Testing/notumor/Te-no_0084.jpg,nt47,notumor,notumor,1,0.999876,,3,0.000040,0.000065,0.999876,0.000019
data/Testing/notumor/Te-no_0085.jpg,nt278,notumor,notumor,1,0.997142,,3,0.000016,0.002765,0.997142,0.000077
data/Testing/notumor/Te-no_0086.jpg,nt279,notumor,notumor,1,0.994828,,3,0.000343,0.001440,0.994828,0.003389
data/Testing/notumor/Te-no_0087.jpg,nt52,notumor,notumor,1,0.996961,,3,0.001865,0.001094,0.996961,0.000080
data/Testing/notumor/Te-no_0088.jpg,nt48,notumor,notumor,1,0.990427,,3,0.001291,0.008167,0.990427,0.000115
data/Testing/notumor/Te-no_0089.jpg,nt281,notumor,notumor,1,0.999845,,3,0.000009,0.000098,0.999845,0.000049
data/Testing/notumor/Te-no_0090.jpg,nt282,notumor,notumor,1,0.804682,,3,0.000691,0.002873,0.804682,0.191754
data/Testing/notumor/Te-no_0091.jpg,nt283,notumor,notumor,1,0.998814,,3,0.000163,0.000996,0.998814,0.000027
data/Testing/notumor/Te-no_0092.jpg,nt284,notumor,notumor,1,0.998802,,3,0.000063,0.001010,0.998802,0.000125
data/Testing/notumor/Te-no_0093.jpg,nt46,notumor,notumor,1,0.999992,,3,0.000002,0.000006,0.999992,0.000000
data/Testing/notumor/Te-no_0094.jpg,nt285,notumor,notumor,1,0.998358,,3,0.000003,0.001099,0.998358,0.000539
data/Testing/notumor/Te-no_0095.jpg,nt286,notumor,notumor,1,0.999975,,3,0.000010,0.000015,0.999975,0.000000
data/Testing/notumor/Te-no_0096.jpg,nt287,notumor,notumor,1,0.985213,,3,0.003494,0.011053,0.985213,0.000240
data/Testing/notumor/Te-no_0097.jpg,nt288,notumor,notumor,1,0.993425,,3,0.001280,0.004865,0.993425,0.000430
data/Testing/notumor/Te-no_0098.jpg,nt289,notumor,meningioma,0,0.999481,,3,0.000357,0.999481,0.000120,0.000042
data/Testing/notumor/Te-no_0099.jpg,nt290,notumor,notumor,1,0.999996,,3,0.000000,0.000002,0.999996,0.000002
data/Testing/notumor/Te-no_0100.jpg,nt62,notumor,notumor,1,0.999531,,3,0.000120,0.000331,0.999531,0.000018
data/Testing/notumor/Te-no_0101.jpg,nt207,notumor,notumor,1,0.998078,,3,0.000199,0.000841,0.998078,0.000882
data/Testing/notumor/Te-no_0102.jpg,nt209,notumor,notumor,1,0.999980,,3,0.000002,0.000013,0.999980,0.000005
data/Testing/notumor/Te-no_0103.jpg,nt266,notumor,notumor,1,0.999996,,3,0.000000,0.000002,0.999996,0.000001
data/Testing/notumor/Te-no_0104.jpg,nt36,notumor,notumor,1,0.798283,,3,0.154710,0.004263,0.798283,0.042744
data/Testing/notumor/Te-no_0105.jpg,nt1026,notumor,notumor,1,0.845527,,3,0.010733,0.143469,0.845527,0.000272
data/Testing/notumor/Te-no_0106.jpg,nt1027,notumor,notumor,1,0.999971,,3,0.000010,0.000010,0.999971,0.000010
data/Testing/notumor/Te-no_0107.jpg,nt934,notumor,notumor,1,0.999976,,3,0.000007,0.000009,0.999976,0.000007
data/Testing/notumor/Te-no_0108.jpg,nt1028,notumor,notumor,1,0.999978,,3,0.000016,0.000005,0.999978,0.000001
data/Testing/notumor/Te-no_0109.jpg,nt936,notumor,notumor,1,0.999982,,3,0.000005,0.000003,0.999982,0.000010
data/Testing/notumor/Te-no_0110.jpg,nt441,notumor,notumor,1,0.999556,,3,0.000022,0.000143,0.999556,0.000280
data/Testing/notumor/Te-no_0111.jpg,nt937,notumor,notumor,1,0.999974,,3,0.000004,0.000021,0.999974,0.000000
data/Testing/notumor/Te-no_0112.jpg,nt1029,notumor,notumor,1,0.999994,,3,0.000004,0.000002,0.999994,0.000000
data/Testing/notumor/Te-no_0113.jpg,nt941,notumor,notumor,1,0.998115,,3,0.000197,0.000490,0.998115,0.001199
data/Testing/notumor/Te-no_0114.jpg,nt942,notumor,notumor,1,0.999955,,3,0.000009,0.000022,0.999955,0.000014
data/Testing/notumor/Te-no_0115.jpg,nt943,notumor,notumor,1,0.999911,,3,0.000010,0.000031,0.999911,0.000048
data/Testing/notumor/Te-no_0116.jpg,nt944,notumor,notumor,1,0.999561,,3,0.000134,0.000259,0.999561,0.000046
data/Testing/notumor/Te-no_0117.jpg,nt946,notumor,notumor,1,0.999500,,3,0.000091,0.000391,0.999500,0.000018
data/Testing/notumor/Te-no_0118.jpg,nt949,notumor,notumor,1,0.999951,,3,0.000002,0.000021,0.999951,0.000025
data/Testing/notumor/Te-no_0119.jpg,nt1030,notumor,notumor,1,0.999988,,3,0.000002,0.000010,0.999988,0.000001
data/Testing/notumor/Te-no_0120.jpg,nt951,notumor,notumor,1,0.999988,,3,0.000009,0.000002,0.999988,0.000001
data/Testing/notumor/Te-no_0121.jpg,nt1013,notumor,notumor,1,0.999982,,3,0.000005,0.000012,0.999982,0.000001
data/Testing/notumor/Te-no_0122.jpg,nt1014,notumor,notumor,1,0.999508,,3,0.000151,0.000332,0.999508,0.000009
data/Testing/notumor/Te-no_0123.jpg,nt953,notumor,notumor,1,0.999903,,3,0.000054,0.000040,0.999903,0.000004
data/Testing/notumor/Te-no_0124.jpg,nt955,notumor,notumor,1,0.999956,,3,0.000006,0.000033,0.999956,0.000005
data/Testing/notumor/Te-no_0125.jpg,nt1031,notumor,notumor,1,0.999960,,3,0.000001,0.000031,0.999960,0.000009
data/Testing/notumor/Te-no_0126.jpg,nt957,notumor,notumor,1,0.999972,,3,0.000000,0.000011,0.999972,0.000017
data/Testing/notumor/Te-no_0127.jpg,nt822,notumor,notumor,1,0.999833,,3,0.000066,0.000041,0.999833,0.000061
data/Testing/notumor/Te-no_0128.jpg,nt1032,notumor,notumor,1,0.999886,,3,0.000001,0.000104,0.999886,0.000009
data/Testing/notumor/Te-no_0129.jpg,nt1033,notumor,notumor,1,0.999441,,3,0.000051,0.000376,0.999441,0.000132
data/Testing/notumor/Te-no_0130.jpg,nt1034,notumor,notumor,1,0.999994,,3,0.000001,0.000001,0.999994,0.000003
data/Testing/notumor/Te-no_0131.jpg,nt824,notumor,notumor,1,0.999875,,3,0.000090,0.000033,0.999875,0.000002
data/Testing/notumor/Te-no_0132.jpg,nt962,notumor,notumor,1,0.999952,,3,0.000025,0.000020,0.999952,0.000003
data/Testing/notumor/Te-no_0133.jpg,nt1035,notumor,notumor,1,0.999935,,3,0.000004,0.000059,0.999935,0.000002
data/Testing/notumor/Te-no_0134.jpg,nt445,notumor,notumor,1,0.999998,,3,0.000001,0.000000,0.999998,0.000000
data/Testing/notumor/Te-no_0135.jpg,nt852,notumor,notumor,1,0.999292,,3,0.000073,0.000574,0.999292,0.000061
data/Testing/notumor/Te-no_0136.jpg,nt1036,notumor,notumor,1,0.999103,,3,0.000105,0.000750,0.999103,0.000041
data/Testing/notumor/Te-no_0137.jpg,nt968,notumor,notumor,1,0.999963,,3,0.000008,0.000026,0.999963,0.000003
data/Testing/notumor/Te-no_0138.jpg,nt969,notumor,notumor,1,0.999768,,3,0.000013,0.000106,0.999768,0.000112
data/Testing/notumor/Te-no_0139.jpg,nt446,notumor,notumor,1,0.999945,,3,0.000005,0.000049,0.999945,0.000001
data/Testing/notumor/Te-no_0140.jpg,nt970,notumor,notumor,1,0.999953,,3,0.000005,0.000007,0.999953,0.000035
data/Testing/notumor/Te-no_0141.jpg,nt867,notumor,notumor,1,0.997418,,3,0.000838,0.001488,0.997418,0.000256
data/Testing/notumor/Te-no_0142.jpg,nt868,notumor,notumor,1,0.999950,,3,0.000002,0.000036,0.999950,0.000012
data/Testing/notumor/Te-no_0143.jpg,nt526,notumor,notumor,1,0.999952,,3,0.000002,0.000007,0.999952,0.000039
data/Testing/notumor/Te-no_0144.jpg,nt592,notumor,notumor,1,0.999999,,3,0.000000,0.000000,0.999999,0.000000
data/Testing/notumor/Te-no_0145.jpg,nt513,notumor,notumor,1,0.999822,,3,0.000056,0.000091,0.999822,0.000032
data/Testing/notumor/Te-no_0146.jpg,nt518,notumor,notumor,1,0.995304,,3,0.000807,0.003675,0.995304,0.000214
data/Testing/notumor/Te-no_0147.jpg,nt885,notumor,notumor,1,0.999303,,3,0.000045,0.000533,0.999303,0.000119
data/Testing/notumor/Te-no_0148.jpg,nt886,notumor,notumor,1,0.999826,,3,0.000008,0.000126,0.999826,0.000040
data/Testing/notumor/Te-no_0149.jpg,nt1037,notumor,notumor,1,0.999860,,3,0.000009,0.000116,0.999860,0.000015
data/Testing/notumor/Te-no_0150.jpg,nt1038,notumor,notumor,1,0.997834,,3,0.000327,0.001720,0.997834,0.000119
data/Testing/notumor/Te-no_0151.jpg,nt517,notumor,notumor,1,0.999990,,3,0.000001,0.000002,0.999990,0.000007
data/Testing/notumor/Te-no_0152.jpg,nt894,notumor,notumor,1,0.999860,,3,0.000034,0.000090,0.999860,0.000016
data/Testing/notumor/Te-no_0153.jpg,nt901,notumor,notumor,1,0.999556,,3,0.000126,0.000294,0.999556,0.000024
data/Testing/notumor/Te-no_0154.jpg,nt449,notumor,notumor,1,0.999954,,3,0.000019,0.000026,0.999954,0.000002
data/Testing/notumor/Te-no_0155.jpg,nt1039,notumor,notumor,1,0.997356,,3,0.000466,0.002082,0.997356,0.000097
data/Testing/notumor/Te-no_0156.jpg,nt907,notumor,notumor,1,0.998783,,3,0.000160,0.000946,0.998783,0.000111
data/Testing/notumor/Te-no_0157.jpg,nt1040,notumor,notumor,1,0.999904,,3,0.000022,0.000035,0.999904,0.000040
data/Testing/notumor/Te-no_0158.jpg,nt1041,notumor,notumor,1,0.999964,,3,0.000007,0.000023,0.999964,0.000006
data/Testing/notumor/Te-no_0159.jpg,nt556,notumor,notumor,1,0.997446,,3,0.000870,0.001460,0.997446,0.000224
data/Testing/notumor/Te-no_0160.jpg,nt559,notumor,notumor,1,0.999954,,3,0.000003,0.000006,0.999954,0.000037
data/Testing/notumor/Te-no_0161.jpg,nt560,notumor,notumor,1,0.999993,,3,0.000001,0.000003,0.999993,0.000003
data/Testing/notumor/Te-no_0162.jpg,nt1042,notumor,notumor,1,0.999621,,3,0.000074,0.000082,0.999621,0.000223
data/Testing/notumor/Te-no_0163.jpg,nt1043,notumor,notumor,1,0.999923,,3,0.000009,0.000057,0.999923,0.000011
data/Testing/notumor/Te-no_0164.jpg,nt1044,notumor,notumor,1,0.999396,,3,0.000032,0.000509,0.999396,0.000062
data/Testing/notumor/Te-no_0165.jpg,nt546,notumor,notumor,1,0.998456,,3,0.000096,0.000220,0.998456,0.001228
data/Testing/notumor/Te-no_0166.jpg,nt847,notumor,notumor,1,0.997378,,3,0.000327,0.000705,0.997378,0.001591
data/Testing/notumor/Te-no_0167.jpg,nt1045,notumor,notumor,1,0.999961,,3,0.000003,0.000012,0.999961,0.000023
data/Testing/notumor/Te-no_0168.jpg,nt850,notumor,notumor,1,0.999189,,3,0.000088,0.000449,0.999189,0.000273
data/Testing/notumor/Te-no_0169.jpg,nt1046,notumor,notumor,1,0.999943,,3,0.000014,0.000034,0.999943,0.000008
data/Testing/notumor/Te-no_0170.jpg,nt1047,notumor,notumor,1,0.999571,,3,0.000060,0.000355,0.999571,0.000014
data/Testing/notumor/Te-no_0171.jpg,nt576,notumor,notumor,1,0.999759,,3,0.000034,0.000139,0.999759,0.000068
data/Testing/notumor/Te-no_0172.jpg,nt853,notumor,notumor,1,0.999055,,3,0.000311,0.000570,0.999055,0.000063
data/Testing/notumor/Te-no_0173.jpg,nt593,notumor,notumor,1,0.999990,,3,0.000000,0.000004,0.999990,0.000006
data/Testing/notumor/Te-no_0174.jpg,nt856,notumor,notumor,1,0.998978,,3,0.000021,0.000789,0.998978,0.000211
data/Testing/notumor/Te-no_0175.jpg,nt857,notumor,notumor,1,0.998981,,3,0.000063,0.000823,0.998981,0.000133
data/Testing/notumor/Te-no_0176.jpg,nt1048,notumor,notumor,1,0.999768,,3,0.000076,0.000076,0.999768,0.000080
data/Testing/notumor/Te-no_0177.jpg,nt1049,notumor,notumor,1,0.999767,,3,0.000001,0.000227,0.999767,0.000005
data/Testing/notumor/Te-no_0178.jpg,nt1050,notumor,notumor,1,0.999963,,3,0.000026,0.000011,0.999963,0.000001
data/Testing/notumor/Te-no_0179.jpg,nt833,notumor,notumor,1,0.999986,,3,0.000004,0.000003,0.999986,0.000006
data/Testing/notumor/Te-no_0180.jpg,nt1051,notumor,notumor,1,0.999936,,3,0.000023,0.000040,0.999936,0.000002
data/Testing/notumor/Te-no_0181.jpg,nt1052,notumor,notumor,1,0.999869,,3,0.000019,0.000108,0.999869,0.000004
data/Testing/notumor/Te-no_0182.jpg,nt1053,notumor,notumor,1,0.998917,,3,0.000103,0.000538,0.998917,0.000441
data/Testing/notumor/Te-no_0183.jpg,nt584,notumor,notumor,1,0.999978,,3,0.000001,0.000021,0.999978,0.000001
data/Testing/notumor/Te-no_0184.jpg,nt1054,notumor,notumor,1,0.999996,,3,0.000001,0.000002,0.999996,0.000000
data/Testing/notumor/Te-no_0185.jpg,nt585,notumor,notumor,1,0.999996,,3,0.000002,0.000001,0.999996,0.000000
data/Testing/notumor/Te-no_0186.jpg,nt586,notumor,notumor,1,0.999225,,3,0.000094,0.000349,0.999225,0.000332
data/Testing/notumor/Te-no_0187.jpg,nt999,notumor,notumor,1,0.999905,,3,0.000015,0.000056,0.999905,0.000024
data/Testing/notumor/Te-no_0188.jpg,nt588,notumor,notumor,1,0.999991,,3,0.000001,0.000006,0.999991,0.000001
data/Testing/notumor/Te-no_0189.jpg,nt589,notumor,notumor,1,0.999988,,3,0.000000,0.000010,0.999988,0.000002
data/Testing/notumor/Te-no_0190.jpg,nt1020,notumor,notumor,1,0.999864,,3,0.000017,0.000112,0.999864,0.000007
data/Testing/notumor/Te-no_0191.jpg,nt1023,notumor,notumor,1,0.999972,,3,0.000015,0.000007,0.999972,0.000006
data/Testing/notumor/Te-no_0192.jpg,nt326,notumor,notumor,1,0.999982,,3,0.000004,0.000013,0.999982,0.000001
data/Testing/notumor/Te-no_0193.jpg,nt332,notumor,notumor,1,0.999966,,3,0.000004,0.000025,0.999966,0.000006
data/Testing/notumor/Te-no_0194.jpg,nt347,notumor,notumor,1,0.999997,,3,0.000002,0.000000,0.999997,0.000000
data/Testing/notumor/Te-no_0195.jpg,nt592,notumor,notumor,1,0.999999,,3,0.000000,0.000000,0.999999,0.000000
data/Testing/notumor/Te-no_0196.jpg,nt1037,notumor,notumor,1,0.999806,,3,0.000013,0.000163,0.999806,0.000018
data/Testing/notumor/Te-no_0197.jpg,nt1055,notumor,notumor,1,0.999977,,3,0.000003,0.000009,0.999977,0.000011
data/Testing/notumor/Te-no_0198.jpg,nt392,notumor,notumor,1,0.999996,,3,0.000001,0.000001,0.999996,0.000003
data/Testing/notumor/Te-no_0199.jpg,nt593,notumor,notumor,1,0.999981,,3,0.000001,0.000008,0.999981,0.000010
data/Testing/notumor/Te-no_0200.jpg,nt437,notumor,notumor,1,0.999987,,3,0.000002,0.000001,0.999987,0.000010
data/Testing/notumor/Te-no_0201.jpg,nt395,notumor,notumor,1,0.999977,,3,0.000002,0.000021,0.999977,0.000000
data/Testing/notumor/Te-no_0202.jpg,nt1056,notumor,notumor,1,0.999401,,3,0.000116,0.000433,0.999401,0.000050
data/Testing/notumor/Te-no_0203.jpg,nt12,notumor,notumor,1,0.999931,,3,0.000022,0.000037,0.999931,0.000010
data/Testing/notumor/Te-no_0204.jpg,nt1057,notumor,notumor,1,0.999916,,3,0.000013,0.000064,0.999916,0.000008
data/Testing/notumor/Te-no_0205.jpg,nt142,notumor,notumor,1,0.999779,,3,0.000050,0.000149,0.999779,0.000022
data/Testing/notumor/Te-no_0206.jpg,nt146,notumor,notumor,1,0.999928,,3,0.000017,0.000052,0.999928,0.000004
data/Testing/notumor/Te-no_0207.jpg,nt1058,notumor,notumor,1,0.999850,,3,0.000008,0.000107,0.999850,0.000036
data/Testing/notumor/Te-no_0208.jpg,nt820,notumor,notumor,1,0.999613,,3,0.000062,0.000117,0.999613,0.000209
data/Testing/notumor/Te-no_0209.jpg,nt1059,notumor,notumor,1,0.999892,,3,0.000008,0.000015,0.999892,0.000085
data/Testing/notumor/Te-no_0210.jpg,nt1060,notumor,notumor,1,0.999959,,3,0.000035,0.000004,0.999959,0.000002
data/Testing/notumor/Te-no_0211.jpg,nt758,notumor,notumor,1,0.999774,,3,0.000059,0.000162,0.999774,0.000005
data/Testing/notumor/Te-no_0212.jpg,nt403,notumor,notumor,1,0.999972,,3,0.000001,0.000016,0.999972,0.000012
data/Testing/notumor/Te-no_0213.jpg,nt1061,notumor,notumor,1,0.999966,,3,0.000005,0.000025,0.999966,0.000004
data/Testing/notumor/Te-no_0214.jpg,nt1062,notumor,notumor,1,0.999948,,3,0.000001,0.000043,0.999948,0.000008
data/Testing/notumor/Te-no_0215.jpg,nt1063,notumor,notumor,1,0.999740,,3,0.000022,0.000022,0.999740,0.000216
data/Testing/notumor/Te-no_0216.jpg,nt192,notumor,notumor,1,0.999925,,3,0.000001,0.000048,0.999925,0.000026
data/Testing/notumor/Te-no_0217.jpg,nt310,notumor,notumor,1,0.999996,,3,0.000001,0.000002,0.999996,0.000000
data/Testing/notumor/Te-no_0218.jpg,nt232,notumor,notumor,1,0.999903,,3,0.000071,0.000024,0.999903,0.000003
data/Testing/notumor/Te-no_0219.jpg,nt1064,notumor,notumor,1,0.999984,,3,0.000005,0.000007,0.999984,0.000004
data/Testing/notumor/Te-no_0220.jpg,nt237,notumor,notumor,1,0.999950,,3,0.000003,0.000045,0.999950,0.000002
data/Testing/notumor/Te-no_0221.jpg,nt124,notumor,notumor,1,0.999981,,3,0.000007,0.000011,0.999981,0.000001
data/Testing/notumor/Te-no_0222.jpg,nt1065,notumor,notumor,1,0.999183,,3,0.000083,0.000642,0.999183,0.000093
data/Testing/notumor/Te-no_0223.jpg,nt252,notumor,notumor,1,0.997356,,3,0.000362,0.002120,0.997356,0.000162
data/Testing/notumor/Te-no_0224.jpg,nt25,notumor,notumor,1,0.999634,,3,0.000141,0.000212,0.999634,0.000013
data/Testing/notumor/Te-no_0225.jpg,nt31,notumor,notumor,1,0.999660,,3,0.000033,0.000271,0.999660,0.000036
data/Testing/notumor/Te-no_0226.jpg,nt32,notumor,notumor,1,0.999551,,3,0.000028,0.000354,0.999551,0.000068
data/Testing/notumor/Te-no_0227.jpg,nt35,notumor,notumor,1,0.999982,,3,0.000002,0.000002,0.999982,0.000015
data/Testing/notumor/Te-no_0228.jpg,nt982,notumor,notumor,1,0.993389,,3,0.000172,0.005255,0.993389,0.001184
data/Testing/notumor/Te-no_0229.jpg,nt1066,notumor,notumor,1,0.999980,,3,0.000002,0.000010,0.999980,0.000008
data/Testing/notumor/Te-no_0230.jpg,nt965,notumor,notumor,1,0.998965,,3,0.000023,0.000010,0.998965,0.001002
data/Testing/notumor/Te-no_0231.jpg,nt983,notumor,notumor,1,0.999785,,3,0.000012,0.000013,0.999785,0.000190
data/Testing/notumor/Te-no_0232.jpg,nt985,notumor,notumor,1,0.999953,,3,0.000041,0.000004,0.999953,0.000001
data/Testing/notumor/Te-no_0233.jpg,nt377,notumor,notumor,1,0.999992,,3,0.000002,0.000003,0.999992,0.000003
data/Testing/notumor/Te-no_0234.jpg,nt550,notumor,notumor,1,0.999996,,3,0.000000,0.000004,0.999996,0.000000
data/Testing/notumor/Te-no_0235.jpg,nt605,notumor,notumor,1,0.999997,,3,0.000001,0.000001,0.999997,0.000000
data/Testing/notumor/Te-no_0236.jpg,nt615,notumor,notumor,1,0.999025,,3,0.000115,0.000584,0.999025,0.000276
data/Testing/notumor/Te-no_0237.jpg,nt972,notumor,notumor,1,0.999226,,3,0.000026,0.000678,0.999226,0.000070
data/Testing/notumor/Te-no_0238.jpg,nt973,notumor,notumor,1,0.999886,,3,0.000047,0.000015,0.999886,0.000052
data/Testing/notumor/Te-no_0239.jpg,nt975,notumor,notumor,1,0.999849,,3,0.000019,0.000113,0.999849,0.000019
data/Testing/notumor/Te-no_0240.jpg,nt976,notumor,notumor,1,0.999928,,3,0.000059,0.000013,0.999928,0.000001
data/Testing/notumor/Te-no_0241.jpg,nt1033,notumor,notumor,1,0.999504,,3,0.000046,0.000344,0.999504,0.000107
data/Testing/notumor/Te-no_0242.jpg,nt978,notumor,notumor,1,0.999981,,3,0.000001,0.000018,0.999981,0.000000
data/Testing/notumor/Te-no_0243.jpg,nt980,notumor,notumor,1,0.999994,,3,0.000003,0.000003,0.999994,0.000000
data/Testing/notumor/Te-no_0244.jpg,nt1067,notumor,notumor,1,0.999979,,3,0.000004,0.000014,0.999979,0.000003
data/Testing/notumor/Te-no_0245.jpg,nt1068,notumor,notumor,1,0.993747,,3,0.002037,0.004022,0.993747,0.000195
data/Testing/notumor/Te-no_0246.jpg,nt1069,notumor,notumor,1,0.999988,,3,0.000004,0.000005,0.999988,0.000003
data/Testing/notumor/Te-no_0247.jpg,nt1070,notumor,notumor,1,0.999931,,3,0.000005,0.000049,0.999931,0.000015
data/Testing/notumor/Te-no_0248.jpg,nt1071,notumor,notumor,1,0.999996,,3,0.000001,0.000001,0.999996,0.000003
data/Testing/notumor/Te-no_0249.jpg,nt1072,notumor,notumor,1,0.999736,,3,0.000097,0.000157,0.999736,0.000010
data/Testing/notumor/Te-no_0250.jpg,nt873,notumor,notumor,1,0.999592,,3,0.000063,0.000295,0.999592,0.000050
data/Testing/notumor/Te-no_0251.jpg,nt875,notumor,notumor,1,0.999334,,3,0.000118,0.000506,0.999334,0.000042
data/Testing/notumor/Te-no_0252.jpg,nt371,notumor,notumor,1,0.999829,,3,0.000037,0.000034,0.999829,0.000099
data/Testing/notumor/Te-no_0253.jpg,nt995,notumor,notumor,1,0.999117,,3,0.000046,0.000658,0.999117,0.000179
data/Testing/notumor/Te-no_0254.jpg,nt373,notumor,notumor,1,0.999864,,3,0.000017,0.000108,0.999864,0.000010
data/Testing/notumor/Te-no_0255.jpg,nt1073,notumor,notumor,1,0.999806,,3,0.000008,0.000148,0.999806,0.000038
data/Testing/notumor/Te-no_0256.jpg,nt363,notumor,notumor,1,0.999879,,3,0.000041,0.000031,0.999879,0.000049
data/Testing/notumor/Te-no_0257.jpg,nt1074,notumor,notumor,1,0.999974,,3,0.000006,0.000018,0.999974,0.000002
data/Testing/notumor/Te-no_0258.jpg,nt867,notumor,notumor,1,0.997559,,3,0.000856,0.001402,0.997559,0.000183
data/Testing/notumor/Te-no_0259.jpg,nt868,notumor,notumor,1,0.999944,,3,0.000002,0.000043,0.999944,0.000011
data/Testing/notumor/Te-no_0260.jpg,nt1075,notumor,notumor,1,0.999817,,3,0.000044,0.000122,0.999817,0.000016
data/Testing/notumor/Te-no_0261.jpg,nt368,notumor,notumor,1,0.999987,,3,0.000001,0.000007,0.999987,0.000005
data/Testing/notumor/Te-no_0262.jpg,nt1076,notumor,notumor,1,0.992721,,3,0.000006,0.007244,0.992721,0.000029
data/Testing/notumor/Te-no_0263.jpg,nt365,notumor,notumor,1,0.999995,,3,0.000001,0.000001,0.999995,0.000003
data/Testing/notumor/Te-no_0264.jpg,nt909,notumor,notumor,1,0.999564,,3,0.000318,0.000090,0.999564,0.000027
data/Testing/notumor/Te-no_0265.jpg,nt1077,notumor,notumor,1,0.999979,,3,0.000003,0.000010,0.999979,0.000007
data/Testing/notumor/Te-no_0266.jpg,nt1078,notumor,notumor,1,0.999868,,3,0.000018,0.000086,0.999868,0.000029
data/Testing/notumor/Te-no_0267.jpg,nt1079,notumor,notumor,1,0.997543,,3,0.000545,0.001676,0.997543,0.000236
data/Testing/notumor/Te-no_0268.jpg,nt1080,notumor,notumor,1,0.999717,,3,0.000042,0.000201,0.999717,0.000039
data/Testing/notumor/Te-no_0269.jpg,nt397,notumor,notumor,1,0.999912,,3,0.000032,0.000043,0.999912,0.000014
data/Testing/notumor/Te-no_0270.jpg,nt1081,notumor,notumor,1,0.999941,,3,0.000003,0.000033,0.999941,0.000023
data/Testing/notumor/Te-no_0271.jpg,nt1082,notumor,notumor,1,0.998335,,3,0.000323,0.001073,0.998335,0.000270
data/Testing/notumor/Te-no_0272.jpg,nt1083,notumor,notumor,1,0.982801,,3,0.000249,0.016880,0.982801,0.000070
data/Testing/notumor/Te-no_0273.jpg,nt1084,notumor,notumor,1,0.999860,,3,0.000021,0.000116,0.999860,0.000003
data/Testing/notumor/Te-no_0274.jpg,nt1085,notumor,notumor,1,0.995698,,3,0.000243,0.003462,0.995698,0.000597
data/Testing/notumor/Te-no_0275.jpg,nt1058,notumor,notumor,1,0.999895,,3,0.000005,0.000068,0.999895,0.000032
data/Testing/notumor/Te-no_0276.jpg,nt845,notumor,notumor,1,0.999671,,3,0.000012,0.000192,0.999671,0.000125
data/Testing/notumor/Te-no_0277.jpg,nt991,notumor,notumor,1,0.999845,,3,0.000005,0.000117,0.999845,0.000032
data/Testing/notumor/Te-no_0278.jpg,nt1086,notumor,notumor,1,0.999998,,3,0.000001,0.000001,0.999998,0.000000
data/Testing/notumor/Te-no_0279.jpg,nt1087,notumor,notumor,1,0.999500,,3,0.000182,0.000297,0.999500,0.000021
data/Testing/notumor/Te-no_0280.jpg,nt1088,notumor,notumor,1,0.999229,,3,0.000147,0.000426,0.999229,0.000199
data/Testing/notumor/Te-no_0281.jpg,nt1089,notumor,notumor,1,0.999892,,3,0.000024,0.000040,0.999892,0.000043
data/Testing/notumor/Te-no_0282.jpg,nt391,notumor,notumor,1,0.999972,,3,0.000023,0.000004,0.999972,0.000001
data/Testing/notumor/Te-no_0283.jpg,nt1090,notumor,notumor,1,0.999992,,3,0.000001,0.000007,0.999992,0.000000
data/Testing/notumor/Te-no_0284.jpg,nt393,notumor,notumor,1,0.999862,,3,0.000008,0.000095,0.999862,0.000036
data/Testing/notumor/Te-no_0285.jpg,nt1091,notumor,notumor,1,0.999989,,3,0.000000,0.000005,0.999989,0.000006
data/Testing/notumor/Te-no_0286.jpg,nt1048,notumor,notumor,1,0.999616,,3,0.000137,0.000128,0.999616,0.000119
data/Testing/notumor/Te-no_0287.jpg,nt1049,notumor,notumor,1,0.999248,,3,0.000002,0.000741,0.999248,0.000009
data/Testing/notumor/Te-no_0288.jpg,nt1051,notumor,notumor,1,0.999893,,3,0.000044,0.000061,0.999893,0.000002
data/Testing/notumor/Te-no_0289.jpg,nt1092,notumor,notumor,1,0.999387,,3,0.000027,0.000175,0.999387,0.000411
data/Testing/notumor/Te-no_0290.jpg,nt425,notumor,notumor,1,0.999984,,3,0.000001,0.000014,0.999984,0.000000
data/Testing/notumor/Te-no_0291.jpg,nt428,notumor,notumor,1,0.999773,,3,0.000051,0.000146,0.999773,0.000030
data/Testing/notumor/Te-no_0292.jpg,nt1093,notumor,notumor,1,0.999841,,3,0.000014,0.000099,0.999841,0.000045
data/Testing/notumor/Te-no_0293.jpg,nt1094,notumor,notumor,1,0.999989,,3,0.000000,0.000001,0.999989,0.000009
data/Testing/notumor/Te-no_0294.jpg,nt1095,notumor,notumor,1,0.995189,,3,0.000741,0.002051,0.995189,0.002019
data/Testing/notumor/Te-no_0295.jpg,nt849,notumor,notumor,1,0.999957,,3,0.000003,0.000013,0.999957,0.000027
data/Testing/notumor/Te-no_0296.jpg,nt407,notumor,notumor,1,0.999675,,3,0.000065,0.000254,0.999675,0.000006
data/Testing/notumor/Te-no_0297.jpg,nt410,notumor,notumor,1,0.998084,,3,0.000193,0.001561,0.998084,0.000162
data/Testing/notumor/Te-no_0298.jpg,nt1096,notumor,notumor,1,0.996682,,3,0.001059,0.001923,0.996682,0.000337
data/Testing/notumor/Te-no_0299.jpg,nt809,notumor,notumor,1,0.999652,,3,0.000033,0.000263,0.999652,0.000051
data/Testing/notumor/Te-no_0300.jpg,nt409,notumor,notumor,1,0.995797,,3,0.000850,0.001452,0.995797,0.001900
data/Testing/notumor/Te-no_0301.jpg,nt137,notumor,notumor,1,0.999689,,3,0.000063,0.000183,0.999689,0.000066
data/Testing/notumor/Te-no_0302.jpg,nt142,notumor,notumor,1,0.999798,,3,0.000046,0.000136,0.999798,0.000020
data/Testing/notumor/Te-no_0303.jpg,nt143,notumor,notumor,1,0.999833,,3,0.000015,0.000097,0.999833,0.000056
data/Testing/notumor/Te-no_0304.jpg,nt880,notumor,notumor,1,0.999716,,3,0.000010,0.000164,0.999716,0.000110
data/Testing/notumor/Te-no_0305.jpg,nt820,notumor,notumor,1,0.999677,,3,0.000057,0.000114,0.999677,0.000152
data/Testing/notumor/Te-no_0306.jpg,nt704,notumor,notumor,1,0.999885,,3,0.000011,0.000018,0.999885,0.000085
data/Testing/notumor/Te-no_0307.jpg,nt758,notumor,notumor,1,0.999588,,3,0.000104,0.000299,0.999588,0.000009
data/Testing/notumor/Te-no_0308.jpg,nt464,notumor,notumor,1,0.999955,,3,0.000003,0.000041,0.999955,0.000001
data/Testing/notumor/Te-no_0309.jpg,nt813,notumor,notumor,1,0.999248,,3,0.000030,0.000696,0.999248,0.000026
data/Testing/notumor/Te-no_0310.jpg,nt170,notumor,notumor,1,0.999862,,3,0.000003,0.000112,0.999862,0.000023
data/Testing/notumor/Te-no_0311.jpg,nt815,notumor,notumor,1,0.999983,,3,0.000001,0.000013,0.999983,0.000003
data/Testing/notumor/Te-no_0312.jpg,nt1054,notumor,notumor,1,0.999994,,3,0.000003,0.000003,0.999994,0.000000
data/Testing/notumor/Te-no_0313.jpg,nt433,notumor,notumor,1,0.999964,,3,0.000010,0.000013,0.999964,0.000013
data/Testing/notumor/Te-no_0314.jpg,nt434,notumor,notumor,1,0.999965,,3,0.000004,0.000028,0.999965,0.000003
data/Testing/notumor/Te-no_0315.jpg,nt999,notumor,notumor,1,0.999889,,3,0.000020,0.000061,0.999889,0.000030
data/Testing/notumor/Te-no_0316.jpg,nt439,notumor,notumor,1,0.999991,,3,0.000001,0.000007,0.999991,0.000001
data/Testing/notumor/Te-no_0317.jpg,nt1020,notumor,notumor,1,0.999831,,3,0.000024,0.000137,0.999831,0.000007
data/Testing/notumor/Te-no_0318.jpg,nt347,notumor,notumor,1,0.999997,,3,0.000003,0.000000,0.999997,0.000000
data/Testing/notumor/Te-no_0319.jpg,nt445,notumor,notumor,1,0.999996,,3,0.000003,0.000001,0.999996,0.000000
data/Testing/notumor/Te-no_0320.jpg,nt1037,notumor,notumor,1,0.999864,,3,0.000009,0.000115,0.999864,0.000012
data/Testing/notumor/Te-no_0321.jpg,nt450,notumor,notumor,1,0.999214,,3,0.000211,0.000512,0.999214,0.000064
data/Testing/notumor/Te-no_0322.jpg,nt392,notumor,notumor,1,0.999995,,3,0.000001,0.000001,0.999995,0.000003
data/Testing/notumor/Te-no_0323.jpg,nt1078,notumor,notumor,1,0.999861,,3,0.000017,0.000089,0.999861,0.000032
data/Testing/notumor/Te-no_0324.jpg,nt1097,notumor,notumor,1,0.999774,,3,0.000011,0.000147,0.999774,0.000068
data/Testing/notumor/Te-no_0325.jpg,nt1098,notumor,notumor,1,0.998831,,3,0.000104,0.000353,0.998831,0.000712
data/Testing/notumor/Te-no_0326.jpg,nt551,notumor,notumor,1,0.999969,,3,0.000002,0.000014,0.999969,0.000015
data/Testing/notumor/Te-no_0327.jpg,nt1099,notumor,notumor,1,0.999983,,3,0.000003,0.000012,0.999983,0.000002
data/Testing/notumor/Te-no_0328.jpg,nt1100,notumor,notumor,1,0.999974,,3,0.000001,0.000014,0.999974,0.000010
data/Testing/notumor/Te-no_0329.jpg,nt1091,notumor,notumor,1,0.999974,,3,0.000000,0.000008,0.999974,0.000017
data/Testing/notumor/Te-no_0330.jpg,nt1024,notumor,notumor,1,1.000000,,3,0.000000,0.000000,1.000000,0.000000
data/Testing/notumor/Te-no_0331.jpg,nt1101,notumor,notumor,1,0.999968,,3,0.000002,0.000029,0.999968,0.000000
data/Testing/notumor/Te-no_0332.jpg,nt1027,notumor,notumor,1,0.999974,,3,0.000008,0.000008,0.999974,0.000009
data/Testing/notumor/Te-no_0333.jpg,nt316,notumor,notumor,1,0.999993,,3,0.000000,0.000001,0.999993,0.000005
data/Testing/notumor/Te-no_0334.jpg,nt1029,notumor,notumor,1,0.999995,,3,0.000003,0.000002,0.999995,0.000000
data/Testing/notumor/Te-no_0335.jpg,nt322,notumor,notumor,1,0.999960,,3,0.000023,0.000016,0.999960,0.000002
data/Testing/notumor/Te-no_0336.jpg,nt325,notumor,notumor,1,0.998871,,3,0.000230,0.000606,0.998871,0.000293
data/Testing/notumor/Te-no_0337.jpg,nt328,notumor,notumor,1,0.999556,,3,0.000025,0.000275,0.999556,0.000143
data/Testing/notumor/Te-no_0338.jpg,nt330,notumor,notumor,1,0.999716,,3,0.000040,0.000224,0.999716,0.000020
data/Testing/notumor/Te-no_0339.jpg,nt1030,notumor,notumor,1,0.999987,,3,0.000002,0.000011,0.999987,0.000001
data/Testing/notumor/Te-no_0340.jpg,nt1102,notumor,notumor,1,0.999988,,3,0.000000,0.000003,0.999988,0.000009
data/Testing/notumor/Te-no_0341.jpg,nt1014,notumor,notumor,1,0.999425,,3,0.000181,0.000382,0.999425,0.000011
data/Testing/notumor/Te-no_0342.jpg,nt338,notumor,notumor,1,0.999730,,3,0.000013,0.000119,0.999730,0.000138
data/Testing/notumor/Te-no_0343.jpg,nt1031,notumor,notumor,1,0.999972,,3,0.000001,0.000021,0.999972,0.000007
data/Testing/notumor/Te-no_0344.jpg,nt1103,notumor,notumor,1,0.999184,,3,0.000006,0.000426,0.999184,0.000384
data/Testing/notumor/Te-no_0345.jpg,nt1104,notumor,notumor,1,0.999493,,3,0.000020,0.000019,0.999493,0.000468
data/Testing/notumor/Te-no_0346.jpg,nt824,notumor,notumor,1,0.999873,,3,0.000090,0.000035,0.999873,0.000002
data/Testing/notumor/Te-no_0347.jpg,nt1035,notumor,notumor,1,0.999930,,3,0.000003,0.000065,0.999930,0.000002
data/Testing/notumor/Te-no_0348.jpg,nt1036,notumor,notumor,1,0.999029,,3,0.000110,0.000814,0.999029,0.000048
data/Testing/notumor/Te-no_0349.jpg,nt359,notumor,notumor,1,0.999815,,3,0.000043,0.000084,0.999815,0.000057
data/Testing/notumor/Te-no_0350.jpg,nt1105,notumor,notumor,1,0.998434,,3,0.000025,0.001023,0.998434,0.000518
data/Testing/notumor/Te-no_0351.jpg,nt1106,notumor,notumor,1,0.998312,,3,0.000587,0.000974,0.998312,0.000127
data/Testing/notumor/Te-no_0352.jpg,nt497,notumor,notumor,1,0.999995,,3,0.000003,0.000001,0.999995,0.000001
data/Testing/notumor/Te-no_0353.jpg,nt500,notumor,notumor,1,0.999887,,3,0.000004,0.000004,0.999887,0.000105
data/Testing/notumor/Te-no_0354.jpg,nt502,notumor,notumor,1,0.999757,,3,0.000027,0.000172,0.999757,0.000044
data/Testing/notumor/Te-no_0355.jpg,nt1067,notumor,notumor,1,0.999967,,3,0.000007,0.000020,0.999967,0.000005
data/Testing/notumor/Te-no_0356.jpg,nt483,notumor,notumor,1,0.999933,,3,0.000020,0.000004,0.999933,0.000044
data/Testing/notumor/Te-no_0357.jpg,nt965,notumor,notumor,1,0.999281,,3,0.000016,0.000008,0.999281,0.000695
data/Testing/notumor/Te-no_0358.jpg,nt377,notumor,notumor,1,0.999984,,3,0.000006,0.000006,0.999984,0.000004
data/Testing/notumor/Te-no_0359.jpg,nt490,notumor,notumor,1,0.999772,,3,0.000019,0.000182,0.999772,0.000027
data/Testing/notumor/Te-no_0360.jpg,nt615,notumor,notumor,1,0.999204,,3,0.000091,0.000501,0.999204,0.000204
data/Testing/notumor/Te-no_0361.jpg,nt1107,notumor,notumor,1,0.999961,,3,0.000016,0.000016,0.999961,0.000007
data/Testing/notumor/Te-no_0362.jpg,nt685,notumor,notumor,1,0.999809,,3,0.000014,0.000118,0.999809,0.000058
data/Testing/notumor/Te-no_0363.jpg,nt397,notumor,notumor,1,0.999880,,3,0.000043,0.000060,0.999880,0.000017
data/Testing/notumor/Te-no_0364.jpg,nt546,notumor,notumor,1,0.999591,,3,0.000024,0.000057,0.999591,0.000328
data/Testing/notumor/Te-no_0365.jpg,nt433,notumor,notumor,1,0.999963,,3,0.000010,0.000013,0.999963,0.000013
data/Testing/notumor/Te-no_0366.jpg,nt426,notumor,notumor,1,0.997989,,3,0.000286,0.001605,0.997989,0.000119
data/Testing/notumor/Te-no_0367.jpg,nt1094,notumor,notumor,1,0.999990,,3,0.000000,0.000001,0.999990,0.000009
data/Testing/notumor/Te-no_0368.jpg,nt1108,notumor,notumor,1,0.999792,,3,0.000030,0.000035,0.999792,0.000143
data/Testing/notumor/Te-no_0369.jpg,nt372,notumor,notumor,1,0.999929,,3,0.000011,0.000050,0.999929,0.000010
data/Testing/notumor/Te-no_0370.jpg,nt373,notumor,notumor,1,0.999900,,3,0.000015,0.000077,0.999900,0.000009
data/Testing/notumor/Te-no_0371.jpg,nt858,notumor,notumor,1,0.999866,,3,0.000005,0.000127,0.999866,0.000002
data/Testing/notumor/Te-no_0372.jpg,nt1109,notumor,notumor,1,0.999967,,3,0.000006,0.000021,0.999967,0.000006
data/Testing/notumor/Te-no_0373.jpg,nt367,notumor,notumor,1,0.999980,,3,0.000000,0.000006,0.999980,0.000014
data/Testing/notumor/Te-no_0374.jpg,nt365,notumor,notumor,1,0.999995,,3,0.000001,0.000001,0.999995,0.000003
data/Testing/notumor/Te-no_0375.jpg,nt533,notumor,notumor,1,0.999002,,3,0.000167,0.000488,0.999002,0.000343
data/Testing/notumor/Te-no_0376.jpg,nt435,notumor,notumor,1,0.999977,,3,0.000001,0.000007,0.999977,0.000016
data/Testing/notumor/Te-no_0377.jpg,nt888,notumor,notumor,1,0.999336,,3,0.000092,0.000352,0.999336,0.000220
data/Testing/notumor/Te-no_0378.jpg,nt891,notumor,notumor,1,0.999609,,3,0.000135,0.000248,0.999609,0.000008
data/Testing/notumor/Te-no_0379.jpg,nt1110,notumor,notumor,1,0.999798,,3,0.000004,0.000061,0.999798,0.000137
data/Testing/notumor/Te-no_0380.jpg,nt895,notumor,notumor,1,0.997749,,3,0.000271,0.001858,0.997749,0.000122
data/Testing/notumor/Te-no_0381.jpg,nt511,notumor,notumor,1,0.999970,,3,0.000002,0.000001,0.999970,0.000026
data/Testing/notumor/Te-no_0382.jpg,nt939,notumor,notumor,1,0.999979,,3,0.000000,0.000013,0.999979,0.000007
data/Testing/notumor/Te-no_0383.jpg,nt942,notumor,notumor,1,0.999954,,3,0.000010,0.000022,0.999954,0.000013
data/Testing/notumor/Te-no_0384.jpg,nt944,notumor,notumor,1,0.999455,,3,0.000175,0.000309,0.999455,0.000061
data/Testing/notumor/Te-no_0385.jpg,nt946,notumor,notumor,1,0.999444,,3,0.000098,0.000433,0.999444,0.000025
data/Testing/notumor/Te-no_0386.jpg,nt1030,notumor,notumor,1,0.999992,,3,0.000002,0.000006,0.999992,0.000000
data/Testing/notumor/Te-no_0387.jpg,nt334,notumor,notumor,1,0.999961,,3,0.000005,0.000034,0.999961,0.000000
data/Testing/notumor/Te-no_0388.jpg,nt337,notumor,notumor,1,0.999924,,3,0.000005,0.000070,0.999924,0.000002
data/Testing/notumor/Te-no_0389.jpg,nt1031,notumor,notumor,1,0.999858,,3,0.000006,0.000096,0.999858,0.000041
data/Testing/notumor/Te-no_0390.jpg,nt341,notumor,notumor,1,0.999884,,3,0.000020,0.000019,0.999884,0.000077
data/Testing/notumor/Te-no_0391.jpg,nt440,notumor,notumor,1,0.999989,,3,0.000000,0.000010,0.999989,0.000001
data/Testing/notumor/Te-no_0392.jpg,nt1111,notumor,notumor,1,0.999961,,3,0.000002,0.000036,0.999961,0.000001
data/Testing/notumor/Te-no_0393.jpg,nt1112,notumor,notumor,1,0.999996,,3,0.000001,0.000003,0.999996,0.000000
data/Testing/notumor/Te-no_0394.jpg,nt1098,notumor,notumor,1,0.998972,,3,0.000093,0.000300,0.998972,0.000635
data/Testing/notumor/Te-no_0395.jpg,nt916,notumor,notumor,1,0.999858,,3,0.000033,0.000083,0.999858,0.000026
data/Testing/notumor/Te-no_0396.jpg,nt917,notumor,notumor,1,0.999974,,3,0.000002,0.000014,0.999974,0.000010
data/Testing/notumor/Te-no_0397.jpg,nt920,notumor,notumor,1,0.999965,,3,0.000002,0.000015,0.999965,0.000018
data/Testing/notumor/Te-no_0398.jpg,nt1099,notumor,notumor,1,0.999981,,3,0.000003,0.000014,0.999981,0.000002
data/Testing/notumor/Te-no_0399.jpg,nt1100,notumor,notumor,1,0.999963,,3,0.000002,0.000022,0.999963,0.000013
data/Testing/notumor/Te-no_0400.jpg,nt925,notumor,notumor,1,0.999784,,3,0.000010,0.000068,0.999784,0.000138
data/Testing/notumor/Te-no_0401.jpg,nt927,notumor,notumor,1,0.999977,,3,0.000003,0.000016,0.999977,0.000004
data/Testing/notumor/Te-no_0402.jpg,nt929,notumor,notumor,1,0.999994,,3,0.000005,0.000001,0.999994,0.000000
data/Testing/notumor/Te-no_0403.jpg,nt930,notumor,notumor,1,0.999954,,3,0.000007,0.000038,0.999954,0.000001
data/Testing/notumor/Te-no_0404.jpg,nt1101,notumor,notumor,1,0.999976,,3,0.000001,0.000022,0.999976,0.000000
data/Testing/pituitary/Te-piTr_0000.jpg,113274,pituitary,pituitary,1,0.999994,,3,0.000000,0.000006,0.000000,0.999994
data/Testing/pituitary/Te-piTr_0001.jpg,58392,pituitary,pituitary,1,0.999997,,3,0.000000,0.000002,0.000001,0.999997
data/Testing/pituitary/Te-piTr_0002.jpg,101127,pituitary,meningioma,0,0.806898,,3,0.000167,0.806898,0.000236,0.192699
data/Testing/pituitary/Te-piTr_0003.jpg,112746,pituitary,pituitary,1,0.999973,,3,0.000015,0.000009,0.000003,0.999973
data/Testing/pituitary/Te-piTr_0004.jpg,112746,pituitary,pituitary,1,0.999975,,3,0.000012,0.000009,0.000004,0.999975
data/Testing/pituitary/Te-piTr_0005.jpg,112847,pituitary,pituitary,1,0.999835,,3,0.000037,0.000119,0.000009,0.999835
data/Testing/pituitary/Te-piTr_0006.jpg,113274,pituitary,pituitary,1,0.999187,,3,0.000450,0.000343,0.000019,0.999187
data/Testing/pituitary/Te-piTr_0007.jpg,114040,pituitary,pituitary,1,0.999609,,3,0.000104,0.000237,0.000050,0.999609
data/Testing/pituitary/Te-piTr_0008.jpg,114361,pituitary,pituitary,1,0.996572,,3,0.000345,0.003054,0.000028,0.996572
data/Testing/pituitary/Te-piTr_0009.jpg,101029,pituitary,pituitary,1,0.998956,,3,0.000023,0.000706,0.000315,0.998956
data/Testing/pituitary/Te-pi_0010.jpg,101145,pituitary,pituitary,1,0.999928,,3,0.000000,0.000072,0.000000,0.999928
data/Testing/pituitary/Te-pi_0011.jpg,101305,pituitary,pituitary,1,0.999999,,3,0.000000,0.000001,0.000000,0.999999
data/Testing/pituitary/Te-pi_0012.jpg,102648,pituitary,pituitary,1,0.999573,,3,0.000272,0.000155,0.000001,0.999573
data/Testing/pituitary/Te-pi_0013.jpg,102648,pituitary,pituitary,1,0.999828,,3,0.000020,0.000151,0.000001,0.999828
data/Testing/pituitary/Te-pi_0014.jpg,103257,pituitary,pituitary,1,0.999970,,3,0.000000,0.000030,0.000000,0.999970
data/Testing/pituitary/Te-pi_0015.jpg,103257,pituitary,pituitary,1,0.999976,,3,0.000000,0.000022,0.000001,0.999976
data/Testing/pituitary/Te-pi_0016.jpg,103478,pituitary,pituitary,1,0.999997,,3,0.000000,0.000002,0.000000,0.999997
data/Testing/pituitary/Te-pi_0017.jpg,103582,pituitary,pituitary,1,0.999340,,3,0.000015,0.000642,0.000003,0.999340
data/Testing/pituitary/Te-pi_0018.jpg,103582,pituitary,pituitary,1,0.999629,,3,0.000004,0.000230,0.000137,0.999629
data/Testing/pituitary/Te-pi_0019.jpg,103671,pituitary,pituitary,1,0.998612,,3,0.000111,0.001268,0.000009,0.998612
data/Testing/pituitary/Te-pi_0020.jpg,103731,pituitary,pituitary,1,0.999317,,3,0.000158,0.000425,0.000100,0.999317
data/Testing/pituitary/Te-pi_0021.jpg,103731,pituitary,pituitary,1,0.999987,,3,0.000000,0.000012,0.000000,0.999987
data/Testing/pituitary/Te-pi_0022.jpg,103731,pituitary,pituitary,1,0.999817,,3,0.000025,0.000086,0.000072,0.999817
data/Testing/pituitary/Te-pi_0023.jpg,104019,pituitary,pituitary,1,0.999974,,3,0.000003,0.000022,0.000001,0.999974
data/Testing/pituitary/Te-pi_0024.jpg,104558,pituitary,pituitary,1,0.999997,,3,0.000000,0.000003,0.000000,0.999997
data/Testing/pituitary/Te-pi_0025.jpg,104558,pituitary,pituitary,1,0.999995,,3,0.000000,0.000004,0.000001,0.999995
data/Testing/pituitary/Te-pi_0026.jpg,104684,pituitary,pituitary,1,0.999821,,3,0.000000,0.000063,0.000116,0.999821
data/Testing/pituitary/Te-pi_0027.jpg,104912,pituitary,pituitary,1,1.000000,,3,0.000000,0.000000,0.000000,1.000000
data/Testing/pituitary/Te-pi_0028.jpg,105187,pituitary,pituitary,1,0.999997,,3,0.000000,0.000002,0.000001,0.999997
data/Testing/pituitary/Te-pi_0029.jpg,105538,pituitary,pituitary,1,0.999709,,3,0.000119,0.000169,0.000003,0.999709
data/Testing/pituitary/Te-pi_0030.jpg,105638,pituitary,pituitary,1,0.999764,,3,0.000000,0.000236,0.000000,0.999764
data/Testing/pituitary/Te-pi_0031.jpg,97416,pituitary,pituitary,1,0.999294,,3,0.000011,0.000693,0.000002,0.999294
data/Testing/pituitary/Te-pi_0032.jpg,97416,pituitary,pituitary,1,0.936003,,3,0.000200,0.046899,0.016899,0.936003
data/Testing/pituitary/Te-pi_0033.jpg,97461,pituitary,pituitary,1,0.999998,,3,0.000000,0.000001,0.000000,0.999998
data/Testing/pituitary/Te-pi_0034.jpg,97481,pituitary,pituitary,1,0.999906,,3,0.000003,0.000091,0.000000,0.999906
data/Testing/pituitary/Te-pi_0035.jpg,97890,pituitary,pituitary,1,0.999862,,3,0.000073,0.000040,0.000024,0.999862
data/Testing/pituitary/Te-pi_0036.jpg,98472,pituitary,pituitary,1,0.999987,,3,0.000000,0.000012,0.000001,0.999987
data/Testing/pituitary/Te-pi_0037.jpg,98652,pituitary,pituitary,1,0.999872,,3,0.000000,0.000126,0.000002,0.999872
data/Testing/pituitary/Te-pi_0038.jpg,98871,pituitary,pituitary,1,0.999760,,3,0.000001,0.000238,0.000001,0.999760
data/Testing/pituitary/Te-pi_0039.jpg,98871,pituitary,pituitary,1,0.999839,,3,0.000007,0.000059,0.000094,0.999839
data/Testing/pituitary/Te-pi_0040.jpg,98874,pituitary,pituitary,1,0.999982,,3,0.000000,0.000018,0.000000,0.999982
data/Testing/pituitary/Te-pi_0041.jpg,98992,pituitary,pituitary,1,0.999991,,3,0.000001,0.000008,0.000001,0.999991
data/Testing/pituitary/Te-pi_0042.jpg,98995,pituitary,pituitary,1,0.999969,,3,0.000000,0.000031,0.000000,0.999969
data/Testing/pituitary/Te-pi_0043.jpg,99223,pituitary,pituitary,1,0.998728,,3,0.000446,0.000821,0.000005,0.998728
data/Testing/pituitary/Te-pi_0044.jpg,99223,pituitary,pituitary,1,0.999961,,3,0.000003,0.000035,0.000001,0.999961
data/Testing/pituitary/Te-pi_0045.jpg,101017,pituitary,pituitary,1,0.999784,,3,0.000207,0.000003,0.000005,0.999784
data/Testing/pituitary/Te-pi_0046.jpg,101017,pituitary,pituitary,1,0.999984,,3,0.000001,0.000001,0.000014,0.999984
data/Testing/pituitary/Te-pi_0047.jpg,101029,pituitary,pituitary,1,0.999991,,3,0.000000,0.000001,0.000008,0.999991
data/Testing/pituitary/Te-pi_0048.jpg,101305,pituitary,pituitary,1,0.999878,,3,0.000009,0.000021,0.000092,0.999878
data/Testing/pituitary/Te-pi_0049.jpg,101305,pituitary,pituitary,1,0.880455,,3,0.000787,0.002861,0.115896,0.880455
data/Testing/pituitary/Te-pi_0050.jpg,101724,pituitary,pituitary,1,0.999062,,3,0.000376,0.000038,0.000525,0.999062
data/Testing/pituitary/Te-pi_0051.jpg,102648,pituitary,pituitary,1,0.999972,,3,0.000026,0.000000,0.000001,0.999972
data/Testing/pituitary/Te-pi_0052.jpg,104684,pituitary,pituitary,1,0.999994,,3,0.000000,0.000006,0.000001,0.999994
data/Testing/pituitary/Te-pi_0053.jpg,104912,pituitary,pituitary,1,0.999962,,3,0.000000,0.000038,0.000000,0.999962
data/Testing/pituitary/Te-pi_0054.jpg,106062,pituitary,pituitary,1,0.999985,,3,0.000001,0.000011,0.000003,0.999985
data/Testing/pituitary/Te-pi_0055.jpg,105936,pituitary,pituitary,1,0.999911,,3,0.000008,0.000006,0.000075,0.999911
data/Testing/pituitary/Te-pi_0056.jpg,107495,pituitary,pituitary,1,0.999948,,3,0.000000,0.000050,0.000002,0.999948
data/Testing/pituitary/Te-pi_0057.jpg,107495,pituitary,pituitary,1,0.999922,,3,0.000000,0.000077,0.000001,0.999922
data/Testing/pituitary/Te-pi_0058.jpg,107429,pituitary,pituitary,1,0.999956,,3,0.000001,0.000041,0.000002,0.999956
data/Testing/pituitary/Te-pi_0059.jpg,107505,pituitary,pituitary,1,0.999427,,3,0.000143,0.000420,0.000010,0.999427
data/Testing/pituitary/Te-pi_0060.jpg,107505,pituitary,pituitary,1,0.999827,,3,0.000053,0.000114,0.000007,0.999827
data/Testing/pituitary/Te-pi_0061.jpg,107743,pituitary,pituitary,1,0.999887,,3,0.000000,0.000106,0.000007,0.999887
data/Testing/pituitary/Te-pi_0062.jpg,unmatched::data/Testing/pituitary/Te-pi_0062.jpg,pituitary,pituitary,1,0.999928,,3,0.000000,0.000072,0.000001,0.999928
data/Testing/pituitary/Te-pi_0063.jpg,108931,pituitary,pituitary,1,0.999996,,3,0.000000,0.000002,0.000002,0.999996
data/Testing/pituitary/Te-pi_0064.jpg,109471,pituitary,pituitary,1,0.999597,,3,0.000003,0.000354,0.000046,0.999597
data/Testing/pituitary/Te-pi_0065.jpg,109769,pituitary,pituitary,1,0.999981,,3,0.000000,0.000019,0.000000,0.999981
data/Testing/pituitary/Te-pi_0066.jpg,109898,pituitary,pituitary,1,0.999418,,3,0.000000,0.000580,0.000002,0.999418
data/Testing/pituitary/Te-pi_0067.jpg,109898,pituitary,pituitary,1,0.999443,,3,0.000014,0.000489,0.000054,0.999443
data/Testing/pituitary/Te-pi_0068.jpg,109898,pituitary,pituitary,1,0.999176,,3,0.000006,0.000716,0.000101,0.999176
data/Testing/pituitary/Te-pi_0069.jpg,110518,pituitary,pituitary,1,0.999927,,3,0.000000,0.000052,0.000020,0.999927
data/Testing/pituitary/Te-pi_0070.jpg,110537,pituitary,pituitary,1,0.998708,,3,0.000011,0.000109,0.001171,0.998708
data/Testing/pituitary/Te-pi_0071.jpg,110537,pituitary,pituitary,1,0.999969,,3,0.000000,0.000001,0.000030,0.999969
data/Testing/pituitary/Te-pi_0072.jpg,112847,pituitary,pituitary,1,0.999989,,3,0.000000,0.000011,0.000000,0.999989
data/Testing/pituitary/Te-pi_0073.jpg,110993,pituitary,pituitary,1,0.999994,,3,0.000000,0.000001,0.000005,0.999994
data/Testing/pituitary/Te-pi_0074.jpg,111075,pituitary,pituitary,1,0.999991,,3,0.000001,0.000003,0.000004,0.999991
data/Testing/pituitary/Te-pi_0075.jpg,111075,pituitary,pituitary,1,0.998708,,3,0.000064,0.001136,0.000092,0.998708
data/Testing/pituitary/Te-pi_0076.jpg,111125,pituitary,pituitary,1,1.000000,,3,0.000000,0.000000,0.000000,1.000000
data/Testing/pituitary/Te-pi_0077.jpg,111785,pituitary,pituitary,1,0.999967,,3,0.000005,0.000017,0.000011,0.999967
data/Testing/pituitary/Te-pi_0078.jpg,112074,pituitary,pituitary,1,0.999608,,3,0.000011,0.000349,0.000033,0.999608
data/Testing/pituitary/Te-pi_0079.jpg,unmatched::data/Testing/pituitary/Te-pi_0079.jpg,pituitary,pituitary,1,0.999606,,3,0.000001,0.000154,0.000238,0.999606
data/Testing/pituitary/Te-pi_0080.jpg,112649,pituitary,pituitary,1,0.999957,,3,0.000006,0.000014,0.000023,0.999957
data/Testing/pituitary/Te-pi_0081.jpg,112746,pituitary,pituitary,1,0.999946,,3,0.000000,0.000048,0.000005,0.999946
data/Testing/pituitary/Te-pi_0082.jpg,112847,pituitary,pituitary,1,0.999620,,3,0.000005,0.000194,0.000181,0.999620
data/Testing/pituitary/Te-pi_0083.jpg,113274,pituitary,pituitary,1,0.999936,,3,0.000013,0.000001,0.000050,0.999936
data/Testing/pituitary/Te-pi_0084.jpg,113741,pituitary,pituitary,1,0.999998,,3,0.000000,0.000002,0.000000,0.999998
data/Testing/pituitary/Te-pi_0085.jpg,113741,pituitary,pituitary,1,0.999570,,3,0.000003,0.000056,0.000371,0.999570
data/Testing/pituitary/Te-pi_0086.jpg,114361,pituitary,pituitary,1,0.999855,,3,0.000015,0.000103,0.000028,0.999855
data/Testing/pituitary/Te-pi_0087.jpg,114094,pituitary,pituitary,1,0.999952,,3,0.000002,0.000033,0.000014,0.999952
data/Testing/pituitary/Te-pi_0088.jpg,114094,pituitary,pituitary,1,0.999142,,3,0.000173,0.000352,0.000334,0.999142
data/Testing/pituitary/Te-pi_0089.jpg,106062,pituitary,pituitary,1,0.999937,,3,0.000008,0.000040,0.000016,0.999937
data/Testing/pituitary/Te-pi_0090.jpg,106062,pituitary,pituitary,1,0.999958,,3,0.000000,0.000040,0.000001,0.999958
data/Testing/pituitary/Te-pi_0091.jpg,107495,pituitary,pituitary,1,0.999932,,3,0.000001,0.000051,0.000015,0.999932
data/Testing/pituitary/Te-pi_0092.jpg,107495,pituitary,pituitary,1,0.999628,,3,0.000019,0.000337,0.000016,0.999628
data/Testing/pituitary/Te-pi_0093.jpg,107429,pituitary,pituitary,1,0.997776,,3,0.000022,0.000328,0.001874,0.997776
data/Testing/pituitary/Te-pi_0094.jpg,114040,pituitary,pituitary,1,0.999867,,3,0.000002,0.000129,0.000003,0.999867
data/Testing/pituitary/Te-pi_0095.jpg,107505,pituitary,pituitary,1,0.999878,,3,0.000037,0.000083,0.000002,0.999878
data/Testing/pituitary/Te-pi_0096.jpg,107505,pituitary,pituitary,1,0.999942,,3,0.000011,0.000039,0.000008,0.999942
data/Testing/pituitary/Te-pi_0097.jpg,107743,pituitary,pituitary,1,0.999558,,3,0.000014,0.000370,0.000058,0.999558
data/Testing/pituitary/Te-pi_0098.jpg,108858,pituitary,pituitary,1,0.979141,,3,0.000068,0.020529,0.000262,0.979141
data/Testing/pituitary/Te-pi_0099.jpg,108931,pituitary,pituitary,1,0.999780,,3,0.000002,0.000028,0.000190,0.999780
data/Testing/pituitary/Te-pi_0100.jpg,109471,pituitary,pituitary,1,0.999998,,3,0.000000,0.000001,0.000001,0.999998
data/Testing/pituitary/Te-pi_0101.jpg,109471,pituitary,pituitary,1,0.999997,,3,0.000001,0.000001,0.000002,0.999997
data/Testing/pituitary/Te-pi_0102.jpg,109769,pituitary,pituitary,1,0.997610,,3,0.000078,0.000693,0.001619,0.997610
data/Testing/pituitary/Te-pi_0103.jpg,109898,pituitary,pituitary,1,0.999515,,3,0.000282,0.000155,0.000047,0.999515
data/Testing/pituitary/Te-pi_0104.jpg,110518,pituitary,pituitary,1,0.999857,,3,0.000013,0.000077,0.000053,0.999857
data/Testing/pituitary/Te-pi_0105.jpg,110537,pituitary,pituitary,1,0.999975,,3,0.000002,0.000020,0.000003,0.999975
data/Testing/pituitary/Te-pi_0106.jpg,114094,pituitary,pituitary,1,0.999650,,3,0.000009,0.000338,0.000002,0.999650
data/Testing/pituitary/Te-pi_0107.jpg,58392,pituitary,pituitary,1,0.999991,,3,0.000001,0.000006,0.000002,0.999991
data/Testing/pituitary/Te-pi_0108.jpg,111075,pituitary,pituitary,1,0.999689,,3,0.000017,0.000292,0.000002,0.999689
data/Testing/pituitary/Te-pi_0109.jpg,111075,pituitary,pituitary,1,0.998775,,3,0.000115,0.001040,0.000070,0.998775
data/Testing/pituitary/Te-pi_0110.jpg,111125,pituitary,pituitary,1,0.999970,,3,0.000002,0.000009,0.000020,0.999970
data/Testing/pituitary/Te-pi_0111.jpg,111785,pituitary,pituitary,1,0.999916,,3,0.000004,0.000080,0.000000,0.999916
data/Testing/pituitary/Te-pi_0112.jpg,106062,pituitary,pituitary,1,0.999925,,3,0.000002,0.000069,0.000005,0.999925
data/Testing/pituitary/Te-pi_0113.jpg,112074,pituitary,pituitary,1,0.998937,,3,0.000022,0.001033,0.000009,0.998937
data/Testing/pituitary/Te-pi_0114.jpg,112649,pituitary,pituitary,1,0.999660,,3,0.000178,0.000028,0.000134,0.999660
data/Testing/pituitary/Te-pi_0115.jpg,112746,pituitary,pituitary,1,0.996784,,3,0.000002,0.000541,0.002673,0.996784
data/Testing/pituitary/Te-pi_0116.jpg,112847,pituitary,pituitary,1,0.999998,,3,0.000001,0.000001,0.000001,0.999998
data/Testing/pituitary/Te-pi_0117.jpg,112847,pituitary,pituitary,1,0.999962,,3,0.000024,0.000002,0.000012,0.999962
data/Testing/pituitary/Te-pi_0118.jpg,105936,pituitary,pituitary,1,0.999896,,3,0.000035,0.000005,0.000064,0.999896
data/Testing/pituitary/Te-pi_0119.jpg,106062,pituitary,pituitary,1,0.999785,,3,0.000030,0.000139,0.000046,0.999785
data/Testing/pituitary/Te-pi_0120.jpg,107495,pituitary,pituitary,1,0.999906,,3,0.000000,0.000084,0.000010,0.999906
data/Testing/pituitary/Te-pi_0121.jpg,107495,pituitary,pituitary,1,0.999925,,3,0.000002,0.000068,0.000005,0.999925
data/Testing/pituitary/Te-pi_0122.jpg,107429,pituitary,pituitary,1,0.999970,,3,0.000000,0.000029,0.000000,0.999970
data/Testing/pituitary/Te-pi_0123.jpg,107505,pituitary,pituitary,1,0.999934,,3,0.000016,0.000049,0.000000,0.999934
data/Testing/pituitary/Te-pi_0124.jpg,101017,pituitary,pituitary,1,0.999963,,3,0.000000,0.000031,0.000006,0.999963
data/Testing/pituitary/Te-pi_0125.jpg,113274,pituitary,pituitary,1,0.999768,,3,0.000050,0.000041,0.000141,0.999768
data/Testing/pituitary/Te-pi_0126.jpg,107505,pituitary,pituitary,1,0.999988,,3,0.000003,0.000008,0.000000,0.999988
data/Testing/pituitary/Te-pi_0127.jpg,107743,pituitary,pituitary,1,0.999828,,3,0.000000,0.000169,0.000003,0.999828
data/Testing/pituitary/Te-pi_0128.jpg,108858,pituitary,pituitary,1,0.999756,,3,0.000001,0.000243,0.000001,0.999756
data/Testing/pituitary/Te-pi_0129.jpg,108931,pituitary,pituitary,1,0.999990,,3,0.000000,0.000005,0.000005,0.999990
data/Testing/pituitary/Te-pi_0130.jpg,109471,pituitary,pituitary,1,0.999991,,3,0.000000,0.000009,0.000000,0.999991
data/Testing/pituitary/Te-pi_0131.jpg,109769,pituitary,pituitary,1,0.999814,,3,0.000000,0.000184,0.000001,0.999814
data/Testing/pituitary/Te-pi_0132.jpg,109898,pituitary,pituitary,1,0.999625,,3,0.000000,0.000373,0.000002,0.999625
data/Testing/pituitary/Te-pi_0133.jpg,109898,pituitary,pituitary,1,0.998740,,3,0.000007,0.001148,0.000106,0.998740
data/Testing/pituitary/Te-pi_0134.jpg,110537,pituitary,pituitary,1,0.999968,,3,0.000011,0.000020,0.000001,0.999968
data/Testing/pituitary/Te-pi_0135.jpg,110993,pituitary,pituitary,1,1.000000,,3,0.000000,0.000000,0.000000,1.000000
data/Testing/pituitary/Te-pi_0136.jpg,111075,pituitary,pituitary,1,0.999999,,3,0.000000,0.000001,0.000000,0.999999
data/Testing/pituitary/Te-pi_0137.jpg,114040,pituitary,pituitary,1,0.999424,,3,0.000081,0.000477,0.000019,0.999424
data/Testing/pituitary/Te-pi_0138.jpg,111125,pituitary,pituitary,1,0.999977,,3,0.000001,0.000012,0.000011,0.999977
data/Testing/pituitary/Te-pi_0139.jpg,111785,pituitary,pituitary,1,0.999967,,3,0.000000,0.000033,0.000000,0.999967
data/Testing/pituitary/Te-pi_0140.jpg,112074,pituitary,pituitary,1,0.999432,,3,0.000016,0.000550,0.000002,0.999432
data/Testing/pituitary/Te-pi_0141.jpg,112649,pituitary,pituitary,1,0.999933,,3,0.000015,0.000049,0.000002,0.999933
data/Testing/pituitary/Te-pi_0142.jpg,114361,pituitary,pituitary,1,0.999627,,3,0.000062,0.000277,0.000034,0.999627
data/Testing/pituitary/Te-pi_0143.jpg,114094,pituitary,pituitary,1,0.999580,,3,0.000052,0.000154,0.000214,0.999580
data/Testing/pituitary/Te-pi_0144.jpg,unmatched::data/Testing/pituitary/Te-pi_0144.jpg,pituitary,pituitary,1,0.999997,,3,0.000000,0.000003,0.000000,0.999997
data/Testing/pituitary/Te-pi_0145.jpg,101305,pituitary,pituitary,1,0.999996,,3,0.000000,0.000004,0.000000,0.999996
data/Testing/pituitary/Te-pi_0146.jpg,101724,pituitary,pituitary,1,0.999753,,3,0.000010,0.000219,0.000018,0.999753
data/Testing/pituitary/Te-pi_0147.jpg,102648,pituitary,pituitary,1,0.999938,,3,0.000025,0.000036,0.000000,0.999938
data/Testing/pituitary/Te-pi_0148.jpg,103046,pituitary,pituitary,1,0.999941,,3,0.000000,0.000052,0.000007,0.999941
data/Testing/pituitary/Te-pi_0149.jpg,101017,pituitary,pituitary,1,0.999077,,3,0.000002,0.000449,0.000472,0.999077
data/Testing/pituitary/Te-pi_0150.jpg,103257,pituitary,pituitary,1,0.999596,,3,0.000001,0.000400,0.000004,0.999596
data/Testing/pituitary/Te-pi_0151.jpg,103257,pituitary,pituitary,1,0.999932,,3,0.000000,0.000053,0.000015,0.999932
data/Testing/pituitary/Te-pi_0152.jpg,103478,pituitary,pituitary,1,0.997588,,3,0.000010,0.002188,0.000215,0.997588
data/Testing/pituitary/Te-pi_0153.jpg,103582,pituitary,pituitary,1,0.999511,,3,0.000013,0.000474,0.000001,0.999511
data/Testing/pituitary/Te-pi_0154.jpg,103582,pituitary,pituitary,1,0.999024,,3,0.000012,0.000525,0.000439,0.999024
data/Testing/pituitary/Te-pi_0155.jpg,103670,pituitary,pituitary,1,0.999983,,3,0.000001,0.000011,0.000006,0.999983
data/Testing/pituitary/Te-pi_0156.jpg,103671,pituitary,pituitary,1,0.897939,,3,0.024419,0.076915,0.000727,0.897939
data/Testing/pituitary/Te-pi_0157.jpg,103731,pituitary,pituitary,1,0.999987,,3,0.000000,0.000013,0.000000,0.999987
data/Testing/pituitary/Te-pi_0158.jpg,103731,pituitary,pituitary,1,0.999235,,3,0.000406,0.000264,0.000095,0.999235
data/Testing/pituitary/Te-pi_0159.jpg,103837,pituitary,pituitary,1,0.999985,,3,0.000000,0.000011,0.000004,0.999985
data/Testing/pituitary/Te-pi_0160.jpg,103837,pituitary,pituitary,1,0.999928,,3,0.000000,0.000026,0.000046,0.999928
data/Testing/pituitary/Te-pi_0161.jpg,104019,pituitary,pituitary,1,0.999915,,3,0.000003,0.000082,0.000001,0.999915
data/Testing/pituitary/Te-pi_0162.jpg,101029,pituitary,pituitary,1,0.999908,,3,0.000005,0.000075,0.000012,0.999908
data/Testing/pituitary/Te-pi_0163.jpg,104558,pituitary,pituitary,1,0.999967,,3,0.000002,0.000031,0.000000,0.999967
data/Testing/pituitary/Te-pi_0164.jpg,104558,pituitary,pituitary,1,0.999995,,3,0.000000,0.000005,0.000000,0.999995
data/Testing/pituitary/Te-pi_0165.jpg,112649,pituitary,pituitary,1,0.999993,,3,0.000004,0.000002,0.000001,0.999993
data/Testing/pituitary/Te-pi_0166.jpg,104684,pituitary,pituitary,1,0.999979,,3,0.000000,0.000008,0.000013,0.999979
data/Testing/pituitary/Te-pi_0167.jpg,104684,pituitary,pituitary,1,0.999978,,3,0.000000,0.000021,0.000001,0.999978
data/Testing/pituitary/Te-pi_0168.jpg,104912,pituitary,pituitary,1,0.999976,,3,0.000000,0.000024,0.000000,0.999976
data/Testing/pituitary/Te-pi_0169.jpg,104912,pituitary,pituitary,1,0.999999,,3,0.000000,0.000001,0.000000,0.999999
data/Testing/pituitary/Te-pi_0170.jpg,105187,pituitary,pituitary,1,0.999502,,3,0.000001,0.000113,0.000384,0.999502
data/Testing/pituitary/Te-pi_0171.jpg,105538,pituitary,pituitary,1,0.963758,,3,0.000022,0.036208,0.000012,0.963758
data/Testing/pituitary/Te-pi_0172.jpg,105638,pituitary,pituitary,1,0.999984,,3,0.000000,0.000015,0.000001,0.999984
data/Testing/pituitary/Te-pi_0173.jpg,106062,pituitary,pituitary,1,0.999797,,3,0.000141,0.000013,0.000048,0.999797
data/Testing/pituitary/Te-pi_0174.jpg,97416,pituitary,pituitary,1,0.999366,,3,0.000006,0.000624,0.000004,0.999366
data/Testing/pituitary/Te-pi_0175.jpg,97416,pituitary,pituitary,1,0.872582,,3,0.002487,0.082171,0.042760,0.872582
data/Testing/pituitary/Te-pi_0176.jpg,97461,pituitary,pituitary,1,0.999996,,3,0.000000,0.000004,0.000000,0.999996
data/Testing/pituitary/Te-pi_0177.jpg,97461,pituitary,pituitary,1,0.999988,,3,0.000001,0.000009,0.000002,0.999988
data/Testing/pituitary/Te-pi_0178.jpg,97481,pituitary,pituitary,1,0.999633,,3,0.000005,0.000361,0.000001,0.999633
data/Testing/pituitary/Te-pi_0179.jpg,97599,pituitary,pituitary,1,0.988395,,3,0.000060,0.011517,0.000028,0.988395
data/Testing/pituitary/Te-pi_0180.jpg,97890,pituitary,pituitary,1,0.999661,,3,0.000032,0.000282,0.000025,0.999661
data/Testing/pituitary/Te-pi_0181.jpg,98472,pituitary,pituitary,1,0.999993,,3,0.000000,0.000005,0.000001,0.999993
data/Testing/pituitary/Te-pi_0182.jpg,98652,pituitary,pituitary,1,0.999944,,3,0.000000,0.000053,0.000002,0.999944
data/Testing/pituitary/Te-pi_0183.jpg,98871,pituitary,pituitary,1,0.999917,,3,0.000000,0.000082,0.000000,0.999917
data/Testing/pituitary/Te-pi_0184.jpg,98871,pituitary,pituitary,1,0.999815,,3,0.000006,0.000150,0.000029,0.999815
data/Testing/pituitary/Te-pi_0185.jpg,106062,pituitary,pituitary,1,0.997795,,3,0.001269,0.000220,0.000717,0.997795
data/Testing/pituitary/Te-pi_0186.jpg,98874,pituitary,pituitary,1,0.999991,,3,0.000000,0.000009,0.000001,0.999991
data/Testing/pituitary/Te-pi_0187.jpg,98992,pituitary,pituitary,1,0.999082,,3,0.000197,0.000713,0.000008,0.999082
data/Testing/pituitary/Te-pi_0188.jpg,98992,pituitary,pituitary,1,0.685790,,3,0.041308,0.246049,0.026854,0.685790
data/Testing/pituitary/Te-pi_0189.jpg,98995,pituitary,pituitary,1,0.999708,,3,0.000006,0.000279,0.000007,0.999708
data/Testing/pituitary/Te-pi_0190.jpg,99223,pituitary,pituitary,1,0.999881,,3,0.000013,0.000106,0.000000,0.999881
data/Testing/pituitary/Te-pi_0191.jpg,99223,pituitary,pituitary,1,0.999995,,3,0.000000,0.000004,0.000000,0.999995
data/Testing/pituitary/Te-pi_0192.jpg,101017,pituitary,pituitary,1,0.999973,,3,0.000020,0.000001,0.000006,0.999973
data/Testing/pituitary/Te-pi_0193.jpg,101017,pituitary,pituitary,1,0.999612,,3,0.000003,0.000025,0.000360,0.999612
data/Testing/pituitary/Te-pi_0194.jpg,101029,pituitary,pituitary,1,0.998952,,3,0.000009,0.000024,0.001015,0.998952
data/Testing/pituitary/Te-pi_0195.jpg,107495,pituitary,pituitary,1,0.999998,,3,0.000000,0.000001,0.000001,0.999998
data/Testing/pituitary/Te-pi_0196.jpg,unmatched::data/Testing/pituitary/Te-pi_0196.jpg,pituitary,pituitary,1,0.999608,,3,0.000012,0.000032,0.000348,0.999608
data/Testing/pituitary/Te-pi_0197.jpg,101305,pituitary,pituitary,1,0.999932,,3,0.000013,0.000014,0.000041,0.999932
data/Testing/pituitary/Te-pi_0198.jpg,101305,pituitary,pituitary,1,0.996505,,3,0.000146,0.000670,0.002679,0.996505
data/Testing/pituitary/Te-pi_0199.jpg,101724,pituitary,pituitary,1,0.999300,,3,0.000253,0.000059,0.000387,0.999300
data/Testing/pituitary/Te-pi_0200.jpg,102648,pituitary,pituitary,1,0.999985,,3,0.000009,0.000001,0.000005,0.999985
data/Testing/pituitary/Te-pi_0201.jpg,103046,pituitary,pituitary,1,0.999155,,3,0.000436,0.000259,0.000149,0.999155
data/Testing/pituitary/Te-pi_0202.jpg,103257,pituitary,pituitary,1,0.999948,,3,0.000015,0.000020,0.000017,0.999948
data/Testing/pituitary/Te-pi_0203.jpg,103257,pituitary,pituitary,1,0.999988,,3,0.000000,0.000004,0.000007,0.999988
data/Testing/pituitary/Te-pi_0204.jpg,103478,pituitary,pituitary,1,0.999995,,3,0.000001,0.000001,0.000003,0.999995
data/Testing/pituitary/Te-pi_0205.jpg,107429,pituitary,pituitary,1,0.999978,,3,0.000004,0.000011,0.000008,0.999978
data/Testing/pituitary/Te-pi_0206.jpg,103478,pituitary,pituitary,1,0.999946,,3,0.000000,0.000027,0.000026,0.999946
data/Testing/pituitary/Te-pi_0207.jpg,103582,pituitary,pituitary,1,0.974211,,3,0.000028,0.025582,0.000180,0.974211
data/Testing/pituitary/Te-pi_0208.jpg,103670,pituitary,pituitary,1,0.999843,,3,0.000000,0.000073,0.000084,0.999843
data/Testing/pituitary/Te-pi_0209.jpg,103671,pituitary,pituitary,1,0.999916,,3,0.000010,0.000072,0.000002,0.999916
data/Testing/pituitary/Te-pi_0210.jpg,103731,pituitary,pituitary,1,0.999703,,3,0.000042,0.000207,0.000048,0.999703
data/Testing/pituitary/Te-pi_0211.jpg,103731,pituitary,pituitary,1,0.999774,,3,0.000041,0.000085,0.000100,0.999774
data/Testing/pituitary/Te-pi_0212.jpg,103837,pituitary,pituitary,1,0.992132,,3,0.000179,0.001044,0.006645,0.992132
data/Testing/pituitary/Te-pi_0213.jpg,104019,pituitary,pituitary,1,0.999969,,3,0.000026,0.000001,0.000004,0.999969
data/Testing/pituitary/Te-pi_0214.jpg,104019,pituitary,pituitary,1,0.999730,,3,0.000145,0.000067,0.000059,0.999730
data/Testing/pituitary/Te-pi_0215.jpg,104558,pituitary,pituitary,1,0.999961,,3,0.000001,0.000027,0.000011,0.999961
data/Testing/pituitary/Te-pi_0216.jpg,104684,pituitary,pituitary,1,0.999828,,3,0.000005,0.000114,0.000053,0.999828
data/Testing/pituitary/Te-pi_0217.jpg,107429,pituitary,pituitary,1,0.998841,,3,0.000007,0.000958,0.000194,0.998841
data/Testing/pituitary/Te-pi_0218.jpg,104684,pituitary,pituitary,1,0.999977,,3,0.000001,0.000015,0.000006,0.999977
data/Testing/pituitary/Te-pi_0219.jpg,104912,pituitary,pituitary,1,0.999996,,3,0.000003,0.000001,0.000000,0.999996
data/Testing/pituitary/Te-pi_0220.jpg,105187,pituitary,pituitary,1,0.999422,,3,0.000016,0.000001,0.000561,0.999422
data/Testing/pituitary/Te-pi_0221.jpg,105187,pituitary,pituitary,1,0.999979,,3,0.000000,0.000000,0.000020,0.999979
data/Testing/pituitary/Te-pi_0222.jpg,105475,pituitary,pituitary,1,0.999652,,3,0.000053,0.000139,0.000157,0.999652
data/Testing/pituitary/Te-pi_0223.jpg,105638,pituitary,pituitary,1,0.999972,,3,0.000009,0.000010,0.000008,0.999972
data/Testing/pituitary/Te-pi_0224.jpg,97416,pituitary,pituitary,1,0.990249,,3,0.009537,0.000125,0.000089,0.990249
data/Testing/pituitary/Te-pi_0225.jpg,97416,pituitary,pituitary,1,0.999999,,3,0.000000,0.000000,0.000000,0.999999
data/Testing/pituitary/Te-pi_0226.jpg,97461,pituitary,pituitary,1,0.993206,,3,0.004248,0.002082,0.000463,0.993206
data/Testing/pituitary/Te-pi_0227.jpg,107505,pituitary,pituitary,1,0.999928,,3,0.000012,0.000026,0.000035,0.999928
data/Testing/pituitary/Te-pi_0228.jpg,97461,pituitary,pituitary,1,0.999983,,3,0.000001,0.000008,0.000008,0.999983
data/Testing/pituitary/Te-pi_0229.jpg,97481,pituitary,pituitary,1,0.999953,,3,0.000008,0.000004,0.000035,0.999953
data/Testing/pituitary/Te-pi_0230.jpg,97481,pituitary,pituitary,1,0.998988,,3,0.000005,0.000983,0.000024,0.998988
data/Testing/pituitary/Te-pi_0231.jpg,97890,pituitary,pituitary,1,0.999687,,3,0.000138,0.000027,0.000149,0.999687
data/Testing/pituitary/Te-pi_0232.jpg,98472,pituitary,pituitary,1,0.999907,,3,0.000008,0.000025,0.000059,0.999907
data/Testing/pituitary/Te-pi_0233.jpg,98652,pituitary,pituitary,1,0.999858,,3,0.000003,0.000018,0.000121,0.999858
data/Testing/pituitary/Te-pi_0234.jpg,98871,pituitary,pituitary,1,0.992204,,3,0.002455,0.000166,0.005176,0.992204
data/Testing/pituitary/Te-pi_0235.jpg,98871,pituitary,pituitary,1,0.999931,,3,0.000001,0.000023,0.000044,0.999931
data/Testing/pituitary/Te-pi_0236.jpg,98874,pituitary,pituitary,1,0.999846,,3,0.000066,0.000080,0.000007,0.999846
data/Testing/pituitary/Te-pi_0237.jpg,98992,pituitary,pituitary,1,0.999976,,3,0.000015,0.000006,0.000002,0.999976
data/Testing/pituitary/Te-pi_0238.jpg,98992,pituitary,pituitary,1,0.999947,,3,0.000003,0.000022,0.000027,0.999947
data/Testing/pituitary/Te-pi_0239.jpg,107743,pituitary,pituitary,1,0.999677,,3,0.000007,0.000039,0.000278,0.999677
data/Testing/pituitary/Te-pi_0240.jpg,98995,pituitary,pituitary,1,0.999987,,3,0.000009,0.000003,0.000000,0.999987
data/Testing/pituitary/Te-pi_0241.jpg,98995,pituitary,pituitary,1,0.999408,,3,0.000017,0.000534,0.000040,0.999408
data/Testing/pituitary/Te-pi_0242.jpg,99223,pituitary,pituitary,1,0.999995,,3,0.000000,0.000002,0.000004,0.999995
data/Testing/pituitary/Te-pi_0243.jpg,101017,pituitary,pituitary,1,0.999996,,3,0.000000,0.000001,0.000002,0.999996
data/Testing/pituitary/Te-pi_0244.jpg,101029,pituitary,pituitary,1,0.999965,,3,0.000004,0.000002,0.000029,0.999965
data/Testing/pituitary/Te-pi_0245.jpg,101029,pituitary,pituitary,1,0.999840,,3,0.000001,0.000002,0.000158,0.999840
data/Testing/pituitary/Te-pi_0246.jpg,101145,pituitary,pituitary,1,0.997461,,3,0.000435,0.000189,0.001915,0.997461
data/Testing/pituitary/Te-pi_0247.jpg,101305,pituitary,pituitary,1,0.999971,,3,0.000006,0.000021,0.000002,0.999971
data/Testing/pituitary/Te-pi_0248.jpg,101724,pituitary,pituitary,1,0.992539,,3,0.000680,0.000939,0.005842,0.992539
data/Testing/pituitary/Te-pi_0249.jpg,108858,pituitary,pituitary,1,0.999913,,3,0.000017,0.000018,0.000051,0.999913
data/Testing/pituitary/Te-pi_0250.jpg,102648,pituitary,pituitary,1,0.999897,,3,0.000054,0.000025,0.000023,0.999897
data/Testing/pituitary/Te-pi_0251.jpg,102648,pituitary,pituitary,1,0.998641,,3,0.000207,0.000170,0.000982,0.998641
data/Testing/pituitary/Te-pi_0252.jpg,103046,pituitary,pituitary,1,0.983662,,3,0.000002,0.000099,0.016238,0.983662
data/Testing/pituitary/Te-pi_0253.jpg,103257,pituitary,pituitary,1,0.998861,,3,0.000031,0.000188,0.000919,0.998861
data/Testing/pituitary/Te-pi_0254.jpg,103257,pituitary,pituitary,1,0.999468,,3,0.000195,0.000120,0.000217,0.999468
data/Testing/pituitary/Te-pi_0255.jpg,103478,pituitary,pituitary,1,0.999975,,3,0.000001,0.000001,0.000024,0.999975
data/Testing/pituitary/Te-pi_0256.jpg,103478,pituitary,pituitary,1,1.000000,,3,0.000000,0.000000,0.000000,1.000000
data/Testing/pituitary/Te-pi_0257.jpg,103582,pituitary,pituitary,1,0.999982,,3,0.000001,0.000011,0.000007,0.999982
data/Testing/pituitary/Te-pi_0258.jpg,103582,pituitary,pituitary,1,0.999983,,3,0.000001,0.000005,0.000011,0.999983
data/Testing/pituitary/Te-pi_0259.jpg,108858,pituitary,pituitary,1,0.995655,,3,0.000221,0.001928,0.002196,0.995655
data/Testing/pituitary/Te-pi_0260.jpg,103670,pituitary,pituitary,1,0.997274,,3,0.000135,0.000488,0.002103,0.997274
data/Testing/pituitary/Te-pi_0261.jpg,103671,pituitary,pituitary,1,0.999402,,3,0.000003,0.000267,0.000328,0.999402
data/Testing/pituitary/Te-pi_0262.jpg,103731,pituitary,pituitary,1,0.999916,,3,0.000001,0.000081,0.000002,0.999916
data/Testing/pituitary/Te-pi_0263.jpg,103731,pituitary,pituitary,1,0.999981,,3,0.000005,0.000014,0.000001,0.999981
data/Testing/pituitary/Te-pi_0264.jpg,103837,pituitary,pituitary,1,0.905697,,3,0.000007,0.001245,0.093051,0.905697
data/Testing/pituitary/Te-pi_0265.jpg,112746,pituitary,pituitary,1,0.999597,,3,0.000082,0.000319,0.000002,0.999597
data/Testing/pituitary/Te-pi_0266.jpg,104019,pituitary,pituitary,1,0.999697,,3,0.000028,0.000018,0.000258,0.999697
data/Testing/pituitary/Te-pi_0267.jpg,104558,pituitary,pituitary,1,0.996805,,3,0.001771,0.001163,0.000261,0.996805
data/Testing/pituitary/Te-pi_0268.jpg,104558,pituitary,pituitary,1,0.999913,,3,0.000004,0.000050,0.000033,0.999913
data/Testing/pituitary/Te-pi_0269.jpg,104558,pituitary,pituitary,1,0.999317,,3,0.000190,0.000401,0.000092,0.999317
data/Testing/pituitary/Te-pi_0270.jpg,104684,pituitary,pituitary,1,0.999959,,3,0.000002,0.000011,0.000028,0.999959
data/Testing/pituitary/Te-pi_0271.jpg,104912,pituitary,pituitary,1,0.999178,,3,0.000780,0.000029,0.000012,0.999178
data/Testing/pituitary/Te-pi_0272.jpg,104912,pituitary,pituitary,1,0.999817,,3,0.000155,0.000028,0.000000,0.999817
data/Testing/pituitary/Te-pi_0273.jpg,108931,pituitary,pituitary,1,0.999353,,3,0.000007,0.000003,0.000637,0.999353
data/Testing/pituitary/Te-pi_0274.jpg,105187,pituitary,pituitary,1,0.999972,,3,0.000001,0.000017,0.000010,0.999972
data/Testing/pituitary/Te-pi_0275.jpg,105187,pituitary,pituitary,1,0.999981,,3,0.000002,0.000009,0.000009,0.999981
data/Testing/pituitary/Te-pi_0276.jpg,105475,pituitary,pituitary,1,0.979125,,3,0.000841,0.000222,0.019812,0.979125
data/Testing/pituitary/Te-pi_0277.jpg,105638,pituitary,pituitary,1,0.999935,,3,0.000004,0.000003,0.000057,0.999935
data/Testing/pituitary/Te-pi_0278.jpg,105638,pituitary,pituitary,1,0.999829,,3,0.000005,0.000082,0.000084,0.999829
data/Testing/pituitary/Te-pi_0279.jpg,97416,pituitary,pituitary,1,0.999983,,3,0.000000,0.000017,0.000000,0.999983
data/Testing/pituitary/Te-pi_0280.jpg,97461,pituitary,pituitary,1,0.999907,,3,0.000008,0.000012,0.000072,0.999907
data/Testing/pituitary/Te-pi_0281.jpg,97461,pituitary,pituitary,1,0.998391,,3,0.000045,0.000243,0.001321,0.998391
data/Testing/pituitary/Te-pi_0282.jpg,97481,pituitary,pituitary,1,0.999978,,3,0.000000,0.000000,0.000022,0.999978
data/Testing/pituitary/Te-pi_0283.jpg,109471,pituitary,pituitary,1,0.991050,,3,0.007270,0.001460,0.000220,0.991050
data/Testing/pituitary/Te-pi_0284.jpg,97481,pituitary,pituitary,1,0.999895,,3,0.000012,0.000003,0.000089,0.999895
data/Testing/pituitary/Te-pi_0285.jpg,97890,pituitary,pituitary,1,0.999897,,3,0.000025,0.000009,0.000070,0.999897
data/Testing/pituitary/Te-pi_0286.jpg,97890,pituitary,pituitary,1,0.999986,,3,0.000001,0.000002,0.000011,0.999986
data/Testing/pituitary/Te-pi_0287.jpg,98472,pituitary,pituitary,1,0.986124,,3,0.000044,0.007330,0.006501,0.986124
data/Testing/pituitary/Te-pi_0288.jpg,98652,pituitary,pituitary,1,0.965793,,3,0.000370,0.005480,0.028357,0.965793
data/Testing/pituitary/Te-pi_0289.jpg,98652,pituitary,pituitary,1,0.993304,,3,0.000431,0.004199,0.002066,0.993304
data/Testing/pituitary/Te-pi_0290.jpg,98871,pituitary,pituitary,1,0.998579,,3,0.000202,0.001186,0.000033,0.998579
data/Testing/pituitary/Te-pi_0291.jpg,98874,pituitary,pituitary,1,0.999324,,3,0.000142,0.000120,0.000414,0.999324
data/Testing/pituitary/Te-pi_0292.jpg,98874,pituitary,pituitary,1,0.999864,,3,0.000023,0.000089,0.000024,0.999864
data/Testing/pituitary/Te-pi_0293.jpg,98992,pituitary,pituitary,1,0.999715,,3,0.000125,0.000126,0.000035,0.999715
data/Testing/pituitary/Te-pi_0294.jpg,98992,pituitary,pituitary,1,0.999996,,3,0.000002,0.000001,0.000002,0.999996
data/Testing/pituitary/Te-pi_0295.jpg,109471,pituitary,pituitary,1,0.996051,,3,0.001119,0.002673,0.000157,0.996051
data/Testing/pituitary/Te-pi_0296.jpg,98992,pituitary,pituitary,1,0.999936,,3,0.000033,0.000006,0.000025,0.999936
data/Testing/pituitary/Te-pi_0297.jpg,98995,pituitary,pituitary,1,0.995072,,3,0.000005,0.004877,0.000045,0.995072
data/Testing/pituitary/Te-pi_0298.jpg,99223,pituitary,pituitary,1,0.999993,,3,0.000001,0.000002,0.000004,0.999993
data/Testing/pituitary/Te-pi_0299.jpg,109769,pituitary,pituitary,1,0.999976,,3,0.000001,0.000004,0.000019,0.999976
