path,group,true,pred,correct,confidence,fold,seed,p_glioma,p_meningioma,p_notumor,p_pituitary
data_rand_fold1/Testing/glioma/Te-glTr_0000.jpg,MR050791B,glioma,glioma,1,0.999961,1,0,0.999961,0.000003,0.000034,0.000002
data_rand_fold1/Testing/glioma/Te-glTr_0003.jpg,MR051644,glioma,glioma,1,0.531461,1,0,0.531461,0.433363,0.024890,0.010286
data_rand_fold1/Testing/glioma/Te-glTr_0004.jpg,MR051644,glioma,glioma,1,0.950999,1,0,0.950999,0.039618,0.001152,0.008231
data_rand_fold1/Testing/glioma/Te-glTr_0005.jpg,MR051651,glioma,glioma,1,0.995615,1,0,0.995615,0.004145,0.000214,0.000026
data_rand_fold1/Testing/glioma/Te-glTr_0006.jpg,MR051796B,glioma,glioma,1,0.999887,1,0,0.999887,0.000048,0.000024,0.000040
data_rand_fold1/Testing/glioma/Te-glTr_0007.jpg,MR052550,glioma,glioma,1,0.999990,1,0,0.999990,0.000001,0.000007,0.000001
data_rand_fold1/Testing/glioma/Te-glTr_0009.jpg,MR051644C,glioma,glioma,1,0.999750,1,0,0.999750,0.000015,0.000234,0.000002
data_rand_fold1/Testing/glioma/Te-gl_0015.jpg,MR053110E,glioma,glioma,1,0.996587,1,0,0.996587,0.000366,0.002646,0.000401
data_rand_fold1/Testing/glioma/Te-gl_0018.jpg,MR032322C,glioma,glioma,1,0.999977,1,0,0.999977,0.000013,0.000008,0.000002
data_rand_fold1/Testing/glioma/Te-gl_0023.jpg,MR037458C,glioma,glioma,1,0.981298,1,0,0.981298,0.018136,0.000521,0.000045
data_rand_fold1/Testing/glioma/Te-gl_0028.jpg,MR050687,glioma,glioma,1,0.985444,1,0,0.985444,0.014454,0.000084,0.000019
data_rand_fold1/Testing/glioma/Te-gl_0037.jpg,MR048297,glioma,glioma,1,0.994872,1,0,0.994872,0.003476,0.001641,0.000010
data_rand_fold1/Testing/glioma/Te-gl_0039.jpg,MR048621B,glioma,glioma,1,0.999832,1,0,0.999832,0.000106,0.000046,0.000016
data_rand_fold1/Testing/glioma/Te-gl_0045.jpg,106494,glioma,glioma,1,0.900599,1,0,0.900599,0.084394,0.014865,0.000142
data_rand_fold1/Testing/glioma/Te-gl_0048.jpg,112105,glioma,glioma,1,0.999665,1,0,0.999665,0.000303,0.000029,0.000003
data_rand_fold1/Testing/glioma/Te-gl_0066.jpg,MR050135B,glioma,glioma,1,0.999882,1,0,0.999882,0.000044,0.000046,0.000028
data_rand_fold1/Testing/glioma/Te-gl_0067.jpg,MR050135B,glioma,glioma,1,0.999952,1,0,0.999952,0.000027,0.000017,0.000003
data_rand_fold1/Testing/glioma/Te-gl_0076.jpg,MR024780G,glioma,glioma,1,0.998505,1,0,0.998505,0.000219,0.001222,0.000054
data_rand_fold1/Testing/glioma/Te-gl_0086.jpg,MR026175C,glioma,glioma,1,0.996966,1,0,0.996966,0.000137,0.002880,0.000017
data_rand_fold1/Testing/glioma/Te-gl_0088.jpg,MR051461B,glioma,glioma,1,0.998254,1,0,0.998254,0.001705,0.000022,0.000019
data_rand_fold1/Testing/glioma/Te-gl_0091.jpg,MR052550,glioma,glioma,1,0.998757,1,0,0.998757,0.000210,0.000963,0.000070
data_rand_fold1/Testing/glioma/Te-gl_0092.jpg,MR049942B,glioma,glioma,1,0.999976,1,0,0.999976,0.000003,0.000015,0.000006
data_rand_fold1/Testing/glioma/Te-gl_0093.jpg,MR047953C,glioma,glioma,1,0.997451,1,0,0.997451,0.000032,0.000092,0.002426
data_rand_fold1/Testing/glioma/Te-gl_0098.jpg,MR029209E,glioma,glioma,1,0.999457,1,0,0.999457,0.000061,0.000474,0.000008
data_rand_fold1/Testing/glioma/Te-gl_0099.jpg,MR053110E,glioma,glioma,1,0.995286,1,0,0.995286,0.000610,0.002276,0.001828
data_rand_fold1/Testing/glioma/Te-gl_0103.jpg,MR032322C,glioma,glioma,1,0.988623,1,0,0.988623,0.000433,0.010794,0.000149
data_rand_fold1/Testing/glioma/Te-gl_0112.jpg,MR039473B,glioma,glioma,1,0.999970,1,0,0.999970,0.000015,0.000010,0.000005
data_rand_fold1/Testing/glioma/Te-gl_0115.jpg,MR040240,glioma,glioma,1,0.996025,1,0,0.996025,0.001921,0.000912,0.001141
data_rand_fold1/Testing/glioma/Te-gl_0120.jpg,MR040240B,glioma,glioma,1,0.999995,1,0,0.999995,0.000001,0.000003,0.000002
data_rand_fold1/Testing/glioma/Te-gl_0123.jpg,MR049104,glioma,glioma,1,0.999768,1,0,0.999768,0.000086,0.000133,0.000013
data_rand_fold1/Testing/glioma/Te-gl_0127.jpg,MR048994B,glioma,glioma,1,0.996591,1,0,0.996591,0.000209,0.003174,0.000026
data_rand_fold1/Testing/glioma/Te-gl_0137.jpg,MR048294,glioma,glioma,1,0.998626,1,0,0.998626,0.000954,0.000387,0.000033
data_rand_fold1/Testing/glioma/Te-gl_0152.jpg,MR051461B,glioma,glioma,1,0.993117,1,0,0.993117,0.006772,0.000057,0.000054
data_rand_fold1/Testing/glioma/Te-gl_0157.jpg,MR029209E,glioma,glioma,1,0.999969,1,0,0.999969,0.000010,0.000020,0.000001
data_rand_fold1/Testing/glioma/Te-gl_0170.jpg,MR039473,glioma,glioma,1,0.997611,1,0,0.997611,0.000047,0.000028,0.002315
data_rand_fold1/Testing/glioma/Te-gl_0184.jpg,MR049358,glioma,glioma,1,0.998857,1,0,0.998857,0.000622,0.000335,0.000186
data_rand_fold1/Testing/glioma/Te-gl_0185.jpg,MR049104B,glioma,glioma,1,0.996872,1,0,0.996872,0.000240,0.001938,0.000950
data_rand_fold1/Testing/glioma/Te-gl_0186.jpg,MR049453,glioma,glioma,1,0.986612,1,0,0.986612,0.000103,0.000329,0.012957
data_rand_fold1/Testing/glioma/Te-gl_0192.jpg,MR050791B,glioma,glioma,1,0.965371,1,0,0.965371,0.033968,0.000617,0.000044
data_rand_fold1/Testing/glioma/Te-gl_0193.jpg,MR049019C,glioma,glioma,1,0.999486,1,0,0.999486,0.000149,0.000081,0.000284
data_rand_fold1/Testing/glioma/Te-gl_0197.jpg,MR051586,glioma,glioma,1,0.999840,1,0,0.999840,0.000106,0.000050,0.000003
data_rand_fold1/Testing/glioma/Te-gl_0199.jpg,MR051586,glioma,glioma,1,0.998846,1,0,0.998846,0.000311,0.000424,0.000419
data_rand_fold1/Testing/glioma/Te-gl_0200.jpg,MR051644,glioma,glioma,1,0.999602,1,0,0.999602,0.000153,0.000244,0.000001
data_rand_fold1/Testing/glioma/Te-gl_0201.jpg,MR051644,glioma,glioma,1,0.999202,1,0,0.999202,0.000573,0.000195,0.000030
data_rand_fold1/Testing/glioma/Te-gl_0205.jpg,MR051796,glioma,glioma,1,0.995934,1,0,0.995934,0.003107,0.000109,0.000851
data_rand_fold1/Testing/glioma/Te-gl_0216.jpg,MR051644C,glioma,glioma,1,0.999990,1,0,0.999990,0.000001,0.000007,0.000002
data_rand_fold1/Testing/glioma/Te-gl_0222.jpg,MR054875,glioma,glioma,1,0.995426,1,0,0.995426,0.001057,0.000111,0.003407
data_rand_fold1/Testing/glioma/Te-gl_0235.jpg,101020,glioma,glioma,1,0.998509,1,0,0.998509,0.001484,0.000004,0.000003
data_rand_fold1/Testing/glioma/Te-gl_0239.jpg,103148,glioma,glioma,1,0.818960,1,0,0.818960,0.180260,0.000620,0.000160
data_rand_fold1/Testing/glioma/Te-gl_0248.jpg,90284,glioma,glioma,1,0.997379,1,0,0.997379,0.002316,0.000161,0.000143
data_rand_fold1/Testing/glioma/Te-gl_0261.jpg,101020,glioma,meningioma,0,0.875614,1,0,0.124299,0.875614,0.000070,0.000017
data_rand_fold1/Testing/glioma/Te-gl_0263.jpg,103148,glioma,meningioma,0,0.702628,1,0,0.294249,0.702628,0.000476,0.002647
data_rand_fold1/Testing/glioma/Te-gl_0265.jpg,105653,glioma,meningioma,0,0.808917,1,0,0.186886,0.808917,0.002332,0.001865
data_rand_fold1/Testing/glioma/Te-gl_0289.jpg,MR048621B,glioma,glioma,1,0.994818,1,0,0.994818,0.003823,0.000889,0.000470
data_rand_fold1/Testing/glioma/Te-gl_0290.jpg,MR048944,glioma,glioma,1,0.999663,1,0,0.999663,0.000135,0.000184,0.000018
data_rand_fold1/Testing/glioma/Te-gl_0292.jpg,MR048994,glioma,glioma,1,0.999894,1,0,0.999894,0.000050,0.000053,0.000003
data_rand_fold1/Testing/glioma/Te-gl_0296.jpg,MR048994B,glioma,glioma,1,0.999960,1,0,0.999960,0.000016,0.000021,0.000003
data_rand_fold1/Testing/glioma/Tr-glTr_0005.jpg,MR051644C,glioma,glioma,1,0.999957,1,0,0.999957,0.000002,0.000037,0.000005
data_rand_fold1/Testing/glioma/Tr-glTr_0009.jpg,MR034997,glioma,glioma,1,0.999963,1,0,0.999963,0.000024,0.000011,0.000001
data_rand_fold1/Testing/glioma/Tr-gl_0016.jpg,MR037458B,glioma,glioma,1,0.999697,1,0,0.999697,0.000259,0.000040,0.000004
data_rand_fold1/Testing/glioma/Tr-gl_0022.jpg,MR029209E,glioma,glioma,1,0.999689,1,0,0.999689,0.000189,0.000082,0.000040
data_rand_fold1/Testing/glioma/Tr-gl_0023.jpg,MR029209I,glioma,glioma,1,0.999427,1,0,0.999427,0.000332,0.000155,0.000086
data_rand_fold1/Testing/glioma/Tr-gl_0026.jpg,MR040240,glioma,glioma,1,0.997399,1,0,0.997399,0.002389,0.000196,0.000016
data_rand_fold1/Testing/glioma/Tr-gl_0032.jpg,MR033389B,glioma,glioma,1,0.989239,1,0,0.989239,0.000440,0.010203,0.000119
data_rand_fold1/Testing/glioma/Tr-gl_0035.jpg,MR040240C,glioma,glioma,1,0.999740,1,0,0.999740,0.000181,0.000071,0.000008
data_rand_fold1/Testing/glioma/Tr-gl_0037.jpg,MR029209I,glioma,glioma,1,0.999729,1,0,0.999729,0.000139,0.000088,0.000044
data_rand_fold1/Testing/glioma/Tr-gl_0042.jpg,112105,glioma,glioma,1,0.996107,1,0,0.996107,0.002128,0.001733,0.000032
data_rand_fold1/Testing/glioma/Tr-gl_0049.jpg,98889,glioma,glioma,1,0.955932,1,0,0.955932,0.043020,0.000552,0.000496
data_rand_fold1/Testing/glioma/Tr-gl_0057.jpg,MR049142,glioma,glioma,1,0.997324,1,0,0.997324,0.002009,0.000599,0.000067
data_rand_fold1/Testing/glioma/Tr-gl_0071.jpg,MR051644C,glioma,glioma,1,0.998736,1,0,0.998736,0.000386,0.000872,0.000007
data_rand_fold1/Testing/glioma/Tr-gl_0076.jpg,MR034997,glioma,glioma,1,0.999477,1,0,0.999477,0.000084,0.000438,0.000000
data_rand_fold1/Testing/glioma/Tr-gl_0083.jpg,MR040240,glioma,glioma,1,0.999966,1,0,0.999966,0.000010,0.000011,0.000014
data_rand_fold1/Testing/glioma/Tr-gl_0103.jpg,MR040240B,glioma,glioma,1,0.999996,1,0,0.999996,0.000001,0.000002,0.000001
data_rand_fold1/Testing/glioma/Tr-gl_0109.jpg,MR048944B,glioma,glioma,1,0.999874,1,0,0.999874,0.000057,0.000046,0.000023
data_rand_fold1/Testing/glioma/Tr-gl_0121.jpg,MR049358,glioma,glioma,1,0.979735,1,0,0.979735,0.003425,0.005272,0.011569
data_rand_fold1/Testing/glioma/Tr-gl_0138.jpg,MR049453,glioma,glioma,1,0.999433,1,0,0.999433,0.000058,0.000500,0.000009
data_rand_fold1/Testing/glioma/Tr-gl_0139.jpg,MR049453,glioma,glioma,1,0.999916,1,0,0.999916,0.000037,0.000033,0.000014
data_rand_fold1/Testing/glioma/Tr-gl_0143.jpg,MR024780G,glioma,glioma,1,0.998676,1,0,0.998676,0.000388,0.000552,0.000385
data_rand_fold1/Testing/glioma/Tr-gl_0146.jpg,MR024780G,glioma,glioma,1,0.999813,1,0,0.999813,0.000011,0.000118,0.000059
data_rand_fold1/Testing/glioma/Tr-gl_0156.jpg,MR049453B,glioma,glioma,1,0.999977,1,0,0.999977,0.000005,0.000013,0.000005
data_rand_fold1/Testing/glioma/Tr-gl_0162.jpg,MR048621B,glioma,glioma,1,0.933322,1,0,0.933322,0.027637,0.019757,0.019284
data_rand_fold1/Testing/glioma/Tr-gl_0164.jpg,MR050135B,glioma,glioma,1,0.999927,1,0,0.999927,0.000015,0.000025,0.000033
data_rand_fold1/Testing/glioma/Tr-gl_0166.jpg,MR050135B,glioma,glioma,1,0.999976,1,0,0.999976,0.000018,0.000004,0.000001
data_rand_fold1/Testing/glioma/Tr-gl_0172.jpg,MR050135B,glioma,glioma,1,0.999935,1,0,0.999935,0.000034,0.000028,0.000003
data_rand_fold1/Testing/glioma/Tr-gl_0191.jpg,MR050791B,glioma,glioma,1,0.999393,1,0,0.999393,0.000115,0.000485,0.000008
data_rand_fold1/Testing/glioma/Tr-gl_0198.jpg,MR026175C,glioma,glioma,1,0.999881,1,0,0.999881,0.000012,0.000086,0.000020
data_rand_fold1/Testing/glioma/Tr-gl_0205.jpg,MR026175C,glioma,glioma,1,0.998151,1,0,0.998151,0.000441,0.001357,0.000051
data_rand_fold1/Testing/glioma/Tr-gl_0221.jpg,MR051461B,glioma,glioma,1,0.999435,1,0,0.999435,0.000553,0.000008,0.000005
data_rand_fold1/Testing/glioma/Tr-gl_0236.jpg,MR051644,glioma,glioma,1,0.996456,1,0,0.996456,0.002246,0.000698,0.000600
data_rand_fold1/Testing/glioma/Tr-gl_0240.jpg,MR051651,glioma,glioma,1,0.990479,1,0,0.990479,0.008939,0.000556,0.000026
data_rand_fold1/Testing/glioma/Tr-gl_0245.jpg,MR051796,glioma,glioma,1,0.999954,1,0,0.999954,0.000031,0.000007,0.000008
data_rand_fold1/Testing/glioma/Tr-gl_0253.jpg,MR051651B,glioma,glioma,1,0.996964,1,0,0.996964,0.002796,0.000225,0.000015
data_rand_fold1/Testing/glioma/Tr-gl_0256.jpg,MR051644B,glioma,glioma,1,0.991834,1,0,0.991834,0.000034,0.008117,0.000015
data_rand_fold1/Testing/glioma/Tr-gl_0263.jpg,MR051796B,glioma,glioma,1,0.999942,1,0,0.999942,0.000012,0.000008,0.000038
data_rand_fold1/Testing/glioma/Tr-gl_0266.jpg,MR052550,glioma,glioma,1,0.999994,1,0,0.999994,0.000001,0.000004,0.000002
data_rand_fold1/Testing/glioma/Tr-gl_0268.jpg,MR051644C,glioma,glioma,1,0.996115,1,0,0.996115,0.001116,0.001051,0.001718
data_rand_fold1/Testing/glioma/Tr-gl_0272.jpg,MR051644C,glioma,glioma,1,0.999590,1,0,0.999590,0.000026,0.000354,0.000030
data_rand_fold1/Testing/glioma/Tr-gl_0273.jpg,MR051644C,glioma,glioma,1,0.999488,1,0,0.999488,0.000032,0.000455,0.000025
data_rand_fold1/Testing/glioma/Tr-gl_0279.jpg,MR051644C,glioma,glioma,1,0.999223,1,0,0.999223,0.000377,0.000380,0.000019
data_rand_fold1/Testing/glioma/Tr-gl_0283.jpg,MR052585B,glioma,glioma,1,0.999918,1,0,0.999918,0.000024,0.000040,0.000019
data_rand_fold1/Testing/glioma/Tr-gl_0289.jpg,MR053110B,glioma,glioma,1,0.998353,1,0,0.998353,0.000183,0.001394,0.000070
data_rand_fold1/Testing/glioma/Tr-gl_0293.jpg,MR034694,glioma,glioma,1,0.996882,1,0,0.996882,0.000158,0.002745,0.000216
data_rand_fold1/Testing/glioma/Tr-gl_0295.jpg,MR034694,glioma,glioma,1,0.999905,1,0,0.999905,0.000007,0.000087,0.000001
data_rand_fold1/Testing/glioma/Tr-gl_0299.jpg,MR054683,glioma,glioma,1,0.996978,1,0,0.996978,0.000386,0.002059,0.000577
data_rand_fold1/Testing/glioma/Tr-gl_0304.jpg,MR054875,glioma,glioma,1,0.999008,1,0,0.999008,0.000245,0.000645,0.000102
data_rand_fold1/Testing/glioma/Tr-gl_0305.jpg,MR050687C,glioma,glioma,1,0.986430,1,0,0.986430,0.008399,0.004693,0.000478
data_rand_fold1/Testing/glioma/Tr-gl_0306.jpg,MR050687C,glioma,glioma,1,0.998829,1,0,0.998829,0.000170,0.000091,0.000911
data_rand_fold1/Testing/glioma/Tr-gl_0308.jpg,MR050687C,glioma,glioma,1,0.999122,1,0,0.999122,0.000035,0.000462,0.000382
data_rand_fold1/Testing/glioma/Tr-gl_0310.jpg,MR056144,glioma,glioma,1,0.999989,1,0,0.999989,0.000006,0.000001,0.000004
data_rand_fold1/Testing/glioma/Tr-gl_0312.jpg,MR034997,glioma,glioma,1,0.999472,1,0,0.999472,0.000330,0.000193,0.000004
data_rand_fold1/Testing/glioma/Tr-gl_0313.jpg,MR034997,glioma,glioma,1,0.998971,1,0,0.998971,0.000496,0.000531,0.000001
data_rand_fold1/Testing/glioma/Tr-gl_0314.jpg,MR034997,glioma,glioma,1,0.999853,1,0,0.999853,0.000043,0.000104,0.000001
data_rand_fold1/Testing/glioma/Tr-gl_0318.jpg,MR029209E,glioma,glioma,1,0.999674,1,0,0.999674,0.000027,0.000277,0.000022
data_rand_fold1/Testing/glioma/Tr-gl_0332.jpg,MR049019G,glioma,glioma,1,0.999799,1,0,0.999799,0.000031,0.000154,0.000017
data_rand_fold1/Testing/glioma/Tr-gl_0341.jpg,MR024780D,glioma,glioma,1,0.999519,1,0,0.999519,0.000234,0.000214,0.000033
data_rand_fold1/Testing/glioma/Tr-gl_0342.jpg,MR038469,glioma,glioma,1,0.971618,1,0,0.971618,0.012016,0.015890,0.000476
data_rand_fold1/Testing/glioma/Tr-gl_0344.jpg,MR038469,glioma,glioma,1,0.999970,1,0,0.999970,0.000011,0.000011,0.000007
data_rand_fold1/Testing/glioma/Tr-gl_0348.jpg,MR032322C,glioma,glioma,1,0.999905,1,0,0.999905,0.000036,0.000044,0.000016
data_rand_fold1/Testing/glioma/Tr-gl_0368.jpg,MR039473B,glioma,glioma,1,0.999818,1,0,0.999818,0.000012,0.000067,0.000103
data_rand_fold1/Testing/glioma/Tr-gl_0370.jpg,MR037458C,glioma,glioma,1,0.986310,1,0,0.986310,0.010642,0.002897,0.000152
data_rand_fold1/Testing/glioma/Tr-gl_0372.jpg,MR037458C,glioma,glioma,1,0.999110,1,0,0.999110,0.000325,0.000555,0.000010
data_rand_fold1/Testing/glioma/Tr-gl_0384.jpg,MR040240B,glioma,glioma,1,0.999963,1,0,0.999963,0.000009,0.000015,0.000013
data_rand_fold1/Testing/glioma/Tr-gl_0392.jpg,MR029209G,glioma,glioma,1,0.999927,1,0,0.999927,0.000008,0.000056,0.000009
data_rand_fold1/Testing/glioma/Tr-gl_0396.jpg,MR029209G,glioma,glioma,1,0.999950,1,0,0.999950,0.000023,0.000020,0.000008
data_rand_fold1/Testing/glioma/Tr-gl_0401.jpg,MR036496B,glioma,glioma,1,0.999834,1,0,0.999834,0.000135,0.000028,0.000003
data_rand_fold1/Testing/glioma/Tr-gl_0403.jpg,MR036496B,glioma,glioma,1,0.999986,1,0,0.999986,0.000004,0.000009,0.000001
data_rand_fold1/Testing/glioma/Tr-gl_0404.jpg,MR036496B,glioma,glioma,1,0.999997,1,0,0.999997,0.000002,0.000001,0.000000
data_rand_fold1/Testing/glioma/Tr-gl_0411.jpg,MR033420,glioma,glioma,1,0.998422,1,0,0.998422,0.000385,0.001177,0.000015
data_rand_fold1/Testing/glioma/Tr-gl_0417.jpg,MR048994,glioma,glioma,1,0.984615,1,0,0.984615,0.014323,0.001033,0.000029
data_rand_fold1/Testing/glioma/Tr-gl_0428.jpg,MR048944B,glioma,glioma,1,0.999920,1,0,0.999920,0.000031,0.000039,0.000010
data_rand_fold1/Testing/glioma/Tr-gl_0429.jpg,MR049358,glioma,glioma,1,0.999968,1,0,0.999968,0.000017,0.000013,0.000002
data_rand_fold1/Testing/glioma/Tr-gl_0430.jpg,MR049358,glioma,glioma,1,0.999928,1,0,0.999928,0.000030,0.000033,0.000009
data_rand_fold1/Testing/glioma/Tr-gl_0433.jpg,MR049358,glioma,glioma,1,0.999946,1,0,0.999946,0.000033,0.000017,0.000005
data_rand_fold1/Testing/glioma/Tr-gl_0434.jpg,MR049358,glioma,glioma,1,0.999981,1,0,0.999981,0.000006,0.000010,0.000002
data_rand_fold1/Testing/glioma/Tr-gl_0438.jpg,MR049453,glioma,glioma,1,0.999942,1,0,0.999942,0.000013,0.000039,0.000006
data_rand_fold1/Testing/glioma/Tr-gl_0453.jpg,MR049453B,glioma,glioma,1,0.999287,1,0,0.999287,0.000122,0.000549,0.000042
data_rand_fold1/Testing/glioma/Tr-gl_0458.jpg,MR049453B,glioma,glioma,1,0.999946,1,0,0.999946,0.000022,0.000020,0.000012
data_rand_fold1/Testing/glioma/Tr-gl_0464.jpg,MR050135B,glioma,glioma,1,0.999977,1,0,0.999977,0.000016,0.000006,0.000001
data_rand_fold1/Testing/glioma/Tr-gl_0466.jpg,MR050135B,glioma,glioma,1,0.999151,1,0,0.999151,0.000643,0.000172,0.000034
data_rand_fold1/Testing/glioma/Tr-gl_0467.jpg,MR050135B,glioma,glioma,1,0.999865,1,0,0.999865,0.000096,0.000025,0.000013
data_rand_fold1/Testing/glioma/Tr-gl_0468.jpg,MR050135B,glioma,glioma,1,0.999798,1,0,0.999798,0.000148,0.000051,0.000003
data_rand_fold1/Testing/glioma/Tr-gl_0469.jpg,MR050135B,glioma,glioma,1,0.999928,1,0,0.999928,0.000053,0.000012,0.000007
data_rand_fold1/Testing/glioma/Tr-gl_0470.jpg,MR050135B,glioma,glioma,1,0.999773,1,0,0.999773,0.000131,0.000062,0.000034
data_rand_fold1/Testing/glioma/Tr-gl_0473.jpg,MR050687,glioma,glioma,1,0.998842,1,0,0.998842,0.000943,0.000211,0.000004
data_rand_fold1/Testing/glioma/Tr-gl_0479.jpg,MR050791B,glioma,glioma,1,0.949705,1,0,0.949705,0.011699,0.037444,0.001151
data_rand_fold1/Testing/glioma/Tr-gl_0499.jpg,MR051461,glioma,glioma,1,0.999839,1,0,0.999839,0.000089,0.000051,0.000021
data_rand_fold1/Testing/glioma/Tr-gl_0504.jpg,MR051586,glioma,glioma,1,0.999842,1,0,0.999842,0.000010,0.000147,0.000001
data_rand_fold1/Testing/glioma/Tr-gl_0513.jpg,MR026175E,glioma,glioma,1,0.999352,1,0,0.999352,0.000116,0.000448,0.000085
data_rand_fold1/Testing/glioma/Tr-gl_0514.jpg,MR026175E,glioma,glioma,1,0.999741,1,0,0.999741,0.000023,0.000233,0.000003
data_rand_fold1/Testing/glioma/Tr-gl_0523.jpg,MR026175E,glioma,glioma,1,0.998962,1,0,0.998962,0.000284,0.000737,0.000017
data_rand_fold1/Testing/glioma/Tr-gl_0533.jpg,MR040240C,glioma,glioma,1,0.999535,1,0,0.999535,0.000349,0.000059,0.000058
data_rand_fold1/Testing/glioma/Tr-gl_0542.jpg,MR040240D,glioma,glioma,1,0.999967,1,0,0.999967,0.000007,0.000025,0.000001
data_rand_fold1/Testing/glioma/Tr-gl_0552.jpg,MR017260F,glioma,glioma,1,0.999110,1,0,0.999110,0.000243,0.000639,0.000008
data_rand_fold1/Testing/glioma/Tr-gl_0554.jpg,MR017260F,glioma,glioma,1,0.999074,1,0,0.999074,0.000760,0.000105,0.000061
data_rand_fold1/Testing/glioma/Tr-gl_0555.jpg,MR017260F,glioma,glioma,1,0.999695,1,0,0.999695,0.000222,0.000074,0.000009
data_rand_fold1/Testing/glioma/Tr-gl_0557.jpg,MR029209I,glioma,glioma,1,0.999632,1,0,0.999632,0.000055,0.000302,0.000011
data_rand_fold1/Testing/glioma/Tr-gl_0559.jpg,MR029209I,glioma,glioma,1,0.999985,1,0,0.999985,0.000003,0.000011,0.000000
data_rand_fold1/Testing/glioma/Tr-gl_0561.jpg,MR029209I,glioma,glioma,1,0.999998,1,0,0.999998,0.000001,0.000001,0.000000
data_rand_fold1/Testing/glioma/Tr-gl_0571.jpg,MR048297,glioma,glioma,1,0.999519,1,0,0.999519,0.000428,0.000050,0.000003
data_rand_fold1/Testing/glioma/Tr-gl_0572.jpg,MR048294B,glioma,glioma,1,0.999933,1,0,0.999933,0.000010,0.000050,0.000007
data_rand_fold1/Testing/glioma/Tr-gl_0573.jpg,MR048294B,glioma,glioma,1,0.999954,1,0,0.999954,0.000008,0.000034,0.000004
data_rand_fold1/Testing/glioma/Tr-gl_0582.jpg,MR048944,glioma,glioma,1,0.999985,1,0,0.999985,0.000004,0.000011,0.000000
data_rand_fold1/Testing/glioma/Tr-gl_0584.jpg,MR048944,glioma,glioma,1,0.999909,1,0,0.999909,0.000023,0.000067,0.000001
data_rand_fold1/Testing/glioma/Tr-gl_0588.jpg,MR048944,glioma,glioma,1,0.999990,1,0,0.999990,0.000002,0.000006,0.000002
data_rand_fold1/Testing/glioma/Tr-gl_0595.jpg,MR048994,glioma,glioma,1,0.995538,1,0,0.995538,0.004184,0.000253,0.000026
data_rand_fold1/Testing/glioma/Tr-gl_0606.jpg,MR040240B,glioma,glioma,1,0.999860,1,0,0.999860,0.000033,0.000094,0.000013
data_rand_fold1/Testing/glioma/Tr-gl_0607.jpg,MR040240B,glioma,glioma,1,0.999933,1,0,0.999933,0.000008,0.000051,0.000007
data_rand_fold1/Testing/glioma/Tr-gl_0610.jpg,MR040240B,glioma,glioma,1,0.999871,1,0,0.999871,0.000006,0.000122,0.000002
data_rand_fold1/Testing/glioma/Tr-gl_0611.jpg,MR040240B,glioma,glioma,1,0.999589,1,0,0.999589,0.000034,0.000340,0.000037
data_rand_fold1/Testing/glioma/Tr-gl_0615.jpg,MR029209G,glioma,glioma,1,0.999954,1,0,0.999954,0.000028,0.000015,0.000003
data_rand_fold1/Testing/glioma/Tr-gl_0628.jpg,MR033420,glioma,glioma,1,0.999960,1,0,0.999960,0.000004,0.000034,0.000002
data_rand_fold1/Testing/glioma/Tr-gl_0634.jpg,MR033420,glioma,glioma,1,0.999995,1,0,0.999995,0.000001,0.000003,0.000001
data_rand_fold1/Testing/glioma/Tr-gl_0671.jpg,MR040240C,glioma,glioma,1,0.999921,1,0,0.999921,0.000050,0.000028,0.000001
data_rand_fold1/Testing/glioma/Tr-gl_0683.jpg,MR029209I,glioma,glioma,1,0.999887,1,0,0.999887,0.000029,0.000076,0.000008
data_rand_fold1/Testing/glioma/Tr-gl_0685.jpg,MR029209I,glioma,glioma,1,0.999953,1,0,0.999953,0.000012,0.000029,0.000006
data_rand_fold1/Testing/glioma/Tr-gl_0686.jpg,MR029209I,glioma,glioma,1,0.999972,1,0,0.999972,0.000019,0.000006,0.000003
data_rand_fold1/Testing/glioma/Tr-gl_0688.jpg,MR048294,glioma,glioma,1,0.973675,1,0,0.973675,0.024874,0.001399,0.000053
data_rand_fold1/Testing/glioma/Tr-gl_0693.jpg,MR051586,glioma,glioma,1,0.999424,1,0,0.999424,0.000260,0.000312,0.000004
data_rand_fold1/Testing/glioma/Tr-gl_0696.jpg,MR051461B,glioma,glioma,1,0.997752,1,0,0.997752,0.002161,0.000040,0.000047
data_rand_fold1/Testing/glioma/Tr-gl_0697.jpg,MR051461B,glioma,glioma,1,0.975326,1,0,0.975326,0.024202,0.000225,0.000247
data_rand_fold1/Testing/glioma/Tr-gl_0700.jpg,MR051644,glioma,glioma,1,0.999962,1,0,0.999962,0.000007,0.000030,0.000000
data_rand_fold1/Testing/glioma/Tr-gl_0701.jpg,MR051644,glioma,glioma,1,0.999972,1,0,0.999972,0.000019,0.000009,0.000000
data_rand_fold1/Testing/glioma/Tr-gl_0709.jpg,MR051651,glioma,glioma,1,0.998984,1,0,0.998984,0.000789,0.000194,0.000033
data_rand_fold1/Testing/glioma/Tr-gl_0715.jpg,MR051796,glioma,glioma,1,0.999216,1,0,0.999216,0.000233,0.000414,0.000136
data_rand_fold1/Testing/glioma/Tr-gl_0725.jpg,MR051651B,glioma,glioma,1,0.997512,1,0,0.997512,0.002213,0.000220,0.000056
data_rand_fold1/Testing/glioma/Tr-gl_0727.jpg,MR051651B,glioma,glioma,1,0.771812,1,0,0.771812,0.225945,0.001606,0.000637
data_rand_fold1/Testing/glioma/Tr-gl_0729.jpg,MR051796B,glioma,glioma,1,0.999997,1,0,0.999997,0.000001,0.000001,0.000001
data_rand_fold1/Testing/glioma/Tr-gl_0733.jpg,MR052550,glioma,glioma,1,0.999889,1,0,0.999889,0.000024,0.000080,0.000007
data_rand_fold1/Testing/glioma/Tr-gl_0749.jpg,MR049942B,glioma,glioma,1,0.999460,1,0,0.999460,0.000038,0.000342,0.000161
data_rand_fold1/Testing/glioma/Tr-gl_0755.jpg,MR047953C,glioma,glioma,1,0.999090,1,0,0.999090,0.000643,0.000147,0.000120
data_rand_fold1/Testing/glioma/Tr-gl_0762.jpg,MR053110B,glioma,glioma,1,0.999648,1,0,0.999648,0.000020,0.000326,0.000006
data_rand_fold1/Testing/glioma/Tr-gl_0763.jpg,MR053110B,glioma,glioma,1,0.999176,1,0,0.999176,0.000050,0.000747,0.000026
data_rand_fold1/Testing/glioma/Tr-gl_0770.jpg,MR034694,glioma,glioma,1,0.999960,1,0,0.999960,0.000026,0.000012,0.000002
data_rand_fold1/Testing/glioma/Tr-gl_0772.jpg,MR054683,glioma,glioma,1,0.999298,1,0,0.999298,0.000390,0.000257,0.000055
data_rand_fold1/Testing/glioma/Tr-gl_0775.jpg,MR050687C,glioma,glioma,1,0.999976,1,0,0.999976,0.000007,0.000004,0.000013
data_rand_fold1/Testing/glioma/Tr-gl_0776.jpg,MR050687C,glioma,glioma,1,0.999912,1,0,0.999912,0.000007,0.000065,0.000016
data_rand_fold1/Testing/glioma/Tr-gl_0778.jpg,MR050687C,glioma,glioma,1,0.999396,1,0,0.999396,0.000174,0.000308,0.000122
data_rand_fold1/Testing/glioma/Tr-gl_0781.jpg,MR049242C,glioma,glioma,1,0.997026,1,0,0.997026,0.000815,0.001862,0.000297
data_rand_fold1/Testing/glioma/Tr-gl_0782.jpg,MR049242C,glioma,glioma,1,0.999420,1,0,0.999420,0.000144,0.000356,0.000081
data_rand_fold1/Testing/glioma/Tr-gl_0784.jpg,MR049242C,glioma,glioma,1,0.997325,1,0,0.997325,0.000722,0.001851,0.000102
data_rand_fold1/Testing/glioma/Tr-gl_0788.jpg,MR053241C,glioma,glioma,1,0.999920,1,0,0.999920,0.000025,0.000052,0.000002
data_rand_fold1/Testing/glioma/Tr-gl_0793.jpg,MR034997,glioma,glioma,1,0.999983,1,0,0.999983,0.000012,0.000004,0.000001
data_rand_fold1/Testing/glioma/Tr-gl_0801.jpg,MR029209E,glioma,glioma,1,0.999987,1,0,0.999987,0.000006,0.000005,0.000001
data_rand_fold1/Testing/glioma/Tr-gl_0803.jpg,MR053110E,glioma,glioma,1,0.998332,1,0,0.998332,0.000165,0.001464,0.000039
data_rand_fold1/Testing/glioma/Tr-gl_0806.jpg,MR053110E,glioma,glioma,1,0.998870,1,0,0.998870,0.000440,0.000591,0.000099
data_rand_fold1/Testing/glioma/Tr-gl_0810.jpg,MR053110E,glioma,glioma,1,0.999981,1,0,0.999981,0.000005,0.000007,0.000007
data_rand_fold1/Testing/glioma/Tr-gl_0811.jpg,MR053110E,glioma,glioma,1,0.999880,1,0,0.999880,0.000036,0.000070,0.000015
data_rand_fold1/Testing/glioma/Tr-gl_0820.jpg,MR024780D,glioma,glioma,1,0.999994,1,0,0.999994,0.000001,0.000005,0.000000
data_rand_fold1/Testing/glioma/Tr-gl_0826.jpg,MR038469,glioma,glioma,1,0.999843,1,0,0.999843,0.000068,0.000075,0.000013
data_rand_fold1/Testing/glioma/Tr-gl_0829.jpg,MR032322C,glioma,glioma,1,0.999955,1,0,0.999955,0.000034,0.000011,0.000000
data_rand_fold1/Testing/glioma/Tr-gl_0830.jpg,MR032322C,glioma,glioma,1,0.999502,1,0,0.999502,0.000470,0.000019,0.000009
data_rand_fold1/Testing/glioma/Tr-gl_0835.jpg,MR032322C,glioma,glioma,1,0.999535,1,0,0.999535,0.000216,0.000207,0.000042
data_rand_fold1/Testing/glioma/Tr-gl_0841.jpg,MR037458B,glioma,glioma,1,0.966241,1,0,0.966241,0.028980,0.004681,0.000098
data_rand_fold1/Testing/glioma/Tr-gl_0842.jpg,MR037458B,glioma,glioma,1,0.999064,1,0,0.999064,0.000767,0.000164,0.000005
data_rand_fold1/Testing/glioma/Tr-gl_0846.jpg,MR037458B,glioma,glioma,1,0.803371,1,0,0.803371,0.196342,0.000265,0.000022
data_rand_fold1/Testing/glioma/Tr-gl_0857.jpg,MR039473B,glioma,glioma,1,0.999902,1,0,0.999902,0.000055,0.000034,0.000009
data_rand_fold1/Testing/glioma/Tr-gl_0868.jpg,MR029209E,glioma,glioma,1,0.999559,1,0,0.999559,0.000343,0.000013,0.000085
data_rand_fold1/Testing/glioma/Tr-gl_0870.jpg,MR029209E,glioma,glioma,1,0.999981,1,0,0.999981,0.000011,0.000004,0.000005
data_rand_fold1/Testing/glioma/Tr-gl_0884.jpg,MR038469,glioma,glioma,1,0.997015,1,0,0.997015,0.002511,0.000100,0.000374
data_rand_fold1/Testing/glioma/Tr-gl_0886.jpg,MR038469,glioma,glioma,1,0.988969,1,0,0.988969,0.009906,0.000257,0.000868
data_rand_fold1/Testing/glioma/Tr-gl_0897.jpg,MR032322C,glioma,glioma,1,0.996773,1,0,0.996773,0.000864,0.000330,0.002033
data_rand_fold1/Testing/glioma/Tr-gl_0905.jpg,MR039473,glioma,glioma,1,0.986384,1,0,0.986384,0.000127,0.000104,0.013385
data_rand_fold1/Testing/glioma/Tr-gl_0911.jpg,MR039473B,glioma,glioma,1,0.999287,1,0,0.999287,0.000160,0.000133,0.000420
data_rand_fold1/Testing/glioma/Tr-gl_0918.jpg,MR040240,glioma,glioma,1,0.996888,1,0,0.996888,0.002924,0.000081,0.000107
data_rand_fold1/Testing/glioma/Tr-gl_0920.jpg,MR040240B,glioma,glioma,1,0.999753,1,0,0.999753,0.000013,0.000189,0.000045
data_rand_fold1/Testing/glioma/Tr-gl_0928.jpg,MR029209G,glioma,glioma,1,0.999978,1,0,0.999978,0.000012,0.000007,0.000002
data_rand_fold1/Testing/glioma/Tr-gl_0936.jpg,MR033420,glioma,glioma,1,0.999997,1,0,0.999997,0.000001,0.000002,0.000000
data_rand_fold1/Testing/glioma/Tr-gl_0939.jpg,MR033420,glioma,glioma,1,0.999348,1,0,0.999348,0.000504,0.000109,0.000038
data_rand_fold1/Testing/glioma/Tr-gl_0946.jpg,MR048294,glioma,glioma,1,0.998533,1,0,0.998533,0.001009,0.000328,0.000130
data_rand_fold1/Testing/glioma/Tr-gl_0949.jpg,MR048297,glioma,glioma,1,0.903706,1,0,0.903706,0.090296,0.005691,0.000306
data_rand_fold1/Testing/glioma/Tr-gl_0957.jpg,MR048294B,glioma,glioma,1,0.999846,1,0,0.999846,0.000015,0.000012,0.000127
data_rand_fold1/Testing/glioma/Tr-gl_0964.jpg,MR048944,glioma,glioma,1,0.999834,1,0,0.999834,0.000140,0.000018,0.000008
data_rand_fold1/Testing/glioma/Tr-gl_0970.jpg,MR048994,glioma,glioma,1,0.997089,1,0,0.997089,0.002695,0.000182,0.000034
data_rand_fold1/Testing/glioma/Tr-gl_0980.jpg,MR049358,glioma,glioma,1,0.998264,1,0,0.998264,0.001690,0.000040,0.000006
data_rand_fold1/Testing/glioma/Tr-gl_0988.jpg,MR049453,glioma,glioma,1,0.999855,1,0,0.999855,0.000024,0.000100,0.000020
data_rand_fold1/Testing/glioma/Tr-gl_0993.jpg,MR049453,glioma,glioma,1,0.996610,1,0,0.996610,0.003175,0.000179,0.000035
data_rand_fold1/Testing/glioma/Tr-gl_0997.jpg,MR024780G,glioma,glioma,1,0.736234,1,0,0.736234,0.260607,0.001375,0.001785
data_rand_fold1/Testing/glioma/Tr-gl_1003.jpg,MR050135B,glioma,glioma,1,0.999975,1,0,0.999975,0.000013,0.000006,0.000007
data_rand_fold1/Testing/glioma/Tr-gl_1004.jpg,MR050135B,glioma,glioma,1,0.999061,1,0,0.999061,0.000514,0.000107,0.000317
data_rand_fold1/Testing/glioma/Tr-gl_1005.jpg,MR050135B,glioma,glioma,1,0.999652,1,0,0.999652,0.000091,0.000123,0.000133
data_rand_fold1/Testing/glioma/Tr-gl_1009.jpg,MR050687,glioma,glioma,1,0.999509,1,0,0.999509,0.000453,0.000023,0.000016
data_rand_fold1/Testing/glioma/Tr-gl_1010.jpg,MR050687,glioma,glioma,1,0.999479,1,0,0.999479,0.000378,0.000090,0.000052
data_rand_fold1/Testing/glioma/Tr-gl_1013.jpg,MR050791B,glioma,glioma,1,0.999613,1,0,0.999613,0.000355,0.000026,0.000006
data_rand_fold1/Testing/glioma/Tr-gl_1019.jpg,MR049019C,glioma,glioma,1,0.995133,1,0,0.995133,0.003081,0.001051,0.000735
data_rand_fold1/Testing/glioma/Tr-gl_1020.jpg,MR049019C,glioma,glioma,1,0.995453,1,0,0.995453,0.000365,0.000172,0.004010
data_rand_fold1/Testing/glioma/Tr-gl_1025.jpg,MR051586,glioma,glioma,1,0.996959,1,0,0.996959,0.002888,0.000129,0.000024
data_rand_fold1/Testing/glioma/Tr-gl_1028.jpg,MR051586,glioma,glioma,1,0.656249,1,0,0.656249,0.341562,0.001578,0.000611
data_rand_fold1/Testing/glioma/Tr-gl_1029.jpg,MR051586,glioma,glioma,1,0.999616,1,0,0.999616,0.000172,0.000184,0.000027
data_rand_fold1/Testing/glioma/Tr-gl_1036.jpg,MR051644,glioma,glioma,1,0.997609,1,0,0.997609,0.001888,0.000474,0.000029
data_rand_fold1/Testing/glioma/Tr-gl_1038.jpg,MR051651,glioma,glioma,1,0.997593,1,0,0.997593,0.002162,0.000206,0.000038
data_rand_fold1/Testing/glioma/Tr-gl_1041.jpg,MR051796,glioma,glioma,1,0.998617,1,0,0.998617,0.000266,0.000118,0.000999
data_rand_fold1/Testing/glioma/Tr-gl_1044.jpg,MR051796,glioma,glioma,1,0.994935,1,0,0.994935,0.004132,0.000033,0.000899
data_rand_fold1/Testing/glioma/Tr-gl_1052.jpg,MR051644B,glioma,glioma,1,0.997519,1,0,0.997519,0.000030,0.000028,0.002423
data_rand_fold1/Testing/glioma/Tr-gl_1061.jpg,MR052550,glioma,glioma,1,0.999898,1,0,0.999898,0.000027,0.000033,0.000041
data_rand_fold1/Testing/glioma/Tr-gl_1068.jpg,MR051644C,glioma,glioma,1,0.999711,1,0,0.999711,0.000158,0.000095,0.000036
data_rand_fold1/Testing/glioma/Tr-gl_1069.jpg,MR051644C,glioma,glioma,1,0.999914,1,0,0.999914,0.000051,0.000020,0.000015
data_rand_fold1/Testing/glioma/Tr-gl_1072.jpg,MR049942B,glioma,glioma,1,0.999904,1,0,0.999904,0.000005,0.000007,0.000085
data_rand_fold1/Testing/glioma/Tr-gl_1074.jpg,MR052585B,glioma,glioma,1,0.998901,1,0,0.998901,0.000088,0.000145,0.000866
data_rand_fold1/Testing/glioma/Tr-gl_1076.jpg,MR053110B,glioma,glioma,1,0.999948,1,0,0.999948,0.000018,0.000025,0.000009
data_rand_fold1/Testing/glioma/Tr-gl_1078.jpg,MR053110B,glioma,glioma,1,0.999677,1,0,0.999677,0.000117,0.000186,0.000020
data_rand_fold1/Testing/glioma/Tr-gl_1081.jpg,MR034694,glioma,pituitary,0,0.601147,1,0,0.377618,0.004588,0.016648,0.601147
data_rand_fold1/Testing/glioma/Tr-gl_1089.jpg,MR050687C,glioma,glioma,1,0.999163,1,0,0.999163,0.000482,0.000018,0.000337
data_rand_fold1/Testing/glioma/Tr-gl_1095.jpg,MR034997,glioma,glioma,1,0.999555,1,0,0.999555,0.000380,0.000063,0.000001
data_rand_fold1/Testing/glioma/Tr-gl_1097.jpg,MR034997,glioma,glioma,1,0.994688,1,0,0.994688,0.005195,0.000023,0.000093
data_rand_fold1/Testing/glioma/Tr-gl_1100.jpg,MR034997,glioma,glioma,1,0.999828,1,0,0.999828,0.000032,0.000024,0.000116
data_rand_fold1/Testing/glioma/Tr-gl_1101.jpg,MR029209E,glioma,glioma,1,0.911811,1,0,0.911811,0.087295,0.000846,0.000048
data_rand_fold1/Testing/glioma/Tr-gl_1107.jpg,MR033389B,glioma,glioma,1,0.999256,1,0,0.999256,0.000394,0.000138,0.000212
data_rand_fold1/Testing/glioma/Tr-gl_1109.jpg,MR024780E,glioma,glioma,1,0.999694,1,0,0.999694,0.000278,0.000013,0.000015
data_rand_fold1/Testing/glioma/Tr-gl_1112.jpg,MR040240C,glioma,glioma,1,0.999902,1,0,0.999902,0.000057,0.000022,0.000019
data_rand_fold1/Testing/glioma/Tr-gl_1115.jpg,MR040240D,glioma,glioma,1,0.999480,1,0,0.999480,0.000131,0.000072,0.000316
data_rand_fold1/Testing/glioma/Tr-gl_1117.jpg,MR017260F,glioma,glioma,1,0.999777,1,0,0.999777,0.000173,0.000031,0.000019
data_rand_fold1/Testing/glioma/Tr-gl_1123.jpg,MR017260F,glioma,glioma,1,0.999771,1,0,0.999771,0.000166,0.000052,0.000011
data_rand_fold1/Testing/glioma/Tr-gl_1127.jpg,MR029209I,glioma,glioma,1,0.999932,1,0,0.999932,0.000016,0.000039,0.000012
data_rand_fold1/Testing/glioma/Tr-gl_1129.jpg,MR029209I,glioma,glioma,1,0.999941,1,0,0.999941,0.000015,0.000026,0.000018
data_rand_fold1/Testing/glioma/Tr-gl_1135.jpg,101020,glioma,meningioma,0,0.928459,1,0,0.065896,0.928459,0.005468,0.000177
data_rand_fold1/Testing/glioma/Tr-gl_1143.jpg,103148,glioma,glioma,1,0.951897,1,0,0.951897,0.040377,0.007653,0.000072
data_rand_fold1/Testing/glioma/Tr-gl_1145.jpg,106494,glioma,glioma,1,0.994120,1,0,0.994120,0.003900,0.001958,0.000022
data_rand_fold1/Testing/glioma/Tr-gl_1156.jpg,112105,glioma,glioma,1,0.976362,1,0,0.976362,0.017874,0.005460,0.000303
data_rand_fold1/Testing/glioma/Tr-gl_1157.jpg,112105,glioma,glioma,1,0.998024,1,0,0.998024,0.001318,0.000640,0.000018
data_rand_fold1/Testing/glioma/Tr-gl_1159.jpg,100820,glioma,glioma,1,0.833386,1,0,0.833386,0.160432,0.005496,0.000686
data_rand_fold1/Testing/glioma/Tr-gl_1161.jpg,100820,glioma,glioma,1,0.544577,1,0,0.544577,0.430428,0.024686,0.000309
data_rand_fold1/Testing/glioma/Tr-gl_1172.jpg,106494,glioma,glioma,1,0.715035,1,0,0.715035,0.280396,0.004516,0.000052
data_rand_fold1/Testing/glioma/Tr-gl_1176.jpg,107747,glioma,glioma,1,0.977393,1,0,0.977393,0.020834,0.000175,0.001599
data_rand_fold1/Testing/glioma/Tr-gl_1185.jpg,112105,glioma,glioma,1,0.991877,1,0,0.991877,0.007752,0.000284,0.000087
data_rand_fold1/Testing/glioma/Tr-gl_1192.jpg,88670,glioma,glioma,1,0.999106,1,0,0.999106,0.000491,0.000263,0.000140
data_rand_fold1/Testing/glioma/Tr-gl_1196.jpg,90284,glioma,glioma,1,0.996561,1,0,0.996561,0.003249,0.000113,0.000078
data_rand_fold1/Testing/glioma/Tr-gl_1200.jpg,92897,glioma,meningioma,0,0.628327,1,0,0.365615,0.628327,0.004688,0.001369
data_rand_fold1/Testing/glioma/Tr-gl_1209.jpg,100820,glioma,meningioma,0,0.528638,1,0,0.466935,0.528638,0.004342,0.000085
data_rand_fold1/Testing/glioma/Tr-gl_1218.jpg,102075,glioma,meningioma,0,0.866996,1,0,0.131707,0.866996,0.001061,0.000237
data_rand_fold1/Testing/glioma/Tr-gl_1225.jpg,106494,glioma,glioma,1,0.964774,1,0,0.964774,0.034536,0.000600,0.000089
data_rand_fold1/Testing/glioma/Tr-gl_1235.jpg,112105,glioma,glioma,1,0.979898,1,0,0.979898,0.019807,0.000038,0.000257
data_rand_fold1/Testing/glioma/Tr-gl_1243.jpg,90284,glioma,meningioma,0,0.979964,1,0,0.019082,0.979964,0.000835,0.000119
data_rand_fold1/Testing/glioma/Tr-gl_1247.jpg,90284,glioma,glioma,1,0.991783,1,0,0.991783,0.007808,0.000323,0.000085
data_rand_fold1/Testing/glioma/Tr-gl_1250.jpg,92897,glioma,meningioma,0,0.844976,1,0,0.143217,0.844976,0.005347,0.006460
data_rand_fold1/Testing/glioma/Tr-gl_1254.jpg,93825,glioma,glioma,1,0.970077,1,0,0.970077,0.029701,0.000098,0.000124
data_rand_fold1/Testing/glioma/Tr-gl_1256.jpg,93825,glioma,glioma,1,0.995804,1,0,0.995804,0.004025,0.000061,0.000109
data_rand_fold1/Testing/glioma/Tr-gl_1257.jpg,94731,glioma,glioma,1,0.996017,1,0,0.996017,0.003691,0.000162,0.000130
data_rand_fold1/Testing/glioma/Tr-gl_1261.jpg,95142,glioma,glioma,1,0.999349,1,0,0.999349,0.000485,0.000072,0.000094
data_rand_fold1/Testing/glioma/Tr-gl_1263.jpg,95142,glioma,glioma,1,0.998291,1,0,0.998291,0.001328,0.000138,0.000243
data_rand_fold1/Testing/glioma/Tr-gl_1273.jpg,98889,glioma,glioma,1,0.999400,1,0,0.999400,0.000566,0.000024,0.000010
data_rand_fold1/Testing/glioma/Tr-gl_1281.jpg,MR048294,glioma,glioma,1,0.999630,1,0,0.999630,0.000122,0.000245,0.000003
data_rand_fold1/Testing/glioma/Tr-gl_1284.jpg,MR048297,glioma,glioma,1,0.999900,1,0,0.999900,0.000041,0.000058,0.000001
data_rand_fold1/Testing/glioma/Tr-gl_1285.jpg,MR048294B,glioma,glioma,1,0.999891,1,0,0.999891,0.000005,0.000097,0.000008
data_rand_fold1/Testing/glioma/Tr-gl_1296.jpg,MR048944,glioma,glioma,1,0.999956,1,0,0.999956,0.000036,0.000007,0.000002
data_rand_fold1/Testing/glioma/Tr-gl_1306.jpg,MR049104,glioma,glioma,1,0.999565,1,0,0.999565,0.000023,0.000393,0.000019
data_rand_fold1/Testing/glioma/Tr-gl_1312.jpg,MR048994B,glioma,glioma,1,0.999947,1,0,0.999947,0.000034,0.000012,0.000008
data_rand_fold1/Testing/glioma/Tr-gl_1315.jpg,MR048994B,glioma,glioma,1,0.999878,1,0,0.999878,0.000112,0.000010,0.000001
data_rand_fold1/Testing/meningioma/Te-me_0117.jpg,108514,meningioma,meningioma,1,0.999729,1,0,0.000230,0.999729,0.000036,0.000004
data_rand_fold1/Testing/meningioma/Te-me_0129.jpg,113435,meningioma,meningioma,1,0.999993,1,0,0.000000,0.999993,0.000002,0.000005
data_rand_fold1/Testing/meningioma/Te-me_0132.jpg,114018,meningioma,meningioma,1,0.999992,1,0,0.000000,0.999992,0.000004,0.000004
data_rand_fold1/Testing/meningioma/Te-me_0133.jpg,114359,meningioma,meningioma,1,0.999661,1,0,0.000328,0.999661,0.000010,0.000001
data_rand_fold1/Testing/meningioma/Te-me_0169.jpg,104281,meningioma,meningioma,1,0.999687,1,0,0.000205,0.999687,0.000080,0.000027
data_rand_fold1/Testing/meningioma/Te-me_0170.jpg,102714,meningioma,meningioma,1,0.997060,1,0,0.000194,0.997060,0.000868,0.001879
data_rand_fold1/Testing/meningioma/Te-me_0174.jpg,106442,meningioma,meningioma,1,0.999619,1,0,0.000325,0.999619,0.000055,0.000001
data_rand_fold1/Testing/meningioma/Te-me_0175.jpg,106534,meningioma,meningioma,1,0.990033,1,0,0.009327,0.990033,0.000574,0.000067
data_rand_fold1/Testing/meningioma/Te-me_0181.jpg,107248,meningioma,meningioma,1,0.999796,1,0,0.000134,0.999796,0.000048,0.000022
data_rand_fold1/Testing/meningioma/Te-me_0185.jpg,108514,meningioma,meningioma,1,0.901381,1,0,0.098065,0.901381,0.000477,0.000077
data_rand_fold1/Testing/meningioma/Te-me_0187.jpg,108945,meningioma,meningioma,1,0.999349,1,0,0.000585,0.999349,0.000049,0.000017
data_rand_fold1/Testing/meningioma/Te-me_0188.jpg,109968,meningioma,meningioma,1,0.990728,1,0,0.009083,0.990728,0.000157,0.000032
data_rand_fold1/Testing/meningioma/Te-me_0190.jpg,111077,meningioma,meningioma,1,0.999932,1,0,0.000022,0.999932,0.000045,0.000001
data_rand_fold1/Testing/meningioma/Te-me_0193.jpg,103673,meningioma,pituitary,0,0.776566,1,0,0.000233,0.205278,0.017922,0.776566
data_rand_fold1/Testing/meningioma/Te-me_0196.jpg,112252,meningioma,meningioma,1,0.990983,1,0,0.008082,0.990983,0.000857,0.000078
data_rand_fold1/Testing/meningioma/Te-me_0199.jpg,112648,meningioma,meningioma,1,0.999699,1,0,0.000281,0.999699,0.000011,0.000009
data_rand_fold1/Testing/meningioma/Te-me_0206.jpg,97607,meningioma,meningioma,1,0.999906,1,0,0.000013,0.999906,0.000004,0.000076
data_rand_fold1/Testing/meningioma/Te-me_0209.jpg,97875,meningioma,meningioma,1,0.999299,1,0,0.000513,0.999299,0.000132,0.000056
data_rand_fold1/Testing/meningioma/Te-me_0212.jpg,98241,meningioma,meningioma,1,0.999894,1,0,0.000035,0.999894,0.000027,0.000043
data_rand_fold1/Testing/meningioma/Te-me_0217.jpg,100360,meningioma,meningioma,1,0.999806,1,0,0.000034,0.999806,0.000020,0.000141
data_rand_fold1/Testing/meningioma/Te-me_0223.jpg,101797,meningioma,meningioma,1,0.999964,1,0,0.000002,0.999964,0.000004,0.000029
data_rand_fold1/Testing/meningioma/Te-me_0234.jpg,104167,meningioma,meningioma,1,0.999910,1,0,0.000080,0.999910,0.000007,0.000003
data_rand_fold1/Testing/meningioma/Te-me_0238.jpg,105937,meningioma,meningioma,1,0.999873,1,0,0.000001,0.999873,0.000004,0.000122
data_rand_fold1/Testing/meningioma/Te-me_0241.jpg,106592,meningioma,meningioma,1,0.999497,1,0,0.000469,0.999497,0.000022,0.000012
data_rand_fold1/Testing/meningioma/Te-me_0255.jpg,109968,meningioma,meningioma,1,0.999971,1,0,0.000000,0.999971,0.000001,0.000028
data_rand_fold1/Testing/meningioma/Te-me_0256.jpg,111077,meningioma,meningioma,1,0.999981,1,0,0.000008,0.999981,0.000005,0.000006
data_rand_fold1/Testing/meningioma/Te-me_0265.jpg,106284,meningioma,meningioma,1,0.998971,1,0,0.000014,0.998971,0.000971,0.000044
data_rand_fold1/Testing/meningioma/Te-me_0270.jpg,113614,meningioma,meningioma,1,0.999998,1,0,0.000002,0.999998,0.000000,0.000000
data_rand_fold1/Testing/meningioma/Te-me_0274.jpg,114359,meningioma,meningioma,1,0.999956,1,0,0.000039,0.999956,0.000004,0.000000
data_rand_fold1/Testing/meningioma/Te-me_0276.jpg,106284,meningioma,meningioma,1,0.999936,1,0,0.000001,0.999936,0.000019,0.000043
data_rand_fold1/Testing/meningioma/Te-me_0284.jpg,99089,meningioma,meningioma,1,0.999729,1,0,0.000005,0.999729,0.000248,0.000018
data_rand_fold1/Testing/meningioma/Te-me_0288.jpg,99308,meningioma,meningioma,1,0.999854,1,0,0.000051,0.999854,0.000003,0.000092
data_rand_fold1/Testing/meningioma/Te-me_0291.jpg,106665,meningioma,meningioma,1,0.999600,1,0,0.000119,0.999600,0.000188,0.000093
data_rand_fold1/Testing/meningioma/Te-me_0293.jpg,106720,meningioma,meningioma,1,0.999972,1,0,0.000003,0.999972,0.000024,0.000001
data_rand_fold1/Testing/meningioma/Te-me_0294.jpg,106914,meningioma,meningioma,1,0.999984,1,0,0.000001,0.999984,0.000010,0.000005
data_rand_fold1/Testing/meningioma/Te-me_0296.jpg,107248,meningioma,meningioma,1,0.996309,1,0,0.000151,0.996309,0.003111,0.000429
data_rand_fold1/Testing/meningioma/Te-me_0297.jpg,107248,meningioma,meningioma,1,0.948384,1,0,0.000173,0.948384,0.049506,0.001937
data_rand_fold1/Testing/meningioma/Te-me_0305.jpg,97943,meningioma,meningioma,1,0.999992,1,0,0.000002,0.999992,0.000005,0.000001
data_rand_fold1/Testing/meningioma/Tr-meTr_0000.jpg,100360,meningioma,meningioma,1,0.998641,1,0,0.001034,0.998641,0.000307,0.000017
data_rand_fold1/Testing/meningioma/Tr-me_0010.jpg,108514,meningioma,meningioma,1,0.999982,1,0,0.000013,0.999982,0.000003,0.000003
data_rand_fold1/Testing/meningioma/Tr-me_0023.jpg,110116,meningioma,meningioma,1,0.998514,1,0,0.000008,0.998514,0.000500,0.000978
data_rand_fold1/Testing/meningioma/Tr-me_0038.jpg,112062,meningioma,meningioma,1,0.999945,1,0,0.000045,0.999945,0.000004,0.000006
data_rand_fold1/Testing/meningioma/Tr-me_0049.jpg,113435,meningioma,meningioma,1,0.999996,1,0,0.000001,0.999996,0.000003,0.000000
data_rand_fold1/Testing/meningioma/Tr-me_0056.jpg,113554,meningioma,meningioma,1,0.999924,1,0,0.000010,0.999924,0.000063,0.000003
data_rand_fold1/Testing/meningioma/Tr-me_0064.jpg,114359,meningioma,meningioma,1,0.999791,1,0,0.000206,0.999791,0.000002,0.000001
data_rand_fold1/Testing/meningioma/Tr-me_0070.jpg,97737,meningioma,meningioma,1,0.999998,1,0,0.000000,0.999998,0.000001,0.000000
data_rand_fold1/Testing/meningioma/Tr-me_0076.jpg,97943,meningioma,meningioma,1,0.999998,1,0,0.000000,0.999998,0.000002,0.000000
data_rand_fold1/Testing/meningioma/Tr-me_0086.jpg,101016,meningioma,meningioma,1,0.999792,1,0,0.000048,0.999792,0.000148,0.000012
data_rand_fold1/Testing/meningioma/Tr-me_0088.jpg,99089,meningioma,meningioma,1,0.999976,1,0,0.000012,0.999976,0.000010,0.000003
data_rand_fold1/Testing/meningioma/Tr-me_0093.jpg,101016,meningioma,meningioma,1,0.999765,1,0,0.000188,0.999765,0.000043,0.000004
data_rand_fold1/Testing/meningioma/Tr-me_0105.jpg,102675,meningioma,meningioma,1,0.986918,1,0,0.012869,0.986918,0.000116,0.000098
data_rand_fold1/Testing/meningioma/Tr-me_0109.jpg,99288,meningioma,meningioma,1,0.958063,1,0,0.041308,0.958063,0.000570,0.000059
data_rand_fold1/Testing/meningioma/Tr-me_0110.jpg,102714,meningioma,meningioma,1,0.999897,1,0,0.000022,0.999897,0.000076,0.000005
data_rand_fold1/Testing/meningioma/Tr-me_0126.jpg,103673,meningioma,meningioma,1,0.999107,1,0,0.000015,0.999107,0.000680,0.000198
data_rand_fold1/Testing/meningioma/Tr-me_0131.jpg,99308,meningioma,meningioma,1,0.999900,1,0,0.000093,0.999900,0.000001,0.000006
data_rand_fold1/Testing/meningioma/Tr-me_0139.jpg,104167,meningioma,meningioma,1,0.999741,1,0,0.000024,0.999741,0.000226,0.000010
data_rand_fold1/Testing/meningioma/Tr-me_0142.jpg,99308,meningioma,meningioma,1,0.999878,1,0,0.000105,0.999878,0.000000,0.000016
data_rand_fold1/Testing/meningioma/Tr-me_0146.jpg,104281,meningioma,meningioma,1,0.997726,1,0,0.002219,0.997726,0.000047,0.000008
data_rand_fold1/Testing/meningioma/Tr-me_0147.jpg,104281,meningioma,meningioma,1,0.997721,1,0,0.002244,0.997721,0.000028,0.000006
data_rand_fold1/Testing/meningioma/Tr-me_0149.jpg,105374,meningioma,meningioma,1,0.956473,1,0,0.038178,0.956473,0.004888,0.000461
data_rand_fold1/Testing/meningioma/Tr-me_0150.jpg,105374,meningioma,meningioma,1,0.998706,1,0,0.000809,0.998706,0.000431,0.000054
data_rand_fold1/Testing/meningioma/Tr-me_0151.jpg,105555,meningioma,meningioma,1,0.941357,1,0,0.034525,0.941357,0.022510,0.001608
data_rand_fold1/Testing/meningioma/Tr-me_0159.jpg,106284,meningioma,meningioma,1,0.999794,1,0,0.000014,0.999794,0.000169,0.000023
data_rand_fold1/Testing/meningioma/Tr-me_0161.jpg,106720,meningioma,meningioma,1,0.999903,1,0,0.000031,0.999903,0.000057,0.000008
data_rand_fold1/Testing/meningioma/Tr-me_0165.jpg,106720,meningioma,meningioma,1,0.999562,1,0,0.000389,0.999562,0.000039,0.000010
data_rand_fold1/Testing/meningioma/Tr-me_0168.jpg,106914,meningioma,meningioma,1,0.999999,1,0,0.000000,0.999999,0.000000,0.000000
data_rand_fold1/Testing/meningioma/Tr-me_0173.jpg,107248,meningioma,meningioma,1,0.998928,1,0,0.000001,0.998928,0.000942,0.000129
data_rand_fold1/Testing/meningioma/Tr-me_0174.jpg,107248,meningioma,meningioma,1,0.994502,1,0,0.000028,0.994502,0.005287,0.000183
data_rand_fold1/Testing/meningioma/Tr-me_0269.jpg,100572,meningioma,meningioma,1,0.996325,1,0,0.000759,0.996325,0.002476,0.000440
data_rand_fold1/Testing/meningioma/Tr-me_0284.jpg,100572,meningioma,meningioma,1,0.996724,1,0,0.000175,0.996724,0.002304,0.000797
data_rand_fold1/Testing/meningioma/Tr-me_0289.jpg,101016,meningioma,meningioma,1,0.999991,1,0,0.000003,0.999991,0.000006,0.000000
data_rand_fold1/Testing/meningioma/Tr-me_0297.jpg,102420,meningioma,meningioma,1,0.998746,1,0,0.000141,0.998746,0.001098,0.000015
data_rand_fold1/Testing/meningioma/Tr-me_0298.jpg,102420,meningioma,meningioma,1,0.998716,1,0,0.000248,0.998716,0.000931,0.000106
data_rand_fold1/Testing/meningioma/Tr-me_0308.jpg,103673,meningioma,pituitary,0,0.685120,1,0,0.000096,0.298177,0.016607,0.685120
data_rand_fold1/Testing/meningioma/Tr-me_0310.jpg,103673,meningioma,meningioma,1,0.979750,1,0,0.000044,0.979750,0.002427,0.017779
data_rand_fold1/Testing/meningioma/Tr-me_0315.jpg,103925,meningioma,meningioma,1,0.999082,1,0,0.000062,0.999082,0.000608,0.000248
data_rand_fold1/Testing/meningioma/Tr-me_0320.jpg,104167,meningioma,meningioma,1,0.999998,1,0,0.000000,0.999998,0.000001,0.000000
data_rand_fold1/Testing/meningioma/Tr-me_0328.jpg,104281,meningioma,meningioma,1,0.996821,1,0,0.003057,0.996821,0.000074,0.000049
data_rand_fold1/Testing/meningioma/Tr-me_0329.jpg,105374,meningioma,meningioma,1,0.997839,1,0,0.000873,0.997839,0.001218,0.000070
data_rand_fold1/Testing/meningioma/Tr-me_0341.jpg,106442,meningioma,meningioma,1,0.999971,1,0,0.000003,0.999971,0.000025,0.000001
data_rand_fold1/Testing/meningioma/Tr-me_0342.jpg,106442,meningioma,meningioma,1,0.999840,1,0,0.000124,0.999840,0.000029,0.000006
data_rand_fold1/Testing/meningioma/Tr-me_0343.jpg,106442,meningioma,meningioma,1,0.989388,1,0,0.009687,0.989388,0.000653,0.000272
data_rand_fold1/Testing/meningioma/Tr-me_0349.jpg,106665,meningioma,meningioma,1,0.999952,1,0,0.000003,0.999952,0.000024,0.000021
data_rand_fold1/Testing/meningioma/Tr-me_0355.jpg,106720,meningioma,meningioma,1,0.999457,1,0,0.000312,0.999457,0.000218,0.000014
data_rand_fold1/Testing/meningioma/Tr-me_0376.jpg,107494,meningioma,meningioma,1,0.998571,1,0,0.000541,0.998571,0.000729,0.000160
data_rand_fold1/Testing/meningioma/Tr-me_0379.jpg,107494,meningioma,meningioma,1,0.991849,1,0,0.008001,0.991849,0.000103,0.000046
data_rand_fold1/Testing/meningioma/Tr-me_0386.jpg,108514,meningioma,meningioma,1,0.999342,1,0,0.000632,0.999342,0.000017,0.000008
data_rand_fold1/Testing/meningioma/Tr-me_0390.jpg,108590,meningioma,meningioma,1,0.999522,1,0,0.000175,0.999522,0.000270,0.000033
data_rand_fold1/Testing/meningioma/Tr-me_0394.jpg,108945,meningioma,meningioma,1,0.999990,1,0,0.000001,0.999990,0.000002,0.000007
data_rand_fold1/Testing/meningioma/Tr-me_0398.jpg,109968,meningioma,meningioma,1,0.995864,1,0,0.004011,0.995864,0.000104,0.000022
data_rand_fold1/Testing/meningioma/Tr-me_0399.jpg,109968,meningioma,meningioma,1,0.999413,1,0,0.000562,0.999413,0.000011,0.000015
data_rand_fold1/Testing/meningioma/Tr-me_0406.jpg,110116,meningioma,meningioma,1,0.998880,1,0,0.000076,0.998880,0.000253,0.000791
data_rand_fold1/Testing/meningioma/Tr-me_0413.jpg,97607,meningioma,meningioma,1,0.999989,1,0,0.000000,0.999989,0.000001,0.000010
data_rand_fold1/Testing/meningioma/Tr-me_0420.jpg,111532,meningioma,meningioma,1,0.999833,1,0,0.000029,0.999833,0.000115,0.000022
data_rand_fold1/Testing/meningioma/Tr-me_0422.jpg,112002,meningioma,meningioma,1,0.998844,1,0,0.000452,0.998844,0.000659,0.000045
data_rand_fold1/Testing/meningioma/Tr-me_0423.jpg,112002,meningioma,meningioma,1,0.999101,1,0,0.000189,0.999101,0.000345,0.000365
data_rand_fold1/Testing/meningioma/Tr-me_0427.jpg,112062,meningioma,meningioma,1,0.999975,1,0,0.000011,0.999975,0.000013,0.000002
data_rand_fold1/Testing/meningioma/Tr-me_0429.jpg,112062,meningioma,meningioma,1,0.999589,1,0,0.000401,0.999589,0.000007,0.000002
data_rand_fold1/Testing/meningioma/Tr-me_0430.jpg,112252,meningioma,meningioma,1,0.996322,1,0,0.002583,0.996322,0.001042,0.000053
data_rand_fold1/Testing/meningioma/Tr-me_0434.jpg,112552,meningioma,meningioma,1,0.999864,1,0,0.000072,0.999864,0.000037,0.000027
data_rand_fold1/Testing/meningioma/Tr-me_0436.jpg,112552,meningioma,meningioma,1,0.999950,1,0,0.000036,0.999950,0.000009,0.000004
data_rand_fold1/Testing/meningioma/Tr-me_0437.jpg,112552,meningioma,meningioma,1,0.999663,1,0,0.000248,0.999663,0.000081,0.000008
data_rand_fold1/Testing/meningioma/Tr-me_0438.jpg,112552,meningioma,meningioma,1,0.985250,1,0,0.012734,0.985250,0.001610,0.000406
data_rand_fold1/Testing/meningioma/Tr-me_0441.jpg,112648,meningioma,meningioma,1,0.999990,1,0,0.000006,0.999990,0.000003,0.000001
data_rand_fold1/Testing/meningioma/Tr-me_0444.jpg,113435,meningioma,meningioma,1,0.999986,1,0,0.000000,0.999986,0.000010,0.000003
data_rand_fold1/Testing/meningioma/Tr-me_0449.jpg,113435,meningioma,meningioma,1,0.999976,1,0,0.000003,0.999976,0.000015,0.000006
data_rand_fold1/Testing/meningioma/Tr-me_0455.jpg,97737,meningioma,meningioma,1,0.999897,1,0,0.000004,0.999897,0.000007,0.000092
data_rand_fold1/Testing/meningioma/Tr-me_0463.jpg,97875,meningioma,meningioma,1,0.999212,1,0,0.000332,0.999212,0.000203,0.000253
data_rand_fold1/Testing/meningioma/Tr-me_0467.jpg,97943,meningioma,meningioma,1,0.999999,1,0,0.000000,0.999999,0.000001,0.000000
data_rand_fold1/Testing/meningioma/Tr-me_0469.jpg,98241,meningioma,meningioma,1,0.999927,1,0,0.000013,0.999927,0.000036,0.000024
data_rand_fold1/Testing/meningioma/Tr-me_0470.jpg,98241,meningioma,meningioma,1,0.999915,1,0,0.000003,0.999915,0.000041,0.000041
data_rand_fold1/Testing/meningioma/Tr-me_0472.jpg,98241,meningioma,meningioma,1,0.999935,1,0,0.000006,0.999935,0.000039,0.000021
data_rand_fold1/Testing/meningioma/Tr-me_0476.jpg,99017,meningioma,meningioma,1,0.999660,1,0,0.000213,0.999660,0.000011,0.000116
data_rand_fold1/Testing/meningioma/Tr-me_0480.jpg,99089,meningioma,meningioma,1,0.999886,1,0,0.000006,0.999886,0.000012,0.000097
data_rand_fold1/Testing/meningioma/Tr-me_0483.jpg,99089,meningioma,meningioma,1,0.999395,1,0,0.000086,0.999395,0.000142,0.000377
data_rand_fold1/Testing/meningioma/Tr-me_0484.jpg,99288,meningioma,meningioma,1,0.998409,1,0,0.001546,0.998409,0.000027,0.000019
data_rand_fold1/Testing/meningioma/Tr-me_0488.jpg,99308,meningioma,meningioma,1,0.998530,1,0,0.001251,0.998530,0.000057,0.000162
data_rand_fold1/Testing/meningioma/Tr-me_0494.jpg,100360,meningioma,meningioma,1,0.999833,1,0,0.000004,0.999833,0.000014,0.000150
data_rand_fold1/Testing/meningioma/Tr-me_0504.jpg,101016,meningioma,meningioma,1,0.999971,1,0,0.000006,0.999971,0.000007,0.000016
data_rand_fold1/Testing/meningioma/Tr-me_0505.jpg,101016,meningioma,meningioma,1,0.999930,1,0,0.000035,0.999930,0.000012,0.000023
data_rand_fold1/Testing/meningioma/Tr-me_0507.jpg,101082,meningioma,meningioma,1,0.999977,1,0,0.000005,0.999977,0.000014,0.000003
data_rand_fold1/Testing/meningioma/Tr-me_0518.jpg,101797,meningioma,meningioma,1,0.999978,1,0,0.000009,0.999978,0.000004,0.000008
data_rand_fold1/Testing/meningioma/Tr-me_0520.jpg,106284,meningioma,meningioma,1,0.999844,1,0,0.000009,0.999844,0.000144,0.000003
data_rand_fold1/Testing/meningioma/Tr-me_0522.jpg,106442,meningioma,meningioma,1,0.999812,1,0,0.000135,0.999812,0.000050,0.000003
data_rand_fold1/Testing/meningioma/Tr-me_0523.jpg,114359,meningioma,meningioma,1,0.999982,1,0,0.000012,0.999982,0.000006,0.000001
data_rand_fold1/Testing/meningioma/Tr-me_0524.jpg,106442,meningioma,meningioma,1,0.999996,1,0,0.000001,0.999996,0.000002,0.000000
data_rand_fold1/Testing/meningioma/Tr-me_0531.jpg,106665,meningioma,meningioma,1,0.999993,1,0,0.000001,0.999993,0.000002,0.000004
data_rand_fold1/Testing/meningioma/Tr-me_0534.jpg,114359,meningioma,meningioma,1,0.999992,1,0,0.000007,0.999992,0.000001,0.000000
data_rand_fold1/Testing/meningioma/Tr-me_0535.jpg,106720,meningioma,meningioma,1,0.999933,1,0,0.000047,0.999933,0.000013,0.000006
data_rand_fold1/Testing/meningioma/Tr-me_0544.jpg,106914,meningioma,meningioma,1,0.999981,1,0,0.000010,0.999981,0.000001,0.000008
data_rand_fold1/Testing/meningioma/Tr-me_0549.jpg,98241,meningioma,meningioma,1,0.999954,1,0,0.000012,0.999954,0.000004,0.000029
data_rand_fold1/Testing/meningioma/Tr-me_0553.jpg,99017,meningioma,meningioma,1,0.999969,1,0,0.000007,0.999969,0.000013,0.000011
data_rand_fold1/Testing/meningioma/Tr-me_0558.jpg,99089,meningioma,meningioma,1,0.999819,1,0,0.000078,0.999819,0.000064,0.000040
data_rand_fold1/Testing/meningioma/Tr-me_0564.jpg,99308,meningioma,meningioma,1,0.999842,1,0,0.000019,0.999842,0.000022,0.000117
data_rand_fold1/Testing/meningioma/Tr-me_0566.jpg,99308,meningioma,meningioma,1,0.999485,1,0,0.000133,0.999485,0.000029,0.000353
data_rand_fold1/Testing/meningioma/Tr-me_0577.jpg,95969,meningioma,meningioma,1,0.996793,1,0,0.002849,0.996793,0.000352,0.000006
data_rand_fold1/Testing/meningioma/Tr-me_0604.jpg,102675,meningioma,meningioma,1,0.999692,1,0,0.000174,0.999692,0.000092,0.000043
data_rand_fold1/Testing/meningioma/Tr-me_0606.jpg,102714,meningioma,meningioma,1,0.999933,1,0,0.000000,0.999933,0.000065,0.000002
data_rand_fold1/Testing/meningioma/Tr-me_0608.jpg,102714,meningioma,meningioma,1,0.999977,1,0,0.000003,0.999977,0.000006,0.000014
data_rand_fold1/Testing/meningioma/Tr-me_0619.jpg,102960,meningioma,meningioma,1,0.999865,1,0,0.000002,0.999865,0.000005,0.000128
data_rand_fold1/Testing/meningioma/Tr-me_0624.jpg,103673,meningioma,meningioma,1,0.991643,1,0,0.000005,0.991643,0.000271,0.008081
data_rand_fold1/Testing/meningioma/Tr-me_0626.jpg,103673,meningioma,meningioma,1,0.998638,1,0,0.000009,0.998638,0.000255,0.001098
data_rand_fold1/Testing/meningioma/Tr-me_0629.jpg,103925,meningioma,meningioma,1,0.999921,1,0,0.000043,0.999921,0.000008,0.000028
data_rand_fold1/Testing/meningioma/Tr-me_0636.jpg,104167,meningioma,meningioma,1,0.999990,1,0,0.000000,0.999990,0.000009,0.000001
data_rand_fold1/Testing/meningioma/Tr-me_0639.jpg,104281,meningioma,meningioma,1,0.999892,1,0,0.000010,0.999892,0.000003,0.000095
data_rand_fold1/Testing/meningioma/Tr-me_0644.jpg,111710,meningioma,meningioma,1,0.999849,1,0,0.000064,0.999849,0.000082,0.000006
data_rand_fold1/Testing/meningioma/Tr-me_0645.jpg,105374,meningioma,meningioma,1,0.999973,1,0,0.000005,0.999973,0.000004,0.000019
data_rand_fold1/Testing/meningioma/Tr-me_0646.jpg,105555,meningioma,meningioma,1,0.993142,1,0,0.003179,0.993142,0.002303,0.001376
data_rand_fold1/Testing/meningioma/Tr-me_0648.jpg,105937,meningioma,meningioma,1,0.998155,1,0,0.000219,0.998155,0.000791,0.000835
data_rand_fold1/Testing/meningioma/Tr-me_0649.jpg,105937,meningioma,meningioma,1,0.999759,1,0,0.000009,0.999759,0.000071,0.000161
data_rand_fold1/Testing/meningioma/Tr-me_0650.jpg,105937,meningioma,meningioma,1,0.999966,1,0,0.000006,0.999966,0.000006,0.000022
data_rand_fold1/Testing/meningioma/Tr-me_0654.jpg,106284,meningioma,meningioma,1,0.998798,1,0,0.000012,0.998798,0.000034,0.001156
data_rand_fold1/Testing/meningioma/Tr-me_0656.jpg,111710,meningioma,meningioma,1,0.996920,1,0,0.002723,0.996920,0.000326,0.000031
data_rand_fold1/Testing/meningioma/Tr-me_0660.jpg,106534,meningioma,meningioma,1,0.985069,1,0,0.010504,0.985069,0.003161,0.001266
data_rand_fold1/Testing/meningioma/Tr-me_0667.jpg,112002,meningioma,meningioma,1,0.999419,1,0,0.000240,0.999419,0.000231,0.000110
data_rand_fold1/Testing/meningioma/Tr-me_0671.jpg,106720,meningioma,meningioma,1,0.999986,1,0,0.000002,0.999986,0.000012,0.000001
data_rand_fold1/Testing/meningioma/Tr-me_0673.jpg,106914,meningioma,meningioma,1,0.999926,1,0,0.000038,0.999926,0.000020,0.000016
data_rand_fold1/Testing/meningioma/Tr-me_0675.jpg,106914,meningioma,meningioma,1,0.999989,1,0,0.000004,0.999989,0.000002,0.000005
data_rand_fold1/Testing/meningioma/Tr-me_0676.jpg,106914,meningioma,meningioma,1,0.999985,1,0,0.000006,0.999985,0.000001,0.000008
data_rand_fold1/Testing/meningioma/Tr-me_0691.jpg,107946,meningioma,meningioma,1,0.987529,1,0,0.012304,0.987529,0.000133,0.000034
data_rand_fold1/Testing/meningioma/Tr-me_0693.jpg,107946,meningioma,meningioma,1,0.999883,1,0,0.000076,0.999883,0.000039,0.000002
data_rand_fold1/Testing/meningioma/Tr-me_0703.jpg,108590,meningioma,meningioma,1,0.999983,1,0,0.000008,0.999983,0.000007,0.000002
data_rand_fold1/Testing/meningioma/Tr-me_0717.jpg,112552,meningioma,meningioma,1,0.999961,1,0,0.000003,0.999961,0.000004,0.000032
data_rand_fold1/Testing/meningioma/Tr-me_0721.jpg,112552,meningioma,meningioma,1,0.999982,1,0,0.000002,0.999982,0.000015,0.000001
data_rand_fold1/Testing/meningioma/Tr-me_0726.jpg,112650,meningioma,meningioma,1,0.996893,1,0,0.002899,0.996893,0.000156,0.000052
data_rand_fold1/Testing/meningioma/Tr-me_0738.jpg,113435,meningioma,meningioma,1,0.999355,1,0,0.000366,0.999355,0.000227,0.000052
data_rand_fold1/Testing/meningioma/Tr-me_0745.jpg,113614,meningioma,meningioma,1,0.999999,1,0,0.000000,0.999999,0.000000,0.000000
data_rand_fold1/Testing/meningioma/Tr-me_0748.jpg,113971,meningioma,meningioma,1,0.999561,1,0,0.000252,0.999561,0.000045,0.000141
data_rand_fold1/Testing/meningioma/Tr-me_0751.jpg,114018,meningioma,meningioma,1,0.996738,1,0,0.000029,0.996738,0.000249,0.002983
data_rand_fold1/Testing/meningioma/Tr-me_0753.jpg,114018,meningioma,meningioma,1,0.999829,1,0,0.000002,0.999829,0.000088,0.000081
data_rand_fold1/Testing/meningioma/Tr-me_0754.jpg,114018,meningioma,meningioma,1,0.999223,1,0,0.000003,0.999223,0.000062,0.000712
data_rand_fold1/Testing/meningioma/Tr-me_0756.jpg,114359,meningioma,meningioma,1,0.999987,1,0,0.000001,0.999987,0.000011,0.000000
data_rand_fold1/Testing/meningioma/Tr-me_0772.jpg,97374,meningioma,meningioma,1,0.999995,1,0,0.000003,0.999995,0.000001,0.000000
data_rand_fold1/Testing/meningioma/Tr-me_0782.jpg,97737,meningioma,meningioma,1,0.999946,1,0,0.000006,0.999946,0.000026,0.000022
data_rand_fold1/Testing/meningioma/Tr-me_0785.jpg,97943,meningioma,meningioma,1,0.999971,1,0,0.000005,0.999971,0.000023,0.000001
data_rand_fold1/Testing/meningioma/Tr-me_0789.jpg,97943,meningioma,meningioma,1,0.999352,1,0,0.000051,0.999352,0.000583,0.000014
data_rand_fold1/Testing/meningioma/Tr-me_0793.jpg,97943,meningioma,meningioma,1,0.999994,1,0,0.000003,0.999994,0.000004,0.000000
data_rand_fold1/Testing/meningioma/Tr-me_0796.jpg,98241,meningioma,meningioma,1,0.999997,1,0,0.000001,0.999997,0.000001,0.000001
data_rand_fold1/Testing/meningioma/Tr-me_0801.jpg,100360,meningioma,meningioma,1,0.999989,1,0,0.000007,0.999989,0.000003,0.000001
data_rand_fold1/Testing/meningioma/Tr-me_0811.jpg,99308,meningioma,meningioma,1,0.999058,1,0,0.000889,0.999058,0.000041,0.000012
data_rand_fold1/Testing/meningioma/Tr-me_0815.jpg,100360,meningioma,meningioma,1,0.999993,1,0,0.000003,0.999993,0.000003,0.000001
data_rand_fold1/Testing/meningioma/Tr-me_0826.jpg,107494,meningioma,meningioma,1,0.960401,1,0,0.002603,0.960401,0.016109,0.020887
data_rand_fold1/Testing/meningioma/Tr-me_0835.jpg,101797,meningioma,meningioma,1,0.999921,1,0,0.000035,0.999921,0.000017,0.000027
data_rand_fold1/Testing/meningioma/Tr-me_0841.jpg,102675,meningioma,meningioma,1,0.979620,1,0,0.019968,0.979620,0.000239,0.000174
data_rand_fold1/Testing/meningioma/Tr-me_0844.jpg,102714,meningioma,meningioma,1,0.999986,1,0,0.000010,0.999986,0.000003,0.000000
data_rand_fold1/Testing/meningioma/Tr-me_0847.jpg,102929,meningioma,meningioma,1,0.999832,1,0,0.000088,0.999832,0.000062,0.000018
data_rand_fold1/Testing/meningioma/Tr-me_0853.jpg,102985,meningioma,meningioma,1,0.997137,1,0,0.002733,0.997137,0.000125,0.000005
data_rand_fold1/Testing/meningioma/Tr-me_0862.jpg,103925,meningioma,meningioma,1,0.989487,1,0,0.002967,0.989487,0.007174,0.000371
data_rand_fold1/Testing/meningioma/Tr-me_0877.jpg,101016,meningioma,meningioma,1,0.999995,1,0,0.000000,0.999995,0.000004,0.000000
data_rand_fold1/Testing/meningioma/Tr-me_0885.jpg,105937,meningioma,meningioma,1,0.999707,1,0,0.000002,0.999707,0.000030,0.000261
data_rand_fold1/Testing/meningioma/Tr-me_0892.jpg,106442,meningioma,meningioma,1,0.999984,1,0,0.000010,0.999984,0.000005,0.000000
data_rand_fold1/Testing/meningioma/Tr-me_0901.jpg,109968,meningioma,meningioma,1,0.999999,1,0,0.000000,0.999999,0.000001,0.000001
data_rand_fold1/Testing/meningioma/Tr-me_0906.jpg,88510,meningioma,meningioma,1,0.978957,1,0,0.007868,0.978957,0.012938,0.000237
data_rand_fold1/Testing/meningioma/Tr-me_0907.jpg,106720,meningioma,meningioma,1,0.999610,1,0,0.000010,0.999610,0.000371,0.000009
data_rand_fold1/Testing/meningioma/Tr-me_0909.jpg,102714,meningioma,meningioma,1,0.999394,1,0,0.000031,0.999394,0.000496,0.000079
data_rand_fold1/Testing/meningioma/Tr-me_0910.jpg,106720,meningioma,meningioma,1,0.996913,1,0,0.002978,0.996913,0.000094,0.000015
data_rand_fold1/Testing/meningioma/Tr-me_0920.jpg,107494,meningioma,meningioma,1,0.995933,1,0,0.002359,0.995933,0.001577,0.000132
data_rand_fold1/Testing/meningioma/Tr-me_0922.jpg,107494,meningioma,meningioma,1,0.999663,1,0,0.000266,0.999663,0.000054,0.000017
data_rand_fold1/Testing/meningioma/Tr-me_0924.jpg,108514,meningioma,meningioma,1,0.992427,1,0,0.007449,0.992427,0.000111,0.000014
data_rand_fold1/Testing/meningioma/Tr-me_0925.jpg,108514,meningioma,meningioma,1,0.978290,1,0,0.021412,0.978290,0.000243,0.000056
data_rand_fold1/Testing/meningioma/Tr-me_0943.jpg,111077,meningioma,meningioma,1,0.999961,1,0,0.000011,0.999961,0.000021,0.000007
data_rand_fold1/Testing/meningioma/Tr-me_0944.jpg,111077,meningioma,meningioma,1,0.999948,1,0,0.000026,0.999948,0.000020,0.000006
data_rand_fold1/Testing/meningioma/Tr-me_0946.jpg,111366,meningioma,meningioma,1,0.999802,1,0,0.000007,0.999802,0.000182,0.000010
data_rand_fold1/Testing/meningioma/Tr-me_0960.jpg,103673,meningioma,meningioma,1,0.993395,1,0,0.000086,0.993395,0.002633,0.003886
data_rand_fold1/Testing/meningioma/Tr-me_0962.jpg,112552,meningioma,meningioma,1,0.999313,1,0,0.000285,0.999313,0.000381,0.000020
data_rand_fold1/Testing/meningioma/Tr-me_0964.jpg,112552,meningioma,meningioma,1,0.999966,1,0,0.000005,0.999966,0.000020,0.000009
data_rand_fold1/Testing/meningioma/Tr-me_0969.jpg,112648,meningioma,meningioma,1,0.999765,1,0,0.000227,0.999765,0.000005,0.000002
data_rand_fold1/Testing/meningioma/Tr-me_0979.jpg,113805,meningioma,meningioma,1,0.924790,1,0,0.072428,0.924790,0.002585,0.000197
data_rand_fold1/Testing/meningioma/Tr-me_0980.jpg,113805,meningioma,meningioma,1,0.995962,1,0,0.003565,0.995962,0.000386,0.000088
data_rand_fold1/Testing/meningioma/Tr-me_0981.jpg,114018,meningioma,meningioma,1,0.999469,1,0,0.000288,0.999469,0.000115,0.000128
data_rand_fold1/Testing/meningioma/Tr-me_0987.jpg,114359,meningioma,meningioma,1,0.999998,1,0,0.000001,0.999998,0.000001,0.000000
data_rand_fold1/Testing/meningioma/Tr-me_1004.jpg,97943,meningioma,meningioma,1,0.502465,1,0,0.494434,0.502465,0.003094,0.000007
data_rand_fold1/Testing/meningioma/Tr-me_1007.jpg,98241,meningioma,meningioma,1,0.999888,1,0,0.000024,0.999888,0.000057,0.000031
data_rand_fold1/Testing/meningioma/Tr-me_1009.jpg,98241,meningioma,meningioma,1,0.999181,1,0,0.000527,0.999181,0.000219,0.000074
data_rand_fold1/Testing/meningioma/Tr-me_1011.jpg,99017,meningioma,meningioma,1,0.999719,1,0,0.000162,0.999719,0.000035,0.000083
data_rand_fold1/Testing/meningioma/Tr-me_1021.jpg,100360,meningioma,meningioma,1,0.999828,1,0,0.000029,0.999828,0.000049,0.000094
data_rand_fold1/Testing/meningioma/Tr-me_1027.jpg,100639,meningioma,meningioma,1,0.998720,1,0,0.001132,0.998720,0.000074,0.000075
data_rand_fold1/Testing/meningioma/Tr-me_1035.jpg,104167,meningioma,meningioma,1,0.999974,1,0,0.000010,0.999974,0.000010,0.000006
data_rand_fold1/Testing/meningioma/Tr-me_1053.jpg,102714,meningioma,meningioma,1,0.999824,1,0,0.000112,0.999824,0.000059,0.000004
data_rand_fold1/Testing/meningioma/Tr-me_1068.jpg,103673,meningioma,meningioma,1,0.999451,1,0,0.000013,0.999451,0.000134,0.000401
data_rand_fold1/Testing/meningioma/Tr-me_1072.jpg,103925,meningioma,meningioma,1,0.999898,1,0,0.000013,0.999898,0.000032,0.000058
data_rand_fold1/Testing/meningioma/Tr-me_1073.jpg,103925,meningioma,meningioma,1,0.999669,1,0,0.000208,0.999669,0.000004,0.000119
data_rand_fold1/Testing/meningioma/Tr-me_1085.jpg,105374,meningioma,meningioma,1,0.999988,1,0,0.000002,0.999988,0.000008,0.000002
data_rand_fold1/Testing/meningioma/Tr-me_1086.jpg,105555,meningioma,meningioma,1,0.984258,1,0,0.013352,0.984258,0.000849,0.001541
data_rand_fold1/Testing/meningioma/Tr-me_1092.jpg,106284,meningioma,meningioma,1,0.999772,1,0,0.000059,0.999772,0.000059,0.000110
data_rand_fold1/Testing/meningioma/Tr-me_1099.jpg,106665,meningioma,meningioma,1,0.999992,1,0,0.000001,0.999992,0.000007,0.000001
data_rand_fold1/Testing/meningioma/Tr-me_1116.jpg,107248,meningioma,meningioma,1,0.999897,1,0,0.000003,0.999897,0.000016,0.000083
data_rand_fold1/Testing/meningioma/Tr-me_1118.jpg,107494,meningioma,meningioma,1,0.999847,1,0,0.000118,0.999847,0.000004,0.000031
data_rand_fold1/Testing/meningioma/Tr-me_1119.jpg,107494,meningioma,meningioma,1,0.998068,1,0,0.000946,0.998068,0.000397,0.000589
data_rand_fold1/Testing/meningioma/Tr-me_1121.jpg,107946,meningioma,meningioma,1,0.999863,1,0,0.000105,0.999863,0.000031,0.000001
data_rand_fold1/Testing/meningioma/Tr-me_1126.jpg,108514,meningioma,meningioma,1,0.999826,1,0,0.000139,0.999826,0.000030,0.000006
data_rand_fold1/Testing/meningioma/Tr-me_1127.jpg,108514,meningioma,meningioma,1,0.999987,1,0,0.000000,0.999987,0.000010,0.000003
data_rand_fold1/Testing/meningioma/Tr-me_1129.jpg,105374,meningioma,meningioma,1,0.999855,1,0,0.000015,0.999855,0.000096,0.000034
data_rand_fold1/Testing/meningioma/Tr-me_1136.jpg,109350,meningioma,meningioma,1,0.995912,1,0,0.003271,0.995912,0.000354,0.000463
data_rand_fold1/Testing/meningioma/Tr-me_1143.jpg,111077,meningioma,meningioma,1,0.999999,1,0,0.000000,0.999999,0.000001,0.000000
data_rand_fold1/Testing/meningioma/Tr-me_1144.jpg,111077,meningioma,meningioma,1,0.999938,1,0,0.000044,0.999938,0.000017,0.000002
data_rand_fold1/Testing/meningioma/Tr-me_1154.jpg,105937,meningioma,meningioma,1,0.999984,1,0,0.000001,0.999984,0.000004,0.000011
data_rand_fold1/Testing/meningioma/Tr-me_1160.jpg,112252,meningioma,meningioma,1,0.968686,1,0,0.008798,0.968686,0.019261,0.003255
data_rand_fold1/Testing/meningioma/Tr-me_1167.jpg,112648,meningioma,meningioma,1,0.990351,1,0,0.009028,0.990351,0.000573,0.000049
data_rand_fold1/Testing/meningioma/Tr-me_1168.jpg,112648,meningioma,meningioma,1,0.999946,1,0,0.000029,0.999946,0.000009,0.000016
data_rand_fold1/Testing/meningioma/Tr-me_1184.jpg,113614,meningioma,meningioma,1,1.000000,1,0,0.000000,1.000000,0.000000,0.000000
data_rand_fold1/Testing/meningioma/Tr-me_1189.jpg,114018,meningioma,meningioma,1,0.997595,1,0,0.000211,0.997595,0.000409,0.001784
data_rand_fold1/Testing/meningioma/Tr-me_1190.jpg,114018,meningioma,meningioma,1,0.998103,1,0,0.000020,0.998103,0.000071,0.001806
data_rand_fold1/Testing/meningioma/Tr-me_1198.jpg,114359,meningioma,meningioma,1,0.999974,1,0,0.000021,0.999974,0.000004,0.000001
data_rand_fold1/Testing/meningioma/Tr-me_1204.jpg,97374,meningioma,meningioma,1,0.999999,1,0,0.000000,0.999999,0.000001,0.000000
data_rand_fold1/Testing/meningioma/Tr-me_1209.jpg,97607,meningioma,meningioma,1,0.999959,1,0,0.000002,0.999959,0.000005,0.000035
data_rand_fold1/Testing/meningioma/Tr-me_1211.jpg,97737,meningioma,meningioma,1,0.999962,1,0,0.000007,0.999962,0.000025,0.000006
data_rand_fold1/Testing/meningioma/Tr-me_1215.jpg,97737,meningioma,meningioma,1,0.999994,1,0,0.000001,0.999994,0.000004,0.000002
data_rand_fold1/Testing/meningioma/Tr-me_1219.jpg,97943,meningioma,meningioma,1,0.999994,1,0,0.000000,0.999994,0.000006,0.000000
data_rand_fold1/Testing/meningioma/Tr-me_1222.jpg,98241,meningioma,meningioma,1,0.999990,1,0,0.000000,0.999990,0.000005,0.000004
data_rand_fold1/Testing/meningioma/Tr-me_1223.jpg,98241,meningioma,meningioma,1,0.999850,1,0,0.000009,0.999850,0.000045,0.000096
data_rand_fold1/Testing/meningioma/Tr-me_1224.jpg,98241,meningioma,meningioma,1,0.999914,1,0,0.000007,0.999914,0.000038,0.000041
data_rand_fold1/Testing/meningioma/Tr-me_1245.jpg,99815,meningioma,meningioma,1,0.999999,1,0,0.000000,0.999999,0.000001,0.000000
data_rand_fold1/Testing/meningioma/Tr-me_1253.jpg,106665,meningioma,meningioma,1,0.999995,1,0,0.000002,0.999995,0.000003,0.000001
data_rand_fold1/Testing/meningioma/Tr-me_1257.jpg,106720,meningioma,meningioma,1,0.999998,1,0,0.000001,0.999998,0.000001,0.000000
data_rand_fold1/Testing/meningioma/Tr-me_1261.jpg,106914,meningioma,meningioma,1,0.999997,1,0,0.000000,0.999997,0.000001,0.000002
data_rand_fold1/Testing/meningioma/Tr-me_1266.jpg,107248,meningioma,meningioma,1,0.997272,1,0,0.000126,0.997272,0.002198,0.000405
data_rand_fold1/Testing/meningioma/Tr-me_1278.jpg,111532,meningioma,meningioma,1,0.999907,1,0,0.000067,0.999907,0.000023,0.000003
data_rand_fold1/Testing/meningioma/Tr-me_1281.jpg,111532,meningioma,meningioma,1,0.999994,1,0,0.000003,0.999994,0.000003,0.000000
data_rand_fold1/Testing/meningioma/Tr-me_1300.jpg,112552,meningioma,meningioma,1,0.855639,1,0,0.144265,0.855639,0.000052,0.000044
data_rand_fold1/Testing/meningioma/Tr-me_1312.jpg,113554,meningioma,meningioma,1,0.999994,1,0,0.000001,0.999994,0.000005,0.000000
data_rand_fold1/Testing/meningioma/Tr-me_1316.jpg,114018,meningioma,meningioma,1,0.999955,1,0,0.000003,0.999955,0.000040,0.000002
data_rand_fold1/Testing/meningioma/Tr-me_1330.jpg,101127,meningioma,meningioma,1,0.999341,1,0,0.000078,0.999341,0.000557,0.000023
data_rand_fold1/Testing/notumor/Te-no_0123.jpg,nt953,notumor,notumor,1,1.000000,1,0,0.000000,0.000000,1.000000,0.000000
data_rand_fold1/Testing/notumor/Te-no_0125.jpg,nt1031,notumor,notumor,1,0.999982,1,0,0.000003,0.000005,0.999982,0.000009
data_rand_fold1/Testing/notumor/Te-no_0129.jpg,nt1033,notumor,notumor,1,0.999992,1,0,0.000002,0.000001,0.999992,0.000005
data_rand_fold1/Testing/notumor/Te-no_0132.jpg,nt962,notumor,notumor,1,0.999967,1,0,0.000021,0.000006,0.999967,0.000007
data_rand_fold1/Testing/notumor/Te-no_0138.jpg,nt969,notumor,notumor,1,0.999928,1,0,0.000003,0.000063,0.999928,0.000006
data_rand_fold1/Testing/notumor/Te-no_0139.jpg,nt446,notumor,notumor,1,0.999932,1,0,0.000053,0.000014,0.999932,0.000001
data_rand_fold1/Testing/notumor/Te-no_0142.jpg,nt868,notumor,notumor,1,0.999989,1,0,0.000009,0.000001,0.999989,0.000001
data_rand_fold1/Testing/notumor/Te-no_0149.jpg,nt1037,notumor,notumor,1,0.999945,1,0,0.000007,0.000047,0.999945,0.000002
data_rand_fold1/Testing/notumor/Te-no_0151.jpg,nt517,notumor,notumor,1,0.999989,1,0,0.000000,0.000004,0.999989,0.000006
data_rand_fold1/Testing/notumor/Te-no_0155.jpg,nt1039,notumor,notumor,1,0.999626,1,0,0.000021,0.000314,0.999626,0.000038
data_rand_fold1/Testing/notumor/Te-no_0157.jpg,nt1040,notumor,notumor,1,0.999995,1,0,0.000000,0.000003,0.999995,0.000002
data_rand_fold1/Testing/notumor/Te-no_0158.jpg,nt1041,notumor,notumor,1,0.999998,1,0,0.000000,0.000002,0.999998,0.000000
data_rand_fold1/Testing/notumor/Te-no_0160.jpg,nt559,notumor,notumor,1,0.999994,1,0,0.000000,0.000003,0.999994,0.000002
data_rand_fold1/Testing/notumor/Te-no_0161.jpg,nt560,notumor,notumor,1,0.999999,1,0,0.000000,0.000000,0.999999,0.000000
data_rand_fold1/Testing/notumor/Te-no_0169.jpg,nt1046,notumor,notumor,1,0.999938,1,0,0.000030,0.000023,0.999938,0.000009
data_rand_fold1/Testing/notumor/Te-no_0182.jpg,nt1053,notumor,notumor,1,0.999697,1,0,0.000009,0.000261,0.999697,0.000033
data_rand_fold1/Testing/notumor/Te-no_0187.jpg,nt999,notumor,notumor,1,0.999997,1,0,0.000001,0.000002,0.999997,0.000001
data_rand_fold1/Testing/notumor/Te-no_0191.jpg,nt1023,notumor,notumor,1,0.999749,1,0,0.000006,0.000236,0.999749,0.000009
data_rand_fold1/Testing/notumor/Te-no_0193.jpg,nt332,notumor,notumor,1,0.999998,1,0,0.000001,0.000001,0.999998,0.000001
data_rand_fold1/Testing/notumor/Te-no_0201.jpg,nt395,notumor,notumor,1,0.999833,1,0,0.000098,0.000063,0.999833,0.000006
data_rand_fold1/Testing/notumor/Te-no_0212.jpg,nt403,notumor,notumor,1,0.999995,1,0,0.000003,0.000001,0.999995,0.000002
data_rand_fold1/Testing/notumor/Te-no_0221.jpg,nt124,notumor,notumor,1,0.999991,1,0,0.000008,0.000001,0.999991,0.000000
data_rand_fold1/Testing/notumor/Te-no_0223.jpg,nt252,notumor,notumor,1,0.999632,1,0,0.000075,0.000275,0.999632,0.000018
data_rand_fold1/Testing/notumor/Te-no_0226.jpg,nt32,notumor,notumor,1,0.997565,1,0,0.000348,0.001490,0.997565,0.000597
data_rand_fold1/Testing/notumor/Te-no_0233.jpg,nt377,notumor,notumor,1,0.999998,1,0,0.000000,0.000001,0.999998,0.000000
data_rand_fold1/Testing/notumor/Te-no_0236.jpg,nt615,notumor,notumor,1,0.999813,1,0,0.000129,0.000031,0.999813,0.000028
data_rand_fold1/Testing/notumor/Te-no_0238.jpg,nt973,notumor,notumor,1,0.999977,1,0,0.000010,0.000002,0.999977,0.000011
data_rand_fold1/Testing/notumor/Te-no_0240.jpg,nt976,notumor,notumor,1,0.999876,1,0,0.000049,0.000073,0.999876,0.000003
data_rand_fold1/Testing/notumor/Te-no_0241.jpg,nt1033,notumor,notumor,1,0.999993,1,0,0.000002,0.000001,0.999993,0.000005
data_rand_fold1/Testing/notumor/Te-no_0245.jpg,nt1068,notumor,notumor,1,0.999267,1,0,0.000439,0.000276,0.999267,0.000018
data_rand_fold1/Testing/notumor/Te-no_0255.jpg,nt1073,notumor,notumor,1,0.999979,1,0,0.000001,0.000018,0.999979,0.000002
data_rand_fold1/Testing/notumor/Te-no_0260.jpg,nt1075,notumor,notumor,1,0.999982,1,0,0.000007,0.000008,0.999982,0.000004
data_rand_fold1/Testing/notumor/Te-no_0262.jpg,nt1076,notumor,notumor,1,0.998994,1,0,0.000002,0.000999,0.998994,0.000005
data_rand_fold1/Testing/notumor/Te-no_0263.jpg,nt365,notumor,notumor,1,0.999994,1,0,0.000000,0.000002,0.999994,0.000004
data_rand_fold1/Testing/notumor/Te-no_0265.jpg,nt1077,notumor,notumor,1,0.999988,1,0,0.000000,0.000010,0.999988,0.000002
data_rand_fold1/Testing/notumor/Te-no_0268.jpg,nt1080,notumor,notumor,1,0.999808,1,0,0.000012,0.000174,0.999808,0.000006
data_rand_fold1/Testing/notumor/Te-no_0271.jpg,nt1082,notumor,notumor,1,0.999855,1,0,0.000007,0.000129,0.999855,0.000010
data_rand_fold1/Testing/notumor/Te-no_0276.jpg,nt845,notumor,notumor,1,0.999922,1,0,0.000013,0.000012,0.999922,0.000053
data_rand_fold1/Testing/notumor/Te-no_0277.jpg,nt991,notumor,notumor,1,0.999990,1,0,0.000001,0.000007,0.999990,0.000002
data_rand_fold1/Testing/notumor/Te-no_0284.jpg,nt393,notumor,notumor,1,0.999994,1,0,0.000005,0.000000,0.999994,0.000001
data_rand_fold1/Testing/notumor/Te-no_0289.jpg,nt1092,notumor,notumor,1,0.999989,1,0,0.000000,0.000005,0.999989,0.000006
data_rand_fold1/Testing/notumor/Te-no_0294.jpg,nt1095,notumor,notumor,1,0.999897,1,0,0.000044,0.000048,0.999897,0.000011
data_rand_fold1/Testing/notumor/Te-no_0296.jpg,nt407,notumor,notumor,1,0.999303,1,0,0.000178,0.000512,0.999303,0.000007
data_rand_fold1/Testing/notumor/Te-no_0297.jpg,nt410,notumor,notumor,1,0.999961,1,0,0.000002,0.000035,0.999961,0.000002
data_rand_fold1/Testing/notumor/Te-no_0308.jpg,nt464,notumor,notumor,1,0.999985,1,0,0.000008,0.000005,0.999985,0.000001
data_rand_fold1/Testing/notumor/Te-no_0311.jpg,nt815,notumor,notumor,1,0.999988,1,0,0.000002,0.000007,0.999988,0.000003
data_rand_fold1/Testing/notumor/Te-no_0313.jpg,nt433,notumor,notumor,1,0.999786,1,0,0.000128,0.000035,0.999786,0.000051
data_rand_fold1/Testing/notumor/Te-no_0316.jpg,nt439,notumor,notumor,1,1.000000,1,0,0.000000,0.000000,1.000000,0.000000
data_rand_fold1/Testing/notumor/Te-no_0321.jpg,nt450,notumor,notumor,1,0.999992,1,0,0.000004,0.000004,0.999992,0.000001
data_rand_fold1/Testing/notumor/Te-no_0323.jpg,nt1078,notumor,notumor,1,0.999851,1,0,0.000012,0.000114,0.999851,0.000024
data_rand_fold1/Testing/notumor/Te-no_0326.jpg,nt551,notumor,notumor,1,0.999998,1,0,0.000001,0.000000,0.999998,0.000001
data_rand_fold1/Testing/notumor/Te-no_0329.jpg,nt1091,notumor,notumor,1,0.999971,1,0,0.000000,0.000024,0.999971,0.000004
data_rand_fold1/Testing/notumor/Te-no_0330.jpg,nt1024,notumor,notumor,1,0.999978,1,0,0.000002,0.000017,0.999978,0.000003
data_rand_fold1/Testing/notumor/Te-no_0331.jpg,nt1101,notumor,notumor,1,0.999882,1,0,0.000104,0.000012,0.999882,0.000002
data_rand_fold1/Testing/notumor/Te-no_0345.jpg,nt1104,notumor,notumor,1,0.999994,1,0,0.000001,0.000001,0.999994,0.000004
data_rand_fold1/Testing/notumor/Te-no_0349.jpg,nt359,notumor,notumor,1,0.999977,1,0,0.000003,0.000016,0.999977,0.000004
data_rand_fold1/Testing/notumor/Te-no_0350.jpg,nt1105,notumor,notumor,1,0.999504,1,0,0.000050,0.000284,0.999504,0.000163
data_rand_fold1/Testing/notumor/Te-no_0356.jpg,nt483,notumor,notumor,1,0.999914,1,0,0.000050,0.000007,0.999914,0.000030
data_rand_fold1/Testing/notumor/Te-no_0362.jpg,nt685,notumor,notumor,1,0.997849,1,0,0.000984,0.000475,0.997849,0.000692
data_rand_fold1/Testing/notumor/Te-no_0375.jpg,nt533,notumor,notumor,1,0.999931,1,0,0.000053,0.000009,0.999931,0.000007
data_rand_fold1/Testing/notumor/Te-no_0376.jpg,nt435,notumor,notumor,1,0.999990,1,0,0.000000,0.000009,0.999990,0.000001
data_rand_fold1/Testing/notumor/Te-no_0378.jpg,nt891,notumor,notumor,1,0.999457,1,0,0.000159,0.000377,0.999457,0.000008
data_rand_fold1/Testing/notumor/Te-no_0383.jpg,nt942,notumor,notumor,1,0.999992,1,0,0.000003,0.000004,0.999992,0.000001
data_rand_fold1/Testing/notumor/Te-no_0387.jpg,nt334,notumor,notumor,1,0.999926,1,0,0.000047,0.000026,0.999926,0.000001
data_rand_fold1/Testing/notumor/Te-no_0388.jpg,nt337,notumor,notumor,1,0.999937,1,0,0.000036,0.000021,0.999937,0.000005
data_rand_fold1/Testing/notumor/Te-no_0394.jpg,nt1098,notumor,notumor,1,0.999968,1,0,0.000006,0.000021,0.999968,0.000005
data_rand_fold1/Testing/notumor/Te-no_0399.jpg,nt1100,notumor,notumor,1,0.999923,1,0,0.000001,0.000029,0.999923,0.000047
data_rand_fold1/Testing/notumor/Te-no_0403.jpg,nt930,notumor,notumor,1,0.999862,1,0,0.000120,0.000018,0.999862,0.000001
data_rand_fold1/Testing/notumor/Te-no_0404.jpg,nt1101,notumor,notumor,1,0.999895,1,0,0.000093,0.000010,0.999895,0.000002
data_rand_fold1/Testing/notumor/Tr-noTr_0000.jpg,nt0,notumor,notumor,1,0.954126,1,0,0.000070,0.004994,0.954126,0.040810
data_rand_fold1/Testing/notumor/Tr-noTr_0002.jpg,nt2,notumor,notumor,1,0.999532,1,0,0.000021,0.000318,0.999532,0.000128
data_rand_fold1/Testing/notumor/Tr-noTr_0003.jpg,nt3,notumor,notumor,1,0.999423,1,0,0.000172,0.000230,0.999423,0.000175
data_rand_fold1/Testing/notumor/Tr-noTr_0005.jpg,nt5,notumor,notumor,1,0.999958,1,0,0.000031,0.000004,0.999958,0.000007
data_rand_fold1/Testing/notumor/Tr-noTr_0009.jpg,nt9,notumor,notumor,1,0.999982,1,0,0.000001,0.000009,0.999982,0.000008
data_rand_fold1/Testing/notumor/Tr-no_0010.jpg,nt10,notumor,notumor,1,0.977734,1,0,0.020026,0.002184,0.977734,0.000056
data_rand_fold1/Testing/notumor/Tr-no_0011.jpg,nt11,notumor,notumor,1,0.999947,1,0,0.000003,0.000005,0.999947,0.000045
data_rand_fold1/Testing/notumor/Tr-no_0019.jpg,nt17,notumor,notumor,1,0.999984,1,0,0.000001,0.000014,0.999984,0.000002
data_rand_fold1/Testing/notumor/Tr-no_0027.jpg,nt24,notumor,notumor,1,0.999997,1,0,0.000003,0.000001,0.999997,0.000000
data_rand_fold1/Testing/notumor/Tr-no_0033.jpg,nt29,notumor,notumor,1,0.999931,1,0,0.000006,0.000046,0.999931,0.000017
data_rand_fold1/Testing/notumor/Tr-no_0039.jpg,nt35,notumor,notumor,1,0.999995,1,0,0.000000,0.000001,0.999995,0.000003
data_rand_fold1/Testing/notumor/Tr-no_0043.jpg,nt39,notumor,notumor,1,0.999901,1,0,0.000002,0.000047,0.999901,0.000050
data_rand_fold1/Testing/notumor/Tr-no_0044.jpg,nt40,notumor,notumor,1,0.999992,1,0,0.000001,0.000005,0.999992,0.000002
data_rand_fold1/Testing/notumor/Tr-no_0047.jpg,nt43,notumor,notumor,1,0.996483,1,0,0.000122,0.003276,0.996483,0.000119
data_rand_fold1/Testing/notumor/Tr-no_0049.jpg,nt45,notumor,notumor,1,0.991311,1,0,0.000146,0.008444,0.991311,0.000098
data_rand_fold1/Testing/notumor/Tr-no_0051.jpg,nt47,notumor,notumor,1,0.999946,1,0,0.000014,0.000035,0.999946,0.000005
data_rand_fold1/Testing/notumor/Tr-no_0055.jpg,nt51,notumor,notumor,1,0.999293,1,0,0.000051,0.000482,0.999293,0.000174
data_rand_fold1/Testing/notumor/Tr-no_0076.jpg,nt71,notumor,notumor,1,0.677827,1,0,0.003869,0.273241,0.677827,0.045063
data_rand_fold1/Testing/notumor/Tr-no_0085.jpg,nt75,notumor,pituitary,0,0.867418,1,0,0.000100,0.000541,0.131941,0.867418
data_rand_fold1/Testing/notumor/Tr-no_0091.jpg,nt81,notumor,glioma,0,0.506830,1,0,0.506830,0.105123,0.373498,0.014549
data_rand_fold1/Testing/notumor/Tr-no_0092.jpg,nt82,notumor,notumor,1,0.999969,1,0,0.000000,0.000024,0.999969,0.000007
data_rand_fold1/Testing/notumor/Tr-no_0096.jpg,nt86,notumor,notumor,1,0.998143,1,0,0.000108,0.000948,0.998143,0.000801
data_rand_fold1/Testing/notumor/Tr-no_0121.jpg,nt110,notumor,notumor,1,0.999537,1,0,0.000002,0.000437,0.999537,0.000024
data_rand_fold1/Testing/notumor/Tr-no_0128.jpg,nt114,notumor,notumor,1,0.999211,1,0,0.000013,0.000743,0.999211,0.000033
data_rand_fold1/Testing/notumor/Tr-no_0145.jpg,nt125,notumor,notumor,1,0.999993,1,0,0.000000,0.000002,0.999993,0.000004
data_rand_fold1/Testing/notumor/Tr-no_0148.jpg,nt128,notumor,notumor,1,0.999988,1,0,0.000002,0.000001,0.999988,0.000009
data_rand_fold1/Testing/notumor/Tr-no_0151.jpg,nt130,notumor,notumor,1,0.999940,1,0,0.000042,0.000016,0.999940,0.000001
data_rand_fold1/Testing/notumor/Tr-no_0154.jpg,nt133,notumor,notumor,1,0.998787,1,0,0.000064,0.001121,0.998787,0.000028
data_rand_fold1/Testing/notumor/Tr-no_0160.jpg,nt138,notumor,notumor,1,0.999980,1,0,0.000002,0.000009,0.999980,0.000009
data_rand_fold1/Testing/notumor/Tr-no_0165.jpg,nt142,notumor,notumor,1,0.999994,1,0,0.000003,0.000003,0.999994,0.000001
data_rand_fold1/Testing/notumor/Tr-no_0166.jpg,nt143,notumor,notumor,1,0.999998,1,0,0.000000,0.000001,0.999998,0.000001
data_rand_fold1/Testing/notumor/Tr-no_0170.jpg,nt147,notumor,notumor,1,0.999865,1,0,0.000016,0.000033,0.999865,0.000087
data_rand_fold1/Testing/notumor/Tr-no_0178.jpg,nt155,notumor,notumor,1,0.999961,1,0,0.000030,0.000009,0.999961,0.000001
data_rand_fold1/Testing/notumor/Tr-no_0184.jpg,nt158,notumor,notumor,1,0.999793,1,0,0.000001,0.000197,0.999793,0.000009
data_rand_fold1/Testing/notumor/Tr-no_0199.jpg,nt170,notumor,notumor,1,0.999908,1,0,0.000023,0.000027,0.999908,0.000043
data_rand_fold1/Testing/notumor/Tr-no_0201.jpg,nt171,notumor,notumor,1,0.999090,1,0,0.000010,0.000808,0.999090,0.000092
data_rand_fold1/Testing/notumor/Tr-no_0204.jpg,nt174,notumor,notumor,1,0.999992,1,0,0.000000,0.000006,0.999992,0.000001
data_rand_fold1/Testing/notumor/Tr-no_0209.jpg,nt179,notumor,glioma,0,0.833096,1,0,0.833096,0.012162,0.154613,0.000129
data_rand_fold1/Testing/notumor/Tr-no_0221.jpg,nt189,notumor,notumor,1,0.999999,1,0,0.000000,0.000000,0.999999,0.000000
data_rand_fold1/Testing/notumor/Tr-no_0247.jpg,nt205,notumor,notumor,1,0.999997,1,0,0.000001,0.000003,0.999997,0.000000
data_rand_fold1/Testing/notumor/Tr-no_0251.jpg,nt209,notumor,notumor,1,0.999897,1,0,0.000055,0.000005,0.999897,0.000043
data_rand_fold1/Testing/notumor/Tr-no_0254.jpg,nt212,notumor,notumor,1,0.936269,1,0,0.000107,0.063597,0.936269,0.000027
data_rand_fold1/Testing/notumor/Tr-no_0258.jpg,nt215,notumor,notumor,1,0.996359,1,0,0.001212,0.002029,0.996359,0.000400
data_rand_fold1/Testing/notumor/Tr-no_0275.jpg,nt229,notumor,notumor,1,0.997058,1,0,0.000086,0.002747,0.997058,0.000109
data_rand_fold1/Testing/notumor/Tr-no_0278.jpg,nt231,notumor,notumor,1,0.999565,1,0,0.000047,0.000374,0.999565,0.000013
data_rand_fold1/Testing/notumor/Tr-no_0289.jpg,nt240,notumor,notumor,1,0.999694,1,0,0.000007,0.000282,0.999694,0.000016
data_rand_fold1/Testing/notumor/Tr-no_0290.jpg,nt241,notumor,notumor,1,0.999149,1,0,0.000001,0.000085,0.999149,0.000765
data_rand_fold1/Testing/notumor/Tr-no_0297.jpg,nt246,notumor,notumor,1,0.999020,1,0,0.000140,0.000832,0.999020,0.000009
data_rand_fold1/Testing/notumor/Tr-no_0300.jpg,nt248,notumor,notumor,1,0.999993,1,0,0.000000,0.000001,0.999993,0.000006
data_rand_fold1/Testing/notumor/Tr-no_0308.jpg,nt256,notumor,notumor,1,0.999908,1,0,0.000024,0.000058,0.999908,0.000010
data_rand_fold1/Testing/notumor/Tr-no_0315.jpg,nt263,notumor,notumor,1,0.999781,1,0,0.000023,0.000147,0.999781,0.000048
data_rand_fold1/Testing/notumor/Tr-no_0318.jpg,nt265,notumor,notumor,1,0.999327,1,0,0.000011,0.000653,0.999327,0.000009
data_rand_fold1/Testing/notumor/Tr-no_0323.jpg,nt270,notumor,notumor,1,0.999829,1,0,0.000026,0.000113,0.999829,0.000032
data_rand_fold1/Testing/notumor/Tr-no_0333.jpg,nt274,notumor,meningioma,0,0.923034,1,0,0.012152,0.923034,0.064701,0.000114
data_rand_fold1/Testing/notumor/Tr-no_0358.jpg,nt286,notumor,notumor,1,0.546030,1,0,0.452327,0.001623,0.546030,0.000020
data_rand_fold1/Testing/notumor/Tr-no_0364.jpg,nt62,notumor,notumor,1,0.999740,1,0,0.000008,0.000248,0.999740,0.000003
data_rand_fold1/Testing/notumor/Tr-no_0376.jpg,nt292,notumor,notumor,1,0.999858,1,0,0.000005,0.000056,0.999858,0.000081
data_rand_fold1/Testing/notumor/Tr-no_0379.jpg,nt295,notumor,notumor,1,0.999076,1,0,0.000001,0.000683,0.999076,0.000240
data_rand_fold1/Testing/notumor/Tr-no_0381.jpg,nt297,notumor,notumor,1,0.999780,1,0,0.000002,0.000187,0.999780,0.000032
data_rand_fold1/Testing/notumor/Tr-no_0384.jpg,nt300,notumor,notumor,1,0.999860,1,0,0.000018,0.000116,0.999860,0.000006
data_rand_fold1/Testing/notumor/Tr-no_0388.jpg,nt304,notumor,notumor,1,0.973176,1,0,0.000093,0.025947,0.973176,0.000784
data_rand_fold1/Testing/notumor/Tr-no_0390.jpg,nt306,notumor,notumor,1,0.999852,1,0,0.000000,0.000141,0.999852,0.000007
data_rand_fold1/Testing/notumor/Tr-no_0391.jpg,nt307,notumor,notumor,1,0.995225,1,0,0.000200,0.004386,0.995225,0.000188
data_rand_fold1/Testing/notumor/Tr-no_0393.jpg,nt309,notumor,notumor,1,0.999846,1,0,0.000000,0.000152,0.999846,0.000002
data_rand_fold1/Testing/notumor/Tr-no_0405.jpg,nt320,notumor,notumor,1,0.999997,1,0,0.000001,0.000002,0.999997,0.000000
data_rand_fold1/Testing/notumor/Tr-no_0414.jpg,nt329,notumor,notumor,1,0.999995,1,0,0.000000,0.000004,0.999995,0.000000
data_rand_fold1/Testing/notumor/Tr-no_0421.jpg,nt335,notumor,notumor,1,0.999985,1,0,0.000009,0.000002,0.999985,0.000003
data_rand_fold1/Testing/notumor/Tr-no_0423.jpg,nt337,notumor,notumor,1,0.999933,1,0,0.000037,0.000024,0.999933,0.000006
data_rand_fold1/Testing/notumor/Tr-no_0424.jpg,nt338,notumor,notumor,1,0.999984,1,0,0.000004,0.000011,0.999984,0.000001
data_rand_fold1/Testing/notumor/Tr-no_0436.jpg,nt350,notumor,notumor,1,0.999991,1,0,0.000001,0.000007,0.999991,0.000002
data_rand_fold1/Testing/notumor/Tr-no_0438.jpg,nt352,notumor,notumor,1,0.999723,1,0,0.000017,0.000238,0.999723,0.000022
data_rand_fold1/Testing/notumor/Tr-no_0439.jpg,nt353,notumor,notumor,1,0.999990,1,0,0.000008,0.000001,0.999990,0.000000
data_rand_fold1/Testing/notumor/Tr-no_0442.jpg,nt356,notumor,notumor,1,0.999996,1,0,0.000003,0.000000,0.999996,0.000000
data_rand_fold1/Testing/notumor/Tr-no_0443.jpg,nt357,notumor,notumor,1,0.999970,1,0,0.000001,0.000019,0.999970,0.000010
data_rand_fold1/Testing/notumor/Tr-no_0444.jpg,nt358,notumor,notumor,1,0.999992,1,0,0.000006,0.000002,0.999992,0.000001
data_rand_fold1/Testing/notumor/Tr-no_0446.jpg,nt360,notumor,notumor,1,0.998872,1,0,0.000007,0.001061,0.998872,0.000060
data_rand_fold1/Testing/notumor/Tr-no_0453.jpg,nt367,notumor,notumor,1,0.999958,1,0,0.000026,0.000004,0.999958,0.000012
data_rand_fold1/Testing/notumor/Tr-no_0458.jpg,nt372,notumor,notumor,1,0.999995,1,0,0.000002,0.000001,0.999995,0.000002
data_rand_fold1/Testing/notumor/Tr-no_0460.jpg,nt374,notumor,notumor,1,0.999984,1,0,0.000002,0.000003,0.999984,0.000010
data_rand_fold1/Testing/notumor/Tr-no_0469.jpg,nt383,notumor,notumor,1,0.999998,1,0,0.000001,0.000000,0.999998,0.000001
data_rand_fold1/Testing/notumor/Tr-no_0471.jpg,nt385,notumor,notumor,1,0.999966,1,0,0.000001,0.000024,0.999966,0.000009
data_rand_fold1/Testing/notumor/Tr-no_0480.jpg,nt394,notumor,notumor,1,0.999996,1,0,0.000001,0.000003,0.999996,0.000001
data_rand_fold1/Testing/notumor/Tr-no_0492.jpg,nt406,notumor,notumor,1,0.999962,1,0,0.000033,0.000004,0.999962,0.000001
data_rand_fold1/Testing/notumor/Tr-no_0493.jpg,nt407,notumor,notumor,1,0.999067,1,0,0.000220,0.000705,0.999067,0.000009
data_rand_fold1/Testing/notumor/Tr-no_0494.jpg,nt408,notumor,notumor,1,0.999976,1,0,0.000002,0.000017,0.999976,0.000005
data_rand_fold1/Testing/notumor/Tr-no_0498.jpg,nt412,notumor,notumor,1,0.999937,1,0,0.000023,0.000035,0.999937,0.000005
data_rand_fold1/Testing/notumor/Tr-no_0499.jpg,nt413,notumor,notumor,1,0.999970,1,0,0.000001,0.000018,0.999970,0.000012
data_rand_fold1/Testing/notumor/Tr-no_0501.jpg,nt415,notumor,notumor,1,0.999984,1,0,0.000004,0.000009,0.999984,0.000003
data_rand_fold1/Testing/notumor/Tr-no_0518.jpg,nt432,notumor,notumor,1,0.999997,1,0,0.000000,0.000002,0.999997,0.000001
data_rand_fold1/Testing/notumor/Tr-no_0534.jpg,nt446,notumor,notumor,1,0.999936,1,0,0.000055,0.000009,0.999936,0.000001
data_rand_fold1/Testing/notumor/Tr-no_0548.jpg,nt138,notumor,notumor,1,0.999983,1,0,0.000002,0.000006,0.999983,0.000009
data_rand_fold1/Testing/notumor/Tr-no_0554.jpg,nt458,notumor,notumor,1,0.999985,1,0,0.000001,0.000014,0.999985,0.000000
data_rand_fold1/Testing/notumor/Tr-no_0556.jpg,nt460,notumor,notumor,1,0.999992,1,0,0.000006,0.000000,0.999992,0.000001
data_rand_fold1/Testing/notumor/Tr-no_0559.jpg,nt463,notumor,notumor,1,0.999990,1,0,0.000007,0.000001,0.999990,0.000002
data_rand_fold1/Testing/notumor/Tr-no_0563.jpg,nt467,notumor,notumor,1,0.999997,1,0,0.000002,0.000000,0.999997,0.000001
data_rand_fold1/Testing/notumor/Tr-no_0564.jpg,nt123,notumor,notumor,1,0.999725,1,0,0.000031,0.000034,0.999725,0.000209
data_rand_fold1/Testing/notumor/Tr-no_0578.jpg,nt476,notumor,notumor,1,0.999974,1,0,0.000008,0.000014,0.999974,0.000004
data_rand_fold1/Testing/notumor/Tr-no_0589.jpg,nt486,notumor,notumor,1,0.999990,1,0,0.000002,0.000001,0.999990,0.000006
data_rand_fold1/Testing/notumor/Tr-no_0596.jpg,nt492,notumor,notumor,1,0.999922,1,0,0.000001,0.000004,0.999922,0.000074
data_rand_fold1/Testing/notumor/Tr-no_0604.jpg,nt499,notumor,notumor,1,0.999993,1,0,0.000001,0.000004,0.999993,0.000001
data_rand_fold1/Testing/notumor/Tr-no_0608.jpg,nt503,notumor,notumor,1,0.999933,1,0,0.000021,0.000030,0.999933,0.000016
data_rand_fold1/Testing/notumor/Tr-no_0612.jpg,nt507,notumor,notumor,1,0.999928,1,0,0.000060,0.000009,0.999928,0.000003
data_rand_fold1/Testing/notumor/Tr-no_0626.jpg,nt520,notumor,notumor,1,0.999953,1,0,0.000000,0.000043,0.999953,0.000004
data_rand_fold1/Testing/notumor/Tr-no_0628.jpg,nt522,notumor,notumor,1,0.999912,1,0,0.000006,0.000051,0.999912,0.000030
data_rand_fold1/Testing/notumor/Tr-no_0633.jpg,nt367,notumor,notumor,1,0.999956,1,0,0.000027,0.000004,0.999956,0.000014
data_rand_fold1/Testing/notumor/Tr-no_0634.jpg,nt526,notumor,notumor,1,0.999997,1,0,0.000000,0.000002,0.999997,0.000001
data_rand_fold1/Testing/notumor/Tr-no_0636.jpg,nt528,notumor,notumor,1,0.999992,1,0,0.000003,0.000003,0.999992,0.000002
data_rand_fold1/Testing/notumor/Tr-no_0642.jpg,nt533,notumor,notumor,1,0.999950,1,0,0.000036,0.000008,0.999950,0.000005
data_rand_fold1/Testing/notumor/Tr-no_0645.jpg,nt535,notumor,notumor,1,0.999966,1,0,0.000004,0.000014,0.999966,0.000016
data_rand_fold1/Testing/notumor/Tr-no_0648.jpg,nt538,notumor,notumor,1,0.999992,1,0,0.000001,0.000005,0.999992,0.000002
data_rand_fold1/Testing/notumor/Tr-no_0658.jpg,nt401,notumor,notumor,1,0.999998,1,0,0.000000,0.000001,0.999998,0.000001
data_rand_fold1/Testing/notumor/Tr-no_0659.jpg,nt546,notumor,notumor,1,0.999971,1,0,0.000000,0.000021,0.999971,0.000008
data_rand_fold1/Testing/notumor/Tr-no_0661.jpg,nt547,notumor,notumor,1,0.999986,1,0,0.000001,0.000007,0.999986,0.000006
data_rand_fold1/Testing/notumor/Tr-no_0671.jpg,nt557,notumor,notumor,1,0.999998,1,0,0.000001,0.000000,0.999998,0.000001
data_rand_fold1/Testing/notumor/Tr-no_0674.jpg,nt560,notumor,notumor,1,0.999999,1,0,0.000000,0.000001,0.999999,0.000000
data_rand_fold1/Testing/notumor/Tr-no_0676.jpg,nt561,notumor,notumor,1,0.999996,1,0,0.000000,0.000001,0.999996,0.000002
data_rand_fold1/Testing/notumor/Tr-no_0680.jpg,nt565,notumor,notumor,1,0.999997,1,0,0.000001,0.000001,0.999997,0.000001
data_rand_fold1/Testing/notumor/Tr-no_0683.jpg,nt567,notumor,notumor,1,0.999738,1,0,0.000008,0.000209,0.999738,0.000046
data_rand_fold1/Testing/notumor/Tr-no_0686.jpg,nt570,notumor,notumor,1,0.999990,1,0,0.000000,0.000008,0.999990,0.000002
data_rand_fold1/Testing/notumor/Tr-no_0689.jpg,nt573,notumor,notumor,1,0.999980,1,0,0.000001,0.000015,0.999980,0.000004
data_rand_fold1/Testing/notumor/Tr-no_0695.jpg,nt132,notumor,notumor,1,0.999999,1,0,0.000001,0.000000,0.999999,0.000000
data_rand_fold1/Testing/notumor/Tr-no_0697.jpg,nt578,notumor,notumor,1,0.999997,1,0,0.000000,0.000000,0.999997,0.000002
data_rand_fold1/Testing/notumor/Tr-no_0698.jpg,nt140,notumor,notumor,1,0.999997,1,0,0.000000,0.000001,0.999997,0.000001
data_rand_fold1/Testing/notumor/Tr-no_0705.jpg,nt155,notumor,notumor,1,0.999952,1,0,0.000035,0.000012,0.999952,0.000001
data_rand_fold1/Testing/notumor/Tr-no_0714.jpg,nt585,notumor,notumor,1,0.999997,1,0,0.000003,0.000000,0.999997,0.000000
data_rand_fold1/Testing/notumor/Tr-no_0720.jpg,nt438,notumor,notumor,1,0.999994,1,0,0.000000,0.000002,0.999994,0.000004
data_rand_fold1/Testing/notumor/Tr-no_0734.jpg,nt597,notumor,notumor,1,0.999924,1,0,0.000006,0.000010,0.999924,0.000060
data_rand_fold1/Testing/notumor/Tr-no_0757.jpg,nt618,notumor,notumor,1,0.999972,1,0,0.000004,0.000007,0.999972,0.000017
data_rand_fold1/Testing/notumor/Tr-no_0758.jpg,nt619,notumor,notumor,1,0.999542,1,0,0.000049,0.000069,0.999542,0.000340
data_rand_fold1/Testing/notumor/Tr-no_0780.jpg,nt638,notumor,notumor,1,0.999999,1,0,0.000000,0.000000,0.999999,0.000001
data_rand_fold1/Testing/notumor/Tr-no_0784.jpg,nt642,notumor,notumor,1,0.999995,1,0,0.000002,0.000001,0.999995,0.000003
data_rand_fold1/Testing/notumor/Tr-no_0789.jpg,nt646,notumor,notumor,1,0.999992,1,0,0.000004,0.000002,0.999992,0.000002
data_rand_fold1/Testing/notumor/Tr-no_0806.jpg,nt661,notumor,notumor,1,0.999983,1,0,0.000001,0.000006,0.999983,0.000010
data_rand_fold1/Testing/notumor/Tr-no_0809.jpg,nt664,notumor,notumor,1,0.999992,1,0,0.000000,0.000001,0.999992,0.000007
data_rand_fold1/Testing/notumor/Tr-no_0814.jpg,nt669,notumor,notumor,1,0.999997,1,0,0.000001,0.000001,0.999997,0.000001
data_rand_fold1/Testing/notumor/Tr-no_0828.jpg,nt458,notumor,notumor,1,0.999980,1,0,0.000002,0.000018,0.999980,0.000001
data_rand_fold1/Testing/notumor/Tr-no_0831.jpg,nt684,notumor,notumor,1,0.999985,1,0,0.000003,0.000003,0.999985,0.000009
data_rand_fold1/Testing/notumor/Tr-no_0848.jpg,nt700,notumor,notumor,1,0.999984,1,0,0.000001,0.000001,0.999984,0.000015
data_rand_fold1/Testing/notumor/Tr-no_0849.jpg,nt701,notumor,notumor,1,0.999913,1,0,0.000045,0.000015,0.999913,0.000027
data_rand_fold1/Testing/notumor/Tr-no_0856.jpg,nt708,notumor,notumor,1,0.999901,1,0,0.000014,0.000035,0.999901,0.000050
data_rand_fold1/Testing/notumor/Tr-no_0859.jpg,nt711,notumor,notumor,1,0.999994,1,0,0.000001,0.000001,0.999994,0.000005
data_rand_fold1/Testing/notumor/Tr-no_0863.jpg,nt715,notumor,notumor,1,0.999993,1,0,0.000002,0.000002,0.999993,0.000002
data_rand_fold1/Testing/notumor/Tr-no_0864.jpg,nt152,notumor,notumor,1,0.999992,1,0,0.000006,0.000001,0.999992,0.000001
data_rand_fold1/Testing/notumor/Tr-no_0865.jpg,nt716,notumor,notumor,1,0.999323,1,0,0.000078,0.000566,0.999323,0.000033
data_rand_fold1/Testing/notumor/Tr-no_0874.jpg,nt725,notumor,notumor,1,0.999994,1,0,0.000000,0.000000,0.999994,0.000006
data_rand_fold1/Testing/notumor/Tr-no_0877.jpg,nt153,notumor,notumor,1,0.999991,1,0,0.000001,0.000008,0.999991,0.000001
data_rand_fold1/Testing/notumor/Tr-no_0883.jpg,nt732,notumor,notumor,1,0.999942,1,0,0.000002,0.000000,0.999942,0.000056
data_rand_fold1/Testing/notumor/Tr-no_0894.jpg,nt741,notumor,notumor,1,0.999999,1,0,0.000000,0.000000,0.999999,0.000000
data_rand_fold1/Testing/notumor/Tr-no_0900.jpg,nt746,notumor,notumor,1,0.999996,1,0,0.000000,0.000000,0.999996,0.000003
data_rand_fold1/Testing/notumor/Tr-no_0901.jpg,nt747,notumor,notumor,1,0.999979,1,0,0.000002,0.000004,0.999979,0.000015
data_rand_fold1/Testing/notumor/Tr-no_0906.jpg,nt751,notumor,notumor,1,0.998337,1,0,0.001232,0.000034,0.998337,0.000396
data_rand_fold1/Testing/notumor/Tr-no_0914.jpg,nt758,notumor,notumor,1,0.999875,1,0,0.000027,0.000094,0.999875,0.000003
data_rand_fold1/Testing/notumor/Tr-no_0918.jpg,nt762,notumor,notumor,1,0.999995,1,0,0.000002,0.000000,0.999995,0.000003
data_rand_fold1/Testing/notumor/Tr-no_0923.jpg,nt766,notumor,notumor,1,0.999975,1,0,0.000001,0.000000,0.999975,0.000024
data_rand_fold1/Testing/notumor/Tr-no_0927.jpg,nt769,notumor,notumor,1,0.999823,1,0,0.000113,0.000040,0.999823,0.000024
data_rand_fold1/Testing/notumor/Tr-no_0929.jpg,nt771,notumor,notumor,1,0.999972,1,0,0.000012,0.000002,0.999972,0.000015
data_rand_fold1/Testing/notumor/Tr-no_0931.jpg,nt773,notumor,notumor,1,0.999993,1,0,0.000004,0.000002,0.999993,0.000001
data_rand_fold1/Testing/notumor/Tr-no_0935.jpg,nt776,notumor,notumor,1,0.999855,1,0,0.000037,0.000029,0.999855,0.000079
data_rand_fold1/Testing/notumor/Tr-no_0937.jpg,nt778,notumor,notumor,1,0.999806,1,0,0.000007,0.000042,0.999806,0.000146
data_rand_fold1/Testing/notumor/Tr-no_0953.jpg,nt791,notumor,notumor,1,0.999988,1,0,0.000007,0.000001,0.999988,0.000003
data_rand_fold1/Testing/notumor/Tr-no_0957.jpg,nt795,notumor,notumor,1,0.999635,1,0,0.000010,0.000079,0.999635,0.000277
data_rand_fold1/Testing/notumor/Tr-no_0965.jpg,nt128,notumor,notumor,1,0.999986,1,0,0.000001,0.000002,0.999986,0.000011
data_rand_fold1/Testing/notumor/Tr-no_0972.jpg,nt140,notumor,notumor,1,0.999997,1,0,0.000000,0.000001,0.999997,0.000002
data_rand_fold1/Testing/notumor/Tr-no_0983.jpg,nt121,notumor,notumor,1,0.999996,1,0,0.000001,0.000001,0.999996,0.000002
data_rand_fold1/Testing/notumor/Tr-no_0986.jpg,nt800,notumor,notumor,1,0.999350,1,0,0.000002,0.000369,0.999350,0.000279
data_rand_fold1/Testing/notumor/Tr-no_0988.jpg,nt170,notumor,notumor,1,0.999954,1,0,0.000010,0.000012,0.999954,0.000024
data_rand_fold1/Testing/notumor/Tr-no_0990.jpg,nt801,notumor,notumor,1,0.999172,1,0,0.000034,0.000508,0.999172,0.000286
data_rand_fold1/Testing/notumor/Tr-no_1007.jpg,nt248,notumor,notumor,1,0.999993,1,0,0.000000,0.000001,0.999993,0.000006
data_rand_fold1/Testing/notumor/Tr-no_1025.jpg,nt468,notumor,notumor,1,0.999985,1,0,0.000002,0.000009,0.999985,0.000004
data_rand_fold1/Testing/notumor/Tr-no_1034.jpg,nt465,notumor,notumor,1,0.999999,1,0,0.000000,0.000001,0.999999,0.000000
data_rand_fold1/Testing/notumor/Tr-no_1041.jpg,nt168,notumor,notumor,1,0.999981,1,0,0.000002,0.000004,0.999981,0.000012
data_rand_fold1/Testing/notumor/Tr-no_1042.jpg,nt813,notumor,notumor,1,0.999988,1,0,0.000006,0.000005,0.999988,0.000001
data_rand_fold1/Testing/notumor/Tr-no_1043.jpg,nt124,notumor,notumor,1,0.999993,1,0,0.000006,0.000000,0.999993,0.000000
data_rand_fold1/Testing/notumor/Tr-no_1048.jpg,nt125,notumor,notumor,1,0.999993,1,0,0.000000,0.000003,0.999993,0.000004
data_rand_fold1/Testing/notumor/Tr-no_1061.jpg,nt816,notumor,notumor,1,0.999998,1,0,0.000001,0.000001,0.999998,0.000000
data_rand_fold1/Testing/notumor/Tr-no_1086.jpg,nt818,notumor,notumor,1,0.998175,1,0,0.000006,0.000423,0.998175,0.001395
data_rand_fold1/Testing/notumor/Tr-no_1087.jpg,nt248,notumor,notumor,1,0.999997,1,0,0.000000,0.000001,0.999997,0.000003
data_rand_fold1/Testing/notumor/Tr-no_1097.jpg,nt819,notumor,notumor,1,0.999997,1,0,0.000001,0.000001,0.999997,0.000001
data_rand_fold1/Testing/notumor/Tr-no_1105.jpg,nt820,notumor,notumor,1,0.999989,1,0,0.000001,0.000006,0.999989,0.000004
data_rand_fold1/Testing/notumor/Tr-no_1111.jpg,nt190,notumor,notumor,1,0.999981,1,0,0.000008,0.000006,0.999981,0.000005
data_rand_fold1/Testing/notumor/Tr-no_1136.jpg,nt121,notumor,notumor,1,0.999996,1,0,0.000001,0.000002,0.999996,0.000002
data_rand_fold1/Testing/notumor/Tr-no_1167.jpg,nt152,notumor,notumor,1,0.999992,1,0,0.000006,0.000001,0.999992,0.000001
data_rand_fold1/Testing/notumor/Tr-no_1175.jpg,nt153,notumor,notumor,1,0.999987,1,0,0.000001,0.000011,0.999987,0.000001
data_rand_fold1/Testing/notumor/Tr-no_1190.jpg,nt124,notumor,notumor,1,0.999993,1,0,0.000006,0.000000,0.999993,0.000000
data_rand_fold1/Testing/notumor/Tr-no_1191.jpg,nt6,notumor,notumor,1,0.999990,1,0,0.000002,0.000005,0.999990,0.000004
data_rand_fold1/Testing/notumor/Tr-no_1196.jpg,nt826,notumor,notumor,1,0.999948,1,0,0.000000,0.000045,0.999948,0.000006
data_rand_fold1/Testing/notumor/Tr-no_1197.jpg,nt29,notumor,notumor,1,0.999932,1,0,0.000005,0.000050,0.999932,0.000013
data_rand_fold1/Testing/notumor/Tr-no_1202.jpg,nt389,notumor,notumor,1,0.999996,1,0,0.000002,0.000001,0.999996,0.000000
data_rand_fold1/Testing/notumor/Tr-no_1208.jpg,nt565,notumor,notumor,1,0.999997,1,0,0.000001,0.000001,0.999997,0.000001
data_rand_fold1/Testing/notumor/Tr-no_1214.jpg,nt555,notumor,notumor,1,0.999978,1,0,0.000005,0.000015,0.999978,0.000001
data_rand_fold1/Testing/notumor/Tr-no_1216.jpg,nt834,notumor,notumor,1,0.999996,1,0,0.000003,0.000001,0.999996,0.000000
data_rand_fold1/Testing/notumor/Tr-no_1218.jpg,nt394,notumor,notumor,1,0.999991,1,0,0.000001,0.000007,0.999991,0.000001
data_rand_fold1/Testing/notumor/Tr-no_1219.jpg,nt558,notumor,notumor,1,0.999978,1,0,0.000015,0.000002,0.999978,0.000005
data_rand_fold1/Testing/notumor/Tr-no_1220.jpg,nt808,notumor,notumor,1,0.999997,1,0,0.000002,0.000000,0.999997,0.000000
data_rand_fold1/Testing/notumor/Tr-no_1222.jpg,nt836,notumor,notumor,1,0.999997,1,0,0.000000,0.000002,0.999997,0.000001
data_rand_fold1/Testing/notumor/Tr-no_1226.jpg,nt398,notumor,notumor,1,0.999997,1,0,0.000002,0.000000,0.999997,0.000000
data_rand_fold1/Testing/notumor/Tr-no_1230.jpg,nt841,notumor,notumor,1,0.999998,1,0,0.000000,0.000001,0.999998,0.000001
data_rand_fold1/Testing/notumor/Tr-no_1232.jpg,nt483,notumor,notumor,1,0.999908,1,0,0.000057,0.000008,0.999908,0.000027
data_rand_fold1/Testing/notumor/Tr-no_1233.jpg,nt542,notumor,notumor,1,0.999984,1,0,0.000004,0.000008,0.999984,0.000004
data_rand_fold1/Testing/notumor/Tr-no_1234.jpg,nt842,notumor,notumor,1,0.999999,1,0,0.000000,0.000000,0.999999,0.000001
data_rand_fold1/Testing/notumor/Tr-no_1236.jpg,nt543,notumor,notumor,1,0.999977,1,0,0.000011,0.000007,0.999977,0.000005
data_rand_fold1/Testing/notumor/Tr-no_1239.jpg,nt845,notumor,notumor,1,0.999914,1,0,0.000017,0.000014,0.999914,0.000055
data_rand_fold1/Testing/notumor/Tr-no_1252.jpg,nt851,notumor,notumor,1,0.999987,1,0,0.000001,0.000009,0.999987,0.000002
data_rand_fold1/Testing/notumor/Tr-no_1254.jpg,nt852,notumor,notumor,1,0.999929,1,0,0.000013,0.000038,0.999929,0.000020
data_rand_fold1/Testing/notumor/Tr-no_1255.jpg,nt411,notumor,notumor,1,0.999984,1,0,0.000010,0.000005,0.999984,0.000001
data_rand_fold1/Testing/notumor/Tr-no_1257.jpg,nt413,notumor,notumor,1,0.999973,1,0,0.000001,0.000016,0.999973,0.000010
data_rand_fold1/Testing/notumor/Tr-no_1259.jpg,nt854,notumor,notumor,1,0.999990,1,0,0.000003,0.000005,0.999990,0.000002
data_rand_fold1/Testing/notumor/Tr-no_1262.jpg,nt857,notumor,notumor,1,0.999896,1,0,0.000002,0.000098,0.999896,0.000004
data_rand_fold1/Testing/notumor/Tr-no_1268.jpg,nt523,notumor,notumor,1,0.999996,1,0,0.000001,0.000002,0.999996,0.000001
data_rand_fold1/Testing/notumor/Tr-no_1269.jpg,nt859,notumor,notumor,1,0.999997,1,0,0.000000,0.000001,0.999997,0.000001
data_rand_fold1/Testing/notumor/Tr-no_1272.jpg,nt862,notumor,notumor,1,0.999978,1,0,0.000001,0.000020,0.999978,0.000001
data_rand_fold1/Testing/notumor/Tr-no_1277.jpg,nt867,notumor,notumor,1,0.999996,1,0,0.000002,0.000002,0.999996,0.000000
data_rand_fold1/Testing/notumor/Tr-no_1280.jpg,nt526,notumor,notumor,1,0.999998,1,0,0.000000,0.000001,0.999998,0.000001
data_rand_fold1/Testing/notumor/Tr-no_1287.jpg,nt874,notumor,notumor,1,0.999998,1,0,0.000000,0.000000,0.999998,0.000002
data_rand_fold1/Testing/notumor/Tr-no_1288.jpg,nt514,notumor,notumor,1,0.999997,1,0,0.000002,0.000000,0.999997,0.000000
data_rand_fold1/Testing/notumor/Tr-no_1297.jpg,nt882,notumor,notumor,1,0.999885,1,0,0.000041,0.000070,0.999885,0.000005
data_rand_fold1/Testing/notumor/Tr-no_1300.jpg,nt518,notumor,notumor,1,0.999996,1,0,0.000002,0.000001,0.999996,0.000001
data_rand_fold1/Testing/notumor/Tr-no_1303.jpg,nt374,notumor,notumor,1,0.999987,1,0,0.000002,0.000003,0.999987,0.000009
data_rand_fold1/Testing/notumor/Tr-no_1306.jpg,nt378,notumor,notumor,1,0.999822,1,0,0.000002,0.000163,0.999822,0.000014
data_rand_fold1/Testing/notumor/Tr-no_1309.jpg,nt454,notumor,notumor,1,0.999917,1,0,0.000060,0.000014,0.999917,0.000009
data_rand_fold1/Testing/notumor/Tr-no_1310.jpg,nt380,notumor,notumor,1,0.999990,1,0,0.000000,0.000007,0.999990,0.000003
data_rand_fold1/Testing/notumor/Tr-no_1312.jpg,nt890,notumor,notumor,1,0.999976,1,0,0.000001,0.000018,0.999976,0.000005
data_rand_fold1/Testing/notumor/Tr-no_1314.jpg,nt892,notumor,notumor,1,0.999914,1,0,0.000005,0.000070,0.999914,0.000011
data_rand_fold1/Testing/notumor/Tr-no_1318.jpg,nt895,notumor,notumor,1,0.999786,1,0,0.000007,0.000199,0.999786,0.000008
data_rand_fold1/Testing/notumor/Tr-no_1326.jpg,nt386,notumor,notumor,1,0.999922,1,0,0.000039,0.000029,0.999922,0.000010
data_rand_fold1/Testing/notumor/Tr-no_1330.jpg,nt387,notumor,notumor,1,0.999596,1,0,0.000009,0.000386,0.999596,0.000009
data_rand_fold1/Testing/notumor/Tr-no_1336.jpg,nt365,notumor,notumor,1,0.999995,1,0,0.000000,0.000002,0.999995,0.000003
data_rand_fold1/Testing/notumor/Tr-no_1344.jpg,nt320,notumor,notumor,1,0.999996,1,0,0.000001,0.000003,0.999996,0.000001
data_rand_fold1/Testing/notumor/Tr-no_1354.jpg,nt918,notumor,notumor,1,0.999999,1,0,0.000000,0.000001,0.999999,0.000000
data_rand_fold1/Testing/notumor/Tr-no_1359.jpg,nt923,notumor,notumor,1,0.999890,1,0,0.000001,0.000103,0.999890,0.000006
data_rand_fold1/Testing/notumor/Tr-no_1373.jpg,nt933,notumor,notumor,1,0.999992,1,0,0.000003,0.000004,0.999992,0.000001
data_rand_fold1/Testing/notumor/Tr-no_1375.jpg,nt314,notumor,notumor,1,0.999969,1,0,0.000023,0.000007,0.999969,0.000001
data_rand_fold1/Testing/notumor/Tr-no_1379.jpg,nt318,notumor,notumor,1,0.999995,1,0,0.000001,0.000003,0.999995,0.000002
data_rand_fold1/Testing/notumor/Tr-no_1382.jpg,nt938,notumor,notumor,1,0.999984,1,0,0.000007,0.000005,0.999984,0.000004
data_rand_fold1/Testing/notumor/Tr-no_1383.jpg,nt939,notumor,notumor,1,0.999977,1,0,0.000000,0.000019,0.999977,0.000004
data_rand_fold1/Testing/notumor/Tr-no_1386.jpg,nt941,notumor,notumor,1,0.999970,1,0,0.000006,0.000020,0.999970,0.000004
data_rand_fold1/Testing/notumor/Tr-no_1392.jpg,nt946,notumor,notumor,1,0.999998,1,0,0.000001,0.000001,0.999998,0.000000
data_rand_fold1/Testing/notumor/Tr-no_1394.jpg,nt947,notumor,notumor,1,0.999695,1,0,0.000019,0.000010,0.999695,0.000277
data_rand_fold1/Testing/notumor/Tr-no_1395.jpg,nt948,notumor,notumor,1,0.998005,1,0,0.000048,0.001929,0.998005,0.000018
data_rand_fold1/Testing/notumor/Tr-no_1396.jpg,nt949,notumor,notumor,1,0.999210,1,0,0.000001,0.000356,0.999210,0.000433
data_rand_fold1/Testing/notumor/Tr-no_1407.jpg,nt954,notumor,notumor,1,0.999977,1,0,0.000003,0.000011,0.999977,0.000009
data_rand_fold1/Testing/notumor/Tr-no_1408.jpg,nt955,notumor,notumor,1,0.999968,1,0,0.000019,0.000006,0.999968,0.000007
data_rand_fold1/Testing/notumor/Tr-no_1415.jpg,nt958,notumor,notumor,1,0.986818,1,0,0.000045,0.007166,0.986818,0.005971
data_rand_fold1/Testing/notumor/Tr-no_1420.jpg,nt960,notumor,notumor,1,0.999973,1,0,0.000001,0.000022,0.999973,0.000004
data_rand_fold1/Testing/notumor/Tr-no_1426.jpg,nt963,notumor,notumor,1,0.999935,1,0,0.000008,0.000039,0.999935,0.000018
data_rand_fold1/Testing/notumor/Tr-no_1432.jpg,nt968,notumor,notumor,1,0.999984,1,0,0.000010,0.000005,0.999984,0.000002
data_rand_fold1/Testing/notumor/Tr-no_1434.jpg,nt361,notumor,notumor,1,0.999660,1,0,0.000058,0.000167,0.999660,0.000115
data_rand_fold1/Testing/notumor/Tr-no_1450.jpg,nt980,notumor,notumor,1,0.999993,1,0,0.000005,0.000001,0.999993,0.000000
data_rand_fold1/Testing/notumor/Tr-no_1454.jpg,nt981,notumor,notumor,1,0.999894,1,0,0.000069,0.000007,0.999894,0.000030
data_rand_fold1/Testing/notumor/Tr-no_1456.jpg,nt482,notumor,notumor,1,0.999689,1,0,0.000084,0.000188,0.999689,0.000039
data_rand_fold1/Testing/notumor/Tr-no_1458.jpg,nt487,notumor,notumor,1,0.999992,1,0,0.000002,0.000002,0.999992,0.000004
data_rand_fold1/Testing/notumor/Tr-no_1459.jpg,nt431,notumor,notumor,1,0.999896,1,0,0.000049,0.000052,0.999896,0.000003
data_rand_fold1/Testing/notumor/Tr-no_1468.jpg,nt432,notumor,notumor,1,0.999996,1,0,0.000000,0.000003,0.999996,0.000001
data_rand_fold1/Testing/notumor/Tr-no_1470.jpg,nt494,notumor,notumor,1,0.999994,1,0,0.000005,0.000000,0.999994,0.000000
data_rand_fold1/Testing/notumor/Tr-no_1494.jpg,nt370,notumor,notumor,1,0.999956,1,0,0.000019,0.000023,0.999956,0.000002
data_rand_fold1/Testing/notumor/Tr-no_1495.jpg,nt513,notumor,notumor,1,0.999985,1,0,0.000004,0.000002,0.999985,0.000008
data_rand_fold1/Testing/notumor/Tr-no_1497.jpg,nt596,notumor,notumor,1,0.999476,1,0,0.000024,0.000002,0.999476,0.000498
data_rand_fold1/Testing/notumor/Tr-no_1498.jpg,nt993,notumor,notumor,1,0.999976,1,0,0.000002,0.000016,0.999976,0.000005
data_rand_fold1/Testing/notumor/Tr-no_1520.jpg,nt1000,notumor,notumor,1,0.999858,1,0,0.000095,0.000037,0.999858,0.000010
data_rand_fold1/Testing/notumor/Tr-no_1543.jpg,nt937,notumor,notumor,1,0.999878,1,0,0.000065,0.000052,0.999878,0.000005
data_rand_fold1/Testing/notumor/Tr-no_1549.jpg,nt1011,notumor,notumor,1,0.999998,1,0,0.000001,0.000000,0.999998,0.000000
data_rand_fold1/Testing/notumor/Tr-no_1555.jpg,nt328,notumor,notumor,1,0.999992,1,0,0.000001,0.000002,0.999992,0.000005
data_rand_fold1/Testing/notumor/Tr-no_1558.jpg,nt330,notumor,notumor,1,0.999978,1,0,0.000008,0.000013,0.999978,0.000002
data_rand_fold1/Testing/notumor/Tr-no_1560.jpg,nt333,notumor,notumor,1,0.999992,1,0,0.000001,0.000002,0.999992,0.000006
data_rand_fold1/Testing/notumor/Tr-no_1562.jpg,nt1013,notumor,notumor,1,0.999881,1,0,0.000009,0.000105,0.999881,0.000005
data_rand_fold1/Testing/notumor/Tr-no_1566.jpg,nt1015,notumor,notumor,1,0.999992,1,0,0.000001,0.000001,0.999992,0.000006
data_rand_fold1/Testing/notumor/Tr-no_1569.jpg,nt340,notumor,notumor,1,0.999991,1,0,0.000005,0.000004,0.999991,0.000001
data_rand_fold1/Testing/notumor/Tr-no_1577.jpg,nt914,notumor,notumor,1,0.999682,1,0,0.000238,0.000023,0.999682,0.000058
data_rand_fold1/Testing/notumor/Tr-no_1578.jpg,nt915,notumor,notumor,1,0.999993,1,0,0.000001,0.000005,0.999993,0.000001
data_rand_fold1/Testing/notumor/Tr-no_1580.jpg,nt1021,notumor,notumor,1,0.999995,1,0,0.000000,0.000000,0.999995,0.000004
data_rand_fold1/Testing/notumor/Tr-no_1587.jpg,nt1023,notumor,notumor,1,0.999806,1,0,0.000005,0.000181,0.999806,0.000008
data_rand_fold1/Testing/notumor/Tr-no_1594.jpg,nt984,notumor,notumor,1,0.999996,1,0,0.000001,0.000001,0.999996,0.000002
data_rand_fold1/Testing/pituitary/Te-piTr_0004.jpg,112746,pituitary,pituitary,1,0.999999,1,0,0.000000,0.000001,0.000000,0.999999
data_rand_fold1/Testing/pituitary/Te-pi_0012.jpg,102648,pituitary,pituitary,1,0.997022,1,0,0.000120,0.002833,0.000025,0.997022
data_rand_fold1/Testing/pituitary/Te-pi_0020.jpg,103731,pituitary,pituitary,1,0.999782,1,0,0.000005,0.000087,0.000126,0.999782
data_rand_fold1/Testing/pituitary/Te-pi_0022.jpg,103731,pituitary,pituitary,1,0.999781,1,0,0.000001,0.000202,0.000016,0.999781
data_rand_fold1/Testing/pituitary/Te-pi_0036.jpg,98472,pituitary,pituitary,1,0.999506,1,0,0.000002,0.000187,0.000305,0.999506
data_rand_fold1/Testing/pituitary/Te-pi_0038.jpg,98871,pituitary,pituitary,1,0.989960,1,0,0.000654,0.007215,0.002171,0.989960
data_rand_fold1/Testing/pituitary/Te-pi_0046.jpg,101017,pituitary,pituitary,1,0.999746,1,0,0.000005,0.000213,0.000036,0.999746
data_rand_fold1/Testing/pituitary/Te-pi_0049.jpg,101305,pituitary,pituitary,1,0.996394,1,0,0.000048,0.003296,0.000261,0.996394
data_rand_fold1/Testing/pituitary/Te-pi_0053.jpg,104912,pituitary,pituitary,1,0.999502,1,0,0.000007,0.000325,0.000166,0.999502
data_rand_fold1/Testing/pituitary/Te-pi_0059.jpg,107505,pituitary,pituitary,1,0.999912,1,0,0.000010,0.000058,0.000020,0.999912
data_rand_fold1/Testing/pituitary/Te-pi_0061.jpg,107743,pituitary,pituitary,1,0.999835,1,0,0.000000,0.000028,0.000136,0.999835
data_rand_fold1/Testing/pituitary/Te-pi_0065.jpg,109769,pituitary,pituitary,1,0.999594,1,0,0.000003,0.000161,0.000241,0.999594
data_rand_fold1/Testing/pituitary/Te-pi_0078.jpg,112074,pituitary,pituitary,1,0.723685,1,0,0.028740,0.230177,0.017398,0.723685
data_rand_fold1/Testing/pituitary/Te-pi_0080.jpg,112649,pituitary,pituitary,1,0.998923,1,0,0.000047,0.000905,0.000125,0.998923
data_rand_fold1/Testing/pituitary/Te-pi_0081.jpg,112746,pituitary,pituitary,1,0.999631,1,0,0.000002,0.000326,0.000041,0.999631
data_rand_fold1/Testing/pituitary/Te-pi_0107.jpg,58392,pituitary,pituitary,1,0.999531,1,0,0.000013,0.000218,0.000238,0.999531
data_rand_fold1/Testing/pituitary/Te-pi_0108.jpg,111075,pituitary,pituitary,1,0.999913,1,0,0.000001,0.000085,0.000002,0.999913
data_rand_fold1/Testing/pituitary/Te-pi_0116.jpg,112847,pituitary,pituitary,1,0.999925,1,0,0.000000,0.000075,0.000000,0.999925
data_rand_fold1/Testing/pituitary/Te-pi_0118.jpg,105936,pituitary,pituitary,1,0.998818,1,0,0.000196,0.000180,0.000807,0.998818
data_rand_fold1/Testing/pituitary/Te-pi_0123.jpg,107505,pituitary,pituitary,1,0.999954,1,0,0.000001,0.000035,0.000009,0.999954
data_rand_fold1/Testing/pituitary/Te-pi_0124.jpg,101017,pituitary,pituitary,1,0.999056,1,0,0.000001,0.000025,0.000918,0.999056
data_rand_fold1/Testing/pituitary/Te-pi_0134.jpg,110537,pituitary,pituitary,1,0.990323,1,0,0.000111,0.005841,0.003725,0.990323
data_rand_fold1/Testing/pituitary/Te-pi_0135.jpg,110993,pituitary,pituitary,1,0.999761,1,0,0.000002,0.000023,0.000214,0.999761
data_rand_fold1/Testing/pituitary/Te-pi_0143.jpg,114094,pituitary,pituitary,1,0.978051,1,0,0.000001,0.021925,0.000023,0.978051
data_rand_fold1/Testing/pituitary/Te-pi_0149.jpg,101017,pituitary,pituitary,1,0.987649,1,0,0.000231,0.001667,0.010453,0.987649
data_rand_fold1/Testing/pituitary/Te-pi_0159.jpg,103837,pituitary,pituitary,1,0.997650,1,0,0.000001,0.000238,0.002111,0.997650
data_rand_fold1/Testing/pituitary/Te-pi_0160.jpg,103837,pituitary,pituitary,1,0.999287,1,0,0.000001,0.000089,0.000623,0.999287
data_rand_fold1/Testing/pituitary/Te-pi_0164.jpg,104558,pituitary,pituitary,1,0.996523,1,0,0.000000,0.003469,0.000007,0.996523
data_rand_fold1/Testing/pituitary/Te-pi_0165.jpg,112649,pituitary,pituitary,1,0.998797,1,0,0.000069,0.000607,0.000527,0.998797
data_rand_fold1/Testing/pituitary/Te-pi_0169.jpg,104912,pituitary,pituitary,1,0.999937,1,0,0.000001,0.000056,0.000006,0.999937
data_rand_fold1/Testing/pituitary/Te-pi_0172.jpg,105638,pituitary,pituitary,1,0.999168,1,0,0.000005,0.000087,0.000740,0.999168
data_rand_fold1/Testing/pituitary/Te-pi_0176.jpg,97461,pituitary,pituitary,1,0.999948,1,0,0.000000,0.000038,0.000013,0.999948
data_rand_fold1/Testing/pituitary/Te-pi_0180.jpg,97890,pituitary,pituitary,1,0.996267,1,0,0.000389,0.000901,0.002443,0.996267
data_rand_fold1/Testing/pituitary/Te-pi_0186.jpg,98874,pituitary,pituitary,1,0.999678,1,0,0.000000,0.000312,0.000010,0.999678
data_rand_fold1/Testing/pituitary/Te-pi_0189.jpg,98995,pituitary,pituitary,1,0.998735,1,0,0.000010,0.001050,0.000205,0.998735
data_rand_fold1/Testing/pituitary/Te-pi_0195.jpg,107495,pituitary,pituitary,1,0.999799,1,0,0.000002,0.000161,0.000038,0.999799
data_rand_fold1/Testing/pituitary/Te-pi_0205.jpg,107429,pituitary,pituitary,1,0.999275,1,0,0.000027,0.000665,0.000033,0.999275
data_rand_fold1/Testing/pituitary/Te-pi_0214.jpg,104019,pituitary,pituitary,1,0.999603,1,0,0.000035,0.000284,0.000078,0.999603
data_rand_fold1/Testing/pituitary/Te-pi_0215.jpg,104558,pituitary,pituitary,1,0.945559,1,0,0.000081,0.053714,0.000646,0.945559
data_rand_fold1/Testing/pituitary/Te-pi_0216.jpg,104684,pituitary,pituitary,1,0.745107,1,0,0.001366,0.176916,0.076611,0.745107
data_rand_fold1/Testing/pituitary/Te-pi_0222.jpg,105475,pituitary,pituitary,1,0.994883,1,0,0.000052,0.004991,0.000073,0.994883
data_rand_fold1/Testing/pituitary/Te-pi_0232.jpg,98472,pituitary,pituitary,1,0.960594,1,0,0.000015,0.039170,0.000221,0.960594
data_rand_fold1/Testing/pituitary/Te-pi_0233.jpg,98652,pituitary,pituitary,1,0.998755,1,0,0.000030,0.001082,0.000133,0.998755
data_rand_fold1/Testing/pituitary/Te-pi_0237.jpg,98992,pituitary,pituitary,1,0.942325,1,0,0.000052,0.057614,0.000009,0.942325
data_rand_fold1/Testing/pituitary/Te-pi_0250.jpg,102648,pituitary,pituitary,1,0.999165,1,0,0.000144,0.000664,0.000027,0.999165
data_rand_fold1/Testing/pituitary/Te-pi_0252.jpg,103046,pituitary,pituitary,1,0.999977,1,0,0.000000,0.000005,0.000018,0.999977
data_rand_fold1/Testing/pituitary/Te-pi_0253.jpg,103257,pituitary,pituitary,1,0.999734,1,0,0.000001,0.000242,0.000024,0.999734
data_rand_fold1/Testing/pituitary/Te-pi_0255.jpg,103478,pituitary,pituitary,1,0.999885,1,0,0.000002,0.000048,0.000065,0.999885
data_rand_fold1/Testing/pituitary/Te-pi_0263.jpg,103731,pituitary,pituitary,1,0.999994,1,0,0.000000,0.000005,0.000001,0.999994
data_rand_fold1/Testing/pituitary/Te-pi_0271.jpg,104912,pituitary,pituitary,1,0.999376,1,0,0.000442,0.000156,0.000027,0.999376
data_rand_fold1/Testing/pituitary/Te-pi_0279.jpg,97416,pituitary,pituitary,1,0.997098,1,0,0.000000,0.002898,0.000004,0.997098
data_rand_fold1/Testing/pituitary/Te-pi_0281.jpg,97461,pituitary,pituitary,1,0.999635,1,0,0.000016,0.000140,0.000209,0.999635
data_rand_fold1/Testing/pituitary/Te-pi_0289.jpg,98652,pituitary,pituitary,1,0.998872,1,0,0.000003,0.001116,0.000009,0.998872
data_rand_fold1/Testing/pituitary/Te-pi_0290.jpg,98871,pituitary,pituitary,1,0.997838,1,0,0.000002,0.002153,0.000007,0.997838
data_rand_fold1/Testing/pituitary/Te-pi_0293.jpg,98992,pituitary,pituitary,1,0.997851,1,0,0.000098,0.002024,0.000028,0.997851
data_rand_fold1/Testing/pituitary/Te-pi_0295.jpg,109471,pituitary,pituitary,1,0.973719,1,0,0.002914,0.022477,0.000890,0.973719
data_rand_fold1/Testing/pituitary/Tr-piTr_0000.jpg,110537,pituitary,pituitary,1,0.983781,1,0,0.000514,0.007139,0.008566,0.983781
data_rand_fold1/Testing/pituitary/Tr-piTr_0001.jpg,111125,pituitary,pituitary,1,0.999788,1,0,0.000005,0.000011,0.000197,0.999788
data_rand_fold1/Testing/pituitary/Tr-pi_0012.jpg,111125,pituitary,pituitary,1,0.999969,1,0,0.000000,0.000007,0.000024,0.999969
data_rand_fold1/Testing/pituitary/Tr-pi_0025.jpg,99223,pituitary,pituitary,1,0.999974,1,0,0.000000,0.000022,0.000004,0.999974
data_rand_fold1/Testing/pituitary/Tr-pi_0034.jpg,111785,pituitary,pituitary,1,0.999791,1,0,0.000013,0.000103,0.000092,0.999791
data_rand_fold1/Testing/pituitary/Tr-pi_0048.jpg,104019,pituitary,pituitary,1,0.999306,1,0,0.000003,0.000599,0.000092,0.999306
data_rand_fold1/Testing/pituitary/Tr-pi_0049.jpg,104019,pituitary,pituitary,1,0.999713,1,0,0.000001,0.000258,0.000028,0.999713
data_rand_fold1/Testing/pituitary/Tr-pi_0054.jpg,104558,pituitary,pituitary,1,0.990995,1,0,0.000003,0.008716,0.000285,0.990995
data_rand_fold1/Testing/pituitary/Tr-pi_0059.jpg,104684,pituitary,pituitary,1,1.000000,1,0,0.000000,0.000000,0.000000,1.000000
data_rand_fold1/Testing/pituitary/Tr-pi_0064.jpg,104684,pituitary,pituitary,1,1.000000,1,0,0.000000,0.000000,0.000000,1.000000
data_rand_fold1/Testing/pituitary/Tr-pi_0071.jpg,104912,pituitary,pituitary,1,0.999790,1,0,0.000020,0.000188,0.000002,0.999790
data_rand_fold1/Testing/pituitary/Tr-pi_0072.jpg,104912,pituitary,pituitary,1,0.999894,1,0,0.000002,0.000102,0.000001,0.999894
data_rand_fold1/Testing/pituitary/Tr-pi_0076.jpg,105187,pituitary,pituitary,1,0.999466,1,0,0.000001,0.000510,0.000022,0.999466
data_rand_fold1/Testing/pituitary/Tr-pi_0081.jpg,105475,pituitary,pituitary,1,0.999808,1,0,0.000012,0.000164,0.000015,0.999808
data_rand_fold1/Testing/pituitary/Tr-pi_0083.jpg,105475,pituitary,pituitary,1,0.995820,1,0,0.000251,0.002852,0.001077,0.995820
data_rand_fold1/Testing/pituitary/Tr-pi_0092.jpg,105638,pituitary,pituitary,1,0.999885,1,0,0.000004,0.000014,0.000096,0.999885
data_rand_fold1/Testing/pituitary/Tr-pi_0097.jpg,97416,pituitary,pituitary,1,0.999753,1,0,0.000000,0.000243,0.000004,0.999753
data_rand_fold1/Testing/pituitary/Tr-pi_0099.jpg,97416,pituitary,pituitary,1,0.999763,1,0,0.000000,0.000234,0.000003,0.999763
data_rand_fold1/Testing/pituitary/Tr-pi_0103.jpg,97461,pituitary,pituitary,1,0.999806,1,0,0.000002,0.000109,0.000084,0.999806
data_rand_fold1/Testing/pituitary/Tr-pi_0106.jpg,97481,pituitary,pituitary,1,0.999978,1,0,0.000000,0.000017,0.000005,0.999978
data_rand_fold1/Testing/pituitary/Tr-pi_0107.jpg,97481,pituitary,pituitary,1,0.999549,1,0,0.000015,0.000287,0.000149,0.999549
data_rand_fold1/Testing/pituitary/Tr-pi_0108.jpg,97481,pituitary,pituitary,1,0.999549,1,0,0.000015,0.000287,0.000149,0.999549
data_rand_fold1/Testing/pituitary/Tr-pi_0113.jpg,97599,pituitary,pituitary,1,0.999276,1,0,0.000003,0.000404,0.000317,0.999276
data_rand_fold1/Testing/pituitary/Tr-pi_0119.jpg,97890,pituitary,pituitary,1,0.999992,1,0,0.000000,0.000007,0.000001,0.999992
data_rand_fold1/Testing/pituitary/Tr-pi_0133.jpg,98871,pituitary,pituitary,1,0.992014,1,0,0.000713,0.006773,0.000500,0.992014
data_rand_fold1/Testing/pituitary/Tr-pi_0139.jpg,98874,pituitary,meningioma,0,0.615760,1,0,0.002453,0.615760,0.006781,0.375006
data_rand_fold1/Testing/pituitary/Tr-pi_0140.jpg,98874,pituitary,pituitary,1,0.999575,1,0,0.000003,0.000404,0.000018,0.999575
data_rand_fold1/Testing/pituitary/Tr-pi_0141.jpg,98874,pituitary,pituitary,1,0.999805,1,0,0.000000,0.000188,0.000006,0.999805
data_rand_fold1/Testing/pituitary/Tr-pi_0142.jpg,98992,pituitary,pituitary,1,0.899713,1,0,0.000073,0.099126,0.001088,0.899713
data_rand_fold1/Testing/pituitary/Tr-pi_0148.jpg,98992,pituitary,pituitary,1,0.999973,1,0,0.000000,0.000026,0.000001,0.999973
data_rand_fold1/Testing/pituitary/Tr-pi_0152.jpg,98992,pituitary,pituitary,1,0.999834,1,0,0.000000,0.000163,0.000003,0.999834
data_rand_fold1/Testing/pituitary/Tr-pi_0158.jpg,98995,pituitary,pituitary,1,0.998484,1,0,0.000012,0.001461,0.000043,0.998484
data_rand_fold1/Testing/pituitary/Tr-pi_0163.jpg,99223,pituitary,pituitary,1,0.999797,1,0,0.000004,0.000199,0.000001,0.999797
data_rand_fold1/Testing/pituitary/Tr-pi_0181.jpg,101145,pituitary,pituitary,1,0.999116,1,0,0.000001,0.000874,0.000009,0.999116
data_rand_fold1/Testing/pituitary/Tr-pi_0186.jpg,101305,pituitary,pituitary,1,0.998856,1,0,0.000014,0.000447,0.000683,0.998856
data_rand_fold1/Testing/pituitary/Tr-pi_0192.jpg,101724,pituitary,pituitary,1,0.998900,1,0,0.000020,0.000427,0.000653,0.998900
data_rand_fold1/Testing/pituitary/Tr-pi_0195.jpg,101724,pituitary,pituitary,1,0.999478,1,0,0.000016,0.000372,0.000135,0.999478
data_rand_fold1/Testing/pituitary/Tr-pi_0196.jpg,102648,pituitary,pituitary,1,0.999535,1,0,0.000013,0.000436,0.000017,0.999535
data_rand_fold1/Testing/pituitary/Tr-pi_0212.jpg,103257,pituitary,pituitary,1,0.999558,1,0,0.000033,0.000300,0.000109,0.999558
data_rand_fold1/Testing/pituitary/Tr-pi_0215.jpg,103478,pituitary,pituitary,1,0.999604,1,0,0.000012,0.000151,0.000233,0.999604
data_rand_fold1/Testing/pituitary/Tr-pi_0229.jpg,103582,pituitary,pituitary,1,0.998888,1,0,0.000014,0.000647,0.000450,0.998888
data_rand_fold1/Testing/pituitary/Tr-pi_0234.jpg,101029,pituitary,pituitary,1,0.994838,1,0,0.000059,0.000571,0.004531,0.994838
data_rand_fold1/Testing/pituitary/Tr-pi_0246.jpg,103731,pituitary,pituitary,1,0.999252,1,0,0.000018,0.000209,0.000521,0.999252
data_rand_fold1/Testing/pituitary/Tr-pi_0250.jpg,103837,pituitary,pituitary,1,0.999482,1,0,0.000000,0.000007,0.000511,0.999482
data_rand_fold1/Testing/pituitary/Tr-pi_0251.jpg,103837,pituitary,pituitary,1,0.934912,1,0,0.000004,0.000108,0.064976,0.934912
data_rand_fold1/Testing/pituitary/Tr-pi_0260.jpg,103731,pituitary,pituitary,1,0.997784,1,0,0.000184,0.001991,0.000041,0.997784
data_rand_fold1/Testing/pituitary/Tr-pi_0262.jpg,103837,pituitary,pituitary,1,0.992471,1,0,0.000223,0.004961,0.002345,0.992471
data_rand_fold1/Testing/pituitary/Tr-pi_0269.jpg,104558,pituitary,pituitary,1,0.925144,1,0,0.001308,0.072842,0.000706,0.925144
data_rand_fold1/Testing/pituitary/Tr-pi_0274.jpg,104684,pituitary,pituitary,1,0.938562,1,0,0.000264,0.045147,0.016027,0.938562
data_rand_fold1/Testing/pituitary/Tr-pi_0275.jpg,104684,pituitary,pituitary,1,0.995682,1,0,0.000042,0.003373,0.000903,0.995682
data_rand_fold1/Testing/pituitary/Tr-pi_0283.jpg,104912,pituitary,pituitary,1,0.994886,1,0,0.000043,0.005034,0.000038,0.994886
data_rand_fold1/Testing/pituitary/Tr-pi_0285.jpg,104912,pituitary,pituitary,1,0.997496,1,0,0.000179,0.002214,0.000111,0.997496
data_rand_fold1/Testing/pituitary/Tr-pi_0286.jpg,105187,pituitary,pituitary,1,0.999991,1,0,0.000000,0.000008,0.000002,0.999991
data_rand_fold1/Testing/pituitary/Tr-pi_0299.jpg,97416,pituitary,pituitary,1,0.999839,1,0,0.000005,0.000085,0.000071,0.999839
data_rand_fold1/Testing/pituitary/Tr-pi_0300.jpg,106062,pituitary,pituitary,1,0.989905,1,0,0.000107,0.009190,0.000798,0.989905
data_rand_fold1/Testing/pituitary/Tr-pi_0303.jpg,97416,pituitary,pituitary,1,0.998665,1,0,0.000014,0.001249,0.000072,0.998665
data_rand_fold1/Testing/pituitary/Tr-pi_0309.jpg,97461,pituitary,pituitary,1,0.999839,1,0,0.000031,0.000105,0.000025,0.999839
data_rand_fold1/Testing/pituitary/Tr-pi_0315.jpg,97481,pituitary,pituitary,1,0.999798,1,0,0.000003,0.000172,0.000027,0.999798
data_rand_fold1/Testing/pituitary/Tr-pi_0324.jpg,98472,pituitary,pituitary,1,0.724615,1,0,0.000075,0.273978,0.001332,0.724615
data_rand_fold1/Testing/pituitary/Tr-pi_0329.jpg,98652,pituitary,pituitary,1,0.999697,1,0,0.000007,0.000220,0.000076,0.999697
data_rand_fold1/Testing/pituitary/Tr-pi_0336.jpg,103046,pituitary,pituitary,1,0.997998,1,0,0.000034,0.001742,0.000226,0.997998
data_rand_fold1/Testing/pituitary/Tr-pi_0337.jpg,106062,pituitary,pituitary,1,0.999992,1,0,0.000000,0.000007,0.000000,0.999992
data_rand_fold1/Testing/pituitary/Tr-pi_0338.jpg,106062,pituitary,pituitary,1,0.995970,1,0,0.000001,0.004028,0.000001,0.995970
data_rand_fold1/Testing/pituitary/Tr-pi_0340.jpg,107495,pituitary,pituitary,1,0.999985,1,0,0.000000,0.000012,0.000002,0.999985
data_rand_fold1/Testing/pituitary/Tr-pi_0346.jpg,107429,pituitary,pituitary,1,0.999987,1,0,0.000000,0.000012,0.000001,0.999987
data_rand_fold1/Testing/pituitary/Tr-pi_0349.jpg,107429,pituitary,pituitary,1,0.998208,1,0,0.000000,0.001700,0.000092,0.998208
data_rand_fold1/Testing/pituitary/Tr-pi_0363.jpg,108931,pituitary,pituitary,1,0.999818,1,0,0.000000,0.000000,0.000181,0.999818
data_rand_fold1/Testing/pituitary/Tr-pi_0377.jpg,109898,pituitary,pituitary,1,0.999566,1,0,0.000023,0.000335,0.000076,0.999566
data_rand_fold1/Testing/pituitary/Tr-pi_0381.jpg,110518,pituitary,pituitary,1,0.997012,1,0,0.000000,0.002982,0.000006,0.997012
data_rand_fold1/Testing/pituitary/Tr-pi_0393.jpg,111125,pituitary,pituitary,1,0.999926,1,0,0.000007,0.000021,0.000047,0.999926
data_rand_fold1/Testing/pituitary/Tr-pi_0395.jpg,111125,pituitary,pituitary,1,0.999910,1,0,0.000001,0.000076,0.000013,0.999910
data_rand_fold1/Testing/pituitary/Tr-pi_0398.jpg,111785,pituitary,pituitary,1,0.997522,1,0,0.000129,0.002152,0.000197,0.997522
data_rand_fold1/Testing/pituitary/Tr-pi_0402.jpg,112074,pituitary,pituitary,1,0.994919,1,0,0.000028,0.004938,0.000115,0.994919
data_rand_fold1/Testing/pituitary/Tr-pi_0403.jpg,112074,pituitary,pituitary,1,0.993064,1,0,0.000203,0.005614,0.001119,0.993064
data_rand_fold1/Testing/pituitary/Tr-pi_0414.jpg,107429,pituitary,pituitary,1,0.996633,1,0,0.000011,0.003320,0.000035,0.996633
data_rand_fold1/Testing/pituitary/Tr-pi_0422.jpg,112746,pituitary,pituitary,1,0.999988,1,0,0.000000,0.000008,0.000004,0.999988
data_rand_fold1/Testing/pituitary/Tr-pi_0432.jpg,108931,pituitary,pituitary,1,0.997649,1,0,0.000012,0.000278,0.002061,0.997649
data_rand_fold1/Testing/pituitary/Tr-pi_0436.jpg,108931,pituitary,pituitary,1,0.988789,1,0,0.000052,0.004533,0.006625,0.988789
data_rand_fold1/Testing/pituitary/Tr-pi_0439.jpg,109471,pituitary,pituitary,1,0.991830,1,0,0.002355,0.005633,0.000182,0.991830
data_rand_fold1/Testing/pituitary/Tr-pi_0447.jpg,109898,pituitary,pituitary,1,0.969720,1,0,0.004928,0.024364,0.000988,0.969720
data_rand_fold1/Testing/pituitary/Tr-pi_0451.jpg,110518,pituitary,pituitary,1,0.999956,1,0,0.000001,0.000042,0.000001,0.999956
data_rand_fold1/Testing/pituitary/Tr-pi_0453.jpg,110518,pituitary,pituitary,1,0.999975,1,0,0.000000,0.000020,0.000005,0.999975
data_rand_fold1/Testing/pituitary/Tr-pi_0455.jpg,110537,pituitary,pituitary,1,0.988292,1,0,0.000044,0.011353,0.000311,0.988292
data_rand_fold1/Testing/pituitary/Tr-pi_0459.jpg,110537,pituitary,pituitary,1,0.994976,1,0,0.000012,0.004381,0.000631,0.994976
data_rand_fold1/Testing/pituitary/Tr-pi_0470.jpg,111075,pituitary,pituitary,1,0.996420,1,0,0.000299,0.003156,0.000125,0.996420
data_rand_fold1/Testing/pituitary/Tr-pi_0479.jpg,111125,pituitary,pituitary,1,0.999766,1,0,0.000009,0.000212,0.000013,0.999766
data_rand_fold1/Testing/pituitary/Tr-pi_0480.jpg,111125,pituitary,pituitary,1,0.998299,1,0,0.000022,0.001440,0.000239,0.998299
data_rand_fold1/Testing/pituitary/Tr-pi_0481.jpg,111785,pituitary,pituitary,1,0.993467,1,0,0.000765,0.005224,0.000545,0.993467
data_rand_fold1/Testing/pituitary/Tr-pi_0488.jpg,112074,pituitary,pituitary,1,0.906046,1,0,0.010853,0.071095,0.012006,0.906046
data_rand_fold1/Testing/pituitary/Tr-pi_0496.jpg,112074,pituitary,pituitary,1,0.975438,1,0,0.000532,0.020252,0.003778,0.975438
data_rand_fold1/Testing/pituitary/Tr-pi_0497.jpg,112074,pituitary,pituitary,1,0.970073,1,0,0.002513,0.023650,0.003764,0.970073
data_rand_fold1/Testing/pituitary/Tr-pi_0500.jpg,113274,pituitary,pituitary,1,0.999995,1,0,0.000002,0.000001,0.000003,0.999995
data_rand_fold1/Testing/pituitary/Tr-pi_0503.jpg,112649,pituitary,pituitary,1,0.999274,1,0,0.000031,0.000418,0.000277,0.999274
data_rand_fold1/Testing/pituitary/Tr-pi_0508.jpg,112847,pituitary,pituitary,1,0.996351,1,0,0.000045,0.003417,0.000187,0.996351
data_rand_fold1/Testing/pituitary/Tr-pi_0515.jpg,102985,pituitary,meningioma,0,0.997365,1,0,0.000600,0.997365,0.002025,0.000009
data_rand_fold1/Testing/pituitary/Tr-pi_0521.jpg,105936,pituitary,pituitary,1,0.999967,1,0,0.000000,0.000003,0.000030,0.999967
data_rand_fold1/Testing/pituitary/Tr-pi_0522.jpg,105936,pituitary,pituitary,1,0.999933,1,0,0.000000,0.000007,0.000060,0.999933
data_rand_fold1/Testing/pituitary/Tr-pi_0528.jpg,113741,pituitary,pituitary,1,0.999228,1,0,0.000049,0.000576,0.000147,0.999228
data_rand_fold1/Testing/pituitary/Tr-pi_0535.jpg,113741,pituitary,pituitary,1,0.996858,1,0,0.000042,0.000087,0.003013,0.996858
data_rand_fold1/Testing/pituitary/Tr-pi_0538.jpg,114040,pituitary,pituitary,1,0.999029,1,0,0.000096,0.000763,0.000111,0.999029
data_rand_fold1/Testing/pituitary/Tr-pi_0539.jpg,114361,pituitary,pituitary,1,0.999946,1,0,0.000000,0.000054,0.000000,0.999946
data_rand_fold1/Testing/pituitary/Tr-pi_0553.jpg,102648,pituitary,pituitary,1,0.995686,1,0,0.000296,0.004000,0.000018,0.995686
data_rand_fold1/Testing/pituitary/Tr-pi_0563.jpg,114361,pituitary,pituitary,1,0.994067,1,0,0.000002,0.005863,0.000068,0.994067
data_rand_fold1/Testing/pituitary/Tr-pi_0565.jpg,103257,pituitary,pituitary,1,0.998239,1,0,0.000002,0.001533,0.000226,0.998239
data_rand_fold1/Testing/pituitary/Tr-pi_0568.jpg,103478,pituitary,pituitary,1,0.986301,1,0,0.000022,0.007316,0.006361,0.986301
data_rand_fold1/Testing/pituitary/Tr-pi_0572.jpg,103582,pituitary,pituitary,1,0.771237,1,0,0.001886,0.217561,0.009316,0.771237
data_rand_fold1/Testing/pituitary/Tr-pi_0587.jpg,103731,pituitary,pituitary,1,0.999633,1,0,0.000022,0.000288,0.000057,0.999633
data_rand_fold1/Testing/pituitary/Tr-pi_0589.jpg,103837,pituitary,pituitary,1,0.999851,1,0,0.000000,0.000070,0.000079,0.999851
data_rand_fold1/Testing/pituitary/Tr-pi_0591.jpg,103837,pituitary,pituitary,1,0.995780,1,0,0.000004,0.000797,0.003420,0.995780
data_rand_fold1/Testing/pituitary/Tr-pi_0596.jpg,104558,pituitary,pituitary,1,0.982839,1,0,0.000139,0.016128,0.000894,0.982839
data_rand_fold1/Testing/pituitary/Tr-pi_0605.jpg,114094,pituitary,pituitary,1,0.996795,1,0,0.000078,0.003079,0.000048,0.996795
data_rand_fold1/Testing/pituitary/Tr-pi_0612.jpg,105538,pituitary,pituitary,1,0.527670,1,0,0.002088,0.429923,0.040318,0.527670
data_rand_fold1/Testing/pituitary/Tr-pi_0616.jpg,97416,pituitary,pituitary,1,0.925587,1,0,0.001031,0.068599,0.004783,0.925587
data_rand_fold1/Testing/pituitary/Tr-pi_0617.jpg,97416,pituitary,pituitary,1,0.948844,1,0,0.002594,0.044915,0.003647,0.948844
data_rand_fold1/Testing/pituitary/Tr-pi_0619.jpg,97416,pituitary,pituitary,1,0.977670,1,0,0.000013,0.020968,0.001349,0.977670
data_rand_fold1/Testing/pituitary/Tr-pi_0628.jpg,97481,pituitary,pituitary,1,0.992341,1,0,0.000098,0.006536,0.001025,0.992341
data_rand_fold1/Testing/pituitary/Tr-pi_0633.jpg,97890,pituitary,pituitary,1,0.998425,1,0,0.000588,0.000705,0.000282,0.998425
data_rand_fold1/Testing/pituitary/Tr-pi_0639.jpg,98472,pituitary,pituitary,1,0.995916,1,0,0.000014,0.002537,0.001534,0.995916
data_rand_fold1/Testing/pituitary/Tr-pi_0640.jpg,106062,pituitary,pituitary,1,0.999998,1,0,0.000000,0.000002,0.000000,0.999998
data_rand_fold1/Testing/pituitary/Tr-pi_0641.jpg,98652,pituitary,pituitary,1,0.998966,1,0,0.000002,0.000061,0.000971,0.998966
data_rand_fold1/Testing/pituitary/Tr-pi_0643.jpg,98871,pituitary,pituitary,1,0.986708,1,0,0.000845,0.004948,0.007499,0.986708
data_rand_fold1/Testing/pituitary/Tr-pi_0644.jpg,98871,pituitary,pituitary,1,0.999939,1,0,0.000001,0.000051,0.000010,0.999939
data_rand_fold1/Testing/pituitary/Tr-pi_0653.jpg,98992,pituitary,pituitary,1,0.997850,1,0,0.000039,0.001884,0.000228,0.997850
data_rand_fold1/Testing/pituitary/Tr-pi_0660.jpg,98995,pituitary,pituitary,1,0.995843,1,0,0.000004,0.003496,0.000657,0.995843
data_rand_fold1/Testing/pituitary/Tr-pi_0661.jpg,99223,pituitary,pituitary,1,0.989771,1,0,0.000044,0.009788,0.000397,0.989771
data_rand_fold1/Testing/pituitary/Tr-pi_0666.jpg,106062,pituitary,pituitary,1,0.997983,1,0,0.000034,0.001609,0.000374,0.997983
data_rand_fold1/Testing/pituitary/Tr-pi_0670.jpg,101017,pituitary,pituitary,1,0.999801,1,0,0.000008,0.000031,0.000160,0.999801
data_rand_fold1/Testing/pituitary/Tr-pi_0675.jpg,101029,pituitary,pituitary,1,0.999983,1,0,0.000000,0.000003,0.000014,0.999983
data_rand_fold1/Testing/pituitary/Tr-pi_0676.jpg,101145,pituitary,pituitary,1,0.926826,1,0,0.003932,0.066973,0.002269,0.926826
data_rand_fold1/Testing/pituitary/Tr-pi_0677.jpg,101145,pituitary,pituitary,1,0.926826,1,0,0.003932,0.066973,0.002269,0.926826
data_rand_fold1/Testing/pituitary/Tr-pi_0691.jpg,103257,pituitary,pituitary,1,0.998374,1,0,0.000010,0.001559,0.000057,0.998374
data_rand_fold1/Testing/pituitary/Tr-pi_0698.jpg,106062,pituitary,pituitary,1,0.998648,1,0,0.000006,0.001293,0.000054,0.998648
data_rand_fold1/Testing/pituitary/Tr-pi_0705.jpg,107495,pituitary,pituitary,1,0.998315,1,0,0.000001,0.000196,0.001488,0.998315
data_rand_fold1/Testing/pituitary/Tr-pi_0715.jpg,107505,pituitary,pituitary,1,0.999990,1,0,0.000001,0.000008,0.000000,0.999990
data_rand_fold1/Testing/pituitary/Tr-pi_0721.jpg,107505,pituitary,pituitary,1,0.999830,1,0,0.000041,0.000066,0.000063,0.999830
data_rand_fold1/Testing/pituitary/Tr-pi_0723.jpg,107743,pituitary,pituitary,1,0.999803,1,0,0.000001,0.000045,0.000150,0.999803
data_rand_fold1/Testing/pituitary/Tr-pi_0725.jpg,108858,pituitary,pituitary,1,0.998604,1,0,0.000020,0.000227,0.001148,0.998604
data_rand_fold1/Testing/pituitary/Tr-pi_0733.jpg,109471,pituitary,pituitary,1,0.991711,1,0,0.000016,0.007754,0.000519,0.991711
data_rand_fold1/Testing/pituitary/Tr-pi_0750.jpg,103582,pituitary,pituitary,1,0.978837,1,0,0.000109,0.020236,0.000817,0.978837
data_rand_fold1/Testing/pituitary/Tr-pi_0754.jpg,103582,pituitary,pituitary,1,0.688576,1,0,0.000056,0.310673,0.000694,0.688576
data_rand_fold1/Testing/pituitary/Tr-pi_0756.jpg,103670,pituitary,pituitary,1,0.998357,1,0,0.000034,0.000770,0.000840,0.998357
data_rand_fold1/Testing/pituitary/Tr-pi_0757.jpg,103670,pituitary,pituitary,1,0.999701,1,0,0.000002,0.000266,0.000031,0.999701
data_rand_fold1/Testing/pituitary/Tr-pi_0771.jpg,110537,pituitary,pituitary,1,0.999006,1,0,0.000007,0.000740,0.000246,0.999006
data_rand_fold1/Testing/pituitary/Tr-pi_0775.jpg,110993,pituitary,pituitary,1,0.999978,1,0,0.000000,0.000017,0.000005,0.999978
data_rand_fold1/Testing/pituitary/Tr-pi_0779.jpg,111075,pituitary,pituitary,1,0.994739,1,0,0.002609,0.002398,0.000253,0.994739
data_rand_fold1/Testing/pituitary/Tr-pi_0789.jpg,111785,pituitary,pituitary,1,0.998567,1,0,0.000222,0.001163,0.000048,0.998567
data_rand_fold1/Testing/pituitary/Tr-pi_0792.jpg,112074,pituitary,pituitary,1,0.930520,1,0,0.005047,0.062058,0.002375,0.930520
data_rand_fold1/Testing/pituitary/Tr-pi_0800.jpg,112649,pituitary,pituitary,1,0.998804,1,0,0.000290,0.000793,0.000114,0.998804
data_rand_fold1/Testing/pituitary/Tr-pi_0804.jpg,112746,pituitary,pituitary,1,0.999956,1,0,0.000001,0.000037,0.000006,0.999956
data_rand_fold1/Testing/pituitary/Tr-pi_0808.jpg,113274,pituitary,pituitary,1,0.999992,1,0,0.000000,0.000001,0.000007,0.999992
data_rand_fold1/Testing/pituitary/Tr-pi_0809.jpg,113274,pituitary,pituitary,1,0.999980,1,0,0.000004,0.000003,0.000012,0.999980
data_rand_fold1/Testing/pituitary/Tr-pi_0811.jpg,113741,pituitary,pituitary,1,0.999661,1,0,0.000011,0.000282,0.000046,0.999661
data_rand_fold1/Testing/pituitary/Tr-pi_0813.jpg,114040,pituitary,pituitary,1,0.989851,1,0,0.000369,0.008043,0.001737,0.989851
data_rand_fold1/Testing/pituitary/Tr-pi_0818.jpg,114361,pituitary,pituitary,1,0.999289,1,0,0.000010,0.000662,0.000039,0.999289
data_rand_fold1/Testing/pituitary/Tr-pi_0823.jpg,105936,pituitary,pituitary,1,0.999999,1,0,0.000000,0.000001,0.000001,0.999999
data_rand_fold1/Testing/pituitary/Tr-pi_0824.jpg,105936,pituitary,pituitary,1,0.999998,1,0,0.000000,0.000001,0.000002,0.999998
data_rand_fold1/Testing/pituitary/Tr-pi_0825.jpg,113741,pituitary,pituitary,1,0.999579,1,0,0.000002,0.000089,0.000330,0.999579
data_rand_fold1/Testing/pituitary/Tr-pi_0828.jpg,106062,pituitary,pituitary,1,0.995993,1,0,0.000070,0.003709,0.000228,0.995993
data_rand_fold1/Testing/pituitary/Tr-pi_0829.jpg,106062,pituitary,pituitary,1,0.999917,1,0,0.000000,0.000083,0.000000,0.999917
data_rand_fold1/Testing/pituitary/Tr-pi_0830.jpg,106062,pituitary,pituitary,1,0.998735,1,0,0.000000,0.001264,0.000000,0.998735
data_rand_fold1/Testing/pituitary/Tr-pi_0832.jpg,107495,pituitary,pituitary,1,0.999915,1,0,0.000001,0.000073,0.000011,0.999915
data_rand_fold1/Testing/pituitary/Tr-pi_0836.jpg,107429,pituitary,pituitary,1,0.998466,1,0,0.000010,0.001513,0.000011,0.998466
data_rand_fold1/Testing/pituitary/Tr-pi_0843.jpg,107505,pituitary,pituitary,1,0.999788,1,0,0.000005,0.000201,0.000006,0.999788
data_rand_fold1/Testing/pituitary/Tr-pi_0850.jpg,108858,pituitary,pituitary,1,0.999977,1,0,0.000000,0.000019,0.000003,0.999977
data_rand_fold1/Testing/pituitary/Tr-pi_0863.jpg,109769,pituitary,pituitary,1,0.999980,1,0,0.000001,0.000017,0.000003,0.999980
data_rand_fold1/Testing/pituitary/Tr-pi_0867.jpg,109898,pituitary,pituitary,1,0.997852,1,0,0.000002,0.002122,0.000025,0.997852
data_rand_fold1/Testing/pituitary/Tr-pi_0876.jpg,110993,pituitary,pituitary,1,0.999978,1,0,0.000000,0.000020,0.000002,0.999978
data_rand_fold1/Testing/pituitary/Tr-pi_0885.jpg,111785,pituitary,pituitary,1,0.999866,1,0,0.000008,0.000118,0.000008,0.999866
data_rand_fold1/Testing/pituitary/Tr-pi_0886.jpg,111785,pituitary,pituitary,1,0.999391,1,0,0.000002,0.000591,0.000016,0.999391
data_rand_fold1/Testing/pituitary/Tr-pi_0890.jpg,105936,pituitary,pituitary,1,0.999763,1,0,0.000000,0.000011,0.000226,0.999763
data_rand_fold1/Testing/pituitary/Tr-pi_0896.jpg,114094,pituitary,pituitary,1,0.998686,1,0,0.000043,0.001242,0.000029,0.998686
data_rand_fold1/Testing/pituitary/Tr-pi_0903.jpg,112746,pituitary,pituitary,1,0.999683,1,0,0.000026,0.000268,0.000023,0.999683
data_rand_fold1/Testing/pituitary/Tr-pi_0905.jpg,114094,pituitary,pituitary,1,0.997807,1,0,0.000043,0.001507,0.000643,0.997807
data_rand_fold1/Testing/pituitary/Tr-pi_0906.jpg,112746,pituitary,pituitary,1,0.999996,1,0,0.000000,0.000004,0.000000,0.999996
data_rand_fold1/Testing/pituitary/Tr-pi_0913.jpg,106062,pituitary,pituitary,1,0.998813,1,0,0.000006,0.001121,0.000059,0.998813
data_rand_fold1/Testing/pituitary/Tr-pi_0916.jpg,106062,pituitary,pituitary,1,0.998078,1,0,0.000001,0.001656,0.000265,0.998078
data_rand_fold1/Testing/pituitary/Tr-pi_0919.jpg,107495,pituitary,pituitary,1,0.992572,1,0,0.000016,0.001731,0.005681,0.992572
data_rand_fold1/Testing/pituitary/Tr-pi_0928.jpg,107505,pituitary,pituitary,1,0.999976,1,0,0.000004,0.000019,0.000001,0.999976
data_rand_fold1/Testing/pituitary/Tr-pi_0941.jpg,108858,pituitary,pituitary,1,0.998887,1,0,0.000085,0.000402,0.000626,0.998887
data_rand_fold1/Testing/pituitary/Tr-pi_0947.jpg,109769,pituitary,pituitary,1,0.998586,1,0,0.000012,0.000156,0.001247,0.998586
data_rand_fold1/Testing/pituitary/Tr-pi_0957.jpg,110537,pituitary,pituitary,1,0.995842,1,0,0.000044,0.002662,0.001453,0.995842
data_rand_fold1/Testing/pituitary/Tr-pi_0959.jpg,110993,pituitary,pituitary,1,0.999387,1,0,0.000005,0.000144,0.000464,0.999387
data_rand_fold1/Testing/pituitary/Tr-pi_0964.jpg,111075,pituitary,pituitary,1,0.999980,1,0,0.000001,0.000007,0.000013,0.999980
data_rand_fold1/Testing/pituitary/Tr-pi_0969.jpg,111125,pituitary,pituitary,1,0.999988,1,0,0.000000,0.000006,0.000006,0.999988
data_rand_fold1/Testing/pituitary/Tr-pi_0979.jpg,114040,pituitary,pituitary,1,0.999730,1,0,0.000011,0.000252,0.000007,0.999730
data_rand_fold1/Testing/pituitary/Tr-pi_0984.jpg,114094,pituitary,pituitary,1,0.980662,1,0,0.000005,0.019226,0.000107,0.980662
data_rand_fold1/Testing/pituitary/Tr-pi_0986.jpg,101029,pituitary,notumor,0,0.828971,1,0,0.001550,0.011271,0.828971,0.158208
data_rand_fold1/Testing/pituitary/Tr-pi_0991.jpg,101305,pituitary,pituitary,1,0.999981,1,0,0.000001,0.000015,0.000003,0.999981
data_rand_fold1/Testing/pituitary/Tr-pi_1008.jpg,103478,pituitary,pituitary,1,0.989096,1,0,0.000201,0.010186,0.000517,0.989096
data_rand_fold1/Testing/pituitary/Tr-pi_1009.jpg,103478,pituitary,pituitary,1,0.918365,1,0,0.000554,0.066824,0.014257,0.918365
data_rand_fold1/Testing/pituitary/Tr-pi_1013.jpg,103478,pituitary,pituitary,1,0.852163,1,0,0.002132,0.035923,0.109782,0.852163
data_rand_fold1/Testing/pituitary/Tr-pi_1018.jpg,103670,pituitary,pituitary,1,0.999702,1,0,0.000004,0.000071,0.000224,0.999702
data_rand_fold1/Testing/pituitary/Tr-pi_1019.jpg,103670,pituitary,pituitary,1,0.999699,1,0,0.000004,0.000204,0.000094,0.999699
data_rand_fold1/Testing/pituitary/Tr-pi_1020.jpg,103671,pituitary,pituitary,1,0.988632,1,0,0.001045,0.006002,0.004321,0.988632
data_rand_fold1/Testing/pituitary/Tr-pi_1030.jpg,103731,pituitary,pituitary,1,0.999627,1,0,0.000001,0.000344,0.000028,0.999627
data_rand_fold1/Testing/pituitary/Tr-pi_1034.jpg,103837,pituitary,pituitary,1,0.998990,1,0,0.000001,0.000197,0.000812,0.998990
data_rand_fold1/Testing/pituitary/Tr-pi_1037.jpg,103837,pituitary,pituitary,1,0.994323,1,0,0.000004,0.001299,0.004375,0.994323
data_rand_fold1/Testing/pituitary/Tr-pi_1040.jpg,101029,pituitary,pituitary,1,0.985658,1,0,0.000136,0.000779,0.013428,0.985658
data_rand_fold1/Testing/pituitary/Tr-pi_1041.jpg,104019,pituitary,pituitary,1,0.999950,1,0,0.000002,0.000036,0.000013,0.999950
data_rand_fold1/Testing/pituitary/Tr-pi_1044.jpg,104558,pituitary,pituitary,1,0.999557,1,0,0.000007,0.000334,0.000102,0.999557
data_rand_fold1/Testing/pituitary/Tr-pi_1050.jpg,104684,pituitary,pituitary,1,0.998666,1,0,0.000001,0.000065,0.001269,0.998666
data_rand_fold1/Testing/pituitary/Tr-pi_1051.jpg,104684,pituitary,pituitary,1,0.999892,1,0,0.000000,0.000003,0.000105,0.999892
data_rand_fold1/Testing/pituitary/Tr-pi_1052.jpg,104684,pituitary,pituitary,1,0.999505,1,0,0.000000,0.000015,0.000480,0.999505
data_rand_fold1/Testing/pituitary/Tr-pi_1055.jpg,104684,pituitary,pituitary,1,0.996695,1,0,0.000019,0.000814,0.002472,0.996695
data_rand_fold1/Testing/pituitary/Tr-pi_1067.jpg,105538,pituitary,pituitary,1,0.642884,1,0,0.000298,0.349801,0.007017,0.642884
data_rand_fold1/Testing/pituitary/Tr-pi_1068.jpg,105538,pituitary,pituitary,1,0.507860,1,0,0.014692,0.408606,0.068842,0.507860
data_rand_fold1/Testing/pituitary/Tr-pi_1072.jpg,97416,pituitary,pituitary,1,0.975676,1,0,0.001817,0.019512,0.002994,0.975676
data_rand_fold1/Testing/pituitary/Tr-pi_1086.jpg,97461,pituitary,pituitary,1,0.999170,1,0,0.000011,0.000119,0.000699,0.999170
data_rand_fold1/Testing/pituitary/Tr-pi_1087.jpg,97481,pituitary,pituitary,1,0.899274,1,0,0.005784,0.087256,0.007686,0.899274
data_rand_fold1/Testing/pituitary/Tr-pi_1090.jpg,97599,pituitary,pituitary,1,0.592515,1,0,0.001597,0.197304,0.208584,0.592515
data_rand_fold1/Testing/pituitary/Tr-pi_1093.jpg,106062,pituitary,pituitary,1,0.996059,1,0,0.000210,0.003100,0.000631,0.996059
data_rand_fold1/Testing/pituitary/Tr-pi_1099.jpg,98472,pituitary,pituitary,1,0.983490,1,0,0.000014,0.015573,0.000924,0.983490
data_rand_fold1/Testing/pituitary/Tr-pi_1102.jpg,98652,pituitary,pituitary,1,0.996838,1,0,0.000009,0.000246,0.002907,0.996838
data_rand_fold1/Testing/pituitary/Tr-pi_1105.jpg,98871,pituitary,pituitary,1,0.999996,1,0,0.000000,0.000004,0.000001,0.999996
data_rand_fold1/Testing/pituitary/Tr-pi_1107.jpg,106062,pituitary,pituitary,1,0.999361,1,0,0.000097,0.000447,0.000094,0.999361
data_rand_fold1/Testing/pituitary/Tr-pi_1108.jpg,98874,pituitary,pituitary,1,0.943904,1,0,0.002268,0.052230,0.001598,0.943904
data_rand_fold1/Testing/pituitary/Tr-pi_1112.jpg,98992,pituitary,pituitary,1,0.974678,1,0,0.000091,0.019091,0.006140,0.974678
data_rand_fold1/Testing/pituitary/Tr-pi_1117.jpg,98995,pituitary,pituitary,1,0.999243,1,0,0.000001,0.000597,0.000159,0.999243
data_rand_fold1/Testing/pituitary/Tr-pi_1118.jpg,98995,pituitary,pituitary,1,0.996759,1,0,0.000009,0.001220,0.002012,0.996759
data_rand_fold1/Testing/pituitary/Tr-pi_1125.jpg,99223,pituitary,pituitary,1,0.999726,1,0,0.000014,0.000226,0.000035,0.999726
data_rand_fold1/Testing/pituitary/Tr-pi_1136.jpg,101029,pituitary,pituitary,1,0.999998,1,0,0.000000,0.000000,0.000002,0.999998
data_rand_fold1/Testing/pituitary/Tr-pi_1138.jpg,107495,pituitary,pituitary,1,0.999194,1,0,0.000007,0.000712,0.000087,0.999194
data_rand_fold1/Testing/pituitary/Tr-pi_1139.jpg,101029,pituitary,pituitary,1,0.999940,1,0,0.000000,0.000010,0.000050,0.999940
data_rand_fold1/Testing/pituitary/Tr-pi_1145.jpg,101305,pituitary,pituitary,1,0.999779,1,0,0.000012,0.000202,0.000007,0.999779
data_rand_fold1/Testing/pituitary/Tr-pi_1153.jpg,107495,pituitary,pituitary,1,0.999904,1,0,0.000002,0.000084,0.000009,0.999904
data_rand_fold1/Testing/pituitary/Tr-pi_1164.jpg,103478,pituitary,pituitary,1,0.954391,1,0,0.003047,0.027383,0.015179,0.954391
data_rand_fold1/Testing/pituitary/Tr-pi_1172.jpg,103582,pituitary,pituitary,1,0.976467,1,0,0.000078,0.022117,0.001339,0.976467
data_rand_fold1/Testing/pituitary/Tr-pi_1175.jpg,103670,pituitary,pituitary,1,0.999862,1,0,0.000008,0.000114,0.000015,0.999862
data_rand_fold1/Testing/pituitary/Tr-pi_1182.jpg,103671,pituitary,pituitary,1,0.998757,1,0,0.000033,0.001097,0.000112,0.998757
data_rand_fold1/Testing/pituitary/Tr-pi_1187.jpg,103731,pituitary,pituitary,1,0.988859,1,0,0.000138,0.010920,0.000083,0.988859
data_rand_fold1/Testing/pituitary/Tr-pi_1188.jpg,103837,pituitary,pituitary,1,0.924645,1,0,0.007168,0.061398,0.006788,0.924645
data_rand_fold1/Testing/pituitary/Tr-pi_1199.jpg,104558,pituitary,pituitary,1,0.906200,1,0,0.000299,0.093017,0.000483,0.906200
data_rand_fold1/Testing/pituitary/Tr-pi_1204.jpg,104684,pituitary,pituitary,1,0.990977,1,0,0.000114,0.007286,0.001622,0.990977
data_rand_fold1/Testing/pituitary/Tr-pi_1207.jpg,104684,pituitary,pituitary,1,0.995644,1,0,0.000199,0.001400,0.002756,0.995644
data_rand_fold1/Testing/pituitary/Tr-pi_1208.jpg,104684,pituitary,pituitary,1,0.998977,1,0,0.000029,0.000744,0.000250,0.998977
data_rand_fold1/Testing/pituitary/Tr-pi_1214.jpg,105187,pituitary,pituitary,1,0.999763,1,0,0.000004,0.000189,0.000044,0.999763
data_rand_fold1/Testing/pituitary/Tr-pi_1221.jpg,105538,pituitary,meningioma,0,0.846915,1,0,0.044358,0.846915,0.040773,0.067954
data_rand_fold1/Testing/pituitary/Tr-pi_1232.jpg,97416,pituitary,pituitary,1,0.999722,1,0,0.000016,0.000246,0.000016,0.999722
data_rand_fold1/Testing/pituitary/Tr-pi_1234.jpg,97461,pituitary,pituitary,1,0.995280,1,0,0.000098,0.004323,0.000299,0.995280
data_rand_fold1/Testing/pituitary/Tr-pi_1235.jpg,97461,pituitary,pituitary,1,0.999634,1,0,0.000084,0.000260,0.000022,0.999634
data_rand_fold1/Testing/pituitary/Tr-pi_1243.jpg,97481,pituitary,pituitary,1,0.999841,1,0,0.000003,0.000140,0.000016,0.999841
data_rand_fold1/Testing/pituitary/Tr-pi_1251.jpg,98472,pituitary,pituitary,1,0.894471,1,0,0.000049,0.105218,0.000262,0.894471
data_rand_fold1/Testing/pituitary/Tr-pi_1258.jpg,98871,pituitary,pituitary,1,0.998821,1,0,0.000058,0.000949,0.000172,0.998821
data_rand_fold1/Testing/pituitary/Tr-pi_1260.jpg,98871,pituitary,pituitary,1,0.999808,1,0,0.000016,0.000130,0.000046,0.999808
data_rand_fold1/Testing/pituitary/Tr-pi_1261.jpg,98871,pituitary,pituitary,1,0.997765,1,0,0.000034,0.000376,0.001825,0.997765
data_rand_fold1/Testing/pituitary/Tr-pi_1262.jpg,98871,pituitary,pituitary,1,0.956036,1,0,0.002254,0.008496,0.033214,0.956036
data_rand_fold1/Testing/pituitary/Tr-pi_1280.jpg,99223,pituitary,pituitary,1,0.993433,1,0,0.000045,0.006500,0.000022,0.993433
data_rand_fold1/Testing/pituitary/Tr-pi_1285.jpg,101017,pituitary,pituitary,1,0.999638,1,0,0.000001,0.000265,0.000096,0.999638
data_rand_fold1/Testing/pituitary/Tr-pi_1286.jpg,101029,pituitary,pituitary,1,1.000000,1,0,0.000000,0.000000,0.000000,1.000000
data_rand_fold1/Testing/pituitary/Tr-pi_1297.jpg,101305,pituitary,pituitary,1,0.999435,1,0,0.000008,0.000504,0.000054,0.999435
data_rand_fold1/Testing/pituitary/Tr-pi_1301.jpg,101724,pituitary,pituitary,1,0.999948,1,0,0.000012,0.000037,0.000004,0.999948
data_rand_fold1/Testing/pituitary/Tr-pi_1302.jpg,101724,pituitary,pituitary,1,0.999978,1,0,0.000001,0.000016,0.000005,0.999978
data_rand_fold1/Testing/pituitary/Tr-pi_1311.jpg,103046,pituitary,pituitary,1,0.999990,1,0,0.000000,0.000002,0.000008,0.999990
data_rand_fold1/Testing/pituitary/Tr-pi_1312.jpg,103046,pituitary,pituitary,1,0.999918,1,0,0.000001,0.000012,0.000069,0.999918
data_rand_fold1/Testing/pituitary/Tr-pi_1315.jpg,103257,pituitary,pituitary,1,0.999853,1,0,0.000000,0.000145,0.000002,0.999853
data_rand_fold1/Testing/pituitary/Tr-pi_1317.jpg,103257,pituitary,pituitary,1,0.999954,1,0,0.000001,0.000034,0.000011,0.999954
data_rand_fold1/Testing/pituitary/Tr-pi_1325.jpg,103478,pituitary,pituitary,1,0.999806,1,0,0.000001,0.000172,0.000022,0.999806
data_rand_fold1/Testing/pituitary/Tr-pi_1326.jpg,108858,pituitary,pituitary,1,0.997313,1,0,0.000176,0.002365,0.000145,0.997313
data_rand_fold1/Testing/pituitary/Tr-pi_1334.jpg,103670,pituitary,pituitary,1,0.999940,1,0,0.000000,0.000011,0.000048,0.999940
data_rand_fold1/Testing/pituitary/Tr-pi_1336.jpg,103670,pituitary,pituitary,1,0.999994,1,0,0.000000,0.000005,0.000001,0.999994
data_rand_fold1/Testing/pituitary/Tr-pi_1344.jpg,103837,pituitary,pituitary,1,0.997701,1,0,0.000001,0.002290,0.000008,0.997701
data_rand_fold1/Testing/pituitary/Tr-pi_1347.jpg,103837,pituitary,pituitary,1,0.936980,1,0,0.000002,0.000272,0.062746,0.936980
data_rand_fold1/Testing/pituitary/Tr-pi_1351.jpg,104019,pituitary,pituitary,1,0.999843,1,0,0.000001,0.000146,0.000010,0.999843
data_rand_fold1/Testing/pituitary/Tr-pi_1354.jpg,104558,pituitary,pituitary,1,0.999719,1,0,0.000000,0.000278,0.000003,0.999719
data_rand_fold1/Testing/pituitary/Tr-pi_1362.jpg,104684,pituitary,pituitary,1,0.999997,1,0,0.000000,0.000003,0.000000,0.999997
data_rand_fold1/Testing/pituitary/Tr-pi_1368.jpg,104912,pituitary,pituitary,1,0.999916,1,0,0.000030,0.000050,0.000005,0.999916
data_rand_fold1/Testing/pituitary/Tr-pi_1370.jpg,104912,pituitary,pituitary,1,0.999927,1,0,0.000008,0.000065,0.000001,0.999927
data_rand_fold1/Testing/pituitary/Tr-pi_1386.jpg,108931,pituitary,pituitary,1,0.988849,1,0,0.000047,0.001372,0.009732,0.988849
data_rand_fold1/Testing/pituitary/Tr-pi_1390.jpg,97416,pituitary,pituitary,1,0.999949,1,0,0.000000,0.000048,0.000003,0.999949
data_rand_fold1/Testing/pituitary/Tr-pi_1391.jpg,97416,pituitary,pituitary,1,0.998011,1,0,0.000000,0.001972,0.000018,0.998011
data_rand_fold1/Testing/pituitary/Tr-pi_1393.jpg,97416,pituitary,pituitary,1,0.996345,1,0,0.000130,0.003107,0.000418,0.996345
data_rand_fold1/Testing/pituitary/Tr-pi_1395.jpg,97461,pituitary,pituitary,1,0.999973,1,0,0.000000,0.000024,0.000003,0.999973
data_rand_fold1/Testing/pituitary/Tr-pi_1402.jpg,97481,pituitary,pituitary,1,0.999994,1,0,0.000000,0.000006,0.000001,0.999994
data_rand_fold1/Testing/pituitary/Tr-pi_1404.jpg,97481,pituitary,pituitary,1,0.999736,1,0,0.000039,0.000171,0.000054,0.999736
data_rand_fold1/Testing/pituitary/Tr-pi_1408.jpg,97890,pituitary,pituitary,1,0.999980,1,0,0.000000,0.000014,0.000006,0.999980
data_rand_fold1/Testing/pituitary/Tr-pi_1413.jpg,98472,pituitary,pituitary,1,0.979056,1,0,0.000000,0.020880,0.000064,0.979056
data_rand_fold1/Testing/pituitary/Tr-pi_1414.jpg,98472,pituitary,pituitary,1,0.998425,1,0,0.000001,0.001559,0.000015,0.998425
data_rand_fold1/Testing/pituitary/Tr-pi_1416.jpg,109471,pituitary,pituitary,1,0.969251,1,0,0.003107,0.025284,0.002358,0.969251
data_rand_fold1/Testing/pituitary/Tr-pi_1420.jpg,98652,pituitary,pituitary,1,0.999637,1,0,0.000001,0.000345,0.000017,0.999637
data_rand_fold1/Testing/pituitary/Tr-pi_1421.jpg,98871,pituitary,pituitary,1,0.997110,1,0,0.001108,0.001737,0.000044,0.997110
data_rand_fold1/Testing/pituitary/Tr-pi_1428.jpg,98874,pituitary,pituitary,1,0.999969,1,0,0.000000,0.000030,0.000001,0.999969
data_rand_fold1/Testing/pituitary/Tr-pi_1431.jpg,98874,pituitary,pituitary,1,0.999717,1,0,0.000000,0.000277,0.000005,0.999717
data_rand_fold1/Testing/pituitary/Tr-pi_1437.jpg,98992,pituitary,pituitary,1,0.971473,1,0,0.021100,0.004687,0.002740,0.971473
data_rand_fold1/Testing/pituitary/Tr-pi_1438.jpg,109471,pituitary,pituitary,1,0.997853,1,0,0.000614,0.001473,0.000060,0.997853
data_rand_fold1/Testing/pituitary/Tr-pi_1440.jpg,98992,pituitary,pituitary,1,0.999976,1,0,0.000000,0.000023,0.000001,0.999976
data_rand_fold1/Testing/pituitary/Tr-pi_1447.jpg,99223,pituitary,pituitary,1,0.999804,1,0,0.000000,0.000191,0.000005,0.999804
data_rand_fold1/Testing/pituitary/Tr-pi_1448.jpg,99223,pituitary,pituitary,1,0.999889,1,0,0.000000,0.000110,0.000000,0.999889
data_rand_fold1/Testing/pituitary/Tr-pi_1453.jpg,109769,pituitary,pituitary,1,0.988552,1,0,0.000066,0.009374,0.002008,0.988552
