path,group,true,pred,correct,confidence,fold,seed,p_glioma,p_meningioma,p_notumor,p_pituitary
data_rand_fold2/Testing/glioma/Te-gl_0012.jpg,MR054683,glioma,glioma,1,0.999894,2,42,0.999894,0.000076,0.000015,0.000016
data_rand_fold2/Testing/glioma/Te-gl_0019.jpg,MR037458B,glioma,glioma,1,0.995876,2,42,0.995876,0.003399,0.000313,0.000412
data_rand_fold2/Testing/glioma/Te-gl_0020.jpg,MR039473B,glioma,glioma,1,0.999978,2,42,0.999978,0.000005,0.000001,0.000016
data_rand_fold2/Testing/glioma/Te-gl_0025.jpg,MR050135B,glioma,glioma,1,0.999972,2,42,0.999972,0.000023,0.000003,0.000001
data_rand_fold2/Testing/glioma/Te-gl_0026.jpg,MR050135B,glioma,glioma,1,0.999989,2,42,0.999989,0.000006,0.000004,0.000001
data_rand_fold2/Testing/glioma/Te-gl_0027.jpg,MR050135B,glioma,glioma,1,0.999909,2,42,0.999909,0.000080,0.000009,0.000002
data_rand_fold2/Testing/glioma/Te-gl_0035.jpg,MR029209I,glioma,glioma,1,0.999992,2,42,0.999992,0.000006,0.000002,0.000000
data_rand_fold2/Testing/glioma/Te-gl_0040.jpg,MR048944,glioma,glioma,1,0.999974,2,42,0.999974,0.000022,0.000003,0.000001
data_rand_fold2/Testing/glioma/Te-gl_0042.jpg,MR048994,glioma,glioma,1,0.998863,2,42,0.998863,0.001111,0.000013,0.000014
data_rand_fold2/Testing/glioma/Te-gl_0049.jpg,MR040240,glioma,glioma,1,0.999987,2,42,0.999987,0.000005,0.000005,0.000002
data_rand_fold2/Testing/glioma/Te-gl_0050.jpg,MR040240B,glioma,glioma,1,0.999547,2,42,0.999547,0.000281,0.000058,0.000115
data_rand_fold2/Testing/glioma/Te-gl_0052.jpg,MR036496B,glioma,glioma,1,0.999951,2,42,0.999951,0.000021,0.000028,0.000000
data_rand_fold2/Testing/glioma/Te-gl_0055.jpg,MR024780B,glioma,glioma,1,0.999879,2,42,0.999879,0.000096,0.000024,0.000002
data_rand_fold2/Testing/glioma/Te-gl_0056.jpg,MR049104,glioma,glioma,1,0.999095,2,42,0.999095,0.000595,0.000278,0.000032
data_rand_fold2/Testing/glioma/Te-gl_0061.jpg,MR049358,glioma,glioma,1,0.999979,2,42,0.999979,0.000007,0.000006,0.000009
data_rand_fold2/Testing/glioma/Te-gl_0062.jpg,MR049453,glioma,glioma,1,0.999972,2,42,0.999972,0.000019,0.000008,0.000001
data_rand_fold2/Testing/glioma/Te-gl_0064.jpg,MR049453B,glioma,glioma,1,0.999937,2,42,0.999937,0.000051,0.000008,0.000005
data_rand_fold2/Testing/glioma/Te-gl_0075.jpg,MR049358,glioma,glioma,1,0.999996,2,42,0.999996,0.000003,0.000001,0.000000
data_rand_fold2/Testing/glioma/Te-gl_0082.jpg,MR050135B,glioma,glioma,1,0.999983,2,42,0.999983,0.000014,0.000002,0.000000
data_rand_fold2/Testing/glioma/Te-gl_0094.jpg,100820,glioma,glioma,1,0.867014,2,42,0.867014,0.021696,0.106281,0.005009
data_rand_fold2/Testing/glioma/Te-gl_0102.jpg,MR032322C,glioma,glioma,1,0.998081,2,42,0.998081,0.000235,0.001607,0.000077
data_rand_fold2/Testing/glioma/Te-gl_0108.jpg,MR039473,glioma,glioma,1,0.999966,2,42,0.999966,0.000019,0.000010,0.000005
data_rand_fold2/Testing/glioma/Te-gl_0113.jpg,MR037458C,glioma,glioma,1,0.999942,2,42,0.999942,0.000055,0.000003,0.000001
data_rand_fold2/Testing/glioma/Te-gl_0121.jpg,MR024780B,glioma,glioma,1,0.999914,2,42,0.999914,0.000055,0.000030,0.000002
data_rand_fold2/Testing/glioma/Te-gl_0124.jpg,MR049104,glioma,glioma,1,0.999036,2,42,0.999036,0.000324,0.000599,0.000041
data_rand_fold2/Testing/glioma/Te-gl_0129.jpg,MR049358,glioma,glioma,1,0.999168,2,42,0.999168,0.000180,0.000461,0.000191
data_rand_fold2/Testing/glioma/Te-gl_0134.jpg,MR024780G,glioma,glioma,1,0.999799,2,42,0.999799,0.000107,0.000080,0.000014
data_rand_fold2/Testing/glioma/Te-gl_0135.jpg,MR029209I,glioma,glioma,1,0.999990,2,42,0.999990,0.000005,0.000004,0.000001
data_rand_fold2/Testing/glioma/Te-gl_0142.jpg,MR048944,glioma,glioma,1,0.999938,2,42,0.999938,0.000054,0.000006,0.000002
data_rand_fold2/Testing/glioma/Te-gl_0143.jpg,MR040240,glioma,glioma,1,0.999127,2,42,0.999127,0.000846,0.000023,0.000004
data_rand_fold2/Testing/glioma/Te-gl_0144.jpg,MR040240,glioma,glioma,1,0.999946,2,42,0.999946,0.000040,0.000008,0.000006
data_rand_fold2/Testing/glioma/Te-gl_0150.jpg,MR048294,glioma,glioma,1,0.999860,2,42,0.999860,0.000053,0.000011,0.000076
data_rand_fold2/Testing/glioma/Te-gl_0153.jpg,MR051644,glioma,glioma,1,0.999993,2,42,0.999993,0.000003,0.000004,0.000001
data_rand_fold2/Testing/glioma/Te-gl_0156.jpg,MR047953C,glioma,glioma,1,0.997762,2,42,0.997762,0.000298,0.001473,0.000467
data_rand_fold2/Testing/glioma/Te-gl_0159.jpg,MR037458B,glioma,meningioma,0,0.795817,2,42,0.203697,0.795817,0.000236,0.000249
data_rand_fold2/Testing/glioma/Te-gl_0162.jpg,MR053110E,glioma,glioma,1,0.999231,2,42,0.999231,0.000504,0.000199,0.000066
data_rand_fold2/Testing/glioma/Te-gl_0163.jpg,MR053110E,glioma,glioma,1,0.999853,2,42,0.999853,0.000125,0.000012,0.000009
data_rand_fold2/Testing/glioma/Te-gl_0175.jpg,MR048944,glioma,glioma,1,0.999996,2,42,0.999996,0.000002,0.000002,0.000001
data_rand_fold2/Testing/glioma/Te-gl_0177.jpg,MR048994,glioma,glioma,1,0.994562,2,42,0.994562,0.005386,0.000015,0.000037
data_rand_fold2/Testing/glioma/Te-gl_0182.jpg,MR048994B,glioma,glioma,1,0.999964,2,42,0.999964,0.000033,0.000002,0.000002
data_rand_fold2/Testing/glioma/Te-gl_0183.jpg,MR049358,glioma,glioma,1,0.999972,2,42,0.999972,0.000014,0.000010,0.000004
data_rand_fold2/Testing/glioma/Te-gl_0187.jpg,MR049453,glioma,glioma,1,0.999978,2,42,0.999978,0.000009,0.000004,0.000009
data_rand_fold2/Testing/glioma/Te-gl_0188.jpg,MR024780G,glioma,glioma,1,0.999931,2,42,0.999931,0.000033,0.000028,0.000007
data_rand_fold2/Testing/glioma/Te-gl_0194.jpg,MR051461,glioma,glioma,1,0.999986,2,42,0.999986,0.000010,0.000004,0.000001
data_rand_fold2/Testing/glioma/Te-gl_0203.jpg,MR051644,glioma,glioma,1,0.999968,2,42,0.999968,0.000020,0.000008,0.000004
data_rand_fold2/Testing/glioma/Te-gl_0204.jpg,MR051651,glioma,glioma,1,0.999891,2,42,0.999891,0.000078,0.000013,0.000018
data_rand_fold2/Testing/glioma/Te-gl_0224.jpg,MR034997,glioma,glioma,1,0.999983,2,42,0.999983,0.000006,0.000003,0.000008
data_rand_fold2/Testing/glioma/Te-gl_0226.jpg,MR033389B,glioma,glioma,1,0.999988,2,42,0.999988,0.000001,0.000006,0.000004
data_rand_fold2/Testing/glioma/Te-gl_0237.jpg,102075,glioma,meningioma,0,0.993334,2,42,0.005219,0.993334,0.000134,0.001313
data_rand_fold2/Testing/glioma/Te-gl_0243.jpg,112105,glioma,glioma,1,0.999915,2,42,0.999915,0.000080,0.000003,0.000002
data_rand_fold2/Testing/glioma/Te-gl_0245.jpg,112105,glioma,glioma,1,0.999031,2,42,0.999031,0.000891,0.000058,0.000021
data_rand_fold2/Testing/glioma/Te-gl_0250.jpg,90284,glioma,glioma,1,0.998637,2,42,0.998637,0.001131,0.000056,0.000176
data_rand_fold2/Testing/glioma/Te-gl_0251.jpg,90284,glioma,glioma,1,0.999480,2,42,0.999480,0.000388,0.000128,0.000004
data_rand_fold2/Testing/glioma/Te-gl_0266.jpg,107747,glioma,glioma,1,0.994300,2,42,0.994300,0.005213,0.000007,0.000479
data_rand_fold2/Testing/glioma/Te-gl_0271.jpg,90284,glioma,glioma,1,0.971573,2,42,0.971573,0.025046,0.000912,0.002469
data_rand_fold2/Testing/glioma/Te-gl_0276.jpg,93329,glioma,glioma,1,0.987564,2,42,0.987564,0.008967,0.000054,0.003414
data_rand_fold2/Testing/glioma/Te-gl_0288.jpg,MR048297,glioma,glioma,1,0.996182,2,42,0.996182,0.003615,0.000201,0.000002
data_rand_fold2/Testing/glioma/Te-gl_0294.jpg,MR049104,glioma,glioma,1,0.999790,2,42,0.999790,0.000024,0.000018,0.000167
data_rand_fold2/Testing/glioma/Tr-gl_0012.jpg,MR053110E,glioma,glioma,1,0.999974,2,42,0.999974,0.000010,0.000007,0.000009
data_rand_fold2/Testing/glioma/Tr-gl_0013.jpg,MR049019G,glioma,glioma,1,0.999941,2,42,0.999941,0.000023,0.000031,0.000005
data_rand_fold2/Testing/glioma/Tr-gl_0030.jpg,MR033420,glioma,glioma,1,0.999952,2,42,0.999952,0.000047,0.000001,0.000000
data_rand_fold2/Testing/glioma/Tr-gl_0044.jpg,101020,glioma,glioma,1,0.999669,2,42,0.999669,0.000223,0.000093,0.000016
data_rand_fold2/Testing/glioma/Tr-gl_0045.jpg,94731,glioma,meningioma,0,0.752051,2,42,0.131292,0.752051,0.001145,0.115511
data_rand_fold2/Testing/glioma/Tr-gl_0046.jpg,95142,glioma,glioma,1,0.995824,2,42,0.995824,0.003230,0.000014,0.000931
data_rand_fold2/Testing/glioma/Tr-gl_0048.jpg,96587,glioma,glioma,1,0.999539,2,42,0.999539,0.000438,0.000018,0.000005
data_rand_fold2/Testing/glioma/Tr-gl_0050.jpg,98889,glioma,glioma,1,0.996023,2,42,0.996023,0.003812,0.000072,0.000094
data_rand_fold2/Testing/glioma/Tr-gl_0058.jpg,MR048944B,glioma,glioma,1,0.999994,2,42,0.999994,0.000003,0.000003,0.000000
data_rand_fold2/Testing/glioma/Tr-gl_0061.jpg,MR049358,glioma,glioma,1,0.999995,2,42,0.999995,0.000002,0.000003,0.000001
data_rand_fold2/Testing/glioma/Tr-gl_0065.jpg,MR050791B,glioma,glioma,1,0.998657,2,42,0.998657,0.001245,0.000082,0.000016
data_rand_fold2/Testing/glioma/Tr-gl_0066.jpg,MR051586,glioma,glioma,1,0.999921,2,42,0.999921,0.000041,0.000038,0.000000
data_rand_fold2/Testing/glioma/Tr-gl_0077.jpg,MR053110E,glioma,glioma,1,0.999816,2,42,0.999816,0.000075,0.000080,0.000029
data_rand_fold2/Testing/glioma/Tr-gl_0082.jpg,MR037458C,glioma,glioma,1,0.976876,2,42,0.976876,0.023066,0.000049,0.000009
data_rand_fold2/Testing/glioma/Tr-gl_0087.jpg,93825,glioma,glioma,1,0.999987,2,42,0.999987,0.000010,0.000000,0.000002
data_rand_fold2/Testing/glioma/Tr-gl_0088.jpg,MR040240C,glioma,glioma,1,0.999853,2,42,0.999853,0.000112,0.000015,0.000020
data_rand_fold2/Testing/glioma/Tr-gl_0095.jpg,MR048944,glioma,glioma,1,0.999954,2,42,0.999954,0.000035,0.000008,0.000003
data_rand_fold2/Testing/glioma/Tr-gl_0096.jpg,MR048994,glioma,glioma,1,0.999781,2,42,0.999781,0.000207,0.000005,0.000006
data_rand_fold2/Testing/glioma/Tr-gl_0097.jpg,MR026175E,glioma,glioma,1,0.998580,2,42,0.998580,0.000713,0.000695,0.000012
data_rand_fold2/Testing/glioma/Tr-gl_0101.jpg,112105,glioma,glioma,1,0.999896,2,42,0.999896,0.000102,0.000001,0.000001
data_rand_fold2/Testing/glioma/Tr-gl_0107.jpg,MR048994,glioma,glioma,1,0.999300,2,42,0.999300,0.000681,0.000011,0.000008
data_rand_fold2/Testing/glioma/Tr-gl_0110.jpg,MR049358,glioma,glioma,1,0.999910,2,42,0.999910,0.000058,0.000014,0.000018
data_rand_fold2/Testing/glioma/Tr-gl_0114.jpg,MR050135B,glioma,glioma,1,0.999972,2,42,0.999972,0.000010,0.000014,0.000003
data_rand_fold2/Testing/glioma/Tr-gl_0129.jpg,MR049104B,glioma,glioma,1,0.999976,2,42,0.999976,0.000007,0.000005,0.000012
data_rand_fold2/Testing/glioma/Tr-gl_0131.jpg,MR049104B,glioma,glioma,1,0.999958,2,42,0.999958,0.000003,0.000033,0.000006
data_rand_fold2/Testing/glioma/Tr-gl_0140.jpg,MR024780G,glioma,glioma,1,0.831824,2,42,0.831824,0.006184,0.001031,0.160961
data_rand_fold2/Testing/glioma/Tr-gl_0144.jpg,MR024780G,glioma,glioma,1,0.999854,2,42,0.999854,0.000089,0.000050,0.000007
data_rand_fold2/Testing/glioma/Tr-gl_0148.jpg,MR024780G,glioma,glioma,1,0.999942,2,42,0.999942,0.000039,0.000016,0.000003
data_rand_fold2/Testing/glioma/Tr-gl_0155.jpg,MR049453B,glioma,glioma,1,0.999929,2,42,0.999929,0.000057,0.000011,0.000003
data_rand_fold2/Testing/glioma/Tr-gl_0157.jpg,MR049453B,glioma,glioma,1,0.999913,2,42,0.999913,0.000060,0.000023,0.000004
data_rand_fold2/Testing/glioma/Tr-gl_0159.jpg,MR048294B,glioma,glioma,1,0.999889,2,42,0.999889,0.000025,0.000082,0.000004
data_rand_fold2/Testing/glioma/Tr-gl_0160.jpg,MR048294B,glioma,glioma,1,0.999897,2,42,0.999897,0.000091,0.000010,0.000001
data_rand_fold2/Testing/glioma/Tr-gl_0170.jpg,MR050135B,glioma,glioma,1,0.999381,2,42,0.999381,0.000538,0.000074,0.000007
data_rand_fold2/Testing/glioma/Tr-gl_0173.jpg,MR050135B,glioma,glioma,1,0.999973,2,42,0.999973,0.000013,0.000013,0.000001
data_rand_fold2/Testing/glioma/Tr-gl_0175.jpg,MR050135B,glioma,glioma,1,0.999951,2,42,0.999951,0.000039,0.000008,0.000001
data_rand_fold2/Testing/glioma/Tr-gl_0178.jpg,MR050687,glioma,glioma,1,0.851989,2,42,0.851989,0.147930,0.000069,0.000012
data_rand_fold2/Testing/glioma/Tr-gl_0179.jpg,MR050687,glioma,meningioma,0,0.977403,2,42,0.022441,0.977403,0.000119,0.000036
data_rand_fold2/Testing/glioma/Tr-gl_0181.jpg,MR050687,glioma,glioma,1,0.996897,2,42,0.996897,0.002365,0.000726,0.000012
data_rand_fold2/Testing/glioma/Tr-gl_0184.jpg,MR050687,glioma,meningioma,0,0.932933,2,42,0.054970,0.932933,0.011651,0.000447
data_rand_fold2/Testing/glioma/Tr-gl_0192.jpg,MR050791B,glioma,glioma,1,0.912238,2,42,0.912238,0.013607,0.073875,0.000280
data_rand_fold2/Testing/glioma/Tr-gl_0193.jpg,MR050791B,glioma,glioma,1,0.997304,2,42,0.997304,0.000965,0.001677,0.000054
data_rand_fold2/Testing/glioma/Tr-gl_0194.jpg,MR049019C,glioma,glioma,1,0.999849,2,42,0.999849,0.000095,0.000035,0.000021
data_rand_fold2/Testing/glioma/Tr-gl_0206.jpg,MR051461,glioma,glioma,1,0.999965,2,42,0.999965,0.000011,0.000024,0.000000
data_rand_fold2/Testing/glioma/Tr-gl_0207.jpg,MR051461,glioma,glioma,1,0.999987,2,42,0.999987,0.000009,0.000004,0.000000
data_rand_fold2/Testing/glioma/Tr-gl_0210.jpg,MR051461,glioma,glioma,1,0.999965,2,42,0.999965,0.000029,0.000006,0.000001
data_rand_fold2/Testing/glioma/Tr-gl_0213.jpg,MR051586,glioma,glioma,1,0.999851,2,42,0.999851,0.000060,0.000088,0.000001
data_rand_fold2/Testing/glioma/Tr-gl_0215.jpg,MR051586,glioma,glioma,1,0.999923,2,42,0.999923,0.000052,0.000025,0.000000
data_rand_fold2/Testing/glioma/Tr-gl_0216.jpg,MR051586,glioma,glioma,1,0.999772,2,42,0.999772,0.000195,0.000032,0.000000
data_rand_fold2/Testing/glioma/Tr-gl_0217.jpg,MR051586,glioma,glioma,1,0.999943,2,42,0.999943,0.000051,0.000007,0.000000
data_rand_fold2/Testing/glioma/Tr-gl_0219.jpg,MR051586,glioma,glioma,1,0.999927,2,42,0.999927,0.000038,0.000033,0.000002
data_rand_fold2/Testing/glioma/Tr-gl_0224.jpg,MR051644,glioma,glioma,1,0.992134,2,42,0.992134,0.007134,0.000255,0.000477
data_rand_fold2/Testing/glioma/Tr-gl_0225.jpg,MR051644,glioma,glioma,1,0.527700,2,42,0.527700,0.468914,0.001233,0.002153
data_rand_fold2/Testing/glioma/Tr-gl_0226.jpg,MR051644,glioma,meningioma,0,0.747804,2,42,0.246525,0.747804,0.002991,0.002680
data_rand_fold2/Testing/glioma/Tr-gl_0248.jpg,MR051796,glioma,glioma,1,0.999578,2,42,0.999578,0.000301,0.000020,0.000101
data_rand_fold2/Testing/glioma/Tr-gl_0249.jpg,MR051796,glioma,glioma,1,0.978830,2,42,0.978830,0.021013,0.000062,0.000095
data_rand_fold2/Testing/glioma/Tr-gl_0251.jpg,MR051651B,glioma,glioma,1,0.999076,2,42,0.999076,0.000562,0.000353,0.000009
data_rand_fold2/Testing/glioma/Tr-gl_0257.jpg,MR051644B,glioma,glioma,1,0.999822,2,42,0.999822,0.000033,0.000142,0.000003
data_rand_fold2/Testing/glioma/Tr-gl_0262.jpg,MR051644B,glioma,glioma,1,0.999784,2,42,0.999784,0.000135,0.000074,0.000007
data_rand_fold2/Testing/glioma/Tr-gl_0265.jpg,MR052550,glioma,glioma,1,0.999992,2,42,0.999992,0.000005,0.000001,0.000002
data_rand_fold2/Testing/glioma/Tr-gl_0269.jpg,MR051644C,glioma,glioma,1,0.999997,2,42,0.999997,0.000003,0.000000,0.000000
data_rand_fold2/Testing/glioma/Tr-gl_0274.jpg,MR051644C,glioma,glioma,1,0.999981,2,42,0.999981,0.000004,0.000013,0.000002
data_rand_fold2/Testing/glioma/Tr-gl_0275.jpg,MR051644C,glioma,glioma,1,0.999979,2,42,0.999979,0.000008,0.000012,0.000000
data_rand_fold2/Testing/glioma/Tr-gl_0278.jpg,MR051644C,glioma,glioma,1,0.999983,2,42,0.999983,0.000010,0.000005,0.000001
data_rand_fold2/Testing/glioma/Tr-gl_0285.jpg,MR047953C,glioma,glioma,1,0.999970,2,42,0.999970,0.000014,0.000007,0.000009
data_rand_fold2/Testing/glioma/Tr-gl_0290.jpg,MR053110B,glioma,glioma,1,0.999938,2,42,0.999938,0.000048,0.000011,0.000003
data_rand_fold2/Testing/glioma/Tr-gl_0291.jpg,MR053110B,glioma,glioma,1,0.999923,2,42,0.999923,0.000028,0.000046,0.000003
data_rand_fold2/Testing/glioma/Tr-gl_0294.jpg,MR034694,glioma,glioma,1,0.999860,2,42,0.999860,0.000056,0.000083,0.000001
data_rand_fold2/Testing/glioma/Tr-gl_0298.jpg,MR054683,glioma,glioma,1,0.999982,2,42,0.999982,0.000009,0.000001,0.000008
data_rand_fold2/Testing/glioma/Tr-gl_0301.jpg,MR054875,glioma,glioma,1,0.999943,2,42,0.999943,0.000020,0.000005,0.000032
data_rand_fold2/Testing/glioma/Tr-gl_0302.jpg,MR054875,glioma,glioma,1,0.999850,2,42,0.999850,0.000027,0.000071,0.000052
data_rand_fold2/Testing/glioma/Tr-gl_0307.jpg,MR050687C,glioma,glioma,1,0.999705,2,42,0.999705,0.000129,0.000077,0.000089
data_rand_fold2/Testing/glioma/Tr-gl_0309.jpg,MR056144,glioma,glioma,1,0.999977,2,42,0.999977,0.000009,0.000011,0.000003
data_rand_fold2/Testing/glioma/Tr-gl_0315.jpg,MR034997,glioma,glioma,1,0.999647,2,42,0.999647,0.000122,0.000230,0.000001
data_rand_fold2/Testing/glioma/Tr-gl_0317.jpg,MR034997,glioma,glioma,1,0.999102,2,42,0.999102,0.000428,0.000470,0.000000
data_rand_fold2/Testing/glioma/Tr-gl_0324.jpg,MR029209E,glioma,glioma,1,0.999986,2,42,0.999986,0.000007,0.000007,0.000001
data_rand_fold2/Testing/glioma/Tr-gl_0345.jpg,MR038469,glioma,glioma,1,0.999928,2,42,0.999928,0.000060,0.000009,0.000003
data_rand_fold2/Testing/glioma/Tr-gl_0346.jpg,MR038469,glioma,glioma,1,0.999718,2,42,0.999718,0.000168,0.000106,0.000009
data_rand_fold2/Testing/glioma/Tr-gl_0352.jpg,MR032322C,glioma,glioma,1,0.999831,2,42,0.999831,0.000138,0.000027,0.000004
data_rand_fold2/Testing/glioma/Tr-gl_0357.jpg,MR037458B,glioma,glioma,1,0.907740,2,42,0.907740,0.091489,0.000490,0.000281
data_rand_fold2/Testing/glioma/Tr-gl_0362.jpg,MR037458B,glioma,glioma,1,0.875788,2,42,0.875788,0.123851,0.000213,0.000147
data_rand_fold2/Testing/glioma/Tr-gl_0380.jpg,MR040240,glioma,glioma,1,0.999855,2,42,0.999855,0.000141,0.000003,0.000001
data_rand_fold2/Testing/glioma/Tr-gl_0391.jpg,MR040240B,glioma,glioma,1,0.999620,2,42,0.999620,0.000366,0.000010,0.000004
data_rand_fold2/Testing/glioma/Tr-gl_0394.jpg,MR029209G,glioma,glioma,1,0.999956,2,42,0.999956,0.000009,0.000033,0.000001
data_rand_fold2/Testing/glioma/Tr-gl_0398.jpg,MR029209G,glioma,glioma,1,0.999939,2,42,0.999939,0.000036,0.000021,0.000004
data_rand_fold2/Testing/glioma/Tr-gl_0400.jpg,MR036496B,glioma,glioma,1,0.999512,2,42,0.999512,0.000080,0.000407,0.000001
data_rand_fold2/Testing/glioma/Tr-gl_0406.jpg,MR033420,glioma,glioma,1,0.999997,2,42,0.999997,0.000001,0.000002,0.000000
data_rand_fold2/Testing/glioma/Tr-gl_0419.jpg,MR049142,glioma,glioma,1,0.860636,2,42,0.860636,0.132086,0.000426,0.006852
data_rand_fold2/Testing/glioma/Tr-gl_0424.jpg,MR048944B,glioma,glioma,1,0.999983,2,42,0.999983,0.000007,0.000009,0.000001
data_rand_fold2/Testing/glioma/Tr-gl_0427.jpg,MR048944B,glioma,glioma,1,0.999972,2,42,0.999972,0.000013,0.000006,0.000009
data_rand_fold2/Testing/glioma/Tr-gl_0432.jpg,MR049358,glioma,glioma,1,0.999870,2,42,0.999870,0.000104,0.000022,0.000004
data_rand_fold2/Testing/glioma/Tr-gl_0450.jpg,MR049453B,glioma,glioma,1,0.999978,2,42,0.999978,0.000013,0.000003,0.000005
data_rand_fold2/Testing/glioma/Tr-gl_0451.jpg,MR049453B,glioma,glioma,1,0.999909,2,42,0.999909,0.000065,0.000016,0.000010
data_rand_fold2/Testing/glioma/Tr-gl_0455.jpg,MR049453B,glioma,glioma,1,0.999928,2,42,0.999928,0.000050,0.000010,0.000012
data_rand_fold2/Testing/glioma/Tr-gl_0460.jpg,MR049453B,glioma,glioma,1,0.999995,2,42,0.999995,0.000002,0.000002,0.000002
data_rand_fold2/Testing/glioma/Tr-gl_0461.jpg,MR049453B,glioma,glioma,1,0.999954,2,42,0.999954,0.000030,0.000011,0.000004
data_rand_fold2/Testing/glioma/Tr-gl_0462.jpg,MR050135B,glioma,glioma,1,0.999770,2,42,0.999770,0.000180,0.000016,0.000034
data_rand_fold2/Testing/glioma/Tr-gl_0476.jpg,MR050687,glioma,glioma,1,0.994566,2,42,0.994566,0.005079,0.000340,0.000015
data_rand_fold2/Testing/glioma/Tr-gl_0477.jpg,MR050687,glioma,meningioma,0,0.669629,2,42,0.329159,0.669629,0.001047,0.000165
data_rand_fold2/Testing/glioma/Tr-gl_0481.jpg,MR050791B,glioma,glioma,1,0.990543,2,42,0.990543,0.008642,0.000508,0.000308
data_rand_fold2/Testing/glioma/Tr-gl_0482.jpg,MR050791B,glioma,glioma,1,0.999420,2,42,0.999420,0.000464,0.000062,0.000054
data_rand_fold2/Testing/glioma/Tr-gl_0484.jpg,MR049019C,glioma,glioma,1,0.999783,2,42,0.999783,0.000054,0.000076,0.000087
data_rand_fold2/Testing/glioma/Tr-gl_0491.jpg,MR026175C,glioma,glioma,1,0.999818,2,42,0.999818,0.000112,0.000017,0.000054
data_rand_fold2/Testing/glioma/Tr-gl_0498.jpg,MR051461,glioma,glioma,1,0.999919,2,42,0.999919,0.000034,0.000020,0.000027
data_rand_fold2/Testing/glioma/Tr-gl_0501.jpg,MR051461,glioma,glioma,1,0.999179,2,42,0.999179,0.000251,0.000401,0.000168
data_rand_fold2/Testing/glioma/Tr-gl_0509.jpg,MR033389B,glioma,glioma,1,0.999880,2,42,0.999880,0.000083,0.000036,0.000001
data_rand_fold2/Testing/glioma/Tr-gl_0521.jpg,MR026175E,glioma,glioma,1,0.999521,2,42,0.999521,0.000215,0.000263,0.000001
data_rand_fold2/Testing/glioma/Tr-gl_0524.jpg,MR040240C,glioma,glioma,1,0.999867,2,42,0.999867,0.000015,0.000010,0.000108
data_rand_fold2/Testing/glioma/Tr-gl_0534.jpg,MR040240C,glioma,glioma,1,0.999806,2,42,0.999806,0.000178,0.000011,0.000006
data_rand_fold2/Testing/glioma/Tr-gl_0535.jpg,MR040240D,glioma,glioma,1,0.999599,2,42,0.999599,0.000310,0.000047,0.000044
data_rand_fold2/Testing/glioma/Tr-gl_0539.jpg,MR040240D,glioma,glioma,1,0.999982,2,42,0.999982,0.000012,0.000003,0.000002
data_rand_fold2/Testing/glioma/Tr-gl_0541.jpg,MR040240D,glioma,glioma,1,0.999976,2,42,0.999976,0.000016,0.000005,0.000003
data_rand_fold2/Testing/glioma/Tr-gl_0544.jpg,MR040240D,glioma,glioma,1,0.999950,2,42,0.999950,0.000040,0.000007,0.000003
data_rand_fold2/Testing/glioma/Tr-gl_0547.jpg,MR017260F,glioma,glioma,1,0.999979,2,42,0.999979,0.000012,0.000007,0.000002
data_rand_fold2/Testing/glioma/Tr-gl_0548.jpg,MR017260F,glioma,glioma,1,0.999869,2,42,0.999869,0.000085,0.000044,0.000003
data_rand_fold2/Testing/glioma/Tr-gl_0549.jpg,MR017260F,glioma,glioma,1,0.999892,2,42,0.999892,0.000015,0.000092,0.000001
data_rand_fold2/Testing/glioma/Tr-gl_0550.jpg,MR017260F,glioma,glioma,1,0.996252,2,42,0.996252,0.002867,0.000854,0.000028
data_rand_fold2/Testing/glioma/Tr-gl_0553.jpg,MR017260F,glioma,glioma,1,0.999751,2,42,0.999751,0.000225,0.000021,0.000002
data_rand_fold2/Testing/glioma/Tr-gl_0562.jpg,MR029209I,glioma,glioma,1,0.999939,2,42,0.999939,0.000044,0.000014,0.000003
data_rand_fold2/Testing/glioma/Tr-gl_0579.jpg,MR048621B,glioma,glioma,1,0.999833,2,42,0.999833,0.000058,0.000034,0.000075
data_rand_fold2/Testing/glioma/Tr-gl_0586.jpg,MR048944,glioma,glioma,1,0.999932,2,42,0.999932,0.000051,0.000017,0.000001
data_rand_fold2/Testing/glioma/Tr-gl_0587.jpg,MR048944,glioma,glioma,1,0.999904,2,42,0.999904,0.000039,0.000032,0.000025
data_rand_fold2/Testing/glioma/Tr-gl_0597.jpg,MR040240,glioma,glioma,1,0.964581,2,42,0.964581,0.030844,0.000160,0.004415
data_rand_fold2/Testing/glioma/Tr-gl_0600.jpg,MR040240,glioma,glioma,1,0.999796,2,42,0.999796,0.000167,0.000030,0.000006
data_rand_fold2/Testing/glioma/Tr-gl_0601.jpg,MR040240,glioma,glioma,1,0.999730,2,42,0.999730,0.000265,0.000003,0.000001
data_rand_fold2/Testing/glioma/Tr-gl_0604.jpg,MR040240,glioma,glioma,1,0.999817,2,42,0.999817,0.000107,0.000047,0.000029
data_rand_fold2/Testing/glioma/Tr-gl_0605.jpg,MR040240B,glioma,glioma,1,0.999814,2,42,0.999814,0.000081,0.000069,0.000036
data_rand_fold2/Testing/glioma/Tr-gl_0609.jpg,MR040240B,glioma,glioma,1,0.999477,2,42,0.999477,0.000381,0.000046,0.000096
data_rand_fold2/Testing/glioma/Tr-gl_0619.jpg,MR029209G,glioma,glioma,1,0.999905,2,42,0.999905,0.000029,0.000059,0.000007
data_rand_fold2/Testing/glioma/Tr-gl_0620.jpg,MR029209G,glioma,glioma,1,0.999362,2,42,0.999362,0.000192,0.000410,0.000036
data_rand_fold2/Testing/glioma/Tr-gl_0640.jpg,MR033389B,glioma,glioma,1,0.999970,2,42,0.999970,0.000026,0.000001,0.000003
data_rand_fold2/Testing/glioma/Tr-gl_0641.jpg,MR033389B,glioma,glioma,1,0.999756,2,42,0.999756,0.000169,0.000039,0.000036
data_rand_fold2/Testing/glioma/Tr-gl_0646.jpg,MR024780E,glioma,glioma,1,0.999970,2,42,0.999970,0.000008,0.000021,0.000001
data_rand_fold2/Testing/glioma/Tr-gl_0668.jpg,MR040240C,glioma,glioma,1,0.999857,2,42,0.999857,0.000098,0.000034,0.000011
data_rand_fold2/Testing/glioma/Tr-gl_0670.jpg,MR040240C,glioma,glioma,1,0.999855,2,42,0.999855,0.000031,0.000105,0.000009
data_rand_fold2/Testing/glioma/Tr-gl_0674.jpg,MR017260F,glioma,glioma,1,0.998189,2,42,0.998189,0.001729,0.000061,0.000021
data_rand_fold2/Testing/glioma/Tr-gl_0680.jpg,MR029209I,glioma,glioma,1,0.999878,2,42,0.999878,0.000054,0.000044,0.000024
data_rand_fold2/Testing/glioma/Tr-gl_0690.jpg,MR048294,glioma,glioma,1,0.999976,2,42,0.999976,0.000017,0.000002,0.000005
data_rand_fold2/Testing/glioma/Tr-gl_0698.jpg,MR051644,glioma,glioma,1,0.999934,2,42,0.999934,0.000007,0.000035,0.000024
data_rand_fold2/Testing/glioma/Tr-gl_0704.jpg,MR051644,glioma,glioma,1,0.999985,2,42,0.999985,0.000008,0.000004,0.000003
data_rand_fold2/Testing/glioma/Tr-gl_0714.jpg,MR051651,glioma,glioma,1,0.995819,2,42,0.995819,0.000928,0.002992,0.000261
data_rand_fold2/Testing/glioma/Tr-gl_0717.jpg,MR051796,glioma,glioma,1,0.999970,2,42,0.999970,0.000008,0.000005,0.000017
data_rand_fold2/Testing/glioma/Tr-gl_0732.jpg,MR052550,glioma,glioma,1,0.999673,2,42,0.999673,0.000144,0.000177,0.000006
data_rand_fold2/Testing/glioma/Tr-gl_0758.jpg,MR053110B,glioma,glioma,1,0.999383,2,42,0.999383,0.000117,0.000415,0.000085
data_rand_fold2/Testing/glioma/Tr-gl_0760.jpg,MR053110B,glioma,glioma,1,0.999976,2,42,0.999976,0.000013,0.000008,0.000003
data_rand_fold2/Testing/glioma/Tr-gl_0766.jpg,MR034694,glioma,glioma,1,0.999960,2,42,0.999960,0.000007,0.000032,0.000001
data_rand_fold2/Testing/glioma/Tr-gl_0771.jpg,MR054683,glioma,glioma,1,0.998796,2,42,0.998796,0.000366,0.000818,0.000020
data_rand_fold2/Testing/glioma/Tr-gl_0774.jpg,MR050687C,glioma,glioma,1,0.998060,2,42,0.998060,0.000642,0.001181,0.000116
data_rand_fold2/Testing/glioma/Tr-gl_0779.jpg,MR050687C,glioma,glioma,1,0.999488,2,42,0.999488,0.000249,0.000090,0.000173
data_rand_fold2/Testing/glioma/Tr-gl_0786.jpg,MR053241C,glioma,glioma,1,0.997729,2,42,0.997729,0.000362,0.001850,0.000058
data_rand_fold2/Testing/glioma/Tr-gl_0787.jpg,MR053241C,glioma,glioma,1,0.999591,2,42,0.999591,0.000048,0.000309,0.000053
data_rand_fold2/Testing/glioma/Tr-gl_0792.jpg,MR034997,glioma,glioma,1,0.999892,2,42,0.999892,0.000046,0.000047,0.000014
data_rand_fold2/Testing/glioma/Tr-gl_0800.jpg,MR029209E,glioma,glioma,1,0.999975,2,42,0.999975,0.000007,0.000018,0.000001
data_rand_fold2/Testing/glioma/Tr-gl_0807.jpg,MR053110E,glioma,glioma,1,0.996950,2,42,0.996950,0.001519,0.001006,0.000524
data_rand_fold2/Testing/glioma/Tr-gl_0815.jpg,MR049019G,glioma,glioma,1,0.999974,2,42,0.999974,0.000005,0.000018,0.000004
data_rand_fold2/Testing/glioma/Tr-gl_0817.jpg,MR031409B,glioma,glioma,1,0.999875,2,42,0.999875,0.000073,0.000034,0.000019
data_rand_fold2/Testing/glioma/Tr-gl_0818.jpg,MR031409B,glioma,glioma,1,0.999496,2,42,0.999496,0.000352,0.000094,0.000057
data_rand_fold2/Testing/glioma/Tr-gl_0821.jpg,MR038469,glioma,glioma,1,0.993198,2,42,0.993198,0.001548,0.001982,0.003272
data_rand_fold2/Testing/glioma/Tr-gl_0822.jpg,MR038469,glioma,glioma,1,0.993082,2,42,0.993082,0.004893,0.001484,0.000541
data_rand_fold2/Testing/glioma/Tr-gl_0823.jpg,MR038469,glioma,glioma,1,0.998298,2,42,0.998298,0.001377,0.000145,0.000179
data_rand_fold2/Testing/glioma/Tr-gl_0825.jpg,MR038469,glioma,glioma,1,0.999600,2,42,0.999600,0.000187,0.000176,0.000037
data_rand_fold2/Testing/glioma/Tr-gl_0831.jpg,MR032322C,glioma,glioma,1,0.999965,2,42,0.999965,0.000032,0.000003,0.000001
data_rand_fold2/Testing/glioma/Tr-gl_0833.jpg,MR032322C,glioma,glioma,1,0.999417,2,42,0.999417,0.000160,0.000307,0.000117
data_rand_fold2/Testing/glioma/Tr-gl_0837.jpg,MR032322C,glioma,glioma,1,0.999886,2,42,0.999886,0.000105,0.000008,0.000002
data_rand_fold2/Testing/glioma/Tr-gl_0840.jpg,MR032322C,glioma,glioma,1,0.999832,2,42,0.999832,0.000021,0.000139,0.000008
data_rand_fold2/Testing/glioma/Tr-gl_0845.jpg,MR037458B,glioma,meningioma,0,0.684159,2,42,0.313966,0.684159,0.000146,0.001729
data_rand_fold2/Testing/glioma/Tr-gl_0848.jpg,MR039473,glioma,glioma,1,0.999920,2,42,0.999920,0.000059,0.000018,0.000002
data_rand_fold2/Testing/glioma/Tr-gl_0860.jpg,MR037458C,glioma,glioma,1,0.996793,2,42,0.996793,0.003150,0.000054,0.000002
data_rand_fold2/Testing/glioma/Tr-gl_0864.jpg,MR037458C,glioma,glioma,1,0.999966,2,42,0.999966,0.000009,0.000021,0.000004
data_rand_fold2/Testing/glioma/Tr-gl_0866.jpg,MR037458C,glioma,glioma,1,0.999619,2,42,0.999619,0.000369,0.000010,0.000002
data_rand_fold2/Testing/glioma/Tr-gl_0867.jpg,MR029209E,glioma,glioma,1,0.999577,2,42,0.999577,0.000378,0.000030,0.000015
data_rand_fold2/Testing/glioma/Tr-gl_0877.jpg,MR049019G,glioma,glioma,1,0.999804,2,42,0.999804,0.000120,0.000019,0.000057
data_rand_fold2/Testing/glioma/Tr-gl_0880.jpg,MR031409B,glioma,glioma,1,0.999984,2,42,0.999984,0.000011,0.000001,0.000003
data_rand_fold2/Testing/glioma/Tr-gl_0883.jpg,MR038469,glioma,glioma,1,0.965641,2,42,0.965641,0.031805,0.000477,0.002077
data_rand_fold2/Testing/glioma/Tr-gl_0887.jpg,MR032322C,glioma,glioma,1,0.999938,2,42,0.999938,0.000025,0.000015,0.000022
data_rand_fold2/Testing/glioma/Tr-gl_0890.jpg,MR032322C,glioma,glioma,1,0.999664,2,42,0.999664,0.000108,0.000026,0.000202
data_rand_fold2/Testing/glioma/Tr-gl_0893.jpg,MR032322C,glioma,glioma,1,0.999372,2,42,0.999372,0.000431,0.000110,0.000087
data_rand_fold2/Testing/glioma/Tr-gl_0901.jpg,MR037458B,glioma,meningioma,0,0.868287,2,42,0.131324,0.868287,0.000031,0.000358
data_rand_fold2/Testing/glioma/Tr-gl_0906.jpg,MR039473B,glioma,glioma,1,0.999883,2,42,0.999883,0.000105,0.000007,0.000005
data_rand_fold2/Testing/glioma/Tr-gl_0915.jpg,MR040240,glioma,glioma,1,0.999627,2,42,0.999627,0.000352,0.000004,0.000017
data_rand_fold2/Testing/glioma/Tr-gl_0916.jpg,MR040240,glioma,glioma,1,0.999365,2,42,0.999365,0.000232,0.000009,0.000394
data_rand_fold2/Testing/glioma/Tr-gl_0921.jpg,MR040240B,glioma,glioma,1,0.998581,2,42,0.998581,0.001302,0.000077,0.000040
data_rand_fold2/Testing/glioma/Tr-gl_0932.jpg,MR036496B,glioma,glioma,1,0.999999,2,42,0.999999,0.000001,0.000000,0.000000
data_rand_fold2/Testing/glioma/Tr-gl_0942.jpg,MR024780B,glioma,glioma,1,0.999902,2,42,0.999902,0.000036,0.000024,0.000037
data_rand_fold2/Testing/glioma/Tr-gl_0950.jpg,MR048297,glioma,glioma,1,0.999389,2,42,0.999389,0.000479,0.000119,0.000013
data_rand_fold2/Testing/glioma/Tr-gl_0953.jpg,MR048294B,glioma,glioma,1,0.869034,2,42,0.869034,0.130447,0.000202,0.000318
data_rand_fold2/Testing/glioma/Tr-gl_0960.jpg,MR048621B,glioma,glioma,1,0.999479,2,42,0.999479,0.000452,0.000047,0.000022
data_rand_fold2/Testing/glioma/Tr-gl_0961.jpg,MR048621B,glioma,glioma,1,0.999603,2,42,0.999603,0.000361,0.000025,0.000011
data_rand_fold2/Testing/glioma/Tr-gl_0973.jpg,MR049104,glioma,glioma,1,0.999828,2,42,0.999828,0.000058,0.000036,0.000078
data_rand_fold2/Testing/glioma/Tr-gl_0974.jpg,MR049104,glioma,glioma,1,0.999336,2,42,0.999336,0.000050,0.000053,0.000561
data_rand_fold2/Testing/glioma/Tr-gl_0975.jpg,MR049142,glioma,glioma,1,0.701830,2,42,0.701830,0.180067,0.061518,0.056585
data_rand_fold2/Testing/glioma/Tr-gl_0977.jpg,MR049142,glioma,glioma,1,0.987265,2,42,0.987265,0.010617,0.000026,0.002091
data_rand_fold2/Testing/glioma/Tr-gl_0978.jpg,MR048994B,glioma,glioma,1,0.999070,2,42,0.999070,0.000801,0.000050,0.000079
data_rand_fold2/Testing/glioma/Tr-gl_0982.jpg,MR049358,glioma,glioma,1,0.999501,2,42,0.999501,0.000314,0.000073,0.000112
data_rand_fold2/Testing/glioma/Tr-gl_0984.jpg,MR049358,glioma,glioma,1,0.999995,2,42,0.999995,0.000001,0.000001,0.000003
data_rand_fold2/Testing/glioma/Tr-gl_0987.jpg,MR049453,glioma,glioma,1,0.999993,2,42,0.999993,0.000005,0.000002,0.000001
data_rand_fold2/Testing/glioma/Tr-gl_0996.jpg,MR024780G,glioma,glioma,1,0.999570,2,42,0.999570,0.000307,0.000031,0.000092
data_rand_fold2/Testing/glioma/Tr-gl_0999.jpg,MR050135B,glioma,glioma,1,0.999995,2,42,0.999995,0.000003,0.000002,0.000000
data_rand_fold2/Testing/glioma/Tr-gl_1002.jpg,MR050135B,glioma,glioma,1,0.999964,2,42,0.999964,0.000035,0.000001,0.000001
data_rand_fold2/Testing/glioma/Tr-gl_1022.jpg,MR051461,glioma,glioma,1,0.999838,2,42,0.999838,0.000105,0.000017,0.000039
data_rand_fold2/Testing/glioma/Tr-gl_1037.jpg,MR051651,glioma,glioma,1,0.999953,2,42,0.999953,0.000034,0.000007,0.000007
data_rand_fold2/Testing/glioma/Tr-gl_1043.jpg,MR051796,glioma,glioma,1,0.999655,2,42,0.999655,0.000190,0.000015,0.000141
data_rand_fold2/Testing/glioma/Tr-gl_1045.jpg,MR051651B,glioma,glioma,1,0.966161,2,42,0.966161,0.032071,0.000187,0.001581
data_rand_fold2/Testing/glioma/Tr-gl_1057.jpg,MR051796B,glioma,glioma,1,0.999878,2,42,0.999878,0.000069,0.000026,0.000026
data_rand_fold2/Testing/glioma/Tr-gl_1060.jpg,MR052550,glioma,glioma,1,0.999987,2,42,0.999987,0.000009,0.000003,0.000002
data_rand_fold2/Testing/glioma/Tr-gl_1077.jpg,MR053110B,glioma,glioma,1,0.999906,2,42,0.999906,0.000026,0.000012,0.000056
data_rand_fold2/Testing/glioma/Tr-gl_1080.jpg,MR053110B,glioma,glioma,1,0.998585,2,42,0.998585,0.001265,0.000076,0.000074
data_rand_fold2/Testing/glioma/Tr-gl_1082.jpg,MR034694,glioma,glioma,1,0.999990,2,42,0.999990,0.000006,0.000001,0.000003
data_rand_fold2/Testing/glioma/Tr-gl_1091.jpg,MR050687C,glioma,glioma,1,0.999701,2,42,0.999701,0.000021,0.000017,0.000262
data_rand_fold2/Testing/glioma/Tr-gl_1096.jpg,MR034997,glioma,glioma,1,0.999494,2,42,0.999494,0.000482,0.000013,0.000011
data_rand_fold2/Testing/glioma/Tr-gl_1105.jpg,MR033389B,glioma,glioma,1,0.999988,2,42,0.999988,0.000001,0.000006,0.000004
data_rand_fold2/Testing/glioma/Tr-gl_1110.jpg,MR040240C,glioma,glioma,1,0.999949,2,42,0.999949,0.000031,0.000004,0.000016
data_rand_fold2/Testing/glioma/Tr-gl_1111.jpg,MR040240C,glioma,glioma,1,0.999923,2,42,0.999923,0.000048,0.000004,0.000025
data_rand_fold2/Testing/glioma/Tr-gl_1114.jpg,MR040240C,glioma,glioma,1,0.998031,2,42,0.998031,0.000557,0.000040,0.001372
data_rand_fold2/Testing/glioma/Tr-gl_1133.jpg,101020,glioma,glioma,1,0.912423,2,42,0.912423,0.081937,0.004004,0.001636
data_rand_fold2/Testing/glioma/Tr-gl_1134.jpg,101020,glioma,glioma,1,0.995492,2,42,0.995492,0.004290,0.000119,0.000099
data_rand_fold2/Testing/glioma/Tr-gl_1151.jpg,107747,glioma,glioma,1,0.998748,2,42,0.998748,0.001172,0.000008,0.000072
data_rand_fold2/Testing/glioma/Tr-gl_1166.jpg,101020,glioma,glioma,1,0.998985,2,42,0.998985,0.000955,0.000014,0.000047
data_rand_fold2/Testing/glioma/Tr-gl_1167.jpg,101020,glioma,glioma,1,0.999814,2,42,0.999814,0.000030,0.000009,0.000147
data_rand_fold2/Testing/glioma/Tr-gl_1168.jpg,102075,glioma,glioma,1,0.745853,2,42,0.745853,0.250109,0.001212,0.002826
data_rand_fold2/Testing/glioma/Tr-gl_1179.jpg,107747,glioma,glioma,1,0.992143,2,42,0.992143,0.007766,0.000029,0.000062
data_rand_fold2/Testing/glioma/Tr-gl_1181.jpg,112027,glioma,meningioma,0,0.991173,2,42,0.006474,0.991173,0.000061,0.002292
data_rand_fold2/Testing/glioma/Tr-gl_1189.jpg,112105,glioma,glioma,1,0.999766,2,42,0.999766,0.000226,0.000005,0.000002
data_rand_fold2/Testing/glioma/Tr-gl_1190.jpg,88670,glioma,glioma,1,0.932053,2,42,0.932053,0.063149,0.001017,0.003780
data_rand_fold2/Testing/glioma/Tr-gl_1193.jpg,88670,glioma,glioma,1,0.988336,2,42,0.988336,0.011238,0.000360,0.000066
data_rand_fold2/Testing/glioma/Tr-gl_1197.jpg,90284,glioma,glioma,1,0.999815,2,42,0.999815,0.000075,0.000056,0.000054
data_rand_fold2/Testing/glioma/Tr-gl_1201.jpg,93825,glioma,glioma,1,0.985628,2,42,0.985628,0.013956,0.000157,0.000259
data_rand_fold2/Testing/glioma/Tr-gl_1204.jpg,97609,glioma,glioma,1,0.994297,2,42,0.994297,0.005193,0.000113,0.000397
data_rand_fold2/Testing/glioma/Tr-gl_1210.jpg,100820,glioma,glioma,1,0.987144,2,42,0.987144,0.012712,0.000085,0.000058
data_rand_fold2/Testing/glioma/Tr-gl_1211.jpg,100820,glioma,meningioma,0,0.993524,2,42,0.005620,0.993524,0.000247,0.000609
data_rand_fold2/Testing/glioma/Tr-gl_1212.jpg,101020,glioma,meningioma,0,0.992589,2,42,0.006182,0.992589,0.000053,0.001176
data_rand_fold2/Testing/glioma/Tr-gl_1216.jpg,101384,glioma,glioma,1,0.998812,2,42,0.998812,0.001094,0.000018,0.000076
data_rand_fold2/Testing/glioma/Tr-gl_1221.jpg,103148,glioma,glioma,1,0.701790,2,42,0.701790,0.290633,0.000128,0.007450
data_rand_fold2/Testing/glioma/Tr-gl_1224.jpg,106494,glioma,meningioma,0,0.950041,2,42,0.031220,0.950041,0.018570,0.000169
data_rand_fold2/Testing/glioma/Tr-gl_1234.jpg,112105,glioma,glioma,1,0.988100,2,42,0.988100,0.010678,0.000771,0.000451
data_rand_fold2/Testing/glioma/Tr-gl_1237.jpg,112105,glioma,glioma,1,0.999435,2,42,0.999435,0.000374,0.000006,0.000186
data_rand_fold2/Testing/glioma/Tr-gl_1238.jpg,112105,glioma,glioma,1,0.996040,2,42,0.996040,0.003309,0.000053,0.000598
data_rand_fold2/Testing/glioma/Tr-gl_1240.jpg,88670,glioma,glioma,1,0.996765,2,42,0.996765,0.003124,0.000106,0.000006
data_rand_fold2/Testing/glioma/Tr-gl_1245.jpg,90284,glioma,glioma,1,0.999063,2,42,0.999063,0.000603,0.000026,0.000308
data_rand_fold2/Testing/glioma/Tr-gl_1248.jpg,90284,glioma,glioma,1,0.999969,2,42,0.999969,0.000016,0.000004,0.000012
data_rand_fold2/Testing/glioma/Tr-gl_1253.jpg,93329,glioma,glioma,1,0.995032,2,42,0.995032,0.003617,0.000038,0.001313
data_rand_fold2/Testing/glioma/Tr-gl_1255.jpg,93825,glioma,glioma,1,0.999910,2,42,0.999910,0.000070,0.000003,0.000017
data_rand_fold2/Testing/glioma/Tr-gl_1260.jpg,95142,glioma,pituitary,0,0.665328,2,42,0.017785,0.205786,0.111101,0.665328
data_rand_fold2/Testing/glioma/Tr-gl_1265.jpg,95142,glioma,glioma,1,0.972445,2,42,0.972445,0.025469,0.000861,0.001225
data_rand_fold2/Testing/glioma/Tr-gl_1271.jpg,97609,glioma,glioma,1,0.996063,2,42,0.996063,0.003539,0.000034,0.000363
data_rand_fold2/Testing/glioma/Tr-gl_1280.jpg,MR048294,glioma,glioma,1,0.998725,2,42,0.998725,0.001201,0.000071,0.000003
data_rand_fold2/Testing/glioma/Tr-gl_1283.jpg,MR048297,glioma,glioma,1,0.993680,2,42,0.993680,0.006182,0.000133,0.000006
data_rand_fold2/Testing/glioma/Tr-gl_1295.jpg,MR048944,glioma,glioma,1,0.973578,2,42,0.973578,0.025902,0.000485,0.000035
data_rand_fold2/Testing/glioma/Tr-gl_1297.jpg,MR048944,glioma,glioma,1,0.995150,2,42,0.995150,0.004454,0.000043,0.000354
data_rand_fold2/Testing/glioma/Tr-gl_1305.jpg,MR048994,glioma,glioma,1,0.993882,2,42,0.993882,0.005009,0.000600,0.000509
data_rand_fold2/Testing/glioma/Tr-gl_1311.jpg,MR048994B,glioma,glioma,1,0.999938,2,42,0.999938,0.000047,0.000013,0.000002
data_rand_fold2/Testing/glioma/Tr-gl_1319.jpg,MR048944B,glioma,glioma,1,0.999845,2,42,0.999845,0.000122,0.000031,0.000002
data_rand_fold2/Testing/meningioma/Te-me_0122.jpg,111077,meningioma,meningioma,1,0.999977,2,42,0.000002,0.999977,0.000008,0.000012
data_rand_fold2/Testing/meningioma/Te-me_0125.jpg,112062,meningioma,meningioma,1,0.999762,2,42,0.000210,0.999762,0.000015,0.000013
data_rand_fold2/Testing/meningioma/Te-me_0134.jpg,97607,meningioma,meningioma,1,0.999860,2,42,0.000082,0.999860,0.000051,0.000007
data_rand_fold2/Testing/meningioma/Te-me_0138.jpg,98241,meningioma,meningioma,1,0.999985,2,42,0.000014,0.999985,0.000000,0.000001
data_rand_fold2/Testing/meningioma/Te-me_0146.jpg,97943,meningioma,meningioma,1,0.999998,2,42,0.000000,0.999998,0.000001,0.000001
data_rand_fold2/Testing/meningioma/Te-me_0147.jpg,98241,meningioma,meningioma,1,0.999999,2,42,0.000000,0.999999,0.000000,0.000001
data_rand_fold2/Testing/meningioma/Te-me_0148.jpg,99017,meningioma,meningioma,1,0.998715,2,42,0.000209,0.998715,0.000048,0.001027
data_rand_fold2/Testing/meningioma/Te-me_0166.jpg,103925,meningioma,meningioma,1,0.999969,2,42,0.000002,0.999969,0.000005,0.000023
data_rand_fold2/Testing/meningioma/Te-me_0168.jpg,104167,meningioma,meningioma,1,0.999989,2,42,0.000002,0.999989,0.000006,0.000002
data_rand_fold2/Testing/meningioma/Te-me_0184.jpg,108514,meningioma,meningioma,1,0.999605,2,42,0.000345,0.999605,0.000020,0.000030
data_rand_fold2/Testing/meningioma/Te-me_0186.jpg,108590,meningioma,meningioma,1,0.999795,2,42,0.000005,0.999795,0.000117,0.000083
data_rand_fold2/Testing/meningioma/Te-me_0200.jpg,113435,meningioma,meningioma,1,0.999818,2,42,0.000124,0.999818,0.000023,0.000035
data_rand_fold2/Testing/meningioma/Te-me_0215.jpg,99308,meningioma,meningioma,1,0.999977,2,42,0.000007,0.999977,0.000006,0.000011
data_rand_fold2/Testing/meningioma/Te-me_0219.jpg,100920,meningioma,meningioma,1,0.999986,2,42,0.000000,0.999986,0.000001,0.000013
data_rand_fold2/Testing/meningioma/Te-me_0220.jpg,101016,meningioma,meningioma,1,0.999973,2,42,0.000007,0.999973,0.000001,0.000018
data_rand_fold2/Testing/meningioma/Te-me_0225.jpg,102420,meningioma,meningioma,1,0.997172,2,42,0.000184,0.997172,0.000060,0.002584
data_rand_fold2/Testing/meningioma/Te-me_0227.jpg,102714,meningioma,meningioma,1,0.999955,2,42,0.000009,0.999955,0.000018,0.000018
data_rand_fold2/Testing/meningioma/Te-me_0228.jpg,102818,meningioma,meningioma,1,0.999987,2,42,0.000001,0.999987,0.000001,0.000011
data_rand_fold2/Testing/meningioma/Te-me_0230.jpg,102960,meningioma,meningioma,1,0.998499,2,42,0.000013,0.998499,0.000009,0.001479
data_rand_fold2/Testing/meningioma/Te-me_0240.jpg,106442,meningioma,meningioma,1,0.999145,2,42,0.000292,0.999145,0.000067,0.000495
data_rand_fold2/Testing/meningioma/Te-me_0245.jpg,106914,meningioma,meningioma,1,0.999987,2,42,0.000002,0.999987,0.000000,0.000010
data_rand_fold2/Testing/meningioma/Te-me_0247.jpg,107248,meningioma,meningioma,1,0.983223,2,42,0.001084,0.983223,0.000103,0.015591
data_rand_fold2/Testing/meningioma/Te-me_0250.jpg,108514,meningioma,meningioma,1,0.998019,2,42,0.001944,0.998019,0.000021,0.000015
data_rand_fold2/Testing/meningioma/Te-me_0252.jpg,108590,meningioma,meningioma,1,0.999818,2,42,0.000003,0.999818,0.000004,0.000176
data_rand_fold2/Testing/meningioma/Te-me_0260.jpg,112002,meningioma,meningioma,1,0.982605,2,42,0.017049,0.982605,0.000017,0.000329
data_rand_fold2/Testing/meningioma/Te-me_0264.jpg,112648,meningioma,meningioma,1,0.999976,2,42,0.000001,0.999976,0.000005,0.000018
data_rand_fold2/Testing/meningioma/Te-me_0266.jpg,113098,meningioma,meningioma,1,0.999450,2,42,0.000041,0.999450,0.000004,0.000504
data_rand_fold2/Testing/meningioma/Te-me_0267.jpg,113435,meningioma,meningioma,1,0.999953,2,42,0.000026,0.999953,0.000000,0.000020
data_rand_fold2/Testing/meningioma/Te-me_0271.jpg,113971,meningioma,meningioma,1,0.998661,2,42,0.000001,0.998661,0.000011,0.001328
data_rand_fold2/Testing/meningioma/Te-me_0285.jpg,99089,meningioma,meningioma,1,0.999952,2,42,0.000018,0.999952,0.000006,0.000023
data_rand_fold2/Testing/meningioma/Te-me_0289.jpg,99815,meningioma,meningioma,1,0.999972,2,42,0.000015,0.999972,0.000003,0.000010
data_rand_fold2/Testing/meningioma/Te-me_0290.jpg,106534,meningioma,meningioma,1,0.999802,2,42,0.000130,0.999802,0.000038,0.000031
data_rand_fold2/Testing/meningioma/Te-me_0292.jpg,100572,meningioma,meningioma,1,0.999729,2,42,0.000006,0.999729,0.000004,0.000261
data_rand_fold2/Testing/meningioma/Te-me_0295.jpg,106914,meningioma,meningioma,1,0.999981,2,42,0.000015,0.999981,0.000001,0.000003
data_rand_fold2/Testing/meningioma/Te-me_0299.jpg,114018,meningioma,meningioma,1,0.999893,2,42,0.000002,0.999893,0.000004,0.000102
data_rand_fold2/Testing/meningioma/Te-me_0304.jpg,97875,meningioma,meningioma,1,0.999324,2,42,0.000308,0.999324,0.000022,0.000346
data_rand_fold2/Testing/meningioma/Tr-meTr_0003.jpg,107494,meningioma,meningioma,1,0.998830,2,42,0.000102,0.998830,0.000017,0.001050
data_rand_fold2/Testing/meningioma/Tr-meTr_0006.jpg,108514,meningioma,meningioma,1,0.562822,2,42,0.434986,0.562822,0.002017,0.000176
data_rand_fold2/Testing/meningioma/Tr-me_0014.jpg,108590,meningioma,meningioma,1,0.999980,2,42,0.000001,0.999980,0.000004,0.000015
data_rand_fold2/Testing/meningioma/Tr-me_0017.jpg,100360,meningioma,meningioma,1,0.999987,2,42,0.000000,0.999987,0.000000,0.000013
data_rand_fold2/Testing/meningioma/Tr-me_0020.jpg,109968,meningioma,meningioma,1,0.999745,2,42,0.000011,0.999745,0.000005,0.000239
data_rand_fold2/Testing/meningioma/Tr-me_0025.jpg,111077,meningioma,meningioma,1,0.999997,2,42,0.000000,0.999997,0.000002,0.000000
data_rand_fold2/Testing/meningioma/Tr-me_0032.jpg,111532,meningioma,meningioma,1,0.999966,2,42,0.000026,0.999966,0.000006,0.000003
data_rand_fold2/Testing/meningioma/Tr-me_0034.jpg,100360,meningioma,meningioma,1,0.999975,2,42,0.000001,0.999975,0.000003,0.000021
data_rand_fold2/Testing/meningioma/Tr-me_0041.jpg,112552,meningioma,meningioma,1,0.999995,2,42,0.000003,0.999995,0.000001,0.000002
data_rand_fold2/Testing/meningioma/Tr-me_0046.jpg,112552,meningioma,meningioma,1,0.990955,2,42,0.008919,0.990955,0.000044,0.000082
data_rand_fold2/Testing/meningioma/Tr-me_0050.jpg,113435,meningioma,meningioma,1,0.999912,2,42,0.000074,0.999912,0.000004,0.000009
data_rand_fold2/Testing/meningioma/Tr-me_0055.jpg,113554,meningioma,meningioma,1,0.999701,2,42,0.000106,0.999701,0.000169,0.000025
data_rand_fold2/Testing/meningioma/Tr-me_0057.jpg,114018,meningioma,meningioma,1,0.999996,2,42,0.000000,0.999996,0.000000,0.000003
data_rand_fold2/Testing/meningioma/Tr-me_0061.jpg,114018,meningioma,meningioma,1,0.999906,2,42,0.000003,0.999906,0.000004,0.000087
data_rand_fold2/Testing/meningioma/Tr-me_0080.jpg,98241,meningioma,meningioma,1,0.999992,2,42,0.000007,0.999992,0.000001,0.000001
data_rand_fold2/Testing/meningioma/Tr-me_0081.jpg,98241,meningioma,meningioma,1,0.999996,2,42,0.000003,0.999996,0.000000,0.000001
data_rand_fold2/Testing/meningioma/Tr-me_0082.jpg,98241,meningioma,meningioma,1,0.999994,2,42,0.000003,0.999994,0.000000,0.000002
data_rand_fold2/Testing/meningioma/Tr-me_0083.jpg,98241,meningioma,meningioma,1,0.999995,2,42,0.000003,0.999995,0.000000,0.000002
data_rand_fold2/Testing/meningioma/Tr-me_0084.jpg,99017,meningioma,meningioma,1,0.999965,2,42,0.000001,0.999965,0.000006,0.000027
data_rand_fold2/Testing/meningioma/Tr-me_0114.jpg,102929,meningioma,meningioma,1,0.999940,2,42,0.000004,0.999940,0.000014,0.000042
data_rand_fold2/Testing/meningioma/Tr-me_0116.jpg,102929,meningioma,meningioma,1,0.999331,2,42,0.000012,0.999331,0.000054,0.000603
data_rand_fold2/Testing/meningioma/Tr-me_0122.jpg,103673,meningioma,meningioma,1,0.970554,2,42,0.000782,0.970554,0.003885,0.024779
data_rand_fold2/Testing/meningioma/Tr-me_0125.jpg,103673,meningioma,meningioma,1,0.997754,2,42,0.000160,0.997754,0.001804,0.000282
data_rand_fold2/Testing/meningioma/Tr-me_0127.jpg,103925,meningioma,meningioma,1,0.999976,2,42,0.000000,0.999976,0.000009,0.000014
data_rand_fold2/Testing/meningioma/Tr-me_0130.jpg,103925,meningioma,meningioma,1,1.000000,2,42,0.000000,1.000000,0.000000,0.000000
data_rand_fold2/Testing/meningioma/Tr-me_0153.jpg,99308,meningioma,meningioma,1,0.999977,2,42,0.000004,0.999977,0.000001,0.000019
data_rand_fold2/Testing/meningioma/Tr-me_0154.jpg,105555,meningioma,meningioma,1,0.999634,2,42,0.000110,0.999634,0.000033,0.000223
data_rand_fold2/Testing/meningioma/Tr-me_0160.jpg,106284,meningioma,meningioma,1,0.999650,2,42,0.000094,0.999650,0.000153,0.000103
data_rand_fold2/Testing/meningioma/Tr-me_0169.jpg,106914,meningioma,meningioma,1,0.999992,2,42,0.000006,0.999992,0.000000,0.000002
data_rand_fold2/Testing/meningioma/Tr-me_0227.jpg,100360,meningioma,meningioma,1,0.999834,2,42,0.000159,0.999834,0.000000,0.000006
data_rand_fold2/Testing/meningioma/Tr-me_0238.jpg,100360,meningioma,meningioma,1,0.999834,2,42,0.000159,0.999834,0.000000,0.000006
data_rand_fold2/Testing/meningioma/Tr-me_0248.jpg,100360,meningioma,meningioma,1,0.999994,2,42,0.000005,0.999994,0.000000,0.000001
data_rand_fold2/Testing/meningioma/Tr-me_0290.jpg,101127,meningioma,meningioma,1,0.998169,2,42,0.000359,0.998169,0.000513,0.000959
data_rand_fold2/Testing/meningioma/Tr-me_0291.jpg,101127,meningioma,meningioma,1,0.999883,2,42,0.000033,0.999883,0.000067,0.000017
data_rand_fold2/Testing/meningioma/Tr-me_0296.jpg,101797,meningioma,meningioma,1,0.999988,2,42,0.000006,0.999988,0.000004,0.000001
data_rand_fold2/Testing/meningioma/Tr-me_0299.jpg,102446,meningioma,meningioma,1,0.999904,2,42,0.000076,0.999904,0.000016,0.000004
data_rand_fold2/Testing/meningioma/Tr-me_0300.jpg,102675,meningioma,meningioma,1,0.999989,2,42,0.000006,0.999989,0.000002,0.000004
data_rand_fold2/Testing/meningioma/Tr-me_0330.jpg,105374,meningioma,meningioma,1,0.999925,2,42,0.000066,0.999925,0.000001,0.000009
data_rand_fold2/Testing/meningioma/Tr-me_0334.jpg,106284,meningioma,meningioma,1,0.999819,2,42,0.000051,0.999819,0.000119,0.000011
data_rand_fold2/Testing/meningioma/Tr-me_0336.jpg,106284,meningioma,meningioma,1,0.999849,2,42,0.000042,0.999849,0.000071,0.000038
data_rand_fold2/Testing/meningioma/Tr-me_0344.jpg,106534,meningioma,meningioma,1,0.999728,2,42,0.000141,0.999728,0.000041,0.000090
data_rand_fold2/Testing/meningioma/Tr-me_0348.jpg,106665,meningioma,meningioma,1,0.999970,2,42,0.000022,0.999970,0.000005,0.000003
data_rand_fold2/Testing/meningioma/Tr-me_0350.jpg,106665,meningioma,meningioma,1,0.999895,2,42,0.000096,0.999895,0.000007,0.000003
data_rand_fold2/Testing/meningioma/Tr-me_0351.jpg,106665,meningioma,meningioma,1,0.999992,2,42,0.000006,0.999992,0.000001,0.000001
data_rand_fold2/Testing/meningioma/Tr-me_0352.jpg,106665,meningioma,meningioma,1,0.999942,2,42,0.000047,0.999942,0.000005,0.000006
data_rand_fold2/Testing/meningioma/Tr-me_0353.jpg,106665,meningioma,meningioma,1,0.999977,2,42,0.000012,0.999977,0.000003,0.000009
data_rand_fold2/Testing/meningioma/Tr-me_0354.jpg,106720,meningioma,meningioma,1,0.999999,2,42,0.000000,0.999999,0.000000,0.000001
data_rand_fold2/Testing/meningioma/Tr-me_0372.jpg,107248,meningioma,meningioma,1,0.996078,2,42,0.000101,0.996078,0.000125,0.003697
data_rand_fold2/Testing/meningioma/Tr-me_0377.jpg,107494,meningioma,meningioma,1,0.990703,2,42,0.000599,0.990703,0.000650,0.008048
data_rand_fold2/Testing/meningioma/Tr-me_0384.jpg,108514,meningioma,meningioma,1,0.999813,2,42,0.000174,0.999813,0.000008,0.000005
data_rand_fold2/Testing/meningioma/Tr-me_0388.jpg,108550,meningioma,meningioma,1,0.999403,2,42,0.000054,0.999403,0.000035,0.000508
data_rand_fold2/Testing/meningioma/Tr-me_0395.jpg,108945,meningioma,meningioma,1,0.999930,2,42,0.000032,0.999930,0.000003,0.000036
data_rand_fold2/Testing/meningioma/Tr-me_0412.jpg,111366,meningioma,meningioma,1,0.999620,2,42,0.000015,0.999620,0.000139,0.000227
data_rand_fold2/Testing/meningioma/Tr-me_0416.jpg,111532,meningioma,meningioma,1,0.999289,2,42,0.000103,0.999289,0.000031,0.000576
data_rand_fold2/Testing/meningioma/Tr-me_0419.jpg,111532,meningioma,meningioma,1,0.999948,2,42,0.000036,0.999948,0.000005,0.000011
data_rand_fold2/Testing/meningioma/Tr-me_0435.jpg,97737,meningioma,meningioma,1,0.999984,2,42,0.000002,0.999984,0.000004,0.000011
data_rand_fold2/Testing/meningioma/Tr-me_0447.jpg,113435,meningioma,meningioma,1,0.999828,2,42,0.000122,0.999828,0.000010,0.000041
data_rand_fold2/Testing/meningioma/Tr-me_0450.jpg,113435,meningioma,meningioma,1,0.999610,2,42,0.000168,0.999610,0.000005,0.000217
data_rand_fold2/Testing/meningioma/Tr-me_0452.jpg,113554,meningioma,meningioma,1,0.999803,2,42,0.000094,0.999803,0.000040,0.000062
data_rand_fold2/Testing/meningioma/Tr-me_0457.jpg,113805,meningioma,meningioma,1,0.998959,2,42,0.000056,0.998959,0.000267,0.000718
data_rand_fold2/Testing/meningioma/Tr-me_0460.jpg,97875,meningioma,meningioma,1,0.956963,2,42,0.000177,0.956963,0.000529,0.042332
data_rand_fold2/Testing/meningioma/Tr-me_0466.jpg,97943,meningioma,meningioma,1,0.998362,2,42,0.000057,0.998362,0.001124,0.000457
data_rand_fold2/Testing/meningioma/Tr-me_0473.jpg,98241,meningioma,meningioma,1,0.999987,2,42,0.000004,0.999987,0.000001,0.000007
data_rand_fold2/Testing/meningioma/Tr-me_0475.jpg,98241,meningioma,meningioma,1,0.997086,2,42,0.000458,0.997086,0.000476,0.001980
data_rand_fold2/Testing/meningioma/Tr-me_0478.jpg,99089,meningioma,meningioma,1,0.999690,2,42,0.000003,0.999690,0.000017,0.000290
data_rand_fold2/Testing/meningioma/Tr-me_0479.jpg,114018,meningioma,meningioma,1,0.999867,2,42,0.000004,0.999867,0.000035,0.000094
data_rand_fold2/Testing/meningioma/Tr-me_0482.jpg,99089,meningioma,meningioma,1,0.999715,2,42,0.000003,0.999715,0.000025,0.000257
data_rand_fold2/Testing/meningioma/Tr-me_0491.jpg,100360,meningioma,meningioma,1,0.999765,2,42,0.000061,0.999765,0.000008,0.000166
data_rand_fold2/Testing/meningioma/Tr-me_0498.jpg,100639,meningioma,meningioma,1,0.999892,2,42,0.000001,0.999892,0.000004,0.000103
data_rand_fold2/Testing/meningioma/Tr-me_0499.jpg,100920,meningioma,meningioma,1,0.999161,2,42,0.000134,0.999161,0.000308,0.000398
data_rand_fold2/Testing/meningioma/Tr-me_0502.jpg,100920,meningioma,meningioma,1,0.999586,2,42,0.000243,0.999586,0.000023,0.000148
data_rand_fold2/Testing/meningioma/Tr-me_0506.jpg,101016,meningioma,meningioma,1,0.999856,2,42,0.000110,0.999856,0.000013,0.000020
data_rand_fold2/Testing/meningioma/Tr-me_0508.jpg,101082,meningioma,meningioma,1,0.998904,2,42,0.000074,0.998904,0.000020,0.001001
data_rand_fold2/Testing/meningioma/Tr-me_0510.jpg,101127,meningioma,meningioma,1,0.992424,2,42,0.000369,0.992424,0.000111,0.007096
data_rand_fold2/Testing/meningioma/Tr-me_0511.jpg,101127,meningioma,meningioma,1,0.995145,2,42,0.000014,0.995145,0.000036,0.004804
data_rand_fold2/Testing/meningioma/Tr-me_0517.jpg,101797,meningioma,meningioma,1,0.999833,2,42,0.000051,0.999833,0.000024,0.000093
data_rand_fold2/Testing/meningioma/Tr-me_0519.jpg,101797,meningioma,meningioma,1,0.999384,2,42,0.000293,0.999384,0.000108,0.000215
data_rand_fold2/Testing/meningioma/Tr-me_0530.jpg,106665,meningioma,meningioma,1,0.999654,2,42,0.000318,0.999654,0.000004,0.000024
data_rand_fold2/Testing/meningioma/Tr-me_0538.jpg,106720,meningioma,meningioma,1,0.999961,2,42,0.000009,0.999961,0.000005,0.000025
data_rand_fold2/Testing/meningioma/Tr-me_0539.jpg,106720,meningioma,meningioma,1,0.999995,2,42,0.000003,0.999995,0.000001,0.000000
data_rand_fold2/Testing/meningioma/Tr-me_0545.jpg,109350,meningioma,meningioma,1,0.999922,2,42,0.000006,0.999922,0.000006,0.000066
data_rand_fold2/Testing/meningioma/Tr-me_0547.jpg,98241,meningioma,meningioma,1,0.999702,2,42,0.000183,0.999702,0.000023,0.000091
data_rand_fold2/Testing/meningioma/Tr-me_0548.jpg,98241,meningioma,meningioma,1,0.999608,2,42,0.000282,0.999608,0.000014,0.000097
data_rand_fold2/Testing/meningioma/Tr-me_0551.jpg,98241,meningioma,meningioma,1,0.999993,2,42,0.000000,0.999993,0.000000,0.000006
data_rand_fold2/Testing/meningioma/Tr-me_0554.jpg,99089,meningioma,meningioma,1,0.999921,2,42,0.000001,0.999921,0.000002,0.000076
data_rand_fold2/Testing/meningioma/Tr-me_0556.jpg,99089,meningioma,meningioma,1,0.999856,2,42,0.000003,0.999856,0.000005,0.000136
data_rand_fold2/Testing/meningioma/Tr-me_0563.jpg,99288,meningioma,meningioma,1,0.989868,2,42,0.002602,0.989868,0.000340,0.007189
data_rand_fold2/Testing/meningioma/Tr-me_0569.jpg,99308,meningioma,meningioma,1,0.999992,2,42,0.000004,0.999992,0.000000,0.000004
data_rand_fold2/Testing/meningioma/Tr-me_0573.jpg,99815,meningioma,meningioma,1,0.999922,2,42,0.000058,0.999922,0.000003,0.000018
data_rand_fold2/Testing/meningioma/Tr-me_0574.jpg,99815,meningioma,meningioma,1,0.999916,2,42,0.000029,0.999916,0.000008,0.000047
data_rand_fold2/Testing/meningioma/Tr-me_0576.jpg,53669,meningioma,meningioma,1,0.999999,2,42,0.000000,0.999999,0.000000,0.000001
data_rand_fold2/Testing/meningioma/Tr-me_0597.jpg,101801,meningioma,meningioma,1,0.999941,2,42,0.000000,0.999941,0.000009,0.000049
data_rand_fold2/Testing/meningioma/Tr-me_0602.jpg,102420,meningioma,meningioma,1,0.963015,2,42,0.001905,0.963015,0.000947,0.034134
data_rand_fold2/Testing/meningioma/Tr-me_0623.jpg,103673,meningioma,meningioma,1,0.998813,2,42,0.000034,0.998813,0.000211,0.000942
data_rand_fold2/Testing/meningioma/Tr-me_0625.jpg,103673,meningioma,meningioma,1,0.997925,2,42,0.000104,0.997925,0.000091,0.001880
data_rand_fold2/Testing/meningioma/Tr-me_0627.jpg,103673,meningioma,meningioma,1,0.747217,2,42,0.000023,0.747217,0.000103,0.252657
data_rand_fold2/Testing/meningioma/Tr-me_0630.jpg,103925,meningioma,meningioma,1,0.999983,2,42,0.000001,0.999983,0.000000,0.000015
data_rand_fold2/Testing/meningioma/Tr-me_0634.jpg,104167,meningioma,meningioma,1,0.999993,2,42,0.000005,0.999993,0.000000,0.000002
data_rand_fold2/Testing/meningioma/Tr-me_0657.jpg,106442,meningioma,meningioma,1,0.999922,2,42,0.000039,0.999922,0.000005,0.000034
data_rand_fold2/Testing/meningioma/Tr-me_0659.jpg,106442,meningioma,meningioma,1,0.999957,2,42,0.000022,0.999957,0.000007,0.000015
data_rand_fold2/Testing/meningioma/Tr-me_0674.jpg,106914,meningioma,meningioma,1,0.999984,2,42,0.000012,0.999984,0.000002,0.000003
data_rand_fold2/Testing/meningioma/Tr-me_0683.jpg,107248,meningioma,meningioma,1,0.813541,2,42,0.001857,0.813541,0.163590,0.021012
data_rand_fold2/Testing/meningioma/Tr-me_0685.jpg,107248,meningioma,meningioma,1,0.998776,2,42,0.000522,0.998776,0.000383,0.000319
data_rand_fold2/Testing/meningioma/Tr-me_0694.jpg,107946,meningioma,meningioma,1,0.999860,2,42,0.000097,0.999860,0.000021,0.000022
data_rand_fold2/Testing/meningioma/Tr-me_0709.jpg,112062,meningioma,meningioma,1,0.999994,2,42,0.000005,0.999994,0.000000,0.000000
data_rand_fold2/Testing/meningioma/Tr-me_0710.jpg,112062,meningioma,meningioma,1,0.999998,2,42,0.000001,0.999998,0.000001,0.000000
data_rand_fold2/Testing/meningioma/Tr-me_0711.jpg,112062,meningioma,meningioma,1,0.999996,2,42,0.000000,0.999996,0.000001,0.000002
data_rand_fold2/Testing/meningioma/Tr-me_0713.jpg,112252,meningioma,meningioma,1,0.999966,2,42,0.000001,0.999966,0.000001,0.000032
data_rand_fold2/Testing/meningioma/Tr-me_0714.jpg,109968,meningioma,meningioma,1,0.999958,2,42,0.000004,0.999958,0.000004,0.000034
data_rand_fold2/Testing/meningioma/Tr-me_0715.jpg,112552,meningioma,meningioma,1,0.999891,2,42,0.000098,0.999891,0.000001,0.000009
data_rand_fold2/Testing/meningioma/Tr-me_0718.jpg,112552,meningioma,meningioma,1,0.999963,2,42,0.000030,0.999963,0.000001,0.000006
data_rand_fold2/Testing/meningioma/Tr-me_0720.jpg,112552,meningioma,meningioma,1,0.999948,2,42,0.000037,0.999948,0.000001,0.000014
data_rand_fold2/Testing/meningioma/Tr-me_0737.jpg,113435,meningioma,meningioma,1,0.999971,2,42,0.000019,0.999971,0.000004,0.000006
data_rand_fold2/Testing/meningioma/Tr-me_0742.jpg,113554,meningioma,meningioma,1,0.999346,2,42,0.000000,0.999346,0.000004,0.000649
data_rand_fold2/Testing/meningioma/Tr-me_0744.jpg,113614,meningioma,meningioma,1,0.999868,2,42,0.000083,0.999868,0.000009,0.000040
data_rand_fold2/Testing/meningioma/Tr-me_0758.jpg,110808,meningioma,meningioma,1,0.998856,2,42,0.000271,0.998856,0.000101,0.000771
data_rand_fold2/Testing/meningioma/Tr-me_0761.jpg,114359,meningioma,meningioma,1,0.999157,2,42,0.000820,0.999157,0.000005,0.000018
data_rand_fold2/Testing/meningioma/Tr-me_0765.jpg,114417,meningioma,meningioma,1,0.999990,2,42,0.000009,0.999990,0.000000,0.000001
data_rand_fold2/Testing/meningioma/Tr-me_0774.jpg,97607,meningioma,meningioma,1,0.996994,2,42,0.002808,0.996994,0.000064,0.000134
data_rand_fold2/Testing/meningioma/Tr-me_0777.jpg,97607,meningioma,meningioma,1,0.999966,2,42,0.000002,0.999966,0.000009,0.000023
data_rand_fold2/Testing/meningioma/Tr-me_0780.jpg,111077,meningioma,meningioma,1,0.999843,2,42,0.000078,0.999843,0.000012,0.000067
data_rand_fold2/Testing/meningioma/Tr-me_0787.jpg,97943,meningioma,meningioma,1,0.999992,2,42,0.000002,0.999992,0.000004,0.000002
data_rand_fold2/Testing/meningioma/Tr-me_0798.jpg,98241,meningioma,meningioma,1,0.999991,2,42,0.000002,0.999991,0.000001,0.000006
data_rand_fold2/Testing/meningioma/Tr-me_0806.jpg,108514,meningioma,meningioma,1,0.992979,2,42,0.006180,0.992979,0.000647,0.000194
data_rand_fold2/Testing/meningioma/Tr-me_0813.jpg,100360,meningioma,meningioma,1,0.999970,2,42,0.000003,0.999970,0.000002,0.000025
data_rand_fold2/Testing/meningioma/Tr-me_0820.jpg,101797,meningioma,meningioma,1,0.999837,2,42,0.000124,0.999837,0.000030,0.000009
data_rand_fold2/Testing/meningioma/Tr-me_0827.jpg,101016,meningioma,meningioma,1,0.999736,2,42,0.000087,0.999736,0.000096,0.000080
data_rand_fold2/Testing/meningioma/Tr-me_0833.jpg,108590,meningioma,meningioma,1,0.999952,2,42,0.000001,0.999952,0.000005,0.000041
data_rand_fold2/Testing/meningioma/Tr-me_0843.jpg,108590,meningioma,meningioma,1,0.999986,2,42,0.000002,0.999986,0.000003,0.000010
data_rand_fold2/Testing/meningioma/Tr-me_0848.jpg,102929,meningioma,meningioma,1,0.999912,2,42,0.000002,0.999912,0.000018,0.000069
data_rand_fold2/Testing/meningioma/Tr-me_0851.jpg,108945,meningioma,meningioma,1,0.999778,2,42,0.000061,0.999778,0.000101,0.000060
data_rand_fold2/Testing/meningioma/Tr-me_0861.jpg,103925,meningioma,meningioma,1,0.999996,2,42,0.000000,0.999996,0.000000,0.000004
data_rand_fold2/Testing/meningioma/Tr-me_0863.jpg,103925,meningioma,meningioma,1,0.999992,2,42,0.000001,0.999992,0.000001,0.000007
data_rand_fold2/Testing/meningioma/Tr-me_0864.jpg,103925,meningioma,meningioma,1,0.999944,2,42,0.000013,0.999944,0.000026,0.000016
data_rand_fold2/Testing/meningioma/Tr-me_0865.jpg,103925,meningioma,meningioma,1,0.999983,2,42,0.000001,0.999983,0.000002,0.000014
data_rand_fold2/Testing/meningioma/Tr-me_0868.jpg,104167,meningioma,meningioma,1,0.999781,2,42,0.000035,0.999781,0.000078,0.000106
data_rand_fold2/Testing/meningioma/Tr-me_0887.jpg,102714,meningioma,meningioma,1,0.999791,2,42,0.000033,0.999791,0.000017,0.000159
data_rand_fold2/Testing/meningioma/Tr-me_0890.jpg,106284,meningioma,meningioma,1,0.999413,2,42,0.000255,0.999413,0.000165,0.000168
data_rand_fold2/Testing/meningioma/Tr-me_0893.jpg,106442,meningioma,meningioma,1,0.999569,2,42,0.000247,0.999569,0.000159,0.000024
data_rand_fold2/Testing/meningioma/Tr-me_0894.jpg,106534,meningioma,meningioma,1,0.999651,2,42,0.000093,0.999651,0.000142,0.000114
data_rand_fold2/Testing/meningioma/Tr-me_0896.jpg,100360,meningioma,meningioma,1,0.999957,2,42,0.000033,0.999957,0.000002,0.000009
data_rand_fold2/Testing/meningioma/Tr-me_0897.jpg,102714,meningioma,meningioma,1,0.999857,2,42,0.000020,0.999857,0.000040,0.000082
data_rand_fold2/Testing/meningioma/Tr-me_0911.jpg,106914,meningioma,meningioma,1,0.999997,2,42,0.000002,0.999997,0.000000,0.000001
data_rand_fold2/Testing/meningioma/Tr-me_0921.jpg,107494,meningioma,meningioma,1,0.997307,2,42,0.001560,0.997307,0.000253,0.000880
data_rand_fold2/Testing/meningioma/Tr-me_0932.jpg,108945,meningioma,meningioma,1,0.998942,2,42,0.000308,0.998942,0.000188,0.000562
data_rand_fold2/Testing/meningioma/Tr-me_0933.jpg,108945,meningioma,meningioma,1,0.999859,2,42,0.000093,0.999859,0.000032,0.000016
data_rand_fold2/Testing/meningioma/Tr-me_0948.jpg,111532,meningioma,meningioma,1,0.998765,2,42,0.000326,0.998765,0.000188,0.000721
data_rand_fold2/Testing/meningioma/Tr-me_0952.jpg,111532,meningioma,meningioma,1,0.999838,2,42,0.000061,0.999838,0.000018,0.000084
data_rand_fold2/Testing/meningioma/Tr-me_0968.jpg,103673,meningioma,meningioma,1,0.998052,2,42,0.000151,0.998052,0.000832,0.000965
data_rand_fold2/Testing/meningioma/Tr-me_0970.jpg,113435,meningioma,meningioma,1,0.999873,2,42,0.000110,0.999873,0.000004,0.000013
data_rand_fold2/Testing/meningioma/Tr-me_0974.jpg,113435,meningioma,meningioma,1,0.999002,2,42,0.000522,0.999002,0.000035,0.000441
data_rand_fold2/Testing/meningioma/Tr-me_0978.jpg,113554,meningioma,meningioma,1,0.998867,2,42,0.000105,0.998867,0.000274,0.000755
data_rand_fold2/Testing/meningioma/Tr-me_0985.jpg,103673,meningioma,meningioma,1,0.999678,2,42,0.000028,0.999678,0.000197,0.000097
data_rand_fold2/Testing/meningioma/Tr-me_0986.jpg,114359,meningioma,meningioma,1,0.999943,2,42,0.000053,0.999943,0.000001,0.000002
data_rand_fold2/Testing/meningioma/Tr-me_0990.jpg,97607,meningioma,meningioma,1,0.998057,2,42,0.000315,0.998057,0.000299,0.001329
data_rand_fold2/Testing/meningioma/Tr-me_1006.jpg,98241,meningioma,meningioma,1,0.999987,2,42,0.000007,0.999987,0.000001,0.000006
data_rand_fold2/Testing/meningioma/Tr-me_1008.jpg,98241,meningioma,meningioma,1,0.999984,2,42,0.000008,0.999984,0.000002,0.000007
data_rand_fold2/Testing/meningioma/Tr-me_1013.jpg,99089,meningioma,meningioma,1,0.999878,2,42,0.000005,0.999878,0.000006,0.000110
data_rand_fold2/Testing/meningioma/Tr-me_1018.jpg,103925,meningioma,meningioma,1,0.999999,2,42,0.000000,0.999999,0.000000,0.000000
data_rand_fold2/Testing/meningioma/Tr-me_1019.jpg,99308,meningioma,meningioma,1,0.999943,2,42,0.000032,0.999943,0.000008,0.000017
data_rand_fold2/Testing/meningioma/Tr-me_1025.jpg,100572,meningioma,pituitary,0,0.597665,2,42,0.000147,0.401709,0.000479,0.597665
data_rand_fold2/Testing/meningioma/Tr-me_1029.jpg,100920,meningioma,meningioma,1,0.999986,2,42,0.000001,0.999986,0.000007,0.000006
data_rand_fold2/Testing/meningioma/Tr-me_1038.jpg,101127,meningioma,meningioma,1,0.998469,2,42,0.000004,0.998469,0.000008,0.001519
data_rand_fold2/Testing/meningioma/Tr-me_1039.jpg,109968,meningioma,meningioma,1,0.999999,2,42,0.000001,0.999999,0.000000,0.000001
data_rand_fold2/Testing/meningioma/Tr-me_1041.jpg,101797,meningioma,meningioma,1,0.999318,2,42,0.000079,0.999318,0.000152,0.000450
data_rand_fold2/Testing/meningioma/Tr-me_1042.jpg,101797,meningioma,meningioma,1,0.999785,2,42,0.000033,0.999785,0.000011,0.000170
data_rand_fold2/Testing/meningioma/Tr-me_1045.jpg,101797,meningioma,meningioma,1,0.999279,2,42,0.000314,0.999279,0.000039,0.000368
data_rand_fold2/Testing/meningioma/Tr-me_1047.jpg,101801,meningioma,meningioma,1,0.998209,2,42,0.000006,0.998209,0.000277,0.001507
data_rand_fold2/Testing/meningioma/Tr-me_1048.jpg,102420,meningioma,meningioma,1,0.999568,2,42,0.000036,0.999568,0.000005,0.000391
data_rand_fold2/Testing/meningioma/Tr-me_1057.jpg,102818,meningioma,meningioma,1,0.999990,2,42,0.000005,0.999990,0.000002,0.000003
data_rand_fold2/Testing/meningioma/Tr-me_1059.jpg,102818,meningioma,meningioma,1,0.999760,2,42,0.000075,0.999760,0.000023,0.000141
data_rand_fold2/Testing/meningioma/Tr-me_1060.jpg,102935,meningioma,meningioma,1,0.999777,2,42,0.000006,0.999777,0.000098,0.000119
data_rand_fold2/Testing/meningioma/Tr-me_1062.jpg,107494,meningioma,meningioma,1,0.970594,2,42,0.000817,0.970594,0.000333,0.028257
data_rand_fold2/Testing/meningioma/Tr-me_1071.jpg,103673,meningioma,meningioma,1,0.997713,2,42,0.000016,0.997713,0.000117,0.002154
data_rand_fold2/Testing/meningioma/Tr-me_1074.jpg,103925,meningioma,meningioma,1,0.999993,2,42,0.000000,0.999993,0.000000,0.000007
data_rand_fold2/Testing/meningioma/Tr-me_1077.jpg,104167,meningioma,meningioma,1,0.999998,2,42,0.000000,0.999998,0.000000,0.000001
data_rand_fold2/Testing/meningioma/Tr-me_1081.jpg,104281,meningioma,meningioma,1,0.999783,2,42,0.000138,0.999783,0.000005,0.000074
data_rand_fold2/Testing/meningioma/Tr-me_1083.jpg,104695,meningioma,meningioma,1,0.999991,2,42,0.000004,0.999991,0.000001,0.000004
data_rand_fold2/Testing/meningioma/Tr-me_1093.jpg,106442,meningioma,meningioma,1,0.999899,2,42,0.000041,0.999899,0.000022,0.000037
data_rand_fold2/Testing/meningioma/Tr-me_1094.jpg,106442,meningioma,meningioma,1,0.997889,2,42,0.001051,0.997889,0.000036,0.001024
data_rand_fold2/Testing/meningioma/Tr-me_1095.jpg,104281,meningioma,meningioma,1,0.999711,2,42,0.000262,0.999711,0.000024,0.000003
data_rand_fold2/Testing/meningioma/Tr-me_1096.jpg,106534,meningioma,meningioma,1,0.999353,2,42,0.000048,0.999353,0.000034,0.000565
data_rand_fold2/Testing/meningioma/Tr-me_1098.jpg,106665,meningioma,meningioma,1,0.999997,2,42,0.000002,0.999997,0.000001,0.000001
data_rand_fold2/Testing/meningioma/Tr-me_1100.jpg,106665,meningioma,meningioma,1,0.999990,2,42,0.000007,0.999990,0.000001,0.000001
data_rand_fold2/Testing/meningioma/Tr-me_1102.jpg,106665,meningioma,meningioma,1,0.999918,2,42,0.000020,0.999918,0.000005,0.000058
data_rand_fold2/Testing/meningioma/Tr-me_1103.jpg,106665,meningioma,meningioma,1,0.999976,2,42,0.000003,0.999976,0.000001,0.000020
data_rand_fold2/Testing/meningioma/Tr-me_1114.jpg,107248,meningioma,meningioma,1,0.999806,2,42,0.000000,0.999806,0.000003,0.000191
data_rand_fold2/Testing/meningioma/Tr-me_1122.jpg,107946,meningioma,meningioma,1,0.999040,2,42,0.000355,0.999040,0.000040,0.000565
data_rand_fold2/Testing/meningioma/Tr-me_1123.jpg,109968,meningioma,meningioma,1,0.999996,2,42,0.000001,0.999996,0.000000,0.000003
data_rand_fold2/Testing/meningioma/Tr-me_1131.jpg,108590,meningioma,meningioma,1,0.999313,2,42,0.000002,0.999313,0.000010,0.000675
data_rand_fold2/Testing/meningioma/Tr-me_1137.jpg,109411,meningioma,meningioma,1,0.999405,2,42,0.000264,0.999405,0.000139,0.000191
data_rand_fold2/Testing/meningioma/Tr-me_1140.jpg,109968,meningioma,meningioma,1,0.999996,2,42,0.000000,0.999996,0.000000,0.000003
data_rand_fold2/Testing/meningioma/Tr-me_1141.jpg,110808,meningioma,meningioma,1,0.999320,2,42,0.000203,0.999320,0.000155,0.000322
data_rand_fold2/Testing/meningioma/Tr-me_1153.jpg,100572,meningioma,meningioma,1,0.999994,2,42,0.000002,0.999994,0.000000,0.000004
data_rand_fold2/Testing/meningioma/Tr-me_1155.jpg,112002,meningioma,glioma,0,0.858967,2,42,0.858967,0.140886,0.000045,0.000102
data_rand_fold2/Testing/meningioma/Tr-me_1163.jpg,112552,meningioma,meningioma,1,0.999976,2,42,0.000016,0.999976,0.000001,0.000007
data_rand_fold2/Testing/meningioma/Tr-me_1164.jpg,112552,meningioma,meningioma,1,0.999958,2,42,0.000030,0.999958,0.000002,0.000010
data_rand_fold2/Testing/meningioma/Tr-me_1166.jpg,112552,meningioma,meningioma,1,0.999829,2,42,0.000150,0.999829,0.000013,0.000009
data_rand_fold2/Testing/meningioma/Tr-me_1169.jpg,112648,meningioma,meningioma,1,0.998802,2,42,0.000041,0.998802,0.000041,0.001117
data_rand_fold2/Testing/meningioma/Tr-me_1172.jpg,113098,meningioma,meningioma,1,0.998029,2,42,0.000005,0.998029,0.000037,0.001929
data_rand_fold2/Testing/meningioma/Tr-me_1174.jpg,113098,meningioma,meningioma,1,0.994257,2,42,0.000050,0.994257,0.000023,0.005669
data_rand_fold2/Testing/meningioma/Tr-me_1179.jpg,106284,meningioma,meningioma,1,0.999990,2,42,0.000003,0.999990,0.000005,0.000003
data_rand_fold2/Testing/meningioma/Tr-me_1186.jpg,113805,meningioma,meningioma,1,0.999954,2,42,0.000013,0.999954,0.000004,0.000029
data_rand_fold2/Testing/meningioma/Tr-me_1194.jpg,114359,meningioma,meningioma,1,0.999841,2,42,0.000152,0.999841,0.000005,0.000002
data_rand_fold2/Testing/meningioma/Tr-me_1197.jpg,114359,meningioma,meningioma,1,0.999948,2,42,0.000048,0.999948,0.000001,0.000003
data_rand_fold2/Testing/meningioma/Tr-me_1216.jpg,97793,meningioma,meningioma,1,0.997813,2,42,0.000724,0.997813,0.000589,0.000874
data_rand_fold2/Testing/meningioma/Tr-me_1221.jpg,106442,meningioma,meningioma,1,0.999592,2,42,0.000010,0.999592,0.000393,0.000005
data_rand_fold2/Testing/meningioma/Tr-me_1226.jpg,99017,meningioma,meningioma,1,0.999961,2,42,0.000005,0.999961,0.000006,0.000029
data_rand_fold2/Testing/meningioma/Tr-me_1232.jpg,99162,meningioma,meningioma,1,0.999990,2,42,0.000001,0.999990,0.000003,0.000006
data_rand_fold2/Testing/meningioma/Tr-me_1233.jpg,99162,meningioma,meningioma,1,0.999897,2,42,0.000009,0.999897,0.000012,0.000082
data_rand_fold2/Testing/meningioma/Tr-me_1239.jpg,99308,meningioma,meningioma,1,0.999988,2,42,0.000003,0.999988,0.000000,0.000009
data_rand_fold2/Testing/meningioma/Tr-me_1247.jpg,106665,meningioma,meningioma,1,0.999958,2,42,0.000030,0.999958,0.000008,0.000004
data_rand_fold2/Testing/meningioma/Tr-me_1248.jpg,106665,meningioma,meningioma,1,0.999961,2,42,0.000015,0.999961,0.000013,0.000011
data_rand_fold2/Testing/meningioma/Tr-me_1252.jpg,106665,meningioma,meningioma,1,0.999967,2,42,0.000024,0.999967,0.000002,0.000007
data_rand_fold2/Testing/meningioma/Tr-me_1268.jpg,107248,meningioma,meningioma,1,0.999723,2,42,0.000001,0.999723,0.000054,0.000222
data_rand_fold2/Testing/meningioma/Tr-me_1282.jpg,112002,meningioma,meningioma,1,0.967099,2,42,0.014847,0.967099,0.017931,0.000124
data_rand_fold2/Testing/meningioma/Tr-me_1283.jpg,112002,meningioma,meningioma,1,0.999327,2,42,0.000205,0.999327,0.000463,0.000004
data_rand_fold2/Testing/meningioma/Tr-me_1284.jpg,112002,meningioma,meningioma,1,0.998848,2,42,0.001106,0.998848,0.000008,0.000038
data_rand_fold2/Testing/meningioma/Tr-me_1287.jpg,101016,meningioma,meningioma,1,0.999707,2,42,0.000234,0.999707,0.000049,0.000010
data_rand_fold2/Testing/meningioma/Tr-me_1295.jpg,112552,meningioma,meningioma,1,0.999988,2,42,0.000011,0.999988,0.000000,0.000001
data_rand_fold2/Testing/meningioma/Tr-me_1297.jpg,112552,meningioma,meningioma,1,0.999879,2,42,0.000119,0.999879,0.000000,0.000002
data_rand_fold2/Testing/meningioma/Tr-me_1301.jpg,112648,meningioma,meningioma,1,0.999956,2,42,0.000004,0.999956,0.000004,0.000036
data_rand_fold2/Testing/meningioma/Tr-me_1302.jpg,112648,meningioma,meningioma,1,0.999995,2,42,0.000000,0.999995,0.000000,0.000005
data_rand_fold2/Testing/meningioma/Tr-me_1303.jpg,108514,meningioma,meningioma,1,0.999990,2,42,0.000004,0.999990,0.000005,0.000000
data_rand_fold2/Testing/meningioma/Tr-me_1308.jpg,113435,meningioma,meningioma,1,0.999620,2,42,0.000275,0.999620,0.000008,0.000096
data_rand_fold2/Testing/meningioma/Tr-me_1315.jpg,113805,meningioma,meningioma,1,0.999979,2,42,0.000008,0.999979,0.000006,0.000006
data_rand_fold2/Testing/meningioma/Tr-me_1320.jpg,114359,meningioma,meningioma,1,0.997916,2,42,0.002068,0.997916,0.000010,0.000007
data_rand_fold2/Testing/meningioma/Tr-me_1328.jpg,97607,meningioma,meningioma,1,0.999978,2,42,0.000004,0.999978,0.000004,0.000014
data_rand_fold2/Testing/meningioma/Tr-me_1331.jpg,97737,meningioma,meningioma,1,0.999713,2,42,0.000102,0.999713,0.000097,0.000088
data_rand_fold2/Testing/notumor/Te-no_0110.jpg,nt441,notumor,notumor,1,0.999957,2,42,0.000001,0.000014,0.999957,0.000028
data_rand_fold2/Testing/notumor/Te-no_0118.jpg,nt949,notumor,notumor,1,0.999690,2,42,0.000003,0.000295,0.999690,0.000013
data_rand_fold2/Testing/notumor/Te-no_0119.jpg,nt1030,notumor,notumor,1,0.999963,2,42,0.000002,0.000035,0.999963,0.000000
data_rand_fold2/Testing/notumor/Te-no_0122.jpg,nt1014,notumor,notumor,1,0.999988,2,42,0.000001,0.000011,0.999988,0.000000
data_rand_fold2/Testing/notumor/Te-no_0126.jpg,nt957,notumor,notumor,1,0.999995,2,42,0.000000,0.000002,0.999995,0.000002
data_rand_fold2/Testing/notumor/Te-no_0127.jpg,nt822,notumor,notumor,1,0.999691,2,42,0.000034,0.000225,0.999691,0.000050
data_rand_fold2/Testing/notumor/Te-no_0130.jpg,nt1034,notumor,notumor,1,0.999996,2,42,0.000001,0.000002,0.999996,0.000001
data_rand_fold2/Testing/notumor/Te-no_0131.jpg,nt824,notumor,notumor,1,0.999825,2,42,0.000034,0.000140,0.999825,0.000001
data_rand_fold2/Testing/notumor/Te-no_0143.jpg,nt526,notumor,notumor,1,0.999988,2,42,0.000001,0.000011,0.999988,0.000001
data_rand_fold2/Testing/notumor/Te-no_0144.jpg,nt592,notumor,notumor,1,0.999994,2,42,0.000000,0.000006,0.999994,0.000000
data_rand_fold2/Testing/notumor/Te-no_0145.jpg,nt513,notumor,notumor,1,0.999989,2,42,0.000001,0.000009,0.999989,0.000002
data_rand_fold2/Testing/notumor/Te-no_0148.jpg,nt886,notumor,notumor,1,0.999842,2,42,0.000001,0.000147,0.999842,0.000010
data_rand_fold2/Testing/notumor/Te-no_0154.jpg,nt449,notumor,notumor,1,0.999907,2,42,0.000001,0.000092,0.999907,0.000000
data_rand_fold2/Testing/notumor/Te-no_0156.jpg,nt907,notumor,notumor,1,0.999981,2,42,0.000001,0.000016,0.999981,0.000002
data_rand_fold2/Testing/notumor/Te-no_0165.jpg,nt546,notumor,notumor,1,0.999928,2,42,0.000001,0.000056,0.999928,0.000015
data_rand_fold2/Testing/notumor/Te-no_0172.jpg,nt853,notumor,notumor,1,0.999907,2,42,0.000001,0.000092,0.999907,0.000001
data_rand_fold2/Testing/notumor/Te-no_0175.jpg,nt857,notumor,notumor,1,0.999078,2,42,0.000005,0.000905,0.999078,0.000012
data_rand_fold2/Testing/notumor/Te-no_0181.jpg,nt1052,notumor,notumor,1,0.999793,2,42,0.000001,0.000207,0.999793,0.000000
data_rand_fold2/Testing/notumor/Te-no_0186.jpg,nt586,notumor,notumor,1,0.999953,2,42,0.000000,0.000046,0.999953,0.000002
data_rand_fold2/Testing/notumor/Te-no_0188.jpg,nt588,notumor,notumor,1,0.999992,2,42,0.000000,0.000007,0.999992,0.000001
data_rand_fold2/Testing/notumor/Te-no_0198.jpg,nt392,notumor,notumor,1,0.999998,2,42,0.000001,0.000002,0.999998,0.000000
data_rand_fold2/Testing/notumor/Te-no_0202.jpg,nt1056,notumor,notumor,1,0.999992,2,42,0.000000,0.000008,0.999992,0.000000
data_rand_fold2/Testing/notumor/Te-no_0203.jpg,nt12,notumor,notumor,1,0.999997,2,42,0.000001,0.000002,0.999997,0.000000
data_rand_fold2/Testing/notumor/Te-no_0206.jpg,nt146,notumor,notumor,1,0.999988,2,42,0.000000,0.000012,0.999988,0.000000
data_rand_fold2/Testing/notumor/Te-no_0211.jpg,nt758,notumor,notumor,1,0.999994,2,42,0.000001,0.000005,0.999994,0.000000
data_rand_fold2/Testing/notumor/Te-no_0215.jpg,nt1063,notumor,notumor,1,0.999958,2,42,0.000002,0.000025,0.999958,0.000014
data_rand_fold2/Testing/notumor/Te-no_0216.jpg,nt192,notumor,notumor,1,0.999478,2,42,0.000011,0.000500,0.999478,0.000012
data_rand_fold2/Testing/notumor/Te-no_0219.jpg,nt1064,notumor,notumor,1,0.999894,2,42,0.000006,0.000096,0.999894,0.000003
data_rand_fold2/Testing/notumor/Te-no_0230.jpg,nt965,notumor,notumor,1,0.999916,2,42,0.000008,0.000055,0.999916,0.000020
data_rand_fold2/Testing/notumor/Te-no_0234.jpg,nt550,notumor,notumor,1,0.999997,2,42,0.000000,0.000002,0.999997,0.000000
data_rand_fold2/Testing/notumor/Te-no_0239.jpg,nt975,notumor,notumor,1,0.999997,2,42,0.000001,0.000002,0.999997,0.000000
data_rand_fold2/Testing/notumor/Te-no_0242.jpg,nt978,notumor,notumor,1,0.999995,2,42,0.000000,0.000005,0.999995,0.000000
data_rand_fold2/Testing/notumor/Te-no_0247.jpg,nt1070,notumor,notumor,1,0.999989,2,42,0.000000,0.000007,0.999989,0.000004
data_rand_fold2/Testing/notumor/Te-no_0252.jpg,nt371,notumor,notumor,1,0.999891,2,42,0.000001,0.000092,0.999891,0.000016
data_rand_fold2/Testing/notumor/Te-no_0258.jpg,nt867,notumor,notumor,1,0.999992,2,42,0.000000,0.000008,0.999992,0.000000
data_rand_fold2/Testing/notumor/Te-no_0270.jpg,nt1081,notumor,notumor,1,0.999999,2,42,0.000000,0.000001,0.999999,0.000000
data_rand_fold2/Testing/notumor/Te-no_0272.jpg,nt1083,notumor,notumor,1,0.999889,2,42,0.000000,0.000110,0.999889,0.000000
data_rand_fold2/Testing/notumor/Te-no_0275.jpg,nt1058,notumor,notumor,1,0.999994,2,42,0.000000,0.000006,0.999994,0.000000
data_rand_fold2/Testing/notumor/Te-no_0278.jpg,nt1086,notumor,notumor,1,0.999999,2,42,0.000000,0.000001,0.999999,0.000000
data_rand_fold2/Testing/notumor/Te-no_0299.jpg,nt809,notumor,notumor,1,0.999978,2,42,0.000000,0.000021,0.999978,0.000001
data_rand_fold2/Testing/notumor/Te-no_0302.jpg,nt142,notumor,notumor,1,0.999141,2,42,0.000002,0.000854,0.999141,0.000003
data_rand_fold2/Testing/notumor/Te-no_0317.jpg,nt1020,notumor,notumor,1,0.999987,2,42,0.000000,0.000013,0.999987,0.000000
data_rand_fold2/Testing/notumor/Te-no_0319.jpg,nt445,notumor,notumor,1,0.999995,2,42,0.000001,0.000003,0.999995,0.000001
data_rand_fold2/Testing/notumor/Te-no_0325.jpg,nt1098,notumor,notumor,1,0.999959,2,42,0.000000,0.000038,0.999959,0.000003
data_rand_fold2/Testing/notumor/Te-no_0335.jpg,nt322,notumor,notumor,1,0.999998,2,42,0.000000,0.000001,0.999998,0.000000
data_rand_fold2/Testing/notumor/Te-no_0337.jpg,nt328,notumor,notumor,1,0.999785,2,42,0.000004,0.000140,0.999785,0.000071
data_rand_fold2/Testing/notumor/Te-no_0340.jpg,nt1102,notumor,notumor,1,0.999981,2,42,0.000000,0.000019,0.999981,0.000000
data_rand_fold2/Testing/notumor/Te-no_0342.jpg,nt338,notumor,notumor,1,0.999763,2,42,0.000038,0.000191,0.999763,0.000008
data_rand_fold2/Testing/notumor/Te-no_0343.jpg,nt1031,notumor,notumor,1,0.999997,2,42,0.000000,0.000002,0.999997,0.000001
data_rand_fold2/Testing/notumor/Te-no_0352.jpg,nt497,notumor,notumor,1,0.999999,2,42,0.000000,0.000000,0.999999,0.000000
data_rand_fold2/Testing/notumor/Te-no_0361.jpg,nt1107,notumor,notumor,1,0.999996,2,42,0.000000,0.000004,0.999996,0.000000
data_rand_fold2/Testing/notumor/Te-no_0366.jpg,nt426,notumor,notumor,1,0.999985,2,42,0.000001,0.000012,0.999985,0.000001
data_rand_fold2/Testing/notumor/Te-no_0369.jpg,nt372,notumor,notumor,1,0.999977,2,42,0.000001,0.000021,0.999977,0.000001
data_rand_fold2/Testing/notumor/Te-no_0380.jpg,nt895,notumor,notumor,1,0.999861,2,42,0.000000,0.000138,0.999861,0.000001
data_rand_fold2/Testing/notumor/Te-no_0381.jpg,nt511,notumor,notumor,1,0.999996,2,42,0.000000,0.000002,0.999996,0.000001
data_rand_fold2/Testing/notumor/Te-no_0390.jpg,nt341,notumor,notumor,1,0.999884,2,42,0.000007,0.000093,0.999884,0.000016
data_rand_fold2/Testing/notumor/Te-no_0395.jpg,nt916,notumor,notumor,1,1.000000,2,42,0.000000,0.000000,1.000000,0.000000
data_rand_fold2/Testing/notumor/Tr-noTr_0004.jpg,nt4,notumor,notumor,1,0.992817,2,42,0.000021,0.007142,0.992817,0.000020
data_rand_fold2/Testing/notumor/Tr-noTr_0008.jpg,nt8,notumor,notumor,1,0.999973,2,42,0.000000,0.000016,0.999973,0.000011
data_rand_fold2/Testing/notumor/Tr-no_0013.jpg,nt12,notumor,notumor,1,0.999997,2,42,0.000001,0.000002,0.999997,0.000000
data_rand_fold2/Testing/notumor/Tr-no_0020.jpg,nt18,notumor,notumor,1,0.999610,2,42,0.000058,0.000293,0.999610,0.000039
data_rand_fold2/Testing/notumor/Tr-no_0022.jpg,nt20,notumor,notumor,1,0.985080,2,42,0.000044,0.014644,0.985080,0.000232
data_rand_fold2/Testing/notumor/Tr-no_0023.jpg,nt21,notumor,notumor,1,0.999850,2,42,0.000024,0.000107,0.999850,0.000020
data_rand_fold2/Testing/notumor/Tr-no_0025.jpg,nt22,notumor,notumor,1,0.999984,2,42,0.000000,0.000008,0.999984,0.000008
data_rand_fold2/Testing/notumor/Tr-no_0034.jpg,nt30,notumor,notumor,1,0.999926,2,42,0.000000,0.000039,0.999926,0.000034
data_rand_fold2/Testing/notumor/Tr-no_0036.jpg,nt32,notumor,notumor,1,0.999845,2,42,0.000018,0.000124,0.999845,0.000013
data_rand_fold2/Testing/notumor/Tr-no_0040.jpg,nt36,notumor,glioma,0,0.887860,2,42,0.887860,0.061607,0.017667,0.032866
data_rand_fold2/Testing/notumor/Tr-no_0050.jpg,nt46,notumor,notumor,1,0.999959,2,42,0.000001,0.000039,0.999959,0.000001
data_rand_fold2/Testing/notumor/Tr-no_0061.jpg,nt57,notumor,notumor,1,0.986660,2,42,0.001050,0.005616,0.986660,0.006674
data_rand_fold2/Testing/notumor/Tr-no_0063.jpg,nt59,notumor,notumor,1,0.999294,2,42,0.000049,0.000622,0.999294,0.000035
data_rand_fold2/Testing/notumor/Tr-no_0067.jpg,nt63,notumor,meningioma,0,0.967265,2,42,0.000001,0.967265,0.032731,0.000003
data_rand_fold2/Testing/notumor/Tr-no_0070.jpg,nt66,notumor,notumor,1,0.999906,2,42,0.000016,0.000032,0.999906,0.000047
data_rand_fold2/Testing/notumor/Tr-no_0073.jpg,nt69,notumor,pituitary,0,0.758767,2,42,0.002385,0.006997,0.231851,0.758767
data_rand_fold2/Testing/notumor/Tr-no_0074.jpg,nt39,notumor,notumor,1,0.999795,2,42,0.000001,0.000019,0.999795,0.000185
data_rand_fold2/Testing/notumor/Tr-no_0086.jpg,nt76,notumor,pituitary,0,0.544794,2,42,0.139419,0.260594,0.055193,0.544794
data_rand_fold2/Testing/notumor/Tr-no_0088.jpg,nt78,notumor,notumor,1,0.998517,2,42,0.000008,0.000234,0.998517,0.001240
data_rand_fold2/Testing/notumor/Tr-no_0098.jpg,nt88,notumor,notumor,1,0.970611,2,42,0.000044,0.029295,0.970611,0.000050
data_rand_fold2/Testing/notumor/Tr-no_0099.jpg,nt89,notumor,notumor,1,0.999941,2,42,0.000000,0.000052,0.999941,0.000007
data_rand_fold2/Testing/notumor/Tr-no_0108.jpg,nt98,notumor,notumor,1,0.932450,2,42,0.003380,0.062244,0.932450,0.001926
data_rand_fold2/Testing/notumor/Tr-no_0109.jpg,nt99,notumor,notumor,1,0.999978,2,42,0.000001,0.000021,0.999978,0.000001
data_rand_fold2/Testing/notumor/Tr-no_0110.jpg,nt100,notumor,notumor,1,0.998623,2,42,0.000061,0.001309,0.998623,0.000008
data_rand_fold2/Testing/notumor/Tr-no_0113.jpg,nt42,notumor,notumor,1,0.999971,2,42,0.000001,0.000027,0.999971,0.000000
data_rand_fold2/Testing/notumor/Tr-no_0114.jpg,nt103,notumor,notumor,1,0.999975,2,42,0.000000,0.000022,0.999975,0.000002
data_rand_fold2/Testing/notumor/Tr-no_0115.jpg,nt104,notumor,notumor,1,0.999580,2,42,0.000001,0.000036,0.999580,0.000383
data_rand_fold2/Testing/notumor/Tr-no_0116.jpg,nt105,notumor,notumor,1,0.997961,2,42,0.000011,0.001773,0.997961,0.000255
data_rand_fold2/Testing/notumor/Tr-no_0118.jpg,nt107,notumor,notumor,1,0.999592,2,42,0.000001,0.000375,0.999592,0.000033
data_rand_fold2/Testing/notumor/Tr-no_0119.jpg,nt108,notumor,notumor,1,0.999990,2,42,0.000000,0.000009,0.999990,0.000001
data_rand_fold2/Testing/notumor/Tr-no_0120.jpg,nt109,notumor,notumor,1,0.999991,2,42,0.000000,0.000008,0.999991,0.000001
data_rand_fold2/Testing/notumor/Tr-no_0127.jpg,nt113,notumor,notumor,1,0.999884,2,42,0.000001,0.000040,0.999884,0.000075
data_rand_fold2/Testing/notumor/Tr-no_0129.jpg,nt115,notumor,notumor,1,0.999981,2,42,0.000000,0.000018,0.999981,0.000001
data_rand_fold2/Testing/notumor/Tr-no_0134.jpg,nt117,notumor,notumor,1,0.996505,2,42,0.000031,0.002864,0.996505,0.000601
data_rand_fold2/Testing/notumor/Tr-no_0135.jpg,nt118,notumor,notumor,1,0.999943,2,42,0.000004,0.000052,0.999943,0.000001
data_rand_fold2/Testing/notumor/Tr-no_0158.jpg,nt137,notumor,notumor,1,0.999751,2,42,0.000004,0.000245,0.999751,0.000001
data_rand_fold2/Testing/notumor/Tr-no_0163.jpg,nt141,notumor,notumor,1,0.999944,2,42,0.000001,0.000051,0.999944,0.000005
data_rand_fold2/Testing/notumor/Tr-no_0169.jpg,nt146,notumor,notumor,1,0.999983,2,42,0.000000,0.000017,0.999983,0.000000
data_rand_fold2/Testing/notumor/Tr-no_0172.jpg,nt149,notumor,notumor,1,0.999988,2,42,0.000000,0.000009,0.999988,0.000002
data_rand_fold2/Testing/notumor/Tr-no_0173.jpg,nt150,notumor,notumor,1,0.868330,2,42,0.000034,0.001904,0.868330,0.129732
data_rand_fold2/Testing/notumor/Tr-no_0177.jpg,nt154,notumor,notumor,1,0.963153,2,42,0.007115,0.012959,0.963153,0.016773
data_rand_fold2/Testing/notumor/Tr-no_0191.jpg,nt162,notumor,glioma,0,0.884335,2,42,0.884335,0.040672,0.074734,0.000259
data_rand_fold2/Testing/notumor/Tr-no_0195.jpg,nt166,notumor,notumor,1,0.999995,2,42,0.000001,0.000003,0.999995,0.000000
data_rand_fold2/Testing/notumor/Tr-no_0216.jpg,nt185,notumor,notumor,1,0.999925,2,42,0.000000,0.000075,0.999925,0.000001
data_rand_fold2/Testing/notumor/Tr-no_0218.jpg,nt187,notumor,notumor,1,0.999995,2,42,0.000000,0.000005,0.999995,0.000000
data_rand_fold2/Testing/notumor/Tr-no_0225.jpg,nt190,notumor,notumor,1,0.999966,2,42,0.000004,0.000021,0.999966,0.000009
data_rand_fold2/Testing/notumor/Tr-no_0227.jpg,nt192,notumor,notumor,1,0.999628,2,42,0.000005,0.000362,0.999628,0.000005
data_rand_fold2/Testing/notumor/Tr-no_0230.jpg,nt194,notumor,notumor,1,0.999515,2,42,0.000000,0.000485,0.999515,0.000000
data_rand_fold2/Testing/notumor/Tr-no_0236.jpg,nt198,notumor,notumor,1,0.999743,2,42,0.000002,0.000253,0.999743,0.000002
data_rand_fold2/Testing/notumor/Tr-no_0255.jpg,nt213,notumor,notumor,1,0.808035,2,42,0.000139,0.191213,0.808035,0.000613
data_rand_fold2/Testing/notumor/Tr-no_0261.jpg,nt218,notumor,notumor,1,0.991657,2,42,0.000000,0.000077,0.991657,0.008265
data_rand_fold2/Testing/notumor/Tr-no_0262.jpg,nt219,notumor,pituitary,0,0.999424,2,42,0.000000,0.000001,0.000575,0.999424
data_rand_fold2/Testing/notumor/Tr-no_0266.jpg,nt223,notumor,notumor,1,0.999754,2,42,0.000083,0.000147,0.999754,0.000015
data_rand_fold2/Testing/notumor/Tr-no_0272.jpg,nt226,notumor,notumor,1,0.997546,2,42,0.000004,0.000751,0.997546,0.001699
data_rand_fold2/Testing/notumor/Tr-no_0273.jpg,nt227,notumor,notumor,1,0.997189,2,42,0.000020,0.002757,0.997189,0.000034
data_rand_fold2/Testing/notumor/Tr-no_0281.jpg,nt233,notumor,notumor,1,0.999826,2,42,0.000000,0.000171,0.999826,0.000002
data_rand_fold2/Testing/notumor/Tr-no_0287.jpg,nt238,notumor,notumor,1,0.999517,2,42,0.000001,0.000478,0.999517,0.000004
data_rand_fold2/Testing/notumor/Tr-no_0293.jpg,nt243,notumor,notumor,1,0.999820,2,42,0.000000,0.000174,0.999820,0.000006
data_rand_fold2/Testing/notumor/Tr-no_0306.jpg,nt254,notumor,meningioma,0,0.596494,2,42,0.017514,0.596494,0.370042,0.015950
data_rand_fold2/Testing/notumor/Tr-no_0309.jpg,nt257,notumor,notumor,1,0.999999,2,42,0.000000,0.000001,0.999999,0.000000
data_rand_fold2/Testing/notumor/Tr-no_0310.jpg,nt258,notumor,notumor,1,0.999695,2,42,0.000011,0.000267,0.999695,0.000027
data_rand_fold2/Testing/notumor/Tr-no_0314.jpg,nt262,notumor,notumor,1,0.999747,2,42,0.000000,0.000240,0.999747,0.000013
data_rand_fold2/Testing/notumor/Tr-no_0316.jpg,nt199,notumor,notumor,1,0.999821,2,42,0.000009,0.000169,0.999821,0.000001
data_rand_fold2/Testing/notumor/Tr-no_0319.jpg,nt266,notumor,notumor,1,0.999941,2,42,0.000001,0.000056,0.999941,0.000003
data_rand_fold2/Testing/notumor/Tr-no_0321.jpg,nt268,notumor,notumor,1,0.999267,2,42,0.000000,0.000686,0.999267,0.000046
data_rand_fold2/Testing/notumor/Tr-no_0326.jpg,nt261,notumor,notumor,1,0.999964,2,42,0.000000,0.000029,0.999964,0.000007
data_rand_fold2/Testing/notumor/Tr-no_0353.jpg,nt281,notumor,notumor,1,0.998880,2,42,0.000007,0.000666,0.998880,0.000447
data_rand_fold2/Testing/notumor/Tr-no_0360.jpg,nt288,notumor,notumor,1,0.998710,2,42,0.000094,0.001003,0.998710,0.000193
data_rand_fold2/Testing/notumor/Tr-no_0372.jpg,nt291,notumor,notumor,1,0.967404,2,42,0.000005,0.003800,0.967404,0.028790
data_rand_fold2/Testing/notumor/Tr-no_0374.jpg,nt115,notumor,notumor,1,0.999977,2,42,0.000000,0.000022,0.999977,0.000001
data_rand_fold2/Testing/notumor/Tr-no_0375.jpg,nt164,notumor,notumor,1,0.999855,2,42,0.000013,0.000090,0.999855,0.000043
data_rand_fold2/Testing/notumor/Tr-no_0378.jpg,nt294,notumor,notumor,1,0.951421,2,42,0.000288,0.000246,0.951421,0.048045
data_rand_fold2/Testing/notumor/Tr-no_0383.jpg,nt299,notumor,notumor,1,0.999811,2,42,0.000004,0.000148,0.999811,0.000037
data_rand_fold2/Testing/notumor/Tr-no_0385.jpg,nt301,notumor,notumor,1,0.994864,2,42,0.000062,0.000940,0.994864,0.004134
data_rand_fold2/Testing/notumor/Tr-no_0386.jpg,nt302,notumor,notumor,1,0.999098,2,42,0.000001,0.000058,0.999098,0.000843
data_rand_fold2/Testing/notumor/Tr-no_0389.jpg,nt305,notumor,pituitary,0,0.894819,2,42,0.000090,0.000211,0.104881,0.894819
data_rand_fold2/Testing/notumor/Tr-no_0413.jpg,nt328,notumor,notumor,1,0.999794,2,42,0.000004,0.000135,0.999794,0.000067
data_rand_fold2/Testing/notumor/Tr-no_0426.jpg,nt340,notumor,notumor,1,0.999986,2,42,0.000000,0.000013,0.999986,0.000000
data_rand_fold2/Testing/notumor/Tr-no_0431.jpg,nt345,notumor,notumor,1,0.999893,2,42,0.000010,0.000089,0.999893,0.000008
data_rand_fold2/Testing/notumor/Tr-no_0433.jpg,nt347,notumor,notumor,1,0.999958,2,42,0.000023,0.000016,0.999958,0.000003
data_rand_fold2/Testing/notumor/Tr-no_0440.jpg,nt354,notumor,notumor,1,0.999870,2,42,0.000008,0.000111,0.999870,0.000010
data_rand_fold2/Testing/notumor/Tr-no_0447.jpg,nt361,notumor,notumor,1,0.999938,2,42,0.000010,0.000044,0.999938,0.000008
data_rand_fold2/Testing/notumor/Tr-no_0449.jpg,nt363,notumor,notumor,1,0.999991,2,42,0.000001,0.000007,0.999991,0.000001
data_rand_fold2/Testing/notumor/Tr-no_0451.jpg,nt365,notumor,notumor,1,1.000000,2,42,0.000000,0.000000,1.000000,0.000000
data_rand_fold2/Testing/notumor/Tr-no_0454.jpg,nt368,notumor,notumor,1,0.999999,2,42,0.000000,0.000001,0.999999,0.000000
data_rand_fold2/Testing/notumor/Tr-no_0468.jpg,nt382,notumor,notumor,1,0.999758,2,42,0.000001,0.000240,0.999758,0.000001
data_rand_fold2/Testing/notumor/Tr-no_0470.jpg,nt384,notumor,notumor,1,0.999742,2,42,0.000013,0.000231,0.999742,0.000014
data_rand_fold2/Testing/notumor/Tr-no_0481.jpg,nt395,notumor,notumor,1,0.999971,2,42,0.000000,0.000028,0.999971,0.000000
data_rand_fold2/Testing/notumor/Tr-no_0486.jpg,nt400,notumor,notumor,1,0.999823,2,42,0.000015,0.000159,0.999823,0.000004
data_rand_fold2/Testing/notumor/Tr-no_0488.jpg,nt402,notumor,notumor,1,0.999866,2,42,0.000000,0.000130,0.999866,0.000004
data_rand_fold2/Testing/notumor/Tr-no_0489.jpg,nt403,notumor,notumor,1,0.999999,2,42,0.000000,0.000001,0.999999,0.000000
data_rand_fold2/Testing/notumor/Tr-no_0496.jpg,nt410,notumor,notumor,1,0.999897,2,42,0.000002,0.000097,0.999897,0.000003
data_rand_fold2/Testing/notumor/Tr-no_0506.jpg,nt420,notumor,notumor,1,0.999843,2,42,0.000001,0.000153,0.999843,0.000002
data_rand_fold2/Testing/notumor/Tr-no_0508.jpg,nt422,notumor,notumor,1,0.997684,2,42,0.000006,0.002309,0.997684,0.000001
data_rand_fold2/Testing/notumor/Tr-no_0511.jpg,nt425,notumor,notumor,1,0.999994,2,42,0.000000,0.000006,0.999994,0.000000
data_rand_fold2/Testing/notumor/Tr-no_0513.jpg,nt427,notumor,notumor,1,0.999784,2,42,0.000002,0.000213,0.999784,0.000002
data_rand_fold2/Testing/notumor/Tr-no_0519.jpg,nt433,notumor,notumor,1,0.999987,2,42,0.000005,0.000007,0.999987,0.000001
data_rand_fold2/Testing/notumor/Tr-no_0524.jpg,nt438,notumor,notumor,1,0.999964,2,42,0.000000,0.000024,0.999964,0.000012
data_rand_fold2/Testing/notumor/Tr-no_0526.jpg,nt440,notumor,notumor,1,0.999871,2,42,0.000000,0.000125,0.999871,0.000004
data_rand_fold2/Testing/notumor/Tr-no_0531.jpg,nt444,notumor,notumor,1,1.000000,2,42,0.000000,0.000000,1.000000,0.000000
data_rand_fold2/Testing/notumor/Tr-no_0532.jpg,nt339,notumor,notumor,1,0.999875,2,42,0.000002,0.000036,0.999875,0.000087
data_rand_fold2/Testing/notumor/Tr-no_0535.jpg,nt447,notumor,notumor,1,0.999998,2,42,0.000000,0.000002,0.999998,0.000000
data_rand_fold2/Testing/notumor/Tr-no_0547.jpg,nt137,notumor,notumor,1,0.999846,2,42,0.000004,0.000149,0.999846,0.000001
data_rand_fold2/Testing/notumor/Tr-no_0552.jpg,nt456,notumor,notumor,1,0.999994,2,42,0.000000,0.000006,0.999994,0.000000
data_rand_fold2/Testing/notumor/Tr-no_0557.jpg,nt461,notumor,notumor,1,0.999997,2,42,0.000000,0.000002,0.999997,0.000000
data_rand_fold2/Testing/notumor/Tr-no_0565.jpg,nt468,notumor,notumor,1,0.999988,2,42,0.000000,0.000010,0.999988,0.000001
data_rand_fold2/Testing/notumor/Tr-no_0571.jpg,nt472,notumor,notumor,1,0.999827,2,42,0.000007,0.000142,0.999827,0.000025
data_rand_fold2/Testing/notumor/Tr-no_0577.jpg,nt251,notumor,notumor,1,0.999989,2,42,0.000000,0.000010,0.999989,0.000001
data_rand_fold2/Testing/notumor/Tr-no_0579.jpg,nt29,notumor,notumor,1,0.998206,2,42,0.000036,0.001673,0.998206,0.000084
data_rand_fold2/Testing/notumor/Tr-no_0583.jpg,nt480,notumor,notumor,1,0.999985,2,42,0.000000,0.000014,0.999985,0.000001
data_rand_fold2/Testing/notumor/Tr-no_0584.jpg,nt481,notumor,notumor,1,0.999795,2,42,0.000007,0.000181,0.999795,0.000017
data_rand_fold2/Testing/notumor/Tr-no_0587.jpg,nt484,notumor,notumor,1,0.999732,2,42,0.000004,0.000263,0.999732,0.000002
data_rand_fold2/Testing/notumor/Tr-no_0588.jpg,nt485,notumor,notumor,1,0.999997,2,42,0.000001,0.000002,0.999997,0.000000
data_rand_fold2/Testing/notumor/Tr-no_0592.jpg,nt443,notumor,notumor,1,0.999973,2,42,0.000003,0.000015,0.999973,0.000009
data_rand_fold2/Testing/notumor/Tr-no_0594.jpg,nt490,notumor,notumor,1,0.999994,2,42,0.000001,0.000004,0.999994,0.000002
data_rand_fold2/Testing/notumor/Tr-no_0597.jpg,nt489,notumor,notumor,1,0.999985,2,42,0.000000,0.000014,0.999985,0.000000
data_rand_fold2/Testing/notumor/Tr-no_0621.jpg,nt516,notumor,notumor,1,0.999963,2,42,0.000001,0.000034,0.999963,0.000002
data_rand_fold2/Testing/notumor/Tr-no_0623.jpg,nt518,notumor,notumor,1,0.999895,2,42,0.000003,0.000099,0.999895,0.000003
data_rand_fold2/Testing/notumor/Tr-no_0630.jpg,nt524,notumor,notumor,1,0.999993,2,42,0.000000,0.000007,0.999993,0.000000
data_rand_fold2/Testing/notumor/Tr-no_0638.jpg,nt364,notumor,notumor,1,0.999358,2,42,0.000005,0.000633,0.999358,0.000004
data_rand_fold2/Testing/notumor/Tr-no_0639.jpg,nt530,notumor,notumor,1,0.999997,2,42,0.000000,0.000002,0.999997,0.000000
data_rand_fold2/Testing/notumor/Tr-no_0640.jpg,nt531,notumor,notumor,1,0.999883,2,42,0.000001,0.000115,0.999883,0.000001
data_rand_fold2/Testing/notumor/Tr-no_0652.jpg,nt542,notumor,notumor,1,0.999986,2,42,0.000003,0.000011,0.999986,0.000001
data_rand_fold2/Testing/notumor/Tr-no_0653.jpg,nt543,notumor,notumor,1,0.999983,2,42,0.000001,0.000016,0.999983,0.000000
data_rand_fold2/Testing/notumor/Tr-no_0654.jpg,nt544,notumor,notumor,1,0.999963,2,42,0.000002,0.000032,0.999963,0.000003
data_rand_fold2/Testing/notumor/Tr-no_0655.jpg,nt400,notumor,notumor,1,0.999841,2,42,0.000010,0.000145,0.999841,0.000004
data_rand_fold2/Testing/notumor/Tr-no_0663.jpg,nt549,notumor,notumor,1,0.999820,2,42,0.000022,0.000130,0.999820,0.000029
data_rand_fold2/Testing/notumor/Tr-no_0667.jpg,nt553,notumor,notumor,1,0.999990,2,42,0.000000,0.000010,0.999990,0.000000
data_rand_fold2/Testing/notumor/Tr-no_0669.jpg,nt555,notumor,notumor,1,0.999983,2,42,0.000000,0.000016,0.999983,0.000001
data_rand_fold2/Testing/notumor/Tr-no_0672.jpg,nt558,notumor,notumor,1,0.999997,2,42,0.000000,0.000002,0.999997,0.000001
data_rand_fold2/Testing/notumor/Tr-no_0677.jpg,nt562,notumor,notumor,1,0.999996,2,42,0.000000,0.000004,0.999996,0.000000
data_rand_fold2/Testing/notumor/Tr-no_0679.jpg,nt564,notumor,notumor,1,0.999992,2,42,0.000000,0.000008,0.999992,0.000000
data_rand_fold2/Testing/notumor/Tr-no_0690.jpg,nt574,notumor,notumor,1,0.999964,2,42,0.000001,0.000030,0.999964,0.000006
data_rand_fold2/Testing/notumor/Tr-no_0691.jpg,nt575,notumor,notumor,1,0.999987,2,42,0.000002,0.000005,0.999987,0.000005
data_rand_fold2/Testing/notumor/Tr-no_0693.jpg,nt395,notumor,notumor,1,0.999975,2,42,0.000001,0.000023,0.999975,0.000000
data_rand_fold2/Testing/notumor/Tr-no_0701.jpg,nt146,notumor,notumor,1,0.999972,2,42,0.000000,0.000027,0.999972,0.000000
data_rand_fold2/Testing/notumor/Tr-no_0702.jpg,nt456,notumor,notumor,1,0.999975,2,42,0.000000,0.000024,0.999975,0.000000
data_rand_fold2/Testing/notumor/Tr-no_0703.jpg,nt459,notumor,notumor,1,0.999942,2,42,0.000001,0.000048,0.999942,0.000009
data_rand_fold2/Testing/notumor/Tr-no_0712.jpg,nt123,notumor,notumor,1,0.999996,2,42,0.000000,0.000003,0.999996,0.000001
data_rand_fold2/Testing/notumor/Tr-no_0733.jpg,nt596,notumor,notumor,1,0.999997,2,42,0.000001,0.000001,0.999997,0.000002
data_rand_fold2/Testing/notumor/Tr-no_0738.jpg,nt601,notumor,notumor,1,0.999995,2,42,0.000000,0.000003,0.999995,0.000002
data_rand_fold2/Testing/notumor/Tr-no_0741.jpg,nt141,notumor,notumor,1,0.999955,2,42,0.000001,0.000040,0.999955,0.000005
data_rand_fold2/Testing/notumor/Tr-no_0750.jpg,nt612,notumor,notumor,1,0.999997,2,42,0.000000,0.000002,0.999997,0.000000
data_rand_fold2/Testing/notumor/Tr-no_0756.jpg,nt617,notumor,notumor,1,0.999994,2,42,0.000001,0.000006,0.999994,0.000000
data_rand_fold2/Testing/notumor/Tr-no_0769.jpg,nt628,notumor,notumor,1,0.999998,2,42,0.000000,0.000002,0.999998,0.000000
data_rand_fold2/Testing/notumor/Tr-no_0773.jpg,nt632,notumor,notumor,1,0.999999,2,42,0.000000,0.000001,0.999999,0.000001
data_rand_fold2/Testing/notumor/Tr-no_0775.jpg,nt634,notumor,notumor,1,0.999992,2,42,0.000001,0.000002,0.999992,0.000005
data_rand_fold2/Testing/notumor/Tr-no_0779.jpg,nt637,notumor,notumor,1,0.999977,2,42,0.000000,0.000022,0.999977,0.000001
data_rand_fold2/Testing/notumor/Tr-no_0782.jpg,nt640,notumor,notumor,1,0.999995,2,42,0.000000,0.000004,0.999995,0.000000
data_rand_fold2/Testing/notumor/Tr-no_0787.jpg,nt645,notumor,notumor,1,0.999948,2,42,0.000000,0.000051,0.999948,0.000000
data_rand_fold2/Testing/notumor/Tr-no_0788.jpg,nt473,notumor,notumor,1,0.999971,2,42,0.000001,0.000026,0.999971,0.000003
data_rand_fold2/Testing/notumor/Tr-no_0794.jpg,nt650,notumor,notumor,1,0.999984,2,42,0.000000,0.000015,0.999984,0.000000
data_rand_fold2/Testing/notumor/Tr-no_0795.jpg,nt651,notumor,notumor,1,0.999657,2,42,0.000008,0.000329,0.999657,0.000006
data_rand_fold2/Testing/notumor/Tr-no_0796.jpg,nt652,notumor,notumor,1,0.999994,2,42,0.000000,0.000004,0.999994,0.000002
data_rand_fold2/Testing/notumor/Tr-no_0799.jpg,nt655,notumor,notumor,1,0.999962,2,42,0.000001,0.000035,0.999962,0.000001
data_rand_fold2/Testing/notumor/Tr-no_0813.jpg,nt668,notumor,notumor,1,0.999954,2,42,0.000002,0.000011,0.999954,0.000033
data_rand_fold2/Testing/notumor/Tr-no_0815.jpg,nt670,notumor,notumor,1,0.999987,2,42,0.000000,0.000012,0.999987,0.000000
data_rand_fold2/Testing/notumor/Tr-no_0823.jpg,nt677,notumor,notumor,1,0.999877,2,42,0.000010,0.000112,0.999877,0.000002
data_rand_fold2/Testing/notumor/Tr-no_0824.jpg,nt678,notumor,notumor,1,0.999991,2,42,0.000000,0.000008,0.999991,0.000001
data_rand_fold2/Testing/notumor/Tr-no_0834.jpg,nt687,notumor,notumor,1,0.999999,2,42,0.000000,0.000001,0.999999,0.000000
data_rand_fold2/Testing/notumor/Tr-no_0836.jpg,nt689,notumor,notumor,1,0.999986,2,42,0.000001,0.000004,0.999986,0.000009
data_rand_fold2/Testing/notumor/Tr-no_0842.jpg,nt694,notumor,notumor,1,0.999995,2,42,0.000000,0.000004,0.999995,0.000001
data_rand_fold2/Testing/notumor/Tr-no_0844.jpg,nt696,notumor,notumor,1,0.999703,2,42,0.000006,0.000283,0.999703,0.000008
data_rand_fold2/Testing/notumor/Tr-no_0846.jpg,nt698,notumor,notumor,1,0.999997,2,42,0.000000,0.000002,0.999997,0.000001
data_rand_fold2/Testing/notumor/Tr-no_0862.jpg,nt714,notumor,notumor,1,0.999994,2,42,0.000000,0.000006,0.999994,0.000000
data_rand_fold2/Testing/notumor/Tr-no_0868.jpg,nt719,notumor,notumor,1,0.999988,2,42,0.000000,0.000001,0.999988,0.000011
data_rand_fold2/Testing/notumor/Tr-no_0873.jpg,nt724,notumor,notumor,1,1.000000,2,42,0.000000,0.000000,1.000000,0.000000
data_rand_fold2/Testing/notumor/Tr-no_0878.jpg,nt727,notumor,notumor,1,0.999997,2,42,0.000000,0.000002,0.999997,0.000001
data_rand_fold2/Testing/notumor/Tr-no_0880.jpg,nt729,notumor,notumor,1,0.999996,2,42,0.000000,0.000003,0.999996,0.000000
data_rand_fold2/Testing/notumor/Tr-no_0881.jpg,nt730,notumor,notumor,1,0.999976,2,42,0.000000,0.000015,0.999976,0.000008
data_rand_fold2/Testing/notumor/Tr-no_0884.jpg,nt733,notumor,notumor,1,1.000000,2,42,0.000000,0.000000,1.000000,0.000000
data_rand_fold2/Testing/notumor/Tr-no_0888.jpg,nt736,notumor,notumor,1,0.999999,2,42,0.000000,0.000001,0.999999,0.000000
data_rand_fold2/Testing/notumor/Tr-no_0895.jpg,nt742,notumor,notumor,1,0.999999,2,42,0.000000,0.000001,0.999999,0.000000
data_rand_fold2/Testing/notumor/Tr-no_0897.jpg,nt744,notumor,notumor,1,1.000000,2,42,0.000000,0.000000,1.000000,0.000000
data_rand_fold2/Testing/notumor/Tr-no_0898.jpg,nt192,notumor,notumor,1,0.999695,2,42,0.000006,0.000292,0.999695,0.000007
data_rand_fold2/Testing/notumor/Tr-no_0899.jpg,nt745,notumor,notumor,1,0.999997,2,42,0.000000,0.000003,0.999997,0.000000
data_rand_fold2/Testing/notumor/Tr-no_0909.jpg,nt754,notumor,notumor,1,0.999976,2,42,0.000001,0.000005,0.999976,0.000019
data_rand_fold2/Testing/notumor/Tr-no_0912.jpg,nt756,notumor,notumor,1,0.999987,2,42,0.000000,0.000011,0.999987,0.000002
data_rand_fold2/Testing/notumor/Tr-no_0913.jpg,nt757,notumor,notumor,1,0.999987,2,42,0.000000,0.000012,0.999987,0.000002
data_rand_fold2/Testing/notumor/Tr-no_0915.jpg,nt759,notumor,notumor,1,0.999873,2,42,0.000006,0.000065,0.999873,0.000056
data_rand_fold2/Testing/notumor/Tr-no_0917.jpg,nt761,notumor,notumor,1,0.999976,2,42,0.000000,0.000022,0.999976,0.000002
data_rand_fold2/Testing/notumor/Tr-no_0920.jpg,nt764,notumor,notumor,1,0.999999,2,42,0.000000,0.000001,0.999999,0.000000
data_rand_fold2/Testing/notumor/Tr-no_0924.jpg,nt767,notumor,notumor,1,0.999999,2,42,0.000000,0.000001,0.999999,0.000000
data_rand_fold2/Testing/notumor/Tr-no_0933.jpg,nt774,notumor,notumor,1,0.999992,2,42,0.000000,0.000008,0.999992,0.000000
data_rand_fold2/Testing/notumor/Tr-no_0934.jpg,nt775,notumor,notumor,1,0.999987,2,42,0.000001,0.000011,0.999987,0.000001
data_rand_fold2/Testing/notumor/Tr-no_0947.jpg,nt786,notumor,notumor,1,0.999824,2,42,0.000015,0.000156,0.999824,0.000005
data_rand_fold2/Testing/notumor/Tr-no_0949.jpg,nt788,notumor,notumor,1,0.999864,2,42,0.000017,0.000110,0.999864,0.000008
data_rand_fold2/Testing/notumor/Tr-no_0992.jpg,nt803,notumor,notumor,1,0.999985,2,42,0.000000,0.000013,0.999985,0.000002
data_rand_fold2/Testing/notumor/Tr-no_0997.jpg,nt804,notumor,notumor,1,0.999985,2,42,0.000001,0.000013,0.999985,0.000001
data_rand_fold2/Testing/notumor/Tr-no_0998.jpg,nt235,notumor,notumor,1,0.999792,2,42,0.000005,0.000191,0.999792,0.000013
data_rand_fold2/Testing/notumor/Tr-no_0999.jpg,nt792,notumor,notumor,1,0.999902,2,42,0.000002,0.000094,0.999902,0.000001
data_rand_fold2/Testing/notumor/Tr-no_1000.jpg,nt123,notumor,notumor,1,0.999995,2,42,0.000000,0.000003,0.999995,0.000001
data_rand_fold2/Testing/notumor/Tr-no_1002.jpg,nt235,notumor,notumor,1,0.999752,2,42,0.000003,0.000233,0.999752,0.000012
data_rand_fold2/Testing/notumor/Tr-no_1003.jpg,nt5,notumor,notumor,1,0.999875,2,42,0.000004,0.000120,0.999875,0.000001
data_rand_fold2/Testing/notumor/Tr-no_1014.jpg,nt256,notumor,notumor,1,0.999990,2,42,0.000000,0.000010,0.999990,0.000000
data_rand_fold2/Testing/notumor/Tr-no_1017.jpg,nt807,notumor,notumor,1,0.995939,2,42,0.000003,0.003930,0.995939,0.000129
data_rand_fold2/Testing/notumor/Tr-no_1018.jpg,nt476,notumor,notumor,1,0.999963,2,42,0.000004,0.000032,0.999963,0.000000
data_rand_fold2/Testing/notumor/Tr-no_1019.jpg,nt29,notumor,notumor,1,0.998127,2,42,0.000044,0.001714,0.998127,0.000115
data_rand_fold2/Testing/notumor/Tr-no_1021.jpg,nt237,notumor,notumor,1,0.999991,2,42,0.000000,0.000008,0.999991,0.000000
data_rand_fold2/Testing/notumor/Tr-no_1028.jpg,nt809,notumor,notumor,1,0.999980,2,42,0.000000,0.000020,0.999980,0.000001
data_rand_fold2/Testing/notumor/Tr-no_1029.jpg,nt810,notumor,notumor,1,0.999977,2,42,0.000000,0.000021,0.999977,0.000001
data_rand_fold2/Testing/notumor/Tr-no_1035.jpg,nt580,notumor,notumor,1,0.999248,2,42,0.000005,0.000736,0.999248,0.000012
data_rand_fold2/Testing/notumor/Tr-no_1046.jpg,nt123,notumor,notumor,1,0.999994,2,42,0.000000,0.000004,0.999994,0.000002
data_rand_fold2/Testing/notumor/Tr-no_1054.jpg,nt6,notumor,notumor,1,0.999783,2,42,0.000013,0.000185,0.999783,0.000019
data_rand_fold2/Testing/notumor/Tr-no_1076.jpg,nt24,notumor,notumor,1,0.999996,2,42,0.000000,0.000004,0.999996,0.000000
data_rand_fold2/Testing/notumor/Tr-no_1112.jpg,nt120,notumor,notumor,1,0.998495,2,42,0.000003,0.001476,0.998495,0.000026
data_rand_fold2/Testing/notumor/Tr-no_1121.jpg,nt444,notumor,notumor,1,1.000000,2,42,0.000000,0.000000,1.000000,0.000000
data_rand_fold2/Testing/notumor/Tr-no_1186.jpg,nt235,notumor,notumor,1,0.999788,2,42,0.000005,0.000193,0.999788,0.000015
data_rand_fold2/Testing/notumor/Tr-no_1189.jpg,nt237,notumor,notumor,1,0.999990,2,42,0.000000,0.000010,0.999990,0.000000
data_rand_fold2/Testing/notumor/Tr-no_1192.jpg,nt18,notumor,notumor,1,0.999966,2,42,0.000003,0.000028,0.999966,0.000003
data_rand_fold2/Testing/notumor/Tr-no_1195.jpg,nt476,notumor,notumor,1,0.999961,2,42,0.000006,0.000032,0.999961,0.000001
data_rand_fold2/Testing/notumor/Tr-no_1203.jpg,nt547,notumor,notumor,1,0.999766,2,42,0.000001,0.000229,0.999766,0.000005
data_rand_fold2/Testing/notumor/Tr-no_1228.jpg,nt839,notumor,notumor,1,0.999488,2,42,0.000001,0.000511,0.999488,0.000000
data_rand_fold2/Testing/notumor/Tr-no_1229.jpg,nt840,notumor,notumor,1,0.999688,2,42,0.000003,0.000303,0.999688,0.000006
data_rand_fold2/Testing/notumor/Tr-no_1238.jpg,nt844,notumor,notumor,1,0.999983,2,42,0.000000,0.000015,0.999983,0.000002
data_rand_fold2/Testing/notumor/Tr-no_1240.jpg,nt546,notumor,notumor,1,0.999927,2,42,0.000001,0.000064,0.999927,0.000008
data_rand_fold2/Testing/notumor/Tr-no_1242.jpg,nt846,notumor,notumor,1,0.999767,2,42,0.000002,0.000229,0.999767,0.000001
data_rand_fold2/Testing/notumor/Tr-no_1253.jpg,nt410,notumor,notumor,1,0.999913,2,42,0.000002,0.000082,0.999913,0.000003
data_rand_fold2/Testing/notumor/Tr-no_1256.jpg,nt853,notumor,notumor,1,0.999896,2,42,0.000000,0.000103,0.999896,0.000001
data_rand_fold2/Testing/notumor/Tr-no_1261.jpg,nt856,notumor,notumor,1,0.994260,2,42,0.000005,0.005713,0.994260,0.000022
data_rand_fold2/Testing/notumor/Tr-no_1267.jpg,nt363,notumor,notumor,1,0.999992,2,42,0.000001,0.000006,0.999992,0.000001
data_rand_fold2/Testing/notumor/Tr-no_1276.jpg,nt866,notumor,notumor,1,0.999994,2,42,0.000001,0.000003,0.999994,0.000002
data_rand_fold2/Testing/notumor/Tr-no_1281.jpg,nt869,notumor,notumor,1,0.999999,2,42,0.000000,0.000001,0.999999,0.000000
data_rand_fold2/Testing/notumor/Tr-no_1286.jpg,nt873,notumor,notumor,1,0.999629,2,42,0.000003,0.000308,0.999629,0.000059
data_rand_fold2/Testing/notumor/Tr-no_1290.jpg,nt876,notumor,notumor,1,0.999968,2,42,0.000000,0.000029,0.999968,0.000002
data_rand_fold2/Testing/notumor/Tr-no_1291.jpg,nt371,notumor,notumor,1,0.999917,2,42,0.000002,0.000065,0.999917,0.000016
data_rand_fold2/Testing/notumor/Tr-no_1295.jpg,nt880,notumor,notumor,1,0.999974,2,42,0.000001,0.000021,0.999974,0.000005
data_rand_fold2/Testing/notumor/Tr-no_1311.jpg,nt889,notumor,notumor,1,0.999996,2,42,0.000000,0.000003,0.999996,0.000001
data_rand_fold2/Testing/notumor/Tr-no_1315.jpg,nt893,notumor,notumor,1,0.998880,2,42,0.000001,0.001113,0.998880,0.000006
data_rand_fold2/Testing/notumor/Tr-no_1319.jpg,nt896,notumor,notumor,1,0.999981,2,42,0.000001,0.000018,0.999981,0.000000
data_rand_fold2/Testing/notumor/Tr-no_1331.jpg,nt905,notumor,notumor,1,0.999984,2,42,0.000006,0.000005,0.999984,0.000005
data_rand_fold2/Testing/notumor/Tr-no_1345.jpg,nt911,notumor,notumor,1,0.999436,2,42,0.000014,0.000546,0.999436,0.000004
data_rand_fold2/Testing/notumor/Tr-no_1348.jpg,nt913,notumor,notumor,1,0.999998,2,42,0.000000,0.000002,0.999998,0.000000
data_rand_fold2/Testing/notumor/Tr-no_1351.jpg,nt486,notumor,notumor,1,0.999967,2,42,0.000001,0.000012,0.999967,0.000020
data_rand_fold2/Testing/notumor/Tr-no_1356.jpg,nt920,notumor,notumor,1,0.999966,2,42,0.000000,0.000028,0.999966,0.000006
data_rand_fold2/Testing/notumor/Tr-no_1361.jpg,nt925,notumor,notumor,1,0.999940,2,42,0.000000,0.000006,0.999940,0.000054
data_rand_fold2/Testing/notumor/Tr-no_1363.jpg,nt515,notumor,notumor,1,0.999691,2,42,0.000001,0.000306,0.999691,0.000002
data_rand_fold2/Testing/notumor/Tr-no_1365.jpg,nt928,notumor,notumor,1,0.999922,2,42,0.000001,0.000030,0.999922,0.000047
data_rand_fold2/Testing/notumor/Tr-no_1366.jpg,nt929,notumor,notumor,1,0.999989,2,42,0.000006,0.000003,0.999989,0.000002
data_rand_fold2/Testing/notumor/Tr-no_1369.jpg,nt931,notumor,notumor,1,0.999997,2,42,0.000000,0.000002,0.999997,0.000000
data_rand_fold2/Testing/notumor/Tr-no_1370.jpg,nt932,notumor,notumor,1,0.999979,2,42,0.000000,0.000020,0.999979,0.000001
data_rand_fold2/Testing/notumor/Tr-no_1384.jpg,nt323,notumor,notumor,1,0.999995,2,42,0.000001,0.000003,0.999995,0.000001
data_rand_fold2/Testing/notumor/Tr-no_1393.jpg,nt329,notumor,notumor,1,0.999990,2,42,0.000000,0.000009,0.999990,0.000000
data_rand_fold2/Testing/notumor/Tr-no_1399.jpg,nt333,notumor,notumor,1,0.999965,2,42,0.000001,0.000021,0.999965,0.000012
data_rand_fold2/Testing/notumor/Tr-no_1403.jpg,nt334,notumor,notumor,1,0.999953,2,42,0.000000,0.000047,0.999953,0.000000
data_rand_fold2/Testing/notumor/Tr-no_1410.jpg,nt956,notumor,notumor,1,0.999899,2,42,0.000000,0.000098,0.999899,0.000003
data_rand_fold2/Testing/notumor/Tr-no_1419.jpg,nt959,notumor,notumor,1,0.999992,2,42,0.000000,0.000007,0.999992,0.000000
data_rand_fold2/Testing/notumor/Tr-no_1423.jpg,nt351,notumor,notumor,1,0.999931,2,42,0.000002,0.000061,0.999931,0.000006
data_rand_fold2/Testing/notumor/Tr-no_1425.jpg,nt353,notumor,notumor,1,0.999986,2,42,0.000001,0.000013,0.999986,0.000000
data_rand_fold2/Testing/notumor/Tr-no_1427.jpg,nt356,notumor,notumor,1,0.999997,2,42,0.000000,0.000003,0.999997,0.000000
data_rand_fold2/Testing/notumor/Tr-no_1436.jpg,nt971,notumor,notumor,1,0.998614,2,42,0.000039,0.001233,0.998614,0.000115
data_rand_fold2/Testing/notumor/Tr-no_1438.jpg,nt972,notumor,notumor,1,0.999947,2,42,0.000003,0.000049,0.999947,0.000001
data_rand_fold2/Testing/notumor/Tr-no_1446.jpg,nt578,notumor,notumor,1,0.999994,2,42,0.000000,0.000005,0.999994,0.000001
data_rand_fold2/Testing/notumor/Tr-no_1447.jpg,nt501,notumor,notumor,1,0.999994,2,42,0.000000,0.000006,0.999994,0.000000
data_rand_fold2/Testing/notumor/Tr-no_1449.jpg,nt979,notumor,notumor,1,0.999954,2,42,0.000001,0.000045,0.999954,0.000001
data_rand_fold2/Testing/notumor/Tr-no_1451.jpg,nt503,notumor,notumor,1,0.999862,2,42,0.000007,0.000096,0.999862,0.000036
data_rand_fold2/Testing/notumor/Tr-no_1461.jpg,nt984,notumor,notumor,1,0.999997,2,42,0.000001,0.000002,0.999997,0.000000
data_rand_fold2/Testing/notumor/Tr-no_1463.jpg,nt986,notumor,notumor,1,0.999897,2,42,0.000016,0.000051,0.999897,0.000036
data_rand_fold2/Testing/notumor/Tr-no_1464.jpg,nt443,notumor,notumor,1,0.999967,2,42,0.000002,0.000024,0.999967,0.000006
data_rand_fold2/Testing/notumor/Tr-no_1466.jpg,nt550,notumor,notumor,1,0.999997,2,42,0.000000,0.000003,0.999997,0.000000
data_rand_fold2/Testing/notumor/Tr-no_1474.jpg,nt988,notumor,notumor,1,0.999984,2,42,0.000002,0.000013,0.999984,0.000001
data_rand_fold2/Testing/notumor/Tr-no_1475.jpg,nt655,notumor,notumor,1,0.999957,2,42,0.000001,0.000041,0.999957,0.000001
data_rand_fold2/Testing/notumor/Tr-no_1487.jpg,nt833,notumor,notumor,1,0.999999,2,42,0.000000,0.000001,0.999999,0.000000
data_rand_fold2/Testing/notumor/Tr-no_1491.jpg,nt427,notumor,notumor,1,0.999850,2,42,0.000002,0.000146,0.999850,0.000002
data_rand_fold2/Testing/notumor/Tr-no_1493.jpg,nt569,notumor,notumor,1,0.999946,2,42,0.000006,0.000035,0.999946,0.000013
data_rand_fold2/Testing/notumor/Tr-no_1499.jpg,nt994,notumor,notumor,1,0.999853,2,42,0.000000,0.000146,0.999853,0.000000
data_rand_fold2/Testing/notumor/Tr-no_1511.jpg,nt867,notumor,notumor,1,0.999989,2,42,0.000000,0.000010,0.999989,0.000000
data_rand_fold2/Testing/notumor/Tr-no_1512.jpg,nt868,notumor,notumor,1,0.999998,2,42,0.000000,0.000001,0.999998,0.000000
data_rand_fold2/Testing/notumor/Tr-no_1513.jpg,nt366,notumor,notumor,1,0.999999,2,42,0.000000,0.000001,0.999999,0.000000
data_rand_fold2/Testing/notumor/Tr-no_1516.jpg,nt999,notumor,notumor,1,0.999999,2,42,0.000000,0.000001,0.999999,0.000000
data_rand_fold2/Testing/notumor/Tr-no_1522.jpg,nt535,notumor,notumor,1,0.999995,2,42,0.000000,0.000005,0.999995,0.000000
data_rand_fold2/Testing/notumor/Tr-no_1524.jpg,nt1002,notumor,notumor,1,0.999885,2,42,0.000001,0.000113,0.999885,0.000001
data_rand_fold2/Testing/notumor/Tr-no_1530.jpg,nt517,notumor,notumor,1,0.999996,2,42,0.000000,0.000003,0.999996,0.000000
data_rand_fold2/Testing/notumor/Tr-no_1531.jpg,nt381,notumor,notumor,1,0.999966,2,42,0.000000,0.000031,0.999966,0.000003
data_rand_fold2/Testing/notumor/Tr-no_1534.jpg,nt1007,notumor,notumor,1,0.999812,2,42,0.000004,0.000173,0.999812,0.000011
data_rand_fold2/Testing/notumor/Tr-no_1541.jpg,nt1010,notumor,notumor,1,0.999325,2,42,0.000011,0.000652,0.999325,0.000011
data_rand_fold2/Testing/notumor/Tr-no_1550.jpg,nt325,notumor,notumor,1,0.999994,2,42,0.000000,0.000003,0.999994,0.000003
data_rand_fold2/Testing/notumor/Tr-no_1563.jpg,nt439,notumor,notumor,1,0.999986,2,42,0.000000,0.000013,0.999986,0.000001
data_rand_fold2/Testing/notumor/Tr-no_1568.jpg,nt1016,notumor,notumor,1,0.999871,2,42,0.000011,0.000103,0.999871,0.000015
data_rand_fold2/Testing/notumor/Tr-no_1581.jpg,nt918,notumor,notumor,1,0.999998,2,42,0.000000,0.000001,0.999998,0.000000
data_rand_fold2/Testing/notumor/Tr-no_1585.jpg,nt923,notumor,notumor,1,0.999963,2,42,0.000001,0.000032,0.999963,0.000004
data_rand_fold2/Testing/notumor/Tr-no_1589.jpg,nt928,notumor,notumor,1,0.999887,2,42,0.000001,0.000045,0.999887,0.000067
data_rand_fold2/Testing/notumor/Tr-no_1591.jpg,nt931,notumor,notumor,1,0.999998,2,42,0.000000,0.000002,0.999998,0.000000
data_rand_fold2/Testing/notumor/Tr-no_1593.jpg,nt1025,notumor,notumor,1,1.000000,2,42,0.000000,0.000000,1.000000,0.000000
data_rand_fold2/Testing/pituitary/Te-piTr_0006.jpg,113274,pituitary,pituitary,1,0.999854,2,42,0.000035,0.000108,0.000003,0.999854
data_rand_fold2/Testing/pituitary/Te-piTr_0008.jpg,114361,pituitary,pituitary,1,0.999981,2,42,0.000006,0.000008,0.000005,0.999981
data_rand_fold2/Testing/pituitary/Te-pi_0040.jpg,98874,pituitary,pituitary,1,0.999994,2,42,0.000000,0.000004,0.000001,0.999994
data_rand_fold2/Testing/pituitary/Te-pi_0054.jpg,106062,pituitary,pituitary,1,0.999913,2,42,0.000004,0.000049,0.000034,0.999913
data_rand_fold2/Testing/pituitary/Te-pi_0076.jpg,111125,pituitary,pituitary,1,0.999977,2,42,0.000016,0.000005,0.000002,0.999977
data_rand_fold2/Testing/pituitary/Te-pi_0087.jpg,114094,pituitary,pituitary,1,0.991666,2,42,0.000106,0.007574,0.000654,0.991666
data_rand_fold2/Testing/pituitary/Te-pi_0088.jpg,114094,pituitary,pituitary,1,0.999981,2,42,0.000006,0.000002,0.000011,0.999981
data_rand_fold2/Testing/pituitary/Te-pi_0089.jpg,106062,pituitary,pituitary,1,0.999998,2,42,0.000000,0.000002,0.000001,0.999998
data_rand_fold2/Testing/pituitary/Te-pi_0090.jpg,106062,pituitary,pituitary,1,0.999997,2,42,0.000000,0.000002,0.000001,0.999997
data_rand_fold2/Testing/pituitary/Te-pi_0105.jpg,110537,pituitary,pituitary,1,0.999986,2,42,0.000003,0.000011,0.000000,0.999986
data_rand_fold2/Testing/pituitary/Te-pi_0106.jpg,114094,pituitary,pituitary,1,0.997852,2,42,0.000989,0.001062,0.000097,0.997852
data_rand_fold2/Testing/pituitary/Te-pi_0111.jpg,111785,pituitary,pituitary,1,0.999938,2,42,0.000001,0.000061,0.000000,0.999938
data_rand_fold2/Testing/pituitary/Te-pi_0115.jpg,112746,pituitary,pituitary,1,0.999855,2,42,0.000000,0.000142,0.000003,0.999855
data_rand_fold2/Testing/pituitary/Te-pi_0117.jpg,112847,pituitary,pituitary,1,1.000000,2,42,0.000000,0.000000,0.000000,1.000000
data_rand_fold2/Testing/pituitary/Te-pi_0120.jpg,107495,pituitary,pituitary,1,0.999990,2,42,0.000000,0.000001,0.000008,0.999990
data_rand_fold2/Testing/pituitary/Te-pi_0126.jpg,107505,pituitary,pituitary,1,0.999692,2,42,0.000287,0.000008,0.000014,0.999692
data_rand_fold2/Testing/pituitary/Te-pi_0127.jpg,107743,pituitary,pituitary,1,0.999958,2,42,0.000000,0.000034,0.000008,0.999958
data_rand_fold2/Testing/pituitary/Te-pi_0129.jpg,108931,pituitary,pituitary,1,0.999996,2,42,0.000002,0.000000,0.000002,0.999996
data_rand_fold2/Testing/pituitary/Te-pi_0130.jpg,109471,pituitary,pituitary,1,0.999983,2,42,0.000000,0.000016,0.000001,0.999983
data_rand_fold2/Testing/pituitary/Te-pi_0136.jpg,111075,pituitary,pituitary,1,1.000000,2,42,0.000000,0.000000,0.000000,1.000000
data_rand_fold2/Testing/pituitary/Te-pi_0138.jpg,111125,pituitary,pituitary,1,0.999903,2,42,0.000030,0.000005,0.000062,0.999903
data_rand_fold2/Testing/pituitary/Te-pi_0142.jpg,114361,pituitary,pituitary,1,0.999938,2,42,0.000016,0.000012,0.000034,0.999938
data_rand_fold2/Testing/pituitary/Te-pi_0154.jpg,103582,pituitary,pituitary,1,0.999956,2,42,0.000001,0.000031,0.000012,0.999956
data_rand_fold2/Testing/pituitary/Te-pi_0155.jpg,103670,pituitary,pituitary,1,0.999945,2,42,0.000004,0.000036,0.000016,0.999945
data_rand_fold2/Testing/pituitary/Te-pi_0156.jpg,103671,pituitary,pituitary,1,0.760069,2,42,0.001774,0.235683,0.002474,0.760069
data_rand_fold2/Testing/pituitary/Te-pi_0157.jpg,103731,pituitary,pituitary,1,0.999998,2,42,0.000001,0.000000,0.000000,0.999998
data_rand_fold2/Testing/pituitary/Te-pi_0161.jpg,104019,pituitary,pituitary,1,0.999996,2,42,0.000003,0.000001,0.000000,0.999996
data_rand_fold2/Testing/pituitary/Te-pi_0163.jpg,104558,pituitary,pituitary,1,0.999682,2,42,0.000009,0.000287,0.000023,0.999682
data_rand_fold2/Testing/pituitary/Te-pi_0171.jpg,105538,pituitary,meningioma,0,0.978845,2,42,0.000809,0.978845,0.001587,0.018759
data_rand_fold2/Testing/pituitary/Te-pi_0173.jpg,106062,pituitary,pituitary,1,0.999950,2,42,0.000029,0.000002,0.000018,0.999950
data_rand_fold2/Testing/pituitary/Te-pi_0177.jpg,97461,pituitary,pituitary,1,0.999993,2,42,0.000001,0.000001,0.000005,0.999993
data_rand_fold2/Testing/pituitary/Te-pi_0185.jpg,106062,pituitary,pituitary,1,0.999845,2,42,0.000030,0.000028,0.000097,0.999845
data_rand_fold2/Testing/pituitary/Te-pi_0188.jpg,98992,pituitary,pituitary,1,0.942809,2,42,0.000141,0.055016,0.002035,0.942809
data_rand_fold2/Testing/pituitary/Te-pi_0198.jpg,101305,pituitary,pituitary,1,0.999981,2,42,0.000007,0.000011,0.000000,0.999981
data_rand_fold2/Testing/pituitary/Te-pi_0199.jpg,101724,pituitary,pituitary,1,0.999868,2,42,0.000082,0.000004,0.000046,0.999868
data_rand_fold2/Testing/pituitary/Te-pi_0206.jpg,103478,pituitary,pituitary,1,0.999958,2,42,0.000001,0.000038,0.000004,0.999958
data_rand_fold2/Testing/pituitary/Te-pi_0208.jpg,103670,pituitary,pituitary,1,0.999998,2,42,0.000000,0.000001,0.000001,0.999998
data_rand_fold2/Testing/pituitary/Te-pi_0219.jpg,104912,pituitary,pituitary,1,0.999976,2,42,0.000015,0.000007,0.000002,0.999976
data_rand_fold2/Testing/pituitary/Te-pi_0221.jpg,105187,pituitary,pituitary,1,1.000000,2,42,0.000000,0.000000,0.000000,1.000000
data_rand_fold2/Testing/pituitary/Te-pi_0223.jpg,105638,pituitary,pituitary,1,0.999993,2,42,0.000004,0.000003,0.000000,0.999993
data_rand_fold2/Testing/pituitary/Te-pi_0224.jpg,97416,pituitary,pituitary,1,0.999761,2,42,0.000063,0.000156,0.000020,0.999761
data_rand_fold2/Testing/pituitary/Te-pi_0245.jpg,101029,pituitary,pituitary,1,0.999997,2,42,0.000002,0.000000,0.000002,0.999997
data_rand_fold2/Testing/pituitary/Te-pi_0246.jpg,101145,pituitary,pituitary,1,0.999938,2,42,0.000008,0.000043,0.000012,0.999938
data_rand_fold2/Testing/pituitary/Te-pi_0247.jpg,101305,pituitary,pituitary,1,0.999991,2,42,0.000003,0.000005,0.000000,0.999991
data_rand_fold2/Testing/pituitary/Te-pi_0272.jpg,104912,pituitary,pituitary,1,0.999999,2,42,0.000001,0.000001,0.000000,0.999999
data_rand_fold2/Testing/pituitary/Te-pi_0287.jpg,98472,pituitary,pituitary,1,0.999433,2,42,0.000005,0.000467,0.000095,0.999433
data_rand_fold2/Testing/pituitary/Te-pi_0297.jpg,98995,pituitary,pituitary,1,0.999979,2,42,0.000000,0.000008,0.000012,0.999979
data_rand_fold2/Testing/pituitary/Tr-piTr_0003.jpg,98871,pituitary,pituitary,1,0.999824,2,42,0.000010,0.000005,0.000162,0.999824
data_rand_fold2/Testing/pituitary/Tr-pi_0011.jpg,98992,pituitary,pituitary,1,0.999972,2,42,0.000002,0.000023,0.000003,0.999972
data_rand_fold2/Testing/pituitary/Tr-pi_0013.jpg,98992,pituitary,pituitary,1,0.999995,2,42,0.000000,0.000005,0.000000,0.999995
data_rand_fold2/Testing/pituitary/Tr-pi_0017.jpg,98995,pituitary,pituitary,1,0.999753,2,42,0.000076,0.000165,0.000006,0.999753
data_rand_fold2/Testing/pituitary/Tr-pi_0020.jpg,98995,pituitary,pituitary,1,0.999991,2,42,0.000000,0.000008,0.000001,0.999991
data_rand_fold2/Testing/pituitary/Tr-pi_0022.jpg,99223,pituitary,pituitary,1,0.999999,2,42,0.000000,0.000000,0.000000,0.999999
data_rand_fold2/Testing/pituitary/Tr-pi_0023.jpg,111125,pituitary,pituitary,1,0.999982,2,42,0.000002,0.000000,0.000015,0.999982
data_rand_fold2/Testing/pituitary/Tr-pi_0046.jpg,103837,pituitary,pituitary,1,0.999969,2,42,0.000000,0.000010,0.000021,0.999969
data_rand_fold2/Testing/pituitary/Tr-pi_0061.jpg,104684,pituitary,pituitary,1,0.999990,2,42,0.000001,0.000002,0.000007,0.999990
data_rand_fold2/Testing/pituitary/Tr-pi_0062.jpg,104684,pituitary,pituitary,1,0.999975,2,42,0.000002,0.000011,0.000012,0.999975
data_rand_fold2/Testing/pituitary/Tr-pi_0066.jpg,104912,pituitary,pituitary,1,0.999996,2,42,0.000001,0.000003,0.000000,0.999996
data_rand_fold2/Testing/pituitary/Tr-pi_0069.jpg,104912,pituitary,pituitary,1,0.999932,2,42,0.000051,0.000013,0.000005,0.999932
data_rand_fold2/Testing/pituitary/Tr-pi_0075.jpg,105187,pituitary,pituitary,1,0.999996,2,42,0.000001,0.000002,0.000000,0.999996
data_rand_fold2/Testing/pituitary/Tr-pi_0077.jpg,105187,pituitary,pituitary,1,0.999984,2,42,0.000006,0.000009,0.000001,0.999984
data_rand_fold2/Testing/pituitary/Tr-pi_0091.jpg,105638,pituitary,pituitary,1,0.999998,2,42,0.000000,0.000000,0.000001,0.999998
data_rand_fold2/Testing/pituitary/Tr-pi_0094.jpg,97416,pituitary,pituitary,1,0.999971,2,42,0.000017,0.000010,0.000002,0.999971
data_rand_fold2/Testing/pituitary/Tr-pi_0096.jpg,97416,pituitary,pituitary,1,0.999990,2,42,0.000002,0.000005,0.000004,0.999990
data_rand_fold2/Testing/pituitary/Tr-pi_0101.jpg,97416,pituitary,pituitary,1,0.999855,2,42,0.000013,0.000033,0.000099,0.999855
data_rand_fold2/Testing/pituitary/Tr-pi_0111.jpg,110993,pituitary,pituitary,1,0.996990,2,42,0.000003,0.002998,0.000009,0.996990
data_rand_fold2/Testing/pituitary/Tr-pi_0112.jpg,114361,pituitary,pituitary,1,0.999967,2,42,0.000015,0.000014,0.000004,0.999967
data_rand_fold2/Testing/pituitary/Tr-pi_0114.jpg,97890,pituitary,pituitary,1,0.999998,2,42,0.000001,0.000000,0.000001,0.999998
data_rand_fold2/Testing/pituitary/Tr-pi_0126.jpg,98472,pituitary,pituitary,1,0.999998,2,42,0.000000,0.000001,0.000001,0.999998
data_rand_fold2/Testing/pituitary/Tr-pi_0132.jpg,98871,pituitary,pituitary,1,0.999954,2,42,0.000009,0.000030,0.000007,0.999954
data_rand_fold2/Testing/pituitary/Tr-pi_0135.jpg,98871,pituitary,pituitary,1,0.999991,2,42,0.000004,0.000000,0.000004,0.999991
data_rand_fold2/Testing/pituitary/Tr-pi_0137.jpg,98874,pituitary,pituitary,1,0.999999,2,42,0.000000,0.000000,0.000000,0.999999
data_rand_fold2/Testing/pituitary/Tr-pi_0151.jpg,98992,pituitary,pituitary,1,0.999996,2,42,0.000004,0.000000,0.000000,0.999996
data_rand_fold2/Testing/pituitary/Tr-pi_0157.jpg,103837,pituitary,pituitary,1,0.999969,2,42,0.000000,0.000010,0.000021,0.999969
data_rand_fold2/Testing/pituitary/Tr-pi_0164.jpg,99223,pituitary,pituitary,1,0.979247,2,42,0.000771,0.017730,0.002252,0.979247
data_rand_fold2/Testing/pituitary/Tr-pi_0177.jpg,101029,pituitary,pituitary,1,0.999993,2,42,0.000004,0.000000,0.000003,0.999993
data_rand_fold2/Testing/pituitary/Tr-pi_0179.jpg,101029,pituitary,pituitary,1,0.999995,2,42,0.000004,0.000000,0.000001,0.999995
data_rand_fold2/Testing/pituitary/Tr-pi_0185.jpg,101305,pituitary,pituitary,1,0.999958,2,42,0.000000,0.000041,0.000001,0.999958
data_rand_fold2/Testing/pituitary/Tr-pi_0188.jpg,101305,pituitary,pituitary,1,0.999873,2,42,0.000044,0.000076,0.000007,0.999873
data_rand_fold2/Testing/pituitary/Tr-pi_0204.jpg,102669,pituitary,pituitary,1,0.999975,2,42,0.000021,0.000001,0.000002,0.999975
data_rand_fold2/Testing/pituitary/Tr-pi_0214.jpg,103257,pituitary,pituitary,1,0.999978,2,42,0.000003,0.000018,0.000000,0.999978
data_rand_fold2/Testing/pituitary/Tr-pi_0223.jpg,101029,pituitary,pituitary,1,0.999926,2,42,0.000005,0.000019,0.000050,0.999926
data_rand_fold2/Testing/pituitary/Tr-pi_0228.jpg,103582,pituitary,pituitary,1,0.999989,2,42,0.000000,0.000004,0.000007,0.999989
data_rand_fold2/Testing/pituitary/Tr-pi_0236.jpg,103670,pituitary,pituitary,1,0.999940,2,42,0.000005,0.000038,0.000017,0.999940
data_rand_fold2/Testing/pituitary/Tr-pi_0238.jpg,103671,pituitary,pituitary,1,0.999999,2,42,0.000000,0.000000,0.000001,0.999999
data_rand_fold2/Testing/pituitary/Tr-pi_0241.jpg,103671,pituitary,pituitary,1,0.999987,2,42,0.000003,0.000008,0.000002,0.999987
data_rand_fold2/Testing/pituitary/Tr-pi_0245.jpg,101029,pituitary,pituitary,1,0.998133,2,42,0.000090,0.000301,0.001476,0.998133
data_rand_fold2/Testing/pituitary/Tr-pi_0252.jpg,98871,pituitary,pituitary,1,0.999947,2,42,0.000016,0.000004,0.000033,0.999947
data_rand_fold2/Testing/pituitary/Tr-pi_0255.jpg,103731,pituitary,pituitary,1,0.999852,2,42,0.000109,0.000017,0.000022,0.999852
data_rand_fold2/Testing/pituitary/Tr-pi_0258.jpg,103731,pituitary,pituitary,1,0.999820,2,42,0.000162,0.000005,0.000012,0.999820
data_rand_fold2/Testing/pituitary/Tr-pi_0267.jpg,106062,pituitary,pituitary,1,0.999891,2,42,0.000033,0.000007,0.000070,0.999891
data_rand_fold2/Testing/pituitary/Tr-pi_0268.jpg,104558,pituitary,pituitary,1,0.982793,2,42,0.000272,0.015397,0.001538,0.982793
data_rand_fold2/Testing/pituitary/Tr-pi_0280.jpg,104684,pituitary,pituitary,1,0.999938,2,42,0.000010,0.000013,0.000039,0.999938
data_rand_fold2/Testing/pituitary/Tr-pi_0282.jpg,104912,pituitary,pituitary,1,0.999974,2,42,0.000021,0.000003,0.000002,0.999974
data_rand_fold2/Testing/pituitary/Tr-pi_0287.jpg,105187,pituitary,pituitary,1,0.999972,2,42,0.000002,0.000019,0.000008,0.999972
data_rand_fold2/Testing/pituitary/Tr-pi_0298.jpg,97416,pituitary,pituitary,1,0.999987,2,42,0.000000,0.000012,0.000001,0.999987
data_rand_fold2/Testing/pituitary/Tr-pi_0305.jpg,97461,pituitary,pituitary,1,0.999974,2,42,0.000005,0.000018,0.000003,0.999974
data_rand_fold2/Testing/pituitary/Tr-pi_0306.jpg,97461,pituitary,pituitary,1,0.999994,2,42,0.000003,0.000002,0.000001,0.999994
data_rand_fold2/Testing/pituitary/Tr-pi_0308.jpg,97461,pituitary,pituitary,1,0.999985,2,42,0.000013,0.000001,0.000001,0.999985
data_rand_fold2/Testing/pituitary/Tr-pi_0310.jpg,97461,pituitary,pituitary,1,0.999803,2,42,0.000174,0.000010,0.000013,0.999803
data_rand_fold2/Testing/pituitary/Tr-pi_0319.jpg,97890,pituitary,pituitary,1,0.999914,2,42,0.000059,0.000010,0.000017,0.999914
data_rand_fold2/Testing/pituitary/Tr-pi_0320.jpg,97890,pituitary,pituitary,1,0.999408,2,42,0.000160,0.000123,0.000310,0.999408
data_rand_fold2/Testing/pituitary/Tr-pi_0321.jpg,97890,pituitary,pituitary,1,0.999408,2,42,0.000160,0.000123,0.000310,0.999408
data_rand_fold2/Testing/pituitary/Tr-pi_0328.jpg,98472,pituitary,pituitary,1,0.999999,2,42,0.000000,0.000000,0.000000,0.999999
data_rand_fold2/Testing/pituitary/Tr-pi_0330.jpg,98652,pituitary,pituitary,1,0.999969,2,42,0.000010,0.000008,0.000013,0.999969
data_rand_fold2/Testing/pituitary/Tr-pi_0331.jpg,98652,pituitary,pituitary,1,0.999974,2,42,0.000001,0.000022,0.000003,0.999974
data_rand_fold2/Testing/pituitary/Tr-pi_0333.jpg,110993,pituitary,pituitary,1,0.999995,2,42,0.000000,0.000001,0.000003,0.999995
data_rand_fold2/Testing/pituitary/Tr-pi_0341.jpg,107495,pituitary,pituitary,1,0.999990,2,42,0.000006,0.000001,0.000004,0.999990
data_rand_fold2/Testing/pituitary/Tr-pi_0342.jpg,107495,pituitary,pituitary,1,0.999999,2,42,0.000000,0.000000,0.000000,0.999999
data_rand_fold2/Testing/pituitary/Tr-pi_0343.jpg,107495,pituitary,pituitary,1,0.999999,2,42,0.000000,0.000000,0.000000,0.999999
data_rand_fold2/Testing/pituitary/Tr-pi_0348.jpg,107429,pituitary,pituitary,1,0.999888,2,42,0.000006,0.000069,0.000037,0.999888
data_rand_fold2/Testing/pituitary/Tr-pi_0354.jpg,107505,pituitary,pituitary,1,0.999998,2,42,0.000000,0.000002,0.000000,0.999998
data_rand_fold2/Testing/pituitary/Tr-pi_0355.jpg,108858,pituitary,pituitary,1,0.999998,2,42,0.000001,0.000001,0.000000,0.999998
data_rand_fold2/Testing/pituitary/Tr-pi_0360.jpg,108858,pituitary,pituitary,1,0.999996,2,42,0.000002,0.000002,0.000000,0.999996
data_rand_fold2/Testing/pituitary/Tr-pi_0361.jpg,108931,pituitary,pituitary,1,0.999996,2,42,0.000003,0.000000,0.000001,0.999996
data_rand_fold2/Testing/pituitary/Tr-pi_0362.jpg,108931,pituitary,pituitary,1,0.999998,2,42,0.000001,0.000000,0.000001,0.999998
data_rand_fold2/Testing/pituitary/Tr-pi_0365.jpg,108931,pituitary,pituitary,1,0.999999,2,42,0.000001,0.000000,0.000000,0.999999
data_rand_fold2/Testing/pituitary/Tr-pi_0375.jpg,109769,pituitary,pituitary,1,0.999999,2,42,0.000000,0.000001,0.000000,0.999999
data_rand_fold2/Testing/pituitary/Tr-pi_0382.jpg,110518,pituitary,pituitary,1,0.999998,2,42,0.000001,0.000001,0.000000,0.999998
data_rand_fold2/Testing/pituitary/Tr-pi_0383.jpg,110537,pituitary,pituitary,1,0.999997,2,42,0.000001,0.000002,0.000000,0.999997
data_rand_fold2/Testing/pituitary/Tr-pi_0388.jpg,110993,pituitary,pituitary,1,1.000000,2,42,0.000000,0.000000,0.000000,1.000000
data_rand_fold2/Testing/pituitary/Tr-pi_0392.jpg,111125,pituitary,pituitary,1,0.999984,2,42,0.000002,0.000013,0.000001,0.999984
data_rand_fold2/Testing/pituitary/Tr-pi_0401.jpg,112074,pituitary,pituitary,1,0.999960,2,42,0.000001,0.000038,0.000001,0.999960
data_rand_fold2/Testing/pituitary/Tr-pi_0406.jpg,112649,pituitary,pituitary,1,0.999992,2,42,0.000007,0.000001,0.000000,0.999992
data_rand_fold2/Testing/pituitary/Tr-pi_0415.jpg,107429,pituitary,pituitary,1,0.999925,2,42,0.000006,0.000058,0.000011,0.999925
data_rand_fold2/Testing/pituitary/Tr-pi_0418.jpg,107429,pituitary,pituitary,1,0.999711,2,42,0.000016,0.000153,0.000120,0.999711
data_rand_fold2/Testing/pituitary/Tr-pi_0421.jpg,107505,pituitary,pituitary,1,0.999910,2,42,0.000019,0.000047,0.000023,0.999910
data_rand_fold2/Testing/pituitary/Tr-pi_0426.jpg,107743,pituitary,pituitary,1,0.999383,2,42,0.000092,0.000493,0.000031,0.999383
data_rand_fold2/Testing/pituitary/Tr-pi_0427.jpg,107743,pituitary,pituitary,1,0.999871,2,42,0.000024,0.000092,0.000013,0.999871
data_rand_fold2/Testing/pituitary/Tr-pi_0431.jpg,108931,pituitary,pituitary,1,0.999994,2,42,0.000004,0.000000,0.000003,0.999994
data_rand_fold2/Testing/pituitary/Tr-pi_0435.jpg,108931,pituitary,pituitary,1,0.999990,2,42,0.000006,0.000000,0.000005,0.999990
data_rand_fold2/Testing/pituitary/Tr-pi_0438.jpg,109471,pituitary,pituitary,1,0.999876,2,42,0.000073,0.000025,0.000026,0.999876
data_rand_fold2/Testing/pituitary/Tr-pi_0440.jpg,109471,pituitary,pituitary,1,0.999902,2,42,0.000075,0.000011,0.000013,0.999902
data_rand_fold2/Testing/pituitary/Tr-pi_0441.jpg,109471,pituitary,pituitary,1,0.999981,2,42,0.000009,0.000003,0.000007,0.999981
data_rand_fold2/Testing/pituitary/Tr-pi_0445.jpg,112847,pituitary,pituitary,1,0.999995,2,42,0.000002,0.000001,0.000002,0.999995
data_rand_fold2/Testing/pituitary/Tr-pi_0448.jpg,109898,pituitary,pituitary,1,0.999976,2,42,0.000011,0.000012,0.000001,0.999976
data_rand_fold2/Testing/pituitary/Tr-pi_0454.jpg,110537,pituitary,pituitary,1,0.999995,2,42,0.000003,0.000001,0.000001,0.999995
data_rand_fold2/Testing/pituitary/Tr-pi_0456.jpg,112847,pituitary,pituitary,1,0.999982,2,42,0.000002,0.000010,0.000006,0.999982
data_rand_fold2/Testing/pituitary/Tr-pi_0464.jpg,110993,pituitary,pituitary,1,0.999998,2,42,0.000001,0.000000,0.000000,0.999998
data_rand_fold2/Testing/pituitary/Tr-pi_0467.jpg,112847,pituitary,pituitary,1,0.999990,2,42,0.000001,0.000007,0.000003,0.999990
data_rand_fold2/Testing/pituitary/Tr-pi_0468.jpg,111075,pituitary,pituitary,1,0.999755,2,42,0.000182,0.000050,0.000013,0.999755
data_rand_fold2/Testing/pituitary/Tr-pi_0471.jpg,111075,pituitary,pituitary,1,0.999861,2,42,0.000111,0.000015,0.000013,0.999861
data_rand_fold2/Testing/pituitary/Tr-pi_0472.jpg,111075,pituitary,pituitary,1,0.999952,2,42,0.000034,0.000012,0.000003,0.999952
data_rand_fold2/Testing/pituitary/Tr-pi_0473.jpg,111075,pituitary,pituitary,1,0.997712,2,42,0.000382,0.001807,0.000100,0.997712
data_rand_fold2/Testing/pituitary/Tr-pi_0474.jpg,111125,pituitary,pituitary,1,0.999997,2,42,0.000000,0.000001,0.000001,0.999997
data_rand_fold2/Testing/pituitary/Tr-pi_0484.jpg,112074,pituitary,pituitary,1,0.999503,2,42,0.000020,0.000324,0.000153,0.999503
data_rand_fold2/Testing/pituitary/Tr-pi_0495.jpg,112074,pituitary,pituitary,1,0.999309,2,42,0.000220,0.000404,0.000068,0.999309
data_rand_fold2/Testing/pituitary/Tr-pi_0501.jpg,112649,pituitary,pituitary,1,0.999987,2,42,0.000003,0.000008,0.000002,0.999987
data_rand_fold2/Testing/pituitary/Tr-pi_0505.jpg,112746,pituitary,pituitary,1,0.999757,2,42,0.000006,0.000236,0.000001,0.999757
data_rand_fold2/Testing/pituitary/Tr-pi_0523.jpg,112746,pituitary,pituitary,1,0.999995,2,42,0.000000,0.000004,0.000001,0.999995
data_rand_fold2/Testing/pituitary/Tr-pi_0524.jpg,112746,pituitary,pituitary,1,0.999984,2,42,0.000002,0.000014,0.000001,0.999984
data_rand_fold2/Testing/pituitary/Tr-pi_0530.jpg,112847,pituitary,pituitary,1,0.999998,2,42,0.000000,0.000002,0.000000,0.999998
data_rand_fold2/Testing/pituitary/Tr-pi_0533.jpg,113274,pituitary,pituitary,1,0.999983,2,42,0.000009,0.000008,0.000000,0.999983
data_rand_fold2/Testing/pituitary/Tr-pi_0543.jpg,101029,pituitary,pituitary,1,0.999473,2,42,0.000007,0.000069,0.000451,0.999473
data_rand_fold2/Testing/pituitary/Tr-pi_0545.jpg,111075,pituitary,pituitary,1,0.999999,2,42,0.000000,0.000001,0.000000,0.999999
data_rand_fold2/Testing/pituitary/Tr-pi_0547.jpg,101145,pituitary,pituitary,1,0.999772,2,42,0.000007,0.000198,0.000024,0.999772
data_rand_fold2/Testing/pituitary/Tr-pi_0551.jpg,101724,pituitary,pituitary,1,0.999868,2,42,0.000011,0.000072,0.000049,0.999868
data_rand_fold2/Testing/pituitary/Tr-pi_0558.jpg,103046,pituitary,pituitary,1,0.999981,2,42,0.000000,0.000016,0.000002,0.999981
data_rand_fold2/Testing/pituitary/Tr-pi_0559.jpg,103046,pituitary,pituitary,1,0.999997,2,42,0.000001,0.000001,0.000001,0.999997
data_rand_fold2/Testing/pituitary/Tr-pi_0560.jpg,103046,pituitary,pituitary,1,0.999981,2,42,0.000001,0.000012,0.000005,0.999981
data_rand_fold2/Testing/pituitary/Tr-pi_0564.jpg,103257,pituitary,pituitary,1,0.999988,2,42,0.000000,0.000012,0.000000,0.999988
data_rand_fold2/Testing/pituitary/Tr-pi_0567.jpg,103478,pituitary,pituitary,1,0.999397,2,42,0.000105,0.000460,0.000038,0.999397
data_rand_fold2/Testing/pituitary/Tr-pi_0571.jpg,114361,pituitary,pituitary,1,0.999989,2,42,0.000001,0.000006,0.000004,0.999989
data_rand_fold2/Testing/pituitary/Tr-pi_0573.jpg,103582,pituitary,pituitary,1,0.999960,2,42,0.000009,0.000029,0.000003,0.999960
data_rand_fold2/Testing/pituitary/Tr-pi_0576.jpg,103670,pituitary,pituitary,1,0.999910,2,42,0.000006,0.000065,0.000019,0.999910
data_rand_fold2/Testing/pituitary/Tr-pi_0579.jpg,103671,pituitary,pituitary,1,0.846411,2,42,0.000816,0.149522,0.003251,0.846411
data_rand_fold2/Testing/pituitary/Tr-pi_0581.jpg,103671,pituitary,pituitary,1,0.816580,2,42,0.001144,0.179622,0.002654,0.816580
data_rand_fold2/Testing/pituitary/Tr-pi_0583.jpg,103731,pituitary,pituitary,1,1.000000,2,42,0.000000,0.000000,0.000000,1.000000
data_rand_fold2/Testing/pituitary/Tr-pi_0584.jpg,103731,pituitary,pituitary,1,0.999998,2,42,0.000001,0.000001,0.000000,0.999998
data_rand_fold2/Testing/pituitary/Tr-pi_0595.jpg,104558,pituitary,pituitary,1,0.999992,2,42,0.000000,0.000007,0.000001,0.999992
data_rand_fold2/Testing/pituitary/Tr-pi_0597.jpg,114094,pituitary,pituitary,1,0.988615,2,42,0.000292,0.010569,0.000524,0.988615
data_rand_fold2/Testing/pituitary/Tr-pi_0603.jpg,104684,pituitary,pituitary,1,0.999977,2,42,0.000000,0.000000,0.000023,0.999977
data_rand_fold2/Testing/pituitary/Tr-pi_0606.jpg,104912,pituitary,pituitary,1,0.999999,2,42,0.000000,0.000000,0.000000,0.999999
data_rand_fold2/Testing/pituitary/Tr-pi_0610.jpg,105475,pituitary,pituitary,1,0.999923,2,42,0.000007,0.000062,0.000007,0.999923
data_rand_fold2/Testing/pituitary/Tr-pi_0611.jpg,105475,pituitary,pituitary,1,0.999990,2,42,0.000000,0.000007,0.000003,0.999990
data_rand_fold2/Testing/pituitary/Tr-pi_0613.jpg,105538,pituitary,pituitary,1,0.632839,2,42,0.006437,0.325871,0.034854,0.632839
data_rand_fold2/Testing/pituitary/Tr-pi_0622.jpg,114094,pituitary,pituitary,1,0.999111,2,42,0.000174,0.000487,0.000228,0.999111
data_rand_fold2/Testing/pituitary/Tr-pi_0624.jpg,97461,pituitary,pituitary,1,0.999924,2,42,0.000049,0.000014,0.000014,0.999924
data_rand_fold2/Testing/pituitary/Tr-pi_0632.jpg,114094,pituitary,pituitary,1,0.999902,2,42,0.000036,0.000018,0.000043,0.999902
data_rand_fold2/Testing/pituitary/Tr-pi_0634.jpg,98472,pituitary,pituitary,1,0.999961,2,42,0.000001,0.000033,0.000005,0.999961
data_rand_fold2/Testing/pituitary/Tr-pi_0636.jpg,98472,pituitary,pituitary,1,0.999987,2,42,0.000001,0.000011,0.000001,0.999987
data_rand_fold2/Testing/pituitary/Tr-pi_0637.jpg,98472,pituitary,pituitary,1,0.999627,2,42,0.000016,0.000208,0.000149,0.999627
data_rand_fold2/Testing/pituitary/Tr-pi_0642.jpg,98652,pituitary,pituitary,1,0.999788,2,42,0.000025,0.000036,0.000152,0.999788
data_rand_fold2/Testing/pituitary/Tr-pi_0649.jpg,106062,pituitary,pituitary,1,1.000000,2,42,0.000000,0.000000,0.000000,1.000000
data_rand_fold2/Testing/pituitary/Tr-pi_0652.jpg,98992,pituitary,pituitary,1,0.999926,2,42,0.000003,0.000069,0.000002,0.999926
data_rand_fold2/Testing/pituitary/Tr-pi_0658.jpg,98995,pituitary,pituitary,1,0.999928,2,42,0.000002,0.000051,0.000019,0.999928
data_rand_fold2/Testing/pituitary/Tr-pi_0659.jpg,98995,pituitary,pituitary,1,0.999662,2,42,0.000023,0.000110,0.000206,0.999662
data_rand_fold2/Testing/pituitary/Tr-pi_0665.jpg,99223,pituitary,pituitary,1,0.999972,2,42,0.000023,0.000003,0.000002,0.999972
data_rand_fold2/Testing/pituitary/Tr-pi_0671.jpg,101017,pituitary,pituitary,1,0.997211,2,42,0.000314,0.001909,0.000566,0.997211
data_rand_fold2/Testing/pituitary/Tr-pi_0682.jpg,101305,pituitary,pituitary,1,0.999991,2,42,0.000008,0.000001,0.000000,0.999991
data_rand_fold2/Testing/pituitary/Tr-pi_0684.jpg,101724,pituitary,pituitary,1,0.999682,2,42,0.000109,0.000120,0.000088,0.999682
data_rand_fold2/Testing/pituitary/Tr-pi_0685.jpg,101724,pituitary,pituitary,1,0.999910,2,42,0.000065,0.000004,0.000021,0.999910
data_rand_fold2/Testing/pituitary/Tr-pi_0686.jpg,102648,pituitary,pituitary,1,0.999900,2,42,0.000090,0.000003,0.000007,0.999900
data_rand_fold2/Testing/pituitary/Tr-pi_0688.jpg,102648,pituitary,pituitary,1,0.999972,2,42,0.000020,0.000003,0.000005,0.999972
data_rand_fold2/Testing/pituitary/Tr-pi_0690.jpg,104912,pituitary,pituitary,1,0.999997,2,42,0.000001,0.000002,0.000000,0.999997
data_rand_fold2/Testing/pituitary/Tr-pi_0692.jpg,104684,pituitary,pituitary,1,0.999981,2,42,0.000002,0.000001,0.000016,0.999981
data_rand_fold2/Testing/pituitary/Tr-pi_0695.jpg,112649,pituitary,pituitary,1,0.999855,2,42,0.000072,0.000070,0.000003,0.999855
data_rand_fold2/Testing/pituitary/Tr-pi_0700.jpg,103257,pituitary,pituitary,1,0.999990,2,42,0.000000,0.000008,0.000002,0.999990
data_rand_fold2/Testing/pituitary/Tr-pi_0706.jpg,107495,pituitary,pituitary,1,0.999998,2,42,0.000000,0.000001,0.000001,0.999998
data_rand_fold2/Testing/pituitary/Tr-pi_0709.jpg,107495,pituitary,pituitary,1,0.999998,2,42,0.000000,0.000001,0.000001,0.999998
data_rand_fold2/Testing/pituitary/Tr-pi_0718.jpg,103257,pituitary,pituitary,1,0.999945,2,42,0.000007,0.000033,0.000016,0.999945
data_rand_fold2/Testing/pituitary/Tr-pi_0731.jpg,109471,pituitary,pituitary,1,0.999913,2,42,0.000008,0.000070,0.000009,0.999913
data_rand_fold2/Testing/pituitary/Tr-pi_0741.jpg,109898,pituitary,pituitary,1,0.999667,2,42,0.000118,0.000099,0.000116,0.999667
data_rand_fold2/Testing/pituitary/Tr-pi_0746.jpg,103478,pituitary,pituitary,1,0.999672,2,42,0.000049,0.000126,0.000153,0.999672
data_rand_fold2/Testing/pituitary/Tr-pi_0761.jpg,109898,pituitary,pituitary,1,0.997080,2,42,0.000124,0.002611,0.000186,0.997080
data_rand_fold2/Testing/pituitary/Tr-pi_0763.jpg,110518,pituitary,pituitary,1,0.999992,2,42,0.000005,0.000003,0.000000,0.999992
data_rand_fold2/Testing/pituitary/Tr-pi_0764.jpg,110518,pituitary,pituitary,1,0.999979,2,42,0.000002,0.000017,0.000001,0.999979
data_rand_fold2/Testing/pituitary/Tr-pi_0766.jpg,112847,pituitary,pituitary,1,0.999978,2,42,0.000007,0.000014,0.000002,0.999978
data_rand_fold2/Testing/pituitary/Tr-pi_0773.jpg,112847,pituitary,pituitary,1,0.999995,2,42,0.000002,0.000003,0.000000,0.999995
data_rand_fold2/Testing/pituitary/Tr-pi_0774.jpg,110537,pituitary,pituitary,1,0.999860,2,42,0.000002,0.000109,0.000028,0.999860
data_rand_fold2/Testing/pituitary/Tr-pi_0780.jpg,111075,pituitary,pituitary,1,0.999977,2,42,0.000018,0.000004,0.000002,0.999977
data_rand_fold2/Testing/pituitary/Tr-pi_0790.jpg,111785,pituitary,pituitary,1,0.999983,2,42,0.000009,0.000002,0.000006,0.999983
data_rand_fold2/Testing/pituitary/Tr-pi_0796.jpg,112649,pituitary,pituitary,1,0.999503,2,42,0.000149,0.000170,0.000178,0.999503
data_rand_fold2/Testing/pituitary/Tr-pi_0797.jpg,112649,pituitary,pituitary,1,0.999848,2,42,0.000079,0.000057,0.000015,0.999848
data_rand_fold2/Testing/pituitary/Tr-pi_0798.jpg,112649,pituitary,pituitary,1,0.999607,2,42,0.000347,0.000035,0.000012,0.999607
data_rand_fold2/Testing/pituitary/Tr-pi_0802.jpg,113274,pituitary,pituitary,1,0.999996,2,42,0.000000,0.000003,0.000000,0.999996
data_rand_fold2/Testing/pituitary/Tr-pi_0817.jpg,114361,pituitary,pituitary,1,0.999968,2,42,0.000004,0.000016,0.000011,0.999968
data_rand_fold2/Testing/pituitary/Tr-pi_0835.jpg,107495,pituitary,pituitary,1,1.000000,2,42,0.000000,0.000000,0.000000,1.000000
data_rand_fold2/Testing/pituitary/Tr-pi_0838.jpg,107429,pituitary,pituitary,1,0.999988,2,42,0.000001,0.000003,0.000008,0.999988
data_rand_fold2/Testing/pituitary/Tr-pi_0840.jpg,107429,pituitary,pituitary,1,0.999862,2,42,0.000002,0.000047,0.000090,0.999862
data_rand_fold2/Testing/pituitary/Tr-pi_0841.jpg,114040,pituitary,pituitary,1,0.999970,2,42,0.000015,0.000011,0.000004,0.999970
data_rand_fold2/Testing/pituitary/Tr-pi_0842.jpg,107429,pituitary,pituitary,1,0.999993,2,42,0.000004,0.000001,0.000002,0.999993
data_rand_fold2/Testing/pituitary/Tr-pi_0853.jpg,108931,pituitary,pituitary,1,0.999992,2,42,0.000004,0.000000,0.000004,0.999992
data_rand_fold2/Testing/pituitary/Tr-pi_0854.jpg,108931,pituitary,pituitary,1,0.999993,2,42,0.000000,0.000000,0.000007,0.999993
data_rand_fold2/Testing/pituitary/Tr-pi_0861.jpg,109471,pituitary,pituitary,1,0.999997,2,42,0.000000,0.000002,0.000001,0.999997
data_rand_fold2/Testing/pituitary/Tr-pi_0864.jpg,109769,pituitary,pituitary,1,0.999796,2,42,0.000019,0.000088,0.000097,0.999796
data_rand_fold2/Testing/pituitary/Tr-pi_0865.jpg,109769,pituitary,pituitary,1,0.999979,2,42,0.000007,0.000001,0.000013,0.999979
data_rand_fold2/Testing/pituitary/Tr-pi_0866.jpg,109769,pituitary,pituitary,1,0.999986,2,42,0.000002,0.000011,0.000001,0.999986
data_rand_fold2/Testing/pituitary/Tr-pi_0871.jpg,110518,pituitary,pituitary,1,1.000000,2,42,0.000000,0.000000,0.000000,1.000000
data_rand_fold2/Testing/pituitary/Tr-pi_0877.jpg,114361,pituitary,pituitary,1,0.999967,2,42,0.000003,0.000017,0.000013,0.999967
data_rand_fold2/Testing/pituitary/Tr-pi_0879.jpg,111075,pituitary,pituitary,1,0.999985,2,42,0.000001,0.000014,0.000000,0.999985
data_rand_fold2/Testing/pituitary/Tr-pi_0882.jpg,111125,pituitary,pituitary,1,0.999996,2,42,0.000001,0.000003,0.000001,0.999996
data_rand_fold2/Testing/pituitary/Tr-pi_0889.jpg,105936,pituitary,pituitary,1,0.999996,2,42,0.000000,0.000001,0.000004,0.999996
data_rand_fold2/Testing/pituitary/Tr-pi_0892.jpg,106062,pituitary,pituitary,1,0.999115,2,42,0.000025,0.000267,0.000593,0.999115
data_rand_fold2/Testing/pituitary/Tr-pi_0894.jpg,112074,pituitary,pituitary,1,0.999769,2,42,0.000002,0.000161,0.000068,0.999769
data_rand_fold2/Testing/pituitary/Tr-pi_0902.jpg,112746,pituitary,pituitary,1,0.999998,2,42,0.000000,0.000002,0.000000,0.999998
data_rand_fold2/Testing/pituitary/Tr-pi_0904.jpg,112746,pituitary,pituitary,1,0.999972,2,42,0.000001,0.000024,0.000004,0.999972
data_rand_fold2/Testing/pituitary/Tr-pi_0909.jpg,112847,pituitary,pituitary,1,0.999962,2,42,0.000001,0.000036,0.000001,0.999962
data_rand_fold2/Testing/pituitary/Tr-pi_0912.jpg,105936,pituitary,pituitary,1,1.000000,2,42,0.000000,0.000000,0.000000,1.000000
data_rand_fold2/Testing/pituitary/Tr-pi_0920.jpg,107495,pituitary,pituitary,1,0.999956,2,42,0.000001,0.000033,0.000010,0.999956
data_rand_fold2/Testing/pituitary/Tr-pi_0922.jpg,107495,pituitary,pituitary,1,0.999820,2,42,0.000028,0.000060,0.000092,0.999820
data_rand_fold2/Testing/pituitary/Tr-pi_0925.jpg,107429,pituitary,pituitary,1,0.999986,2,42,0.000000,0.000013,0.000001,0.999986
data_rand_fold2/Testing/pituitary/Tr-pi_0933.jpg,107505,pituitary,pituitary,1,0.999834,2,42,0.000131,0.000024,0.000010,0.999834
data_rand_fold2/Testing/pituitary/Tr-pi_0940.jpg,108858,pituitary,pituitary,1,0.999938,2,42,0.000011,0.000046,0.000005,0.999938
data_rand_fold2/Testing/pituitary/Tr-pi_0946.jpg,109471,pituitary,pituitary,1,0.999714,2,42,0.000003,0.000241,0.000042,0.999714
data_rand_fold2/Testing/pituitary/Tr-pi_0952.jpg,113741,pituitary,pituitary,1,0.999986,2,42,0.000000,0.000013,0.000000,0.999986
data_rand_fold2/Testing/pituitary/Tr-pi_0954.jpg,109898,pituitary,pituitary,1,0.999877,2,42,0.000046,0.000031,0.000045,0.999877
data_rand_fold2/Testing/pituitary/Tr-pi_0963.jpg,111075,pituitary,pituitary,1,0.999998,2,42,0.000000,0.000001,0.000000,0.999998
data_rand_fold2/Testing/pituitary/Tr-pi_0968.jpg,113741,pituitary,pituitary,1,1.000000,2,42,0.000000,0.000000,0.000000,1.000000
data_rand_fold2/Testing/pituitary/Tr-pi_0970.jpg,111125,pituitary,pituitary,1,0.999991,2,42,0.000002,0.000001,0.000006,0.999991
data_rand_fold2/Testing/pituitary/Tr-pi_0971.jpg,111785,pituitary,pituitary,1,0.999969,2,42,0.000005,0.000024,0.000002,0.999969
data_rand_fold2/Testing/pituitary/Tr-pi_0975.jpg,112074,pituitary,pituitary,1,0.999500,2,42,0.000070,0.000333,0.000098,0.999500
data_rand_fold2/Testing/pituitary/Tr-pi_0977.jpg,112649,pituitary,pituitary,1,0.999862,2,42,0.000008,0.000125,0.000005,0.999862
data_rand_fold2/Testing/pituitary/Tr-pi_0978.jpg,114040,pituitary,pituitary,1,0.999536,2,42,0.000142,0.000302,0.000019,0.999536
data_rand_fold2/Testing/pituitary/Tr-pi_0981.jpg,114361,pituitary,pituitary,1,0.999995,2,42,0.000002,0.000002,0.000001,0.999995
data_rand_fold2/Testing/pituitary/Tr-pi_0987.jpg,101145,pituitary,pituitary,1,0.999874,2,42,0.000001,0.000105,0.000020,0.999874
data_rand_fold2/Testing/pituitary/Tr-pi_0995.jpg,102648,pituitary,pituitary,1,0.998926,2,42,0.000302,0.000771,0.000001,0.998926
data_rand_fold2/Testing/pituitary/Tr-pi_0996.jpg,101017,pituitary,pituitary,1,1.000000,2,42,0.000000,0.000000,0.000000,1.000000
data_rand_fold2/Testing/pituitary/Tr-pi_0997.jpg,102648,pituitary,pituitary,1,0.999703,2,42,0.000102,0.000194,0.000001,0.999703
data_rand_fold2/Testing/pituitary/Tr-pi_0998.jpg,102648,pituitary,pituitary,1,0.999815,2,42,0.000055,0.000129,0.000001,0.999815
data_rand_fold2/Testing/pituitary/Tr-pi_1002.jpg,103046,pituitary,pituitary,1,0.999988,2,42,0.000001,0.000008,0.000004,0.999988
data_rand_fold2/Testing/pituitary/Tr-pi_1007.jpg,103257,pituitary,pituitary,1,0.999889,2,42,0.000006,0.000097,0.000008,0.999889
data_rand_fold2/Testing/pituitary/Tr-pi_1010.jpg,103478,pituitary,pituitary,1,0.999966,2,42,0.000006,0.000020,0.000007,0.999966
data_rand_fold2/Testing/pituitary/Tr-pi_1021.jpg,103671,pituitary,pituitary,1,0.998576,2,42,0.000109,0.001293,0.000022,0.998576
data_rand_fold2/Testing/pituitary/Tr-pi_1022.jpg,103671,pituitary,pituitary,1,0.894934,2,42,0.003637,0.096834,0.004595,0.894934
data_rand_fold2/Testing/pituitary/Tr-pi_1026.jpg,103731,pituitary,pituitary,1,1.000000,2,42,0.000000,0.000000,0.000000,1.000000
data_rand_fold2/Testing/pituitary/Tr-pi_1033.jpg,103837,pituitary,pituitary,1,0.999944,2,42,0.000000,0.000044,0.000012,0.999944
data_rand_fold2/Testing/pituitary/Tr-pi_1038.jpg,103837,pituitary,pituitary,1,0.999954,2,42,0.000000,0.000016,0.000031,0.999954
data_rand_fold2/Testing/pituitary/Tr-pi_1053.jpg,104684,pituitary,pituitary,1,0.999760,2,42,0.000000,0.000003,0.000236,0.999760
data_rand_fold2/Testing/pituitary/Tr-pi_1069.jpg,105638,pituitary,pituitary,1,0.999982,2,42,0.000001,0.000014,0.000002,0.999982
data_rand_fold2/Testing/pituitary/Tr-pi_1075.jpg,97416,pituitary,pituitary,1,0.999842,2,42,0.000005,0.000149,0.000004,0.999842
data_rand_fold2/Testing/pituitary/Tr-pi_1077.jpg,97416,pituitary,pituitary,1,0.999813,2,42,0.000001,0.000177,0.000009,0.999813
data_rand_fold2/Testing/pituitary/Tr-pi_1080.jpg,97461,pituitary,pituitary,1,0.994278,2,42,0.000022,0.005628,0.000072,0.994278
data_rand_fold2/Testing/pituitary/Tr-pi_1083.jpg,97461,pituitary,pituitary,1,0.999664,2,42,0.000222,0.000082,0.000032,0.999664
data_rand_fold2/Testing/pituitary/Tr-pi_1096.jpg,98472,pituitary,pituitary,1,0.999992,2,42,0.000000,0.000006,0.000002,0.999992
data_rand_fold2/Testing/pituitary/Tr-pi_1098.jpg,98472,pituitary,pituitary,1,0.999553,2,42,0.000049,0.000308,0.000090,0.999553
data_rand_fold2/Testing/pituitary/Tr-pi_1103.jpg,98871,pituitary,pituitary,1,0.999929,2,42,0.000013,0.000018,0.000040,0.999929
data_rand_fold2/Testing/pituitary/Tr-pi_1111.jpg,98874,pituitary,pituitary,1,0.995866,2,42,0.002225,0.001849,0.000060,0.995866
data_rand_fold2/Testing/pituitary/Tr-pi_1122.jpg,99223,pituitary,pituitary,1,0.969859,2,42,0.000749,0.029298,0.000094,0.969859
data_rand_fold2/Testing/pituitary/Tr-pi_1123.jpg,107495,pituitary,pituitary,1,0.999961,2,42,0.000002,0.000034,0.000002,0.999961
data_rand_fold2/Testing/pituitary/Tr-pi_1129.jpg,101017,pituitary,pituitary,1,0.999983,2,42,0.000014,0.000001,0.000002,0.999983
data_rand_fold2/Testing/pituitary/Tr-pi_1140.jpg,101145,pituitary,pituitary,1,0.999376,2,42,0.000109,0.000292,0.000224,0.999376
data_rand_fold2/Testing/pituitary/Tr-pi_1148.jpg,101305,pituitary,pituitary,1,0.999989,2,42,0.000007,0.000003,0.000001,0.999989
data_rand_fold2/Testing/pituitary/Tr-pi_1149.jpg,101724,pituitary,pituitary,1,0.999978,2,42,0.000005,0.000010,0.000007,0.999978
data_rand_fold2/Testing/pituitary/Tr-pi_1151.jpg,102648,pituitary,pituitary,1,0.999981,2,42,0.000016,0.000001,0.000002,0.999981
data_rand_fold2/Testing/pituitary/Tr-pi_1152.jpg,102648,pituitary,pituitary,1,0.999992,2,42,0.000005,0.000001,0.000003,0.999992
data_rand_fold2/Testing/pituitary/Tr-pi_1155.jpg,102669,pituitary,pituitary,1,0.999989,2,42,0.000009,0.000002,0.000001,0.999989
data_rand_fold2/Testing/pituitary/Tr-pi_1158.jpg,103046,pituitary,pituitary,1,0.999986,2,42,0.000010,0.000003,0.000002,0.999986
data_rand_fold2/Testing/pituitary/Tr-pi_1163.jpg,103257,pituitary,pituitary,1,0.999940,2,42,0.000003,0.000049,0.000009,0.999940
data_rand_fold2/Testing/pituitary/Tr-pi_1165.jpg,103478,pituitary,pituitary,1,0.999761,2,42,0.000031,0.000187,0.000022,0.999761
data_rand_fold2/Testing/pituitary/Tr-pi_1170.jpg,103478,pituitary,pituitary,1,0.999997,2,42,0.000001,0.000000,0.000002,0.999997
data_rand_fold2/Testing/pituitary/Tr-pi_1176.jpg,103670,pituitary,pituitary,1,0.999999,2,42,0.000000,0.000000,0.000000,0.999999
data_rand_fold2/Testing/pituitary/Tr-pi_1177.jpg,103670,pituitary,pituitary,1,0.999992,2,42,0.000004,0.000001,0.000003,0.999992
data_rand_fold2/Testing/pituitary/Tr-pi_1179.jpg,103671,pituitary,pituitary,1,0.999986,2,42,0.000003,0.000004,0.000006,0.999986
data_rand_fold2/Testing/pituitary/Tr-pi_1185.jpg,103731,pituitary,pituitary,1,0.999840,2,42,0.000128,0.000023,0.000010,0.999840
data_rand_fold2/Testing/pituitary/Tr-pi_1186.jpg,103731,pituitary,pituitary,1,0.999890,2,42,0.000073,0.000021,0.000017,0.999890
data_rand_fold2/Testing/pituitary/Tr-pi_1195.jpg,104019,pituitary,pituitary,1,0.999998,2,42,0.000001,0.000000,0.000000,0.999998
data_rand_fold2/Testing/pituitary/Tr-pi_1197.jpg,107429,pituitary,pituitary,1,0.999617,2,42,0.000084,0.000187,0.000113,0.999617
data_rand_fold2/Testing/pituitary/Tr-pi_1202.jpg,104558,pituitary,pituitary,1,0.995810,2,42,0.000011,0.004155,0.000024,0.995810
data_rand_fold2/Testing/pituitary/Tr-pi_1203.jpg,104558,pituitary,pituitary,1,0.997285,2,42,0.000357,0.002256,0.000101,0.997285
data_rand_fold2/Testing/pituitary/Tr-pi_1205.jpg,104684,pituitary,pituitary,1,0.997663,2,42,0.000045,0.000833,0.001459,0.997663
data_rand_fold2/Testing/pituitary/Tr-pi_1210.jpg,104912,pituitary,pituitary,1,0.999608,2,42,0.000373,0.000014,0.000005,0.999608
data_rand_fold2/Testing/pituitary/Tr-pi_1215.jpg,105187,pituitary,pituitary,1,1.000000,2,42,0.000000,0.000000,0.000000,1.000000
data_rand_fold2/Testing/pituitary/Tr-pi_1224.jpg,105638,pituitary,pituitary,1,0.999984,2,42,0.000012,0.000003,0.000002,0.999984
data_rand_fold2/Testing/pituitary/Tr-pi_1228.jpg,107505,pituitary,pituitary,1,0.999894,2,42,0.000026,0.000040,0.000040,0.999894
data_rand_fold2/Testing/pituitary/Tr-pi_1237.jpg,97461,pituitary,pituitary,1,0.999985,2,42,0.000007,0.000004,0.000004,0.999985
data_rand_fold2/Testing/pituitary/Tr-pi_1246.jpg,97890,pituitary,pituitary,1,0.999955,2,42,0.000029,0.000004,0.000012,0.999955
data_rand_fold2/Testing/pituitary/Tr-pi_1247.jpg,97890,pituitary,pituitary,1,0.999749,2,42,0.000078,0.000032,0.000142,0.999749
data_rand_fold2/Testing/pituitary/Tr-pi_1248.jpg,97890,pituitary,pituitary,1,0.999894,2,42,0.000084,0.000004,0.000018,0.999894
data_rand_fold2/Testing/pituitary/Tr-pi_1252.jpg,98472,pituitary,pituitary,1,0.999977,2,42,0.000001,0.000021,0.000001,0.999977
data_rand_fold2/Testing/pituitary/Tr-pi_1254.jpg,98652,pituitary,pituitary,1,0.999994,2,42,0.000004,0.000001,0.000001,0.999994
data_rand_fold2/Testing/pituitary/Tr-pi_1255.jpg,98652,pituitary,pituitary,1,0.999993,2,42,0.000006,0.000000,0.000001,0.999993
data_rand_fold2/Testing/pituitary/Tr-pi_1259.jpg,98871,pituitary,pituitary,1,0.999930,2,42,0.000006,0.000004,0.000060,0.999930
data_rand_fold2/Testing/pituitary/Tr-pi_1264.jpg,98874,pituitary,pituitary,1,0.999550,2,42,0.000013,0.000399,0.000038,0.999550
data_rand_fold2/Testing/pituitary/Tr-pi_1273.jpg,107743,pituitary,pituitary,1,0.999878,2,42,0.000015,0.000090,0.000018,0.999878
data_rand_fold2/Testing/pituitary/Tr-pi_1279.jpg,99223,pituitary,pituitary,1,0.999983,2,42,0.000002,0.000014,0.000001,0.999983
data_rand_fold2/Testing/pituitary/Tr-pi_1282.jpg,99223,pituitary,pituitary,1,0.999760,2,42,0.000048,0.000080,0.000112,0.999760
data_rand_fold2/Testing/pituitary/Tr-pi_1292.jpg,101145,pituitary,pituitary,1,0.999977,2,42,0.000011,0.000011,0.000001,0.999977
data_rand_fold2/Testing/pituitary/Tr-pi_1298.jpg,101305,pituitary,pituitary,1,0.999932,2,42,0.000016,0.000052,0.000001,0.999932
data_rand_fold2/Testing/pituitary/Tr-pi_1299.jpg,101724,pituitary,pituitary,1,0.999997,2,42,0.000002,0.000000,0.000001,0.999997
data_rand_fold2/Testing/pituitary/Tr-pi_1316.jpg,103257,pituitary,pituitary,1,0.999864,2,42,0.000000,0.000135,0.000001,0.999864
data_rand_fold2/Testing/pituitary/Tr-pi_1318.jpg,108858,pituitary,pituitary,1,0.999959,2,42,0.000031,0.000001,0.000008,0.999959
data_rand_fold2/Testing/pituitary/Tr-pi_1328.jpg,103582,pituitary,pituitary,1,0.999767,2,42,0.000003,0.000150,0.000080,0.999767
data_rand_fold2/Testing/pituitary/Tr-pi_1331.jpg,103582,pituitary,pituitary,1,0.999997,2,42,0.000000,0.000002,0.000001,0.999997
data_rand_fold2/Testing/pituitary/Tr-pi_1332.jpg,103582,pituitary,pituitary,1,0.999570,2,42,0.000064,0.000279,0.000088,0.999570
data_rand_fold2/Testing/pituitary/Tr-pi_1338.jpg,103671,pituitary,pituitary,1,0.999997,2,42,0.000000,0.000002,0.000001,0.999997
data_rand_fold2/Testing/pituitary/Tr-pi_1355.jpg,104558,pituitary,pituitary,1,0.998212,2,42,0.000009,0.001752,0.000028,0.998212
data_rand_fold2/Testing/pituitary/Tr-pi_1363.jpg,104684,pituitary,pituitary,1,0.999962,2,42,0.000002,0.000019,0.000017,0.999962
data_rand_fold2/Testing/pituitary/Tr-pi_1367.jpg,104684,pituitary,pituitary,1,1.000000,2,42,0.000000,0.000000,0.000000,1.000000
data_rand_fold2/Testing/pituitary/Tr-pi_1371.jpg,108931,pituitary,pituitary,1,0.999969,2,42,0.000027,0.000000,0.000005,0.999969
data_rand_fold2/Testing/pituitary/Tr-pi_1383.jpg,105538,pituitary,meningioma,0,0.977885,2,42,0.009963,0.977885,0.002592,0.009561
data_rand_fold2/Testing/pituitary/Tr-pi_1385.jpg,105638,pituitary,pituitary,1,0.999997,2,42,0.000000,0.000001,0.000002,0.999997
data_rand_fold2/Testing/pituitary/Tr-pi_1389.jpg,97416,pituitary,pituitary,1,0.999906,2,42,0.000018,0.000062,0.000014,0.999906
data_rand_fold2/Testing/pituitary/Tr-pi_1400.jpg,97461,pituitary,pituitary,1,0.999995,2,42,0.000002,0.000002,0.000000,0.999995
data_rand_fold2/Testing/pituitary/Tr-pi_1411.jpg,97890,pituitary,pituitary,1,1.000000,2,42,0.000000,0.000000,0.000000,1.000000
data_rand_fold2/Testing/pituitary/Tr-pi_1415.jpg,98472,pituitary,pituitary,1,1.000000,2,42,0.000000,0.000000,0.000000,1.000000
data_rand_fold2/Testing/pituitary/Tr-pi_1418.jpg,98652,pituitary,pituitary,1,0.999742,2,42,0.000031,0.000033,0.000194,0.999742
data_rand_fold2/Testing/pituitary/Tr-pi_1425.jpg,98871,pituitary,pituitary,1,0.999580,2,42,0.000129,0.000096,0.000195,0.999580
data_rand_fold2/Testing/pituitary/Tr-pi_1430.jpg,98874,pituitary,pituitary,1,0.998431,2,42,0.000302,0.000760,0.000507,0.998431
data_rand_fold2/Testing/pituitary/Tr-pi_1433.jpg,98992,pituitary,pituitary,1,0.999996,2,42,0.000000,0.000003,0.000001,0.999996
data_rand_fold2/Testing/pituitary/Tr-pi_1435.jpg,98992,pituitary,pituitary,1,0.999999,2,42,0.000000,0.000000,0.000000,0.999999
data_rand_fold2/Testing/pituitary/Tr-pi_1442.jpg,98995,pituitary,pituitary,1,0.999999,2,42,0.000000,0.000001,0.000000,0.999999
data_rand_fold2/Testing/pituitary/Tr-pi_1443.jpg,98995,pituitary,pituitary,1,0.999983,2,42,0.000001,0.000009,0.000008,0.999983
data_rand_fold2/Testing/pituitary/Tr-pi_1445.jpg,99223,pituitary,pituitary,1,1.000000,2,42,0.000000,0.000000,0.000000,1.000000
data_rand_fold2/Testing/pituitary/Tr-pi_1455.jpg,109898,pituitary,pituitary,1,0.999874,2,42,0.000049,0.000076,0.000002,0.999874
