path,group,true,pred,correct,confidence,fold,seed,p_glioma,p_meningioma,p_notumor,p_pituitary
data_rand_fold1/Testing/glioma/Te-glTr_0000.jpg,MR050791B,glioma,glioma,1,0.995134,1,1,0.995134,0.003709,0.001026,0.000131
data_rand_fold1/Testing/glioma/Te-glTr_0003.jpg,MR051644,glioma,glioma,1,0.814953,1,1,0.814953,0.167884,0.003971,0.013192
data_rand_fold1/Testing/glioma/Te-glTr_0004.jpg,MR051644,glioma,glioma,1,0.977658,1,1,0.977658,0.010718,0.000241,0.011383
data_rand_fold1/Testing/glioma/Te-glTr_0005.jpg,MR051651,glioma,glioma,1,0.852795,1,1,0.852795,0.129420,0.015987,0.001798
data_rand_fold1/Testing/glioma/Te-glTr_0006.jpg,MR051796B,glioma,glioma,1,0.998700,1,1,0.998700,0.001046,0.000081,0.000172
data_rand_fold1/Testing/glioma/Te-glTr_0007.jpg,MR052550,glioma,glioma,1,0.999843,1,1,0.999843,0.000073,0.000059,0.000025
data_rand_fold1/Testing/glioma/Te-glTr_0009.jpg,MR051644C,glioma,glioma,1,0.999106,1,1,0.999106,0.000441,0.000417,0.000036
data_rand_fold1/Testing/glioma/Te-gl_0015.jpg,MR053110E,glioma,glioma,1,0.982379,1,1,0.982379,0.012714,0.001377,0.003530
data_rand_fold1/Testing/glioma/Te-gl_0018.jpg,MR032322C,glioma,glioma,1,0.998663,1,1,0.998663,0.000611,0.000661,0.000065
data_rand_fold1/Testing/glioma/Te-gl_0023.jpg,MR037458C,glioma,glioma,1,0.680582,1,1,0.680582,0.313320,0.005568,0.000530
data_rand_fold1/Testing/glioma/Te-gl_0028.jpg,MR050687,glioma,glioma,1,0.980375,1,1,0.980375,0.015608,0.003644,0.000373
data_rand_fold1/Testing/glioma/Te-gl_0037.jpg,MR048297,glioma,glioma,1,0.998458,1,1,0.998458,0.001250,0.000280,0.000012
data_rand_fold1/Testing/glioma/Te-gl_0039.jpg,MR048621B,glioma,glioma,1,0.996343,1,1,0.996343,0.002917,0.000549,0.000191
data_rand_fold1/Testing/glioma/Te-gl_0045.jpg,106494,glioma,meningioma,0,0.597637,1,1,0.401429,0.597637,0.000713,0.000222
data_rand_fold1/Testing/glioma/Te-gl_0048.jpg,112105,glioma,glioma,1,0.985898,1,1,0.985898,0.013302,0.000702,0.000099
data_rand_fold1/Testing/glioma/Te-gl_0066.jpg,MR050135B,glioma,glioma,1,0.997810,1,1,0.997810,0.001628,0.000453,0.000109
data_rand_fold1/Testing/glioma/Te-gl_0067.jpg,MR050135B,glioma,glioma,1,0.998978,1,1,0.998978,0.000848,0.000146,0.000028
data_rand_fold1/Testing/glioma/Te-gl_0076.jpg,MR024780G,glioma,glioma,1,0.998439,1,1,0.998439,0.000254,0.001211,0.000095
data_rand_fold1/Testing/glioma/Te-gl_0086.jpg,MR026175C,glioma,glioma,1,0.990061,1,1,0.990061,0.001027,0.008709,0.000204
data_rand_fold1/Testing/glioma/Te-gl_0088.jpg,MR051461B,glioma,glioma,1,0.962108,1,1,0.962108,0.034352,0.002486,0.001054
data_rand_fold1/Testing/glioma/Te-gl_0091.jpg,MR052550,glioma,glioma,1,0.980615,1,1,0.980615,0.013262,0.003846,0.002276
data_rand_fold1/Testing/glioma/Te-gl_0092.jpg,MR049942B,glioma,glioma,1,0.997210,1,1,0.997210,0.001729,0.000221,0.000840
data_rand_fold1/Testing/glioma/Te-gl_0093.jpg,MR047953C,glioma,glioma,1,0.997781,1,1,0.997781,0.000474,0.000075,0.001670
data_rand_fold1/Testing/glioma/Te-gl_0098.jpg,MR029209E,glioma,glioma,1,0.997941,1,1,0.997941,0.001448,0.000521,0.000090
data_rand_fold1/Testing/glioma/Te-gl_0099.jpg,MR053110E,glioma,glioma,1,0.987887,1,1,0.987887,0.007782,0.000367,0.003964
data_rand_fold1/Testing/glioma/Te-gl_0103.jpg,MR032322C,glioma,glioma,1,0.976754,1,1,0.976754,0.002972,0.019803,0.000471
data_rand_fold1/Testing/glioma/Te-gl_0112.jpg,MR039473B,glioma,glioma,1,0.998597,1,1,0.998597,0.000682,0.000435,0.000286
data_rand_fold1/Testing/glioma/Te-gl_0115.jpg,MR040240,glioma,glioma,1,0.965668,1,1,0.965668,0.030799,0.000127,0.003407
data_rand_fold1/Testing/glioma/Te-gl_0120.jpg,MR040240B,glioma,glioma,1,0.999925,1,1,0.999925,0.000050,0.000007,0.000017
data_rand_fold1/Testing/glioma/Te-gl_0123.jpg,MR049104,glioma,glioma,1,0.998823,1,1,0.998823,0.000810,0.000338,0.000029
data_rand_fold1/Testing/glioma/Te-gl_0127.jpg,MR048994B,glioma,glioma,1,0.998085,1,1,0.998085,0.001454,0.000287,0.000173
data_rand_fold1/Testing/glioma/Te-gl_0137.jpg,MR048294,glioma,glioma,1,0.998943,1,1,0.998943,0.000792,0.000205,0.000061
data_rand_fold1/Testing/glioma/Te-gl_0152.jpg,MR051461B,glioma,glioma,1,0.779424,1,1,0.779424,0.217611,0.001780,0.001185
data_rand_fold1/Testing/glioma/Te-gl_0157.jpg,MR029209E,glioma,glioma,1,0.999810,1,1,0.999810,0.000130,0.000054,0.000006
data_rand_fold1/Testing/glioma/Te-gl_0170.jpg,MR039473,glioma,glioma,1,0.999500,1,1,0.999500,0.000280,0.000046,0.000174
data_rand_fold1/Testing/glioma/Te-gl_0184.jpg,MR049358,glioma,glioma,1,0.991725,1,1,0.991725,0.006254,0.000660,0.001361
data_rand_fold1/Testing/glioma/Te-gl_0185.jpg,MR049104B,glioma,glioma,1,0.994851,1,1,0.994851,0.002477,0.000550,0.002122
data_rand_fold1/Testing/glioma/Te-gl_0186.jpg,MR049453,glioma,glioma,1,0.989794,1,1,0.989794,0.002317,0.000525,0.007365
data_rand_fold1/Testing/glioma/Te-gl_0192.jpg,MR050791B,glioma,glioma,1,0.978680,1,1,0.978680,0.020640,0.000629,0.000051
data_rand_fold1/Testing/glioma/Te-gl_0193.jpg,MR049019C,glioma,glioma,1,0.999723,1,1,0.999723,0.000149,0.000035,0.000092
data_rand_fold1/Testing/glioma/Te-gl_0197.jpg,MR051586,glioma,glioma,1,0.994748,1,1,0.994748,0.004060,0.001112,0.000081
data_rand_fold1/Testing/glioma/Te-gl_0199.jpg,MR051586,glioma,glioma,1,0.999714,1,1,0.999714,0.000172,0.000044,0.000070
data_rand_fold1/Testing/glioma/Te-gl_0200.jpg,MR051644,glioma,glioma,1,0.996653,1,1,0.996653,0.002379,0.000736,0.000231
data_rand_fold1/Testing/glioma/Te-gl_0201.jpg,MR051644,glioma,glioma,1,0.962528,1,1,0.962528,0.036856,0.000480,0.000136
data_rand_fold1/Testing/glioma/Te-gl_0205.jpg,MR051796,glioma,glioma,1,0.966910,1,1,0.966910,0.028159,0.001144,0.003787
data_rand_fold1/Testing/glioma/Te-gl_0216.jpg,MR051644C,glioma,glioma,1,0.999901,1,1,0.999901,0.000025,0.000036,0.000038
data_rand_fold1/Testing/glioma/Te-gl_0222.jpg,MR054875,glioma,glioma,1,0.984796,1,1,0.984796,0.010381,0.002587,0.002236
data_rand_fold1/Testing/glioma/Te-gl_0235.jpg,101020,glioma,glioma,1,0.663629,1,1,0.663629,0.330711,0.005159,0.000501
data_rand_fold1/Testing/glioma/Te-gl_0239.jpg,103148,glioma,meningioma,0,0.643227,1,1,0.353196,0.643227,0.002664,0.000914
data_rand_fold1/Testing/glioma/Te-gl_0248.jpg,90284,glioma,glioma,1,0.988585,1,1,0.988585,0.009882,0.000528,0.001005
data_rand_fold1/Testing/glioma/Te-gl_0261.jpg,101020,glioma,meningioma,0,0.766135,1,1,0.223445,0.766135,0.009642,0.000779
data_rand_fold1/Testing/glioma/Te-gl_0263.jpg,103148,glioma,glioma,1,0.874811,1,1,0.874811,0.123880,0.001096,0.000213
data_rand_fold1/Testing/glioma/Te-gl_0265.jpg,105653,glioma,meningioma,0,0.622222,1,1,0.344940,0.622222,0.014652,0.018186
data_rand_fold1/Testing/glioma/Te-gl_0289.jpg,MR048621B,glioma,glioma,1,0.995419,1,1,0.995419,0.003724,0.000171,0.000686
data_rand_fold1/Testing/glioma/Te-gl_0290.jpg,MR048944,glioma,glioma,1,0.981995,1,1,0.981995,0.006434,0.008211,0.003360
data_rand_fold1/Testing/glioma/Te-gl_0292.jpg,MR048994,glioma,glioma,1,0.999854,1,1,0.999854,0.000108,0.000018,0.000020
data_rand_fold1/Testing/glioma/Te-gl_0296.jpg,MR048994B,glioma,glioma,1,0.999800,1,1,0.999800,0.000075,0.000108,0.000017
data_rand_fold1/Testing/glioma/Tr-glTr_0005.jpg,MR051644C,glioma,glioma,1,0.999926,1,1,0.999926,0.000023,0.000045,0.000005
data_rand_fold1/Testing/glioma/Tr-glTr_0009.jpg,MR034997,glioma,glioma,1,0.999663,1,1,0.999663,0.000276,0.000050,0.000010
data_rand_fold1/Testing/glioma/Tr-gl_0016.jpg,MR037458B,glioma,glioma,1,0.938849,1,1,0.938849,0.060697,0.000387,0.000067
data_rand_fold1/Testing/glioma/Tr-gl_0022.jpg,MR029209E,glioma,glioma,1,0.984549,1,1,0.984549,0.015165,0.000155,0.000132
data_rand_fold1/Testing/glioma/Tr-gl_0023.jpg,MR029209I,glioma,glioma,1,0.999490,1,1,0.999490,0.000336,0.000123,0.000051
data_rand_fold1/Testing/glioma/Tr-gl_0026.jpg,MR040240,glioma,glioma,1,0.993608,1,1,0.993608,0.006112,0.000217,0.000062
data_rand_fold1/Testing/glioma/Tr-gl_0032.jpg,MR033389B,glioma,glioma,1,0.914973,1,1,0.914973,0.082417,0.002491,0.000119
data_rand_fold1/Testing/glioma/Tr-gl_0035.jpg,MR040240C,glioma,glioma,1,0.999686,1,1,0.999686,0.000265,0.000039,0.000011
data_rand_fold1/Testing/glioma/Tr-gl_0037.jpg,MR029209I,glioma,glioma,1,0.999788,1,1,0.999788,0.000117,0.000075,0.000020
data_rand_fold1/Testing/glioma/Tr-gl_0042.jpg,112105,glioma,glioma,1,0.971572,1,1,0.971572,0.017268,0.009143,0.002017
data_rand_fold1/Testing/glioma/Tr-gl_0049.jpg,98889,glioma,glioma,1,0.970129,1,1,0.970129,0.027659,0.001759,0.000454
data_rand_fold1/Testing/glioma/Tr-gl_0057.jpg,MR049142,glioma,glioma,1,0.745637,1,1,0.745637,0.219316,0.033099,0.001949
data_rand_fold1/Testing/glioma/Tr-gl_0071.jpg,MR051644C,glioma,glioma,1,0.984682,1,1,0.984682,0.007342,0.007620,0.000356
data_rand_fold1/Testing/glioma/Tr-gl_0076.jpg,MR034997,glioma,glioma,1,0.997762,1,1,0.997762,0.000753,0.001446,0.000039
data_rand_fold1/Testing/glioma/Tr-gl_0083.jpg,MR040240,glioma,glioma,1,0.997186,1,1,0.997186,0.001981,0.000144,0.000689
data_rand_fold1/Testing/glioma/Tr-gl_0103.jpg,MR040240B,glioma,glioma,1,0.999781,1,1,0.999781,0.000151,0.000014,0.000054
data_rand_fold1/Testing/glioma/Tr-gl_0109.jpg,MR048944B,glioma,glioma,1,0.999583,1,1,0.999583,0.000294,0.000036,0.000086
data_rand_fold1/Testing/glioma/Tr-gl_0121.jpg,MR049358,glioma,glioma,1,0.895972,1,1,0.895972,0.066384,0.001903,0.035741
data_rand_fold1/Testing/glioma/Tr-gl_0138.jpg,MR049453,glioma,glioma,1,0.999877,1,1,0.999877,0.000040,0.000079,0.000005
data_rand_fold1/Testing/glioma/Tr-gl_0139.jpg,MR049453,glioma,glioma,1,0.999438,1,1,0.999438,0.000187,0.000350,0.000026
data_rand_fold1/Testing/glioma/Tr-gl_0143.jpg,MR024780G,glioma,glioma,1,0.998408,1,1,0.998408,0.000528,0.000890,0.000175
data_rand_fold1/Testing/glioma/Tr-gl_0146.jpg,MR024780G,glioma,glioma,1,0.999154,1,1,0.999154,0.000345,0.000090,0.000411
data_rand_fold1/Testing/glioma/Tr-gl_0156.jpg,MR049453B,glioma,glioma,1,0.999786,1,1,0.999786,0.000157,0.000047,0.000010
data_rand_fold1/Testing/glioma/Tr-gl_0162.jpg,MR048621B,glioma,glioma,1,0.543547,1,1,0.543547,0.435799,0.002297,0.018357
data_rand_fold1/Testing/glioma/Tr-gl_0164.jpg,MR050135B,glioma,glioma,1,0.999015,1,1,0.999015,0.000474,0.000290,0.000221
data_rand_fold1/Testing/glioma/Tr-gl_0166.jpg,MR050135B,glioma,glioma,1,0.997681,1,1,0.997681,0.001809,0.000410,0.000100
data_rand_fold1/Testing/glioma/Tr-gl_0172.jpg,MR050135B,glioma,glioma,1,0.997975,1,1,0.997975,0.000490,0.001464,0.000071
data_rand_fold1/Testing/glioma/Tr-gl_0191.jpg,MR050791B,glioma,glioma,1,0.987001,1,1,0.987001,0.009448,0.002967,0.000584
data_rand_fold1/Testing/glioma/Tr-gl_0198.jpg,MR026175C,glioma,glioma,1,0.999369,1,1,0.999369,0.000478,0.000085,0.000069
data_rand_fold1/Testing/glioma/Tr-gl_0205.jpg,MR026175C,glioma,glioma,1,0.998820,1,1,0.998820,0.000168,0.000971,0.000041
data_rand_fold1/Testing/glioma/Tr-gl_0221.jpg,MR051461B,glioma,glioma,1,0.993101,1,1,0.993101,0.006277,0.000420,0.000202
data_rand_fold1/Testing/glioma/Tr-gl_0236.jpg,MR051644,glioma,glioma,1,0.995105,1,1,0.995105,0.003478,0.000501,0.000915
data_rand_fold1/Testing/glioma/Tr-gl_0240.jpg,MR051651,glioma,glioma,1,0.946887,1,1,0.946887,0.043831,0.007933,0.001349
data_rand_fold1/Testing/glioma/Tr-gl_0245.jpg,MR051796,glioma,glioma,1,0.999717,1,1,0.999717,0.000122,0.000070,0.000091
data_rand_fold1/Testing/glioma/Tr-gl_0253.jpg,MR051651B,glioma,glioma,1,0.986180,1,1,0.986180,0.008344,0.005288,0.000188
data_rand_fold1/Testing/glioma/Tr-gl_0256.jpg,MR051644B,glioma,glioma,1,0.980691,1,1,0.980691,0.001046,0.018026,0.000237
data_rand_fold1/Testing/glioma/Tr-gl_0263.jpg,MR051796B,glioma,glioma,1,0.988181,1,1,0.988181,0.010682,0.000748,0.000389
data_rand_fold1/Testing/glioma/Tr-gl_0266.jpg,MR052550,glioma,glioma,1,0.999945,1,1,0.999945,0.000035,0.000009,0.000011
data_rand_fold1/Testing/glioma/Tr-gl_0268.jpg,MR051644C,glioma,glioma,1,0.998914,1,1,0.998914,0.000620,0.000287,0.000178
data_rand_fold1/Testing/glioma/Tr-gl_0272.jpg,MR051644C,glioma,glioma,1,0.999576,1,1,0.999576,0.000147,0.000188,0.000089
data_rand_fold1/Testing/glioma/Tr-gl_0273.jpg,MR051644C,glioma,glioma,1,0.999882,1,1,0.999882,0.000057,0.000041,0.000020
data_rand_fold1/Testing/glioma/Tr-gl_0279.jpg,MR051644C,glioma,glioma,1,0.997008,1,1,0.997008,0.001868,0.001042,0.000082
data_rand_fold1/Testing/glioma/Tr-gl_0283.jpg,MR052585B,glioma,glioma,1,0.999750,1,1,0.999750,0.000136,0.000042,0.000071
data_rand_fold1/Testing/glioma/Tr-gl_0289.jpg,MR053110B,glioma,glioma,1,0.996564,1,1,0.996564,0.003070,0.000182,0.000184
data_rand_fold1/Testing/glioma/Tr-gl_0293.jpg,MR034694,glioma,glioma,1,0.995334,1,1,0.995334,0.000853,0.003376,0.000436
data_rand_fold1/Testing/glioma/Tr-gl_0295.jpg,MR034694,glioma,glioma,1,0.999708,1,1,0.999708,0.000068,0.000212,0.000012
data_rand_fold1/Testing/glioma/Tr-gl_0299.jpg,MR054683,glioma,glioma,1,0.988892,1,1,0.988892,0.004474,0.002501,0.004132
data_rand_fold1/Testing/glioma/Tr-gl_0304.jpg,MR054875,glioma,glioma,1,0.996879,1,1,0.996879,0.000563,0.002331,0.000228
data_rand_fold1/Testing/glioma/Tr-gl_0305.jpg,MR050687C,glioma,glioma,1,0.920364,1,1,0.920364,0.073690,0.002719,0.003227
data_rand_fold1/Testing/glioma/Tr-gl_0306.jpg,MR050687C,glioma,glioma,1,0.999531,1,1,0.999531,0.000243,0.000016,0.000211
data_rand_fold1/Testing/glioma/Tr-gl_0308.jpg,MR050687C,glioma,glioma,1,0.986387,1,1,0.986387,0.002931,0.002841,0.007840
data_rand_fold1/Testing/glioma/Tr-gl_0310.jpg,MR056144,glioma,glioma,1,0.999052,1,1,0.999052,0.000710,0.000152,0.000086
data_rand_fold1/Testing/glioma/Tr-gl_0312.jpg,MR034997,glioma,glioma,1,0.966853,1,1,0.966853,0.031616,0.001248,0.000283
data_rand_fold1/Testing/glioma/Tr-gl_0313.jpg,MR034997,glioma,glioma,1,0.995394,1,1,0.995394,0.002648,0.001868,0.000090
data_rand_fold1/Testing/glioma/Tr-gl_0314.jpg,MR034997,glioma,glioma,1,0.967726,1,1,0.967726,0.023139,0.008854,0.000281
data_rand_fold1/Testing/glioma/Tr-gl_0318.jpg,MR029209E,glioma,glioma,1,0.997458,1,1,0.997458,0.000623,0.001708,0.000211
data_rand_fold1/Testing/glioma/Tr-gl_0332.jpg,MR049019G,glioma,glioma,1,0.998030,1,1,0.998030,0.000593,0.001046,0.000330
data_rand_fold1/Testing/glioma/Tr-gl_0341.jpg,MR024780D,glioma,glioma,1,0.999417,1,1,0.999417,0.000220,0.000290,0.000074
data_rand_fold1/Testing/glioma/Tr-gl_0342.jpg,MR038469,glioma,glioma,1,0.987948,1,1,0.987948,0.008857,0.000390,0.002806
data_rand_fold1/Testing/glioma/Tr-gl_0344.jpg,MR038469,glioma,glioma,1,0.993168,1,1,0.993168,0.006249,0.000127,0.000456
data_rand_fold1/Testing/glioma/Tr-gl_0348.jpg,MR032322C,glioma,glioma,1,0.999194,1,1,0.999194,0.000606,0.000150,0.000051
data_rand_fold1/Testing/glioma/Tr-gl_0368.jpg,MR039473B,glioma,glioma,1,0.999793,1,1,0.999793,0.000076,0.000021,0.000110
data_rand_fold1/Testing/glioma/Tr-gl_0370.jpg,MR037458C,glioma,glioma,1,0.768369,1,1,0.768369,0.194722,0.028439,0.008471
data_rand_fold1/Testing/glioma/Tr-gl_0372.jpg,MR037458C,glioma,glioma,1,0.924566,1,1,0.924566,0.064591,0.009564,0.001279
data_rand_fold1/Testing/glioma/Tr-gl_0384.jpg,MR040240B,glioma,glioma,1,0.998440,1,1,0.998440,0.001437,0.000010,0.000113
data_rand_fold1/Testing/glioma/Tr-gl_0392.jpg,MR029209G,glioma,glioma,1,0.997347,1,1,0.997347,0.001208,0.001103,0.000342
data_rand_fold1/Testing/glioma/Tr-gl_0396.jpg,MR029209G,glioma,glioma,1,0.999035,1,1,0.999035,0.000687,0.000155,0.000124
data_rand_fold1/Testing/glioma/Tr-gl_0401.jpg,MR036496B,glioma,glioma,1,0.998652,1,1,0.998652,0.000608,0.000694,0.000047
data_rand_fold1/Testing/glioma/Tr-gl_0403.jpg,MR036496B,glioma,glioma,1,0.996589,1,1,0.996589,0.002279,0.001039,0.000093
data_rand_fold1/Testing/glioma/Tr-gl_0404.jpg,MR036496B,glioma,glioma,1,0.998130,1,1,0.998130,0.001483,0.000335,0.000052
data_rand_fold1/Testing/glioma/Tr-gl_0411.jpg,MR033420,glioma,glioma,1,0.996741,1,1,0.996741,0.000806,0.002328,0.000125
data_rand_fold1/Testing/glioma/Tr-gl_0417.jpg,MR048994,glioma,glioma,1,0.998326,1,1,0.998326,0.001519,0.000135,0.000019
data_rand_fold1/Testing/glioma/Tr-gl_0428.jpg,MR048944B,glioma,glioma,1,0.999579,1,1,0.999579,0.000294,0.000108,0.000019
data_rand_fold1/Testing/glioma/Tr-gl_0429.jpg,MR049358,glioma,glioma,1,0.999750,1,1,0.999750,0.000180,0.000055,0.000016
data_rand_fold1/Testing/glioma/Tr-gl_0430.jpg,MR049358,glioma,glioma,1,0.999803,1,1,0.999803,0.000149,0.000042,0.000006
data_rand_fold1/Testing/glioma/Tr-gl_0433.jpg,MR049358,glioma,glioma,1,0.999520,1,1,0.999520,0.000438,0.000021,0.000021
data_rand_fold1/Testing/glioma/Tr-gl_0434.jpg,MR049358,glioma,glioma,1,0.999787,1,1,0.999787,0.000171,0.000034,0.000008
data_rand_fold1/Testing/glioma/Tr-gl_0438.jpg,MR049453,glioma,glioma,1,0.999364,1,1,0.999364,0.000497,0.000106,0.000033
data_rand_fold1/Testing/glioma/Tr-gl_0453.jpg,MR049453B,glioma,glioma,1,0.999005,1,1,0.999005,0.000562,0.000254,0.000180
data_rand_fold1/Testing/glioma/Tr-gl_0458.jpg,MR049453B,glioma,glioma,1,0.999347,1,1,0.999347,0.000520,0.000090,0.000043
data_rand_fold1/Testing/glioma/Tr-gl_0464.jpg,MR050135B,glioma,glioma,1,0.999925,1,1,0.999925,0.000050,0.000023,0.000002
data_rand_fold1/Testing/glioma/Tr-gl_0466.jpg,MR050135B,glioma,glioma,1,0.998666,1,1,0.998666,0.001108,0.000177,0.000049
data_rand_fold1/Testing/glioma/Tr-gl_0467.jpg,MR050135B,glioma,glioma,1,0.998936,1,1,0.998936,0.000795,0.000176,0.000093
data_rand_fold1/Testing/glioma/Tr-gl_0468.jpg,MR050135B,glioma,glioma,1,0.996944,1,1,0.996944,0.002607,0.000350,0.000099
data_rand_fold1/Testing/glioma/Tr-gl_0469.jpg,MR050135B,glioma,glioma,1,0.999625,1,1,0.999625,0.000279,0.000067,0.000029
data_rand_fold1/Testing/glioma/Tr-gl_0470.jpg,MR050135B,glioma,glioma,1,0.998768,1,1,0.998768,0.000878,0.000296,0.000057
data_rand_fold1/Testing/glioma/Tr-gl_0473.jpg,MR050687,glioma,glioma,1,0.930611,1,1,0.930611,0.068351,0.000944,0.000093
data_rand_fold1/Testing/glioma/Tr-gl_0479.jpg,MR050791B,glioma,glioma,1,0.848786,1,1,0.848786,0.103398,0.045232,0.002584
data_rand_fold1/Testing/glioma/Tr-gl_0499.jpg,MR051461,glioma,glioma,1,0.998075,1,1,0.998075,0.001606,0.000213,0.000105
data_rand_fold1/Testing/glioma/Tr-gl_0504.jpg,MR051586,glioma,glioma,1,0.999614,1,1,0.999614,0.000140,0.000238,0.000007
data_rand_fold1/Testing/glioma/Tr-gl_0513.jpg,MR026175E,glioma,glioma,1,0.990533,1,1,0.990533,0.004397,0.004354,0.000716
data_rand_fold1/Testing/glioma/Tr-gl_0514.jpg,MR026175E,glioma,glioma,1,0.999498,1,1,0.999498,0.000157,0.000314,0.000030
data_rand_fold1/Testing/glioma/Tr-gl_0523.jpg,MR026175E,glioma,glioma,1,0.998536,1,1,0.998536,0.000125,0.001319,0.000021
data_rand_fold1/Testing/glioma/Tr-gl_0533.jpg,MR040240C,glioma,glioma,1,0.995656,1,1,0.995656,0.003651,0.000408,0.000285
data_rand_fold1/Testing/glioma/Tr-gl_0542.jpg,MR040240D,glioma,glioma,1,0.998852,1,1,0.998852,0.000871,0.000221,0.000055
data_rand_fold1/Testing/glioma/Tr-gl_0552.jpg,MR017260F,glioma,glioma,1,0.995512,1,1,0.995512,0.003204,0.001205,0.000079
data_rand_fold1/Testing/glioma/Tr-gl_0554.jpg,MR017260F,glioma,glioma,1,0.998012,1,1,0.998012,0.001178,0.000644,0.000165
data_rand_fold1/Testing/glioma/Tr-gl_0555.jpg,MR017260F,glioma,glioma,1,0.993724,1,1,0.993724,0.004748,0.001274,0.000254
data_rand_fold1/Testing/glioma/Tr-gl_0557.jpg,MR029209I,glioma,glioma,1,0.999567,1,1,0.999567,0.000121,0.000300,0.000012
data_rand_fold1/Testing/glioma/Tr-gl_0559.jpg,MR029209I,glioma,glioma,1,0.999671,1,1,0.999671,0.000205,0.000105,0.000020
data_rand_fold1/Testing/glioma/Tr-gl_0561.jpg,MR029209I,glioma,glioma,1,0.999323,1,1,0.999323,0.000455,0.000174,0.000048
data_rand_fold1/Testing/glioma/Tr-gl_0571.jpg,MR048297,glioma,glioma,1,0.940192,1,1,0.940192,0.056605,0.003057,0.000145
data_rand_fold1/Testing/glioma/Tr-gl_0572.jpg,MR048294B,glioma,glioma,1,0.999544,1,1,0.999544,0.000367,0.000035,0.000055
data_rand_fold1/Testing/glioma/Tr-gl_0573.jpg,MR048294B,glioma,glioma,1,0.999805,1,1,0.999805,0.000147,0.000027,0.000021
data_rand_fold1/Testing/glioma/Tr-gl_0582.jpg,MR048944,glioma,glioma,1,0.999958,1,1,0.999958,0.000025,0.000013,0.000003
data_rand_fold1/Testing/glioma/Tr-gl_0584.jpg,MR048944,glioma,glioma,1,0.999917,1,1,0.999917,0.000061,0.000018,0.000005
data_rand_fold1/Testing/glioma/Tr-gl_0588.jpg,MR048944,glioma,glioma,1,0.999100,1,1,0.999100,0.000541,0.000309,0.000050
data_rand_fold1/Testing/glioma/Tr-gl_0595.jpg,MR048994,glioma,glioma,1,0.997963,1,1,0.997963,0.001865,0.000146,0.000026
data_rand_fold1/Testing/glioma/Tr-gl_0606.jpg,MR040240B,glioma,glioma,1,0.999202,1,1,0.999202,0.000575,0.000178,0.000046
data_rand_fold1/Testing/glioma/Tr-gl_0607.jpg,MR040240B,glioma,glioma,1,0.998913,1,1,0.998913,0.000767,0.000220,0.000100
data_rand_fold1/Testing/glioma/Tr-gl_0610.jpg,MR040240B,glioma,glioma,1,0.999928,1,1,0.999928,0.000044,0.000022,0.000006
data_rand_fold1/Testing/glioma/Tr-gl_0611.jpg,MR040240B,glioma,glioma,1,0.993525,1,1,0.993525,0.004566,0.001291,0.000618
data_rand_fold1/Testing/glioma/Tr-gl_0615.jpg,MR029209G,glioma,glioma,1,0.998757,1,1,0.998757,0.001126,0.000101,0.000016
data_rand_fold1/Testing/glioma/Tr-gl_0628.jpg,MR033420,glioma,glioma,1,0.999840,1,1,0.999840,0.000104,0.000039,0.000018
data_rand_fold1/Testing/glioma/Tr-gl_0634.jpg,MR033420,glioma,glioma,1,0.999935,1,1,0.999935,0.000043,0.000009,0.000013
data_rand_fold1/Testing/glioma/Tr-gl_0671.jpg,MR040240C,glioma,glioma,1,0.999844,1,1,0.999844,0.000129,0.000025,0.000002
data_rand_fold1/Testing/glioma/Tr-gl_0683.jpg,MR029209I,glioma,glioma,1,0.999815,1,1,0.999815,0.000100,0.000068,0.000017
data_rand_fold1/Testing/glioma/Tr-gl_0685.jpg,MR029209I,glioma,glioma,1,0.997734,1,1,0.997734,0.001907,0.000196,0.000163
data_rand_fold1/Testing/glioma/Tr-gl_0686.jpg,MR029209I,glioma,glioma,1,0.991598,1,1,0.991598,0.007105,0.000403,0.000894
data_rand_fold1/Testing/glioma/Tr-gl_0688.jpg,MR048294,glioma,glioma,1,0.983387,1,1,0.983387,0.015423,0.001132,0.000058
data_rand_fold1/Testing/glioma/Tr-gl_0693.jpg,MR051586,glioma,glioma,1,0.995243,1,1,0.995243,0.001874,0.002828,0.000055
data_rand_fold1/Testing/glioma/Tr-gl_0696.jpg,MR051461B,glioma,glioma,1,0.930706,1,1,0.930706,0.067355,0.000358,0.001582
data_rand_fold1/Testing/glioma/Tr-gl_0697.jpg,MR051461B,glioma,glioma,1,0.962292,1,1,0.962292,0.036982,0.000404,0.000322
data_rand_fold1/Testing/glioma/Tr-gl_0700.jpg,MR051644,glioma,glioma,1,0.999323,1,1,0.999323,0.000497,0.000168,0.000012
data_rand_fold1/Testing/glioma/Tr-gl_0701.jpg,MR051644,glioma,glioma,1,0.999630,1,1,0.999630,0.000275,0.000092,0.000003
data_rand_fold1/Testing/glioma/Tr-gl_0709.jpg,MR051651,glioma,glioma,1,0.996374,1,1,0.996374,0.003487,0.000118,0.000021
data_rand_fold1/Testing/glioma/Tr-gl_0715.jpg,MR051796,glioma,glioma,1,0.997046,1,1,0.997046,0.002094,0.000419,0.000441
data_rand_fold1/Testing/glioma/Tr-gl_0725.jpg,MR051651B,glioma,glioma,1,0.903650,1,1,0.903650,0.093756,0.001107,0.001487
data_rand_fold1/Testing/glioma/Tr-gl_0727.jpg,MR051651B,glioma,glioma,1,0.895803,1,1,0.895803,0.101927,0.000832,0.001439
data_rand_fold1/Testing/glioma/Tr-gl_0729.jpg,MR051796B,glioma,glioma,1,0.999628,1,1,0.999628,0.000312,0.000042,0.000018
data_rand_fold1/Testing/glioma/Tr-gl_0733.jpg,MR052550,glioma,glioma,1,0.999927,1,1,0.999927,0.000028,0.000041,0.000004
data_rand_fold1/Testing/glioma/Tr-gl_0749.jpg,MR049942B,glioma,glioma,1,0.999755,1,1,0.999755,0.000110,0.000106,0.000029
data_rand_fold1/Testing/glioma/Tr-gl_0755.jpg,MR047953C,glioma,glioma,1,0.997861,1,1,0.997861,0.001345,0.000643,0.000152
data_rand_fold1/Testing/glioma/Tr-gl_0762.jpg,MR053110B,glioma,glioma,1,0.999168,1,1,0.999168,0.000405,0.000377,0.000050
data_rand_fold1/Testing/glioma/Tr-gl_0763.jpg,MR053110B,glioma,glioma,1,0.999550,1,1,0.999550,0.000366,0.000069,0.000015
data_rand_fold1/Testing/glioma/Tr-gl_0770.jpg,MR034694,glioma,glioma,1,0.999944,1,1,0.999944,0.000033,0.000019,0.000004
data_rand_fold1/Testing/glioma/Tr-gl_0772.jpg,MR054683,glioma,glioma,1,0.999741,1,1,0.999741,0.000123,0.000114,0.000022
data_rand_fold1/Testing/glioma/Tr-gl_0775.jpg,MR050687C,glioma,glioma,1,0.999084,1,1,0.999084,0.000675,0.000111,0.000130
data_rand_fold1/Testing/glioma/Tr-gl_0776.jpg,MR050687C,glioma,glioma,1,0.999660,1,1,0.999660,0.000164,0.000064,0.000112
data_rand_fold1/Testing/glioma/Tr-gl_0778.jpg,MR050687C,glioma,glioma,1,0.999560,1,1,0.999560,0.000282,0.000081,0.000077
data_rand_fold1/Testing/glioma/Tr-gl_0781.jpg,MR049242C,glioma,glioma,1,0.998936,1,1,0.998936,0.000482,0.000523,0.000059
data_rand_fold1/Testing/glioma/Tr-gl_0782.jpg,MR049242C,glioma,glioma,1,0.999593,1,1,0.999593,0.000198,0.000172,0.000037
data_rand_fold1/Testing/glioma/Tr-gl_0784.jpg,MR049242C,glioma,glioma,1,0.989466,1,1,0.989466,0.003987,0.006055,0.000492
data_rand_fold1/Testing/glioma/Tr-gl_0788.jpg,MR053241C,glioma,glioma,1,0.999735,1,1,0.999735,0.000092,0.000159,0.000013
data_rand_fold1/Testing/glioma/Tr-gl_0793.jpg,MR034997,glioma,glioma,1,0.998908,1,1,0.998908,0.000862,0.000185,0.000045
data_rand_fold1/Testing/glioma/Tr-gl_0801.jpg,MR029209E,glioma,glioma,1,0.990890,1,1,0.990890,0.008630,0.000284,0.000196
data_rand_fold1/Testing/glioma/Tr-gl_0803.jpg,MR053110E,glioma,glioma,1,0.998076,1,1,0.998076,0.001529,0.000329,0.000066
data_rand_fold1/Testing/glioma/Tr-gl_0806.jpg,MR053110E,glioma,glioma,1,0.939491,1,1,0.939491,0.058313,0.001293,0.000903
data_rand_fold1/Testing/glioma/Tr-gl_0810.jpg,MR053110E,glioma,glioma,1,0.999602,1,1,0.999602,0.000359,0.000028,0.000010
data_rand_fold1/Testing/glioma/Tr-gl_0811.jpg,MR053110E,glioma,glioma,1,0.990431,1,1,0.990431,0.009397,0.000148,0.000024
data_rand_fold1/Testing/glioma/Tr-gl_0820.jpg,MR024780D,glioma,glioma,1,0.999584,1,1,0.999584,0.000250,0.000143,0.000023
data_rand_fold1/Testing/glioma/Tr-gl_0826.jpg,MR038469,glioma,glioma,1,0.997057,1,1,0.997057,0.002218,0.000647,0.000078
data_rand_fold1/Testing/glioma/Tr-gl_0829.jpg,MR032322C,glioma,glioma,1,0.998276,1,1,0.998276,0.001133,0.000565,0.000026
data_rand_fold1/Testing/glioma/Tr-gl_0830.jpg,MR032322C,glioma,glioma,1,0.989233,1,1,0.989233,0.006851,0.003802,0.000115
data_rand_fold1/Testing/glioma/Tr-gl_0835.jpg,MR032322C,glioma,glioma,1,0.999595,1,1,0.999595,0.000297,0.000102,0.000006
data_rand_fold1/Testing/glioma/Tr-gl_0841.jpg,MR037458B,glioma,meningioma,0,0.585435,1,1,0.407312,0.585435,0.006223,0.001030
data_rand_fold1/Testing/glioma/Tr-gl_0842.jpg,MR037458B,glioma,glioma,1,0.709301,1,1,0.709301,0.285221,0.005336,0.000142
data_rand_fold1/Testing/glioma/Tr-gl_0846.jpg,MR037458B,glioma,glioma,1,0.697048,1,1,0.697048,0.293550,0.008306,0.001096
data_rand_fold1/Testing/glioma/Tr-gl_0857.jpg,MR039473B,glioma,glioma,1,0.999813,1,1,0.999813,0.000087,0.000087,0.000013
data_rand_fold1/Testing/glioma/Tr-gl_0868.jpg,MR029209E,glioma,glioma,1,0.997227,1,1,0.997227,0.002716,0.000021,0.000036
data_rand_fold1/Testing/glioma/Tr-gl_0870.jpg,MR029209E,glioma,glioma,1,0.985500,1,1,0.985500,0.014065,0.000323,0.000112
data_rand_fold1/Testing/glioma/Tr-gl_0884.jpg,MR038469,glioma,glioma,1,0.993833,1,1,0.993833,0.005747,0.000176,0.000244
data_rand_fold1/Testing/glioma/Tr-gl_0886.jpg,MR038469,glioma,glioma,1,0.994179,1,1,0.994179,0.004756,0.000176,0.000890
data_rand_fold1/Testing/glioma/Tr-gl_0897.jpg,MR032322C,glioma,glioma,1,0.994493,1,1,0.994493,0.004542,0.000290,0.000674
data_rand_fold1/Testing/glioma/Tr-gl_0905.jpg,MR039473,glioma,glioma,1,0.998049,1,1,0.998049,0.000714,0.000123,0.001113
data_rand_fold1/Testing/glioma/Tr-gl_0911.jpg,MR039473B,glioma,glioma,1,0.999652,1,1,0.999652,0.000228,0.000026,0.000094
data_rand_fold1/Testing/glioma/Tr-gl_0918.jpg,MR040240,glioma,glioma,1,0.959003,1,1,0.959003,0.038921,0.001458,0.000618
data_rand_fold1/Testing/glioma/Tr-gl_0920.jpg,MR040240B,glioma,glioma,1,0.999270,1,1,0.999270,0.000231,0.000187,0.000312
data_rand_fold1/Testing/glioma/Tr-gl_0928.jpg,MR029209G,glioma,glioma,1,0.999611,1,1,0.999611,0.000344,0.000026,0.000020
data_rand_fold1/Testing/glioma/Tr-gl_0936.jpg,MR033420,glioma,glioma,1,0.999957,1,1,0.999957,0.000016,0.000020,0.000006
data_rand_fold1/Testing/glioma/Tr-gl_0939.jpg,MR033420,glioma,glioma,1,0.979050,1,1,0.979050,0.017791,0.001357,0.001803
data_rand_fold1/Testing/glioma/Tr-gl_0946.jpg,MR048294,glioma,glioma,1,0.986515,1,1,0.986515,0.012966,0.000425,0.000094
data_rand_fold1/Testing/glioma/Tr-gl_0949.jpg,MR048297,glioma,glioma,1,0.944709,1,1,0.944709,0.053526,0.001642,0.000124
data_rand_fold1/Testing/glioma/Tr-gl_0957.jpg,MR048294B,glioma,glioma,1,0.999730,1,1,0.999730,0.000164,0.000034,0.000072
data_rand_fold1/Testing/glioma/Tr-gl_0964.jpg,MR048944,glioma,glioma,1,0.999855,1,1,0.999855,0.000098,0.000025,0.000021
data_rand_fold1/Testing/glioma/Tr-gl_0970.jpg,MR048994,glioma,glioma,1,0.954558,1,1,0.954558,0.044299,0.000902,0.000241
data_rand_fold1/Testing/glioma/Tr-gl_0980.jpg,MR049358,glioma,glioma,1,0.999035,1,1,0.999035,0.000854,0.000108,0.000003
data_rand_fold1/Testing/glioma/Tr-gl_0988.jpg,MR049453,glioma,glioma,1,0.999839,1,1,0.999839,0.000037,0.000026,0.000097
data_rand_fold1/Testing/glioma/Tr-gl_0993.jpg,MR049453,glioma,glioma,1,0.997911,1,1,0.997911,0.001728,0.000334,0.000026
data_rand_fold1/Testing/glioma/Tr-gl_0997.jpg,MR024780G,glioma,glioma,1,0.962204,1,1,0.962204,0.034487,0.002992,0.000317
data_rand_fold1/Testing/glioma/Tr-gl_1003.jpg,MR050135B,glioma,glioma,1,0.999751,1,1,0.999751,0.000156,0.000061,0.000032
data_rand_fold1/Testing/glioma/Tr-gl_1004.jpg,MR050135B,glioma,glioma,1,0.999527,1,1,0.999527,0.000365,0.000065,0.000043
data_rand_fold1/Testing/glioma/Tr-gl_1005.jpg,MR050135B,glioma,glioma,1,0.997013,1,1,0.997013,0.001489,0.000536,0.000962
data_rand_fold1/Testing/glioma/Tr-gl_1009.jpg,MR050687,glioma,glioma,1,0.999836,1,1,0.999836,0.000109,0.000038,0.000016
data_rand_fold1/Testing/glioma/Tr-gl_1010.jpg,MR050687,glioma,glioma,1,0.999882,1,1,0.999882,0.000089,0.000024,0.000006
data_rand_fold1/Testing/glioma/Tr-gl_1013.jpg,MR050791B,glioma,glioma,1,0.922631,1,1,0.922631,0.070395,0.006439,0.000536
data_rand_fold1/Testing/glioma/Tr-gl_1019.jpg,MR049019C,glioma,glioma,1,0.998570,1,1,0.998570,0.000789,0.000209,0.000433
data_rand_fold1/Testing/glioma/Tr-gl_1020.jpg,MR049019C,glioma,glioma,1,0.997296,1,1,0.997296,0.001269,0.000224,0.001211
data_rand_fold1/Testing/glioma/Tr-gl_1025.jpg,MR051586,glioma,glioma,1,0.984438,1,1,0.984438,0.014010,0.001436,0.000116
data_rand_fold1/Testing/glioma/Tr-gl_1028.jpg,MR051586,glioma,meningioma,0,0.677997,1,1,0.320220,0.677997,0.001315,0.000468
data_rand_fold1/Testing/glioma/Tr-gl_1029.jpg,MR051586,glioma,glioma,1,0.999685,1,1,0.999685,0.000192,0.000104,0.000018
data_rand_fold1/Testing/glioma/Tr-gl_1036.jpg,MR051644,glioma,glioma,1,0.999516,1,1,0.999516,0.000441,0.000031,0.000011
data_rand_fold1/Testing/glioma/Tr-gl_1038.jpg,MR051651,glioma,glioma,1,0.999610,1,1,0.999610,0.000306,0.000058,0.000026
data_rand_fold1/Testing/glioma/Tr-gl_1041.jpg,MR051796,glioma,glioma,1,0.998999,1,1,0.998999,0.000545,0.000071,0.000384
data_rand_fold1/Testing/glioma/Tr-gl_1044.jpg,MR051796,glioma,glioma,1,0.965402,1,1,0.965402,0.028360,0.000868,0.005371
data_rand_fold1/Testing/glioma/Tr-gl_1052.jpg,MR051644B,glioma,glioma,1,0.999124,1,1,0.999124,0.000156,0.000082,0.000638
data_rand_fold1/Testing/glioma/Tr-gl_1061.jpg,MR052550,glioma,glioma,1,0.999511,1,1,0.999511,0.000338,0.000083,0.000068
data_rand_fold1/Testing/glioma/Tr-gl_1068.jpg,MR051644C,glioma,glioma,1,0.999576,1,1,0.999576,0.000212,0.000138,0.000074
data_rand_fold1/Testing/glioma/Tr-gl_1069.jpg,MR051644C,glioma,glioma,1,0.999591,1,1,0.999591,0.000298,0.000057,0.000054
data_rand_fold1/Testing/glioma/Tr-gl_1072.jpg,MR049942B,glioma,glioma,1,0.997387,1,1,0.997387,0.000443,0.000073,0.002096
data_rand_fold1/Testing/glioma/Tr-gl_1074.jpg,MR052585B,glioma,glioma,1,0.998893,1,1,0.998893,0.000585,0.000084,0.000439
data_rand_fold1/Testing/glioma/Tr-gl_1076.jpg,MR053110B,glioma,glioma,1,0.997177,1,1,0.997177,0.002368,0.000187,0.000267
data_rand_fold1/Testing/glioma/Tr-gl_1078.jpg,MR053110B,glioma,glioma,1,0.998444,1,1,0.998444,0.000837,0.000621,0.000097
data_rand_fold1/Testing/glioma/Tr-gl_1081.jpg,MR034694,glioma,glioma,1,0.969759,1,1,0.969759,0.002458,0.003998,0.023785
data_rand_fold1/Testing/glioma/Tr-gl_1089.jpg,MR050687C,glioma,glioma,1,0.963921,1,1,0.963921,0.034597,0.000661,0.000821
data_rand_fold1/Testing/glioma/Tr-gl_1095.jpg,MR034997,glioma,glioma,1,0.999344,1,1,0.999344,0.000543,0.000107,0.000006
data_rand_fold1/Testing/glioma/Tr-gl_1097.jpg,MR034997,glioma,glioma,1,0.984148,1,1,0.984148,0.015434,0.000247,0.000171
data_rand_fold1/Testing/glioma/Tr-gl_1100.jpg,MR034997,glioma,glioma,1,0.999928,1,1,0.999928,0.000015,0.000009,0.000048
data_rand_fold1/Testing/glioma/Tr-gl_1101.jpg,MR029209E,glioma,glioma,1,0.825838,1,1,0.825838,0.169318,0.004783,0.000062
data_rand_fold1/Testing/glioma/Tr-gl_1107.jpg,MR033389B,glioma,glioma,1,0.972375,1,1,0.972375,0.025335,0.001173,0.001117
data_rand_fold1/Testing/glioma/Tr-gl_1109.jpg,MR024780E,glioma,glioma,1,0.997617,1,1,0.997617,0.002142,0.000193,0.000048
data_rand_fold1/Testing/glioma/Tr-gl_1112.jpg,MR040240C,glioma,glioma,1,0.999553,1,1,0.999553,0.000410,0.000008,0.000030
data_rand_fold1/Testing/glioma/Tr-gl_1115.jpg,MR040240D,glioma,glioma,1,0.999393,1,1,0.999393,0.000507,0.000067,0.000033
data_rand_fold1/Testing/glioma/Tr-gl_1117.jpg,MR017260F,glioma,glioma,1,0.997047,1,1,0.997047,0.002638,0.000279,0.000036
data_rand_fold1/Testing/glioma/Tr-gl_1123.jpg,MR017260F,glioma,glioma,1,0.998652,1,1,0.998652,0.000886,0.000335,0.000127
data_rand_fold1/Testing/glioma/Tr-gl_1127.jpg,MR029209I,glioma,glioma,1,0.999206,1,1,0.999206,0.000566,0.000187,0.000041
data_rand_fold1/Testing/glioma/Tr-gl_1129.jpg,MR029209I,glioma,glioma,1,0.999918,1,1,0.999918,0.000037,0.000016,0.000028
data_rand_fold1/Testing/glioma/Tr-gl_1135.jpg,101020,glioma,glioma,1,0.809735,1,1,0.809735,0.184334,0.002787,0.003144
data_rand_fold1/Testing/glioma/Tr-gl_1143.jpg,103148,glioma,glioma,1,0.966786,1,1,0.966786,0.026401,0.006038,0.000775
data_rand_fold1/Testing/glioma/Tr-gl_1145.jpg,106494,glioma,glioma,1,0.955931,1,1,0.955931,0.035594,0.007409,0.001066
data_rand_fold1/Testing/glioma/Tr-gl_1156.jpg,112105,glioma,glioma,1,0.699726,1,1,0.699726,0.268394,0.018307,0.013573
data_rand_fold1/Testing/glioma/Tr-gl_1157.jpg,112105,glioma,glioma,1,0.982409,1,1,0.982409,0.012732,0.003787,0.001072
data_rand_fold1/Testing/glioma/Tr-gl_1159.jpg,100820,glioma,glioma,1,0.535504,1,1,0.535504,0.454764,0.008631,0.001102
data_rand_fold1/Testing/glioma/Tr-gl_1161.jpg,100820,glioma,meningioma,0,0.828454,1,1,0.169038,0.828454,0.001107,0.001401
data_rand_fold1/Testing/glioma/Tr-gl_1172.jpg,106494,glioma,meningioma,0,0.738814,1,1,0.255697,0.738814,0.005292,0.000198
data_rand_fold1/Testing/glioma/Tr-gl_1176.jpg,107747,glioma,glioma,1,0.784210,1,1,0.784210,0.208644,0.003114,0.004032
data_rand_fold1/Testing/glioma/Tr-gl_1185.jpg,112105,glioma,glioma,1,0.955227,1,1,0.955227,0.043952,0.000388,0.000432
data_rand_fold1/Testing/glioma/Tr-gl_1192.jpg,88670,glioma,glioma,1,0.821559,1,1,0.821559,0.167225,0.001706,0.009510
data_rand_fold1/Testing/glioma/Tr-gl_1196.jpg,90284,glioma,glioma,1,0.996213,1,1,0.996213,0.002384,0.000924,0.000479
data_rand_fold1/Testing/glioma/Tr-gl_1200.jpg,92897,glioma,meningioma,0,0.559852,1,1,0.410568,0.559852,0.006529,0.023051
data_rand_fold1/Testing/glioma/Tr-gl_1209.jpg,100820,glioma,glioma,1,0.990335,1,1,0.990335,0.008912,0.000669,0.000083
data_rand_fold1/Testing/glioma/Tr-gl_1218.jpg,102075,glioma,meningioma,0,0.843258,1,1,0.139881,0.843258,0.016136,0.000726
data_rand_fold1/Testing/glioma/Tr-gl_1225.jpg,106494,glioma,glioma,1,0.693367,1,1,0.693367,0.280671,0.019166,0.006796
data_rand_fold1/Testing/glioma/Tr-gl_1235.jpg,112105,glioma,glioma,1,0.705712,1,1,0.705712,0.289027,0.000529,0.004731
data_rand_fold1/Testing/glioma/Tr-gl_1243.jpg,90284,glioma,glioma,1,0.975187,1,1,0.975187,0.023799,0.000623,0.000391
data_rand_fold1/Testing/glioma/Tr-gl_1247.jpg,90284,glioma,glioma,1,0.999618,1,1,0.999618,0.000178,0.000081,0.000123
data_rand_fold1/Testing/glioma/Tr-gl_1250.jpg,92897,glioma,glioma,1,0.446213,1,1,0.446213,0.338011,0.020295,0.195481
data_rand_fold1/Testing/glioma/Tr-gl_1254.jpg,93825,glioma,glioma,1,0.504491,1,1,0.504491,0.490680,0.001630,0.003199
data_rand_fold1/Testing/glioma/Tr-gl_1256.jpg,93825,glioma,glioma,1,0.990766,1,1,0.990766,0.007647,0.001210,0.000376
data_rand_fold1/Testing/glioma/Tr-gl_1257.jpg,94731,glioma,glioma,1,0.821389,1,1,0.821389,0.154564,0.004983,0.019064
data_rand_fold1/Testing/glioma/Tr-gl_1261.jpg,95142,glioma,glioma,1,0.970633,1,1,0.970633,0.028374,0.000373,0.000619
data_rand_fold1/Testing/glioma/Tr-gl_1263.jpg,95142,glioma,glioma,1,0.997540,1,1,0.997540,0.001982,0.000063,0.000415
data_rand_fold1/Testing/glioma/Tr-gl_1273.jpg,98889,glioma,glioma,1,0.925473,1,1,0.925473,0.063922,0.009552,0.001053
data_rand_fold1/Testing/glioma/Tr-gl_1281.jpg,MR048294,glioma,glioma,1,0.999421,1,1,0.999421,0.000179,0.000355,0.000045
data_rand_fold1/Testing/glioma/Tr-gl_1284.jpg,MR048297,glioma,glioma,1,0.998689,1,1,0.998689,0.000476,0.000770,0.000065
data_rand_fold1/Testing/glioma/Tr-gl_1285.jpg,MR048294B,glioma,glioma,1,0.999697,1,1,0.999697,0.000066,0.000166,0.000071
data_rand_fold1/Testing/glioma/Tr-gl_1296.jpg,MR048944,glioma,glioma,1,0.994499,1,1,0.994499,0.004775,0.000480,0.000246
data_rand_fold1/Testing/glioma/Tr-gl_1306.jpg,MR049104,glioma,glioma,1,0.999623,1,1,0.999623,0.000053,0.000277,0.000047
data_rand_fold1/Testing/glioma/Tr-gl_1312.jpg,MR048994B,glioma,glioma,1,0.999207,1,1,0.999207,0.000502,0.000219,0.000072
data_rand_fold1/Testing/glioma/Tr-gl_1315.jpg,MR048994B,glioma,glioma,1,0.983187,1,1,0.983187,0.015170,0.001555,0.000087
data_rand_fold1/Testing/meningioma/Te-me_0117.jpg,108514,meningioma,meningioma,1,0.997498,1,1,0.001676,0.997498,0.000771,0.000055
data_rand_fold1/Testing/meningioma/Te-me_0129.jpg,113435,meningioma,meningioma,1,0.998760,1,1,0.000760,0.998760,0.000360,0.000120
data_rand_fold1/Testing/meningioma/Te-me_0132.jpg,114018,meningioma,meningioma,1,0.994189,1,1,0.000393,0.994189,0.000598,0.004819
data_rand_fold1/Testing/meningioma/Te-me_0133.jpg,114359,meningioma,meningioma,1,0.995942,1,1,0.003818,0.995942,0.000201,0.000039
data_rand_fold1/Testing/meningioma/Te-me_0169.jpg,104281,meningioma,meningioma,1,0.993640,1,1,0.006025,0.993640,0.000297,0.000039
data_rand_fold1/Testing/meningioma/Te-me_0170.jpg,102714,meningioma,meningioma,1,0.933444,1,1,0.055184,0.933444,0.001319,0.010053
data_rand_fold1/Testing/meningioma/Te-me_0174.jpg,106442,meningioma,meningioma,1,0.999788,1,1,0.000098,0.999788,0.000109,0.000005
data_rand_fold1/Testing/meningioma/Te-me_0175.jpg,106534,meningioma,meningioma,1,0.987157,1,1,0.003403,0.987157,0.009325,0.000115
data_rand_fold1/Testing/meningioma/Te-me_0181.jpg,107248,meningioma,meningioma,1,0.964343,1,1,0.023206,0.964343,0.009171,0.003280
data_rand_fold1/Testing/meningioma/Te-me_0185.jpg,108514,meningioma,meningioma,1,0.998744,1,1,0.000934,0.998744,0.000268,0.000054
data_rand_fold1/Testing/meningioma/Te-me_0187.jpg,108945,meningioma,meningioma,1,0.992241,1,1,0.007380,0.992241,0.000309,0.000070
data_rand_fold1/Testing/meningioma/Te-me_0188.jpg,109968,meningioma,meningioma,1,0.984718,1,1,0.013930,0.984718,0.001206,0.000146
data_rand_fold1/Testing/meningioma/Te-me_0190.jpg,111077,meningioma,meningioma,1,0.997149,1,1,0.002116,0.997149,0.000534,0.000201
data_rand_fold1/Testing/meningioma/Te-me_0193.jpg,103673,meningioma,pituitary,0,0.995512,1,1,0.000104,0.002306,0.002078,0.995512
data_rand_fold1/Testing/meningioma/Te-me_0196.jpg,112252,meningioma,meningioma,1,0.998753,1,1,0.001088,0.998753,0.000094,0.000064
data_rand_fold1/Testing/meningioma/Te-me_0199.jpg,112648,meningioma,meningioma,1,0.998858,1,1,0.000896,0.998858,0.000203,0.000043
data_rand_fold1/Testing/meningioma/Te-me_0206.jpg,97607,meningioma,meningioma,1,0.999906,1,1,0.000058,0.999906,0.000028,0.000008
data_rand_fold1/Testing/meningioma/Te-me_0209.jpg,97875,meningioma,meningioma,1,0.997826,1,1,0.001433,0.997826,0.000420,0.000321
data_rand_fold1/Testing/meningioma/Te-me_0212.jpg,98241,meningioma,meningioma,1,0.997487,1,1,0.002306,0.997487,0.000064,0.000143
data_rand_fold1/Testing/meningioma/Te-me_0217.jpg,100360,meningioma,meningioma,1,0.964903,1,1,0.032413,0.964903,0.000256,0.002428
data_rand_fold1/Testing/meningioma/Te-me_0223.jpg,101797,meningioma,meningioma,1,0.999946,1,1,0.000013,0.999946,0.000019,0.000022
data_rand_fold1/Testing/meningioma/Te-me_0234.jpg,104167,meningioma,meningioma,1,0.972777,1,1,0.026962,0.972777,0.000226,0.000035
data_rand_fold1/Testing/meningioma/Te-me_0238.jpg,105937,meningioma,meningioma,1,0.999787,1,1,0.000053,0.999787,0.000017,0.000143
data_rand_fold1/Testing/meningioma/Te-me_0241.jpg,106592,meningioma,meningioma,1,0.962620,1,1,0.024330,0.962620,0.012404,0.000646
data_rand_fold1/Testing/meningioma/Te-me_0255.jpg,109968,meningioma,meningioma,1,0.998415,1,1,0.000713,0.998415,0.000581,0.000291
data_rand_fold1/Testing/meningioma/Te-me_0256.jpg,111077,meningioma,meningioma,1,0.999793,1,1,0.000142,0.999793,0.000031,0.000033
data_rand_fold1/Testing/meningioma/Te-me_0265.jpg,106284,meningioma,meningioma,1,0.998033,1,1,0.000809,0.998033,0.000812,0.000346
data_rand_fold1/Testing/meningioma/Te-me_0270.jpg,113614,meningioma,meningioma,1,0.996184,1,1,0.001659,0.996184,0.002133,0.000024
data_rand_fold1/Testing/meningioma/Te-me_0274.jpg,114359,meningioma,meningioma,1,0.999726,1,1,0.000251,0.999726,0.000020,0.000004
data_rand_fold1/Testing/meningioma/Te-me_0276.jpg,106284,meningioma,meningioma,1,0.996906,1,1,0.001025,0.996906,0.001860,0.000209
data_rand_fold1/Testing/meningioma/Te-me_0284.jpg,99089,meningioma,meningioma,1,0.992475,1,1,0.002240,0.992475,0.000794,0.004491
data_rand_fold1/Testing/meningioma/Te-me_0288.jpg,99308,meningioma,meningioma,1,0.992495,1,1,0.006998,0.992495,0.000334,0.000173
data_rand_fold1/Testing/meningioma/Te-me_0291.jpg,106665,meningioma,meningioma,1,0.980256,1,1,0.012252,0.980256,0.006870,0.000621
data_rand_fold1/Testing/meningioma/Te-me_0293.jpg,106720,meningioma,meningioma,1,0.984770,1,1,0.009874,0.984770,0.004698,0.000658
data_rand_fold1/Testing/meningioma/Te-me_0294.jpg,106914,meningioma,meningioma,1,0.998596,1,1,0.000943,0.998596,0.000091,0.000370
data_rand_fold1/Testing/meningioma/Te-me_0296.jpg,107248,meningioma,meningioma,1,0.947219,1,1,0.022274,0.947219,0.010879,0.019629
data_rand_fold1/Testing/meningioma/Te-me_0297.jpg,107248,meningioma,pituitary,0,0.556827,1,1,0.046446,0.257702,0.139025,0.556827
data_rand_fold1/Testing/meningioma/Te-me_0305.jpg,97943,meningioma,meningioma,1,0.996441,1,1,0.003006,0.996441,0.000437,0.000117
data_rand_fold1/Testing/meningioma/Tr-meTr_0000.jpg,100360,meningioma,meningioma,1,0.782320,1,1,0.215593,0.782320,0.001828,0.000258
data_rand_fold1/Testing/meningioma/Tr-me_0010.jpg,108514,meningioma,meningioma,1,0.999406,1,1,0.000365,0.999406,0.000200,0.000029
data_rand_fold1/Testing/meningioma/Tr-me_0023.jpg,110116,meningioma,pituitary,0,0.957599,1,1,0.008608,0.032778,0.001014,0.957599
data_rand_fold1/Testing/meningioma/Tr-me_0038.jpg,112062,meningioma,meningioma,1,0.998665,1,1,0.000660,0.998665,0.000568,0.000107
data_rand_fold1/Testing/meningioma/Tr-me_0049.jpg,113435,meningioma,meningioma,1,0.947450,1,1,0.050391,0.947450,0.001823,0.000337
data_rand_fold1/Testing/meningioma/Tr-me_0056.jpg,113554,meningioma,meningioma,1,0.998965,1,1,0.000576,0.998965,0.000339,0.000120
data_rand_fold1/Testing/meningioma/Tr-me_0064.jpg,114359,meningioma,meningioma,1,0.998817,1,1,0.001080,0.998817,0.000095,0.000008
data_rand_fold1/Testing/meningioma/Tr-me_0070.jpg,97737,meningioma,meningioma,1,0.999769,1,1,0.000076,0.999769,0.000130,0.000025
data_rand_fold1/Testing/meningioma/Tr-me_0076.jpg,97943,meningioma,meningioma,1,0.995740,1,1,0.003510,0.995740,0.000452,0.000298
data_rand_fold1/Testing/meningioma/Tr-me_0086.jpg,101016,meningioma,meningioma,1,0.999695,1,1,0.000132,0.999695,0.000149,0.000023
data_rand_fold1/Testing/meningioma/Tr-me_0088.jpg,99089,meningioma,meningioma,1,0.997156,1,1,0.002410,0.997156,0.000396,0.000037
data_rand_fold1/Testing/meningioma/Tr-me_0093.jpg,101016,meningioma,meningioma,1,0.999703,1,1,0.000203,0.999703,0.000090,0.000004
data_rand_fold1/Testing/meningioma/Tr-me_0105.jpg,102675,meningioma,meningioma,1,0.964743,1,1,0.034221,0.964743,0.000800,0.000235
data_rand_fold1/Testing/meningioma/Tr-me_0109.jpg,99288,meningioma,meningioma,1,0.764093,1,1,0.209775,0.764093,0.024585,0.001547
data_rand_fold1/Testing/meningioma/Tr-me_0110.jpg,102714,meningioma,meningioma,1,0.996524,1,1,0.002788,0.996524,0.000376,0.000312
data_rand_fold1/Testing/meningioma/Tr-me_0126.jpg,103673,meningioma,pituitary,0,0.983719,1,1,0.000201,0.014737,0.001343,0.983719
data_rand_fold1/Testing/meningioma/Tr-me_0131.jpg,99308,meningioma,meningioma,1,0.993147,1,1,0.006067,0.993147,0.000675,0.000111
data_rand_fold1/Testing/meningioma/Tr-me_0139.jpg,104167,meningioma,meningioma,1,0.996669,1,1,0.002740,0.996669,0.000487,0.000104
data_rand_fold1/Testing/meningioma/Tr-me_0142.jpg,99308,meningioma,meningioma,1,0.999401,1,1,0.000459,0.999401,0.000080,0.000060
data_rand_fold1/Testing/meningioma/Tr-me_0146.jpg,104281,meningioma,meningioma,1,0.993723,1,1,0.006180,0.993723,0.000090,0.000007
data_rand_fold1/Testing/meningioma/Tr-me_0147.jpg,104281,meningioma,meningioma,1,0.998860,1,1,0.001079,0.998860,0.000049,0.000012
data_rand_fold1/Testing/meningioma/Tr-me_0149.jpg,105374,meningioma,meningioma,1,0.897358,1,1,0.098187,0.897358,0.004221,0.000235
data_rand_fold1/Testing/meningioma/Tr-me_0150.jpg,105374,meningioma,meningioma,1,0.995440,1,1,0.002425,0.995440,0.002062,0.000073
data_rand_fold1/Testing/meningioma/Tr-me_0151.jpg,105555,meningioma,meningioma,1,0.905561,1,1,0.085933,0.905561,0.007366,0.001140
data_rand_fold1/Testing/meningioma/Tr-me_0159.jpg,106284,meningioma,meningioma,1,0.998130,1,1,0.000766,0.998130,0.000927,0.000177
data_rand_fold1/Testing/meningioma/Tr-me_0161.jpg,106720,meningioma,meningioma,1,0.983562,1,1,0.005690,0.983562,0.008281,0.002467
data_rand_fold1/Testing/meningioma/Tr-me_0165.jpg,106720,meningioma,meningioma,1,0.995626,1,1,0.001097,0.995626,0.002284,0.000993
data_rand_fold1/Testing/meningioma/Tr-me_0168.jpg,106914,meningioma,meningioma,1,0.999184,1,1,0.000195,0.999184,0.000077,0.000544
data_rand_fold1/Testing/meningioma/Tr-me_0173.jpg,107248,meningioma,meningioma,1,0.971854,1,1,0.006526,0.971854,0.003974,0.017647
data_rand_fold1/Testing/meningioma/Tr-me_0174.jpg,107248,meningioma,meningioma,1,0.866242,1,1,0.015773,0.866242,0.028800,0.089184
data_rand_fold1/Testing/meningioma/Tr-me_0269.jpg,100572,meningioma,glioma,0,0.569117,1,1,0.569117,0.370255,0.007752,0.052875
data_rand_fold1/Testing/meningioma/Tr-me_0284.jpg,100572,meningioma,meningioma,1,0.891154,1,1,0.004639,0.891154,0.002741,0.101465
data_rand_fold1/Testing/meningioma/Tr-me_0289.jpg,101016,meningioma,meningioma,1,0.999534,1,1,0.000079,0.999534,0.000382,0.000005
data_rand_fold1/Testing/meningioma/Tr-me_0297.jpg,102420,meningioma,meningioma,1,0.936180,1,1,0.057142,0.936180,0.002446,0.004233
data_rand_fold1/Testing/meningioma/Tr-me_0298.jpg,102420,meningioma,meningioma,1,0.989296,1,1,0.003618,0.989296,0.001478,0.005608
data_rand_fold1/Testing/meningioma/Tr-me_0308.jpg,103673,meningioma,pituitary,0,0.998142,1,1,0.000059,0.001250,0.000549,0.998142
data_rand_fold1/Testing/meningioma/Tr-me_0310.jpg,103673,meningioma,pituitary,0,0.796087,1,1,0.000375,0.197154,0.006385,0.796087
data_rand_fold1/Testing/meningioma/Tr-me_0315.jpg,103925,meningioma,meningioma,1,0.983806,1,1,0.013613,0.983806,0.001585,0.000996
data_rand_fold1/Testing/meningioma/Tr-me_0320.jpg,104167,meningioma,meningioma,1,0.999883,1,1,0.000090,0.999883,0.000024,0.000003
data_rand_fold1/Testing/meningioma/Tr-me_0328.jpg,104281,meningioma,meningioma,1,0.988986,1,1,0.008105,0.988986,0.002540,0.000369
data_rand_fold1/Testing/meningioma/Tr-me_0329.jpg,105374,meningioma,meningioma,1,0.939484,1,1,0.053346,0.939484,0.001288,0.005881
data_rand_fold1/Testing/meningioma/Tr-me_0341.jpg,106442,meningioma,meningioma,1,0.991963,1,1,0.006124,0.991963,0.001825,0.000088
data_rand_fold1/Testing/meningioma/Tr-me_0342.jpg,106442,meningioma,meningioma,1,0.993138,1,1,0.004375,0.993138,0.002357,0.000130
data_rand_fold1/Testing/meningioma/Tr-me_0343.jpg,106442,meningioma,meningioma,1,0.773668,1,1,0.219477,0.773668,0.004878,0.001976
data_rand_fold1/Testing/meningioma/Tr-me_0349.jpg,106665,meningioma,meningioma,1,0.998633,1,1,0.000496,0.998633,0.000660,0.000211
data_rand_fold1/Testing/meningioma/Tr-me_0355.jpg,106720,meningioma,meningioma,1,0.962438,1,1,0.029657,0.962438,0.005997,0.001909
data_rand_fold1/Testing/meningioma/Tr-me_0376.jpg,107494,meningioma,meningioma,1,0.963609,1,1,0.031071,0.963609,0.002830,0.002490
data_rand_fold1/Testing/meningioma/Tr-me_0379.jpg,107494,meningioma,meningioma,1,0.901492,1,1,0.096694,0.901492,0.001231,0.000582
data_rand_fold1/Testing/meningioma/Tr-me_0386.jpg,108514,meningioma,meningioma,1,0.998022,1,1,0.001564,0.998022,0.000372,0.000043
data_rand_fold1/Testing/meningioma/Tr-me_0390.jpg,108590,meningioma,meningioma,1,0.993424,1,1,0.004797,0.993424,0.001228,0.000550
data_rand_fold1/Testing/meningioma/Tr-me_0394.jpg,108945,meningioma,meningioma,1,0.999919,1,1,0.000065,0.999919,0.000006,0.000010
data_rand_fold1/Testing/meningioma/Tr-me_0398.jpg,109968,meningioma,meningioma,1,0.991941,1,1,0.007544,0.991941,0.000415,0.000100
data_rand_fold1/Testing/meningioma/Tr-me_0399.jpg,109968,meningioma,meningioma,1,0.999669,1,1,0.000240,0.999669,0.000082,0.000009
data_rand_fold1/Testing/meningioma/Tr-me_0406.jpg,110116,meningioma,pituitary,0,0.581217,1,1,0.026074,0.384350,0.008359,0.581217
data_rand_fold1/Testing/meningioma/Tr-me_0413.jpg,97607,meningioma,meningioma,1,0.999883,1,1,0.000080,0.999883,0.000026,0.000011
data_rand_fold1/Testing/meningioma/Tr-me_0420.jpg,111532,meningioma,meningioma,1,0.999813,1,1,0.000153,0.999813,0.000016,0.000018
data_rand_fold1/Testing/meningioma/Tr-me_0422.jpg,112002,meningioma,meningioma,1,0.997211,1,1,0.002484,0.997211,0.000286,0.000020
data_rand_fold1/Testing/meningioma/Tr-me_0423.jpg,112002,meningioma,meningioma,1,0.634298,1,1,0.360796,0.634298,0.004316,0.000590
data_rand_fold1/Testing/meningioma/Tr-me_0427.jpg,112062,meningioma,meningioma,1,0.999258,1,1,0.000547,0.999258,0.000182,0.000013
data_rand_fold1/Testing/meningioma/Tr-me_0429.jpg,112062,meningioma,meningioma,1,0.997777,1,1,0.001911,0.997777,0.000272,0.000040
data_rand_fold1/Testing/meningioma/Tr-me_0430.jpg,112252,meningioma,meningioma,1,0.996960,1,1,0.001908,0.996960,0.000442,0.000690
data_rand_fold1/Testing/meningioma/Tr-me_0434.jpg,112552,meningioma,meningioma,1,0.998883,1,1,0.000829,0.998883,0.000032,0.000256
data_rand_fold1/Testing/meningioma/Tr-me_0436.jpg,112552,meningioma,meningioma,1,0.984073,1,1,0.015374,0.984073,0.000210,0.000344
data_rand_fold1/Testing/meningioma/Tr-me_0437.jpg,112552,meningioma,meningioma,1,0.988627,1,1,0.010730,0.988627,0.000271,0.000371
data_rand_fold1/Testing/meningioma/Tr-me_0438.jpg,112552,meningioma,meningioma,1,0.962649,1,1,0.036060,0.962649,0.000215,0.001076
data_rand_fold1/Testing/meningioma/Tr-me_0441.jpg,112648,meningioma,meningioma,1,0.996827,1,1,0.002404,0.996827,0.000739,0.000030
data_rand_fold1/Testing/meningioma/Tr-me_0444.jpg,113435,meningioma,meningioma,1,0.999897,1,1,0.000065,0.999897,0.000021,0.000017
data_rand_fold1/Testing/meningioma/Tr-me_0449.jpg,113435,meningioma,meningioma,1,0.999436,1,1,0.000478,0.999436,0.000050,0.000037
data_rand_fold1/Testing/meningioma/Tr-me_0455.jpg,97737,meningioma,meningioma,1,0.999835,1,1,0.000098,0.999835,0.000034,0.000032
data_rand_fold1/Testing/meningioma/Tr-me_0463.jpg,97875,meningioma,meningioma,1,0.996670,1,1,0.001354,0.996670,0.000551,0.001424
data_rand_fold1/Testing/meningioma/Tr-me_0467.jpg,97943,meningioma,meningioma,1,0.992892,1,1,0.000149,0.992892,0.006950,0.000009
data_rand_fold1/Testing/meningioma/Tr-me_0469.jpg,98241,meningioma,meningioma,1,0.999835,1,1,0.000102,0.999835,0.000025,0.000038
data_rand_fold1/Testing/meningioma/Tr-me_0470.jpg,98241,meningioma,meningioma,1,0.999842,1,1,0.000103,0.999842,0.000035,0.000020
data_rand_fold1/Testing/meningioma/Tr-me_0472.jpg,98241,meningioma,meningioma,1,0.999691,1,1,0.000265,0.999691,0.000034,0.000010
data_rand_fold1/Testing/meningioma/Tr-me_0476.jpg,99017,meningioma,meningioma,1,0.996002,1,1,0.002593,0.996002,0.000478,0.000927
data_rand_fold1/Testing/meningioma/Tr-me_0480.jpg,99089,meningioma,meningioma,1,0.995650,1,1,0.003419,0.995650,0.000277,0.000655
data_rand_fold1/Testing/meningioma/Tr-me_0483.jpg,99089,meningioma,meningioma,1,0.987460,1,1,0.009017,0.987460,0.000945,0.002578
data_rand_fold1/Testing/meningioma/Tr-me_0484.jpg,99288,meningioma,meningioma,1,0.976918,1,1,0.019083,0.976918,0.003628,0.000371
data_rand_fold1/Testing/meningioma/Tr-me_0488.jpg,99308,meningioma,meningioma,1,0.987971,1,1,0.011472,0.987971,0.000177,0.000380
data_rand_fold1/Testing/meningioma/Tr-me_0494.jpg,100360,meningioma,meningioma,1,0.984892,1,1,0.012319,0.984892,0.000520,0.002268
data_rand_fold1/Testing/meningioma/Tr-me_0504.jpg,101016,meningioma,meningioma,1,0.999986,1,1,0.000007,0.999986,0.000005,0.000003
data_rand_fold1/Testing/meningioma/Tr-me_0505.jpg,101016,meningioma,meningioma,1,0.999983,1,1,0.000011,0.999983,0.000004,0.000002
data_rand_fold1/Testing/meningioma/Tr-me_0507.jpg,101082,meningioma,meningioma,1,0.993312,1,1,0.005702,0.993312,0.000339,0.000648
data_rand_fold1/Testing/meningioma/Tr-me_0518.jpg,101797,meningioma,meningioma,1,0.999619,1,1,0.000290,0.999619,0.000072,0.000019
data_rand_fold1/Testing/meningioma/Tr-me_0520.jpg,106284,meningioma,meningioma,1,0.985271,1,1,0.014434,0.985271,0.000180,0.000116
data_rand_fold1/Testing/meningioma/Tr-me_0522.jpg,106442,meningioma,meningioma,1,0.999343,1,1,0.000303,0.999343,0.000342,0.000012
data_rand_fold1/Testing/meningioma/Tr-me_0523.jpg,114359,meningioma,meningioma,1,0.998691,1,1,0.001241,0.998691,0.000058,0.000010
data_rand_fold1/Testing/meningioma/Tr-me_0524.jpg,106442,meningioma,meningioma,1,0.999977,1,1,0.000006,0.999977,0.000017,0.000000
data_rand_fold1/Testing/meningioma/Tr-me_0531.jpg,106665,meningioma,meningioma,1,0.999922,1,1,0.000058,0.999922,0.000014,0.000006
data_rand_fold1/Testing/meningioma/Tr-me_0534.jpg,114359,meningioma,meningioma,1,0.999696,1,1,0.000292,0.999696,0.000010,0.000002
data_rand_fold1/Testing/meningioma/Tr-me_0535.jpg,106720,meningioma,meningioma,1,0.997128,1,1,0.002578,0.997128,0.000048,0.000246
data_rand_fold1/Testing/meningioma/Tr-me_0544.jpg,106914,meningioma,meningioma,1,0.999929,1,1,0.000012,0.999929,0.000045,0.000014
data_rand_fold1/Testing/meningioma/Tr-me_0549.jpg,98241,meningioma,meningioma,1,0.999602,1,1,0.000322,0.999602,0.000020,0.000056
data_rand_fold1/Testing/meningioma/Tr-me_0553.jpg,99017,meningioma,meningioma,1,0.998929,1,1,0.000918,0.998929,0.000117,0.000037
data_rand_fold1/Testing/meningioma/Tr-me_0558.jpg,99089,meningioma,meningioma,1,0.992158,1,1,0.007446,0.992158,0.000275,0.000121
data_rand_fold1/Testing/meningioma/Tr-me_0564.jpg,99308,meningioma,meningioma,1,0.982077,1,1,0.015877,0.982077,0.000454,0.001592
data_rand_fold1/Testing/meningioma/Tr-me_0566.jpg,99308,meningioma,meningioma,1,0.994076,1,1,0.005496,0.994076,0.000175,0.000252
data_rand_fold1/Testing/meningioma/Tr-me_0577.jpg,95969,meningioma,glioma,0,0.759139,1,1,0.759139,0.205254,0.034851,0.000756
data_rand_fold1/Testing/meningioma/Tr-me_0604.jpg,102675,meningioma,meningioma,1,0.989163,1,1,0.009470,0.989163,0.001083,0.000284
data_rand_fold1/Testing/meningioma/Tr-me_0606.jpg,102714,meningioma,meningioma,1,0.995464,1,1,0.002630,0.995464,0.001519,0.000387
data_rand_fold1/Testing/meningioma/Tr-me_0608.jpg,102714,meningioma,meningioma,1,0.988397,1,1,0.009480,0.988397,0.001471,0.000652
data_rand_fold1/Testing/meningioma/Tr-me_0619.jpg,102960,meningioma,meningioma,1,0.998429,1,1,0.000709,0.998429,0.000401,0.000461
data_rand_fold1/Testing/meningioma/Tr-me_0624.jpg,103673,meningioma,pituitary,0,0.655181,1,1,0.000244,0.343856,0.000719,0.655181
data_rand_fold1/Testing/meningioma/Tr-me_0626.jpg,103673,meningioma,meningioma,1,0.577146,1,1,0.000795,0.577146,0.001765,0.420293
data_rand_fold1/Testing/meningioma/Tr-me_0629.jpg,103925,meningioma,meningioma,1,0.965559,1,1,0.031937,0.965559,0.001187,0.001317
data_rand_fold1/Testing/meningioma/Tr-me_0636.jpg,104167,meningioma,meningioma,1,0.995890,1,1,0.003521,0.995890,0.000354,0.000235
data_rand_fold1/Testing/meningioma/Tr-me_0639.jpg,104281,meningioma,meningioma,1,0.999897,1,1,0.000072,0.999897,0.000020,0.000011
data_rand_fold1/Testing/meningioma/Tr-me_0644.jpg,111710,meningioma,glioma,0,0.506432,1,1,0.506432,0.483271,0.009332,0.000965
data_rand_fold1/Testing/meningioma/Tr-me_0645.jpg,105374,meningioma,meningioma,1,0.997317,1,1,0.001435,0.997317,0.001120,0.000128
data_rand_fold1/Testing/meningioma/Tr-me_0646.jpg,105555,meningioma,meningioma,1,0.931245,1,1,0.064758,0.931245,0.001270,0.002727
data_rand_fold1/Testing/meningioma/Tr-me_0648.jpg,105937,meningioma,meningioma,1,0.995099,1,1,0.002726,0.995099,0.000591,0.001584
data_rand_fold1/Testing/meningioma/Tr-me_0649.jpg,105937,meningioma,meningioma,1,0.999611,1,1,0.000124,0.999611,0.000024,0.000241
data_rand_fold1/Testing/meningioma/Tr-me_0650.jpg,105937,meningioma,meningioma,1,0.999855,1,1,0.000109,0.999855,0.000014,0.000022
data_rand_fold1/Testing/meningioma/Tr-me_0654.jpg,106284,meningioma,meningioma,1,0.996960,1,1,0.002019,0.996960,0.000272,0.000749
data_rand_fold1/Testing/meningioma/Tr-me_0656.jpg,111710,meningioma,meningioma,1,0.920302,1,1,0.078129,0.920302,0.001358,0.000211
data_rand_fold1/Testing/meningioma/Tr-me_0660.jpg,106534,meningioma,meningioma,1,0.978110,1,1,0.012811,0.978110,0.005003,0.004076
data_rand_fold1/Testing/meningioma/Tr-me_0667.jpg,112002,meningioma,glioma,0,0.577868,1,1,0.577868,0.417410,0.003242,0.001480
data_rand_fold1/Testing/meningioma/Tr-me_0671.jpg,106720,meningioma,meningioma,1,0.999918,1,1,0.000043,0.999918,0.000036,0.000003
data_rand_fold1/Testing/meningioma/Tr-me_0673.jpg,106914,meningioma,meningioma,1,0.998772,1,1,0.000627,0.998772,0.000173,0.000428
data_rand_fold1/Testing/meningioma/Tr-me_0675.jpg,106914,meningioma,meningioma,1,0.999580,1,1,0.000364,0.999580,0.000037,0.000020
data_rand_fold1/Testing/meningioma/Tr-me_0676.jpg,106914,meningioma,meningioma,1,0.999275,1,1,0.000594,0.999275,0.000114,0.000017
data_rand_fold1/Testing/meningioma/Tr-me_0691.jpg,107946,meningioma,meningioma,1,0.697337,1,1,0.298398,0.697337,0.004024,0.000240
data_rand_fold1/Testing/meningioma/Tr-me_0693.jpg,107946,meningioma,glioma,0,0.499492,1,1,0.499492,0.495395,0.004835,0.000279
data_rand_fold1/Testing/meningioma/Tr-me_0703.jpg,108590,meningioma,meningioma,1,0.944576,1,1,0.053607,0.944576,0.000248,0.001569
data_rand_fold1/Testing/meningioma/Tr-me_0717.jpg,112552,meningioma,meningioma,1,0.997944,1,1,0.001861,0.997944,0.000119,0.000076
data_rand_fold1/Testing/meningioma/Tr-me_0721.jpg,112552,meningioma,meningioma,1,0.995200,1,1,0.003708,0.995200,0.001035,0.000057
data_rand_fold1/Testing/meningioma/Tr-me_0726.jpg,112650,meningioma,meningioma,1,0.999125,1,1,0.000421,0.999125,0.000402,0.000052
data_rand_fold1/Testing/meningioma/Tr-me_0738.jpg,113435,meningioma,meningioma,1,0.994407,1,1,0.005099,0.994407,0.000135,0.000359
data_rand_fold1/Testing/meningioma/Tr-me_0745.jpg,113614,meningioma,meningioma,1,0.999875,1,1,0.000045,0.999875,0.000077,0.000003
data_rand_fold1/Testing/meningioma/Tr-me_0748.jpg,113971,meningioma,meningioma,1,0.682056,1,1,0.252888,0.682056,0.012662,0.052394
data_rand_fold1/Testing/meningioma/Tr-me_0751.jpg,114018,meningioma,meningioma,1,0.996673,1,1,0.000429,0.996673,0.000513,0.002385
data_rand_fold1/Testing/meningioma/Tr-me_0753.jpg,114018,meningioma,meningioma,1,0.998004,1,1,0.000201,0.998004,0.000335,0.001460
data_rand_fold1/Testing/meningioma/Tr-me_0754.jpg,114018,meningioma,meningioma,1,0.995477,1,1,0.000412,0.995477,0.000578,0.003533
data_rand_fold1/Testing/meningioma/Tr-me_0756.jpg,114359,meningioma,meningioma,1,0.999299,1,1,0.000370,0.999299,0.000327,0.000004
data_rand_fold1/Testing/meningioma/Tr-me_0772.jpg,97374,meningioma,meningioma,1,0.997865,1,1,0.002040,0.997865,0.000088,0.000007
data_rand_fold1/Testing/meningioma/Tr-me_0782.jpg,97737,meningioma,meningioma,1,0.998998,1,1,0.000716,0.998998,0.000103,0.000183
data_rand_fold1/Testing/meningioma/Tr-me_0785.jpg,97943,meningioma,meningioma,1,0.981688,1,1,0.015235,0.981688,0.002679,0.000397
data_rand_fold1/Testing/meningioma/Tr-me_0789.jpg,97943,meningioma,meningioma,1,0.990747,1,1,0.003544,0.990747,0.003654,0.002054
data_rand_fold1/Testing/meningioma/Tr-me_0793.jpg,97943,meningioma,meningioma,1,0.998987,1,1,0.000354,0.998987,0.000576,0.000083
data_rand_fold1/Testing/meningioma/Tr-me_0796.jpg,98241,meningioma,meningioma,1,0.999343,1,1,0.000154,0.999343,0.000442,0.000061
data_rand_fold1/Testing/meningioma/Tr-me_0801.jpg,100360,meningioma,meningioma,1,0.965671,1,1,0.033523,0.965671,0.000109,0.000697
data_rand_fold1/Testing/meningioma/Tr-me_0811.jpg,99308,meningioma,meningioma,1,0.985203,1,1,0.011878,0.985203,0.002773,0.000146
data_rand_fold1/Testing/meningioma/Tr-me_0815.jpg,100360,meningioma,meningioma,1,0.997403,1,1,0.002547,0.997403,0.000023,0.000027
data_rand_fold1/Testing/meningioma/Tr-me_0826.jpg,107494,meningioma,meningioma,1,0.833307,1,1,0.014500,0.833307,0.006282,0.145911
data_rand_fold1/Testing/meningioma/Tr-me_0835.jpg,101797,meningioma,meningioma,1,0.999935,1,1,0.000050,0.999935,0.000013,0.000003
data_rand_fold1/Testing/meningioma/Tr-me_0841.jpg,102675,meningioma,meningioma,1,0.964307,1,1,0.033778,0.964307,0.001502,0.000413
data_rand_fold1/Testing/meningioma/Tr-me_0844.jpg,102714,meningioma,meningioma,1,0.999324,1,1,0.000478,0.999324,0.000134,0.000064
data_rand_fold1/Testing/meningioma/Tr-me_0847.jpg,102929,meningioma,meningioma,1,0.983715,1,1,0.007454,0.983715,0.001072,0.007760
data_rand_fold1/Testing/meningioma/Tr-me_0853.jpg,102985,meningioma,meningioma,1,0.992807,1,1,0.002183,0.992807,0.004950,0.000060
data_rand_fold1/Testing/meningioma/Tr-me_0862.jpg,103925,meningioma,meningioma,1,0.974162,1,1,0.014248,0.974162,0.009021,0.002569
data_rand_fold1/Testing/meningioma/Tr-me_0877.jpg,101016,meningioma,meningioma,1,0.999714,1,1,0.000035,0.999714,0.000232,0.000019
data_rand_fold1/Testing/meningioma/Tr-me_0885.jpg,105937,meningioma,meningioma,1,0.999917,1,1,0.000040,0.999917,0.000006,0.000037
data_rand_fold1/Testing/meningioma/Tr-me_0892.jpg,106442,meningioma,meningioma,1,0.999917,1,1,0.000034,0.999917,0.000049,0.000001
data_rand_fold1/Testing/meningioma/Tr-me_0901.jpg,109968,meningioma,meningioma,1,0.931152,1,1,0.059714,0.931152,0.004083,0.005050
data_rand_fold1/Testing/meningioma/Tr-me_0906.jpg,88510,meningioma,meningioma,1,0.629594,1,1,0.358075,0.629594,0.011977,0.000354
data_rand_fold1/Testing/meningioma/Tr-me_0907.jpg,106720,meningioma,meningioma,1,0.998466,1,1,0.001070,0.998466,0.000319,0.000145
data_rand_fold1/Testing/meningioma/Tr-me_0909.jpg,102714,meningioma,meningioma,1,0.992432,1,1,0.000759,0.992432,0.001585,0.005224
data_rand_fold1/Testing/meningioma/Tr-me_0910.jpg,106720,meningioma,meningioma,1,0.605447,1,1,0.393259,0.605447,0.001081,0.000213
data_rand_fold1/Testing/meningioma/Tr-me_0920.jpg,107494,meningioma,meningioma,1,0.869558,1,1,0.085088,0.869558,0.004578,0.040775
data_rand_fold1/Testing/meningioma/Tr-me_0922.jpg,107494,meningioma,meningioma,1,0.992159,1,1,0.005469,0.992159,0.001134,0.001238
data_rand_fold1/Testing/meningioma/Tr-me_0924.jpg,108514,meningioma,meningioma,1,0.991620,1,1,0.008050,0.991620,0.000300,0.000030
data_rand_fold1/Testing/meningioma/Tr-me_0925.jpg,108514,meningioma,meningioma,1,0.999582,1,1,0.000283,0.999582,0.000113,0.000022
data_rand_fold1/Testing/meningioma/Tr-me_0943.jpg,111077,meningioma,meningioma,1,0.999206,1,1,0.000657,0.999206,0.000083,0.000054
data_rand_fold1/Testing/meningioma/Tr-me_0944.jpg,111077,meningioma,meningioma,1,0.998574,1,1,0.001170,0.998574,0.000182,0.000074
data_rand_fold1/Testing/meningioma/Tr-me_0946.jpg,111366,meningioma,meningioma,1,0.989905,1,1,0.007673,0.989905,0.001209,0.001213
data_rand_fold1/Testing/meningioma/Tr-me_0960.jpg,103673,meningioma,pituitary,0,0.982612,1,1,0.000153,0.014013,0.003223,0.982612
data_rand_fold1/Testing/meningioma/Tr-me_0962.jpg,112552,meningioma,meningioma,1,0.915394,1,1,0.082469,0.915394,0.001776,0.000362
data_rand_fold1/Testing/meningioma/Tr-me_0964.jpg,112552,meningioma,meningioma,1,0.998923,1,1,0.000973,0.998923,0.000069,0.000035
data_rand_fold1/Testing/meningioma/Tr-me_0969.jpg,112648,meningioma,meningioma,1,0.984383,1,1,0.014661,0.984383,0.000920,0.000036
data_rand_fold1/Testing/meningioma/Tr-me_0979.jpg,113805,meningioma,meningioma,1,0.538621,1,1,0.450730,0.538621,0.009101,0.001548
data_rand_fold1/Testing/meningioma/Tr-me_0980.jpg,113805,meningioma,meningioma,1,0.996051,1,1,0.003325,0.996051,0.000459,0.000165
data_rand_fold1/Testing/meningioma/Tr-me_0981.jpg,114018,meningioma,meningioma,1,0.986681,1,1,0.007246,0.986681,0.002907,0.003167
data_rand_fold1/Testing/meningioma/Tr-me_0987.jpg,114359,meningioma,meningioma,1,0.999073,1,1,0.000864,0.999073,0.000057,0.000006
data_rand_fold1/Testing/meningioma/Tr-me_1004.jpg,97943,meningioma,meningioma,1,0.498946,1,1,0.062120,0.498946,0.438715,0.000219
data_rand_fold1/Testing/meningioma/Tr-me_1007.jpg,98241,meningioma,meningioma,1,0.999005,1,1,0.000842,0.999005,0.000116,0.000038
data_rand_fold1/Testing/meningioma/Tr-me_1009.jpg,98241,meningioma,meningioma,1,0.995292,1,1,0.003755,0.995292,0.000439,0.000514
data_rand_fold1/Testing/meningioma/Tr-me_1011.jpg,99017,meningioma,meningioma,1,0.984784,1,1,0.013188,0.984784,0.000455,0.001572
data_rand_fold1/Testing/meningioma/Tr-me_1021.jpg,100360,meningioma,meningioma,1,0.903668,1,1,0.094502,0.903668,0.000875,0.000955
data_rand_fold1/Testing/meningioma/Tr-me_1027.jpg,100639,meningioma,meningioma,1,0.961400,1,1,0.037817,0.961400,0.000330,0.000453
data_rand_fold1/Testing/meningioma/Tr-me_1035.jpg,104167,meningioma,meningioma,1,0.999946,1,1,0.000031,0.999946,0.000015,0.000008
data_rand_fold1/Testing/meningioma/Tr-me_1053.jpg,102714,meningioma,meningioma,1,0.945937,1,1,0.048136,0.945937,0.005536,0.000391
data_rand_fold1/Testing/meningioma/Tr-me_1068.jpg,103673,meningioma,meningioma,1,0.542095,1,1,0.003188,0.542095,0.007157,0.447560
data_rand_fold1/Testing/meningioma/Tr-me_1072.jpg,103925,meningioma,meningioma,1,0.920691,1,1,0.016809,0.920691,0.013200,0.049300
data_rand_fold1/Testing/meningioma/Tr-me_1073.jpg,103925,meningioma,meningioma,1,0.985598,1,1,0.008952,0.985598,0.000644,0.004805
data_rand_fold1/Testing/meningioma/Tr-me_1085.jpg,105374,meningioma,meningioma,1,0.992868,1,1,0.003164,0.992868,0.003415,0.000552
data_rand_fold1/Testing/meningioma/Tr-me_1086.jpg,105555,meningioma,meningioma,1,0.672580,1,1,0.314510,0.672580,0.005246,0.007664
data_rand_fold1/Testing/meningioma/Tr-me_1092.jpg,106284,meningioma,meningioma,1,0.996563,1,1,0.002726,0.996563,0.000274,0.000437
data_rand_fold1/Testing/meningioma/Tr-me_1099.jpg,106665,meningioma,meningioma,1,0.999778,1,1,0.000186,0.999778,0.000026,0.000010
data_rand_fold1/Testing/meningioma/Tr-me_1116.jpg,107248,meningioma,meningioma,1,0.998328,1,1,0.000597,0.998328,0.000574,0.000501
data_rand_fold1/Testing/meningioma/Tr-me_1118.jpg,107494,meningioma,meningioma,1,0.788678,1,1,0.206314,0.788678,0.001811,0.003198
data_rand_fold1/Testing/meningioma/Tr-me_1119.jpg,107494,meningioma,pituitary,0,0.665785,1,1,0.032340,0.279989,0.021886,0.665785
data_rand_fold1/Testing/meningioma/Tr-me_1121.jpg,107946,meningioma,meningioma,1,0.914342,1,1,0.083075,0.914342,0.002368,0.000215
data_rand_fold1/Testing/meningioma/Tr-me_1126.jpg,108514,meningioma,meningioma,1,0.998971,1,1,0.000552,0.998971,0.000454,0.000023
data_rand_fold1/Testing/meningioma/Tr-me_1127.jpg,108514,meningioma,meningioma,1,0.999662,1,1,0.000153,0.999662,0.000159,0.000026
data_rand_fold1/Testing/meningioma/Tr-me_1129.jpg,105374,meningioma,meningioma,1,0.848169,1,1,0.142416,0.848169,0.002129,0.007286
data_rand_fold1/Testing/meningioma/Tr-me_1136.jpg,109350,meningioma,meningioma,1,0.855160,1,1,0.087032,0.855160,0.005751,0.052057
data_rand_fold1/Testing/meningioma/Tr-me_1143.jpg,111077,meningioma,meningioma,1,0.999128,1,1,0.000631,0.999128,0.000150,0.000091
data_rand_fold1/Testing/meningioma/Tr-me_1144.jpg,111077,meningioma,meningioma,1,0.999536,1,1,0.000314,0.999536,0.000134,0.000016
data_rand_fold1/Testing/meningioma/Tr-me_1154.jpg,105937,meningioma,meningioma,1,0.999894,1,1,0.000017,0.999894,0.000080,0.000009
data_rand_fold1/Testing/meningioma/Tr-me_1160.jpg,112252,meningioma,meningioma,1,0.838293,1,1,0.137825,0.838293,0.012277,0.011605
data_rand_fold1/Testing/meningioma/Tr-me_1167.jpg,112648,meningioma,meningioma,1,0.784457,1,1,0.125143,0.784457,0.084119,0.006282
data_rand_fold1/Testing/meningioma/Tr-me_1168.jpg,112648,meningioma,meningioma,1,0.941790,1,1,0.054648,0.941790,0.003302,0.000260
data_rand_fold1/Testing/meningioma/Tr-me_1184.jpg,113614,meningioma,meningioma,1,0.999468,1,1,0.000246,0.999468,0.000251,0.000035
data_rand_fold1/Testing/meningioma/Tr-me_1189.jpg,114018,meningioma,meningioma,1,0.990930,1,1,0.002352,0.990930,0.002287,0.004432
data_rand_fold1/Testing/meningioma/Tr-me_1190.jpg,114018,meningioma,meningioma,1,0.997512,1,1,0.000170,0.997512,0.000746,0.001572
data_rand_fold1/Testing/meningioma/Tr-me_1198.jpg,114359,meningioma,meningioma,1,0.999514,1,1,0.000444,0.999514,0.000030,0.000012
data_rand_fold1/Testing/meningioma/Tr-me_1204.jpg,97374,meningioma,meningioma,1,0.998846,1,1,0.000558,0.998846,0.000405,0.000191
data_rand_fold1/Testing/meningioma/Tr-me_1209.jpg,97607,meningioma,meningioma,1,0.964382,1,1,0.034487,0.964382,0.000811,0.000319
data_rand_fold1/Testing/meningioma/Tr-me_1211.jpg,97737,meningioma,meningioma,1,0.999322,1,1,0.000526,0.999322,0.000047,0.000105
data_rand_fold1/Testing/meningioma/Tr-me_1215.jpg,97737,meningioma,meningioma,1,0.995456,1,1,0.003744,0.995456,0.000509,0.000291
data_rand_fold1/Testing/meningioma/Tr-me_1219.jpg,97943,meningioma,meningioma,1,0.999555,1,1,0.000333,0.999555,0.000090,0.000022
data_rand_fold1/Testing/meningioma/Tr-me_1222.jpg,98241,meningioma,meningioma,1,0.999716,1,1,0.000112,0.999716,0.000100,0.000072
data_rand_fold1/Testing/meningioma/Tr-me_1223.jpg,98241,meningioma,meningioma,1,0.999906,1,1,0.000068,0.999906,0.000011,0.000015
data_rand_fold1/Testing/meningioma/Tr-me_1224.jpg,98241,meningioma,meningioma,1,0.999878,1,1,0.000093,0.999878,0.000009,0.000020
data_rand_fold1/Testing/meningioma/Tr-me_1245.jpg,99815,meningioma,meningioma,1,0.999789,1,1,0.000091,0.999789,0.000117,0.000003
data_rand_fold1/Testing/meningioma/Tr-me_1253.jpg,106665,meningioma,meningioma,1,0.998268,1,1,0.000704,0.998268,0.000953,0.000075
data_rand_fold1/Testing/meningioma/Tr-me_1257.jpg,106720,meningioma,meningioma,1,0.994283,1,1,0.003214,0.994283,0.001607,0.000896
data_rand_fold1/Testing/meningioma/Tr-me_1261.jpg,106914,meningioma,meningioma,1,0.993699,1,1,0.005437,0.993699,0.000169,0.000694
data_rand_fold1/Testing/meningioma/Tr-me_1266.jpg,107248,meningioma,meningioma,1,0.695772,1,1,0.259057,0.695772,0.022123,0.023048
data_rand_fold1/Testing/meningioma/Tr-me_1278.jpg,111532,meningioma,meningioma,1,0.999090,1,1,0.000263,0.999090,0.000591,0.000056
data_rand_fold1/Testing/meningioma/Tr-me_1281.jpg,111532,meningioma,meningioma,1,0.999921,1,1,0.000024,0.999921,0.000053,0.000001
data_rand_fold1/Testing/meningioma/Tr-me_1300.jpg,112552,meningioma,meningioma,1,0.649821,1,1,0.338089,0.649821,0.009427,0.002664
data_rand_fold1/Testing/meningioma/Tr-me_1312.jpg,113554,meningioma,meningioma,1,0.998857,1,1,0.000803,0.998857,0.000264,0.000076
data_rand_fold1/Testing/meningioma/Tr-me_1316.jpg,114018,meningioma,meningioma,1,0.996969,1,1,0.001366,0.996969,0.000480,0.001185
data_rand_fold1/Testing/meningioma/Tr-me_1330.jpg,101127,meningioma,meningioma,1,0.998932,1,1,0.000202,0.998932,0.000291,0.000575
data_rand_fold1/Testing/notumor/Te-no_0123.jpg,nt953,notumor,notumor,1,0.988820,1,1,0.000422,0.009785,0.988820,0.000973
data_rand_fold1/Testing/notumor/Te-no_0125.jpg,nt1031,notumor,notumor,1,0.999074,1,1,0.000169,0.000059,0.999074,0.000698
data_rand_fold1/Testing/notumor/Te-no_0129.jpg,nt1033,notumor,notumor,1,0.999742,1,1,0.000015,0.000030,0.999742,0.000213
data_rand_fold1/Testing/notumor/Te-no_0132.jpg,nt962,notumor,notumor,1,0.999876,1,1,0.000028,0.000090,0.999876,0.000006
data_rand_fold1/Testing/notumor/Te-no_0138.jpg,nt969,notumor,notumor,1,0.999947,1,1,0.000002,0.000047,0.999947,0.000004
data_rand_fold1/Testing/notumor/Te-no_0139.jpg,nt446,notumor,notumor,1,0.998968,1,1,0.000265,0.000756,0.998968,0.000011
data_rand_fold1/Testing/notumor/Te-no_0142.jpg,nt868,notumor,notumor,1,0.999922,1,1,0.000013,0.000047,0.999922,0.000018
data_rand_fold1/Testing/notumor/Te-no_0149.jpg,nt1037,notumor,notumor,1,0.999437,1,1,0.000088,0.000386,0.999437,0.000088
data_rand_fold1/Testing/notumor/Te-no_0151.jpg,nt517,notumor,notumor,1,0.999993,1,1,0.000002,0.000003,0.999993,0.000002
data_rand_fold1/Testing/notumor/Te-no_0155.jpg,nt1039,notumor,notumor,1,0.997235,1,1,0.000033,0.002655,0.997235,0.000077
data_rand_fold1/Testing/notumor/Te-no_0157.jpg,nt1040,notumor,notumor,1,0.999551,1,1,0.000016,0.000377,0.999551,0.000055
data_rand_fold1/Testing/notumor/Te-no_0158.jpg,nt1041,notumor,notumor,1,0.999627,1,1,0.000014,0.000356,0.999627,0.000003
data_rand_fold1/Testing/notumor/Te-no_0160.jpg,nt559,notumor,notumor,1,0.999890,1,1,0.000018,0.000085,0.999890,0.000007
data_rand_fold1/Testing/notumor/Te-no_0161.jpg,nt560,notumor,notumor,1,0.999994,1,1,0.000000,0.000004,0.999994,0.000002
data_rand_fold1/Testing/notumor/Te-no_0169.jpg,nt1046,notumor,notumor,1,0.998624,1,1,0.000060,0.001304,0.998624,0.000012
data_rand_fold1/Testing/notumor/Te-no_0182.jpg,nt1053,notumor,notumor,1,0.995481,1,1,0.000147,0.004313,0.995481,0.000059
data_rand_fold1/Testing/notumor/Te-no_0187.jpg,nt999,notumor,notumor,1,0.999857,1,1,0.000018,0.000119,0.999857,0.000006
data_rand_fold1/Testing/notumor/Te-no_0191.jpg,nt1023,notumor,notumor,1,0.999076,1,1,0.000129,0.000776,0.999076,0.000020
data_rand_fold1/Testing/notumor/Te-no_0193.jpg,nt332,notumor,notumor,1,0.999966,1,1,0.000004,0.000027,0.999966,0.000003
data_rand_fold1/Testing/notumor/Te-no_0201.jpg,nt395,notumor,notumor,1,0.998832,1,1,0.000645,0.000476,0.998832,0.000048
data_rand_fold1/Testing/notumor/Te-no_0212.jpg,nt403,notumor,notumor,1,0.999986,1,1,0.000002,0.000011,0.999986,0.000001
data_rand_fold1/Testing/notumor/Te-no_0221.jpg,nt124,notumor,notumor,1,0.999640,1,1,0.000109,0.000244,0.999640,0.000007
data_rand_fold1/Testing/notumor/Te-no_0223.jpg,nt252,notumor,notumor,1,0.997286,1,1,0.000430,0.001924,0.997286,0.000360
data_rand_fold1/Testing/notumor/Te-no_0226.jpg,nt32,notumor,notumor,1,0.994825,1,1,0.000648,0.000886,0.994825,0.003641
data_rand_fold1/Testing/notumor/Te-no_0233.jpg,nt377,notumor,notumor,1,0.999890,1,1,0.000039,0.000067,0.999890,0.000004
data_rand_fold1/Testing/notumor/Te-no_0236.jpg,nt615,notumor,notumor,1,0.996376,1,1,0.002288,0.000612,0.996376,0.000724
data_rand_fold1/Testing/notumor/Te-no_0238.jpg,nt973,notumor,notumor,1,0.999419,1,1,0.000213,0.000145,0.999419,0.000224
data_rand_fold1/Testing/notumor/Te-no_0240.jpg,nt976,notumor,notumor,1,0.999150,1,1,0.000415,0.000422,0.999150,0.000014
data_rand_fold1/Testing/notumor/Te-no_0241.jpg,nt1033,notumor,notumor,1,0.999756,1,1,0.000015,0.000031,0.999756,0.000198
data_rand_fold1/Testing/notumor/Te-no_0245.jpg,nt1068,notumor,notumor,1,0.999056,1,1,0.000102,0.000807,0.999056,0.000035
data_rand_fold1/Testing/notumor/Te-no_0255.jpg,nt1073,notumor,notumor,1,0.999966,1,1,0.000001,0.000026,0.999966,0.000007
data_rand_fold1/Testing/notumor/Te-no_0260.jpg,nt1075,notumor,notumor,1,0.999984,1,1,0.000003,0.000008,0.999984,0.000005
data_rand_fold1/Testing/notumor/Te-no_0262.jpg,nt1076,notumor,notumor,1,0.997421,1,1,0.000022,0.002552,0.997421,0.000005
data_rand_fold1/Testing/notumor/Te-no_0263.jpg,nt365,notumor,notumor,1,0.999990,1,1,0.000003,0.000006,0.999990,0.000001
data_rand_fold1/Testing/notumor/Te-no_0265.jpg,nt1077,notumor,notumor,1,0.999923,1,1,0.000003,0.000071,0.999923,0.000003
data_rand_fold1/Testing/notumor/Te-no_0268.jpg,nt1080,notumor,notumor,1,0.999582,1,1,0.000001,0.000416,0.999582,0.000001
data_rand_fold1/Testing/notumor/Te-no_0271.jpg,nt1082,notumor,notumor,1,0.999297,1,1,0.000013,0.000667,0.999297,0.000022
data_rand_fold1/Testing/notumor/Te-no_0276.jpg,nt845,notumor,notumor,1,0.996567,1,1,0.000043,0.000020,0.996567,0.003370
data_rand_fold1/Testing/notumor/Te-no_0277.jpg,nt991,notumor,notumor,1,0.999967,1,1,0.000001,0.000027,0.999967,0.000005
data_rand_fold1/Testing/notumor/Te-no_0284.jpg,nt393,notumor,notumor,1,0.999946,1,1,0.000014,0.000027,0.999946,0.000013
data_rand_fold1/Testing/notumor/Te-no_0289.jpg,nt1092,notumor,notumor,1,0.999910,1,1,0.000004,0.000082,0.999910,0.000004
data_rand_fold1/Testing/notumor/Te-no_0294.jpg,nt1095,notumor,notumor,1,0.999934,1,1,0.000009,0.000046,0.999934,0.000010
data_rand_fold1/Testing/notumor/Te-no_0296.jpg,nt407,notumor,notumor,1,0.997166,1,1,0.000232,0.002563,0.997166,0.000039
data_rand_fold1/Testing/notumor/Te-no_0297.jpg,nt410,notumor,notumor,1,0.999959,1,1,0.000002,0.000038,0.999959,0.000001
data_rand_fold1/Testing/notumor/Te-no_0308.jpg,nt464,notumor,notumor,1,0.999713,1,1,0.000192,0.000085,0.999713,0.000009
data_rand_fold1/Testing/notumor/Te-no_0311.jpg,nt815,notumor,notumor,1,0.999916,1,1,0.000003,0.000033,0.999916,0.000048
data_rand_fold1/Testing/notumor/Te-no_0313.jpg,nt433,notumor,notumor,1,0.997863,1,1,0.000716,0.001371,0.997863,0.000051
data_rand_fold1/Testing/notumor/Te-no_0316.jpg,nt439,notumor,notumor,1,0.999852,1,1,0.000015,0.000105,0.999852,0.000029
data_rand_fold1/Testing/notumor/Te-no_0321.jpg,nt450,notumor,notumor,1,0.987583,1,1,0.000943,0.010994,0.987583,0.000480
data_rand_fold1/Testing/notumor/Te-no_0323.jpg,nt1078,notumor,notumor,1,0.997515,1,1,0.000061,0.002411,0.997515,0.000013
data_rand_fold1/Testing/notumor/Te-no_0326.jpg,nt551,notumor,notumor,1,0.999974,1,1,0.000004,0.000018,0.999974,0.000005
data_rand_fold1/Testing/notumor/Te-no_0329.jpg,nt1091,notumor,notumor,1,0.999986,1,1,0.000001,0.000012,0.999986,0.000001
data_rand_fold1/Testing/notumor/Te-no_0330.jpg,nt1024,notumor,notumor,1,0.999642,1,1,0.000048,0.000306,0.999642,0.000004
data_rand_fold1/Testing/notumor/Te-no_0331.jpg,nt1101,notumor,notumor,1,0.999744,1,1,0.000148,0.000107,0.999744,0.000001
data_rand_fold1/Testing/notumor/Te-no_0345.jpg,nt1104,notumor,notumor,1,0.999664,1,1,0.000051,0.000228,0.999664,0.000057
data_rand_fold1/Testing/notumor/Te-no_0349.jpg,nt359,notumor,notumor,1,0.997023,1,1,0.000071,0.002862,0.997023,0.000044
data_rand_fold1/Testing/notumor/Te-no_0350.jpg,nt1105,notumor,notumor,1,0.987391,1,1,0.004071,0.004794,0.987391,0.003744
data_rand_fold1/Testing/notumor/Te-no_0356.jpg,nt483,notumor,notumor,1,0.998543,1,1,0.001007,0.000124,0.998543,0.000326
data_rand_fold1/Testing/notumor/Te-no_0362.jpg,nt685,notumor,notumor,1,0.999105,1,1,0.000266,0.000377,0.999105,0.000252
data_rand_fold1/Testing/notumor/Te-no_0375.jpg,nt533,notumor,notumor,1,0.998890,1,1,0.000270,0.000711,0.998890,0.000129
data_rand_fold1/Testing/notumor/Te-no_0376.jpg,nt435,notumor,notumor,1,0.999941,1,1,0.000003,0.000050,0.999941,0.000007
data_rand_fold1/Testing/notumor/Te-no_0378.jpg,nt891,notumor,notumor,1,0.993743,1,1,0.000450,0.005723,0.993743,0.000084
data_rand_fold1/Testing/notumor/Te-no_0383.jpg,nt942,notumor,notumor,1,0.999229,1,1,0.000086,0.000663,0.999229,0.000021
data_rand_fold1/Testing/notumor/Te-no_0387.jpg,nt334,notumor,notumor,1,0.999161,1,1,0.000373,0.000445,0.999161,0.000020
data_rand_fold1/Testing/notumor/Te-no_0388.jpg,nt337,notumor,notumor,1,0.999508,1,1,0.000288,0.000177,0.999508,0.000027
data_rand_fold1/Testing/notumor/Te-no_0394.jpg,nt1098,notumor,notumor,1,0.999697,1,1,0.000010,0.000218,0.999697,0.000075
data_rand_fold1/Testing/notumor/Te-no_0399.jpg,nt1100,notumor,notumor,1,0.999476,1,1,0.000019,0.000306,0.999476,0.000198
data_rand_fold1/Testing/notumor/Te-no_0403.jpg,nt930,notumor,notumor,1,0.999428,1,1,0.000319,0.000242,0.999428,0.000010
data_rand_fold1/Testing/notumor/Te-no_0404.jpg,nt1101,notumor,notumor,1,0.999780,1,1,0.000131,0.000087,0.999780,0.000001
data_rand_fold1/Testing/notumor/Tr-noTr_0000.jpg,nt0,notumor,notumor,1,0.855551,1,1,0.003150,0.035882,0.855551,0.105417
data_rand_fold1/Testing/notumor/Tr-noTr_0002.jpg,nt2,notumor,notumor,1,0.912640,1,1,0.001337,0.002660,0.912640,0.083363
data_rand_fold1/Testing/notumor/Tr-noTr_0003.jpg,nt3,notumor,notumor,1,0.998100,1,1,0.000146,0.000814,0.998100,0.000940
data_rand_fold1/Testing/notumor/Tr-noTr_0005.jpg,nt5,notumor,notumor,1,0.999803,1,1,0.000041,0.000150,0.999803,0.000006
data_rand_fold1/Testing/notumor/Tr-noTr_0009.jpg,nt9,notumor,notumor,1,0.980212,1,1,0.001245,0.017065,0.980212,0.001478
data_rand_fold1/Testing/notumor/Tr-no_0010.jpg,nt10,notumor,notumor,1,0.973103,1,1,0.002794,0.023927,0.973103,0.000176
data_rand_fold1/Testing/notumor/Tr-no_0011.jpg,nt11,notumor,notumor,1,0.999842,1,1,0.000098,0.000030,0.999842,0.000030
data_rand_fold1/Testing/notumor/Tr-no_0019.jpg,nt17,notumor,notumor,1,0.982159,1,1,0.001091,0.013982,0.982159,0.002767
data_rand_fold1/Testing/notumor/Tr-no_0027.jpg,nt24,notumor,notumor,1,0.999259,1,1,0.000130,0.000275,0.999259,0.000337
data_rand_fold1/Testing/notumor/Tr-no_0033.jpg,nt29,notumor,notumor,1,0.998869,1,1,0.000057,0.001051,0.998869,0.000023
data_rand_fold1/Testing/notumor/Tr-no_0039.jpg,nt35,notumor,notumor,1,0.999814,1,1,0.000039,0.000130,0.999814,0.000017
data_rand_fold1/Testing/notumor/Tr-no_0043.jpg,nt39,notumor,notumor,1,0.985361,1,1,0.000727,0.004479,0.985361,0.009434
data_rand_fold1/Testing/notumor/Tr-no_0044.jpg,nt40,notumor,notumor,1,0.979946,1,1,0.002573,0.012826,0.979946,0.004655
data_rand_fold1/Testing/notumor/Tr-no_0047.jpg,nt43,notumor,notumor,1,0.929884,1,1,0.005800,0.062162,0.929884,0.002154
data_rand_fold1/Testing/notumor/Tr-no_0049.jpg,nt45,notumor,notumor,1,0.608500,1,1,0.331369,0.046299,0.608500,0.013833
data_rand_fold1/Testing/notumor/Tr-no_0051.jpg,nt47,notumor,notumor,1,0.999497,1,1,0.000064,0.000430,0.999497,0.000008
data_rand_fold1/Testing/notumor/Tr-no_0055.jpg,nt51,notumor,notumor,1,0.982044,1,1,0.000232,0.013663,0.982044,0.004061
data_rand_fold1/Testing/notumor/Tr-no_0076.jpg,nt71,notumor,notumor,1,0.677057,1,1,0.003689,0.200815,0.677057,0.118439
data_rand_fold1/Testing/notumor/Tr-no_0085.jpg,nt75,notumor,pituitary,0,0.979639,1,1,0.001569,0.004463,0.014329,0.979639
data_rand_fold1/Testing/notumor/Tr-no_0091.jpg,nt81,notumor,notumor,1,0.380417,1,1,0.084399,0.279815,0.380417,0.255369
data_rand_fold1/Testing/notumor/Tr-no_0092.jpg,nt82,notumor,notumor,1,0.998163,1,1,0.000227,0.001107,0.998163,0.000503
data_rand_fold1/Testing/notumor/Tr-no_0096.jpg,nt86,notumor,notumor,1,0.997359,1,1,0.000024,0.000272,0.997359,0.002346
data_rand_fold1/Testing/notumor/Tr-no_0121.jpg,nt110,notumor,notumor,1,0.999396,1,1,0.000046,0.000524,0.999396,0.000035
data_rand_fold1/Testing/notumor/Tr-no_0128.jpg,nt114,notumor,meningioma,0,0.616918,1,1,0.022104,0.616918,0.347306,0.013672
data_rand_fold1/Testing/notumor/Tr-no_0145.jpg,nt125,notumor,notumor,1,0.999667,1,1,0.000086,0.000218,0.999667,0.000029
data_rand_fold1/Testing/notumor/Tr-no_0148.jpg,nt128,notumor,notumor,1,0.999764,1,1,0.000083,0.000124,0.999764,0.000029
data_rand_fold1/Testing/notumor/Tr-no_0151.jpg,nt130,notumor,notumor,1,0.997698,1,1,0.001302,0.000943,0.997698,0.000057
data_rand_fold1/Testing/notumor/Tr-no_0154.jpg,nt133,notumor,notumor,1,0.989257,1,1,0.000133,0.010567,0.989257,0.000043
data_rand_fold1/Testing/notumor/Tr-no_0160.jpg,nt138,notumor,notumor,1,0.999496,1,1,0.000032,0.000387,0.999496,0.000085
data_rand_fold1/Testing/notumor/Tr-no_0165.jpg,nt142,notumor,notumor,1,0.999709,1,1,0.000041,0.000067,0.999709,0.000183
data_rand_fold1/Testing/notumor/Tr-no_0166.jpg,nt143,notumor,notumor,1,0.999354,1,1,0.000057,0.000292,0.999354,0.000298
data_rand_fold1/Testing/notumor/Tr-no_0170.jpg,nt147,notumor,notumor,1,0.996251,1,1,0.000170,0.003348,0.996251,0.000230
data_rand_fold1/Testing/notumor/Tr-no_0178.jpg,nt155,notumor,notumor,1,0.999543,1,1,0.000238,0.000209,0.999543,0.000009
data_rand_fold1/Testing/notumor/Tr-no_0184.jpg,nt158,notumor,notumor,1,0.981349,1,1,0.000557,0.015525,0.981349,0.002568
data_rand_fold1/Testing/notumor/Tr-no_0199.jpg,nt170,notumor,notumor,1,0.997130,1,1,0.000268,0.000070,0.997130,0.002533
data_rand_fold1/Testing/notumor/Tr-no_0201.jpg,nt171,notumor,notumor,1,0.959979,1,1,0.002055,0.035131,0.959979,0.002835
data_rand_fold1/Testing/notumor/Tr-no_0204.jpg,nt174,notumor,notumor,1,0.998059,1,1,0.000098,0.000679,0.998059,0.001163
data_rand_fold1/Testing/notumor/Tr-no_0209.jpg,nt179,notumor,notumor,1,0.578486,1,1,0.184709,0.235834,0.578486,0.000971
data_rand_fold1/Testing/notumor/Tr-no_0221.jpg,nt189,notumor,notumor,1,0.999921,1,1,0.000002,0.000065,0.999921,0.000012
data_rand_fold1/Testing/notumor/Tr-no_0247.jpg,nt205,notumor,notumor,1,0.999312,1,1,0.000042,0.000644,0.999312,0.000002
data_rand_fold1/Testing/notumor/Tr-no_0251.jpg,nt209,notumor,notumor,1,0.998700,1,1,0.000315,0.000179,0.998700,0.000806
data_rand_fold1/Testing/notumor/Tr-no_0254.jpg,nt212,notumor,notumor,1,0.713320,1,1,0.009227,0.277297,0.713320,0.000157
data_rand_fold1/Testing/notumor/Tr-no_0258.jpg,nt215,notumor,notumor,1,0.910894,1,1,0.013183,0.069995,0.910894,0.005928
data_rand_fold1/Testing/notumor/Tr-no_0275.jpg,nt229,notumor,notumor,1,0.901512,1,1,0.008554,0.068496,0.901512,0.021438
data_rand_fold1/Testing/notumor/Tr-no_0278.jpg,nt231,notumor,notumor,1,0.710411,1,1,0.029452,0.256869,0.710411,0.003268
data_rand_fold1/Testing/notumor/Tr-no_0289.jpg,nt240,notumor,notumor,1,0.957429,1,1,0.000237,0.041913,0.957429,0.000421
data_rand_fold1/Testing/notumor/Tr-no_0290.jpg,nt241,notumor,notumor,1,0.978784,1,1,0.000675,0.014917,0.978784,0.005624
data_rand_fold1/Testing/notumor/Tr-no_0297.jpg,nt246,notumor,notumor,1,0.957191,1,1,0.000707,0.041911,0.957191,0.000192
data_rand_fold1/Testing/notumor/Tr-no_0300.jpg,nt248,notumor,notumor,1,0.998788,1,1,0.000011,0.000377,0.998788,0.000825
data_rand_fold1/Testing/notumor/Tr-no_0308.jpg,nt256,notumor,notumor,1,0.999869,1,1,0.000015,0.000045,0.999869,0.000072
data_rand_fold1/Testing/notumor/Tr-no_0315.jpg,nt263,notumor,notumor,1,0.990373,1,1,0.001211,0.008015,0.990373,0.000402
data_rand_fold1/Testing/notumor/Tr-no_0318.jpg,nt265,notumor,notumor,1,0.852423,1,1,0.001726,0.145315,0.852423,0.000536
data_rand_fold1/Testing/notumor/Tr-no_0323.jpg,nt270,notumor,notumor,1,0.997536,1,1,0.000050,0.002143,0.997536,0.000271
data_rand_fold1/Testing/notumor/Tr-no_0333.jpg,nt274,notumor,meningioma,0,0.981044,1,1,0.001072,0.981044,0.017869,0.000015
data_rand_fold1/Testing/notumor/Tr-no_0358.jpg,nt286,notumor,notumor,1,0.799829,1,1,0.171512,0.028209,0.799829,0.000451
data_rand_fold1/Testing/notumor/Tr-no_0364.jpg,nt62,notumor,notumor,1,0.988259,1,1,0.000139,0.011562,0.988259,0.000040
data_rand_fold1/Testing/notumor/Tr-no_0376.jpg,nt292,notumor,notumor,1,0.986428,1,1,0.000994,0.007079,0.986428,0.005499
data_rand_fold1/Testing/notumor/Tr-no_0379.jpg,nt295,notumor,notumor,1,0.999975,1,1,0.000002,0.000020,0.999975,0.000003
data_rand_fold1/Testing/notumor/Tr-no_0381.jpg,nt297,notumor,notumor,1,0.944339,1,1,0.000550,0.052890,0.944339,0.002221
data_rand_fold1/Testing/notumor/Tr-no_0384.jpg,nt300,notumor,notumor,1,0.979852,1,1,0.001357,0.018635,0.979852,0.000156
data_rand_fold1/Testing/notumor/Tr-no_0388.jpg,nt304,notumor,meningioma,0,0.476794,1,1,0.014984,0.476794,0.452056,0.056166
data_rand_fold1/Testing/notumor/Tr-no_0390.jpg,nt306,notumor,notumor,1,0.666990,1,1,0.004115,0.321264,0.666990,0.007631
data_rand_fold1/Testing/notumor/Tr-no_0391.jpg,nt307,notumor,notumor,1,0.970353,1,1,0.007956,0.020160,0.970353,0.001530
data_rand_fold1/Testing/notumor/Tr-no_0393.jpg,nt309,notumor,notumor,1,0.702524,1,1,0.003137,0.284877,0.702524,0.009462
data_rand_fold1/Testing/notumor/Tr-no_0405.jpg,nt320,notumor,notumor,1,0.999983,1,1,0.000002,0.000014,0.999983,0.000000
data_rand_fold1/Testing/notumor/Tr-no_0414.jpg,nt329,notumor,notumor,1,0.998838,1,1,0.000032,0.000992,0.998838,0.000138
data_rand_fold1/Testing/notumor/Tr-no_0421.jpg,nt335,notumor,notumor,1,0.999942,1,1,0.000017,0.000036,0.999942,0.000006
data_rand_fold1/Testing/notumor/Tr-no_0423.jpg,nt337,notumor,notumor,1,0.999640,1,1,0.000196,0.000135,0.999640,0.000029
data_rand_fold1/Testing/notumor/Tr-no_0424.jpg,nt338,notumor,notumor,1,0.999466,1,1,0.000030,0.000495,0.999466,0.000009
data_rand_fold1/Testing/notumor/Tr-no_0436.jpg,nt350,notumor,notumor,1,0.999645,1,1,0.000126,0.000206,0.999645,0.000023
data_rand_fold1/Testing/notumor/Tr-no_0438.jpg,nt352,notumor,notumor,1,0.999967,1,1,0.000003,0.000023,0.999967,0.000007
data_rand_fold1/Testing/notumor/Tr-no_0439.jpg,nt353,notumor,notumor,1,0.999911,1,1,0.000029,0.000058,0.999911,0.000003
data_rand_fold1/Testing/notumor/Tr-no_0442.jpg,nt356,notumor,notumor,1,0.999806,1,1,0.000041,0.000066,0.999806,0.000087
data_rand_fold1/Testing/notumor/Tr-no_0443.jpg,nt357,notumor,notumor,1,0.999312,1,1,0.000122,0.000150,0.999312,0.000416
data_rand_fold1/Testing/notumor/Tr-no_0444.jpg,nt358,notumor,notumor,1,0.998300,1,1,0.000221,0.001200,0.998300,0.000280
data_rand_fold1/Testing/notumor/Tr-no_0446.jpg,nt360,notumor,notumor,1,0.998992,1,1,0.000099,0.000275,0.998992,0.000634
data_rand_fold1/Testing/notumor/Tr-no_0453.jpg,nt367,notumor,notumor,1,0.999939,1,1,0.000007,0.000032,0.999939,0.000022
data_rand_fold1/Testing/notumor/Tr-no_0458.jpg,nt372,notumor,notumor,1,0.999975,1,1,0.000007,0.000016,0.999975,0.000002
data_rand_fold1/Testing/notumor/Tr-no_0460.jpg,nt374,notumor,notumor,1,0.998468,1,1,0.000076,0.000050,0.998468,0.001406
data_rand_fold1/Testing/notumor/Tr-no_0469.jpg,nt383,notumor,notumor,1,0.999852,1,1,0.000075,0.000067,0.999852,0.000006
data_rand_fold1/Testing/notumor/Tr-no_0471.jpg,nt385,notumor,notumor,1,0.999004,1,1,0.000036,0.000812,0.999004,0.000148
data_rand_fold1/Testing/notumor/Tr-no_0480.jpg,nt394,notumor,notumor,1,0.999409,1,1,0.000120,0.000457,0.999409,0.000014
data_rand_fold1/Testing/notumor/Tr-no_0492.jpg,nt406,notumor,notumor,1,0.999665,1,1,0.000193,0.000133,0.999665,0.000008
data_rand_fold1/Testing/notumor/Tr-no_0493.jpg,nt407,notumor,notumor,1,0.997036,1,1,0.000257,0.002664,0.997036,0.000043
data_rand_fold1/Testing/notumor/Tr-no_0494.jpg,nt408,notumor,notumor,1,0.998889,1,1,0.000079,0.000999,0.998889,0.000033
data_rand_fold1/Testing/notumor/Tr-no_0498.jpg,nt412,notumor,notumor,1,0.995528,1,1,0.000695,0.002738,0.995528,0.001039
data_rand_fold1/Testing/notumor/Tr-no_0499.jpg,nt413,notumor,notumor,1,0.999375,1,1,0.000034,0.000478,0.999375,0.000113
data_rand_fold1/Testing/notumor/Tr-no_0501.jpg,nt415,notumor,notumor,1,0.999388,1,1,0.000012,0.000583,0.999388,0.000018
data_rand_fold1/Testing/notumor/Tr-no_0518.jpg,nt432,notumor,notumor,1,0.999965,1,1,0.000001,0.000034,0.999965,0.000000
data_rand_fold1/Testing/notumor/Tr-no_0534.jpg,nt446,notumor,notumor,1,0.999188,1,1,0.000279,0.000523,0.999188,0.000010
data_rand_fold1/Testing/notumor/Tr-no_0548.jpg,nt138,notumor,notumor,1,0.999483,1,1,0.000044,0.000371,0.999483,0.000102
data_rand_fold1/Testing/notumor/Tr-no_0554.jpg,nt458,notumor,notumor,1,0.998529,1,1,0.000382,0.001060,0.998529,0.000028
data_rand_fold1/Testing/notumor/Tr-no_0556.jpg,nt460,notumor,notumor,1,0.999875,1,1,0.000086,0.000034,0.999875,0.000004
data_rand_fold1/Testing/notumor/Tr-no_0559.jpg,nt463,notumor,notumor,1,0.999949,1,1,0.000013,0.000035,0.999949,0.000003
data_rand_fold1/Testing/notumor/Tr-no_0563.jpg,nt467,notumor,notumor,1,0.999976,1,1,0.000014,0.000009,0.999976,0.000001
data_rand_fold1/Testing/notumor/Tr-no_0564.jpg,nt123,notumor,notumor,1,0.991050,1,1,0.000328,0.000110,0.991050,0.008513
data_rand_fold1/Testing/notumor/Tr-no_0578.jpg,nt476,notumor,notumor,1,0.998367,1,1,0.000380,0.001219,0.998367,0.000035
data_rand_fold1/Testing/notumor/Tr-no_0589.jpg,nt486,notumor,notumor,1,0.999860,1,1,0.000020,0.000036,0.999860,0.000084
data_rand_fold1/Testing/notumor/Tr-no_0596.jpg,nt492,notumor,notumor,1,0.999901,1,1,0.000021,0.000026,0.999901,0.000053
data_rand_fold1/Testing/notumor/Tr-no_0604.jpg,nt499,notumor,notumor,1,0.999640,1,1,0.000116,0.000233,0.999640,0.000011
data_rand_fold1/Testing/notumor/Tr-no_0608.jpg,nt503,notumor,notumor,1,0.994509,1,1,0.001084,0.004267,0.994509,0.000141
data_rand_fold1/Testing/notumor/Tr-no_0612.jpg,nt507,notumor,notumor,1,0.999273,1,1,0.000366,0.000339,0.999273,0.000021
data_rand_fold1/Testing/notumor/Tr-no_0626.jpg,nt520,notumor,notumor,1,0.999286,1,1,0.000038,0.000631,0.999286,0.000045
data_rand_fold1/Testing/notumor/Tr-no_0628.jpg,nt522,notumor,notumor,1,0.999793,1,1,0.000004,0.000195,0.999793,0.000008
data_rand_fold1/Testing/notumor/Tr-no_0633.jpg,nt367,notumor,notumor,1,0.999953,1,1,0.000005,0.000023,0.999953,0.000019
data_rand_fold1/Testing/notumor/Tr-no_0634.jpg,nt526,notumor,notumor,1,0.999921,1,1,0.000013,0.000061,0.999921,0.000005
data_rand_fold1/Testing/notumor/Tr-no_0636.jpg,nt528,notumor,notumor,1,0.999712,1,1,0.000034,0.000143,0.999712,0.000111
data_rand_fold1/Testing/notumor/Tr-no_0642.jpg,nt533,notumor,notumor,1,0.999219,1,1,0.000172,0.000539,0.999219,0.000070
data_rand_fold1/Testing/notumor/Tr-no_0645.jpg,nt535,notumor,notumor,1,0.999769,1,1,0.000018,0.000184,0.999769,0.000030
data_rand_fold1/Testing/notumor/Tr-no_0648.jpg,nt538,notumor,notumor,1,0.999959,1,1,0.000002,0.000036,0.999959,0.000003
data_rand_fold1/Testing/notumor/Tr-no_0658.jpg,nt401,notumor,notumor,1,0.999286,1,1,0.000093,0.000598,0.999286,0.000023
data_rand_fold1/Testing/notumor/Tr-no_0659.jpg,nt546,notumor,notumor,1,0.999234,1,1,0.000063,0.000636,0.999234,0.000067
data_rand_fold1/Testing/notumor/Tr-no_0661.jpg,nt547,notumor,notumor,1,0.999931,1,1,0.000002,0.000065,0.999931,0.000002
data_rand_fold1/Testing/notumor/Tr-no_0671.jpg,nt557,notumor,notumor,1,0.997437,1,1,0.001078,0.001423,0.997437,0.000062
data_rand_fold1/Testing/notumor/Tr-no_0674.jpg,nt560,notumor,notumor,1,0.999992,1,1,0.000000,0.000004,0.999992,0.000003
data_rand_fold1/Testing/notumor/Tr-no_0676.jpg,nt561,notumor,notumor,1,0.999990,1,1,0.000004,0.000004,0.999990,0.000002
data_rand_fold1/Testing/notumor/Tr-no_0680.jpg,nt565,notumor,notumor,1,0.999839,1,1,0.000012,0.000144,0.999839,0.000005
data_rand_fold1/Testing/notumor/Tr-no_0683.jpg,nt567,notumor,notumor,1,0.999428,1,1,0.000028,0.000498,0.999428,0.000046
data_rand_fold1/Testing/notumor/Tr-no_0686.jpg,nt570,notumor,notumor,1,0.999718,1,1,0.000007,0.000270,0.999718,0.000005
data_rand_fold1/Testing/notumor/Tr-no_0689.jpg,nt573,notumor,notumor,1,0.999214,1,1,0.000046,0.000714,0.999214,0.000025
data_rand_fold1/Testing/notumor/Tr-no_0695.jpg,nt132,notumor,notumor,1,0.999785,1,1,0.000109,0.000096,0.999785,0.000010
data_rand_fold1/Testing/notumor/Tr-no_0697.jpg,nt578,notumor,notumor,1,0.999857,1,1,0.000041,0.000048,0.999857,0.000054
data_rand_fold1/Testing/notumor/Tr-no_0698.jpg,nt140,notumor,notumor,1,0.998457,1,1,0.000101,0.001083,0.998457,0.000359
data_rand_fold1/Testing/notumor/Tr-no_0705.jpg,nt155,notumor,notumor,1,0.999615,1,1,0.000206,0.000171,0.999615,0.000008
data_rand_fold1/Testing/notumor/Tr-no_0714.jpg,nt585,notumor,notumor,1,0.999859,1,1,0.000082,0.000054,0.999859,0.000005
data_rand_fold1/Testing/notumor/Tr-no_0720.jpg,nt438,notumor,notumor,1,0.999873,1,1,0.000008,0.000072,0.999873,0.000048
data_rand_fold1/Testing/notumor/Tr-no_0734.jpg,nt597,notumor,notumor,1,0.999504,1,1,0.000051,0.000092,0.999504,0.000353
data_rand_fold1/Testing/notumor/Tr-no_0757.jpg,nt618,notumor,notumor,1,0.999803,1,1,0.000055,0.000117,0.999803,0.000025
data_rand_fold1/Testing/notumor/Tr-no_0758.jpg,nt619,notumor,notumor,1,0.999930,1,1,0.000006,0.000020,0.999930,0.000044
data_rand_fold1/Testing/notumor/Tr-no_0780.jpg,nt638,notumor,notumor,1,0.999943,1,1,0.000009,0.000038,0.999943,0.000010
data_rand_fold1/Testing/notumor/Tr-no_0784.jpg,nt642,notumor,notumor,1,0.999956,1,1,0.000015,0.000025,0.999956,0.000004
data_rand_fold1/Testing/notumor/Tr-no_0789.jpg,nt646,notumor,notumor,1,0.999590,1,1,0.000075,0.000258,0.999590,0.000077
data_rand_fold1/Testing/notumor/Tr-no_0806.jpg,nt661,notumor,notumor,1,0.999758,1,1,0.000019,0.000184,0.999758,0.000039
data_rand_fold1/Testing/notumor/Tr-no_0809.jpg,nt664,notumor,notumor,1,0.999401,1,1,0.000131,0.000382,0.999401,0.000086
data_rand_fold1/Testing/notumor/Tr-no_0814.jpg,nt669,notumor,notumor,1,0.999881,1,1,0.000036,0.000076,0.999881,0.000007
data_rand_fold1/Testing/notumor/Tr-no_0828.jpg,nt458,notumor,notumor,1,0.997847,1,1,0.000317,0.001808,0.997847,0.000028
data_rand_fold1/Testing/notumor/Tr-no_0831.jpg,nt684,notumor,notumor,1,0.999913,1,1,0.000026,0.000048,0.999913,0.000013
data_rand_fold1/Testing/notumor/Tr-no_0848.jpg,nt700,notumor,notumor,1,0.999766,1,1,0.000014,0.000041,0.999766,0.000178
data_rand_fold1/Testing/notumor/Tr-no_0849.jpg,nt701,notumor,notumor,1,0.999944,1,1,0.000005,0.000028,0.999944,0.000022
data_rand_fold1/Testing/notumor/Tr-no_0856.jpg,nt708,notumor,notumor,1,0.999890,1,1,0.000007,0.000045,0.999890,0.000059
data_rand_fold1/Testing/notumor/Tr-no_0859.jpg,nt711,notumor,notumor,1,0.999914,1,1,0.000008,0.000022,0.999914,0.000056
data_rand_fold1/Testing/notumor/Tr-no_0863.jpg,nt715,notumor,notumor,1,0.999932,1,1,0.000014,0.000052,0.999932,0.000002
data_rand_fold1/Testing/notumor/Tr-no_0864.jpg,nt152,notumor,notumor,1,0.999417,1,1,0.000208,0.000332,0.999417,0.000043
data_rand_fold1/Testing/notumor/Tr-no_0865.jpg,nt716,notumor,notumor,1,0.985374,1,1,0.005897,0.007045,0.985374,0.001684
data_rand_fold1/Testing/notumor/Tr-no_0874.jpg,nt725,notumor,notumor,1,0.999950,1,1,0.000008,0.000022,0.999950,0.000020
data_rand_fold1/Testing/notumor/Tr-no_0877.jpg,nt153,notumor,notumor,1,0.997467,1,1,0.000424,0.002045,0.997467,0.000064
data_rand_fold1/Testing/notumor/Tr-no_0883.jpg,nt732,notumor,notumor,1,0.997303,1,1,0.000930,0.001061,0.997303,0.000707
data_rand_fold1/Testing/notumor/Tr-no_0894.jpg,nt741,notumor,notumor,1,0.999946,1,1,0.000013,0.000039,0.999946,0.000002
data_rand_fold1/Testing/notumor/Tr-no_0900.jpg,nt746,notumor,notumor,1,0.998541,1,1,0.000653,0.000721,0.998541,0.000086
data_rand_fold1/Testing/notumor/Tr-no_0901.jpg,nt747,notumor,notumor,1,0.999915,1,1,0.000010,0.000018,0.999915,0.000056
data_rand_fold1/Testing/notumor/Tr-no_0906.jpg,nt751,notumor,notumor,1,0.996299,1,1,0.002806,0.000667,0.996299,0.000227
data_rand_fold1/Testing/notumor/Tr-no_0914.jpg,nt758,notumor,notumor,1,0.999670,1,1,0.000107,0.000118,0.999670,0.000106
data_rand_fold1/Testing/notumor/Tr-no_0918.jpg,nt762,notumor,notumor,1,0.999757,1,1,0.000161,0.000068,0.999757,0.000014
data_rand_fold1/Testing/notumor/Tr-no_0923.jpg,nt766,notumor,notumor,1,0.998715,1,1,0.000327,0.000431,0.998715,0.000528
data_rand_fold1/Testing/notumor/Tr-no_0927.jpg,nt769,notumor,notumor,1,0.999384,1,1,0.000387,0.000206,0.999384,0.000023
data_rand_fold1/Testing/notumor/Tr-no_0929.jpg,nt771,notumor,notumor,1,0.999852,1,1,0.000099,0.000045,0.999852,0.000004
data_rand_fold1/Testing/notumor/Tr-no_0931.jpg,nt773,notumor,notumor,1,0.999823,1,1,0.000036,0.000135,0.999823,0.000006
data_rand_fold1/Testing/notumor/Tr-no_0935.jpg,nt776,notumor,notumor,1,0.999640,1,1,0.000169,0.000177,0.999640,0.000014
data_rand_fold1/Testing/notumor/Tr-no_0937.jpg,nt778,notumor,notumor,1,0.999710,1,1,0.000044,0.000066,0.999710,0.000179
data_rand_fold1/Testing/notumor/Tr-no_0953.jpg,nt791,notumor,notumor,1,0.999833,1,1,0.000046,0.000070,0.999833,0.000051
data_rand_fold1/Testing/notumor/Tr-no_0957.jpg,nt795,notumor,notumor,1,0.999169,1,1,0.000051,0.000037,0.999169,0.000743
data_rand_fold1/Testing/notumor/Tr-no_0965.jpg,nt128,notumor,notumor,1,0.999548,1,1,0.000134,0.000278,0.999548,0.000041
data_rand_fold1/Testing/notumor/Tr-no_0972.jpg,nt140,notumor,notumor,1,0.998274,1,1,0.000109,0.001235,0.998274,0.000383
data_rand_fold1/Testing/notumor/Tr-no_0983.jpg,nt121,notumor,notumor,1,0.999575,1,1,0.000019,0.000385,0.999575,0.000021
data_rand_fold1/Testing/notumor/Tr-no_0986.jpg,nt800,notumor,notumor,1,0.998474,1,1,0.000041,0.000973,0.998474,0.000512
data_rand_fold1/Testing/notumor/Tr-no_0988.jpg,nt170,notumor,notumor,1,0.998731,1,1,0.000192,0.000059,0.998731,0.001018
data_rand_fold1/Testing/notumor/Tr-no_0990.jpg,nt801,notumor,notumor,1,0.803614,1,1,0.001001,0.003399,0.803614,0.191987
data_rand_fold1/Testing/notumor/Tr-no_1007.jpg,nt248,notumor,notumor,1,0.998509,1,1,0.000013,0.000491,0.998509,0.000987
data_rand_fold1/Testing/notumor/Tr-no_1025.jpg,nt468,notumor,notumor,1,0.999931,1,1,0.000002,0.000022,0.999931,0.000045
data_rand_fold1/Testing/notumor/Tr-no_1034.jpg,nt465,notumor,notumor,1,0.998661,1,1,0.000085,0.001130,0.998661,0.000124
data_rand_fold1/Testing/notumor/Tr-no_1041.jpg,nt168,notumor,notumor,1,0.999870,1,1,0.000082,0.000024,0.999870,0.000024
data_rand_fold1/Testing/notumor/Tr-no_1042.jpg,nt813,notumor,notumor,1,0.999350,1,1,0.000349,0.000242,0.999350,0.000060
data_rand_fold1/Testing/notumor/Tr-no_1043.jpg,nt124,notumor,notumor,1,0.999571,1,1,0.000163,0.000258,0.999571,0.000008
data_rand_fold1/Testing/notumor/Tr-no_1048.jpg,nt125,notumor,notumor,1,0.999699,1,1,0.000078,0.000196,0.999699,0.000027
data_rand_fold1/Testing/notumor/Tr-no_1061.jpg,nt816,notumor,notumor,1,0.999543,1,1,0.000071,0.000378,0.999543,0.000009
data_rand_fold1/Testing/notumor/Tr-no_1086.jpg,nt818,notumor,notumor,1,0.896975,1,1,0.006427,0.071906,0.896975,0.024692
data_rand_fold1/Testing/notumor/Tr-no_1087.jpg,nt248,notumor,notumor,1,0.999036,1,1,0.000011,0.000268,0.999036,0.000686
data_rand_fold1/Testing/notumor/Tr-no_1097.jpg,nt819,notumor,notumor,1,0.999518,1,1,0.000198,0.000202,0.999518,0.000081
data_rand_fold1/Testing/notumor/Tr-no_1105.jpg,nt820,notumor,notumor,1,0.999510,1,1,0.000025,0.000159,0.999510,0.000306
data_rand_fold1/Testing/notumor/Tr-no_1111.jpg,nt190,notumor,notumor,1,0.999666,1,1,0.000132,0.000075,0.999666,0.000126
data_rand_fold1/Testing/notumor/Tr-no_1136.jpg,nt121,notumor,notumor,1,0.999644,1,1,0.000032,0.000299,0.999644,0.000025
data_rand_fold1/Testing/notumor/Tr-no_1167.jpg,nt152,notumor,notumor,1,0.999300,1,1,0.000222,0.000433,0.999300,0.000045
data_rand_fold1/Testing/notumor/Tr-no_1175.jpg,nt153,notumor,notumor,1,0.993960,1,1,0.000850,0.005081,0.993960,0.000109
data_rand_fold1/Testing/notumor/Tr-no_1190.jpg,nt124,notumor,notumor,1,0.999640,1,1,0.000120,0.000233,0.999640,0.000007
data_rand_fold1/Testing/notumor/Tr-no_1191.jpg,nt6,notumor,notumor,1,0.999789,1,1,0.000041,0.000128,0.999789,0.000043
data_rand_fold1/Testing/notumor/Tr-no_1196.jpg,nt826,notumor,notumor,1,0.999945,1,1,0.000004,0.000049,0.999945,0.000002
data_rand_fold1/Testing/notumor/Tr-no_1197.jpg,nt29,notumor,notumor,1,0.998964,1,1,0.000055,0.000960,0.998964,0.000020
data_rand_fold1/Testing/notumor/Tr-no_1202.jpg,nt389,notumor,notumor,1,0.999417,1,1,0.000048,0.000531,0.999417,0.000004
data_rand_fold1/Testing/notumor/Tr-no_1208.jpg,nt565,notumor,notumor,1,0.999836,1,1,0.000015,0.000144,0.999836,0.000005
data_rand_fold1/Testing/notumor/Tr-no_1214.jpg,nt555,notumor,notumor,1,0.999652,1,1,0.000009,0.000305,0.999652,0.000033
data_rand_fold1/Testing/notumor/Tr-no_1216.jpg,nt834,notumor,notumor,1,0.999791,1,1,0.000056,0.000147,0.999791,0.000006
data_rand_fold1/Testing/notumor/Tr-no_1218.jpg,nt394,notumor,notumor,1,0.998597,1,1,0.000167,0.001216,0.998597,0.000020
data_rand_fold1/Testing/notumor/Tr-no_1219.jpg,nt558,notumor,notumor,1,0.999965,1,1,0.000004,0.000018,0.999965,0.000013
data_rand_fold1/Testing/notumor/Tr-no_1220.jpg,nt808,notumor,notumor,1,0.999922,1,1,0.000033,0.000042,0.999922,0.000002
data_rand_fold1/Testing/notumor/Tr-no_1222.jpg,nt836,notumor,notumor,1,0.999866,1,1,0.000018,0.000111,0.999866,0.000006
data_rand_fold1/Testing/notumor/Tr-no_1226.jpg,nt398,notumor,notumor,1,0.999975,1,1,0.000002,0.000023,0.999975,0.000001
data_rand_fold1/Testing/notumor/Tr-no_1230.jpg,nt841,notumor,notumor,1,0.999554,1,1,0.000008,0.000382,0.999554,0.000057
data_rand_fold1/Testing/notumor/Tr-no_1232.jpg,nt483,notumor,notumor,1,0.998811,1,1,0.000677,0.000154,0.998811,0.000358
data_rand_fold1/Testing/notumor/Tr-no_1233.jpg,nt542,notumor,notumor,1,0.999795,1,1,0.000037,0.000152,0.999795,0.000016
data_rand_fold1/Testing/notumor/Tr-no_1234.jpg,nt842,notumor,notumor,1,0.999976,1,1,0.000004,0.000018,0.999976,0.000002
data_rand_fold1/Testing/notumor/Tr-no_1236.jpg,nt543,notumor,notumor,1,0.999925,1,1,0.000015,0.000055,0.999925,0.000005
data_rand_fold1/Testing/notumor/Tr-no_1239.jpg,nt845,notumor,notumor,1,0.996415,1,1,0.000049,0.000026,0.996415,0.003510
data_rand_fold1/Testing/notumor/Tr-no_1252.jpg,nt851,notumor,notumor,1,0.997634,1,1,0.000141,0.002164,0.997634,0.000061
data_rand_fold1/Testing/notumor/Tr-no_1254.jpg,nt852,notumor,notumor,1,0.992978,1,1,0.002572,0.002454,0.992978,0.001995
data_rand_fold1/Testing/notumor/Tr-no_1255.jpg,nt411,notumor,notumor,1,0.993609,1,1,0.000086,0.006256,0.993609,0.000049
data_rand_fold1/Testing/notumor/Tr-no_1257.jpg,nt413,notumor,notumor,1,0.999461,1,1,0.000031,0.000411,0.999461,0.000097
data_rand_fold1/Testing/notumor/Tr-no_1259.jpg,nt854,notumor,notumor,1,0.999872,1,1,0.000009,0.000111,0.999872,0.000008
data_rand_fold1/Testing/notumor/Tr-no_1262.jpg,nt857,notumor,notumor,1,0.992877,1,1,0.000030,0.007078,0.992877,0.000015
data_rand_fold1/Testing/notumor/Tr-no_1268.jpg,nt523,notumor,notumor,1,0.999776,1,1,0.000011,0.000202,0.999776,0.000011
data_rand_fold1/Testing/notumor/Tr-no_1269.jpg,nt859,notumor,notumor,1,0.999922,1,1,0.000004,0.000059,0.999922,0.000015
data_rand_fold1/Testing/notumor/Tr-no_1272.jpg,nt862,notumor,notumor,1,0.999880,1,1,0.000007,0.000111,0.999880,0.000002
data_rand_fold1/Testing/notumor/Tr-no_1277.jpg,nt867,notumor,notumor,1,0.999701,1,1,0.000059,0.000233,0.999701,0.000008
data_rand_fold1/Testing/notumor/Tr-no_1280.jpg,nt526,notumor,notumor,1,0.999933,1,1,0.000011,0.000053,0.999933,0.000003
data_rand_fold1/Testing/notumor/Tr-no_1287.jpg,nt874,notumor,notumor,1,0.999560,1,1,0.000003,0.000130,0.999560,0.000307
data_rand_fold1/Testing/notumor/Tr-no_1288.jpg,nt514,notumor,notumor,1,0.999978,1,1,0.000001,0.000020,0.999978,0.000001
data_rand_fold1/Testing/notumor/Tr-no_1297.jpg,nt882,notumor,notumor,1,0.999496,1,1,0.000016,0.000444,0.999496,0.000045
data_rand_fold1/Testing/notumor/Tr-no_1300.jpg,nt518,notumor,notumor,1,0.999896,1,1,0.000029,0.000062,0.999896,0.000012
data_rand_fold1/Testing/notumor/Tr-no_1303.jpg,nt374,notumor,notumor,1,0.998633,1,1,0.000063,0.000044,0.998633,0.001261
data_rand_fold1/Testing/notumor/Tr-no_1306.jpg,nt378,notumor,notumor,1,0.976112,1,1,0.000236,0.018714,0.976112,0.004938
data_rand_fold1/Testing/notumor/Tr-no_1309.jpg,nt454,notumor,notumor,1,0.999897,1,1,0.000059,0.000036,0.999897,0.000009
data_rand_fold1/Testing/notumor/Tr-no_1310.jpg,nt380,notumor,notumor,1,0.999566,1,1,0.000017,0.000397,0.999566,0.000020
data_rand_fold1/Testing/notumor/Tr-no_1312.jpg,nt890,notumor,notumor,1,0.999941,1,1,0.000005,0.000019,0.999941,0.000036
data_rand_fold1/Testing/notumor/Tr-no_1314.jpg,nt892,notumor,notumor,1,0.999300,1,1,0.000069,0.000595,0.999300,0.000036
data_rand_fold1/Testing/notumor/Tr-no_1318.jpg,nt895,notumor,notumor,1,0.999977,1,1,0.000001,0.000021,0.999977,0.000001
data_rand_fold1/Testing/notumor/Tr-no_1326.jpg,nt386,notumor,notumor,1,0.998887,1,1,0.000028,0.001061,0.998887,0.000024
data_rand_fold1/Testing/notumor/Tr-no_1330.jpg,nt387,notumor,notumor,1,0.999817,1,1,0.000002,0.000180,0.999817,0.000001
data_rand_fold1/Testing/notumor/Tr-no_1336.jpg,nt365,notumor,notumor,1,0.999990,1,1,0.000004,0.000004,0.999990,0.000001
data_rand_fold1/Testing/notumor/Tr-no_1344.jpg,nt320,notumor,notumor,1,0.999986,1,1,0.000002,0.000011,0.999986,0.000000
data_rand_fold1/Testing/notumor/Tr-no_1354.jpg,nt918,notumor,notumor,1,0.999997,1,1,0.000000,0.000003,0.999997,0.000000
data_rand_fold1/Testing/notumor/Tr-no_1359.jpg,nt923,notumor,notumor,1,0.995973,1,1,0.000720,0.003222,0.995973,0.000085
data_rand_fold1/Testing/notumor/Tr-no_1373.jpg,nt933,notumor,notumor,1,0.999981,1,1,0.000003,0.000015,0.999981,0.000002
data_rand_fold1/Testing/notumor/Tr-no_1375.jpg,nt314,notumor,notumor,1,0.999729,1,1,0.000153,0.000107,0.999729,0.000010
data_rand_fold1/Testing/notumor/Tr-no_1379.jpg,nt318,notumor,notumor,1,0.999964,1,1,0.000002,0.000012,0.999964,0.000023
data_rand_fold1/Testing/notumor/Tr-no_1382.jpg,nt938,notumor,notumor,1,0.999531,1,1,0.000074,0.000374,0.999531,0.000021
data_rand_fold1/Testing/notumor/Tr-no_1383.jpg,nt939,notumor,notumor,1,0.999678,1,1,0.000004,0.000312,0.999678,0.000005
data_rand_fold1/Testing/notumor/Tr-no_1386.jpg,nt941,notumor,notumor,1,0.998804,1,1,0.000019,0.000495,0.998804,0.000682
data_rand_fold1/Testing/notumor/Tr-no_1392.jpg,nt946,notumor,notumor,1,0.999848,1,1,0.000040,0.000088,0.999848,0.000025
data_rand_fold1/Testing/notumor/Tr-no_1394.jpg,nt947,notumor,notumor,1,0.999074,1,1,0.000135,0.000278,0.999074,0.000513
data_rand_fold1/Testing/notumor/Tr-no_1395.jpg,nt948,notumor,notumor,1,0.994905,1,1,0.000657,0.004228,0.994905,0.000210
data_rand_fold1/Testing/notumor/Tr-no_1396.jpg,nt949,notumor,notumor,1,0.996581,1,1,0.000095,0.001556,0.996581,0.001768
data_rand_fold1/Testing/notumor/Tr-no_1407.jpg,nt954,notumor,notumor,1,0.993600,1,1,0.000404,0.005000,0.993600,0.000997
data_rand_fold1/Testing/notumor/Tr-no_1408.jpg,nt955,notumor,notumor,1,0.999820,1,1,0.000122,0.000049,0.999820,0.000009
data_rand_fold1/Testing/notumor/Tr-no_1415.jpg,nt958,notumor,notumor,1,0.923193,1,1,0.004211,0.046247,0.923193,0.026350
data_rand_fold1/Testing/notumor/Tr-no_1420.jpg,nt960,notumor,notumor,1,0.999944,1,1,0.000008,0.000044,0.999944,0.000003
data_rand_fold1/Testing/notumor/Tr-no_1426.jpg,nt963,notumor,notumor,1,0.992232,1,1,0.002476,0.002590,0.992232,0.002702
data_rand_fold1/Testing/notumor/Tr-no_1432.jpg,nt968,notumor,notumor,1,0.998657,1,1,0.000277,0.001031,0.998657,0.000035
data_rand_fold1/Testing/notumor/Tr-no_1434.jpg,nt361,notumor,notumor,1,0.997133,1,1,0.000408,0.000530,0.997133,0.001929
data_rand_fold1/Testing/notumor/Tr-no_1450.jpg,nt980,notumor,notumor,1,0.999875,1,1,0.000026,0.000097,0.999875,0.000002
data_rand_fold1/Testing/notumor/Tr-no_1454.jpg,nt981,notumor,notumor,1,0.999267,1,1,0.000403,0.000306,0.999267,0.000024
data_rand_fold1/Testing/notumor/Tr-no_1456.jpg,nt482,notumor,notumor,1,0.997348,1,1,0.001561,0.000849,0.997348,0.000243
data_rand_fold1/Testing/notumor/Tr-no_1458.jpg,nt487,notumor,notumor,1,0.999832,1,1,0.000017,0.000028,0.999832,0.000123
data_rand_fold1/Testing/notumor/Tr-no_1459.jpg,nt431,notumor,notumor,1,0.999768,1,1,0.000036,0.000191,0.999768,0.000006
data_rand_fold1/Testing/notumor/Tr-no_1468.jpg,nt432,notumor,notumor,1,0.999972,1,1,0.000001,0.000027,0.999972,0.000000
data_rand_fold1/Testing/notumor/Tr-no_1470.jpg,nt494,notumor,notumor,1,0.999940,1,1,0.000007,0.000045,0.999940,0.000009
data_rand_fold1/Testing/notumor/Tr-no_1494.jpg,nt370,notumor,notumor,1,0.999498,1,1,0.000076,0.000418,0.999498,0.000008
data_rand_fold1/Testing/notumor/Tr-no_1495.jpg,nt513,notumor,notumor,1,0.999464,1,1,0.000065,0.000447,0.999464,0.000024
data_rand_fold1/Testing/notumor/Tr-no_1497.jpg,nt596,notumor,notumor,1,0.997580,1,1,0.000448,0.000050,0.997580,0.001923
data_rand_fold1/Testing/notumor/Tr-no_1498.jpg,nt993,notumor,notumor,1,0.999861,1,1,0.000041,0.000086,0.999861,0.000011
data_rand_fold1/Testing/notumor/Tr-no_1520.jpg,nt1000,notumor,notumor,1,0.999957,1,1,0.000002,0.000041,0.999957,0.000000
data_rand_fold1/Testing/notumor/Tr-no_1543.jpg,nt937,notumor,notumor,1,0.999534,1,1,0.000319,0.000131,0.999534,0.000016
data_rand_fold1/Testing/notumor/Tr-no_1549.jpg,nt1011,notumor,notumor,1,0.999950,1,1,0.000031,0.000017,0.999950,0.000001
data_rand_fold1/Testing/notumor/Tr-no_1555.jpg,nt328,notumor,notumor,1,0.996017,1,1,0.000175,0.001692,0.996017,0.002116
data_rand_fold1/Testing/notumor/Tr-no_1558.jpg,nt330,notumor,notumor,1,0.999834,1,1,0.000048,0.000080,0.999834,0.000038
data_rand_fold1/Testing/notumor/Tr-no_1560.jpg,nt333,notumor,notumor,1,0.997042,1,1,0.000059,0.000187,0.997042,0.002712
data_rand_fold1/Testing/notumor/Tr-no_1562.jpg,nt1013,notumor,notumor,1,0.997436,1,1,0.000609,0.001890,0.997436,0.000065
data_rand_fold1/Testing/notumor/Tr-no_1566.jpg,nt1015,notumor,notumor,1,0.999813,1,1,0.000044,0.000121,0.999813,0.000022
data_rand_fold1/Testing/notumor/Tr-no_1569.jpg,nt340,notumor,notumor,1,0.999342,1,1,0.000384,0.000197,0.999342,0.000078
data_rand_fold1/Testing/notumor/Tr-no_1577.jpg,nt914,notumor,notumor,1,0.994765,1,1,0.003106,0.002011,0.994765,0.000118
data_rand_fold1/Testing/notumor/Tr-no_1578.jpg,nt915,notumor,notumor,1,0.999629,1,1,0.000041,0.000323,0.999629,0.000007
data_rand_fold1/Testing/notumor/Tr-no_1580.jpg,nt1021,notumor,notumor,1,0.999976,1,1,0.000005,0.000013,0.999976,0.000006
data_rand_fold1/Testing/notumor/Tr-no_1587.jpg,nt1023,notumor,notumor,1,0.998900,1,1,0.000168,0.000910,0.998900,0.000022
data_rand_fold1/Testing/notumor/Tr-no_1594.jpg,nt984,notumor,notumor,1,0.999880,1,1,0.000091,0.000022,0.999880,0.000007
data_rand_fold1/Testing/pituitary/Te-piTr_0004.jpg,112746,pituitary,pituitary,1,0.999323,1,1,0.000115,0.000512,0.000050,0.999323
data_rand_fold1/Testing/pituitary/Te-pi_0012.jpg,102648,pituitary,pituitary,1,0.808315,1,1,0.074064,0.116894,0.000727,0.808315
data_rand_fold1/Testing/pituitary/Te-pi_0020.jpg,103731,pituitary,pituitary,1,0.983639,1,1,0.004480,0.008114,0.003767,0.983639
data_rand_fold1/Testing/pituitary/Te-pi_0022.jpg,103731,pituitary,pituitary,1,0.987099,1,1,0.000903,0.008990,0.003008,0.987099
data_rand_fold1/Testing/pituitary/Te-pi_0036.jpg,98472,pituitary,pituitary,1,0.999129,1,1,0.000043,0.000377,0.000451,0.999129
data_rand_fold1/Testing/pituitary/Te-pi_0038.jpg,98871,pituitary,pituitary,1,0.990891,1,1,0.003165,0.004485,0.001459,0.990891
data_rand_fold1/Testing/pituitary/Te-pi_0046.jpg,101017,pituitary,pituitary,1,0.995475,1,1,0.000342,0.003343,0.000840,0.995475
data_rand_fold1/Testing/pituitary/Te-pi_0049.jpg,101305,pituitary,pituitary,1,0.989088,1,1,0.003308,0.004598,0.003006,0.989088
data_rand_fold1/Testing/pituitary/Te-pi_0053.jpg,104912,pituitary,pituitary,1,0.997242,1,1,0.000363,0.002101,0.000294,0.997242
data_rand_fold1/Testing/pituitary/Te-pi_0059.jpg,107505,pituitary,pituitary,1,0.986791,1,1,0.007040,0.004977,0.001192,0.986791
data_rand_fold1/Testing/pituitary/Te-pi_0061.jpg,107743,pituitary,pituitary,1,0.992196,1,1,0.000381,0.002130,0.005293,0.992196
data_rand_fold1/Testing/pituitary/Te-pi_0065.jpg,109769,pituitary,pituitary,1,0.996609,1,1,0.000194,0.002219,0.000978,0.996609
data_rand_fold1/Testing/pituitary/Te-pi_0078.jpg,112074,pituitary,pituitary,1,0.464313,1,1,0.361391,0.159342,0.014954,0.464313
data_rand_fold1/Testing/pituitary/Te-pi_0080.jpg,112649,pituitary,pituitary,1,0.994669,1,1,0.002141,0.002583,0.000607,0.994669
data_rand_fold1/Testing/pituitary/Te-pi_0081.jpg,112746,pituitary,pituitary,1,0.996865,1,1,0.000339,0.002315,0.000481,0.996865
data_rand_fold1/Testing/pituitary/Te-pi_0107.jpg,58392,pituitary,pituitary,1,0.994321,1,1,0.000501,0.004659,0.000519,0.994321
data_rand_fold1/Testing/pituitary/Te-pi_0108.jpg,111075,pituitary,pituitary,1,0.990265,1,1,0.000368,0.008956,0.000411,0.990265
data_rand_fold1/Testing/pituitary/Te-pi_0116.jpg,112847,pituitary,pituitary,1,0.997933,1,1,0.000210,0.001518,0.000339,0.997933
data_rand_fold1/Testing/pituitary/Te-pi_0118.jpg,105936,pituitary,pituitary,1,0.998723,1,1,0.000337,0.000642,0.000298,0.998723
data_rand_fold1/Testing/pituitary/Te-pi_0123.jpg,107505,pituitary,pituitary,1,0.987372,1,1,0.005344,0.006554,0.000730,0.987372
data_rand_fold1/Testing/pituitary/Te-pi_0124.jpg,101017,pituitary,pituitary,1,0.988499,1,1,0.000218,0.005320,0.005963,0.988499
data_rand_fold1/Testing/pituitary/Te-pi_0134.jpg,110537,pituitary,pituitary,1,0.992815,1,1,0.001777,0.003800,0.001609,0.992815
data_rand_fold1/Testing/pituitary/Te-pi_0135.jpg,110993,pituitary,pituitary,1,0.994488,1,1,0.001239,0.001672,0.002602,0.994488
data_rand_fold1/Testing/pituitary/Te-pi_0143.jpg,114094,pituitary,pituitary,1,0.997374,1,1,0.000204,0.001762,0.000660,0.997374
data_rand_fold1/Testing/pituitary/Te-pi_0149.jpg,101017,pituitary,pituitary,1,0.986339,1,1,0.000986,0.005385,0.007289,0.986339
data_rand_fold1/Testing/pituitary/Te-pi_0159.jpg,103837,pituitary,pituitary,1,0.995714,1,1,0.000111,0.002702,0.001473,0.995714
data_rand_fold1/Testing/pituitary/Te-pi_0160.jpg,103837,pituitary,pituitary,1,0.995413,1,1,0.000139,0.002301,0.002146,0.995413
data_rand_fold1/Testing/pituitary/Te-pi_0164.jpg,104558,pituitary,pituitary,1,0.642073,1,1,0.000085,0.357619,0.000223,0.642073
data_rand_fold1/Testing/pituitary/Te-pi_0165.jpg,112649,pituitary,pituitary,1,0.990026,1,1,0.001879,0.004359,0.003736,0.990026
data_rand_fold1/Testing/pituitary/Te-pi_0169.jpg,104912,pituitary,pituitary,1,0.999069,1,1,0.000090,0.000757,0.000084,0.999069
data_rand_fold1/Testing/pituitary/Te-pi_0172.jpg,105638,pituitary,pituitary,1,0.994352,1,1,0.000197,0.000841,0.004610,0.994352
data_rand_fold1/Testing/pituitary/Te-pi_0176.jpg,97461,pituitary,pituitary,1,0.993197,1,1,0.002423,0.004193,0.000187,0.993197
data_rand_fold1/Testing/pituitary/Te-pi_0180.jpg,97890,pituitary,pituitary,1,0.967602,1,1,0.010591,0.014836,0.006971,0.967602
data_rand_fold1/Testing/pituitary/Te-pi_0186.jpg,98874,pituitary,pituitary,1,0.899196,1,1,0.000707,0.098623,0.001474,0.899196
data_rand_fold1/Testing/pituitary/Te-pi_0189.jpg,98995,pituitary,pituitary,1,0.673075,1,1,0.000338,0.323394,0.003194,0.673075
data_rand_fold1/Testing/pituitary/Te-pi_0195.jpg,107495,pituitary,pituitary,1,0.996614,1,1,0.000210,0.001701,0.001475,0.996614
data_rand_fold1/Testing/pituitary/Te-pi_0205.jpg,107429,pituitary,pituitary,1,0.938882,1,1,0.000206,0.060721,0.000192,0.938882
data_rand_fold1/Testing/pituitary/Te-pi_0214.jpg,104019,pituitary,pituitary,1,0.998743,1,1,0.000317,0.000829,0.000111,0.998743
data_rand_fold1/Testing/pituitary/Te-pi_0215.jpg,104558,pituitary,pituitary,1,0.650970,1,1,0.000354,0.347588,0.001088,0.650970
data_rand_fold1/Testing/pituitary/Te-pi_0216.jpg,104684,pituitary,pituitary,1,0.947271,1,1,0.028538,0.019223,0.004967,0.947271
data_rand_fold1/Testing/pituitary/Te-pi_0222.jpg,105475,pituitary,pituitary,1,0.995676,1,1,0.000866,0.003328,0.000130,0.995676
data_rand_fold1/Testing/pituitary/Te-pi_0232.jpg,98472,pituitary,pituitary,1,0.997872,1,1,0.000131,0.001872,0.000126,0.997872
data_rand_fold1/Testing/pituitary/Te-pi_0233.jpg,98652,pituitary,pituitary,1,0.996880,1,1,0.000702,0.002095,0.000323,0.996880
data_rand_fold1/Testing/pituitary/Te-pi_0237.jpg,98992,pituitary,pituitary,1,0.575386,1,1,0.069673,0.348977,0.005964,0.575386
data_rand_fold1/Testing/pituitary/Te-pi_0250.jpg,102648,pituitary,pituitary,1,0.932130,1,1,0.042313,0.023554,0.002003,0.932130
data_rand_fold1/Testing/pituitary/Te-pi_0252.jpg,103046,pituitary,pituitary,1,0.999368,1,1,0.000037,0.000162,0.000434,0.999368
data_rand_fold1/Testing/pituitary/Te-pi_0253.jpg,103257,pituitary,pituitary,1,0.966823,1,1,0.002536,0.023389,0.007253,0.966823
data_rand_fold1/Testing/pituitary/Te-pi_0255.jpg,103478,pituitary,pituitary,1,0.998925,1,1,0.000095,0.000706,0.000274,0.998925
data_rand_fold1/Testing/pituitary/Te-pi_0263.jpg,103731,pituitary,pituitary,1,0.997173,1,1,0.001005,0.001314,0.000507,0.997173
data_rand_fold1/Testing/pituitary/Te-pi_0271.jpg,104912,pituitary,pituitary,1,0.992239,1,1,0.002778,0.004248,0.000735,0.992239
data_rand_fold1/Testing/pituitary/Te-pi_0279.jpg,97416,pituitary,pituitary,1,0.950677,1,1,0.000923,0.047161,0.001239,0.950677
data_rand_fold1/Testing/pituitary/Te-pi_0281.jpg,97461,pituitary,pituitary,1,0.998432,1,1,0.000207,0.001177,0.000183,0.998432
data_rand_fold1/Testing/pituitary/Te-pi_0289.jpg,98652,pituitary,pituitary,1,0.980276,1,1,0.003203,0.014606,0.001915,0.980276
data_rand_fold1/Testing/pituitary/Te-pi_0290.jpg,98871,pituitary,pituitary,1,0.891804,1,1,0.012305,0.092269,0.003622,0.891804
data_rand_fold1/Testing/pituitary/Te-pi_0293.jpg,98992,pituitary,pituitary,1,0.898118,1,1,0.031304,0.068741,0.001837,0.898118
data_rand_fold1/Testing/pituitary/Te-pi_0295.jpg,109471,pituitary,pituitary,1,0.992905,1,1,0.002331,0.004574,0.000189,0.992905
data_rand_fold1/Testing/pituitary/Tr-piTr_0000.jpg,110537,pituitary,pituitary,1,0.992474,1,1,0.003094,0.003515,0.000917,0.992474
data_rand_fold1/Testing/pituitary/Tr-piTr_0001.jpg,111125,pituitary,pituitary,1,0.989869,1,1,0.002236,0.002348,0.005547,0.989869
data_rand_fold1/Testing/pituitary/Tr-pi_0012.jpg,111125,pituitary,pituitary,1,0.997947,1,1,0.000230,0.000589,0.001234,0.997947
data_rand_fold1/Testing/pituitary/Tr-pi_0025.jpg,99223,pituitary,pituitary,1,0.993398,1,1,0.000070,0.006399,0.000132,0.993398
data_rand_fold1/Testing/pituitary/Tr-pi_0034.jpg,111785,pituitary,pituitary,1,0.989696,1,1,0.000747,0.008387,0.001170,0.989696
data_rand_fold1/Testing/pituitary/Tr-pi_0048.jpg,104019,pituitary,pituitary,1,0.999559,1,1,0.000057,0.000322,0.000062,0.999559
data_rand_fold1/Testing/pituitary/Tr-pi_0049.jpg,104019,pituitary,pituitary,1,0.999225,1,1,0.000107,0.000543,0.000125,0.999225
data_rand_fold1/Testing/pituitary/Tr-pi_0054.jpg,104558,pituitary,pituitary,1,0.920756,1,1,0.000541,0.077734,0.000968,0.920756
data_rand_fold1/Testing/pituitary/Tr-pi_0059.jpg,104684,pituitary,pituitary,1,0.999035,1,1,0.000143,0.000427,0.000395,0.999035
data_rand_fold1/Testing/pituitary/Tr-pi_0064.jpg,104684,pituitary,pituitary,1,0.997905,1,1,0.000197,0.001421,0.000477,0.997905
data_rand_fold1/Testing/pituitary/Tr-pi_0071.jpg,104912,pituitary,pituitary,1,0.964792,1,1,0.014317,0.020324,0.000567,0.964792
data_rand_fold1/Testing/pituitary/Tr-pi_0072.jpg,104912,pituitary,pituitary,1,0.967356,1,1,0.009281,0.022758,0.000604,0.967356
data_rand_fold1/Testing/pituitary/Tr-pi_0076.jpg,105187,pituitary,pituitary,1,0.970759,1,1,0.006489,0.021012,0.001739,0.970759
data_rand_fold1/Testing/pituitary/Tr-pi_0081.jpg,105475,pituitary,pituitary,1,0.989052,1,1,0.001525,0.008967,0.000455,0.989052
data_rand_fold1/Testing/pituitary/Tr-pi_0083.jpg,105475,pituitary,pituitary,1,0.994011,1,1,0.000771,0.004768,0.000450,0.994011
data_rand_fold1/Testing/pituitary/Tr-pi_0092.jpg,105638,pituitary,pituitary,1,0.989049,1,1,0.002609,0.007316,0.001026,0.989049
data_rand_fold1/Testing/pituitary/Tr-pi_0097.jpg,97416,pituitary,pituitary,1,0.623887,1,1,0.001429,0.373349,0.001335,0.623887
data_rand_fold1/Testing/pituitary/Tr-pi_0099.jpg,97416,pituitary,pituitary,1,0.574584,1,1,0.010766,0.413422,0.001228,0.574584
data_rand_fold1/Testing/pituitary/Tr-pi_0103.jpg,97461,pituitary,pituitary,1,0.979763,1,1,0.002069,0.015726,0.002442,0.979763
data_rand_fold1/Testing/pituitary/Tr-pi_0106.jpg,97481,pituitary,pituitary,1,0.998895,1,1,0.000065,0.000957,0.000083,0.998895
data_rand_fold1/Testing/pituitary/Tr-pi_0107.jpg,97481,pituitary,pituitary,1,0.994920,1,1,0.001212,0.003271,0.000596,0.994920
data_rand_fold1/Testing/pituitary/Tr-pi_0108.jpg,97481,pituitary,pituitary,1,0.994920,1,1,0.001212,0.003271,0.000596,0.994920
data_rand_fold1/Testing/pituitary/Tr-pi_0113.jpg,97599,pituitary,pituitary,1,0.993398,1,1,0.000775,0.005384,0.000443,0.993398
data_rand_fold1/Testing/pituitary/Tr-pi_0119.jpg,97890,pituitary,pituitary,1,0.999566,1,1,0.000040,0.000315,0.000080,0.999566
data_rand_fold1/Testing/pituitary/Tr-pi_0133.jpg,98871,pituitary,pituitary,1,0.908018,1,1,0.014234,0.075744,0.002004,0.908018
data_rand_fold1/Testing/pituitary/Tr-pi_0139.jpg,98874,pituitary,meningioma,0,0.639704,1,1,0.006267,0.639704,0.009649,0.344381
data_rand_fold1/Testing/pituitary/Tr-pi_0140.jpg,98874,pituitary,pituitary,1,0.875058,1,1,0.003448,0.116968,0.004526,0.875058
data_rand_fold1/Testing/pituitary/Tr-pi_0141.jpg,98874,pituitary,pituitary,1,0.869030,1,1,0.002267,0.127284,0.001418,0.869030
data_rand_fold1/Testing/pituitary/Tr-pi_0142.jpg,98992,pituitary,pituitary,1,0.504267,1,1,0.066386,0.421559,0.007789,0.504267
data_rand_fold1/Testing/pituitary/Tr-pi_0148.jpg,98992,pituitary,pituitary,1,0.938475,1,1,0.000805,0.059627,0.001092,0.938475
data_rand_fold1/Testing/pituitary/Tr-pi_0152.jpg,98992,pituitary,pituitary,1,0.988271,1,1,0.000192,0.011432,0.000106,0.988271
data_rand_fold1/Testing/pituitary/Tr-pi_0158.jpg,98995,pituitary,pituitary,1,0.974530,1,1,0.000187,0.025040,0.000243,0.974530
data_rand_fold1/Testing/pituitary/Tr-pi_0163.jpg,99223,pituitary,pituitary,1,0.985157,1,1,0.000114,0.014589,0.000139,0.985157
data_rand_fold1/Testing/pituitary/Tr-pi_0181.jpg,101145,pituitary,pituitary,1,0.965818,1,1,0.003314,0.030255,0.000613,0.965818
data_rand_fold1/Testing/pituitary/Tr-pi_0186.jpg,101305,pituitary,pituitary,1,0.989682,1,1,0.002096,0.005757,0.002465,0.989682
data_rand_fold1/Testing/pituitary/Tr-pi_0192.jpg,101724,pituitary,pituitary,1,0.996743,1,1,0.000832,0.001901,0.000524,0.996743
data_rand_fold1/Testing/pituitary/Tr-pi_0195.jpg,101724,pituitary,pituitary,1,0.979590,1,1,0.003741,0.014674,0.001994,0.979590
data_rand_fold1/Testing/pituitary/Tr-pi_0196.jpg,102648,pituitary,pituitary,1,0.929042,1,1,0.042049,0.027756,0.001154,0.929042
data_rand_fold1/Testing/pituitary/Tr-pi_0212.jpg,103257,pituitary,pituitary,1,0.959522,1,1,0.004742,0.031448,0.004288,0.959522
data_rand_fold1/Testing/pituitary/Tr-pi_0215.jpg,103478,pituitary,pituitary,1,0.998086,1,1,0.000374,0.001402,0.000138,0.998086
data_rand_fold1/Testing/pituitary/Tr-pi_0229.jpg,103582,pituitary,pituitary,1,0.998821,1,1,0.000222,0.000742,0.000215,0.998821
data_rand_fold1/Testing/pituitary/Tr-pi_0234.jpg,101029,pituitary,pituitary,1,0.977690,1,1,0.011046,0.008684,0.002580,0.977690
data_rand_fold1/Testing/pituitary/Tr-pi_0246.jpg,103731,pituitary,pituitary,1,0.996103,1,1,0.000544,0.002724,0.000629,0.996103
data_rand_fold1/Testing/pituitary/Tr-pi_0250.jpg,103837,pituitary,pituitary,1,0.997349,1,1,0.000045,0.000604,0.002001,0.997349
data_rand_fold1/Testing/pituitary/Tr-pi_0251.jpg,103837,pituitary,pituitary,1,0.954699,1,1,0.000567,0.010643,0.034091,0.954699
data_rand_fold1/Testing/pituitary/Tr-pi_0260.jpg,103731,pituitary,pituitary,1,0.983698,1,1,0.002747,0.012713,0.000841,0.983698
data_rand_fold1/Testing/pituitary/Tr-pi_0262.jpg,103837,pituitary,pituitary,1,0.983771,1,1,0.001498,0.006972,0.007758,0.983771
data_rand_fold1/Testing/pituitary/Tr-pi_0269.jpg,104558,pituitary,pituitary,1,0.899527,1,1,0.000692,0.099553,0.000227,0.899527
data_rand_fold1/Testing/pituitary/Tr-pi_0274.jpg,104684,pituitary,pituitary,1,0.949205,1,1,0.017456,0.024621,0.008718,0.949205
data_rand_fold1/Testing/pituitary/Tr-pi_0275.jpg,104684,pituitary,pituitary,1,0.997262,1,1,0.000831,0.001588,0.000319,0.997262
data_rand_fold1/Testing/pituitary/Tr-pi_0283.jpg,104912,pituitary,pituitary,1,0.996049,1,1,0.001548,0.002079,0.000325,0.996049
data_rand_fold1/Testing/pituitary/Tr-pi_0285.jpg,104912,pituitary,pituitary,1,0.985724,1,1,0.003530,0.009051,0.001694,0.985724
data_rand_fold1/Testing/pituitary/Tr-pi_0286.jpg,105187,pituitary,pituitary,1,0.999770,1,1,0.000054,0.000140,0.000036,0.999770
data_rand_fold1/Testing/pituitary/Tr-pi_0299.jpg,97416,pituitary,pituitary,1,0.997700,1,1,0.000381,0.001256,0.000664,0.997700
data_rand_fold1/Testing/pituitary/Tr-pi_0300.jpg,106062,pituitary,pituitary,1,0.969293,1,1,0.000706,0.029357,0.000643,0.969293
data_rand_fold1/Testing/pituitary/Tr-pi_0303.jpg,97416,pituitary,pituitary,1,0.997490,1,1,0.000281,0.002132,0.000097,0.997490
data_rand_fold1/Testing/pituitary/Tr-pi_0309.jpg,97461,pituitary,pituitary,1,0.996133,1,1,0.001196,0.002543,0.000127,0.996133
data_rand_fold1/Testing/pituitary/Tr-pi_0315.jpg,97481,pituitary,pituitary,1,0.999546,1,1,0.000148,0.000292,0.000014,0.999546
data_rand_fold1/Testing/pituitary/Tr-pi_0324.jpg,98472,pituitary,pituitary,1,0.998933,1,1,0.000166,0.000757,0.000144,0.998933
data_rand_fold1/Testing/pituitary/Tr-pi_0329.jpg,98652,pituitary,pituitary,1,0.998876,1,1,0.000316,0.000499,0.000309,0.998876
data_rand_fold1/Testing/pituitary/Tr-pi_0336.jpg,103046,pituitary,pituitary,1,0.997640,1,1,0.000668,0.001542,0.000151,0.997640
data_rand_fold1/Testing/pituitary/Tr-pi_0337.jpg,106062,pituitary,pituitary,1,0.971534,1,1,0.000171,0.027810,0.000486,0.971534
data_rand_fold1/Testing/pituitary/Tr-pi_0338.jpg,106062,pituitary,pituitary,1,0.810177,1,1,0.000916,0.188235,0.000672,0.810177
data_rand_fold1/Testing/pituitary/Tr-pi_0340.jpg,107495,pituitary,pituitary,1,0.994513,1,1,0.000742,0.004182,0.000563,0.994513
data_rand_fold1/Testing/pituitary/Tr-pi_0346.jpg,107429,pituitary,pituitary,1,0.882444,1,1,0.000116,0.117291,0.000149,0.882444
data_rand_fold1/Testing/pituitary/Tr-pi_0349.jpg,107429,pituitary,pituitary,1,0.967190,1,1,0.000057,0.032632,0.000121,0.967190
data_rand_fold1/Testing/pituitary/Tr-pi_0363.jpg,108931,pituitary,pituitary,1,0.999190,1,1,0.000048,0.000256,0.000506,0.999190
data_rand_fold1/Testing/pituitary/Tr-pi_0377.jpg,109898,pituitary,pituitary,1,0.968141,1,1,0.004608,0.021818,0.005433,0.968141
data_rand_fold1/Testing/pituitary/Tr-pi_0381.jpg,110518,pituitary,pituitary,1,0.901045,1,1,0.001937,0.096499,0.000518,0.901045
data_rand_fold1/Testing/pituitary/Tr-pi_0393.jpg,111125,pituitary,pituitary,1,0.974864,1,1,0.002608,0.013878,0.008650,0.974864
data_rand_fold1/Testing/pituitary/Tr-pi_0395.jpg,111125,pituitary,pituitary,1,0.992467,1,1,0.000605,0.005966,0.000962,0.992467
data_rand_fold1/Testing/pituitary/Tr-pi_0398.jpg,111785,pituitary,pituitary,1,0.981555,1,1,0.006994,0.011034,0.000416,0.981555
data_rand_fold1/Testing/pituitary/Tr-pi_0402.jpg,112074,pituitary,meningioma,0,0.942070,1,1,0.004040,0.942070,0.002603,0.051287
data_rand_fold1/Testing/pituitary/Tr-pi_0403.jpg,112074,pituitary,meningioma,0,0.907703,1,1,0.009099,0.907703,0.004406,0.078792
data_rand_fold1/Testing/pituitary/Tr-pi_0414.jpg,107429,pituitary,pituitary,1,0.995832,1,1,0.000031,0.004097,0.000040,0.995832
data_rand_fold1/Testing/pituitary/Tr-pi_0422.jpg,112746,pituitary,pituitary,1,0.992415,1,1,0.001128,0.004854,0.001603,0.992415
data_rand_fold1/Testing/pituitary/Tr-pi_0432.jpg,108931,pituitary,pituitary,1,0.998035,1,1,0.000313,0.000198,0.001454,0.998035
data_rand_fold1/Testing/pituitary/Tr-pi_0436.jpg,108931,pituitary,pituitary,1,0.947724,1,1,0.004972,0.015739,0.031565,0.947724
data_rand_fold1/Testing/pituitary/Tr-pi_0439.jpg,109471,pituitary,pituitary,1,0.993530,1,1,0.001572,0.004639,0.000258,0.993530
data_rand_fold1/Testing/pituitary/Tr-pi_0447.jpg,109898,pituitary,pituitary,1,0.980306,1,1,0.004140,0.014667,0.000886,0.980306
data_rand_fold1/Testing/pituitary/Tr-pi_0451.jpg,110518,pituitary,pituitary,1,0.995427,1,1,0.000516,0.003684,0.000373,0.995427
data_rand_fold1/Testing/pituitary/Tr-pi_0453.jpg,110518,pituitary,pituitary,1,0.998197,1,1,0.000097,0.001476,0.000230,0.998197
data_rand_fold1/Testing/pituitary/Tr-pi_0455.jpg,110537,pituitary,pituitary,1,0.972723,1,1,0.004737,0.019713,0.002827,0.972723
data_rand_fold1/Testing/pituitary/Tr-pi_0459.jpg,110537,pituitary,pituitary,1,0.926825,1,1,0.004262,0.061649,0.007265,0.926825
data_rand_fold1/Testing/pituitary/Tr-pi_0470.jpg,111075,pituitary,pituitary,1,0.989754,1,1,0.003974,0.005624,0.000647,0.989754
data_rand_fold1/Testing/pituitary/Tr-pi_0479.jpg,111125,pituitary,pituitary,1,0.998703,1,1,0.000193,0.000790,0.000313,0.998703
data_rand_fold1/Testing/pituitary/Tr-pi_0480.jpg,111125,pituitary,pituitary,1,0.994458,1,1,0.000346,0.004076,0.001120,0.994458
data_rand_fold1/Testing/pituitary/Tr-pi_0481.jpg,111785,pituitary,pituitary,1,0.945883,1,1,0.011450,0.040707,0.001961,0.945883
data_rand_fold1/Testing/pituitary/Tr-pi_0488.jpg,112074,pituitary,pituitary,1,0.478788,1,1,0.087096,0.377454,0.056662,0.478788
data_rand_fold1/Testing/pituitary/Tr-pi_0496.jpg,112074,pituitary,pituitary,1,0.642256,1,1,0.011461,0.320014,0.026269,0.642256
data_rand_fold1/Testing/pituitary/Tr-pi_0497.jpg,112074,pituitary,pituitary,1,0.734071,1,1,0.006392,0.256932,0.002606,0.734071
data_rand_fold1/Testing/pituitary/Tr-pi_0500.jpg,113274,pituitary,pituitary,1,0.999541,1,1,0.000216,0.000217,0.000026,0.999541
data_rand_fold1/Testing/pituitary/Tr-pi_0503.jpg,112649,pituitary,pituitary,1,0.994599,1,1,0.000751,0.003823,0.000827,0.994599
data_rand_fold1/Testing/pituitary/Tr-pi_0508.jpg,112847,pituitary,pituitary,1,0.993902,1,1,0.001456,0.004314,0.000328,0.993902
data_rand_fold1/Testing/pituitary/Tr-pi_0515.jpg,102985,pituitary,meningioma,0,0.821222,1,1,0.135558,0.821222,0.042030,0.001190
data_rand_fold1/Testing/pituitary/Tr-pi_0521.jpg,105936,pituitary,pituitary,1,0.998325,1,1,0.000076,0.000427,0.001172,0.998325
data_rand_fold1/Testing/pituitary/Tr-pi_0522.jpg,105936,pituitary,pituitary,1,0.997298,1,1,0.000035,0.000727,0.001940,0.997298
data_rand_fold1/Testing/pituitary/Tr-pi_0528.jpg,113741,pituitary,pituitary,1,0.993194,1,1,0.000704,0.005455,0.000647,0.993194
data_rand_fold1/Testing/pituitary/Tr-pi_0535.jpg,113741,pituitary,pituitary,1,0.995409,1,1,0.000672,0.001887,0.002032,0.995409
data_rand_fold1/Testing/pituitary/Tr-pi_0538.jpg,114040,pituitary,pituitary,1,0.994002,1,1,0.000627,0.005046,0.000326,0.994002
data_rand_fold1/Testing/pituitary/Tr-pi_0539.jpg,114361,pituitary,pituitary,1,0.795689,1,1,0.000164,0.203199,0.000947,0.795689
data_rand_fold1/Testing/pituitary/Tr-pi_0553.jpg,102648,pituitary,pituitary,1,0.499120,1,1,0.428946,0.070452,0.001482,0.499120
data_rand_fold1/Testing/pituitary/Tr-pi_0563.jpg,114361,pituitary,pituitary,1,0.997307,1,1,0.000105,0.002427,0.000160,0.997307
data_rand_fold1/Testing/pituitary/Tr-pi_0565.jpg,103257,pituitary,pituitary,1,0.988971,1,1,0.000141,0.008609,0.002279,0.988971
data_rand_fold1/Testing/pituitary/Tr-pi_0568.jpg,103478,pituitary,pituitary,1,0.976266,1,1,0.001664,0.004859,0.017212,0.976266
data_rand_fold1/Testing/pituitary/Tr-pi_0572.jpg,103582,pituitary,pituitary,1,0.895127,1,1,0.068459,0.035460,0.000954,0.895127
data_rand_fold1/Testing/pituitary/Tr-pi_0587.jpg,103731,pituitary,pituitary,1,0.990578,1,1,0.001086,0.003996,0.004339,0.990578
data_rand_fold1/Testing/pituitary/Tr-pi_0589.jpg,103837,pituitary,pituitary,1,0.988416,1,1,0.000134,0.010190,0.001260,0.988416
data_rand_fold1/Testing/pituitary/Tr-pi_0591.jpg,103837,pituitary,pituitary,1,0.987403,1,1,0.000535,0.007808,0.004255,0.987403
data_rand_fold1/Testing/pituitary/Tr-pi_0596.jpg,104558,pituitary,pituitary,1,0.959577,1,1,0.007731,0.031967,0.000725,0.959577
data_rand_fold1/Testing/pituitary/Tr-pi_0605.jpg,114094,pituitary,pituitary,1,0.534966,1,1,0.000771,0.462601,0.001662,0.534966
data_rand_fold1/Testing/pituitary/Tr-pi_0612.jpg,105538,pituitary,meningioma,0,0.899563,1,1,0.033875,0.899563,0.005739,0.060824
data_rand_fold1/Testing/pituitary/Tr-pi_0616.jpg,97416,pituitary,pituitary,1,0.914455,1,1,0.038083,0.046342,0.001120,0.914455
data_rand_fold1/Testing/pituitary/Tr-pi_0617.jpg,97416,pituitary,pituitary,1,0.896791,1,1,0.064951,0.035607,0.002650,0.896791
data_rand_fold1/Testing/pituitary/Tr-pi_0619.jpg,97416,pituitary,pituitary,1,0.953737,1,1,0.004300,0.039797,0.002166,0.953737
data_rand_fold1/Testing/pituitary/Tr-pi_0628.jpg,97481,pituitary,pituitary,1,0.978495,1,1,0.012257,0.008936,0.000312,0.978495
data_rand_fold1/Testing/pituitary/Tr-pi_0633.jpg,97890,pituitary,pituitary,1,0.928730,1,1,0.059668,0.010311,0.001291,0.928730
data_rand_fold1/Testing/pituitary/Tr-pi_0639.jpg,98472,pituitary,pituitary,1,0.974935,1,1,0.002268,0.016074,0.006722,0.974935
data_rand_fold1/Testing/pituitary/Tr-pi_0640.jpg,106062,pituitary,pituitary,1,0.995955,1,1,0.000334,0.003252,0.000459,0.995955
data_rand_fold1/Testing/pituitary/Tr-pi_0641.jpg,98652,pituitary,pituitary,1,0.999315,1,1,0.000044,0.000156,0.000485,0.999315
data_rand_fold1/Testing/pituitary/Tr-pi_0643.jpg,98871,pituitary,pituitary,1,0.987200,1,1,0.004390,0.006969,0.001441,0.987200
data_rand_fold1/Testing/pituitary/Tr-pi_0644.jpg,98871,pituitary,pituitary,1,0.998826,1,1,0.000116,0.000996,0.000062,0.998826
data_rand_fold1/Testing/pituitary/Tr-pi_0653.jpg,98992,pituitary,pituitary,1,0.916364,1,1,0.006633,0.075506,0.001497,0.916364
data_rand_fold1/Testing/pituitary/Tr-pi_0660.jpg,98995,pituitary,pituitary,1,0.950421,1,1,0.000127,0.044316,0.005135,0.950421
data_rand_fold1/Testing/pituitary/Tr-pi_0661.jpg,99223,pituitary,pituitary,1,0.944138,1,1,0.003720,0.050808,0.001334,0.944138
data_rand_fold1/Testing/pituitary/Tr-pi_0666.jpg,106062,pituitary,pituitary,1,0.846000,1,1,0.007245,0.140193,0.006561,0.846000
data_rand_fold1/Testing/pituitary/Tr-pi_0670.jpg,101017,pituitary,pituitary,1,0.998196,1,1,0.000341,0.001098,0.000366,0.998196
data_rand_fold1/Testing/pituitary/Tr-pi_0675.jpg,101029,pituitary,pituitary,1,0.999432,1,1,0.000017,0.000343,0.000208,0.999432
data_rand_fold1/Testing/pituitary/Tr-pi_0676.jpg,101145,pituitary,pituitary,1,0.991467,1,1,0.000483,0.007674,0.000376,0.991467
data_rand_fold1/Testing/pituitary/Tr-pi_0677.jpg,101145,pituitary,pituitary,1,0.991467,1,1,0.000483,0.007674,0.000376,0.991467
data_rand_fold1/Testing/pituitary/Tr-pi_0691.jpg,103257,pituitary,pituitary,1,0.999854,1,1,0.000059,0.000075,0.000012,0.999854
data_rand_fold1/Testing/pituitary/Tr-pi_0698.jpg,106062,pituitary,pituitary,1,0.922087,1,1,0.000925,0.073910,0.003077,0.922087
data_rand_fold1/Testing/pituitary/Tr-pi_0705.jpg,107495,pituitary,pituitary,1,0.996869,1,1,0.000107,0.000789,0.002235,0.996869
data_rand_fold1/Testing/pituitary/Tr-pi_0715.jpg,107505,pituitary,pituitary,1,0.996785,1,1,0.001271,0.001707,0.000236,0.996785
data_rand_fold1/Testing/pituitary/Tr-pi_0721.jpg,107505,pituitary,pituitary,1,0.998801,1,1,0.000461,0.000582,0.000157,0.998801
data_rand_fold1/Testing/pituitary/Tr-pi_0723.jpg,107743,pituitary,pituitary,1,0.997150,1,1,0.000114,0.000559,0.002177,0.997150
data_rand_fold1/Testing/pituitary/Tr-pi_0725.jpg,108858,pituitary,pituitary,1,0.992433,1,1,0.000771,0.004851,0.001945,0.992433
data_rand_fold1/Testing/pituitary/Tr-pi_0733.jpg,109471,pituitary,pituitary,1,0.720665,1,1,0.001034,0.271490,0.006811,0.720665
data_rand_fold1/Testing/pituitary/Tr-pi_0750.jpg,103582,pituitary,pituitary,1,0.997025,1,1,0.000111,0.002608,0.000255,0.997025
data_rand_fold1/Testing/pituitary/Tr-pi_0754.jpg,103582,pituitary,pituitary,1,0.981042,1,1,0.000265,0.018104,0.000589,0.981042
data_rand_fold1/Testing/pituitary/Tr-pi_0756.jpg,103670,pituitary,pituitary,1,0.997993,1,1,0.000277,0.001471,0.000258,0.997993
data_rand_fold1/Testing/pituitary/Tr-pi_0757.jpg,103670,pituitary,pituitary,1,0.997818,1,1,0.000239,0.001560,0.000383,0.997818
data_rand_fold1/Testing/pituitary/Tr-pi_0771.jpg,110537,pituitary,pituitary,1,0.987424,1,1,0.001995,0.009650,0.000931,0.987424
data_rand_fold1/Testing/pituitary/Tr-pi_0775.jpg,110993,pituitary,pituitary,1,0.999024,1,1,0.000115,0.000790,0.000071,0.999024
data_rand_fold1/Testing/pituitary/Tr-pi_0779.jpg,111075,pituitary,pituitary,1,0.988539,1,1,0.007086,0.003944,0.000432,0.988539
data_rand_fold1/Testing/pituitary/Tr-pi_0789.jpg,111785,pituitary,pituitary,1,0.969244,1,1,0.018337,0.011311,0.001108,0.969244
data_rand_fold1/Testing/pituitary/Tr-pi_0792.jpg,112074,pituitary,pituitary,1,0.756186,1,1,0.018211,0.221927,0.003677,0.756186
data_rand_fold1/Testing/pituitary/Tr-pi_0800.jpg,112649,pituitary,pituitary,1,0.874231,1,1,0.107639,0.015811,0.002319,0.874231
data_rand_fold1/Testing/pituitary/Tr-pi_0804.jpg,112746,pituitary,pituitary,1,0.986770,1,1,0.002298,0.006823,0.004108,0.986770
data_rand_fold1/Testing/pituitary/Tr-pi_0808.jpg,113274,pituitary,pituitary,1,0.999817,1,1,0.000039,0.000094,0.000051,0.999817
data_rand_fold1/Testing/pituitary/Tr-pi_0809.jpg,113274,pituitary,pituitary,1,0.999267,1,1,0.000336,0.000355,0.000042,0.999267
data_rand_fold1/Testing/pituitary/Tr-pi_0811.jpg,113741,pituitary,pituitary,1,0.998566,1,1,0.000340,0.000841,0.000254,0.998566
data_rand_fold1/Testing/pituitary/Tr-pi_0813.jpg,114040,pituitary,pituitary,1,0.991839,1,1,0.003165,0.004509,0.000487,0.991839
data_rand_fold1/Testing/pituitary/Tr-pi_0818.jpg,114361,pituitary,pituitary,1,0.990337,1,1,0.000239,0.009268,0.000156,0.990337
data_rand_fold1/Testing/pituitary/Tr-pi_0823.jpg,105936,pituitary,pituitary,1,0.999722,1,1,0.000031,0.000189,0.000058,0.999722
data_rand_fold1/Testing/pituitary/Tr-pi_0824.jpg,105936,pituitary,pituitary,1,0.999586,1,1,0.000045,0.000173,0.000196,0.999586
data_rand_fold1/Testing/pituitary/Tr-pi_0825.jpg,113741,pituitary,pituitary,1,0.998682,1,1,0.000112,0.000909,0.000296,0.998682
data_rand_fold1/Testing/pituitary/Tr-pi_0828.jpg,106062,pituitary,pituitary,1,0.937516,1,1,0.003789,0.052871,0.005824,0.937516
data_rand_fold1/Testing/pituitary/Tr-pi_0829.jpg,106062,pituitary,pituitary,1,0.994430,1,1,0.000081,0.005374,0.000116,0.994430
data_rand_fold1/Testing/pituitary/Tr-pi_0830.jpg,106062,pituitary,pituitary,1,0.976923,1,1,0.000338,0.022502,0.000237,0.976923
data_rand_fold1/Testing/pituitary/Tr-pi_0832.jpg,107495,pituitary,pituitary,1,0.999488,1,1,0.000044,0.000285,0.000183,0.999488
data_rand_fold1/Testing/pituitary/Tr-pi_0836.jpg,107429,pituitary,pituitary,1,0.991765,1,1,0.002028,0.005743,0.000464,0.991765
data_rand_fold1/Testing/pituitary/Tr-pi_0843.jpg,107505,pituitary,pituitary,1,0.997284,1,1,0.000933,0.001318,0.000465,0.997284
data_rand_fold1/Testing/pituitary/Tr-pi_0850.jpg,108858,pituitary,pituitary,1,0.999554,1,1,0.000021,0.000331,0.000095,0.999554
data_rand_fold1/Testing/pituitary/Tr-pi_0863.jpg,109769,pituitary,pituitary,1,0.995982,1,1,0.000439,0.002603,0.000976,0.995982
data_rand_fold1/Testing/pituitary/Tr-pi_0867.jpg,109898,pituitary,pituitary,1,0.991532,1,1,0.000887,0.004843,0.002737,0.991532
data_rand_fold1/Testing/pituitary/Tr-pi_0876.jpg,110993,pituitary,pituitary,1,0.995985,1,1,0.000650,0.002983,0.000382,0.995985
data_rand_fold1/Testing/pituitary/Tr-pi_0885.jpg,111785,pituitary,pituitary,1,0.968515,1,1,0.004564,0.026149,0.000771,0.968515
data_rand_fold1/Testing/pituitary/Tr-pi_0886.jpg,111785,pituitary,pituitary,1,0.987793,1,1,0.001632,0.009439,0.001136,0.987793
data_rand_fold1/Testing/pituitary/Tr-pi_0890.jpg,105936,pituitary,pituitary,1,0.995473,1,1,0.000108,0.000556,0.003863,0.995473
data_rand_fold1/Testing/pituitary/Tr-pi_0896.jpg,114094,pituitary,pituitary,1,0.632547,1,1,0.033601,0.326840,0.007012,0.632547
data_rand_fold1/Testing/pituitary/Tr-pi_0903.jpg,112746,pituitary,pituitary,1,0.967424,1,1,0.011772,0.018426,0.002378,0.967424
data_rand_fold1/Testing/pituitary/Tr-pi_0905.jpg,114094,pituitary,pituitary,1,0.903386,1,1,0.010899,0.071706,0.014009,0.903386
data_rand_fold1/Testing/pituitary/Tr-pi_0906.jpg,112746,pituitary,pituitary,1,0.999047,1,1,0.000169,0.000713,0.000070,0.999047
data_rand_fold1/Testing/pituitary/Tr-pi_0913.jpg,106062,pituitary,pituitary,1,0.677905,1,1,0.002944,0.304646,0.014506,0.677905
data_rand_fold1/Testing/pituitary/Tr-pi_0916.jpg,106062,pituitary,pituitary,1,0.946898,1,1,0.000323,0.042263,0.010516,0.946898
data_rand_fold1/Testing/pituitary/Tr-pi_0919.jpg,107495,pituitary,pituitary,1,0.984456,1,1,0.000924,0.004305,0.010315,0.984456
data_rand_fold1/Testing/pituitary/Tr-pi_0928.jpg,107505,pituitary,pituitary,1,0.988289,1,1,0.005632,0.005492,0.000588,0.988289
data_rand_fold1/Testing/pituitary/Tr-pi_0941.jpg,108858,pituitary,pituitary,1,0.994379,1,1,0.001465,0.002317,0.001839,0.994379
data_rand_fold1/Testing/pituitary/Tr-pi_0947.jpg,109769,pituitary,pituitary,1,0.985470,1,1,0.001071,0.007507,0.005952,0.985470
data_rand_fold1/Testing/pituitary/Tr-pi_0957.jpg,110537,pituitary,pituitary,1,0.978221,1,1,0.008472,0.010929,0.002378,0.978221
data_rand_fold1/Testing/pituitary/Tr-pi_0959.jpg,110993,pituitary,pituitary,1,0.995218,1,1,0.000552,0.002483,0.001747,0.995218
data_rand_fold1/Testing/pituitary/Tr-pi_0964.jpg,111075,pituitary,pituitary,1,0.996898,1,1,0.001291,0.001565,0.000246,0.996898
data_rand_fold1/Testing/pituitary/Tr-pi_0969.jpg,111125,pituitary,pituitary,1,0.995225,1,1,0.000442,0.001958,0.002375,0.995225
data_rand_fold1/Testing/pituitary/Tr-pi_0979.jpg,114040,pituitary,pituitary,1,0.997766,1,1,0.000312,0.001561,0.000361,0.997766
data_rand_fold1/Testing/pituitary/Tr-pi_0984.jpg,114094,pituitary,pituitary,1,0.980008,1,1,0.002427,0.013375,0.004191,0.980008
data_rand_fold1/Testing/pituitary/Tr-pi_0986.jpg,101029,pituitary,pituitary,1,0.990380,1,1,0.001084,0.001780,0.006757,0.990380
data_rand_fold1/Testing/pituitary/Tr-pi_0991.jpg,101305,pituitary,pituitary,1,0.990475,1,1,0.002493,0.006582,0.000450,0.990475
data_rand_fold1/Testing/pituitary/Tr-pi_1008.jpg,103478,pituitary,pituitary,1,0.977116,1,1,0.005589,0.015895,0.001400,0.977116
data_rand_fold1/Testing/pituitary/Tr-pi_1009.jpg,103478,pituitary,pituitary,1,0.868895,1,1,0.007261,0.119024,0.004820,0.868895
data_rand_fold1/Testing/pituitary/Tr-pi_1013.jpg,103478,pituitary,pituitary,1,0.870072,1,1,0.005185,0.002245,0.122498,0.870072
data_rand_fold1/Testing/pituitary/Tr-pi_1018.jpg,103670,pituitary,pituitary,1,0.999246,1,1,0.000053,0.000322,0.000380,0.999246
data_rand_fold1/Testing/pituitary/Tr-pi_1019.jpg,103670,pituitary,pituitary,1,0.995901,1,1,0.000366,0.002303,0.001429,0.995901
data_rand_fold1/Testing/pituitary/Tr-pi_1020.jpg,103671,pituitary,pituitary,1,0.872264,1,1,0.106104,0.020062,0.001570,0.872264
data_rand_fold1/Testing/pituitary/Tr-pi_1030.jpg,103731,pituitary,pituitary,1,0.970505,1,1,0.000811,0.024932,0.003752,0.970505
data_rand_fold1/Testing/pituitary/Tr-pi_1034.jpg,103837,pituitary,pituitary,1,0.996555,1,1,0.000122,0.001874,0.001449,0.996555
data_rand_fold1/Testing/pituitary/Tr-pi_1037.jpg,103837,pituitary,pituitary,1,0.976631,1,1,0.000661,0.006226,0.016482,0.976631
data_rand_fold1/Testing/pituitary/Tr-pi_1040.jpg,101029,pituitary,pituitary,1,0.938898,1,1,0.031724,0.023658,0.005720,0.938898
data_rand_fold1/Testing/pituitary/Tr-pi_1041.jpg,104019,pituitary,pituitary,1,0.998168,1,1,0.000877,0.000555,0.000400,0.998168
data_rand_fold1/Testing/pituitary/Tr-pi_1044.jpg,104558,pituitary,pituitary,1,0.994801,1,1,0.000902,0.004148,0.000149,0.994801
data_rand_fold1/Testing/pituitary/Tr-pi_1050.jpg,104684,pituitary,pituitary,1,0.996446,1,1,0.000381,0.000425,0.002748,0.996446
data_rand_fold1/Testing/pituitary/Tr-pi_1051.jpg,104684,pituitary,pituitary,1,0.998960,1,1,0.000058,0.000096,0.000886,0.998960
data_rand_fold1/Testing/pituitary/Tr-pi_1052.jpg,104684,pituitary,pituitary,1,0.997635,1,1,0.000124,0.000703,0.001538,0.997635
data_rand_fold1/Testing/pituitary/Tr-pi_1055.jpg,104684,pituitary,pituitary,1,0.959211,1,1,0.000734,0.007114,0.032940,0.959211
data_rand_fold1/Testing/pituitary/Tr-pi_1067.jpg,105538,pituitary,meningioma,0,0.909335,1,1,0.077697,0.909335,0.002364,0.010604
data_rand_fold1/Testing/pituitary/Tr-pi_1068.jpg,105538,pituitary,meningioma,0,0.618129,1,1,0.127067,0.618129,0.015744,0.239059
data_rand_fold1/Testing/pituitary/Tr-pi_1072.jpg,97416,pituitary,pituitary,1,0.929297,1,1,0.030125,0.039262,0.001316,0.929297
data_rand_fold1/Testing/pituitary/Tr-pi_1086.jpg,97461,pituitary,pituitary,1,0.997653,1,1,0.000728,0.000624,0.000994,0.997653
data_rand_fold1/Testing/pituitary/Tr-pi_1087.jpg,97481,pituitary,pituitary,1,0.881341,1,1,0.058823,0.057469,0.002367,0.881341
data_rand_fold1/Testing/pituitary/Tr-pi_1090.jpg,97599,pituitary,pituitary,1,0.781674,1,1,0.050573,0.159960,0.007793,0.781674
data_rand_fold1/Testing/pituitary/Tr-pi_1093.jpg,106062,pituitary,pituitary,1,0.990601,1,1,0.000660,0.006817,0.001922,0.990601
data_rand_fold1/Testing/pituitary/Tr-pi_1099.jpg,98472,pituitary,pituitary,1,0.984105,1,1,0.000094,0.015040,0.000761,0.984105
data_rand_fold1/Testing/pituitary/Tr-pi_1102.jpg,98652,pituitary,pituitary,1,0.991559,1,1,0.000284,0.000789,0.007368,0.991559
data_rand_fold1/Testing/pituitary/Tr-pi_1105.jpg,98871,pituitary,pituitary,1,0.965726,1,1,0.000305,0.033616,0.000354,0.965726
data_rand_fold1/Testing/pituitary/Tr-pi_1107.jpg,106062,pituitary,pituitary,1,0.989510,1,1,0.001655,0.007694,0.001140,0.989510
data_rand_fold1/Testing/pituitary/Tr-pi_1108.jpg,98874,pituitary,pituitary,1,0.505010,1,1,0.087433,0.403967,0.003591,0.505010
data_rand_fold1/Testing/pituitary/Tr-pi_1112.jpg,98992,pituitary,pituitary,1,0.887716,1,1,0.015956,0.093577,0.002750,0.887716
data_rand_fold1/Testing/pituitary/Tr-pi_1117.jpg,98995,pituitary,pituitary,1,0.996979,1,1,0.000049,0.002518,0.000454,0.996979
data_rand_fold1/Testing/pituitary/Tr-pi_1118.jpg,98995,pituitary,pituitary,1,0.994956,1,1,0.000111,0.002644,0.002288,0.994956
data_rand_fold1/Testing/pituitary/Tr-pi_1125.jpg,99223,pituitary,pituitary,1,0.918084,1,1,0.052019,0.029361,0.000536,0.918084
data_rand_fold1/Testing/pituitary/Tr-pi_1136.jpg,101029,pituitary,pituitary,1,0.999788,1,1,0.000023,0.000135,0.000054,0.999788
data_rand_fold1/Testing/pituitary/Tr-pi_1138.jpg,107495,pituitary,pituitary,1,0.998390,1,1,0.000185,0.000967,0.000457,0.998390
data_rand_fold1/Testing/pituitary/Tr-pi_1139.jpg,101029,pituitary,pituitary,1,0.998205,1,1,0.000199,0.001127,0.000469,0.998205
data_rand_fold1/Testing/pituitary/Tr-pi_1145.jpg,101305,pituitary,pituitary,1,0.994572,1,1,0.000573,0.004511,0.000343,0.994572
data_rand_fold1/Testing/pituitary/Tr-pi_1153.jpg,107495,pituitary,pituitary,1,0.999607,1,1,0.000045,0.000268,0.000080,0.999607
data_rand_fold1/Testing/pituitary/Tr-pi_1164.jpg,103478,pituitary,pituitary,1,0.944853,1,1,0.013424,0.032187,0.009536,0.944853
data_rand_fold1/Testing/pituitary/Tr-pi_1172.jpg,103582,pituitary,pituitary,1,0.998859,1,1,0.000112,0.000812,0.000218,0.998859
data_rand_fold1/Testing/pituitary/Tr-pi_1175.jpg,103670,pituitary,pituitary,1,0.999335,1,1,0.000173,0.000389,0.000102,0.999335
data_rand_fold1/Testing/pituitary/Tr-pi_1182.jpg,103671,pituitary,pituitary,1,0.999532,1,1,0.000058,0.000345,0.000065,0.999532
data_rand_fold1/Testing/pituitary/Tr-pi_1187.jpg,103731,pituitary,pituitary,1,0.955948,1,1,0.003346,0.038046,0.002660,0.955948
data_rand_fold1/Testing/pituitary/Tr-pi_1188.jpg,103837,pituitary,pituitary,1,0.981476,1,1,0.005204,0.012425,0.000895,0.981476
data_rand_fold1/Testing/pituitary/Tr-pi_1199.jpg,104558,pituitary,pituitary,1,0.960330,1,1,0.000791,0.038685,0.000194,0.960330
data_rand_fold1/Testing/pituitary/Tr-pi_1204.jpg,104684,pituitary,pituitary,1,0.997810,1,1,0.000518,0.000925,0.000747,0.997810
data_rand_fold1/Testing/pituitary/Tr-pi_1207.jpg,104684,pituitary,pituitary,1,0.999449,1,1,0.000102,0.000289,0.000160,0.999449
data_rand_fold1/Testing/pituitary/Tr-pi_1208.jpg,104684,pituitary,pituitary,1,0.998759,1,1,0.000171,0.000539,0.000532,0.998759
data_rand_fold1/Testing/pituitary/Tr-pi_1214.jpg,105187,pituitary,pituitary,1,0.995948,1,1,0.000670,0.001665,0.001717,0.995948
data_rand_fold1/Testing/pituitary/Tr-pi_1221.jpg,105538,pituitary,meningioma,0,0.960183,1,1,0.018426,0.960183,0.009119,0.012273
data_rand_fold1/Testing/pituitary/Tr-pi_1232.jpg,97416,pituitary,pituitary,1,0.997823,1,1,0.000088,0.002010,0.000079,0.997823
data_rand_fold1/Testing/pituitary/Tr-pi_1234.jpg,97461,pituitary,pituitary,1,0.977702,1,1,0.001909,0.020072,0.000317,0.977702
data_rand_fold1/Testing/pituitary/Tr-pi_1235.jpg,97461,pituitary,pituitary,1,0.997370,1,1,0.000824,0.001699,0.000107,0.997370
data_rand_fold1/Testing/pituitary/Tr-pi_1243.jpg,97481,pituitary,pituitary,1,0.998001,1,1,0.000297,0.001597,0.000105,0.998001
data_rand_fold1/Testing/pituitary/Tr-pi_1251.jpg,98472,pituitary,pituitary,1,0.981279,1,1,0.000508,0.018030,0.000182,0.981279
data_rand_fold1/Testing/pituitary/Tr-pi_1258.jpg,98871,pituitary,pituitary,1,0.999413,1,1,0.000035,0.000516,0.000036,0.999413
data_rand_fold1/Testing/pituitary/Tr-pi_1260.jpg,98871,pituitary,pituitary,1,0.999407,1,1,0.000085,0.000457,0.000051,0.999407
data_rand_fold1/Testing/pituitary/Tr-pi_1261.jpg,98871,pituitary,pituitary,1,0.999014,1,1,0.000207,0.000657,0.000121,0.999014
data_rand_fold1/Testing/pituitary/Tr-pi_1262.jpg,98871,pituitary,pituitary,1,0.981506,1,1,0.002701,0.014760,0.001033,0.981506
data_rand_fold1/Testing/pituitary/Tr-pi_1280.jpg,99223,pituitary,pituitary,1,0.976460,1,1,0.000140,0.023250,0.000150,0.976460
data_rand_fold1/Testing/pituitary/Tr-pi_1285.jpg,101017,pituitary,pituitary,1,0.997274,1,1,0.000888,0.001069,0.000769,0.997274
data_rand_fold1/Testing/pituitary/Tr-pi_1286.jpg,101029,pituitary,pituitary,1,0.997861,1,1,0.000592,0.000891,0.000656,0.997861
data_rand_fold1/Testing/pituitary/Tr-pi_1297.jpg,101305,pituitary,pituitary,1,0.998649,1,1,0.000266,0.000823,0.000262,0.998649
data_rand_fold1/Testing/pituitary/Tr-pi_1301.jpg,101724,pituitary,pituitary,1,0.998382,1,1,0.000269,0.000813,0.000536,0.998382
data_rand_fold1/Testing/pituitary/Tr-pi_1302.jpg,101724,pituitary,pituitary,1,0.993529,1,1,0.000398,0.002888,0.003185,0.993529
data_rand_fold1/Testing/pituitary/Tr-pi_1311.jpg,103046,pituitary,pituitary,1,0.999758,1,1,0.000015,0.000080,0.000147,0.999758
data_rand_fold1/Testing/pituitary/Tr-pi_1312.jpg,103046,pituitary,pituitary,1,0.998679,1,1,0.000174,0.000192,0.000956,0.998679
data_rand_fold1/Testing/pituitary/Tr-pi_1315.jpg,103257,pituitary,pituitary,1,0.996015,1,1,0.000136,0.003390,0.000459,0.996015
data_rand_fold1/Testing/pituitary/Tr-pi_1317.jpg,103257,pituitary,pituitary,1,0.991885,1,1,0.000888,0.003427,0.003801,0.991885
data_rand_fold1/Testing/pituitary/Tr-pi_1325.jpg,103478,pituitary,pituitary,1,0.998831,1,1,0.000140,0.000947,0.000082,0.998831
data_rand_fold1/Testing/pituitary/Tr-pi_1326.jpg,108858,pituitary,pituitary,1,0.983559,1,1,0.002534,0.012579,0.001329,0.983559
data_rand_fold1/Testing/pituitary/Tr-pi_1334.jpg,103670,pituitary,pituitary,1,0.999723,1,1,0.000011,0.000041,0.000225,0.999723
data_rand_fold1/Testing/pituitary/Tr-pi_1336.jpg,103670,pituitary,pituitary,1,0.998030,1,1,0.000144,0.001514,0.000312,0.998030
data_rand_fold1/Testing/pituitary/Tr-pi_1344.jpg,103837,pituitary,pituitary,1,0.979994,1,1,0.002104,0.013598,0.004304,0.979994
data_rand_fold1/Testing/pituitary/Tr-pi_1347.jpg,103837,pituitary,pituitary,1,0.970533,1,1,0.000161,0.001794,0.027512,0.970533
data_rand_fold1/Testing/pituitary/Tr-pi_1351.jpg,104019,pituitary,pituitary,1,0.999366,1,1,0.000080,0.000367,0.000187,0.999366
data_rand_fold1/Testing/pituitary/Tr-pi_1354.jpg,104558,pituitary,pituitary,1,0.923546,1,1,0.001380,0.073572,0.001502,0.923546
data_rand_fold1/Testing/pituitary/Tr-pi_1362.jpg,104684,pituitary,pituitary,1,0.999945,1,1,0.000014,0.000023,0.000019,0.999945
data_rand_fold1/Testing/pituitary/Tr-pi_1368.jpg,104912,pituitary,pituitary,1,0.983979,1,1,0.008299,0.006283,0.001438,0.983979
data_rand_fold1/Testing/pituitary/Tr-pi_1370.jpg,104912,pituitary,pituitary,1,0.995117,1,1,0.001501,0.003038,0.000345,0.995117
data_rand_fold1/Testing/pituitary/Tr-pi_1386.jpg,108931,pituitary,pituitary,1,0.989573,1,1,0.001381,0.002528,0.006518,0.989573
data_rand_fold1/Testing/pituitary/Tr-pi_1390.jpg,97416,pituitary,pituitary,1,0.982284,1,1,0.000422,0.016236,0.001057,0.982284
data_rand_fold1/Testing/pituitary/Tr-pi_1391.jpg,97416,pituitary,pituitary,1,0.985047,1,1,0.000631,0.013134,0.001188,0.985047
data_rand_fold1/Testing/pituitary/Tr-pi_1393.jpg,97416,pituitary,pituitary,1,0.599223,1,1,0.062069,0.329397,0.009310,0.599223
data_rand_fold1/Testing/pituitary/Tr-pi_1395.jpg,97461,pituitary,pituitary,1,0.995925,1,1,0.000986,0.002675,0.000414,0.995925
data_rand_fold1/Testing/pituitary/Tr-pi_1402.jpg,97481,pituitary,pituitary,1,0.999702,1,1,0.000064,0.000157,0.000078,0.999702
data_rand_fold1/Testing/pituitary/Tr-pi_1404.jpg,97481,pituitary,pituitary,1,0.996170,1,1,0.000892,0.001693,0.001246,0.996170
data_rand_fold1/Testing/pituitary/Tr-pi_1408.jpg,97890,pituitary,pituitary,1,0.997616,1,1,0.000315,0.000737,0.001332,0.997616
data_rand_fold1/Testing/pituitary/Tr-pi_1413.jpg,98472,pituitary,pituitary,1,0.982168,1,1,0.000109,0.015403,0.002320,0.982168
data_rand_fold1/Testing/pituitary/Tr-pi_1414.jpg,98472,pituitary,pituitary,1,0.997728,1,1,0.000066,0.001407,0.000798,0.997728
data_rand_fold1/Testing/pituitary/Tr-pi_1416.jpg,109471,pituitary,pituitary,1,0.962915,1,1,0.009235,0.026595,0.001254,0.962915
data_rand_fold1/Testing/pituitary/Tr-pi_1420.jpg,98652,pituitary,pituitary,1,0.992820,1,1,0.001149,0.004980,0.001052,0.992820
data_rand_fold1/Testing/pituitary/Tr-pi_1421.jpg,98871,pituitary,pituitary,1,0.984240,1,1,0.006499,0.008653,0.000609,0.984240
data_rand_fold1/Testing/pituitary/Tr-pi_1428.jpg,98874,pituitary,pituitary,1,0.997695,1,1,0.000225,0.001835,0.000245,0.997695
data_rand_fold1/Testing/pituitary/Tr-pi_1431.jpg,98874,pituitary,pituitary,1,0.985656,1,1,0.001082,0.012672,0.000590,0.985656
data_rand_fold1/Testing/pituitary/Tr-pi_1437.jpg,98992,pituitary,pituitary,1,0.991454,1,1,0.002304,0.003912,0.002331,0.991454
data_rand_fold1/Testing/pituitary/Tr-pi_1438.jpg,109471,pituitary,pituitary,1,0.997649,1,1,0.000933,0.001341,0.000077,0.997649
data_rand_fold1/Testing/pituitary/Tr-pi_1440.jpg,98992,pituitary,pituitary,1,0.994705,1,1,0.001548,0.002901,0.000845,0.994705
data_rand_fold1/Testing/pituitary/Tr-pi_1447.jpg,99223,pituitary,pituitary,1,0.993282,1,1,0.000267,0.006014,0.000438,0.993282
data_rand_fold1/Testing/pituitary/Tr-pi_1448.jpg,99223,pituitary,pituitary,1,0.989310,1,1,0.000129,0.010326,0.000234,0.989310
data_rand_fold1/Testing/pituitary/Tr-pi_1453.jpg,109769,pituitary,pituitary,1,0.990648,1,1,0.000293,0.007182,0.001877,0.990648
