path,group,true,pred,correct,confidence,fold,seed,p_glioma,p_meningioma,p_notumor,p_pituitary
data_cv_fold0/Testing/glioma/Te-glTr_0002.jpg,MR051586,glioma,glioma,1,0.999799,0,1,0.999799,0.000126,0.000070,0.000006
data_cv_fold0/Testing/glioma/Te-glTr_0005.jpg,MR051651,glioma,meningioma,0,0.506112,0,1,0.483490,0.506112,0.009438,0.000961
data_cv_fold0/Testing/glioma/Te-glTr_0006.jpg,MR051796B,glioma,glioma,1,0.999909,0,1,0.999909,0.000045,0.000024,0.000023
data_cv_fold0/Testing/glioma/Te-gl_0011.jpg,MR053110B,glioma,glioma,1,0.998429,0,1,0.998429,0.000113,0.000770,0.000688
data_cv_fold0/Testing/glioma/Te-gl_0012.jpg,MR054683,glioma,glioma,1,0.999851,0,1,0.999851,0.000060,0.000049,0.000040
data_cv_fold0/Testing/glioma/Te-gl_0015.jpg,MR053110E,glioma,glioma,1,0.999140,0,1,0.999140,0.000362,0.000365,0.000133
data_cv_fold0/Testing/glioma/Te-gl_0019.jpg,MR037458B,glioma,glioma,1,0.945661,0,1,0.945661,0.054093,0.000060,0.000186
data_cv_fold0/Testing/glioma/Te-gl_0025.jpg,MR050135B,glioma,glioma,1,0.999917,0,1,0.999917,0.000047,0.000024,0.000012
data_cv_fold0/Testing/glioma/Te-gl_0026.jpg,MR050135B,glioma,glioma,1,0.999684,0,1,0.999684,0.000049,0.000174,0.000093
data_cv_fold0/Testing/glioma/Te-gl_0027.jpg,MR050135B,glioma,glioma,1,0.999949,0,1,0.999949,0.000031,0.000018,0.000002
data_cv_fold0/Testing/glioma/Te-gl_0040.jpg,MR048944,glioma,glioma,1,0.999668,0,1,0.999668,0.000156,0.000102,0.000075
data_cv_fold0/Testing/glioma/Te-gl_0045.jpg,106494,glioma,glioma,1,0.949111,0,1,0.949111,0.047905,0.002823,0.000161
data_cv_fold0/Testing/glioma/Te-gl_0046.jpg,106494,glioma,glioma,1,0.833947,0,1,0.833947,0.165797,0.000240,0.000016
data_cv_fold0/Testing/glioma/Te-gl_0057.jpg,MR049142,glioma,glioma,1,0.991748,0,1,0.991748,0.005244,0.001896,0.001112
data_cv_fold0/Testing/glioma/Te-gl_0066.jpg,MR050135B,glioma,glioma,1,0.999950,0,1,0.999950,0.000007,0.000021,0.000021
data_cv_fold0/Testing/glioma/Te-gl_0067.jpg,MR050135B,glioma,glioma,1,0.999610,0,1,0.999610,0.000085,0.000164,0.000141
data_cv_fold0/Testing/glioma/Te-gl_0076.jpg,MR024780G,glioma,glioma,1,0.999986,0,1,0.999986,0.000003,0.000010,0.000001
data_cv_fold0/Testing/glioma/Te-gl_0077.jpg,MR024780G,glioma,glioma,1,0.999765,0,1,0.999765,0.000125,0.000102,0.000008
data_cv_fold0/Testing/glioma/Te-gl_0078.jpg,MR024780G,glioma,glioma,1,0.999986,0,1,0.999986,0.000005,0.000005,0.000004
data_cv_fold0/Testing/glioma/Te-gl_0079.jpg,MR024780G,glioma,glioma,1,0.999978,0,1,0.999978,0.000002,0.000018,0.000002
data_cv_fold0/Testing/glioma/Te-gl_0082.jpg,MR050135B,glioma,glioma,1,0.999890,0,1,0.999890,0.000040,0.000063,0.000007
data_cv_fold0/Testing/glioma/Te-gl_0090.jpg,MR051796B,glioma,glioma,1,0.999975,0,1,0.999975,0.000014,0.000004,0.000007
data_cv_fold0/Testing/glioma/Te-gl_0095.jpg,MR053110B,glioma,glioma,1,0.999920,0,1,0.999920,0.000058,0.000020,0.000002
data_cv_fold0/Testing/glioma/Te-gl_0099.jpg,MR053110E,glioma,glioma,1,0.999095,0,1,0.999095,0.000106,0.000184,0.000615
data_cv_fold0/Testing/glioma/Te-gl_0106.jpg,MR037458B,glioma,glioma,1,0.862722,0,1,0.862722,0.137034,0.000043,0.000200
data_cv_fold0/Testing/glioma/Te-gl_0107.jpg,MR037458B,glioma,meningioma,0,0.928252,0,1,0.064583,0.928252,0.006661,0.000504
data_cv_fold0/Testing/glioma/Te-gl_0125.jpg,MR049142,glioma,glioma,1,0.982275,0,1,0.982275,0.016543,0.000873,0.000309
data_cv_fold0/Testing/glioma/Te-gl_0126.jpg,MR049142,glioma,glioma,1,0.997888,0,1,0.997888,0.001803,0.000205,0.000104
data_cv_fold0/Testing/glioma/Te-gl_0134.jpg,MR024780G,glioma,glioma,1,0.999998,0,1,0.999998,0.000001,0.000001,0.000000
data_cv_fold0/Testing/glioma/Te-gl_0142.jpg,MR048944,glioma,glioma,1,0.999853,0,1,0.999853,0.000125,0.000015,0.000007
data_cv_fold0/Testing/glioma/Te-gl_0158.jpg,MR037458B,glioma,glioma,1,0.982166,0,1,0.982166,0.017797,0.000033,0.000004
data_cv_fold0/Testing/glioma/Te-gl_0159.jpg,MR037458B,glioma,meningioma,0,0.945717,0,1,0.054191,0.945717,0.000056,0.000035
data_cv_fold0/Testing/glioma/Te-gl_0161.jpg,MR053110E,glioma,glioma,1,0.999838,0,1,0.999838,0.000146,0.000010,0.000007
data_cv_fold0/Testing/glioma/Te-gl_0162.jpg,MR053110E,glioma,glioma,1,0.999812,0,1,0.999812,0.000163,0.000021,0.000004
data_cv_fold0/Testing/glioma/Te-gl_0163.jpg,MR053110E,glioma,glioma,1,0.999985,0,1,0.999985,0.000014,0.000001,0.000000
data_cv_fold0/Testing/glioma/Te-gl_0168.jpg,MR037458B,glioma,glioma,1,0.997585,0,1,0.997585,0.002409,0.000004,0.000001
data_cv_fold0/Testing/glioma/Te-gl_0175.jpg,MR048944,glioma,glioma,1,0.999995,0,1,0.999995,0.000002,0.000003,0.000000
data_cv_fold0/Testing/glioma/Te-gl_0176.jpg,MR048944,glioma,glioma,1,0.999997,0,1,0.999997,0.000001,0.000002,0.000001
data_cv_fold0/Testing/glioma/Te-gl_0185.jpg,MR049104B,glioma,glioma,1,0.999092,0,1,0.999092,0.000045,0.000724,0.000139
data_cv_fold0/Testing/glioma/Te-gl_0188.jpg,MR024780G,glioma,glioma,1,0.999966,0,1,0.999966,0.000018,0.000015,0.000001
data_cv_fold0/Testing/glioma/Te-gl_0189.jpg,MR050135B,glioma,glioma,1,0.999917,0,1,0.999917,0.000012,0.000026,0.000045
data_cv_fold0/Testing/glioma/Te-gl_0190.jpg,MR050135B,glioma,glioma,1,0.999699,0,1,0.999699,0.000121,0.000013,0.000167
data_cv_fold0/Testing/glioma/Te-gl_0197.jpg,MR051586,glioma,glioma,1,0.999834,0,1,0.999834,0.000101,0.000063,0.000003
data_cv_fold0/Testing/glioma/Te-gl_0198.jpg,MR051586,glioma,glioma,1,0.999619,0,1,0.999619,0.000179,0.000198,0.000004
data_cv_fold0/Testing/glioma/Te-gl_0199.jpg,MR051586,glioma,glioma,1,0.999923,0,1,0.999923,0.000009,0.000062,0.000006
data_cv_fold0/Testing/glioma/Te-gl_0204.jpg,MR051651,glioma,glioma,1,0.999906,0,1,0.999906,0.000028,0.000062,0.000003
data_cv_fold0/Testing/glioma/Te-gl_0211.jpg,MR051796B,glioma,glioma,1,0.999894,0,1,0.999894,0.000036,0.000018,0.000052
data_cv_fold0/Testing/glioma/Te-gl_0221.jpg,MR034694,glioma,glioma,1,0.975457,0,1,0.975457,0.000428,0.007587,0.016529
data_cv_fold0/Testing/glioma/Te-gl_0229.jpg,107747,glioma,meningioma,0,0.639046,0,1,0.360525,0.639046,0.000265,0.000164
data_cv_fold0/Testing/glioma/Te-gl_0241.jpg,107747,glioma,glioma,1,0.964959,0,1,0.964959,0.033764,0.000859,0.000418
data_cv_fold0/Testing/glioma/Te-gl_0242.jpg,112027,glioma,glioma,1,0.986967,0,1,0.986967,0.012866,0.000051,0.000116
data_cv_fold0/Testing/glioma/Te-gl_0266.jpg,107747,glioma,glioma,1,0.991959,0,1,0.991959,0.006324,0.001358,0.000358
data_cv_fold0/Testing/glioma/Te-gl_0267.jpg,107747,glioma,glioma,1,0.990348,0,1,0.990348,0.007275,0.001464,0.000914
data_cv_fold0/Testing/glioma/Te-gl_0290.jpg,MR048944,glioma,glioma,1,0.999942,0,1,0.999942,0.000037,0.000014,0.000008
data_cv_fold0/Testing/glioma/Te-gl_0291.jpg,MR048944,glioma,glioma,1,0.975868,0,1,0.975868,0.024019,0.000031,0.000082
data_cv_fold0/Testing/glioma/Te-gl_0295.jpg,MR049142,glioma,glioma,1,0.800527,0,1,0.800527,0.195854,0.003070,0.000550
data_cv_fold0/Testing/glioma/Tr-glTr_0007.jpg,MR034694,glioma,glioma,1,0.999892,0,1,0.999892,0.000010,0.000088,0.000010
data_cv_fold0/Testing/glioma/Tr-gl_0011.jpg,MR053110E,glioma,glioma,1,0.999975,0,1,0.999975,0.000011,0.000009,0.000006
data_cv_fold0/Testing/glioma/Tr-gl_0012.jpg,MR053110E,glioma,glioma,1,0.999952,0,1,0.999952,0.000027,0.000015,0.000006
data_cv_fold0/Testing/glioma/Tr-gl_0016.jpg,MR037458B,glioma,glioma,1,0.995362,0,1,0.995362,0.004630,0.000007,0.000001
data_cv_fold0/Testing/glioma/Tr-gl_0024.jpg,106494,glioma,glioma,1,0.998558,0,1,0.998558,0.001388,0.000039,0.000015
data_cv_fold0/Testing/glioma/Tr-gl_0025.jpg,106494,glioma,glioma,1,0.983619,0,1,0.983619,0.015844,0.000206,0.000332
data_cv_fold0/Testing/glioma/Tr-gl_0038.jpg,107747,glioma,meningioma,0,0.719248,0,1,0.110764,0.719248,0.009420,0.160568
data_cv_fold0/Testing/glioma/Tr-gl_0053.jpg,MR048944,glioma,glioma,1,0.999595,0,1,0.999595,0.000306,0.000054,0.000045
data_cv_fold0/Testing/glioma/Tr-gl_0054.jpg,MR048944,glioma,glioma,1,0.979953,0,1,0.979953,0.019911,0.000043,0.000094
data_cv_fold0/Testing/glioma/Tr-gl_0057.jpg,MR049142,glioma,meningioma,0,0.662850,0,1,0.321544,0.662850,0.014984,0.000622
data_cv_fold0/Testing/glioma/Tr-gl_0066.jpg,MR051586,glioma,glioma,1,0.999594,0,1,0.999594,0.000033,0.000373,0.000001
data_cv_fold0/Testing/glioma/Tr-gl_0069.jpg,MR051651,glioma,meningioma,0,0.713878,0,1,0.284328,0.713878,0.001531,0.000263
data_cv_fold0/Testing/glioma/Tr-gl_0074.jpg,MR034694,glioma,glioma,1,0.997680,0,1,0.997680,0.000233,0.002042,0.000045
data_cv_fold0/Testing/glioma/Tr-gl_0077.jpg,MR053110E,glioma,glioma,1,0.999972,0,1,0.999972,0.000011,0.000013,0.000004
data_cv_fold0/Testing/glioma/Tr-gl_0080.jpg,MR037458B,glioma,meningioma,0,0.856244,0,1,0.143286,0.856244,0.000351,0.000120
data_cv_fold0/Testing/glioma/Tr-gl_0084.jpg,MR050135B,glioma,glioma,1,0.999832,0,1,0.999832,0.000134,0.000023,0.000011
data_cv_fold0/Testing/glioma/Tr-gl_0085.jpg,MR050135B,glioma,glioma,1,0.999905,0,1,0.999905,0.000012,0.000080,0.000003
data_cv_fold0/Testing/glioma/Tr-gl_0095.jpg,MR048944,glioma,glioma,1,0.999543,0,1,0.999543,0.000284,0.000083,0.000090
data_cv_fold0/Testing/glioma/Tr-gl_0099.jpg,106494,glioma,glioma,1,0.991122,0,1,0.991122,0.008498,0.000362,0.000018
data_cv_fold0/Testing/glioma/Tr-gl_0100.jpg,107747,glioma,meningioma,0,0.666313,0,1,0.321118,0.666313,0.004904,0.007665
data_cv_fold0/Testing/glioma/Tr-gl_0114.jpg,MR050135B,glioma,glioma,1,0.999943,0,1,0.999943,0.000017,0.000026,0.000014
data_cv_fold0/Testing/glioma/Tr-gl_0115.jpg,MR050135B,glioma,glioma,1,0.999051,0,1,0.999051,0.000033,0.000123,0.000793
data_cv_fold0/Testing/glioma/Tr-gl_0128.jpg,MR049104B,glioma,glioma,1,0.999663,0,1,0.999663,0.000004,0.000318,0.000015
data_cv_fold0/Testing/glioma/Tr-gl_0129.jpg,MR049104B,glioma,glioma,1,0.999985,0,1,0.999985,0.000001,0.000005,0.000009
data_cv_fold0/Testing/glioma/Tr-gl_0130.jpg,MR049104B,glioma,glioma,1,0.999301,0,1,0.999301,0.000028,0.000138,0.000533
data_cv_fold0/Testing/glioma/Tr-gl_0131.jpg,MR049104B,glioma,glioma,1,0.999898,0,1,0.999898,0.000022,0.000054,0.000025
data_cv_fold0/Testing/glioma/Tr-gl_0132.jpg,MR049104B,glioma,glioma,1,0.999900,0,1,0.999900,0.000022,0.000069,0.000010
data_cv_fold0/Testing/glioma/Tr-gl_0140.jpg,MR024780G,glioma,glioma,1,0.994013,0,1,0.994013,0.000299,0.000489,0.005199
data_cv_fold0/Testing/glioma/Tr-gl_0141.jpg,MR024780G,glioma,glioma,1,0.999865,0,1,0.999865,0.000019,0.000045,0.000071
data_cv_fold0/Testing/glioma/Tr-gl_0142.jpg,MR024780G,glioma,glioma,1,0.999991,0,1,0.999991,0.000003,0.000005,0.000001
data_cv_fold0/Testing/glioma/Tr-gl_0143.jpg,MR024780G,glioma,glioma,1,0.999932,0,1,0.999932,0.000010,0.000025,0.000033
data_cv_fold0/Testing/glioma/Tr-gl_0144.jpg,MR024780G,glioma,glioma,1,0.999922,0,1,0.999922,0.000013,0.000054,0.000011
data_cv_fold0/Testing/glioma/Tr-gl_0145.jpg,MR024780G,glioma,glioma,1,0.999948,0,1,0.999948,0.000009,0.000041,0.000003
data_cv_fold0/Testing/glioma/Tr-gl_0146.jpg,MR024780G,glioma,glioma,1,0.999945,0,1,0.999945,0.000011,0.000024,0.000020
data_cv_fold0/Testing/glioma/Tr-gl_0147.jpg,MR024780G,glioma,glioma,1,0.999896,0,1,0.999896,0.000012,0.000006,0.000086
data_cv_fold0/Testing/glioma/Tr-gl_0148.jpg,MR024780G,glioma,glioma,1,0.999946,0,1,0.999946,0.000017,0.000021,0.000015
data_cv_fold0/Testing/glioma/Tr-gl_0149.jpg,MR024780G,glioma,glioma,1,0.999567,0,1,0.999567,0.000110,0.000244,0.000079
data_cv_fold0/Testing/glioma/Tr-gl_0150.jpg,MR024780G,glioma,glioma,1,0.999973,0,1,0.999973,0.000006,0.000020,0.000002
data_cv_fold0/Testing/glioma/Tr-gl_0151.jpg,MR024780G,glioma,glioma,1,0.999972,0,1,0.999972,0.000004,0.000022,0.000001
data_cv_fold0/Testing/glioma/Tr-gl_0163.jpg,MR050135B,glioma,glioma,1,0.978225,0,1,0.978225,0.000029,0.001286,0.020460
data_cv_fold0/Testing/glioma/Tr-gl_0164.jpg,MR050135B,glioma,glioma,1,0.999771,0,1,0.999771,0.000132,0.000071,0.000025
data_cv_fold0/Testing/glioma/Tr-gl_0165.jpg,MR050135B,glioma,glioma,1,0.999298,0,1,0.999298,0.000615,0.000056,0.000031
data_cv_fold0/Testing/glioma/Tr-gl_0166.jpg,MR050135B,glioma,glioma,1,0.999664,0,1,0.999664,0.000286,0.000034,0.000016
data_cv_fold0/Testing/glioma/Tr-gl_0167.jpg,MR050135B,glioma,glioma,1,0.999881,0,1,0.999881,0.000106,0.000006,0.000008
data_cv_fold0/Testing/glioma/Tr-gl_0168.jpg,MR050135B,glioma,glioma,1,0.999915,0,1,0.999915,0.000015,0.000057,0.000013
data_cv_fold0/Testing/glioma/Tr-gl_0169.jpg,MR050135B,glioma,glioma,1,0.999487,0,1,0.999487,0.000045,0.000422,0.000046
data_cv_fold0/Testing/glioma/Tr-gl_0170.jpg,MR050135B,glioma,glioma,1,0.997129,0,1,0.997129,0.001118,0.001675,0.000079
data_cv_fold0/Testing/glioma/Tr-gl_0171.jpg,MR050135B,glioma,glioma,1,0.999902,0,1,0.999902,0.000023,0.000072,0.000003
data_cv_fold0/Testing/glioma/Tr-gl_0172.jpg,MR050135B,glioma,glioma,1,0.999868,0,1,0.999868,0.000016,0.000113,0.000003
data_cv_fold0/Testing/glioma/Tr-gl_0173.jpg,MR050135B,glioma,glioma,1,0.999894,0,1,0.999894,0.000014,0.000090,0.000002
data_cv_fold0/Testing/glioma/Tr-gl_0174.jpg,MR050135B,glioma,glioma,1,0.999658,0,1,0.999658,0.000042,0.000287,0.000012
data_cv_fold0/Testing/glioma/Tr-gl_0175.jpg,MR050135B,glioma,glioma,1,0.999903,0,1,0.999903,0.000059,0.000036,0.000002
data_cv_fold0/Testing/glioma/Tr-gl_0213.jpg,MR051586,glioma,glioma,1,0.999861,0,1,0.999861,0.000026,0.000111,0.000002
data_cv_fold0/Testing/glioma/Tr-gl_0214.jpg,MR051586,glioma,glioma,1,0.999079,0,1,0.999079,0.000156,0.000761,0.000003
data_cv_fold0/Testing/glioma/Tr-gl_0215.jpg,MR051586,glioma,glioma,1,0.999062,0,1,0.999062,0.000056,0.000881,0.000001
data_cv_fold0/Testing/glioma/Tr-gl_0216.jpg,MR051586,glioma,glioma,1,0.999672,0,1,0.999672,0.000124,0.000202,0.000002
data_cv_fold0/Testing/glioma/Tr-gl_0217.jpg,MR051586,glioma,glioma,1,0.999587,0,1,0.999587,0.000317,0.000093,0.000003
data_cv_fold0/Testing/glioma/Tr-gl_0218.jpg,MR051586,glioma,glioma,1,0.998908,0,1,0.998908,0.000774,0.000302,0.000017
data_cv_fold0/Testing/glioma/Tr-gl_0219.jpg,MR051586,glioma,glioma,1,0.999492,0,1,0.999492,0.000319,0.000169,0.000021
data_cv_fold0/Testing/glioma/Tr-gl_0237.jpg,MR051651,glioma,glioma,1,0.984277,0,1,0.984277,0.011817,0.003827,0.000079
data_cv_fold0/Testing/glioma/Tr-gl_0238.jpg,MR051651,glioma,glioma,1,0.975995,0,1,0.975995,0.016626,0.007309,0.000070
data_cv_fold0/Testing/glioma/Tr-gl_0239.jpg,MR051651,glioma,glioma,1,0.877528,0,1,0.877528,0.105957,0.015938,0.000577
data_cv_fold0/Testing/glioma/Tr-gl_0240.jpg,MR051651,glioma,glioma,1,0.866055,0,1,0.866055,0.116048,0.017095,0.000803
data_cv_fold0/Testing/glioma/Tr-gl_0241.jpg,MR051651,glioma,glioma,1,0.747325,0,1,0.747325,0.243741,0.008189,0.000745
data_cv_fold0/Testing/glioma/Tr-gl_0242.jpg,MR051651,glioma,meningioma,0,0.930019,0,1,0.069413,0.930019,0.000357,0.000211
data_cv_fold0/Testing/glioma/Tr-gl_0263.jpg,MR051796B,glioma,glioma,1,0.999951,0,1,0.999951,0.000003,0.000020,0.000026
data_cv_fold0/Testing/glioma/Tr-gl_0264.jpg,MR051796B,glioma,glioma,1,0.999910,0,1,0.999910,0.000077,0.000004,0.000009
data_cv_fold0/Testing/glioma/Tr-gl_0288.jpg,MR053110B,glioma,glioma,1,0.999618,0,1,0.999618,0.000037,0.000193,0.000152
data_cv_fold0/Testing/glioma/Tr-gl_0289.jpg,MR053110B,glioma,glioma,1,0.999887,0,1,0.999887,0.000049,0.000055,0.000008
data_cv_fold0/Testing/glioma/Tr-gl_0290.jpg,MR053110B,glioma,glioma,1,0.999886,0,1,0.999886,0.000083,0.000028,0.000003
data_cv_fold0/Testing/glioma/Tr-gl_0291.jpg,MR053110B,glioma,glioma,1,0.999982,0,1,0.999982,0.000007,0.000011,0.000001
data_cv_fold0/Testing/glioma/Tr-gl_0292.jpg,MR053110B,glioma,glioma,1,0.999909,0,1,0.999909,0.000017,0.000068,0.000006
data_cv_fold0/Testing/glioma/Tr-gl_0293.jpg,MR034694,glioma,glioma,1,0.996628,0,1,0.996628,0.000026,0.003304,0.000042
data_cv_fold0/Testing/glioma/Tr-gl_0294.jpg,MR034694,glioma,glioma,1,0.999727,0,1,0.999727,0.000018,0.000254,0.000002
data_cv_fold0/Testing/glioma/Tr-gl_0295.jpg,MR034694,glioma,glioma,1,0.999829,0,1,0.999829,0.000019,0.000151,0.000001
data_cv_fold0/Testing/glioma/Tr-gl_0296.jpg,MR034694,glioma,glioma,1,0.999673,0,1,0.999673,0.000021,0.000301,0.000006
data_cv_fold0/Testing/glioma/Tr-gl_0297.jpg,MR054683,glioma,glioma,1,0.993939,0,1,0.993939,0.000075,0.002637,0.003349
data_cv_fold0/Testing/glioma/Tr-gl_0298.jpg,MR054683,glioma,glioma,1,0.997737,0,1,0.997737,0.000048,0.001371,0.000845
data_cv_fold0/Testing/glioma/Tr-gl_0299.jpg,MR054683,glioma,glioma,1,0.999675,0,1,0.999675,0.000140,0.000116,0.000070
data_cv_fold0/Testing/glioma/Tr-gl_0309.jpg,MR056144,glioma,glioma,1,0.999529,0,1,0.999529,0.000187,0.000098,0.000186
data_cv_fold0/Testing/glioma/Tr-gl_0310.jpg,MR056144,glioma,glioma,1,0.999807,0,1,0.999807,0.000118,0.000013,0.000062
data_cv_fold0/Testing/glioma/Tr-gl_0311.jpg,MR056144,glioma,glioma,1,0.999873,0,1,0.999873,0.000109,0.000002,0.000016
data_cv_fold0/Testing/glioma/Tr-gl_0326.jpg,MR053110E,glioma,glioma,1,0.998526,0,1,0.998526,0.000241,0.000218,0.001015
data_cv_fold0/Testing/glioma/Tr-gl_0327.jpg,MR053110E,glioma,glioma,1,0.999191,0,1,0.999191,0.000490,0.000231,0.000088
data_cv_fold0/Testing/glioma/Tr-gl_0328.jpg,MR053110E,glioma,glioma,1,0.999198,0,1,0.999198,0.000717,0.000032,0.000053
data_cv_fold0/Testing/glioma/Tr-gl_0329.jpg,MR053110E,glioma,glioma,1,0.999945,0,1,0.999945,0.000030,0.000018,0.000007
data_cv_fold0/Testing/glioma/Tr-gl_0330.jpg,MR053110E,glioma,glioma,1,0.999894,0,1,0.999894,0.000023,0.000070,0.000012
data_cv_fold0/Testing/glioma/Tr-gl_0357.jpg,MR037458B,glioma,glioma,1,0.972799,0,1,0.972799,0.027102,0.000050,0.000048
data_cv_fold0/Testing/glioma/Tr-gl_0358.jpg,MR037458B,glioma,meningioma,0,0.917009,0,1,0.082621,0.917009,0.000263,0.000107
data_cv_fold0/Testing/glioma/Tr-gl_0359.jpg,MR037458B,glioma,glioma,1,0.770768,0,1,0.770768,0.228954,0.000172,0.000106
data_cv_fold0/Testing/glioma/Tr-gl_0360.jpg,MR037458B,glioma,meningioma,0,0.581123,0,1,0.418376,0.581123,0.000278,0.000223
data_cv_fold0/Testing/glioma/Tr-gl_0361.jpg,MR037458B,glioma,meningioma,0,0.932653,0,1,0.066923,0.932653,0.000367,0.000057
data_cv_fold0/Testing/glioma/Tr-gl_0362.jpg,MR037458B,glioma,meningioma,0,0.959945,0,1,0.039850,0.959945,0.000114,0.000091
data_cv_fold0/Testing/glioma/Tr-gl_0419.jpg,MR049142,glioma,glioma,1,0.982578,0,1,0.982578,0.016149,0.000769,0.000504
data_cv_fold0/Testing/glioma/Tr-gl_0442.jpg,MR024780G,glioma,glioma,1,0.999988,0,1,0.999988,0.000007,0.000003,0.000001
data_cv_fold0/Testing/glioma/Tr-gl_0443.jpg,MR024780G,glioma,glioma,1,0.999997,0,1,0.999997,0.000001,0.000001,0.000000
data_cv_fold0/Testing/glioma/Tr-gl_0444.jpg,MR024780G,glioma,glioma,1,0.999979,0,1,0.999979,0.000008,0.000010,0.000003
data_cv_fold0/Testing/glioma/Tr-gl_0445.jpg,MR024780G,glioma,glioma,1,0.999988,0,1,0.999988,0.000004,0.000006,0.000002
data_cv_fold0/Testing/glioma/Tr-gl_0446.jpg,MR024780G,glioma,glioma,1,0.999920,0,1,0.999920,0.000016,0.000056,0.000008
data_cv_fold0/Testing/glioma/Tr-gl_0447.jpg,MR024780G,glioma,glioma,1,0.999986,0,1,0.999986,0.000008,0.000005,0.000001
data_cv_fold0/Testing/glioma/Tr-gl_0462.jpg,MR050135B,glioma,glioma,1,0.999906,0,1,0.999906,0.000055,0.000013,0.000026
data_cv_fold0/Testing/glioma/Tr-gl_0463.jpg,MR050135B,glioma,glioma,1,0.999982,0,1,0.999982,0.000008,0.000008,0.000003
data_cv_fold0/Testing/glioma/Tr-gl_0464.jpg,MR050135B,glioma,glioma,1,0.999998,0,1,0.999998,0.000001,0.000001,0.000000
data_cv_fold0/Testing/glioma/Tr-gl_0465.jpg,MR050135B,glioma,glioma,1,0.999951,0,1,0.999951,0.000032,0.000006,0.000010
data_cv_fold0/Testing/glioma/Tr-gl_0466.jpg,MR050135B,glioma,glioma,1,0.999903,0,1,0.999903,0.000057,0.000008,0.000032
data_cv_fold0/Testing/glioma/Tr-gl_0467.jpg,MR050135B,glioma,glioma,1,0.999956,0,1,0.999956,0.000016,0.000019,0.000010
data_cv_fold0/Testing/glioma/Tr-gl_0468.jpg,MR050135B,glioma,glioma,1,0.999944,0,1,0.999944,0.000019,0.000028,0.000008
data_cv_fold0/Testing/glioma/Tr-gl_0469.jpg,MR050135B,glioma,glioma,1,0.999419,0,1,0.999419,0.000016,0.000131,0.000434
data_cv_fold0/Testing/glioma/Tr-gl_0470.jpg,MR050135B,glioma,glioma,1,0.998549,0,1,0.998549,0.000069,0.000331,0.001050
data_cv_fold0/Testing/glioma/Tr-gl_0471.jpg,MR050135B,glioma,glioma,1,0.999208,0,1,0.999208,0.000107,0.000286,0.000398
data_cv_fold0/Testing/glioma/Tr-gl_0472.jpg,MR050135B,glioma,glioma,1,0.999950,0,1,0.999950,0.000005,0.000039,0.000006
data_cv_fold0/Testing/glioma/Tr-gl_0504.jpg,MR051586,glioma,glioma,1,0.999751,0,1,0.999751,0.000107,0.000123,0.000019
data_cv_fold0/Testing/glioma/Tr-gl_0505.jpg,MR051586,glioma,glioma,1,0.999855,0,1,0.999855,0.000024,0.000116,0.000005
data_cv_fold0/Testing/glioma/Tr-gl_0581.jpg,MR048944,glioma,glioma,1,0.999974,0,1,0.999974,0.000016,0.000008,0.000003
data_cv_fold0/Testing/glioma/Tr-gl_0582.jpg,MR048944,glioma,glioma,1,0.999988,0,1,0.999988,0.000005,0.000006,0.000001
data_cv_fold0/Testing/glioma/Tr-gl_0583.jpg,MR048944,glioma,glioma,1,0.999147,0,1,0.999147,0.000759,0.000068,0.000027
data_cv_fold0/Testing/glioma/Tr-gl_0584.jpg,MR048944,glioma,glioma,1,0.999987,0,1,0.999987,0.000008,0.000004,0.000002
data_cv_fold0/Testing/glioma/Tr-gl_0585.jpg,MR048944,glioma,glioma,1,0.999977,0,1,0.999977,0.000010,0.000012,0.000001
data_cv_fold0/Testing/glioma/Tr-gl_0586.jpg,MR048944,glioma,glioma,1,0.999992,0,1,0.999992,0.000006,0.000001,0.000000
data_cv_fold0/Testing/glioma/Tr-gl_0587.jpg,MR048944,glioma,glioma,1,0.999884,0,1,0.999884,0.000096,0.000016,0.000005
data_cv_fold0/Testing/glioma/Tr-gl_0588.jpg,MR048944,glioma,glioma,1,0.999945,0,1,0.999945,0.000018,0.000018,0.000020
data_cv_fold0/Testing/glioma/Tr-gl_0693.jpg,MR051586,glioma,glioma,1,0.999878,0,1,0.999878,0.000024,0.000094,0.000004
data_cv_fold0/Testing/glioma/Tr-gl_0708.jpg,MR051651,glioma,glioma,1,0.999966,0,1,0.999966,0.000003,0.000031,0.000000
data_cv_fold0/Testing/glioma/Tr-gl_0709.jpg,MR051651,glioma,glioma,1,0.999996,0,1,0.999996,0.000001,0.000003,0.000000
data_cv_fold0/Testing/glioma/Tr-gl_0713.jpg,MR051651,glioma,glioma,1,0.999361,0,1,0.999361,0.000339,0.000237,0.000063
data_cv_fold0/Testing/glioma/Tr-gl_0714.jpg,MR051651,glioma,glioma,1,0.999580,0,1,0.999580,0.000197,0.000188,0.000035
data_cv_fold0/Testing/glioma/Tr-gl_0728.jpg,MR051796B,glioma,glioma,1,0.999954,0,1,0.999954,0.000026,0.000005,0.000015
data_cv_fold0/Testing/glioma/Tr-gl_0729.jpg,MR051796B,glioma,glioma,1,0.999794,0,1,0.999794,0.000015,0.000013,0.000177
data_cv_fold0/Testing/glioma/Tr-gl_0730.jpg,MR051796B,glioma,glioma,1,0.999845,0,1,0.999845,0.000011,0.000027,0.000116
data_cv_fold0/Testing/glioma/Tr-gl_0757.jpg,MR053110B,glioma,glioma,1,0.999854,0,1,0.999854,0.000034,0.000076,0.000036
data_cv_fold0/Testing/glioma/Tr-gl_0758.jpg,MR053110B,glioma,glioma,1,0.999491,0,1,0.999491,0.000055,0.000179,0.000275
data_cv_fold0/Testing/glioma/Tr-gl_0759.jpg,MR053110B,glioma,glioma,1,0.999896,0,1,0.999896,0.000039,0.000044,0.000021
data_cv_fold0/Testing/glioma/Tr-gl_0760.jpg,MR053110B,glioma,glioma,1,0.999900,0,1,0.999900,0.000011,0.000059,0.000030
data_cv_fold0/Testing/glioma/Tr-gl_0761.jpg,MR053110B,glioma,glioma,1,0.999596,0,1,0.999596,0.000094,0.000205,0.000105
data_cv_fold0/Testing/glioma/Tr-gl_0762.jpg,MR053110B,glioma,glioma,1,0.999969,0,1,0.999969,0.000007,0.000020,0.000003
data_cv_fold0/Testing/glioma/Tr-gl_0763.jpg,MR053110B,glioma,glioma,1,0.999948,0,1,0.999948,0.000033,0.000017,0.000003
data_cv_fold0/Testing/glioma/Tr-gl_0764.jpg,MR034694,glioma,glioma,1,0.999988,0,1,0.999988,0.000000,0.000009,0.000003
data_cv_fold0/Testing/glioma/Tr-gl_0765.jpg,MR034694,glioma,glioma,1,0.999989,0,1,0.999989,0.000001,0.000007,0.000002
data_cv_fold0/Testing/glioma/Tr-gl_0766.jpg,MR034694,glioma,glioma,1,0.999918,0,1,0.999918,0.000006,0.000071,0.000005
data_cv_fold0/Testing/glioma/Tr-gl_0767.jpg,MR034694,glioma,glioma,1,0.999841,0,1,0.999841,0.000015,0.000077,0.000067
data_cv_fold0/Testing/glioma/Tr-gl_0768.jpg,MR034694,glioma,glioma,1,0.999957,0,1,0.999957,0.000008,0.000029,0.000006
data_cv_fold0/Testing/glioma/Tr-gl_0769.jpg,MR034694,glioma,glioma,1,0.999954,0,1,0.999954,0.000005,0.000039,0.000002
data_cv_fold0/Testing/glioma/Tr-gl_0770.jpg,MR034694,glioma,glioma,1,0.999905,0,1,0.999905,0.000040,0.000046,0.000008
data_cv_fold0/Testing/glioma/Tr-gl_0771.jpg,MR054683,glioma,glioma,1,0.999992,0,1,0.999992,0.000003,0.000003,0.000002
data_cv_fold0/Testing/glioma/Tr-gl_0772.jpg,MR054683,glioma,glioma,1,0.999970,0,1,0.999970,0.000009,0.000014,0.000007
data_cv_fold0/Testing/glioma/Tr-gl_0773.jpg,MR054683,glioma,glioma,1,0.999603,0,1,0.999603,0.000036,0.000155,0.000206
data_cv_fold0/Testing/glioma/Tr-gl_0803.jpg,MR053110E,glioma,glioma,1,0.998390,0,1,0.998390,0.001008,0.000474,0.000128
data_cv_fold0/Testing/glioma/Tr-gl_0804.jpg,MR053110E,glioma,glioma,1,0.999590,0,1,0.999590,0.000272,0.000066,0.000073
data_cv_fold0/Testing/glioma/Tr-gl_0805.jpg,MR053110E,glioma,glioma,1,0.999956,0,1,0.999956,0.000039,0.000002,0.000003
data_cv_fold0/Testing/glioma/Tr-gl_0806.jpg,MR053110E,glioma,glioma,1,0.999829,0,1,0.999829,0.000071,0.000074,0.000026
data_cv_fold0/Testing/glioma/Tr-gl_0807.jpg,MR053110E,glioma,glioma,1,0.999348,0,1,0.999348,0.000256,0.000243,0.000152
data_cv_fold0/Testing/glioma/Tr-gl_0808.jpg,MR053110E,glioma,glioma,1,0.999960,0,1,0.999960,0.000014,0.000022,0.000004
data_cv_fold0/Testing/glioma/Tr-gl_0809.jpg,MR053110E,glioma,glioma,1,0.999970,0,1,0.999970,0.000021,0.000005,0.000004
data_cv_fold0/Testing/glioma/Tr-gl_0810.jpg,MR053110E,glioma,glioma,1,0.999991,0,1,0.999991,0.000005,0.000002,0.000002
data_cv_fold0/Testing/glioma/Tr-gl_0811.jpg,MR053110E,glioma,glioma,1,0.999965,0,1,0.999965,0.000028,0.000006,0.000002
data_cv_fold0/Testing/glioma/Tr-gl_0812.jpg,MR053110E,glioma,glioma,1,0.999960,0,1,0.999960,0.000034,0.000003,0.000003
data_cv_fold0/Testing/glioma/Tr-gl_0813.jpg,MR053110E,glioma,glioma,1,0.999834,0,1,0.999834,0.000083,0.000069,0.000014
data_cv_fold0/Testing/glioma/Tr-gl_0841.jpg,MR037458B,glioma,meningioma,0,0.869048,0,1,0.130507,0.869048,0.000395,0.000050
data_cv_fold0/Testing/glioma/Tr-gl_0842.jpg,MR037458B,glioma,glioma,1,0.954155,0,1,0.954155,0.045826,0.000014,0.000004
data_cv_fold0/Testing/glioma/Tr-gl_0843.jpg,MR037458B,glioma,glioma,1,0.997348,0,1,0.997348,0.002643,0.000005,0.000004
data_cv_fold0/Testing/glioma/Tr-gl_0844.jpg,MR037458B,glioma,meningioma,0,0.655277,0,1,0.344582,0.655277,0.000105,0.000036
data_cv_fold0/Testing/glioma/Tr-gl_0845.jpg,MR037458B,glioma,meningioma,0,0.941470,0,1,0.058439,0.941470,0.000020,0.000071
data_cv_fold0/Testing/glioma/Tr-gl_0846.jpg,MR037458B,glioma,meningioma,0,0.579172,0,1,0.420380,0.579172,0.000053,0.000395
data_cv_fold0/Testing/glioma/Tr-gl_0874.jpg,MR053110E,glioma,glioma,1,0.999895,0,1,0.999895,0.000063,0.000009,0.000034
data_cv_fold0/Testing/glioma/Tr-gl_0875.jpg,MR053110E,glioma,glioma,1,0.999988,0,1,0.999988,0.000010,0.000002,0.000001
data_cv_fold0/Testing/glioma/Tr-gl_0898.jpg,MR037458B,glioma,glioma,1,0.992224,0,1,0.992224,0.007716,0.000056,0.000004
data_cv_fold0/Testing/glioma/Tr-gl_0899.jpg,MR037458B,glioma,glioma,1,0.965903,0,1,0.965903,0.034065,0.000032,0.000001
data_cv_fold0/Testing/glioma/Tr-gl_0900.jpg,MR037458B,glioma,glioma,1,0.995350,0,1,0.995350,0.004603,0.000025,0.000022
data_cv_fold0/Testing/glioma/Tr-gl_0901.jpg,MR037458B,glioma,glioma,1,0.865092,0,1,0.865092,0.134646,0.000028,0.000233
data_cv_fold0/Testing/glioma/Tr-gl_0962.jpg,MR048944,glioma,glioma,1,0.999984,0,1,0.999984,0.000006,0.000007,0.000003
data_cv_fold0/Testing/glioma/Tr-gl_0963.jpg,MR048944,glioma,glioma,1,0.999996,0,1,0.999996,0.000001,0.000002,0.000000
data_cv_fold0/Testing/glioma/Tr-gl_0964.jpg,MR048944,glioma,glioma,1,0.999998,0,1,0.999998,0.000001,0.000001,0.000000
data_cv_fold0/Testing/glioma/Tr-gl_0965.jpg,MR048944,glioma,glioma,1,0.999993,0,1,0.999993,0.000005,0.000001,0.000001
data_cv_fold0/Testing/glioma/Tr-gl_0975.jpg,MR049142,glioma,glioma,1,0.984592,0,1,0.984592,0.014118,0.000442,0.000847
data_cv_fold0/Testing/glioma/Tr-gl_0976.jpg,MR049142,glioma,glioma,1,0.992087,0,1,0.992087,0.005883,0.001452,0.000577
data_cv_fold0/Testing/glioma/Tr-gl_0977.jpg,MR049142,glioma,glioma,1,0.997752,0,1,0.997752,0.002215,0.000018,0.000015
data_cv_fold0/Testing/glioma/Tr-gl_0985.jpg,MR049104B,glioma,glioma,1,0.998982,0,1,0.998982,0.000071,0.000786,0.000160
data_cv_fold0/Testing/glioma/Tr-gl_0986.jpg,MR049104B,glioma,glioma,1,0.999717,0,1,0.999717,0.000121,0.000108,0.000055
data_cv_fold0/Testing/glioma/Tr-gl_0994.jpg,MR024780G,glioma,glioma,1,0.999974,0,1,0.999974,0.000002,0.000022,0.000002
data_cv_fold0/Testing/glioma/Tr-gl_0995.jpg,MR024780G,glioma,glioma,1,0.999990,0,1,0.999990,0.000003,0.000007,0.000001
data_cv_fold0/Testing/glioma/Tr-gl_0996.jpg,MR024780G,glioma,glioma,1,0.999939,0,1,0.999939,0.000035,0.000023,0.000002
data_cv_fold0/Testing/glioma/Tr-gl_0997.jpg,MR024780G,glioma,glioma,1,0.999961,0,1,0.999961,0.000035,0.000004,0.000000
data_cv_fold0/Testing/glioma/Tr-gl_0998.jpg,MR024780G,glioma,glioma,1,0.992510,0,1,0.992510,0.007299,0.000183,0.000009
data_cv_fold0/Testing/glioma/Tr-gl_0999.jpg,MR050135B,glioma,glioma,1,0.999999,0,1,0.999999,0.000000,0.000001,0.000000
data_cv_fold0/Testing/glioma/Tr-gl_1000.jpg,MR050135B,glioma,glioma,1,0.999991,0,1,0.999991,0.000003,0.000006,0.000000
data_cv_fold0/Testing/glioma/Tr-gl_1001.jpg,MR050135B,glioma,glioma,1,0.999993,0,1,0.999993,0.000003,0.000003,0.000001
data_cv_fold0/Testing/glioma/Tr-gl_1002.jpg,MR050135B,glioma,glioma,1,0.998080,0,1,0.998080,0.001852,0.000030,0.000038
data_cv_fold0/Testing/glioma/Tr-gl_1003.jpg,MR050135B,glioma,glioma,1,0.999991,0,1,0.999991,0.000002,0.000003,0.000004
data_cv_fold0/Testing/glioma/Tr-gl_1004.jpg,MR050135B,glioma,glioma,1,0.999953,0,1,0.999953,0.000013,0.000011,0.000023
data_cv_fold0/Testing/glioma/Tr-gl_1005.jpg,MR050135B,glioma,glioma,1,0.999962,0,1,0.999962,0.000010,0.000019,0.000009
data_cv_fold0/Testing/glioma/Tr-gl_1025.jpg,MR051586,glioma,glioma,1,0.999972,0,1,0.999972,0.000023,0.000004,0.000001
data_cv_fold0/Testing/glioma/Tr-gl_1026.jpg,MR051586,glioma,glioma,1,0.999907,0,1,0.999907,0.000068,0.000025,0.000001
data_cv_fold0/Testing/glioma/Tr-gl_1027.jpg,MR051586,glioma,glioma,1,0.999441,0,1,0.999441,0.000186,0.000370,0.000003
data_cv_fold0/Testing/glioma/Tr-gl_1028.jpg,MR051586,glioma,glioma,1,0.998185,0,1,0.998185,0.001480,0.000241,0.000095
data_cv_fold0/Testing/glioma/Tr-gl_1029.jpg,MR051586,glioma,glioma,1,0.999885,0,1,0.999885,0.000026,0.000078,0.000011
data_cv_fold0/Testing/glioma/Tr-gl_1030.jpg,MR051586,glioma,glioma,1,0.999686,0,1,0.999686,0.000150,0.000149,0.000015
data_cv_fold0/Testing/glioma/Tr-gl_1037.jpg,MR051651,glioma,glioma,1,0.999923,0,1,0.999923,0.000062,0.000013,0.000001
data_cv_fold0/Testing/glioma/Tr-gl_1038.jpg,MR051651,glioma,glioma,1,0.999960,0,1,0.999960,0.000029,0.000010,0.000001
data_cv_fold0/Testing/glioma/Tr-gl_1039.jpg,MR051651,glioma,glioma,1,0.999858,0,1,0.999858,0.000116,0.000026,0.000001
data_cv_fold0/Testing/glioma/Tr-gl_1056.jpg,MR051796B,glioma,glioma,1,0.999932,0,1,0.999932,0.000010,0.000025,0.000032
data_cv_fold0/Testing/glioma/Tr-gl_1057.jpg,MR051796B,glioma,glioma,1,0.999974,0,1,0.999974,0.000006,0.000012,0.000008
data_cv_fold0/Testing/glioma/Tr-gl_1058.jpg,MR051796B,glioma,glioma,1,0.999814,0,1,0.999814,0.000055,0.000094,0.000038
data_cv_fold0/Testing/glioma/Tr-gl_1059.jpg,MR051796B,glioma,glioma,1,0.999497,0,1,0.999497,0.000059,0.000162,0.000282
data_cv_fold0/Testing/glioma/Tr-gl_1076.jpg,MR053110B,glioma,glioma,1,0.999990,0,1,0.999990,0.000001,0.000007,0.000002
data_cv_fold0/Testing/glioma/Tr-gl_1077.jpg,MR053110B,glioma,glioma,1,0.999993,0,1,0.999993,0.000002,0.000003,0.000002
data_cv_fold0/Testing/glioma/Tr-gl_1078.jpg,MR053110B,glioma,glioma,1,0.999972,0,1,0.999972,0.000011,0.000016,0.000001
data_cv_fold0/Testing/glioma/Tr-gl_1079.jpg,MR053110B,glioma,glioma,1,0.999897,0,1,0.999897,0.000073,0.000028,0.000002
data_cv_fold0/Testing/glioma/Tr-gl_1080.jpg,MR053110B,glioma,glioma,1,0.999784,0,1,0.999784,0.000183,0.000031,0.000003
data_cv_fold0/Testing/glioma/Tr-gl_1081.jpg,MR034694,glioma,glioma,1,0.946572,0,1,0.946572,0.000018,0.004650,0.048760
data_cv_fold0/Testing/glioma/Tr-gl_1082.jpg,MR034694,glioma,glioma,1,0.999966,0,1,0.999966,0.000006,0.000010,0.000017
data_cv_fold0/Testing/glioma/Tr-gl_1083.jpg,MR034694,glioma,glioma,1,0.995559,0,1,0.995559,0.000003,0.000391,0.004047
data_cv_fold0/Testing/glioma/Tr-gl_1093.jpg,MR056144,glioma,glioma,1,0.797380,0,1,0.797380,0.018198,0.024629,0.159794
data_cv_fold0/Testing/glioma/Tr-gl_1094.jpg,MR056144,glioma,glioma,1,0.945220,0,1,0.945220,0.000786,0.000632,0.053362
data_cv_fold0/Testing/glioma/Tr-gl_1144.jpg,106494,glioma,glioma,1,0.997591,0,1,0.997591,0.002217,0.000069,0.000124
data_cv_fold0/Testing/glioma/Tr-gl_1145.jpg,106494,glioma,glioma,1,0.999228,0,1,0.999228,0.000741,0.000018,0.000013
data_cv_fold0/Testing/glioma/Tr-gl_1146.jpg,106494,glioma,glioma,1,0.999896,0,1,0.999896,0.000093,0.000007,0.000004
data_cv_fold0/Testing/glioma/Tr-gl_1147.jpg,106494,glioma,glioma,1,0.956280,0,1,0.956280,0.037694,0.005729,0.000298
data_cv_fold0/Testing/glioma/Tr-gl_1148.jpg,106494,glioma,glioma,1,0.683438,0,1,0.683438,0.258337,0.057484,0.000740
data_cv_fold0/Testing/glioma/Tr-gl_1149.jpg,106494,glioma,meningioma,0,0.710603,0,1,0.185772,0.710603,0.102404,0.001220
data_cv_fold0/Testing/glioma/Tr-gl_1150.jpg,107747,glioma,meningioma,0,0.892840,0,1,0.106762,0.892840,0.000248,0.000149
data_cv_fold0/Testing/glioma/Tr-gl_1151.jpg,107747,glioma,meningioma,0,0.633054,0,1,0.366001,0.633054,0.000312,0.000633
data_cv_fold0/Testing/glioma/Tr-gl_1152.jpg,107747,glioma,glioma,1,0.864084,0,1,0.864084,0.135749,0.000048,0.000118
data_cv_fold0/Testing/glioma/Tr-gl_1153.jpg,107747,glioma,meningioma,0,0.820807,0,1,0.178448,0.820807,0.000543,0.000202
data_cv_fold0/Testing/glioma/Tr-gl_1172.jpg,106494,glioma,glioma,1,0.894817,0,1,0.894817,0.090404,0.014658,0.000122
data_cv_fold0/Testing/glioma/Tr-gl_1173.jpg,106494,glioma,glioma,1,0.993204,0,1,0.993204,0.006607,0.000186,0.000003
data_cv_fold0/Testing/glioma/Tr-gl_1174.jpg,106494,glioma,glioma,1,0.986260,0,1,0.986260,0.013218,0.000506,0.000015
data_cv_fold0/Testing/glioma/Tr-gl_1175.jpg,106494,glioma,glioma,1,0.992149,0,1,0.992149,0.007755,0.000093,0.000003
data_cv_fold0/Testing/glioma/Tr-gl_1176.jpg,107747,glioma,meningioma,0,0.572279,0,1,0.426487,0.572279,0.000435,0.000799
data_cv_fold0/Testing/glioma/Tr-gl_1177.jpg,107747,glioma,meningioma,0,0.680656,0,1,0.315769,0.680656,0.000303,0.003273
data_cv_fold0/Testing/glioma/Tr-gl_1178.jpg,107747,glioma,glioma,1,0.874687,0,1,0.874687,0.119788,0.001855,0.003669
data_cv_fold0/Testing/glioma/Tr-gl_1179.jpg,107747,glioma,glioma,1,0.989416,0,1,0.989416,0.010530,0.000031,0.000023
data_cv_fold0/Testing/glioma/Tr-gl_1181.jpg,112027,glioma,glioma,1,0.760177,0,1,0.760177,0.239474,0.000169,0.000180
data_cv_fold0/Testing/glioma/Tr-gl_1200.jpg,92897,glioma,meningioma,0,0.859861,0,1,0.134623,0.859861,0.001247,0.004269
data_cv_fold0/Testing/glioma/Tr-gl_1224.jpg,106494,glioma,meningioma,0,0.973815,0,1,0.024104,0.973815,0.002077,0.000004
data_cv_fold0/Testing/glioma/Tr-gl_1225.jpg,106494,glioma,glioma,1,0.884868,0,1,0.884868,0.108421,0.004361,0.002350
data_cv_fold0/Testing/glioma/Tr-gl_1226.jpg,106494,glioma,glioma,1,0.989527,0,1,0.989527,0.010264,0.000203,0.000007
data_cv_fold0/Testing/glioma/Tr-gl_1227.jpg,106494,glioma,glioma,1,0.998074,0,1,0.998074,0.001777,0.000132,0.000016
data_cv_fold0/Testing/glioma/Tr-gl_1228.jpg,106494,glioma,glioma,1,0.989971,0,1,0.989971,0.009047,0.000974,0.000008
data_cv_fold0/Testing/glioma/Tr-gl_1229.jpg,106494,glioma,glioma,1,0.997563,0,1,0.997563,0.001582,0.000587,0.000268
data_cv_fold0/Testing/glioma/Tr-gl_1230.jpg,106494,glioma,glioma,1,0.980438,0,1,0.980438,0.019347,0.000142,0.000073
data_cv_fold0/Testing/glioma/Tr-gl_1231.jpg,107747,glioma,meningioma,0,0.994088,0,1,0.004456,0.994088,0.000782,0.000673
data_cv_fold0/Testing/glioma/Tr-gl_1232.jpg,107747,glioma,meningioma,0,0.854794,0,1,0.101215,0.854794,0.006310,0.037680
data_cv_fold0/Testing/glioma/Tr-gl_1250.jpg,92897,glioma,meningioma,0,0.927801,0,1,0.063858,0.927801,0.003323,0.005018
data_cv_fold0/Testing/glioma/Tr-gl_1251.jpg,92897,glioma,meningioma,0,0.736167,0,1,0.260986,0.736167,0.000984,0.001863
data_cv_fold0/Testing/glioma/Tr-gl_1293.jpg,MR048944,glioma,glioma,1,0.999776,0,1,0.999776,0.000197,0.000020,0.000008
data_cv_fold0/Testing/glioma/Tr-gl_1294.jpg,MR048944,glioma,glioma,1,0.998433,0,1,0.998433,0.000560,0.000404,0.000603
data_cv_fold0/Testing/glioma/Tr-gl_1295.jpg,MR048944,glioma,glioma,1,0.999382,0,1,0.999382,0.000531,0.000066,0.000021
data_cv_fold0/Testing/glioma/Tr-gl_1296.jpg,MR048944,glioma,glioma,1,0.999456,0,1,0.999456,0.000522,0.000014,0.000009
data_cv_fold0/Testing/glioma/Tr-gl_1297.jpg,MR048944,glioma,glioma,1,0.770720,0,1,0.770720,0.228964,0.000028,0.000288
data_cv_fold0/Testing/glioma/Tr-gl_1298.jpg,MR048944,glioma,meningioma,0,0.968658,0,1,0.030445,0.968658,0.000142,0.000756
data_cv_fold0/Testing/glioma/Tr-gl_1307.jpg,MR049142,glioma,glioma,1,0.756524,0,1,0.756524,0.218994,0.023790,0.000692
data_cv_fold0/Testing/glioma/Tr-gl_1308.jpg,MR049142,glioma,glioma,1,0.559857,0,1,0.559857,0.418630,0.020637,0.000875
data_cv_fold0/Testing/glioma/Tr-gl_1309.jpg,MR049142,glioma,glioma,1,0.557328,0,1,0.557328,0.436206,0.005755,0.000711
data_cv_fold0/Testing/meningioma/Te-me_0123.jpg,111366,meningioma,meningioma,1,0.978809,0,1,0.001504,0.978809,0.000097,0.019590
data_cv_fold0/Testing/meningioma/Te-me_0124.jpg,112002,meningioma,meningioma,1,0.621239,0,1,0.060600,0.621239,0.311362,0.006799
data_cv_fold0/Testing/meningioma/Te-me_0125.jpg,112062,meningioma,meningioma,1,0.999997,0,1,0.000001,0.999997,0.000000,0.000002
data_cv_fold0/Testing/meningioma/Te-me_0127.jpg,112552,meningioma,meningioma,1,0.999296,0,1,0.000550,0.999296,0.000014,0.000141
data_cv_fold0/Testing/meningioma/Te-me_0131.jpg,113805,meningioma,meningioma,1,0.996674,0,1,0.003209,0.996674,0.000068,0.000048
data_cv_fold0/Testing/meningioma/Te-me_0144.jpg,101016,meningioma,meningioma,1,0.999923,0,1,0.000035,0.999923,0.000008,0.000034
data_cv_fold0/Testing/meningioma/Te-me_0148.jpg,99017,meningioma,meningioma,1,0.584486,0,1,0.001476,0.584486,0.000621,0.413417
data_cv_fold0/Testing/meningioma/Te-me_0150.jpg,99308,meningioma,meningioma,1,0.999937,0,1,0.000037,0.999937,0.000001,0.000025
data_cv_fold0/Testing/meningioma/Te-me_0151.jpg,101797,meningioma,meningioma,1,0.999989,0,1,0.000009,0.999989,0.000001,0.000002
data_cv_fold0/Testing/meningioma/Te-me_0154.jpg,101016,meningioma,meningioma,1,0.999849,0,1,0.000052,0.999849,0.000013,0.000087
data_cv_fold0/Testing/meningioma/Te-me_0155.jpg,101016,meningioma,meningioma,1,0.999967,0,1,0.000024,0.999967,0.000000,0.000008
data_cv_fold0/Testing/meningioma/Te-me_0157.jpg,101797,meningioma,meningioma,1,0.922188,0,1,0.000665,0.922188,0.000070,0.077077
data_cv_fold0/Testing/meningioma/Te-me_0171.jpg,105555,meningioma,meningioma,1,0.949050,0,1,0.049656,0.949050,0.000612,0.000681
data_cv_fold0/Testing/meningioma/Te-me_0172.jpg,105937,meningioma,meningioma,1,0.999970,0,1,0.000000,0.999970,0.000000,0.000029
data_cv_fold0/Testing/meningioma/Te-me_0177.jpg,53669,meningioma,meningioma,1,0.999810,0,1,0.000144,0.999810,0.000002,0.000044
data_cv_fold0/Testing/meningioma/Te-me_0192.jpg,111366,meningioma,meningioma,1,0.996795,0,1,0.002592,0.996795,0.000354,0.000259
data_cv_fold0/Testing/meningioma/Te-me_0194.jpg,112002,meningioma,meningioma,1,0.939862,0,1,0.055838,0.939862,0.003881,0.000420
data_cv_fold0/Testing/meningioma/Te-me_0195.jpg,112062,meningioma,meningioma,1,0.999975,0,1,0.000019,0.999975,0.000005,0.000001
data_cv_fold0/Testing/meningioma/Te-me_0197.jpg,112552,meningioma,meningioma,1,0.999951,0,1,0.000042,0.999951,0.000000,0.000007
data_cv_fold0/Testing/meningioma/Te-me_0198.jpg,112552,meningioma,meningioma,1,0.999549,0,1,0.000436,0.999549,0.000002,0.000013
data_cv_fold0/Testing/meningioma/Te-me_0213.jpg,99017,meningioma,meningioma,1,0.999403,0,1,0.000066,0.999403,0.000051,0.000480
data_cv_fold0/Testing/meningioma/Te-me_0215.jpg,99308,meningioma,meningioma,1,0.999255,0,1,0.000664,0.999255,0.000009,0.000073
data_cv_fold0/Testing/meningioma/Te-me_0219.jpg,100920,meningioma,meningioma,1,0.999723,0,1,0.000018,0.999723,0.000014,0.000245
data_cv_fold0/Testing/meningioma/Te-me_0220.jpg,101016,meningioma,meningioma,1,0.999997,0,1,0.000001,0.999997,0.000000,0.000001
data_cv_fold0/Testing/meningioma/Te-me_0223.jpg,101797,meningioma,meningioma,1,0.999962,0,1,0.000018,0.999962,0.000000,0.000020
data_cv_fold0/Testing/meningioma/Te-me_0237.jpg,105555,meningioma,meningioma,1,0.992512,0,1,0.004234,0.992512,0.000321,0.002933
data_cv_fold0/Testing/meningioma/Te-me_0238.jpg,105937,meningioma,meningioma,1,0.999025,0,1,0.000000,0.999025,0.000000,0.000974
data_cv_fold0/Testing/meningioma/Te-me_0257.jpg,111366,meningioma,meningioma,1,0.995678,0,1,0.000441,0.995678,0.000200,0.003681
data_cv_fold0/Testing/meningioma/Te-me_0259.jpg,112002,meningioma,glioma,0,0.956293,0,1,0.956293,0.040877,0.000341,0.002490
data_cv_fold0/Testing/meningioma/Te-me_0260.jpg,112002,meningioma,meningioma,1,0.520548,0,1,0.459532,0.520548,0.008574,0.011346
data_cv_fold0/Testing/meningioma/Te-me_0261.jpg,112062,meningioma,meningioma,1,0.999803,0,1,0.000191,0.999803,0.000002,0.000004
data_cv_fold0/Testing/meningioma/Te-me_0262.jpg,112552,meningioma,meningioma,1,0.994853,0,1,0.004254,0.994853,0.000017,0.000876
data_cv_fold0/Testing/meningioma/Te-me_0263.jpg,112552,meningioma,meningioma,1,0.999945,0,1,0.000049,0.999945,0.000001,0.000006
data_cv_fold0/Testing/meningioma/Te-me_0288.jpg,99308,meningioma,meningioma,1,0.989162,0,1,0.010799,0.989162,0.000022,0.000018
data_cv_fold0/Testing/meningioma/Tr-me_0027.jpg,111366,meningioma,glioma,0,0.485364,0,1,0.485364,0.095376,0.293984,0.125276
data_cv_fold0/Testing/meningioma/Tr-me_0028.jpg,111366,meningioma,pituitary,0,0.703788,0,1,0.016182,0.005449,0.274581,0.703788
data_cv_fold0/Testing/meningioma/Tr-me_0029.jpg,111366,meningioma,meningioma,1,0.662964,0,1,0.013541,0.662964,0.041577,0.281918
data_cv_fold0/Testing/meningioma/Tr-me_0033.jpg,112002,meningioma,meningioma,1,0.985799,0,1,0.010096,0.985799,0.003862,0.000242
data_cv_fold0/Testing/meningioma/Tr-me_0035.jpg,112002,meningioma,meningioma,1,0.743568,0,1,0.253470,0.743568,0.001692,0.001269
data_cv_fold0/Testing/meningioma/Tr-me_0036.jpg,112002,meningioma,meningioma,1,0.698037,0,1,0.300302,0.698037,0.001354,0.000308
data_cv_fold0/Testing/meningioma/Tr-me_0037.jpg,112062,meningioma,meningioma,1,0.999998,0,1,0.000000,0.999998,0.000000,0.000002
data_cv_fold0/Testing/meningioma/Tr-me_0038.jpg,112062,meningioma,meningioma,1,0.999941,0,1,0.000015,0.999941,0.000001,0.000044
data_cv_fold0/Testing/meningioma/Tr-me_0040.jpg,112552,meningioma,meningioma,1,0.999046,0,1,0.000292,0.999046,0.000570,0.000093
data_cv_fold0/Testing/meningioma/Tr-me_0041.jpg,112552,meningioma,meningioma,1,0.999943,0,1,0.000026,0.999943,0.000009,0.000022
data_cv_fold0/Testing/meningioma/Tr-me_0042.jpg,112552,meningioma,meningioma,1,0.999600,0,1,0.000242,0.999600,0.000009,0.000149
data_cv_fold0/Testing/meningioma/Tr-me_0044.jpg,112552,meningioma,meningioma,1,0.989700,0,1,0.008054,0.989700,0.000256,0.001990
data_cv_fold0/Testing/meningioma/Tr-me_0045.jpg,112552,meningioma,meningioma,1,0.999081,0,1,0.000658,0.999081,0.000007,0.000253
data_cv_fold0/Testing/meningioma/Tr-me_0046.jpg,112552,meningioma,meningioma,1,0.998136,0,1,0.001565,0.998136,0.000006,0.000292
data_cv_fold0/Testing/meningioma/Tr-me_0084.jpg,99017,meningioma,meningioma,1,0.967454,0,1,0.000525,0.967454,0.001556,0.030465
data_cv_fold0/Testing/meningioma/Tr-me_0086.jpg,101016,meningioma,meningioma,1,0.999943,0,1,0.000029,0.999943,0.000004,0.000025
data_cv_fold0/Testing/meningioma/Tr-me_0087.jpg,99017,meningioma,pituitary,0,0.582598,0,1,0.001964,0.413411,0.002026,0.582598
data_cv_fold0/Testing/meningioma/Tr-me_0089.jpg,101016,meningioma,meningioma,1,0.999990,0,1,0.000004,0.999990,0.000000,0.000006
data_cv_fold0/Testing/meningioma/Tr-me_0090.jpg,101016,meningioma,meningioma,1,0.999988,0,1,0.000007,0.999988,0.000000,0.000005
data_cv_fold0/Testing/meningioma/Tr-me_0091.jpg,101016,meningioma,meningioma,1,0.999992,0,1,0.000006,0.999992,0.000000,0.000003
data_cv_fold0/Testing/meningioma/Tr-me_0092.jpg,101016,meningioma,meningioma,1,0.999957,0,1,0.000031,0.999957,0.000000,0.000012
data_cv_fold0/Testing/meningioma/Tr-me_0093.jpg,101016,meningioma,meningioma,1,0.999951,0,1,0.000045,0.999951,0.000001,0.000003
data_cv_fold0/Testing/meningioma/Tr-me_0095.jpg,101797,meningioma,meningioma,1,0.981881,0,1,0.000194,0.981881,0.000016,0.017909
data_cv_fold0/Testing/meningioma/Tr-me_0096.jpg,101797,meningioma,meningioma,1,0.955137,0,1,0.001474,0.955137,0.000139,0.043250
data_cv_fold0/Testing/meningioma/Tr-me_0097.jpg,101797,meningioma,meningioma,1,0.999732,0,1,0.000147,0.999732,0.000002,0.000119
data_cv_fold0/Testing/meningioma/Tr-me_0099.jpg,101797,meningioma,meningioma,1,0.999566,0,1,0.000100,0.999566,0.000002,0.000332
data_cv_fold0/Testing/meningioma/Tr-me_0120.jpg,99308,meningioma,meningioma,1,0.999614,0,1,0.000218,0.999614,0.000088,0.000080
data_cv_fold0/Testing/meningioma/Tr-me_0131.jpg,99308,meningioma,meningioma,1,0.995394,0,1,0.004175,0.995394,0.000028,0.000402
data_cv_fold0/Testing/meningioma/Tr-me_0142.jpg,99308,meningioma,meningioma,1,0.993081,0,1,0.005968,0.993081,0.000005,0.000946
data_cv_fold0/Testing/meningioma/Tr-me_0151.jpg,105555,meningioma,meningioma,1,0.968743,0,1,0.021611,0.968743,0.007269,0.002377
data_cv_fold0/Testing/meningioma/Tr-me_0152.jpg,105555,meningioma,meningioma,1,0.504233,0,1,0.494112,0.504233,0.001375,0.000280
data_cv_fold0/Testing/meningioma/Tr-me_0153.jpg,99308,meningioma,meningioma,1,0.997901,0,1,0.001658,0.997901,0.000003,0.000438
data_cv_fold0/Testing/meningioma/Tr-me_0154.jpg,105555,meningioma,glioma,0,0.957375,0,1,0.957375,0.041430,0.000815,0.000380
data_cv_fold0/Testing/meningioma/Tr-me_0155.jpg,105937,meningioma,pituitary,0,0.661850,0,1,0.000357,0.327220,0.010574,0.661850
data_cv_fold0/Testing/meningioma/Tr-me_0156.jpg,105937,meningioma,meningioma,1,0.999860,0,1,0.000000,0.999860,0.000002,0.000138
data_cv_fold0/Testing/meningioma/Tr-me_0157.jpg,105937,meningioma,meningioma,1,0.982580,0,1,0.000002,0.982580,0.000006,0.017412
data_cv_fold0/Testing/meningioma/Tr-me_0158.jpg,105937,meningioma,meningioma,1,0.989569,0,1,0.000392,0.989569,0.000079,0.009960
data_cv_fold0/Testing/meningioma/Tr-me_0164.jpg,99308,meningioma,meningioma,1,0.997251,0,1,0.002675,0.997251,0.000009,0.000064
data_cv_fold0/Testing/meningioma/Tr-me_0285.jpg,101016,meningioma,meningioma,1,0.999954,0,1,0.000021,0.999954,0.000000,0.000025
data_cv_fold0/Testing/meningioma/Tr-me_0287.jpg,101016,meningioma,meningioma,1,0.999886,0,1,0.000102,0.999886,0.000000,0.000012
data_cv_fold0/Testing/meningioma/Tr-me_0288.jpg,101016,meningioma,meningioma,1,0.999929,0,1,0.000050,0.999929,0.000000,0.000020
data_cv_fold0/Testing/meningioma/Tr-me_0289.jpg,101016,meningioma,meningioma,1,0.999915,0,1,0.000081,0.999915,0.000001,0.000004
data_cv_fold0/Testing/meningioma/Tr-me_0294.jpg,101797,meningioma,meningioma,1,0.999942,0,1,0.000048,0.999942,0.000008,0.000002
data_cv_fold0/Testing/meningioma/Tr-me_0295.jpg,101797,meningioma,meningioma,1,0.999994,0,1,0.000005,0.999994,0.000000,0.000001
data_cv_fold0/Testing/meningioma/Tr-me_0296.jpg,101797,meningioma,meningioma,1,0.999879,0,1,0.000067,0.999879,0.000014,0.000039
data_cv_fold0/Testing/meningioma/Tr-me_0332.jpg,105937,meningioma,meningioma,1,0.999934,0,1,0.000008,0.999934,0.000000,0.000058
data_cv_fold0/Testing/meningioma/Tr-me_0368.jpg,113805,meningioma,meningioma,1,0.675823,0,1,0.315983,0.675823,0.006647,0.001547
data_cv_fold0/Testing/meningioma/Tr-me_0412.jpg,111366,meningioma,meningioma,1,0.997145,0,1,0.001568,0.997145,0.000424,0.000862
data_cv_fold0/Testing/meningioma/Tr-me_0415.jpg,111366,meningioma,meningioma,1,0.985454,0,1,0.011944,0.985454,0.000388,0.002213
data_cv_fold0/Testing/meningioma/Tr-me_0422.jpg,112002,meningioma,meningioma,1,0.966319,0,1,0.029547,0.966319,0.003822,0.000313
data_cv_fold0/Testing/meningioma/Tr-me_0423.jpg,112002,meningioma,glioma,0,0.743977,0,1,0.743977,0.249896,0.003313,0.002814
data_cv_fold0/Testing/meningioma/Tr-me_0425.jpg,112002,meningioma,meningioma,1,0.632342,0,1,0.324859,0.632342,0.026044,0.016755
data_cv_fold0/Testing/meningioma/Tr-me_0426.jpg,112062,meningioma,meningioma,1,0.995636,0,1,0.003888,0.995636,0.000466,0.000010
data_cv_fold0/Testing/meningioma/Tr-me_0427.jpg,112062,meningioma,meningioma,1,0.999951,0,1,0.000040,0.999951,0.000006,0.000002
data_cv_fold0/Testing/meningioma/Tr-me_0428.jpg,112062,meningioma,meningioma,1,0.999975,0,1,0.000021,0.999975,0.000002,0.000002
data_cv_fold0/Testing/meningioma/Tr-me_0429.jpg,112062,meningioma,meningioma,1,0.998835,0,1,0.001149,0.998835,0.000011,0.000005
data_cv_fold0/Testing/meningioma/Tr-me_0432.jpg,112552,meningioma,meningioma,1,0.999734,0,1,0.000217,0.999734,0.000014,0.000035
data_cv_fold0/Testing/meningioma/Tr-me_0433.jpg,112552,meningioma,meningioma,1,0.999851,0,1,0.000135,0.999851,0.000002,0.000012
data_cv_fold0/Testing/meningioma/Tr-me_0434.jpg,112552,meningioma,meningioma,1,0.999847,0,1,0.000133,0.999847,0.000000,0.000019
data_cv_fold0/Testing/meningioma/Tr-me_0436.jpg,112552,meningioma,meningioma,1,0.999928,0,1,0.000051,0.999928,0.000000,0.000021
data_cv_fold0/Testing/meningioma/Tr-me_0437.jpg,112552,meningioma,meningioma,1,0.999764,0,1,0.000202,0.999764,0.000001,0.000032
data_cv_fold0/Testing/meningioma/Tr-me_0438.jpg,112552,meningioma,meningioma,1,0.998617,0,1,0.001247,0.998617,0.000004,0.000131
data_cv_fold0/Testing/meningioma/Tr-me_0439.jpg,112552,meningioma,meningioma,1,0.999306,0,1,0.000538,0.999306,0.000004,0.000151
data_cv_fold0/Testing/meningioma/Tr-me_0457.jpg,113805,meningioma,meningioma,1,0.998571,0,1,0.000439,0.998571,0.000971,0.000020
data_cv_fold0/Testing/meningioma/Tr-me_0476.jpg,99017,meningioma,meningioma,1,0.999881,0,1,0.000050,0.999881,0.000003,0.000066
data_cv_fold0/Testing/meningioma/Tr-me_0477.jpg,99017,meningioma,meningioma,1,0.998167,0,1,0.000579,0.998167,0.000567,0.000687
data_cv_fold0/Testing/meningioma/Tr-me_0485.jpg,99308,meningioma,meningioma,1,0.998324,0,1,0.001554,0.998324,0.000007,0.000115
data_cv_fold0/Testing/meningioma/Tr-me_0486.jpg,99308,meningioma,meningioma,1,0.997935,0,1,0.001925,0.997935,0.000029,0.000111
data_cv_fold0/Testing/meningioma/Tr-me_0487.jpg,99308,meningioma,meningioma,1,0.996973,0,1,0.000540,0.996973,0.000117,0.002370
data_cv_fold0/Testing/meningioma/Tr-me_0488.jpg,99308,meningioma,meningioma,1,0.990769,0,1,0.007724,0.990769,0.000575,0.000932
data_cv_fold0/Testing/meningioma/Tr-me_0499.jpg,100920,meningioma,meningioma,1,0.999978,0,1,0.000005,0.999978,0.000004,0.000013
data_cv_fold0/Testing/meningioma/Tr-me_0500.jpg,100920,meningioma,meningioma,1,0.999924,0,1,0.000001,0.999924,0.000010,0.000065
data_cv_fold0/Testing/meningioma/Tr-me_0502.jpg,100920,meningioma,meningioma,1,0.998981,0,1,0.000149,0.998981,0.000095,0.000775
data_cv_fold0/Testing/meningioma/Tr-me_0503.jpg,101016,meningioma,meningioma,1,0.999984,0,1,0.000004,0.999984,0.000000,0.000012
data_cv_fold0/Testing/meningioma/Tr-me_0504.jpg,101016,meningioma,meningioma,1,0.999985,0,1,0.000005,0.999985,0.000000,0.000010
data_cv_fold0/Testing/meningioma/Tr-me_0505.jpg,101016,meningioma,meningioma,1,0.999996,0,1,0.000002,0.999996,0.000000,0.000002
data_cv_fold0/Testing/meningioma/Tr-me_0506.jpg,101016,meningioma,meningioma,1,0.999993,0,1,0.000006,0.999993,0.000000,0.000001
data_cv_fold0/Testing/meningioma/Tr-me_0514.jpg,101797,meningioma,meningioma,1,0.997182,0,1,0.001796,0.997182,0.000121,0.000901
data_cv_fold0/Testing/meningioma/Tr-me_0515.jpg,101797,meningioma,meningioma,1,0.999682,0,1,0.000102,0.999682,0.000014,0.000201
data_cv_fold0/Testing/meningioma/Tr-me_0516.jpg,101797,meningioma,meningioma,1,0.998001,0,1,0.000157,0.998001,0.000086,0.001757
data_cv_fold0/Testing/meningioma/Tr-me_0517.jpg,101797,meningioma,meningioma,1,0.998762,0,1,0.000227,0.998762,0.000014,0.000997
data_cv_fold0/Testing/meningioma/Tr-me_0518.jpg,101797,meningioma,meningioma,1,0.997746,0,1,0.002062,0.997746,0.000055,0.000137
data_cv_fold0/Testing/meningioma/Tr-me_0519.jpg,101797,meningioma,meningioma,1,0.997618,0,1,0.001378,0.997618,0.000511,0.000493
data_cv_fold0/Testing/meningioma/Tr-me_0552.jpg,99017,meningioma,meningioma,1,0.999628,0,1,0.000045,0.999628,0.000039,0.000288
data_cv_fold0/Testing/meningioma/Tr-me_0553.jpg,99017,meningioma,meningioma,1,0.999721,0,1,0.000011,0.999721,0.000006,0.000262
data_cv_fold0/Testing/meningioma/Tr-me_0557.jpg,111366,meningioma,meningioma,1,0.953760,0,1,0.039535,0.953760,0.001252,0.005453
data_cv_fold0/Testing/meningioma/Tr-me_0564.jpg,99308,meningioma,meningioma,1,0.990846,0,1,0.001867,0.990846,0.000135,0.007153
data_cv_fold0/Testing/meningioma/Tr-me_0565.jpg,99308,meningioma,meningioma,1,0.995371,0,1,0.001280,0.995371,0.000026,0.003324
data_cv_fold0/Testing/meningioma/Tr-me_0566.jpg,99308,meningioma,meningioma,1,0.992386,0,1,0.005140,0.992386,0.000026,0.002448
data_cv_fold0/Testing/meningioma/Tr-me_0567.jpg,99308,meningioma,meningioma,1,0.999790,0,1,0.000082,0.999790,0.000001,0.000127
data_cv_fold0/Testing/meningioma/Tr-me_0568.jpg,111366,meningioma,meningioma,1,0.982711,0,1,0.002106,0.982711,0.000802,0.014381
data_cv_fold0/Testing/meningioma/Tr-me_0569.jpg,99308,meningioma,meningioma,1,0.999127,0,1,0.000744,0.999127,0.000005,0.000125
data_cv_fold0/Testing/meningioma/Tr-me_0570.jpg,99308,meningioma,meningioma,1,0.992945,0,1,0.006960,0.992945,0.000021,0.000074
data_cv_fold0/Testing/meningioma/Tr-me_0576.jpg,53669,meningioma,meningioma,1,0.999797,0,1,0.000105,0.999797,0.000000,0.000098
data_cv_fold0/Testing/meningioma/Tr-me_0579.jpg,111366,meningioma,meningioma,1,0.956159,0,1,0.000342,0.956159,0.000230,0.043269
data_cv_fold0/Testing/meningioma/Tr-me_0590.jpg,111366,meningioma,meningioma,1,0.998536,0,1,0.001294,0.998536,0.000067,0.000103
data_cv_fold0/Testing/meningioma/Tr-me_0597.jpg,101801,meningioma,meningioma,1,0.999252,0,1,0.000023,0.999252,0.000124,0.000600
data_cv_fold0/Testing/meningioma/Tr-me_0598.jpg,101801,meningioma,meningioma,1,0.994629,0,1,0.000203,0.994629,0.000688,0.004480
data_cv_fold0/Testing/meningioma/Tr-me_0599.jpg,101801,meningioma,meningioma,1,0.996351,0,1,0.000101,0.996351,0.000700,0.002848
data_cv_fold0/Testing/meningioma/Tr-me_0646.jpg,105555,meningioma,meningioma,1,0.949694,0,1,0.044728,0.949694,0.000301,0.005277
data_cv_fold0/Testing/meningioma/Tr-me_0647.jpg,105555,meningioma,meningioma,1,0.514894,0,1,0.482605,0.514894,0.000635,0.001865
data_cv_fold0/Testing/meningioma/Tr-me_0648.jpg,105937,meningioma,meningioma,1,0.995898,0,1,0.000027,0.995898,0.000018,0.004058
data_cv_fold0/Testing/meningioma/Tr-me_0649.jpg,105937,meningioma,meningioma,1,0.997385,0,1,0.000000,0.997385,0.000000,0.002614
data_cv_fold0/Testing/meningioma/Tr-me_0650.jpg,105937,meningioma,meningioma,1,0.999940,0,1,0.000007,0.999940,0.000000,0.000053
data_cv_fold0/Testing/meningioma/Tr-me_0667.jpg,112002,meningioma,glioma,0,0.990037,0,1,0.990037,0.006126,0.000766,0.003071
data_cv_fold0/Testing/meningioma/Tr-me_0678.jpg,112002,meningioma,glioma,0,0.944485,0,1,0.944485,0.052343,0.000089,0.003083
data_cv_fold0/Testing/meningioma/Tr-me_0689.jpg,112002,meningioma,glioma,0,0.612498,0,1,0.612498,0.342831,0.026459,0.018212
data_cv_fold0/Testing/meningioma/Tr-me_0691.jpg,107946,meningioma,meningioma,1,0.758510,0,1,0.241188,0.758510,0.000183,0.000119
data_cv_fold0/Testing/meningioma/Tr-me_0693.jpg,107946,meningioma,meningioma,1,0.949737,0,1,0.049908,0.949737,0.000170,0.000185
data_cv_fold0/Testing/meningioma/Tr-me_0694.jpg,107946,meningioma,meningioma,1,0.986531,0,1,0.011428,0.986531,0.000769,0.001273
data_cv_fold0/Testing/meningioma/Tr-me_0700.jpg,112002,meningioma,meningioma,1,0.998352,0,1,0.000136,0.998352,0.000051,0.001460
data_cv_fold0/Testing/meningioma/Tr-me_0709.jpg,112062,meningioma,meningioma,1,0.989235,0,1,0.010748,0.989235,0.000008,0.000009
data_cv_fold0/Testing/meningioma/Tr-me_0710.jpg,112062,meningioma,meningioma,1,0.998322,0,1,0.001668,0.998322,0.000004,0.000007
data_cv_fold0/Testing/meningioma/Tr-me_0711.jpg,112062,meningioma,meningioma,1,0.999154,0,1,0.000769,0.999154,0.000038,0.000039
data_cv_fold0/Testing/meningioma/Tr-me_0715.jpg,112552,meningioma,meningioma,1,0.994608,0,1,0.002579,0.994608,0.000008,0.002805
data_cv_fold0/Testing/meningioma/Tr-me_0716.jpg,112552,meningioma,meningioma,1,0.998615,0,1,0.000534,0.998615,0.000007,0.000844
data_cv_fold0/Testing/meningioma/Tr-me_0717.jpg,112552,meningioma,meningioma,1,0.999714,0,1,0.000117,0.999714,0.000001,0.000168
data_cv_fold0/Testing/meningioma/Tr-me_0718.jpg,112552,meningioma,meningioma,1,0.999987,0,1,0.000011,0.999987,0.000000,0.000002
data_cv_fold0/Testing/meningioma/Tr-me_0719.jpg,112552,meningioma,meningioma,1,0.999958,0,1,0.000038,0.999958,0.000000,0.000003
data_cv_fold0/Testing/meningioma/Tr-me_0720.jpg,112552,meningioma,meningioma,1,0.999984,0,1,0.000015,0.999984,0.000000,0.000002
data_cv_fold0/Testing/meningioma/Tr-me_0721.jpg,112552,meningioma,meningioma,1,0.999863,0,1,0.000135,0.999863,0.000000,0.000002
data_cv_fold0/Testing/meningioma/Tr-me_0726.jpg,112650,meningioma,meningioma,1,0.764329,0,1,0.234443,0.764329,0.000434,0.000793
data_cv_fold0/Testing/meningioma/Tr-me_0727.jpg,112650,meningioma,meningioma,1,0.988691,0,1,0.010673,0.988691,0.000272,0.000365
data_cv_fold0/Testing/meningioma/Tr-me_0746.jpg,113805,meningioma,meningioma,1,0.998911,0,1,0.001045,0.998911,0.000013,0.000032
data_cv_fold0/Testing/meningioma/Tr-me_0800.jpg,99017,meningioma,meningioma,1,0.668794,0,1,0.000803,0.668794,0.005047,0.325356
data_cv_fold0/Testing/meningioma/Tr-me_0802.jpg,101797,meningioma,meningioma,1,0.999953,0,1,0.000039,0.999953,0.000007,0.000001
data_cv_fold0/Testing/meningioma/Tr-me_0804.jpg,101016,meningioma,meningioma,1,0.999951,0,1,0.000026,0.999951,0.000000,0.000022
data_cv_fold0/Testing/meningioma/Tr-me_0808.jpg,99308,meningioma,meningioma,1,0.999945,0,1,0.000033,0.999945,0.000015,0.000007
data_cv_fold0/Testing/meningioma/Tr-me_0809.jpg,99308,meningioma,meningioma,1,0.966129,0,1,0.032185,0.966129,0.000034,0.001652
data_cv_fold0/Testing/meningioma/Tr-me_0810.jpg,99308,meningioma,meningioma,1,0.994924,0,1,0.004812,0.994924,0.000010,0.000254
data_cv_fold0/Testing/meningioma/Tr-me_0811.jpg,99308,meningioma,meningioma,1,0.975357,0,1,0.024517,0.975357,0.000054,0.000072
data_cv_fold0/Testing/meningioma/Tr-me_0820.jpg,101797,meningioma,meningioma,1,0.999720,0,1,0.000137,0.999720,0.000026,0.000117
data_cv_fold0/Testing/meningioma/Tr-me_0822.jpg,101016,meningioma,meningioma,1,0.999986,0,1,0.000010,0.999986,0.000000,0.000004
data_cv_fold0/Testing/meningioma/Tr-me_0824.jpg,101016,meningioma,meningioma,1,0.999988,0,1,0.000006,0.999988,0.000000,0.000006
data_cv_fold0/Testing/meningioma/Tr-me_0825.jpg,101016,meningioma,meningioma,1,0.999971,0,1,0.000016,0.999971,0.000000,0.000013
data_cv_fold0/Testing/meningioma/Tr-me_0827.jpg,101016,meningioma,meningioma,1,0.999916,0,1,0.000078,0.999916,0.000002,0.000004
data_cv_fold0/Testing/meningioma/Tr-me_0830.jpg,101797,meningioma,meningioma,1,0.999572,0,1,0.000067,0.999572,0.000068,0.000294
data_cv_fold0/Testing/meningioma/Tr-me_0834.jpg,101797,meningioma,meningioma,1,0.939593,0,1,0.022529,0.939593,0.000266,0.037612
data_cv_fold0/Testing/meningioma/Tr-me_0835.jpg,101797,meningioma,meningioma,1,0.999336,0,1,0.000177,0.999336,0.000002,0.000485
data_cv_fold0/Testing/meningioma/Tr-me_0836.jpg,101797,meningioma,meningioma,1,0.999741,0,1,0.000053,0.999741,0.000001,0.000205
data_cv_fold0/Testing/meningioma/Tr-me_0877.jpg,101016,meningioma,meningioma,1,0.999972,0,1,0.000005,0.999972,0.000002,0.000021
data_cv_fold0/Testing/meningioma/Tr-me_0882.jpg,105555,meningioma,glioma,0,0.866937,0,1,0.866937,0.132709,0.000226,0.000128
data_cv_fold0/Testing/meningioma/Tr-me_0883.jpg,105555,meningioma,glioma,0,0.908035,0,1,0.908035,0.089336,0.002404,0.000225
data_cv_fold0/Testing/meningioma/Tr-me_0884.jpg,105937,meningioma,meningioma,1,0.975281,0,1,0.000169,0.975281,0.000599,0.023951
data_cv_fold0/Testing/meningioma/Tr-me_0885.jpg,105937,meningioma,meningioma,1,0.999191,0,1,0.000002,0.999191,0.000001,0.000807
data_cv_fold0/Testing/meningioma/Tr-me_0886.jpg,105937,meningioma,meningioma,1,0.999011,0,1,0.000038,0.999011,0.000008,0.000942
data_cv_fold0/Testing/meningioma/Tr-me_0899.jpg,101016,meningioma,meningioma,1,0.999973,0,1,0.000021,0.999973,0.000000,0.000006
data_cv_fold0/Testing/meningioma/Tr-me_0946.jpg,111366,meningioma,meningioma,1,0.987755,0,1,0.002244,0.987755,0.008713,0.001288
data_cv_fold0/Testing/meningioma/Tr-me_0947.jpg,111366,meningioma,meningioma,1,0.999438,0,1,0.000117,0.999438,0.000292,0.000153
data_cv_fold0/Testing/meningioma/Tr-me_0953.jpg,112002,meningioma,meningioma,1,0.889848,0,1,0.008901,0.889848,0.099984,0.001267
data_cv_fold0/Testing/meningioma/Tr-me_0954.jpg,112002,meningioma,glioma,0,0.666661,0,1,0.666661,0.330791,0.001403,0.001145
data_cv_fold0/Testing/meningioma/Tr-me_0956.jpg,112002,meningioma,glioma,0,0.789221,0,1,0.789221,0.173206,0.015897,0.021677
data_cv_fold0/Testing/meningioma/Tr-me_0957.jpg,112062,meningioma,meningioma,1,0.991830,0,1,0.007268,0.991830,0.000878,0.000024
data_cv_fold0/Testing/meningioma/Tr-me_0958.jpg,112062,meningioma,meningioma,1,0.999968,0,1,0.000028,0.999968,0.000003,0.000001
data_cv_fold0/Testing/meningioma/Tr-me_0959.jpg,112062,meningioma,meningioma,1,0.999614,0,1,0.000368,0.999614,0.000015,0.000003
data_cv_fold0/Testing/meningioma/Tr-me_0962.jpg,112552,meningioma,meningioma,1,0.999578,0,1,0.000387,0.999578,0.000016,0.000020
data_cv_fold0/Testing/meningioma/Tr-me_0963.jpg,112552,meningioma,meningioma,1,0.999831,0,1,0.000162,0.999831,0.000002,0.000005
data_cv_fold0/Testing/meningioma/Tr-me_0964.jpg,112552,meningioma,meningioma,1,0.999957,0,1,0.000031,0.999957,0.000000,0.000012
data_cv_fold0/Testing/meningioma/Tr-me_0965.jpg,112552,meningioma,meningioma,1,0.999881,0,1,0.000117,0.999881,0.000000,0.000002
data_cv_fold0/Testing/meningioma/Tr-me_0966.jpg,112552,meningioma,meningioma,1,0.998195,0,1,0.001590,0.998195,0.000002,0.000213
data_cv_fold0/Testing/meningioma/Tr-me_0979.jpg,113805,meningioma,meningioma,1,0.718357,0,1,0.278400,0.718357,0.002701,0.000542
data_cv_fold0/Testing/meningioma/Tr-me_0980.jpg,113805,meningioma,meningioma,1,0.999115,0,1,0.000618,0.999115,0.000196,0.000071
data_cv_fold0/Testing/meningioma/Tr-me_1011.jpg,99017,meningioma,meningioma,1,0.999964,0,1,0.000011,0.999964,0.000005,0.000021
data_cv_fold0/Testing/meningioma/Tr-me_1017.jpg,99308,meningioma,meningioma,1,0.991362,0,1,0.008501,0.991362,0.000005,0.000132
data_cv_fold0/Testing/meningioma/Tr-me_1019.jpg,99308,meningioma,meningioma,1,0.998406,0,1,0.001374,0.998406,0.000020,0.000200
data_cv_fold0/Testing/meningioma/Tr-me_1020.jpg,99308,meningioma,meningioma,1,0.998782,0,1,0.001101,0.998782,0.000031,0.000085
data_cv_fold0/Testing/meningioma/Tr-me_1029.jpg,100920,meningioma,meningioma,1,0.999883,0,1,0.000044,0.999883,0.000005,0.000068
data_cv_fold0/Testing/meningioma/Tr-me_1030.jpg,100920,meningioma,meningioma,1,0.998930,0,1,0.000919,0.998930,0.000006,0.000145
data_cv_fold0/Testing/meningioma/Tr-me_1031.jpg,101016,meningioma,meningioma,1,0.999996,0,1,0.000002,0.999996,0.000000,0.000003
data_cv_fold0/Testing/meningioma/Tr-me_1032.jpg,101016,meningioma,meningioma,1,0.999992,0,1,0.000002,0.999992,0.000000,0.000005
data_cv_fold0/Testing/meningioma/Tr-me_1033.jpg,101016,meningioma,meningioma,1,0.999994,0,1,0.000005,0.999994,0.000000,0.000000
data_cv_fold0/Testing/meningioma/Tr-me_1040.jpg,101797,meningioma,meningioma,1,0.998644,0,1,0.001084,0.998644,0.000033,0.000239
data_cv_fold0/Testing/meningioma/Tr-me_1041.jpg,101797,meningioma,meningioma,1,0.999975,0,1,0.000010,0.999975,0.000000,0.000015
data_cv_fold0/Testing/meningioma/Tr-me_1042.jpg,101797,meningioma,meningioma,1,0.999808,0,1,0.000037,0.999808,0.000003,0.000152
data_cv_fold0/Testing/meningioma/Tr-me_1043.jpg,101797,meningioma,meningioma,1,0.999901,0,1,0.000098,0.999901,0.000000,0.000001
data_cv_fold0/Testing/meningioma/Tr-me_1045.jpg,101797,meningioma,meningioma,1,0.999714,0,1,0.000277,0.999714,0.000003,0.000006
data_cv_fold0/Testing/meningioma/Tr-me_1046.jpg,101801,meningioma,meningioma,1,0.996760,0,1,0.000186,0.996760,0.000097,0.002957
data_cv_fold0/Testing/meningioma/Tr-me_1047.jpg,101801,meningioma,meningioma,1,0.998111,0,1,0.000006,0.998111,0.000019,0.001864
data_cv_fold0/Testing/meningioma/Tr-me_1086.jpg,105555,meningioma,glioma,0,0.700291,0,1,0.700291,0.298889,0.000663,0.000158
data_cv_fold0/Testing/meningioma/Tr-me_1088.jpg,105937,meningioma,meningioma,1,0.985224,0,1,0.000055,0.985224,0.000024,0.014697
data_cv_fold0/Testing/meningioma/Tr-me_1089.jpg,105937,meningioma,meningioma,1,0.999938,0,1,0.000018,0.999938,0.000000,0.000044
data_cv_fold0/Testing/meningioma/Tr-me_1121.jpg,107946,meningioma,meningioma,1,0.975750,0,1,0.024201,0.975750,0.000048,0.000001
data_cv_fold0/Testing/meningioma/Tr-me_1122.jpg,107946,meningioma,meningioma,1,0.902092,0,1,0.096982,0.902092,0.000889,0.000037
data_cv_fold0/Testing/meningioma/Tr-me_1124.jpg,107946,meningioma,meningioma,1,0.875001,0,1,0.123468,0.875001,0.001352,0.000179
data_cv_fold0/Testing/meningioma/Tr-me_1145.jpg,111366,meningioma,meningioma,1,0.742924,0,1,0.250379,0.742924,0.001605,0.005092
data_cv_fold0/Testing/meningioma/Tr-me_1146.jpg,111366,meningioma,meningioma,1,0.965555,0,1,0.022289,0.965555,0.009594,0.002562
data_cv_fold0/Testing/meningioma/Tr-me_1147.jpg,111366,meningioma,meningioma,1,0.953948,0,1,0.044427,0.953948,0.000293,0.001332
data_cv_fold0/Testing/meningioma/Tr-me_1154.jpg,105937,meningioma,meningioma,1,0.999990,0,1,0.000002,0.999990,0.000000,0.000008
data_cv_fold0/Testing/meningioma/Tr-me_1155.jpg,112002,meningioma,glioma,0,0.827765,0,1,0.827765,0.168169,0.000535,0.003532
data_cv_fold0/Testing/meningioma/Tr-me_1156.jpg,112002,meningioma,meningioma,1,0.998655,0,1,0.000625,0.998655,0.000162,0.000559
data_cv_fold0/Testing/meningioma/Tr-me_1157.jpg,112062,meningioma,meningioma,1,0.990901,0,1,0.009071,0.990901,0.000011,0.000017
data_cv_fold0/Testing/meningioma/Tr-me_1158.jpg,112062,meningioma,meningioma,1,0.999708,0,1,0.000288,0.999708,0.000001,0.000002
data_cv_fold0/Testing/meningioma/Tr-me_1161.jpg,112552,meningioma,meningioma,1,0.999000,0,1,0.000843,0.999000,0.000001,0.000156
data_cv_fold0/Testing/meningioma/Tr-me_1163.jpg,112552,meningioma,meningioma,1,0.999732,0,1,0.000132,0.999732,0.000001,0.000135
data_cv_fold0/Testing/meningioma/Tr-me_1164.jpg,112552,meningioma,meningioma,1,0.999900,0,1,0.000090,0.999900,0.000001,0.000009
data_cv_fold0/Testing/meningioma/Tr-me_1165.jpg,112552,meningioma,meningioma,1,0.999684,0,1,0.000312,0.999684,0.000000,0.000004
data_cv_fold0/Testing/meningioma/Tr-me_1166.jpg,112552,meningioma,meningioma,1,0.995445,0,1,0.004541,0.995445,0.000008,0.000006
data_cv_fold0/Testing/meningioma/Tr-me_1170.jpg,112650,meningioma,meningioma,1,0.694178,0,1,0.304861,0.694178,0.000350,0.000612
data_cv_fold0/Testing/meningioma/Tr-me_1171.jpg,112650,meningioma,meningioma,1,0.905577,0,1,0.093966,0.905577,0.000207,0.000250
data_cv_fold0/Testing/meningioma/Tr-me_1186.jpg,113805,meningioma,meningioma,1,0.899324,0,1,0.100337,0.899324,0.000304,0.000034
data_cv_fold0/Testing/meningioma/Tr-me_1226.jpg,99017,meningioma,meningioma,1,0.999812,0,1,0.000053,0.999812,0.000050,0.000084
data_cv_fold0/Testing/meningioma/Tr-me_1227.jpg,99017,meningioma,meningioma,1,0.999943,0,1,0.000019,0.999943,0.000015,0.000023
data_cv_fold0/Testing/meningioma/Tr-me_1235.jpg,99308,meningioma,meningioma,1,0.990787,0,1,0.006300,0.990787,0.000121,0.002792
data_cv_fold0/Testing/meningioma/Tr-me_1236.jpg,99308,meningioma,meningioma,1,0.993966,0,1,0.005727,0.993966,0.000026,0.000281
data_cv_fold0/Testing/meningioma/Tr-me_1237.jpg,99308,meningioma,meningioma,1,0.984080,0,1,0.014598,0.984080,0.000031,0.001292
data_cv_fold0/Testing/meningioma/Tr-me_1239.jpg,99308,meningioma,meningioma,1,0.999837,0,1,0.000068,0.999837,0.000001,0.000094
data_cv_fold0/Testing/meningioma/Tr-me_1240.jpg,99308,meningioma,meningioma,1,0.998969,0,1,0.000995,0.998969,0.000000,0.000035
data_cv_fold0/Testing/meningioma/Tr-me_1263.jpg,101016,meningioma,meningioma,1,0.670266,0,1,0.025141,0.670266,0.299586,0.005007
data_cv_fold0/Testing/meningioma/Tr-me_1273.jpg,111366,meningioma,meningioma,1,0.670705,0,1,0.109616,0.670705,0.184596,0.035083
data_cv_fold0/Testing/meningioma/Tr-me_1274.jpg,111366,meningioma,pituitary,0,0.821036,0,1,0.009020,0.006642,0.163302,0.821036
data_cv_fold0/Testing/meningioma/Tr-me_1275.jpg,101016,meningioma,meningioma,1,0.999795,0,1,0.000191,0.999795,0.000001,0.000013
data_cv_fold0/Testing/meningioma/Tr-me_1276.jpg,111366,meningioma,pituitary,0,0.765480,0,1,0.008093,0.190482,0.035945,0.765480
data_cv_fold0/Testing/meningioma/Tr-me_1277.jpg,111366,meningioma,meningioma,1,0.996617,0,1,0.000082,0.996617,0.000006,0.003295
data_cv_fold0/Testing/meningioma/Tr-me_1282.jpg,112002,meningioma,meningioma,1,0.490277,0,1,0.077927,0.490277,0.430438,0.001357
data_cv_fold0/Testing/meningioma/Tr-me_1283.jpg,112002,meningioma,meningioma,1,0.957947,0,1,0.038675,0.957947,0.003184,0.000193
data_cv_fold0/Testing/meningioma/Tr-me_1284.jpg,112002,meningioma,meningioma,1,0.925179,0,1,0.074538,0.925179,0.000167,0.000115
data_cv_fold0/Testing/meningioma/Tr-me_1285.jpg,112002,meningioma,meningioma,1,0.917839,0,1,0.081236,0.917839,0.000515,0.000410
data_cv_fold0/Testing/meningioma/Tr-me_1286.jpg,112062,meningioma,meningioma,1,0.999977,0,1,0.000017,0.999977,0.000000,0.000006
data_cv_fold0/Testing/meningioma/Tr-me_1287.jpg,101016,meningioma,meningioma,1,0.999941,0,1,0.000051,0.999941,0.000000,0.000008
data_cv_fold0/Testing/meningioma/Tr-me_1288.jpg,112062,meningioma,meningioma,1,0.999991,0,1,0.000004,0.999991,0.000000,0.000006
data_cv_fold0/Testing/meningioma/Tr-me_1289.jpg,112062,meningioma,meningioma,1,0.999967,0,1,0.000012,0.999967,0.000001,0.000019
data_cv_fold0/Testing/meningioma/Tr-me_1293.jpg,112552,meningioma,meningioma,1,0.999933,0,1,0.000010,0.999933,0.000040,0.000017
data_cv_fold0/Testing/meningioma/Tr-me_1294.jpg,112552,meningioma,meningioma,1,0.999992,0,1,0.000001,0.999992,0.000001,0.000005
data_cv_fold0/Testing/meningioma/Tr-me_1295.jpg,112552,meningioma,meningioma,1,0.999904,0,1,0.000035,0.999904,0.000002,0.000059
data_cv_fold0/Testing/meningioma/Tr-me_1296.jpg,112552,meningioma,meningioma,1,0.999973,0,1,0.000014,0.999973,0.000000,0.000013
data_cv_fold0/Testing/meningioma/Tr-me_1297.jpg,112552,meningioma,meningioma,1,0.999552,0,1,0.000257,0.999552,0.000002,0.000189
data_cv_fold0/Testing/meningioma/Tr-me_1298.jpg,112552,meningioma,meningioma,1,0.999902,0,1,0.000058,0.999902,0.000000,0.000039
data_cv_fold0/Testing/meningioma/Tr-me_1299.jpg,101016,meningioma,meningioma,1,0.999957,0,1,0.000041,0.999957,0.000001,0.000002
data_cv_fold0/Testing/meningioma/Tr-me_1300.jpg,112552,meningioma,meningioma,1,0.999948,0,1,0.000048,0.999948,0.000000,0.000004
data_cv_fold0/Testing/meningioma/Tr-me_1315.jpg,113805,meningioma,meningioma,1,0.998151,0,1,0.001771,0.998151,0.000033,0.000045
data_cv_fold0/Testing/notumor/Te-no_0110.jpg,nt441,notumor,notumor,1,1.000000,0,1,0.000000,0.000000,1.000000,0.000000
data_cv_fold0/Testing/notumor/Te-no_0112.jpg,nt1029,notumor,notumor,1,0.999997,0,1,0.000001,0.000002,0.999997,0.000000
data_cv_fold0/Testing/notumor/Te-no_0113.jpg,nt941,notumor,notumor,1,0.999913,0,1,0.000002,0.000080,0.999913,0.000005
data_cv_fold0/Testing/notumor/Te-no_0120.jpg,nt951,notumor,notumor,1,0.999864,0,1,0.000061,0.000064,0.999864,0.000011
data_cv_fold0/Testing/notumor/Te-no_0128.jpg,nt1032,notumor,notumor,1,0.999961,0,1,0.000002,0.000030,0.999961,0.000007
data_cv_fold0/Testing/notumor/Te-no_0139.jpg,nt446,notumor,notumor,1,0.999445,0,1,0.000184,0.000369,0.999445,0.000001
data_cv_fold0/Testing/notumor/Te-no_0140.jpg,nt970,notumor,notumor,1,0.999979,0,1,0.000004,0.000013,0.999979,0.000004
data_cv_fold0/Testing/notumor/Te-no_0142.jpg,nt868,notumor,notumor,1,0.999850,0,1,0.000019,0.000117,0.999850,0.000013
data_cv_fold0/Testing/notumor/Te-no_0146.jpg,nt518,notumor,notumor,1,1.000000,0,1,0.000000,0.000000,1.000000,0.000000
data_cv_fold0/Testing/notumor/Te-no_0151.jpg,nt517,notumor,notumor,1,0.999983,0,1,0.000002,0.000010,0.999983,0.000005
data_cv_fold0/Testing/notumor/Te-no_0157.jpg,nt1040,notumor,notumor,1,0.999998,0,1,0.000000,0.000002,0.999998,0.000000
data_cv_fold0/Testing/notumor/Te-no_0167.jpg,nt1045,notumor,notumor,1,0.999980,0,1,0.000002,0.000011,0.999980,0.000007
data_cv_fold0/Testing/notumor/Te-no_0172.jpg,nt853,notumor,notumor,1,0.999936,0,1,0.000001,0.000062,0.999936,0.000001
data_cv_fold0/Testing/notumor/Te-no_0177.jpg,nt1049,notumor,notumor,1,0.989807,0,1,0.000054,0.010085,0.989807,0.000054
data_cv_fold0/Testing/notumor/Te-no_0182.jpg,nt1053,notumor,notumor,1,0.999990,0,1,0.000000,0.000008,0.999990,0.000002
data_cv_fold0/Testing/notumor/Te-no_0187.jpg,nt999,notumor,notumor,1,0.999978,0,1,0.000001,0.000016,0.999978,0.000005
data_cv_fold0/Testing/notumor/Te-no_0188.jpg,nt588,notumor,notumor,1,0.999999,0,1,0.000000,0.000001,0.999999,0.000000
data_cv_fold0/Testing/notumor/Te-no_0201.jpg,nt395,notumor,notumor,1,0.998793,0,1,0.000233,0.000966,0.998793,0.000007
data_cv_fold0/Testing/notumor/Te-no_0203.jpg,nt12,notumor,notumor,1,0.999951,0,1,0.000019,0.000026,0.999951,0.000003
data_cv_fold0/Testing/notumor/Te-no_0219.jpg,nt1064,notumor,notumor,1,0.999660,0,1,0.000079,0.000233,0.999660,0.000028
data_cv_fold0/Testing/notumor/Te-no_0226.jpg,nt32,notumor,notumor,1,0.999947,0,1,0.000009,0.000024,0.999947,0.000020
data_cv_fold0/Testing/notumor/Te-no_0227.jpg,nt35,notumor,notumor,1,0.999995,0,1,0.000001,0.000003,0.999995,0.000002
data_cv_fold0/Testing/notumor/Te-no_0235.jpg,nt605,notumor,notumor,1,0.999992,0,1,0.000002,0.000005,0.999992,0.000001
data_cv_fold0/Testing/notumor/Te-no_0242.jpg,nt978,notumor,notumor,1,0.999993,0,1,0.000002,0.000005,0.999993,0.000000
data_cv_fold0/Testing/notumor/Te-no_0244.jpg,nt1067,notumor,notumor,1,0.999999,0,1,0.000000,0.000001,0.999999,0.000000
data_cv_fold0/Testing/notumor/Te-no_0250.jpg,nt873,notumor,notumor,1,0.999868,0,1,0.000001,0.000129,0.999868,0.000001
data_cv_fold0/Testing/notumor/Te-no_0257.jpg,nt1074,notumor,notumor,1,0.999997,0,1,0.000000,0.000002,0.999997,0.000000
data_cv_fold0/Testing/notumor/Te-no_0259.jpg,nt868,notumor,notumor,1,0.999923,0,1,0.000010,0.000057,0.999923,0.000010
data_cv_fold0/Testing/notumor/Te-no_0261.jpg,nt368,notumor,notumor,1,0.999953,0,1,0.000003,0.000035,0.999953,0.000009
data_cv_fold0/Testing/notumor/Te-no_0264.jpg,nt909,notumor,notumor,1,0.999890,0,1,0.000005,0.000081,0.999890,0.000024
data_cv_fold0/Testing/notumor/Te-no_0273.jpg,nt1084,notumor,notumor,1,0.999753,0,1,0.000001,0.000246,0.999753,0.000000
data_cv_fold0/Testing/notumor/Te-no_0276.jpg,nt845,notumor,notumor,1,0.999992,0,1,0.000001,0.000003,0.999992,0.000004
data_cv_fold0/Testing/notumor/Te-no_0281.jpg,nt1089,notumor,notumor,1,0.999997,0,1,0.000000,0.000003,0.999997,0.000000
data_cv_fold0/Testing/notumor/Te-no_0287.jpg,nt1049,notumor,notumor,1,0.987669,0,1,0.000059,0.012206,0.987669,0.000066
data_cv_fold0/Testing/notumor/Te-no_0294.jpg,nt1095,notumor,notumor,1,0.999688,0,1,0.000025,0.000280,0.999688,0.000006
data_cv_fold0/Testing/notumor/Te-no_0296.jpg,nt407,notumor,notumor,1,0.999681,0,1,0.000033,0.000280,0.999681,0.000007
data_cv_fold0/Testing/notumor/Te-no_0299.jpg,nt809,notumor,notumor,1,0.999216,0,1,0.000084,0.000681,0.999216,0.000019
data_cv_fold0/Testing/notumor/Te-no_0310.jpg,nt170,notumor,notumor,1,0.999819,0,1,0.000104,0.000061,0.999819,0.000016
data_cv_fold0/Testing/notumor/Te-no_0313.jpg,nt433,notumor,notumor,1,0.999976,0,1,0.000006,0.000016,0.999976,0.000003
data_cv_fold0/Testing/notumor/Te-no_0315.jpg,nt999,notumor,notumor,1,0.999979,0,1,0.000001,0.000015,0.999979,0.000005
data_cv_fold0/Testing/notumor/Te-no_0326.jpg,nt551,notumor,notumor,1,0.999921,0,1,0.000007,0.000062,0.999921,0.000010
data_cv_fold0/Testing/notumor/Te-no_0327.jpg,nt1099,notumor,notumor,1,0.999999,0,1,0.000000,0.000001,0.999999,0.000000
data_cv_fold0/Testing/notumor/Te-no_0333.jpg,nt316,notumor,notumor,1,0.999614,0,1,0.000051,0.000092,0.999614,0.000244
data_cv_fold0/Testing/notumor/Te-no_0334.jpg,nt1029,notumor,notumor,1,0.999998,0,1,0.000001,0.000001,0.999998,0.000000
data_cv_fold0/Testing/notumor/Te-no_0336.jpg,nt325,notumor,notumor,1,0.999969,0,1,0.000002,0.000020,0.999969,0.000009
data_cv_fold0/Testing/notumor/Te-no_0340.jpg,nt1102,notumor,notumor,1,0.999990,0,1,0.000001,0.000007,0.999990,0.000001
data_cv_fold0/Testing/notumor/Te-no_0342.jpg,nt338,notumor,notumor,1,0.999965,0,1,0.000004,0.000028,0.999965,0.000004
data_cv_fold0/Testing/notumor/Te-no_0355.jpg,nt1067,notumor,notumor,1,0.999999,0,1,0.000000,0.000001,0.999999,0.000000
data_cv_fold0/Testing/notumor/Te-no_0356.jpg,nt483,notumor,notumor,1,0.999905,0,1,0.000057,0.000007,0.999905,0.000030
data_cv_fold0/Testing/notumor/Te-no_0361.jpg,nt1107,notumor,notumor,1,0.999996,0,1,0.000000,0.000004,0.999996,0.000000
data_cv_fold0/Testing/notumor/Te-no_0365.jpg,nt433,notumor,notumor,1,0.999974,0,1,0.000006,0.000017,0.999974,0.000003
data_cv_fold0/Testing/notumor/Te-no_0375.jpg,nt533,notumor,notumor,1,0.999956,0,1,0.000006,0.000034,0.999956,0.000003
data_cv_fold0/Testing/notumor/Te-no_0377.jpg,nt888,notumor,notumor,1,0.999833,0,1,0.000022,0.000137,0.999833,0.000009
data_cv_fold0/Testing/notumor/Te-no_0381.jpg,nt511,notumor,notumor,1,0.999981,0,1,0.000002,0.000006,0.999981,0.000011
data_cv_fold0/Testing/notumor/Te-no_0392.jpg,nt1111,notumor,notumor,1,0.999953,0,1,0.000005,0.000041,0.999953,0.000001
data_cv_fold0/Testing/notumor/Te-no_0395.jpg,nt916,notumor,notumor,1,0.999995,0,1,0.000000,0.000003,0.999995,0.000002
data_cv_fold0/Testing/notumor/Te-no_0398.jpg,nt1099,notumor,notumor,1,0.999999,0,1,0.000000,0.000001,0.999999,0.000000
data_cv_fold0/Testing/notumor/Te-no_0401.jpg,nt927,notumor,notumor,1,0.999973,0,1,0.000002,0.000018,0.999973,0.000006
data_cv_fold0/Testing/notumor/Tr-noTr_0007.jpg,nt7,notumor,notumor,1,0.999827,0,1,0.000002,0.000169,0.999827,0.000002
data_cv_fold0/Testing/notumor/Tr-no_0010.jpg,nt10,notumor,notumor,1,0.966586,0,1,0.000521,0.031976,0.966586,0.000917
data_cv_fold0/Testing/notumor/Tr-no_0013.jpg,nt12,notumor,notumor,1,0.999944,0,1,0.000022,0.000030,0.999944,0.000004
data_cv_fold0/Testing/notumor/Tr-no_0033.jpg,nt29,notumor,notumor,1,0.999837,0,1,0.000010,0.000118,0.999837,0.000036
data_cv_fold0/Testing/notumor/Tr-no_0036.jpg,nt32,notumor,notumor,1,0.999933,0,1,0.000014,0.000036,0.999933,0.000017
data_cv_fold0/Testing/notumor/Tr-no_0039.jpg,nt35,notumor,notumor,1,0.999994,0,1,0.000001,0.000004,0.999994,0.000002
data_cv_fold0/Testing/notumor/Tr-no_0041.jpg,nt37,notumor,notumor,1,0.896354,0,1,0.005773,0.097387,0.896354,0.000486
data_cv_fold0/Testing/notumor/Tr-no_0044.jpg,nt40,notumor,notumor,1,0.999826,0,1,0.000018,0.000128,0.999826,0.000027
data_cv_fold0/Testing/notumor/Tr-no_0046.jpg,nt42,notumor,notumor,1,0.999891,0,1,0.000033,0.000068,0.999891,0.000007
data_cv_fold0/Testing/notumor/Tr-no_0053.jpg,nt49,notumor,notumor,1,0.998607,0,1,0.000085,0.001252,0.998607,0.000055
data_cv_fold0/Testing/notumor/Tr-no_0057.jpg,nt53,notumor,notumor,1,0.996304,0,1,0.000190,0.003443,0.996304,0.000062
data_cv_fold0/Testing/notumor/Tr-no_0060.jpg,nt56,notumor,notumor,1,0.999213,0,1,0.000029,0.000699,0.999213,0.000059
data_cv_fold0/Testing/notumor/Tr-no_0062.jpg,nt58,notumor,notumor,1,0.999446,0,1,0.000011,0.000067,0.999446,0.000475
data_cv_fold0/Testing/notumor/Tr-no_0072.jpg,nt68,notumor,meningioma,0,0.768965,0,1,0.000368,0.768965,0.222785,0.007883
data_cv_fold0/Testing/notumor/Tr-no_0073.jpg,nt69,notumor,notumor,1,0.994325,0,1,0.000061,0.000107,0.994325,0.005507
data_cv_fold0/Testing/notumor/Tr-no_0087.jpg,nt77,notumor,notumor,1,0.992478,0,1,0.000033,0.000719,0.992478,0.006771
data_cv_fold0/Testing/notumor/Tr-no_0097.jpg,nt87,notumor,notumor,1,0.999991,0,1,0.000001,0.000007,0.999991,0.000002
data_cv_fold0/Testing/notumor/Tr-no_0099.jpg,nt89,notumor,notumor,1,0.999977,0,1,0.000000,0.000019,0.999977,0.000004
data_cv_fold0/Testing/notumor/Tr-no_0104.jpg,nt94,notumor,notumor,1,0.999725,0,1,0.000151,0.000122,0.999725,0.000002
data_cv_fold0/Testing/notumor/Tr-no_0105.jpg,nt95,notumor,notumor,1,0.999936,0,1,0.000029,0.000033,0.999936,0.000002
data_cv_fold0/Testing/notumor/Tr-no_0109.jpg,nt99,notumor,notumor,1,0.999597,0,1,0.000061,0.000340,0.999597,0.000002
data_cv_fold0/Testing/notumor/Tr-no_0113.jpg,nt42,notumor,notumor,1,0.999877,0,1,0.000040,0.000079,0.999877,0.000005
data_cv_fold0/Testing/notumor/Tr-no_0117.jpg,nt106,notumor,notumor,1,0.997216,0,1,0.000406,0.002114,0.997216,0.000263
data_cv_fold0/Testing/notumor/Tr-no_0118.jpg,nt107,notumor,notumor,1,0.999304,0,1,0.000001,0.000628,0.999304,0.000067
data_cv_fold0/Testing/notumor/Tr-no_0119.jpg,nt108,notumor,notumor,1,0.999738,0,1,0.000000,0.000262,0.999738,0.000001
data_cv_fold0/Testing/notumor/Tr-no_0133.jpg,nt116,notumor,notumor,1,0.999739,0,1,0.000016,0.000238,0.999739,0.000007
data_cv_fold0/Testing/notumor/Tr-no_0139.jpg,nt120,notumor,notumor,1,0.999177,0,1,0.000043,0.000753,0.999177,0.000027
data_cv_fold0/Testing/notumor/Tr-no_0140.jpg,nt121,notumor,notumor,1,0.999996,0,1,0.000000,0.000001,0.999996,0.000003
data_cv_fold0/Testing/notumor/Tr-no_0150.jpg,nt129,notumor,notumor,1,0.999527,0,1,0.000089,0.000298,0.999527,0.000087
data_cv_fold0/Testing/notumor/Tr-no_0156.jpg,nt135,notumor,notumor,1,1.000000,0,1,0.000000,0.000000,1.000000,0.000000
data_cv_fold0/Testing/notumor/Tr-no_0163.jpg,nt141,notumor,notumor,1,0.999917,0,1,0.000006,0.000073,0.999917,0.000004
data_cv_fold0/Testing/notumor/Tr-no_0168.jpg,nt145,notumor,notumor,1,0.999075,0,1,0.000041,0.000327,0.999075,0.000557
data_cv_fold0/Testing/notumor/Tr-no_0173.jpg,nt150,notumor,notumor,1,0.985061,0,1,0.000004,0.000040,0.985061,0.014895
data_cv_fold0/Testing/notumor/Tr-no_0176.jpg,nt153,notumor,notumor,1,0.999056,0,1,0.000092,0.000843,0.999056,0.000009
data_cv_fold0/Testing/notumor/Tr-no_0185.jpg,nt99,notumor,notumor,1,0.999720,0,1,0.000045,0.000233,0.999720,0.000002
data_cv_fold0/Testing/notumor/Tr-no_0186.jpg,nt159,notumor,notumor,1,0.999816,0,1,0.000007,0.000176,0.999816,0.000001
data_cv_fold0/Testing/notumor/Tr-no_0192.jpg,nt163,notumor,notumor,1,0.995636,0,1,0.000164,0.003988,0.995636,0.000212
data_cv_fold0/Testing/notumor/Tr-no_0199.jpg,nt170,notumor,notumor,1,0.999785,0,1,0.000132,0.000064,0.999785,0.000019
data_cv_fold0/Testing/notumor/Tr-no_0201.jpg,nt171,notumor,notumor,1,0.999574,0,1,0.000028,0.000316,0.999574,0.000081
data_cv_fold0/Testing/notumor/Tr-no_0207.jpg,nt177,notumor,notumor,1,0.999174,0,1,0.000049,0.000668,0.999174,0.000110
data_cv_fold0/Testing/notumor/Tr-no_0212.jpg,nt182,notumor,notumor,1,0.997506,0,1,0.000192,0.002029,0.997506,0.000273
data_cv_fold0/Testing/notumor/Tr-no_0218.jpg,nt187,notumor,notumor,1,0.999871,0,1,0.000007,0.000119,0.999871,0.000004
data_cv_fold0/Testing/notumor/Tr-no_0232.jpg,nt195,notumor,notumor,1,0.999794,0,1,0.000004,0.000094,0.999794,0.000108
data_cv_fold0/Testing/notumor/Tr-no_0238.jpg,nt199,notumor,notumor,1,0.992942,0,1,0.000464,0.006508,0.992942,0.000085
data_cv_fold0/Testing/notumor/Tr-no_0240.jpg,nt200,notumor,notumor,1,0.999815,0,1,0.000001,0.000059,0.999815,0.000125
data_cv_fold0/Testing/notumor/Tr-no_0247.jpg,nt205,notumor,notumor,1,0.999759,0,1,0.000008,0.000233,0.999759,0.000000
data_cv_fold0/Testing/notumor/Tr-no_0252.jpg,nt210,notumor,notumor,1,0.999916,0,1,0.000011,0.000058,0.999916,0.000015
data_cv_fold0/Testing/notumor/Tr-no_0258.jpg,nt215,notumor,notumor,1,0.996974,0,1,0.000283,0.002373,0.996974,0.000370
data_cv_fold0/Testing/notumor/Tr-no_0263.jpg,nt220,notumor,notumor,1,0.999606,0,1,0.000018,0.000012,0.999606,0.000363
data_cv_fold0/Testing/notumor/Tr-no_0271.jpg,nt225,notumor,notumor,1,0.999686,0,1,0.000058,0.000163,0.999686,0.000092
data_cv_fold0/Testing/notumor/Tr-no_0277.jpg,nt230,notumor,notumor,1,0.999665,0,1,0.000079,0.000254,0.999665,0.000003
data_cv_fold0/Testing/notumor/Tr-no_0278.jpg,nt231,notumor,notumor,1,0.999816,0,1,0.000060,0.000082,0.999816,0.000042
data_cv_fold0/Testing/notumor/Tr-no_0288.jpg,nt239,notumor,notumor,1,0.999930,0,1,0.000020,0.000050,0.999930,0.000000
data_cv_fold0/Testing/notumor/Tr-no_0296.jpg,nt245,notumor,notumor,1,0.999968,0,1,0.000000,0.000004,0.999968,0.000028
data_cv_fold0/Testing/notumor/Tr-no_0300.jpg,nt248,notumor,notumor,1,1.000000,0,1,0.000000,0.000000,1.000000,0.000000
data_cv_fold0/Testing/notumor/Tr-no_0305.jpg,nt253,notumor,notumor,1,0.999415,0,1,0.000005,0.000576,0.999415,0.000004
data_cv_fold0/Testing/notumor/Tr-no_0311.jpg,nt259,notumor,notumor,1,1.000000,0,1,0.000000,0.000000,1.000000,0.000000
data_cv_fold0/Testing/notumor/Tr-no_0316.jpg,nt199,notumor,notumor,1,0.993354,0,1,0.000395,0.006175,0.993354,0.000077
data_cv_fold0/Testing/notumor/Tr-no_0317.jpg,nt264,notumor,notumor,1,0.999206,0,1,0.000011,0.000757,0.999206,0.000026
data_cv_fold0/Testing/notumor/Tr-no_0322.jpg,nt269,notumor,notumor,1,0.929506,0,1,0.000739,0.069506,0.929506,0.000249
data_cv_fold0/Testing/notumor/Tr-no_0333.jpg,nt274,notumor,notumor,1,0.912808,0,1,0.007479,0.079634,0.912808,0.000079
data_cv_fold0/Testing/notumor/Tr-no_0337.jpg,nt58,notumor,notumor,1,0.999252,0,1,0.000012,0.000061,0.999252,0.000674
data_cv_fold0/Testing/notumor/Tr-no_0349.jpg,nt279,notumor,notumor,1,0.997296,0,1,0.000059,0.002586,0.997296,0.000058
data_cv_fold0/Testing/notumor/Tr-no_0355.jpg,nt283,notumor,notumor,1,0.999994,0,1,0.000000,0.000006,0.999994,0.000000
data_cv_fold0/Testing/notumor/Tr-no_0360.jpg,nt288,notumor,notumor,1,0.997856,0,1,0.000196,0.001589,0.997856,0.000358
data_cv_fold0/Testing/notumor/Tr-no_0377.jpg,nt293,notumor,notumor,1,0.999951,0,1,0.000000,0.000011,0.999951,0.000037
data_cv_fold0/Testing/notumor/Tr-no_0382.jpg,nt298,notumor,notumor,1,0.954453,0,1,0.031416,0.012374,0.954453,0.001757
data_cv_fold0/Testing/notumor/Tr-no_0385.jpg,nt301,notumor,notumor,1,0.996663,0,1,0.000358,0.002670,0.996663,0.000309
data_cv_fold0/Testing/notumor/Tr-no_0390.jpg,nt306,notumor,notumor,1,0.999850,0,1,0.000001,0.000138,0.999850,0.000010
data_cv_fold0/Testing/notumor/Tr-no_0396.jpg,nt311,notumor,notumor,1,0.999982,0,1,0.000000,0.000015,0.999982,0.000002
data_cv_fold0/Testing/notumor/Tr-no_0401.jpg,nt316,notumor,notumor,1,0.999596,0,1,0.000071,0.000114,0.999596,0.000220
data_cv_fold0/Testing/notumor/Tr-no_0404.jpg,nt319,notumor,notumor,1,0.999875,0,1,0.000010,0.000096,0.999875,0.000019
data_cv_fold0/Testing/notumor/Tr-no_0410.jpg,nt325,notumor,notumor,1,0.999965,0,1,0.000002,0.000025,0.999965,0.000008
data_cv_fold0/Testing/notumor/Tr-no_0415.jpg,nt12,notumor,notumor,1,0.999949,0,1,0.000021,0.000027,0.999949,0.000003
data_cv_fold0/Testing/notumor/Tr-no_0419.jpg,nt333,notumor,notumor,1,0.999995,0,1,0.000001,0.000001,0.999995,0.000003
data_cv_fold0/Testing/notumor/Tr-no_0424.jpg,nt338,notumor,notumor,1,0.999965,0,1,0.000004,0.000027,0.999965,0.000004
data_cv_fold0/Testing/notumor/Tr-no_0426.jpg,nt340,notumor,notumor,1,0.999999,0,1,0.000000,0.000000,0.999999,0.000000
data_cv_fold0/Testing/notumor/Tr-no_0428.jpg,nt342,notumor,notumor,1,0.999675,0,1,0.000011,0.000311,0.999675,0.000003
data_cv_fold0/Testing/notumor/Tr-no_0440.jpg,nt354,notumor,notumor,1,0.999944,0,1,0.000009,0.000034,0.999944,0.000013
data_cv_fold0/Testing/notumor/Tr-no_0444.jpg,nt358,notumor,notumor,1,0.999944,0,1,0.000003,0.000052,0.999944,0.000001
data_cv_fold0/Testing/notumor/Tr-no_0454.jpg,nt368,notumor,notumor,1,0.999969,0,1,0.000002,0.000023,0.999969,0.000006
data_cv_fold0/Testing/notumor/Tr-no_0460.jpg,nt374,notumor,notumor,1,0.999988,0,1,0.000004,0.000005,0.999988,0.000004
data_cv_fold0/Testing/notumor/Tr-no_0461.jpg,nt375,notumor,notumor,1,0.999733,0,1,0.000009,0.000223,0.999733,0.000035
data_cv_fold0/Testing/notumor/Tr-no_0470.jpg,nt384,notumor,notumor,1,0.999945,0,1,0.000007,0.000045,0.999945,0.000003
data_cv_fold0/Testing/notumor/Tr-no_0472.jpg,nt386,notumor,notumor,1,0.999547,0,1,0.000004,0.000447,0.999547,0.000002
data_cv_fold0/Testing/notumor/Tr-no_0475.jpg,nt389,notumor,notumor,1,0.999966,0,1,0.000001,0.000033,0.999966,0.000000
data_cv_fold0/Testing/notumor/Tr-no_0481.jpg,nt395,notumor,notumor,1,0.999114,0,1,0.000028,0.000856,0.999114,0.000002
data_cv_fold0/Testing/notumor/Tr-no_0484.jpg,nt398,notumor,notumor,1,0.999667,0,1,0.000012,0.000318,0.999667,0.000003
data_cv_fold0/Testing/notumor/Tr-no_0493.jpg,nt407,notumor,notumor,1,0.999636,0,1,0.000029,0.000327,0.999636,0.000008
data_cv_fold0/Testing/notumor/Tr-no_0497.jpg,nt411,notumor,notumor,1,0.999922,0,1,0.000005,0.000069,0.999922,0.000004
data_cv_fold0/Testing/notumor/Tr-no_0501.jpg,nt415,notumor,notumor,1,0.999320,0,1,0.000007,0.000662,0.999320,0.000012
data_cv_fold0/Testing/notumor/Tr-no_0509.jpg,nt423,notumor,notumor,1,0.999999,0,1,0.000000,0.000000,0.999999,0.000000
data_cv_fold0/Testing/notumor/Tr-no_0515.jpg,nt429,notumor,notumor,1,0.999541,0,1,0.000210,0.000120,0.999541,0.000129
data_cv_fold0/Testing/notumor/Tr-no_0519.jpg,nt433,notumor,notumor,1,0.999975,0,1,0.000006,0.000016,0.999975,0.000003
data_cv_fold0/Testing/notumor/Tr-no_0527.jpg,nt311,notumor,notumor,1,0.999986,0,1,0.000000,0.000012,0.999986,0.000002
data_cv_fold0/Testing/notumor/Tr-no_0528.jpg,nt441,notumor,notumor,1,1.000000,0,1,0.000000,0.000000,1.000000,0.000000
data_cv_fold0/Testing/notumor/Tr-no_0529.jpg,nt442,notumor,notumor,1,0.999261,0,1,0.000476,0.000240,0.999261,0.000023
data_cv_fold0/Testing/notumor/Tr-no_0534.jpg,nt446,notumor,notumor,1,0.999325,0,1,0.000233,0.000441,0.999325,0.000001
data_cv_fold0/Testing/notumor/Tr-no_0541.jpg,nt429,notumor,notumor,1,0.999713,0,1,0.000115,0.000072,0.999713,0.000100
data_cv_fold0/Testing/notumor/Tr-no_0544.jpg,nt453,notumor,notumor,1,0.999995,0,1,0.000001,0.000003,0.999995,0.000000
data_cv_fold0/Testing/notumor/Tr-no_0552.jpg,nt456,notumor,notumor,1,0.999997,0,1,0.000001,0.000002,0.999997,0.000000
data_cv_fold0/Testing/notumor/Tr-no_0558.jpg,nt462,notumor,notumor,1,0.996711,0,1,0.000290,0.002990,0.996711,0.000010
data_cv_fold0/Testing/notumor/Tr-no_0562.jpg,nt466,notumor,notumor,1,0.999999,0,1,0.000000,0.000001,0.999999,0.000000
data_cv_fold0/Testing/notumor/Tr-no_0568.jpg,nt470,notumor,notumor,1,0.999952,0,1,0.000011,0.000022,0.999952,0.000014
data_cv_fold0/Testing/notumor/Tr-no_0579.jpg,nt29,notumor,notumor,1,0.999860,0,1,0.000008,0.000101,0.999860,0.000031
data_cv_fold0/Testing/notumor/Tr-no_0581.jpg,nt478,notumor,notumor,1,0.999892,0,1,0.000004,0.000101,0.999892,0.000003
data_cv_fold0/Testing/notumor/Tr-no_0585.jpg,nt482,notumor,notumor,1,0.997794,0,1,0.001617,0.000552,0.997794,0.000038
data_cv_fold0/Testing/notumor/Tr-no_0586.jpg,nt483,notumor,notumor,1,0.999859,0,1,0.000080,0.000011,0.999859,0.000051
data_cv_fold0/Testing/notumor/Tr-no_0598.jpg,nt493,notumor,notumor,1,0.999409,0,1,0.000008,0.000580,0.999409,0.000003
data_cv_fold0/Testing/notumor/Tr-no_0606.jpg,nt501,notumor,notumor,1,0.999992,0,1,0.000001,0.000006,0.999992,0.000000
data_cv_fold0/Testing/notumor/Tr-no_0610.jpg,nt505,notumor,notumor,1,0.998435,0,1,0.000204,0.001321,0.998435,0.000039
data_cv_fold0/Testing/notumor/Tr-no_0615.jpg,nt510,notumor,notumor,1,0.999884,0,1,0.000013,0.000072,0.999884,0.000030
data_cv_fold0/Testing/notumor/Tr-no_0616.jpg,nt511,notumor,notumor,1,0.999980,0,1,0.000002,0.000006,0.999980,0.000011
data_cv_fold0/Testing/notumor/Tr-no_0622.jpg,nt517,notumor,notumor,1,0.999988,0,1,0.000001,0.000007,0.999988,0.000004
data_cv_fold0/Testing/notumor/Tr-no_0623.jpg,nt518,notumor,notumor,1,1.000000,0,1,0.000000,0.000000,1.000000,0.000000
data_cv_fold0/Testing/notumor/Tr-no_0625.jpg,nt374,notumor,notumor,1,0.999984,0,1,0.000005,0.000007,0.999984,0.000005
data_cv_fold0/Testing/notumor/Tr-no_0628.jpg,nt522,notumor,notumor,1,0.999923,0,1,0.000001,0.000075,0.999923,0.000001
data_cv_fold0/Testing/notumor/Tr-no_0629.jpg,nt523,notumor,notumor,1,0.999999,0,1,0.000000,0.000001,0.999999,0.000000
data_cv_fold0/Testing/notumor/Tr-no_0642.jpg,nt533,notumor,notumor,1,0.999960,0,1,0.000007,0.000030,0.999960,0.000003
data_cv_fold0/Testing/notumor/Tr-no_0649.jpg,nt539,notumor,notumor,1,0.999993,0,1,0.000000,0.000006,0.999993,0.000000
data_cv_fold0/Testing/notumor/Tr-no_0654.jpg,nt544,notumor,notumor,1,0.998296,0,1,0.000063,0.001598,0.998296,0.000043
data_cv_fold0/Testing/notumor/Tr-no_0660.jpg,nt389,notumor,notumor,1,0.999957,0,1,0.000001,0.000042,0.999957,0.000000
data_cv_fold0/Testing/notumor/Tr-no_0665.jpg,nt551,notumor,notumor,1,0.999932,0,1,0.000006,0.000053,0.999932,0.000009
data_cv_fold0/Testing/notumor/Tr-no_0671.jpg,nt557,notumor,notumor,1,0.999526,0,1,0.000305,0.000158,0.999526,0.000011
data_cv_fold0/Testing/notumor/Tr-no_0682.jpg,nt566,notumor,notumor,1,0.999992,0,1,0.000000,0.000007,0.999992,0.000001
data_cv_fold0/Testing/notumor/Tr-no_0684.jpg,nt568,notumor,notumor,1,0.992661,0,1,0.000888,0.006405,0.992661,0.000046
data_cv_fold0/Testing/notumor/Tr-no_0689.jpg,nt573,notumor,notumor,1,0.999523,0,1,0.000009,0.000456,0.999523,0.000012
data_cv_fold0/Testing/notumor/Tr-no_0693.jpg,nt395,notumor,notumor,1,0.999038,0,1,0.000186,0.000771,0.999038,0.000006
data_cv_fold0/Testing/notumor/Tr-no_0699.jpg,nt141,notumor,notumor,1,0.999923,0,1,0.000003,0.000071,0.999923,0.000003
data_cv_fold0/Testing/notumor/Tr-no_0702.jpg,nt456,notumor,notumor,1,0.999995,0,1,0.000001,0.000004,0.999995,0.000000
data_cv_fold0/Testing/notumor/Tr-no_0709.jpg,nt581,notumor,notumor,1,0.999658,0,1,0.000005,0.000298,0.999658,0.000039
data_cv_fold0/Testing/notumor/Tr-no_0718.jpg,nt588,notumor,notumor,1,0.999999,0,1,0.000000,0.000001,0.999999,0.000000
data_cv_fold0/Testing/notumor/Tr-no_0721.jpg,nt441,notumor,notumor,1,0.999999,0,1,0.000000,0.000000,0.999999,0.000000
data_cv_fold0/Testing/notumor/Tr-no_0732.jpg,nt595,notumor,notumor,1,0.999828,0,1,0.000002,0.000155,0.999828,0.000015
data_cv_fold0/Testing/notumor/Tr-no_0733.jpg,nt596,notumor,notumor,1,0.999839,0,1,0.000098,0.000005,0.999839,0.000058
data_cv_fold0/Testing/notumor/Tr-no_0737.jpg,nt600,notumor,notumor,1,0.999523,0,1,0.000118,0.000231,0.999523,0.000128
data_cv_fold0/Testing/notumor/Tr-no_0741.jpg,nt141,notumor,notumor,1,0.999939,0,1,0.000003,0.000056,0.999939,0.000002
data_cv_fold0/Testing/notumor/Tr-no_0743.jpg,nt605,notumor,notumor,1,0.999992,0,1,0.000002,0.000005,0.999992,0.000001
data_cv_fold0/Testing/notumor/Tr-no_0744.jpg,nt606,notumor,notumor,1,0.999149,0,1,0.000422,0.000381,0.999149,0.000047
data_cv_fold0/Testing/notumor/Tr-no_0748.jpg,nt610,notumor,notumor,1,0.999998,0,1,0.000001,0.000000,0.999998,0.000001
data_cv_fold0/Testing/notumor/Tr-no_0755.jpg,nt616,notumor,notumor,1,0.999945,0,1,0.000011,0.000042,0.999945,0.000002
data_cv_fold0/Testing/notumor/Tr-no_0760.jpg,nt621,notumor,notumor,1,0.999964,0,1,0.000020,0.000002,0.999964,0.000013
data_cv_fold0/Testing/notumor/Tr-no_0767.jpg,nt626,notumor,notumor,1,0.999675,0,1,0.000012,0.000233,0.999675,0.000080
data_cv_fold0/Testing/notumor/Tr-no_0771.jpg,nt630,notumor,notumor,1,0.999990,0,1,0.000001,0.000009,0.999990,0.000000
data_cv_fold0/Testing/notumor/Tr-no_0777.jpg,nt636,notumor,notumor,1,0.999835,0,1,0.000001,0.000155,0.999835,0.000009
data_cv_fold0/Testing/notumor/Tr-no_0782.jpg,nt640,notumor,notumor,1,0.996212,0,1,0.000604,0.003139,0.996212,0.000044
data_cv_fold0/Testing/notumor/Tr-no_0789.jpg,nt646,notumor,notumor,1,0.999762,0,1,0.000028,0.000188,0.999762,0.000022
data_cv_fold0/Testing/notumor/Tr-no_0794.jpg,nt650,notumor,notumor,1,0.999392,0,1,0.000108,0.000487,0.999392,0.000013
data_cv_fold0/Testing/notumor/Tr-no_0800.jpg,nt656,notumor,notumor,1,0.999991,0,1,0.000000,0.000009,0.999991,0.000000
data_cv_fold0/Testing/notumor/Tr-no_0803.jpg,nt456,notumor,notumor,1,0.999993,0,1,0.000001,0.000005,0.999993,0.000000
data_cv_fold0/Testing/notumor/Tr-no_0805.jpg,nt660,notumor,notumor,1,0.999936,0,1,0.000020,0.000041,0.999936,0.000003
data_cv_fold0/Testing/notumor/Tr-no_0810.jpg,nt665,notumor,notumor,1,0.999993,0,1,0.000001,0.000005,0.999993,0.000001
data_cv_fold0/Testing/notumor/Tr-no_0811.jpg,nt666,notumor,notumor,1,0.999920,0,1,0.000006,0.000073,0.999920,0.000002
data_cv_fold0/Testing/notumor/Tr-no_0815.jpg,nt670,notumor,notumor,1,0.999972,0,1,0.000002,0.000024,0.999972,0.000002
data_cv_fold0/Testing/notumor/Tr-no_0821.jpg,nt675,notumor,notumor,1,0.999993,0,1,0.000000,0.000003,0.999993,0.000003
data_cv_fold0/Testing/notumor/Tr-no_0831.jpg,nt684,notumor,notumor,1,0.999653,0,1,0.000047,0.000278,0.999653,0.000023
data_cv_fold0/Testing/notumor/Tr-no_0842.jpg,nt694,notumor,notumor,1,0.999057,0,1,0.000052,0.000784,0.999057,0.000108
data_cv_fold0/Testing/notumor/Tr-no_0851.jpg,nt703,notumor,notumor,1,0.999985,0,1,0.000007,0.000008,0.999985,0.000001
data_cv_fold0/Testing/notumor/Tr-no_0857.jpg,nt709,notumor,notumor,1,0.999916,0,1,0.000021,0.000040,0.999916,0.000023
data_cv_fold0/Testing/notumor/Tr-no_0861.jpg,nt713,notumor,notumor,1,0.998723,0,1,0.000337,0.000914,0.998723,0.000026
data_cv_fold0/Testing/notumor/Tr-no_0868.jpg,nt719,notumor,notumor,1,1.000000,0,1,0.000000,0.000000,1.000000,0.000000
data_cv_fold0/Testing/notumor/Tr-no_0872.jpg,nt723,notumor,notumor,1,0.999879,0,1,0.000028,0.000090,0.999879,0.000002
data_cv_fold0/Testing/notumor/Tr-no_0877.jpg,nt153,notumor,notumor,1,0.999399,0,1,0.000065,0.000531,0.999399,0.000006
data_cv_fold0/Testing/notumor/Tr-no_0879.jpg,nt728,notumor,notumor,1,0.999967,0,1,0.000004,0.000025,0.999967,0.000004
data_cv_fold0/Testing/notumor/Tr-no_0883.jpg,nt732,notumor,notumor,1,0.999994,0,1,0.000001,0.000004,0.999994,0.000001
data_cv_fold0/Testing/notumor/Tr-no_0890.jpg,nt737,notumor,notumor,1,0.999745,0,1,0.000045,0.000194,0.999745,0.000016
data_cv_fold0/Testing/notumor/Tr-no_0894.jpg,nt741,notumor,notumor,1,0.999979,0,1,0.000005,0.000015,0.999979,0.000001
data_cv_fold0/Testing/notumor/Tr-no_0900.jpg,nt746,notumor,notumor,1,0.998677,0,1,0.001136,0.000178,0.998677,0.000008
data_cv_fold0/Testing/notumor/Tr-no_0905.jpg,nt750,notumor,notumor,1,0.999910,0,1,0.000052,0.000036,0.999910,0.000001
data_cv_fold0/Testing/notumor/Tr-no_0910.jpg,nt121,notumor,notumor,1,0.999995,0,1,0.000000,0.000001,0.999995,0.000004
data_cv_fold0/Testing/notumor/Tr-no_0911.jpg,nt755,notumor,notumor,1,0.999977,0,1,0.000003,0.000016,0.999977,0.000004
data_cv_fold0/Testing/notumor/Tr-no_0916.jpg,nt760,notumor,notumor,1,0.999934,0,1,0.000024,0.000040,0.999934,0.000002
data_cv_fold0/Testing/notumor/Tr-no_0922.jpg,nt765,notumor,notumor,1,0.999765,0,1,0.000039,0.000154,0.999765,0.000043
data_cv_fold0/Testing/notumor/Tr-no_0933.jpg,nt774,notumor,notumor,1,0.999985,0,1,0.000010,0.000004,0.999985,0.000000
data_cv_fold0/Testing/notumor/Tr-no_0938.jpg,nt779,notumor,notumor,1,0.999972,0,1,0.000001,0.000027,0.999972,0.000000
data_cv_fold0/Testing/notumor/Tr-no_0944.jpg,nt783,notumor,notumor,1,0.998854,0,1,0.001001,0.000130,0.998854,0.000016
data_cv_fold0/Testing/notumor/Tr-no_0949.jpg,nt788,notumor,notumor,1,0.999758,0,1,0.000128,0.000112,0.999758,0.000002
data_cv_fold0/Testing/notumor/Tr-no_0955.jpg,nt793,notumor,notumor,1,0.999806,0,1,0.000032,0.000067,0.999806,0.000095
data_cv_fold0/Testing/notumor/Tr-no_0975.jpg,nt466,notumor,notumor,1,0.999999,0,1,0.000000,0.000001,0.999999,0.000000
data_cv_fold0/Testing/notumor/Tr-no_0976.jpg,nt799,notumor,notumor,1,0.999928,0,1,0.000009,0.000061,0.999928,0.000002
data_cv_fold0/Testing/notumor/Tr-no_0983.jpg,nt121,notumor,notumor,1,0.999996,0,1,0.000000,0.000001,0.999996,0.000003
data_cv_fold0/Testing/notumor/Tr-no_0988.jpg,nt170,notumor,notumor,1,0.999833,0,1,0.000096,0.000060,0.999833,0.000011
data_cv_fold0/Testing/notumor/Tr-no_0991.jpg,nt802,notumor,notumor,1,0.996171,0,1,0.000080,0.003121,0.996171,0.000628
data_cv_fold0/Testing/notumor/Tr-no_0997.jpg,nt804,notumor,notumor,1,0.999996,0,1,0.000001,0.000003,0.999996,0.000000
data_cv_fold0/Testing/notumor/Tr-no_1007.jpg,nt248,notumor,notumor,1,1.000000,0,1,0.000000,0.000000,1.000000,0.000000
data_cv_fold0/Testing/notumor/Tr-no_1012.jpg,nt230,notumor,notumor,1,0.999735,0,1,0.000063,0.000200,0.999735,0.000002
data_cv_fold0/Testing/notumor/Tr-no_1019.jpg,nt29,notumor,notumor,1,0.999827,0,1,0.000010,0.000129,0.999827,0.000034
data_cv_fold0/Testing/notumor/Tr-no_1023.jpg,nt395,notumor,notumor,1,0.998525,0,1,0.000321,0.001143,0.998525,0.000011
data_cv_fold0/Testing/notumor/Tr-no_1028.jpg,nt809,notumor,notumor,1,0.999641,0,1,0.000044,0.000304,0.999641,0.000010
data_cv_fold0/Testing/notumor/Tr-no_1031.jpg,nt12,notumor,notumor,1,0.999946,0,1,0.000021,0.000029,0.999946,0.000004
data_cv_fold0/Testing/notumor/Tr-no_1033.jpg,nt811,notumor,notumor,1,0.999585,0,1,0.000003,0.000412,0.999585,0.000001
data_cv_fold0/Testing/notumor/Tr-no_1038.jpg,nt141,notumor,notumor,1,0.999929,0,1,0.000003,0.000065,0.999929,0.000003
data_cv_fold0/Testing/notumor/Tr-no_1044.jpg,nt170,notumor,notumor,1,0.999804,0,1,0.000119,0.000060,0.999804,0.000017
data_cv_fold0/Testing/notumor/Tr-no_1086.jpg,nt818,notumor,notumor,1,0.997780,0,1,0.000046,0.000510,0.997780,0.001664
data_cv_fold0/Testing/notumor/Tr-no_1087.jpg,nt248,notumor,notumor,1,1.000000,0,1,0.000000,0.000000,1.000000,0.000000
data_cv_fold0/Testing/notumor/Tr-no_1098.jpg,nt395,notumor,notumor,1,0.998725,0,1,0.000291,0.000975,0.998725,0.000009
data_cv_fold0/Testing/notumor/Tr-no_1112.jpg,nt120,notumor,notumor,1,0.996067,0,1,0.000027,0.003884,0.996067,0.000021
data_cv_fold0/Testing/notumor/Tr-no_1136.jpg,nt121,notumor,notumor,1,0.999996,0,1,0.000000,0.000001,0.999996,0.000003
data_cv_fold0/Testing/notumor/Tr-no_1148.jpg,nt804,notumor,notumor,1,0.999997,0,1,0.000001,0.000003,0.999997,0.000000
data_cv_fold0/Testing/notumor/Tr-no_1175.jpg,nt153,notumor,notumor,1,0.999029,0,1,0.000099,0.000863,0.999029,0.000009
data_cv_fold0/Testing/notumor/Tr-no_1184.jpg,nt825,notumor,notumor,1,0.999986,0,1,0.000001,0.000013,0.999986,0.000000
data_cv_fold0/Testing/notumor/Tr-no_1197.jpg,nt29,notumor,notumor,1,0.999850,0,1,0.000009,0.000109,0.999850,0.000032
data_cv_fold0/Testing/notumor/Tr-no_1200.jpg,nt32,notumor,notumor,1,0.999933,0,1,0.000013,0.000034,0.999933,0.000019
data_cv_fold0/Testing/notumor/Tr-no_1201.jpg,nt35,notumor,notumor,1,0.999995,0,1,0.000001,0.000003,0.999995,0.000002
data_cv_fold0/Testing/notumor/Tr-no_1202.jpg,nt389,notumor,notumor,1,0.999964,0,1,0.000001,0.000035,0.999964,0.000000
data_cv_fold0/Testing/notumor/Tr-no_1207.jpg,nt828,notumor,notumor,1,0.999997,0,1,0.000000,0.000003,0.999997,0.000000
data_cv_fold0/Testing/notumor/Tr-no_1211.jpg,nt830,notumor,notumor,1,0.999794,0,1,0.000010,0.000191,0.999794,0.000004
data_cv_fold0/Testing/notumor/Tr-no_1222.jpg,nt836,notumor,notumor,1,0.999974,0,1,0.000003,0.000019,0.999974,0.000004
data_cv_fold0/Testing/notumor/Tr-no_1226.jpg,nt398,notumor,notumor,1,0.999524,0,1,0.000018,0.000453,0.999524,0.000005
data_cv_fold0/Testing/notumor/Tr-no_1227.jpg,nt539,notumor,notumor,1,0.999992,0,1,0.000000,0.000007,0.999992,0.000001
data_cv_fold0/Testing/notumor/Tr-no_1229.jpg,nt840,notumor,notumor,1,0.999139,0,1,0.000045,0.000703,0.999139,0.000114
data_cv_fold0/Testing/notumor/Tr-no_1232.jpg,nt483,notumor,notumor,1,0.999917,0,1,0.000044,0.000008,0.999917,0.000031
data_cv_fold0/Testing/notumor/Tr-no_1239.jpg,nt845,notumor,notumor,1,0.999994,0,1,0.000001,0.000002,0.999994,0.000003
data_cv_fold0/Testing/notumor/Tr-no_1242.jpg,nt846,notumor,notumor,1,0.984728,0,1,0.000195,0.014997,0.984728,0.000080
data_cv_fold0/Testing/notumor/Tr-no_1243.jpg,nt354,notumor,notumor,1,0.999944,0,1,0.000009,0.000035,0.999944,0.000012
data_cv_fold0/Testing/notumor/Tr-no_1251.jpg,nt407,notumor,notumor,1,0.999660,0,1,0.000026,0.000307,0.999660,0.000008
data_cv_fold0/Testing/notumor/Tr-no_1255.jpg,nt411,notumor,notumor,1,0.999921,0,1,0.000005,0.000069,0.999921,0.000004
data_cv_fold0/Testing/notumor/Tr-no_1256.jpg,nt853,notumor,notumor,1,0.999881,0,1,0.000001,0.000116,0.999881,0.000002
data_cv_fold0/Testing/notumor/Tr-no_1260.jpg,nt855,notumor,notumor,1,0.999933,0,1,0.000006,0.000059,0.999933,0.000003
data_cv_fold0/Testing/notumor/Tr-no_1268.jpg,nt523,notumor,notumor,1,0.999999,0,1,0.000000,0.000001,0.999999,0.000000
data_cv_fold0/Testing/notumor/Tr-no_1273.jpg,nt863,notumor,notumor,1,0.999996,0,1,0.000000,0.000003,0.999996,0.000000
data_cv_fold0/Testing/notumor/Tr-no_1278.jpg,nt868,notumor,notumor,1,0.999951,0,1,0.000007,0.000037,0.999951,0.000006
data_cv_fold0/Testing/notumor/Tr-no_1286.jpg,nt873,notumor,notumor,1,0.999856,0,1,0.000001,0.000141,0.999856,0.000002
data_cv_fold0/Testing/notumor/Tr-no_1290.jpg,nt876,notumor,notumor,1,0.997955,0,1,0.000114,0.001671,0.997955,0.000260
data_cv_fold0/Testing/notumor/Tr-no_1296.jpg,nt881,notumor,notumor,1,0.999884,0,1,0.000006,0.000106,0.999884,0.000005
data_cv_fold0/Testing/notumor/Tr-no_1300.jpg,nt518,notumor,notumor,1,1.000000,0,1,0.000000,0.000000,1.000000,0.000000
data_cv_fold0/Testing/notumor/Tr-no_1303.jpg,nt374,notumor,notumor,1,0.999988,0,1,0.000004,0.000005,0.999988,0.000004
data_cv_fold0/Testing/notumor/Tr-no_1304.jpg,nt375,notumor,notumor,1,0.999762,0,1,0.000006,0.000205,0.999762,0.000026
data_cv_fold0/Testing/notumor/Tr-no_1308.jpg,nt888,notumor,notumor,1,0.999923,0,1,0.000009,0.000063,0.999923,0.000004
data_cv_fold0/Testing/notumor/Tr-no_1320.jpg,nt897,notumor,notumor,1,0.999966,0,1,0.000021,0.000012,0.999966,0.000001
data_cv_fold0/Testing/notumor/Tr-no_1326.jpg,nt386,notumor,notumor,1,0.999474,0,1,0.000004,0.000520,0.999474,0.000003
data_cv_fold0/Testing/notumor/Tr-no_1327.jpg,nt902,notumor,notumor,1,0.999843,0,1,0.000002,0.000146,0.999843,0.000009
data_cv_fold0/Testing/notumor/Tr-no_1337.jpg,nt908,notumor,notumor,1,0.999998,0,1,0.000000,0.000002,0.999998,0.000000
data_cv_fold0/Testing/notumor/Tr-no_1338.jpg,nt909,notumor,notumor,1,0.999886,0,1,0.000007,0.000085,0.999886,0.000023
data_cv_fold0/Testing/notumor/Tr-no_1342.jpg,nt809,notumor,notumor,1,0.999628,0,1,0.000043,0.000318,0.999628,0.000010
data_cv_fold0/Testing/notumor/Tr-no_1352.jpg,nt916,notumor,notumor,1,0.999995,0,1,0.000000,0.000003,0.999995,0.000002
data_cv_fold0/Testing/notumor/Tr-no_1357.jpg,nt921,notumor,notumor,1,0.999941,0,1,0.000001,0.000057,0.999941,0.000001
data_cv_fold0/Testing/notumor/Tr-no_1360.jpg,nt924,notumor,notumor,1,0.999963,0,1,0.000002,0.000031,0.999963,0.000004
data_cv_fold0/Testing/notumor/Tr-no_1364.jpg,nt927,notumor,notumor,1,0.999987,0,1,0.000001,0.000009,0.999987,0.000003
data_cv_fold0/Testing/notumor/Tr-no_1370.jpg,nt932,notumor,notumor,1,0.999920,0,1,0.000003,0.000076,0.999920,0.000001
data_cv_fold0/Testing/notumor/Tr-no_1386.jpg,nt941,notumor,notumor,1,0.999935,0,1,0.000001,0.000060,0.999935,0.000004
data_cv_fold0/Testing/notumor/Tr-no_1397.jpg,nt950,notumor,notumor,1,0.999995,0,1,0.000000,0.000003,0.999995,0.000001
data_cv_fold0/Testing/notumor/Tr-no_1399.jpg,nt333,notumor,notumor,1,0.999997,0,1,0.000001,0.000001,0.999997,0.000002
data_cv_fold0/Testing/notumor/Tr-no_1400.jpg,nt951,notumor,notumor,1,0.999788,0,1,0.000096,0.000100,0.999788,0.000016
data_cv_fold0/Testing/notumor/Tr-no_1402.jpg,nt557,notumor,notumor,1,0.999361,0,1,0.000486,0.000142,0.999361,0.000011
data_cv_fold0/Testing/notumor/Tr-no_1409.jpg,nt340,notumor,notumor,1,1.000000,0,1,0.000000,0.000000,1.000000,0.000000
data_cv_fold0/Testing/notumor/Tr-no_1411.jpg,nt568,notumor,notumor,1,0.996396,0,1,0.000448,0.003136,0.996396,0.000020
data_cv_fold0/Testing/notumor/Tr-no_1419.jpg,nt959,notumor,notumor,1,0.999745,0,1,0.000188,0.000063,0.999745,0.000004
data_cv_fold0/Testing/notumor/Tr-no_1428.jpg,nt964,notumor,notumor,1,0.999974,0,1,0.000009,0.000011,0.999974,0.000006
data_cv_fold0/Testing/notumor/Tr-no_1435.jpg,nt970,notumor,notumor,1,0.999982,0,1,0.000003,0.000012,0.999982,0.000004
data_cv_fold0/Testing/notumor/Tr-no_1440.jpg,nt974,notumor,notumor,1,0.999905,0,1,0.000003,0.000091,0.999905,0.000001
data_cv_fold0/Testing/notumor/Tr-no_1447.jpg,nt501,notumor,notumor,1,0.999992,0,1,0.000001,0.000006,0.999992,0.000000
data_cv_fold0/Testing/notumor/Tr-no_1448.jpg,nt978,notumor,notumor,1,0.999992,0,1,0.000002,0.000005,0.999992,0.000000
data_cv_fold0/Testing/notumor/Tr-no_1456.jpg,nt482,notumor,notumor,1,0.998006,0,1,0.001364,0.000576,0.998006,0.000054
data_cv_fold0/Testing/notumor/Tr-no_1463.jpg,nt986,notumor,notumor,1,0.967797,0,1,0.000384,0.031360,0.967797,0.000458
data_cv_fold0/Testing/notumor/Tr-no_1467.jpg,nt605,notumor,notumor,1,0.999994,0,1,0.000002,0.000004,0.999994,0.000001
data_cv_fold0/Testing/notumor/Tr-no_1476.jpg,nt665,notumor,notumor,1,0.999993,0,1,0.000001,0.000005,0.999993,0.000001
data_cv_fold0/Testing/notumor/Tr-no_1479.jpg,nt395,notumor,notumor,1,0.999060,0,1,0.000059,0.000878,0.999060,0.000004
data_cv_fold0/Testing/notumor/Tr-no_1483.jpg,nt845,notumor,notumor,1,0.999990,0,1,0.000001,0.000004,0.999990,0.000005
data_cv_fold0/Testing/notumor/Tr-no_1485.jpg,nt828,notumor,notumor,1,0.999996,0,1,0.000000,0.000003,0.999996,0.000000
data_cv_fold0/Testing/notumor/Tr-no_1492.jpg,nt992,notumor,notumor,1,0.999989,0,1,0.000002,0.000007,0.999989,0.000001
data_cv_fold0/Testing/notumor/Tr-no_1497.jpg,nt596,notumor,notumor,1,0.999607,0,1,0.000214,0.000012,0.999607,0.000168
data_cv_fold0/Testing/notumor/Tr-no_1502.jpg,nt518,notumor,notumor,1,1.000000,0,1,0.000000,0.000000,1.000000,0.000000
data_cv_fold0/Testing/notumor/Tr-no_1504.jpg,nt374,notumor,notumor,1,0.999984,0,1,0.000004,0.000007,0.999984,0.000005
data_cv_fold0/Testing/notumor/Tr-no_1512.jpg,nt868,notumor,notumor,1,0.999861,0,1,0.000015,0.000104,0.999861,0.000020
data_cv_fold0/Testing/notumor/Tr-no_1514.jpg,nt998,notumor,notumor,1,0.999915,0,1,0.000045,0.000038,0.999915,0.000002
data_cv_fold0/Testing/notumor/Tr-no_1516.jpg,nt999,notumor,notumor,1,0.999978,0,1,0.000001,0.000016,0.999978,0.000004
data_cv_fold0/Testing/notumor/Tr-no_1518.jpg,nt368,notumor,notumor,1,0.999961,0,1,0.000003,0.000029,0.999961,0.000008
data_cv_fold0/Testing/notumor/Tr-no_1523.jpg,nt1001,notumor,notumor,1,0.999978,0,1,0.000015,0.000007,0.999978,0.000001
data_cv_fold0/Testing/notumor/Tr-no_1530.jpg,nt517,notumor,notumor,1,0.999991,0,1,0.000001,0.000005,0.999991,0.000003
data_cv_fold0/Testing/notumor/Tr-no_1533.jpg,nt1006,notumor,notumor,1,0.999658,0,1,0.000007,0.000323,0.999658,0.000012
data_cv_fold0/Testing/notumor/Tr-no_1535.jpg,nt588,notumor,notumor,1,0.999999,0,1,0.000000,0.000001,0.999999,0.000000
data_cv_fold0/Testing/notumor/Tr-no_1541.jpg,nt1010,notumor,notumor,1,0.999850,0,1,0.000007,0.000139,0.999850,0.000005
data_cv_fold0/Testing/notumor/Tr-no_1548.jpg,nt941,notumor,notumor,1,0.999880,0,1,0.000002,0.000109,0.999880,0.000009
data_cv_fold0/Testing/notumor/Tr-no_1550.jpg,nt325,notumor,notumor,1,0.999963,0,1,0.000002,0.000027,0.999963,0.000009
data_cv_fold0/Testing/notumor/Tr-no_1553.jpg,nt493,notumor,notumor,1,0.999651,0,1,0.000005,0.000342,0.999651,0.000002
data_cv_fold0/Testing/notumor/Tr-no_1559.jpg,nt950,notumor,notumor,1,0.999996,0,1,0.000000,0.000003,0.999996,0.000001
data_cv_fold0/Testing/notumor/Tr-no_1560.jpg,nt333,notumor,notumor,1,0.999995,0,1,0.000001,0.000001,0.999995,0.000003
data_cv_fold0/Testing/notumor/Tr-no_1561.jpg,nt951,notumor,notumor,1,0.999802,0,1,0.000098,0.000085,0.999802,0.000015
data_cv_fold0/Testing/notumor/Tr-no_1569.jpg,nt340,notumor,notumor,1,1.000000,0,1,0.000000,0.000000,1.000000,0.000000
data_cv_fold0/Testing/notumor/Tr-no_1570.jpg,nt1017,notumor,notumor,1,0.999869,0,1,0.000040,0.000078,0.999869,0.000013
data_cv_fold0/Testing/notumor/Tr-no_1583.jpg,nt921,notumor,notumor,1,0.999962,0,1,0.000001,0.000036,0.999962,0.000001
data_cv_fold0/Testing/notumor/Tr-no_1586.jpg,nt1022,notumor,notumor,1,0.999956,0,1,0.000003,0.000036,0.999956,0.000005
data_cv_fold0/Testing/notumor/Tr-no_1592.jpg,nt932,notumor,notumor,1,0.999942,0,1,0.000002,0.000055,0.999942,0.000001
data_cv_fold0/Testing/pituitary/Te-pi_0028.jpg,105187,pituitary,pituitary,1,0.999897,0,1,0.000000,0.000009,0.000095,0.999897
data_cv_fold0/Testing/pituitary/Te-pi_0031.jpg,97416,pituitary,pituitary,1,0.996264,0,1,0.000149,0.003464,0.000123,0.996264
data_cv_fold0/Testing/pituitary/Te-pi_0032.jpg,97416,pituitary,pituitary,1,0.973604,0,1,0.000051,0.024170,0.002175,0.973604
data_cv_fold0/Testing/pituitary/Te-pi_0036.jpg,98472,pituitary,pituitary,1,0.998708,0,1,0.000004,0.000087,0.001201,0.998708
data_cv_fold0/Testing/pituitary/Te-pi_0037.jpg,98652,pituitary,pituitary,1,0.994535,0,1,0.000034,0.000520,0.004911,0.994535
data_cv_fold0/Testing/pituitary/Te-pi_0040.jpg,98874,pituitary,pituitary,1,0.999849,0,1,0.000004,0.000058,0.000089,0.999849
data_cv_fold0/Testing/pituitary/Te-pi_0043.jpg,99223,pituitary,pituitary,1,0.995162,0,1,0.004100,0.000588,0.000151,0.995162
data_cv_fold0/Testing/pituitary/Te-pi_0044.jpg,99223,pituitary,pituitary,1,0.999573,0,1,0.000289,0.000082,0.000056,0.999573
data_cv_fold0/Testing/pituitary/Te-pi_0055.jpg,105936,pituitary,pituitary,1,0.999999,0,1,0.000000,0.000001,0.000000,0.999999
data_cv_fold0/Testing/pituitary/Te-pi_0056.jpg,107495,pituitary,pituitary,1,0.973595,0,1,0.000026,0.001343,0.025035,0.973595
data_cv_fold0/Testing/pituitary/Te-pi_0057.jpg,107495,pituitary,pituitary,1,0.993800,0,1,0.000012,0.000654,0.005534,0.993800
data_cv_fold0/Testing/pituitary/Te-pi_0063.jpg,108931,pituitary,pituitary,1,0.946471,0,1,0.000127,0.000281,0.053121,0.946471
data_cv_fold0/Testing/pituitary/Te-pi_0065.jpg,109769,pituitary,pituitary,1,0.999470,0,1,0.000076,0.000134,0.000321,0.999470
data_cv_fold0/Testing/pituitary/Te-pi_0077.jpg,111785,pituitary,pituitary,1,0.999629,0,1,0.000243,0.000117,0.000011,0.999629
data_cv_fold0/Testing/pituitary/Te-pi_0091.jpg,107495,pituitary,pituitary,1,0.999997,0,1,0.000000,0.000001,0.000002,0.999997
data_cv_fold0/Testing/pituitary/Te-pi_0092.jpg,107495,pituitary,pituitary,1,0.999995,0,1,0.000001,0.000002,0.000002,0.999995
data_cv_fold0/Testing/pituitary/Te-pi_0099.jpg,108931,pituitary,pituitary,1,0.992867,0,1,0.000016,0.000039,0.007078,0.992867
data_cv_fold0/Testing/pituitary/Te-pi_0102.jpg,109769,pituitary,pituitary,1,0.999877,0,1,0.000025,0.000049,0.000050,0.999877
data_cv_fold0/Testing/pituitary/Te-pi_0111.jpg,111785,pituitary,pituitary,1,0.999947,0,1,0.000030,0.000020,0.000002,0.999947
data_cv_fold0/Testing/pituitary/Te-pi_0118.jpg,105936,pituitary,pituitary,1,0.999997,0,1,0.000002,0.000000,0.000000,0.999997
data_cv_fold0/Testing/pituitary/Te-pi_0120.jpg,107495,pituitary,pituitary,1,0.952172,0,1,0.000009,0.001494,0.046326,0.952172
data_cv_fold0/Testing/pituitary/Te-pi_0121.jpg,107495,pituitary,pituitary,1,0.985315,0,1,0.000030,0.000393,0.014261,0.985315
data_cv_fold0/Testing/pituitary/Te-pi_0129.jpg,108931,pituitary,pituitary,1,0.926704,0,1,0.000356,0.000410,0.072531,0.926704
data_cv_fold0/Testing/pituitary/Te-pi_0131.jpg,109769,pituitary,pituitary,1,0.998837,0,1,0.000031,0.000256,0.000876,0.998837
data_cv_fold0/Testing/pituitary/Te-pi_0139.jpg,111785,pituitary,pituitary,1,0.999571,0,1,0.000056,0.000288,0.000084,0.999571
data_cv_fold0/Testing/pituitary/Te-pi_0148.jpg,103046,pituitary,pituitary,1,0.999252,0,1,0.000022,0.000190,0.000537,0.999252
data_cv_fold0/Testing/pituitary/Te-pi_0170.jpg,105187,pituitary,pituitary,1,0.998045,0,1,0.000006,0.000096,0.001854,0.998045
data_cv_fold0/Testing/pituitary/Te-pi_0174.jpg,97416,pituitary,pituitary,1,0.995463,0,1,0.000290,0.004011,0.000236,0.995463
data_cv_fold0/Testing/pituitary/Te-pi_0175.jpg,97416,pituitary,pituitary,1,0.972452,0,1,0.000277,0.023619,0.003652,0.972452
data_cv_fold0/Testing/pituitary/Te-pi_0181.jpg,98472,pituitary,pituitary,1,0.996862,0,1,0.000013,0.000206,0.002920,0.996862
data_cv_fold0/Testing/pituitary/Te-pi_0182.jpg,98652,pituitary,pituitary,1,0.992585,0,1,0.000019,0.000653,0.006742,0.992585
data_cv_fold0/Testing/pituitary/Te-pi_0186.jpg,98874,pituitary,pituitary,1,0.999927,0,1,0.000001,0.000056,0.000015,0.999927
data_cv_fold0/Testing/pituitary/Te-pi_0190.jpg,99223,pituitary,pituitary,1,0.999766,0,1,0.000073,0.000094,0.000068,0.999766
data_cv_fold0/Testing/pituitary/Te-pi_0191.jpg,99223,pituitary,pituitary,1,0.999967,0,1,0.000006,0.000023,0.000003,0.999967
data_cv_fold0/Testing/pituitary/Te-pi_0195.jpg,107495,pituitary,pituitary,1,0.999930,0,1,0.000000,0.000004,0.000066,0.999930
data_cv_fold0/Testing/pituitary/Te-pi_0201.jpg,103046,pituitary,pituitary,1,0.999790,0,1,0.000045,0.000135,0.000031,0.999790
data_cv_fold0/Testing/pituitary/Te-pi_0220.jpg,105187,pituitary,pituitary,1,0.999748,0,1,0.000003,0.000016,0.000233,0.999748
data_cv_fold0/Testing/pituitary/Te-pi_0221.jpg,105187,pituitary,pituitary,1,0.999999,0,1,0.000000,0.000000,0.000001,0.999999
data_cv_fold0/Testing/pituitary/Te-pi_0224.jpg,97416,pituitary,pituitary,1,0.530986,0,1,0.462425,0.001435,0.005154,0.530986
data_cv_fold0/Testing/pituitary/Te-pi_0225.jpg,97416,pituitary,pituitary,1,0.999990,0,1,0.000001,0.000001,0.000008,0.999990
data_cv_fold0/Testing/pituitary/Te-pi_0232.jpg,98472,pituitary,pituitary,1,0.999628,0,1,0.000005,0.000230,0.000137,0.999628
data_cv_fold0/Testing/pituitary/Te-pi_0233.jpg,98652,pituitary,pituitary,1,0.999911,0,1,0.000005,0.000011,0.000073,0.999911
data_cv_fold0/Testing/pituitary/Te-pi_0236.jpg,98874,pituitary,pituitary,1,0.998687,0,1,0.000001,0.001288,0.000024,0.998687
data_cv_fold0/Testing/pituitary/Te-pi_0242.jpg,99223,pituitary,pituitary,1,0.994700,0,1,0.000009,0.005116,0.000176,0.994700
data_cv_fold0/Testing/pituitary/Te-pi_0252.jpg,103046,pituitary,pituitary,1,0.999785,0,1,0.000001,0.000017,0.000196,0.999785
data_cv_fold0/Testing/pituitary/Te-pi_0273.jpg,108931,pituitary,pituitary,1,0.991662,0,1,0.000018,0.000004,0.008316,0.991662
data_cv_fold0/Testing/pituitary/Te-pi_0274.jpg,105187,pituitary,pituitary,1,0.999770,0,1,0.000018,0.000130,0.000083,0.999770
data_cv_fold0/Testing/pituitary/Te-pi_0275.jpg,105187,pituitary,pituitary,1,0.999941,0,1,0.000009,0.000014,0.000036,0.999941
data_cv_fold0/Testing/pituitary/Te-pi_0279.jpg,97416,pituitary,pituitary,1,0.994303,0,1,0.000047,0.005053,0.000597,0.994303
data_cv_fold0/Testing/pituitary/Te-pi_0287.jpg,98472,pituitary,pituitary,1,0.905908,0,1,0.001079,0.055848,0.037164,0.905908
data_cv_fold0/Testing/pituitary/Te-pi_0288.jpg,98652,pituitary,pituitary,1,0.994540,0,1,0.000047,0.000136,0.005277,0.994540
data_cv_fold0/Testing/pituitary/Te-pi_0289.jpg,98652,pituitary,pituitary,1,0.999318,0,1,0.000105,0.000059,0.000518,0.999318
data_cv_fold0/Testing/pituitary/Te-pi_0291.jpg,98874,pituitary,pituitary,1,0.999216,0,1,0.000530,0.000206,0.000048,0.999216
data_cv_fold0/Testing/pituitary/Te-pi_0292.jpg,98874,pituitary,pituitary,1,0.999108,0,1,0.000005,0.000840,0.000046,0.999108
data_cv_fold0/Testing/pituitary/Te-pi_0298.jpg,99223,pituitary,pituitary,1,0.999933,0,1,0.000005,0.000017,0.000046,0.999933
data_cv_fold0/Testing/pituitary/Te-pi_0299.jpg,109769,pituitary,pituitary,1,0.999950,0,1,0.000002,0.000004,0.000044,0.999950
data_cv_fold0/Testing/pituitary/Tr-piTr_0005.jpg,98874,pituitary,pituitary,1,0.985445,0,1,0.000021,0.014372,0.000161,0.985445
data_cv_fold0/Testing/pituitary/Tr-piTr_0006.jpg,98874,pituitary,pituitary,1,0.976623,0,1,0.000193,0.022777,0.000406,0.976623
data_cv_fold0/Testing/pituitary/Tr-piTr_0007.jpg,98874,pituitary,pituitary,1,0.992345,0,1,0.000090,0.007461,0.000104,0.992345
data_cv_fold0/Testing/pituitary/Tr-pi_0021.jpg,99223,pituitary,pituitary,1,0.999999,0,1,0.000000,0.000000,0.000001,0.999999
data_cv_fold0/Testing/pituitary/Tr-pi_0022.jpg,99223,pituitary,pituitary,1,0.999985,0,1,0.000000,0.000006,0.000009,0.999985
data_cv_fold0/Testing/pituitary/Tr-pi_0024.jpg,99223,pituitary,pituitary,1,0.999811,0,1,0.000008,0.000046,0.000135,0.999811
data_cv_fold0/Testing/pituitary/Tr-pi_0025.jpg,99223,pituitary,pituitary,1,0.999989,0,1,0.000000,0.000007,0.000003,0.999989
data_cv_fold0/Testing/pituitary/Tr-pi_0026.jpg,99223,pituitary,pituitary,1,0.999995,0,1,0.000000,0.000005,0.000000,0.999995
data_cv_fold0/Testing/pituitary/Tr-pi_0027.jpg,99223,pituitary,pituitary,1,1.000000,0,1,0.000000,0.000000,0.000000,1.000000
data_cv_fold0/Testing/pituitary/Tr-pi_0034.jpg,111785,pituitary,pituitary,1,0.999906,0,1,0.000006,0.000057,0.000031,0.999906
data_cv_fold0/Testing/pituitary/Tr-pi_0045.jpg,111785,pituitary,pituitary,1,0.999874,0,1,0.000024,0.000082,0.000020,0.999874
data_cv_fold0/Testing/pituitary/Tr-pi_0056.jpg,111785,pituitary,pituitary,1,0.999930,0,1,0.000001,0.000059,0.000009,0.999930
data_cv_fold0/Testing/pituitary/Tr-pi_0067.jpg,111785,pituitary,pituitary,1,0.997636,0,1,0.000011,0.002126,0.000227,0.997636
data_cv_fold0/Testing/pituitary/Tr-pi_0074.jpg,105187,pituitary,pituitary,1,0.999645,0,1,0.000052,0.000129,0.000174,0.999645
data_cv_fold0/Testing/pituitary/Tr-pi_0075.jpg,105187,pituitary,pituitary,1,0.999507,0,1,0.000017,0.000355,0.000121,0.999507
data_cv_fold0/Testing/pituitary/Tr-pi_0076.jpg,105187,pituitary,pituitary,1,0.998978,0,1,0.000031,0.000526,0.000465,0.998978
data_cv_fold0/Testing/pituitary/Tr-pi_0077.jpg,105187,pituitary,pituitary,1,0.999484,0,1,0.000033,0.000064,0.000419,0.999484
data_cv_fold0/Testing/pituitary/Tr-pi_0079.jpg,105187,pituitary,pituitary,1,0.998982,0,1,0.000112,0.000466,0.000439,0.998982
data_cv_fold0/Testing/pituitary/Tr-pi_0080.jpg,105187,pituitary,pituitary,1,0.999979,0,1,0.000006,0.000006,0.000009,0.999979
data_cv_fold0/Testing/pituitary/Tr-pi_0094.jpg,97416,pituitary,pituitary,1,0.996912,0,1,0.001020,0.001164,0.000904,0.996912
data_cv_fold0/Testing/pituitary/Tr-pi_0095.jpg,97416,pituitary,pituitary,1,0.999552,0,1,0.000016,0.000088,0.000344,0.999552
data_cv_fold0/Testing/pituitary/Tr-pi_0096.jpg,97416,pituitary,pituitary,1,0.999136,0,1,0.000011,0.000656,0.000197,0.999136
data_cv_fold0/Testing/pituitary/Tr-pi_0097.jpg,97416,pituitary,pituitary,1,0.991890,0,1,0.000015,0.007802,0.000292,0.991890
data_cv_fold0/Testing/pituitary/Tr-pi_0098.jpg,97416,pituitary,pituitary,1,0.999756,0,1,0.000001,0.000166,0.000077,0.999756
data_cv_fold0/Testing/pituitary/Tr-pi_0099.jpg,97416,pituitary,pituitary,1,0.999076,0,1,0.000017,0.000763,0.000144,0.999076
data_cv_fold0/Testing/pituitary/Tr-pi_0101.jpg,97416,pituitary,pituitary,1,0.979856,0,1,0.000292,0.001942,0.017910,0.979856
data_cv_fold0/Testing/pituitary/Tr-pi_0120.jpg,98472,pituitary,pituitary,1,0.999330,0,1,0.000002,0.000447,0.000221,0.999330
data_cv_fold0/Testing/pituitary/Tr-pi_0121.jpg,98472,pituitary,pituitary,1,0.975988,0,1,0.000001,0.023902,0.000110,0.975988
data_cv_fold0/Testing/pituitary/Tr-pi_0122.jpg,98472,pituitary,pituitary,1,0.920807,0,1,0.000089,0.078013,0.001090,0.920807
data_cv_fold0/Testing/pituitary/Tr-pi_0124.jpg,98472,pituitary,pituitary,1,0.999351,0,1,0.000002,0.000601,0.000047,0.999351
data_cv_fold0/Testing/pituitary/Tr-pi_0125.jpg,98472,pituitary,pituitary,1,0.999938,0,1,0.000002,0.000058,0.000002,0.999938
data_cv_fold0/Testing/pituitary/Tr-pi_0126.jpg,98472,pituitary,pituitary,1,0.999961,0,1,0.000003,0.000025,0.000011,0.999961
data_cv_fold0/Testing/pituitary/Tr-pi_0127.jpg,98652,pituitary,pituitary,1,0.995050,0,1,0.000021,0.000022,0.004906,0.995050
data_cv_fold0/Testing/pituitary/Tr-pi_0128.jpg,98652,pituitary,pituitary,1,0.990870,0,1,0.000082,0.000069,0.008979,0.990870
data_cv_fold0/Testing/pituitary/Tr-pi_0129.jpg,98652,pituitary,pituitary,1,0.999959,0,1,0.000004,0.000004,0.000033,0.999959
data_cv_fold0/Testing/pituitary/Tr-pi_0136.jpg,98874,pituitary,pituitary,1,0.999890,0,1,0.000017,0.000076,0.000017,0.999890
data_cv_fold0/Testing/pituitary/Tr-pi_0137.jpg,98874,pituitary,pituitary,1,0.998990,0,1,0.000006,0.000978,0.000027,0.998990
data_cv_fold0/Testing/pituitary/Tr-pi_0138.jpg,98874,pituitary,pituitary,1,0.999671,0,1,0.000003,0.000249,0.000077,0.999671
data_cv_fold0/Testing/pituitary/Tr-pi_0139.jpg,98874,pituitary,pituitary,1,0.961483,0,1,0.001441,0.032253,0.004822,0.961483
data_cv_fold0/Testing/pituitary/Tr-pi_0140.jpg,98874,pituitary,pituitary,1,0.999197,0,1,0.000008,0.000739,0.000056,0.999197
data_cv_fold0/Testing/pituitary/Tr-pi_0141.jpg,98874,pituitary,pituitary,1,0.985638,0,1,0.000006,0.013979,0.000377,0.985638
data_cv_fold0/Testing/pituitary/Tr-pi_0161.jpg,99223,pituitary,pituitary,1,0.993020,0,1,0.000001,0.006966,0.000013,0.993020
data_cv_fold0/Testing/pituitary/Tr-pi_0163.jpg,99223,pituitary,pituitary,1,0.994666,0,1,0.000003,0.005256,0.000075,0.994666
data_cv_fold0/Testing/pituitary/Tr-pi_0164.jpg,99223,pituitary,pituitary,1,0.997305,0,1,0.000006,0.002489,0.000200,0.997305
data_cv_fold0/Testing/pituitary/Tr-pi_0165.jpg,99223,pituitary,pituitary,1,0.999313,0,1,0.000023,0.000399,0.000264,0.999313
data_cv_fold0/Testing/pituitary/Tr-pi_0166.jpg,99223,pituitary,pituitary,1,0.999755,0,1,0.000007,0.000131,0.000107,0.999755
data_cv_fold0/Testing/pituitary/Tr-pi_0205.jpg,103046,pituitary,pituitary,1,0.999979,0,1,0.000001,0.000009,0.000012,0.999979
data_cv_fold0/Testing/pituitary/Tr-pi_0206.jpg,103046,pituitary,pituitary,1,0.999954,0,1,0.000010,0.000015,0.000021,0.999954
data_cv_fold0/Testing/pituitary/Tr-pi_0286.jpg,105187,pituitary,pituitary,1,0.999988,0,1,0.000000,0.000001,0.000011,0.999988
data_cv_fold0/Testing/pituitary/Tr-pi_0287.jpg,105187,pituitary,pituitary,1,0.999481,0,1,0.000001,0.000012,0.000506,0.999481
data_cv_fold0/Testing/pituitary/Tr-pi_0288.jpg,105187,pituitary,pituitary,1,0.999997,0,1,0.000000,0.000000,0.000003,0.999997
data_cv_fold0/Testing/pituitary/Tr-pi_0290.jpg,105187,pituitary,pituitary,1,0.999975,0,1,0.000001,0.000000,0.000024,0.999975
data_cv_fold0/Testing/pituitary/Tr-pi_0297.jpg,97416,pituitary,pituitary,1,0.883772,0,1,0.005983,0.074143,0.036102,0.883772
data_cv_fold0/Testing/pituitary/Tr-pi_0298.jpg,97416,pituitary,pituitary,1,0.997920,0,1,0.000060,0.001656,0.000364,0.997920
data_cv_fold0/Testing/pituitary/Tr-pi_0299.jpg,97416,pituitary,pituitary,1,0.997914,0,1,0.000137,0.000045,0.001904,0.997914
data_cv_fold0/Testing/pituitary/Tr-pi_0301.jpg,97416,pituitary,pituitary,1,0.999949,0,1,0.000001,0.000015,0.000035,0.999949
data_cv_fold0/Testing/pituitary/Tr-pi_0302.jpg,97416,pituitary,pituitary,1,0.999451,0,1,0.000006,0.000464,0.000079,0.999451
data_cv_fold0/Testing/pituitary/Tr-pi_0303.jpg,97416,pituitary,pituitary,1,0.999875,0,1,0.000005,0.000006,0.000114,0.999875
data_cv_fold0/Testing/pituitary/Tr-pi_0304.jpg,97416,pituitary,pituitary,1,0.997758,0,1,0.000102,0.000011,0.002128,0.997758
data_cv_fold0/Testing/pituitary/Tr-pi_0324.jpg,98472,pituitary,pituitary,1,0.999665,0,1,0.000011,0.000141,0.000183,0.999665
data_cv_fold0/Testing/pituitary/Tr-pi_0325.jpg,98472,pituitary,pituitary,1,0.999381,0,1,0.000006,0.000459,0.000153,0.999381
data_cv_fold0/Testing/pituitary/Tr-pi_0326.jpg,98472,pituitary,pituitary,1,0.999287,0,1,0.000015,0.000572,0.000127,0.999287
data_cv_fold0/Testing/pituitary/Tr-pi_0327.jpg,98472,pituitary,pituitary,1,0.999721,0,1,0.000003,0.000050,0.000226,0.999721
data_cv_fold0/Testing/pituitary/Tr-pi_0328.jpg,98472,pituitary,pituitary,1,0.999957,0,1,0.000003,0.000003,0.000038,0.999957
data_cv_fold0/Testing/pituitary/Tr-pi_0329.jpg,98652,pituitary,pituitary,1,0.999855,0,1,0.000006,0.000005,0.000134,0.999855
data_cv_fold0/Testing/pituitary/Tr-pi_0330.jpg,98652,pituitary,pituitary,1,0.999722,0,1,0.000002,0.000016,0.000260,0.999722
data_cv_fold0/Testing/pituitary/Tr-pi_0331.jpg,98652,pituitary,pituitary,1,0.999482,0,1,0.000001,0.000342,0.000175,0.999482
data_cv_fold0/Testing/pituitary/Tr-pi_0334.jpg,107495,pituitary,pituitary,1,0.999977,0,1,0.000010,0.000002,0.000010,0.999977
data_cv_fold0/Testing/pituitary/Tr-pi_0336.jpg,103046,pituitary,pituitary,1,0.999886,0,1,0.000004,0.000091,0.000019,0.999886
data_cv_fold0/Testing/pituitary/Tr-pi_0339.jpg,107495,pituitary,pituitary,1,0.999998,0,1,0.000000,0.000000,0.000001,0.999998
data_cv_fold0/Testing/pituitary/Tr-pi_0340.jpg,107495,pituitary,pituitary,1,0.999976,0,1,0.000001,0.000004,0.000020,0.999976
data_cv_fold0/Testing/pituitary/Tr-pi_0341.jpg,107495,pituitary,pituitary,1,0.999148,0,1,0.000331,0.000182,0.000339,0.999148
data_cv_fold0/Testing/pituitary/Tr-pi_0342.jpg,107495,pituitary,pituitary,1,0.999987,0,1,0.000001,0.000005,0.000006,0.999987
data_cv_fold0/Testing/pituitary/Tr-pi_0343.jpg,107495,pituitary,pituitary,1,0.999987,0,1,0.000001,0.000005,0.000006,0.999987
data_cv_fold0/Testing/pituitary/Tr-pi_0345.jpg,107495,pituitary,pituitary,1,0.999953,0,1,0.000002,0.000002,0.000043,0.999953
data_cv_fold0/Testing/pituitary/Tr-pi_0356.jpg,107495,pituitary,pituitary,1,0.999599,0,1,0.000000,0.000015,0.000385,0.999599
data_cv_fold0/Testing/pituitary/Tr-pi_0361.jpg,108931,pituitary,pituitary,1,0.999933,0,1,0.000000,0.000000,0.000067,0.999933
data_cv_fold0/Testing/pituitary/Tr-pi_0362.jpg,108931,pituitary,pituitary,1,0.999822,0,1,0.000001,0.000002,0.000175,0.999822
data_cv_fold0/Testing/pituitary/Tr-pi_0363.jpg,108931,pituitary,pituitary,1,0.999140,0,1,0.000004,0.000010,0.000845,0.999140
data_cv_fold0/Testing/pituitary/Tr-pi_0364.jpg,108931,pituitary,pituitary,1,0.998925,0,1,0.000005,0.000006,0.001064,0.998925
data_cv_fold0/Testing/pituitary/Tr-pi_0365.jpg,108931,pituitary,pituitary,1,0.999836,0,1,0.000015,0.000002,0.000147,0.999836
data_cv_fold0/Testing/pituitary/Tr-pi_0373.jpg,109769,pituitary,pituitary,1,0.999989,0,1,0.000001,0.000005,0.000006,0.999989
data_cv_fold0/Testing/pituitary/Tr-pi_0374.jpg,109769,pituitary,pituitary,1,0.999940,0,1,0.000012,0.000011,0.000037,0.999940
data_cv_fold0/Testing/pituitary/Tr-pi_0375.jpg,109769,pituitary,pituitary,1,0.999986,0,1,0.000003,0.000004,0.000007,0.999986
data_cv_fold0/Testing/pituitary/Tr-pi_0396.jpg,111785,pituitary,pituitary,1,0.999943,0,1,0.000044,0.000007,0.000005,0.999943
data_cv_fold0/Testing/pituitary/Tr-pi_0397.jpg,111785,pituitary,pituitary,1,0.999772,0,1,0.000150,0.000056,0.000021,0.999772
data_cv_fold0/Testing/pituitary/Tr-pi_0398.jpg,111785,pituitary,pituitary,1,0.995035,0,1,0.003446,0.001431,0.000088,0.995035
data_cv_fold0/Testing/pituitary/Tr-pi_0399.jpg,111785,pituitary,pituitary,1,0.999988,0,1,0.000006,0.000005,0.000001,0.999988
data_cv_fold0/Testing/pituitary/Tr-pi_0412.jpg,107495,pituitary,pituitary,1,0.999986,0,1,0.000000,0.000000,0.000014,0.999986
data_cv_fold0/Testing/pituitary/Tr-pi_0431.jpg,108931,pituitary,pituitary,1,0.997313,0,1,0.000007,0.000011,0.002668,0.997313
data_cv_fold0/Testing/pituitary/Tr-pi_0432.jpg,108931,pituitary,pituitary,1,0.999521,0,1,0.000027,0.000023,0.000429,0.999521
data_cv_fold0/Testing/pituitary/Tr-pi_0434.jpg,108931,pituitary,pituitary,1,0.998983,0,1,0.000061,0.000008,0.000948,0.998983
data_cv_fold0/Testing/pituitary/Tr-pi_0435.jpg,108931,pituitary,pituitary,1,0.982629,0,1,0.000055,0.000013,0.017303,0.982629
data_cv_fold0/Testing/pituitary/Tr-pi_0436.jpg,108931,pituitary,pituitary,1,0.986784,0,1,0.000049,0.000044,0.013123,0.986784
data_cv_fold0/Testing/pituitary/Tr-pi_0442.jpg,109769,pituitary,pituitary,1,0.999916,0,1,0.000003,0.000003,0.000078,0.999916
data_cv_fold0/Testing/pituitary/Tr-pi_0443.jpg,109769,pituitary,pituitary,1,0.999938,0,1,0.000000,0.000029,0.000033,0.999938
data_cv_fold0/Testing/pituitary/Tr-pi_0446.jpg,109769,pituitary,pituitary,1,0.999591,0,1,0.000009,0.000093,0.000308,0.999591
data_cv_fold0/Testing/pituitary/Tr-pi_0481.jpg,111785,pituitary,pituitary,1,0.999850,0,1,0.000051,0.000093,0.000006,0.999850
data_cv_fold0/Testing/pituitary/Tr-pi_0482.jpg,111785,pituitary,pituitary,1,0.999974,0,1,0.000020,0.000004,0.000003,0.999974
data_cv_fold0/Testing/pituitary/Tr-pi_0483.jpg,111785,pituitary,pituitary,1,0.999996,0,1,0.000003,0.000000,0.000001,0.999996
data_cv_fold0/Testing/pituitary/Tr-pi_0521.jpg,105936,pituitary,pituitary,1,0.998415,0,1,0.000012,0.000157,0.001416,0.998415
data_cv_fold0/Testing/pituitary/Tr-pi_0522.jpg,105936,pituitary,pituitary,1,0.999461,0,1,0.000001,0.000061,0.000477,0.999461
data_cv_fold0/Testing/pituitary/Tr-pi_0558.jpg,103046,pituitary,pituitary,1,0.999645,0,1,0.000003,0.000037,0.000315,0.999645
data_cv_fold0/Testing/pituitary/Tr-pi_0559.jpg,103046,pituitary,pituitary,1,0.999772,0,1,0.000001,0.000020,0.000208,0.999772
data_cv_fold0/Testing/pituitary/Tr-pi_0560.jpg,103046,pituitary,pituitary,1,0.998514,0,1,0.000015,0.000144,0.001327,0.998514
data_cv_fold0/Testing/pituitary/Tr-pi_0607.jpg,105187,pituitary,pituitary,1,0.999846,0,1,0.000012,0.000025,0.000117,0.999846
data_cv_fold0/Testing/pituitary/Tr-pi_0608.jpg,105187,pituitary,pituitary,1,0.999967,0,1,0.000002,0.000013,0.000018,0.999967
data_cv_fold0/Testing/pituitary/Tr-pi_0609.jpg,105187,pituitary,pituitary,1,0.999123,0,1,0.000008,0.000059,0.000811,0.999123
data_cv_fold0/Testing/pituitary/Tr-pi_0616.jpg,97416,pituitary,pituitary,1,0.989588,0,1,0.002909,0.007237,0.000266,0.989588
data_cv_fold0/Testing/pituitary/Tr-pi_0617.jpg,97416,pituitary,pituitary,1,0.996840,0,1,0.001028,0.002022,0.000109,0.996840
data_cv_fold0/Testing/pituitary/Tr-pi_0618.jpg,97416,pituitary,pituitary,1,0.998242,0,1,0.000057,0.001616,0.000086,0.998242
data_cv_fold0/Testing/pituitary/Tr-pi_0619.jpg,97416,pituitary,pituitary,1,0.983400,0,1,0.000020,0.016446,0.000134,0.983400
data_cv_fold0/Testing/pituitary/Tr-pi_0620.jpg,97416,pituitary,pituitary,1,0.996026,0,1,0.000010,0.003627,0.000337,0.996026
data_cv_fold0/Testing/pituitary/Tr-pi_0621.jpg,97416,pituitary,pituitary,1,0.998363,0,1,0.000006,0.001315,0.000316,0.998363
data_cv_fold0/Testing/pituitary/Tr-pi_0634.jpg,98472,pituitary,pituitary,1,0.989702,0,1,0.000011,0.007041,0.003246,0.989702
data_cv_fold0/Testing/pituitary/Tr-pi_0635.jpg,98472,pituitary,pituitary,1,0.997695,0,1,0.000002,0.000191,0.002113,0.997695
data_cv_fold0/Testing/pituitary/Tr-pi_0636.jpg,98472,pituitary,pituitary,1,0.999144,0,1,0.000003,0.000066,0.000786,0.999144
data_cv_fold0/Testing/pituitary/Tr-pi_0637.jpg,98472,pituitary,pituitary,1,0.998790,0,1,0.000002,0.000930,0.000277,0.998790
data_cv_fold0/Testing/pituitary/Tr-pi_0638.jpg,98472,pituitary,pituitary,1,0.999794,0,1,0.000001,0.000146,0.000059,0.999794
data_cv_fold0/Testing/pituitary/Tr-pi_0639.jpg,98472,pituitary,pituitary,1,0.997617,0,1,0.000034,0.001001,0.001348,0.997617
data_cv_fold0/Testing/pituitary/Tr-pi_0641.jpg,98652,pituitary,pituitary,1,0.995651,0,1,0.000021,0.000390,0.003937,0.995651
data_cv_fold0/Testing/pituitary/Tr-pi_0642.jpg,98652,pituitary,pituitary,1,0.938894,0,1,0.000121,0.003165,0.057819,0.938894
data_cv_fold0/Testing/pituitary/Tr-pi_0647.jpg,98874,pituitary,pituitary,1,0.999681,0,1,0.000110,0.000156,0.000053,0.999681
data_cv_fold0/Testing/pituitary/Tr-pi_0648.jpg,98874,pituitary,pituitary,1,0.999679,0,1,0.000016,0.000278,0.000027,0.999679
data_cv_fold0/Testing/pituitary/Tr-pi_0650.jpg,98874,pituitary,pituitary,1,0.999834,0,1,0.000001,0.000142,0.000022,0.999834
data_cv_fold0/Testing/pituitary/Tr-pi_0661.jpg,99223,pituitary,pituitary,1,0.999749,0,1,0.000050,0.000105,0.000096,0.999749
data_cv_fold0/Testing/pituitary/Tr-pi_0662.jpg,99223,pituitary,pituitary,1,0.999942,0,1,0.000022,0.000013,0.000022,0.999942
data_cv_fold0/Testing/pituitary/Tr-pi_0663.jpg,99223,pituitary,pituitary,1,0.999971,0,1,0.000016,0.000002,0.000011,0.999971
data_cv_fold0/Testing/pituitary/Tr-pi_0664.jpg,99223,pituitary,pituitary,1,0.999573,0,1,0.000289,0.000082,0.000056,0.999573
data_cv_fold0/Testing/pituitary/Tr-pi_0665.jpg,99223,pituitary,pituitary,1,0.999874,0,1,0.000025,0.000061,0.000039,0.999874
data_cv_fold0/Testing/pituitary/Tr-pi_0667.jpg,99223,pituitary,pituitary,1,0.999590,0,1,0.000153,0.000237,0.000021,0.999590
data_cv_fold0/Testing/pituitary/Tr-pi_0683.jpg,103046,pituitary,pituitary,1,0.999956,0,1,0.000002,0.000022,0.000020,0.999956
data_cv_fold0/Testing/pituitary/Tr-pi_0689.jpg,103046,pituitary,pituitary,1,0.999618,0,1,0.000068,0.000275,0.000040,0.999618
data_cv_fold0/Testing/pituitary/Tr-pi_0696.jpg,105936,pituitary,pituitary,1,0.976480,0,1,0.000016,0.000697,0.022807,0.976480
data_cv_fold0/Testing/pituitary/Tr-pi_0699.jpg,105936,pituitary,pituitary,1,0.999998,0,1,0.000001,0.000001,0.000000,0.999998
data_cv_fold0/Testing/pituitary/Tr-pi_0701.jpg,105936,pituitary,pituitary,1,0.999999,0,1,0.000000,0.000001,0.000000,0.999999
data_cv_fold0/Testing/pituitary/Tr-pi_0705.jpg,107495,pituitary,pituitary,1,0.834228,0,1,0.000010,0.001446,0.164316,0.834228
data_cv_fold0/Testing/pituitary/Tr-pi_0706.jpg,107495,pituitary,pituitary,1,0.924661,0,1,0.000040,0.002013,0.073286,0.924661
data_cv_fold0/Testing/pituitary/Tr-pi_0707.jpg,107495,pituitary,pituitary,1,0.867210,0,1,0.000132,0.003110,0.129547,0.867210
data_cv_fold0/Testing/pituitary/Tr-pi_0709.jpg,107495,pituitary,pituitary,1,0.995786,0,1,0.000018,0.000241,0.003954,0.995786
data_cv_fold0/Testing/pituitary/Tr-pi_0729.jpg,108931,pituitary,pituitary,1,0.778196,0,1,0.000918,0.000830,0.220056,0.778196
data_cv_fold0/Testing/pituitary/Tr-pi_0730.jpg,108931,pituitary,pituitary,1,0.726763,0,1,0.000189,0.000696,0.272352,0.726763
data_cv_fold0/Testing/pituitary/Tr-pi_0734.jpg,109769,pituitary,pituitary,1,0.998769,0,1,0.000024,0.000294,0.000913,0.998769
data_cv_fold0/Testing/pituitary/Tr-pi_0736.jpg,109769,pituitary,pituitary,1,0.998655,0,1,0.000067,0.000699,0.000579,0.998655
data_cv_fold0/Testing/pituitary/Tr-pi_0737.jpg,109769,pituitary,pituitary,1,0.998196,0,1,0.000019,0.000226,0.001558,0.998196
data_cv_fold0/Testing/pituitary/Tr-pi_0788.jpg,111785,pituitary,pituitary,1,0.999062,0,1,0.000827,0.000083,0.000028,0.999062
data_cv_fold0/Testing/pituitary/Tr-pi_0789.jpg,111785,pituitary,pituitary,1,0.999811,0,1,0.000175,0.000011,0.000003,0.999811
data_cv_fold0/Testing/pituitary/Tr-pi_0790.jpg,111785,pituitary,pituitary,1,0.999959,0,1,0.000022,0.000003,0.000016,0.999959
data_cv_fold0/Testing/pituitary/Tr-pi_0791.jpg,111785,pituitary,pituitary,1,0.999940,0,1,0.000017,0.000012,0.000031,0.999940
data_cv_fold0/Testing/pituitary/Tr-pi_0822.jpg,105936,pituitary,pituitary,1,1.000000,0,1,0.000000,0.000000,0.000000,1.000000
data_cv_fold0/Testing/pituitary/Tr-pi_0823.jpg,105936,pituitary,pituitary,1,1.000000,0,1,0.000000,0.000000,0.000000,1.000000
data_cv_fold0/Testing/pituitary/Tr-pi_0824.jpg,105936,pituitary,pituitary,1,0.999992,0,1,0.000001,0.000004,0.000002,0.999992
data_cv_fold0/Testing/pituitary/Tr-pi_0831.jpg,107495,pituitary,pituitary,1,0.999995,0,1,0.000001,0.000002,0.000002,0.999995
data_cv_fold0/Testing/pituitary/Tr-pi_0832.jpg,107495,pituitary,pituitary,1,0.999986,0,1,0.000001,0.000006,0.000007,0.999986
data_cv_fold0/Testing/pituitary/Tr-pi_0834.jpg,107495,pituitary,pituitary,1,0.999064,0,1,0.000396,0.000237,0.000303,0.999064
data_cv_fold0/Testing/pituitary/Tr-pi_0835.jpg,107495,pituitary,pituitary,1,0.999995,0,1,0.000000,0.000002,0.000003,0.999995
data_cv_fold0/Testing/pituitary/Tr-pi_0853.jpg,108931,pituitary,pituitary,1,0.999645,0,1,0.000003,0.000002,0.000351,0.999645
data_cv_fold0/Testing/pituitary/Tr-pi_0854.jpg,108931,pituitary,pituitary,1,0.997544,0,1,0.000007,0.000017,0.002433,0.997544
data_cv_fold0/Testing/pituitary/Tr-pi_0856.jpg,108931,pituitary,pituitary,1,0.999245,0,1,0.000007,0.000002,0.000746,0.999245
data_cv_fold0/Testing/pituitary/Tr-pi_0857.jpg,108931,pituitary,pituitary,1,0.999734,0,1,0.000086,0.000007,0.000174,0.999734
data_cv_fold0/Testing/pituitary/Tr-pi_0863.jpg,109769,pituitary,pituitary,1,0.999976,0,1,0.000003,0.000013,0.000007,0.999976
data_cv_fold0/Testing/pituitary/Tr-pi_0864.jpg,109769,pituitary,pituitary,1,0.999929,0,1,0.000002,0.000038,0.000030,0.999929
data_cv_fold0/Testing/pituitary/Tr-pi_0865.jpg,109769,pituitary,pituitary,1,0.999916,0,1,0.000007,0.000025,0.000051,0.999916
data_cv_fold0/Testing/pituitary/Tr-pi_0866.jpg,109769,pituitary,pituitary,1,0.999954,0,1,0.000019,0.000011,0.000017,0.999954
data_cv_fold0/Testing/pituitary/Tr-pi_0885.jpg,111785,pituitary,pituitary,1,0.999983,0,1,0.000009,0.000007,0.000002,0.999983
data_cv_fold0/Testing/pituitary/Tr-pi_0886.jpg,111785,pituitary,pituitary,1,0.999547,0,1,0.000054,0.000361,0.000037,0.999547
data_cv_fold0/Testing/pituitary/Tr-pi_0887.jpg,111785,pituitary,pituitary,1,0.992606,0,1,0.000306,0.007056,0.000033,0.992606
data_cv_fold0/Testing/pituitary/Tr-pi_0888.jpg,105936,pituitary,pituitary,1,0.999554,0,1,0.000034,0.000161,0.000250,0.999554
data_cv_fold0/Testing/pituitary/Tr-pi_0889.jpg,105936,pituitary,pituitary,1,0.999720,0,1,0.000005,0.000109,0.000166,0.999720
data_cv_fold0/Testing/pituitary/Tr-pi_0890.jpg,105936,pituitary,pituitary,1,0.995119,0,1,0.000008,0.000226,0.004647,0.995119
data_cv_fold0/Testing/pituitary/Tr-pi_0910.jpg,105936,pituitary,pituitary,1,0.999993,0,1,0.000005,0.000001,0.000001,0.999993
data_cv_fold0/Testing/pituitary/Tr-pi_0911.jpg,105936,pituitary,pituitary,1,0.999997,0,1,0.000001,0.000001,0.000001,0.999997
data_cv_fold0/Testing/pituitary/Tr-pi_0912.jpg,105936,pituitary,pituitary,1,0.999996,0,1,0.000000,0.000004,0.000001,0.999996
data_cv_fold0/Testing/pituitary/Tr-pi_0917.jpg,107495,pituitary,pituitary,1,0.983734,0,1,0.000049,0.002487,0.013730,0.983734
data_cv_fold0/Testing/pituitary/Tr-pi_0918.jpg,107495,pituitary,pituitary,1,0.908746,0,1,0.000116,0.002213,0.088925,0.908746
data_cv_fold0/Testing/pituitary/Tr-pi_0919.jpg,107495,pituitary,pituitary,1,0.892683,0,1,0.000290,0.004363,0.102663,0.892683
data_cv_fold0/Testing/pituitary/Tr-pi_0920.jpg,107495,pituitary,pituitary,1,0.986467,0,1,0.000034,0.000724,0.012775,0.986467
data_cv_fold0/Testing/pituitary/Tr-pi_0922.jpg,107495,pituitary,pituitary,1,0.992148,0,1,0.000029,0.000209,0.007615,0.992148
data_cv_fold0/Testing/pituitary/Tr-pi_0942.jpg,108931,pituitary,pituitary,1,0.963481,0,1,0.000078,0.000103,0.036339,0.963481
data_cv_fold0/Testing/pituitary/Tr-pi_0943.jpg,108931,pituitary,pituitary,1,0.740595,0,1,0.000029,0.000092,0.259284,0.740595
data_cv_fold0/Testing/pituitary/Tr-pi_0947.jpg,109769,pituitary,pituitary,1,0.998126,0,1,0.000128,0.000466,0.001281,0.998126
data_cv_fold0/Testing/pituitary/Tr-pi_0948.jpg,109769,pituitary,pituitary,1,0.999620,0,1,0.000016,0.000084,0.000280,0.999620
data_cv_fold0/Testing/pituitary/Tr-pi_0949.jpg,109769,pituitary,pituitary,1,0.991868,0,1,0.000033,0.001405,0.006694,0.991868
data_cv_fold0/Testing/pituitary/Tr-pi_0971.jpg,111785,pituitary,pituitary,1,0.999245,0,1,0.000108,0.000326,0.000321,0.999245
data_cv_fold0/Testing/pituitary/Tr-pi_0972.jpg,111785,pituitary,pituitary,1,0.999946,0,1,0.000004,0.000035,0.000015,0.999946
data_cv_fold0/Testing/pituitary/Tr-pi_0973.jpg,111785,pituitary,pituitary,1,0.999781,0,1,0.000001,0.000193,0.000026,0.999781
data_cv_fold0/Testing/pituitary/Tr-pi_1001.jpg,103046,pituitary,pituitary,1,0.999827,0,1,0.000004,0.000054,0.000115,0.999827
data_cv_fold0/Testing/pituitary/Tr-pi_1002.jpg,103046,pituitary,pituitary,1,0.998357,0,1,0.000032,0.000262,0.001348,0.998357
data_cv_fold0/Testing/pituitary/Tr-pi_1056.jpg,105936,pituitary,pituitary,1,0.999991,0,1,0.000005,0.000001,0.000003,0.999991
data_cv_fold0/Testing/pituitary/Tr-pi_1061.jpg,105187,pituitary,pituitary,1,0.999985,0,1,0.000005,0.000005,0.000005,0.999985
data_cv_fold0/Testing/pituitary/Tr-pi_1062.jpg,105187,pituitary,pituitary,1,0.999988,0,1,0.000000,0.000006,0.000005,0.999988
data_cv_fold0/Testing/pituitary/Tr-pi_1063.jpg,105187,pituitary,pituitary,1,0.999879,0,1,0.000000,0.000014,0.000106,0.999879
data_cv_fold0/Testing/pituitary/Tr-pi_1072.jpg,97416,pituitary,pituitary,1,0.986026,0,1,0.007446,0.006312,0.000216,0.986026
data_cv_fold0/Testing/pituitary/Tr-pi_1073.jpg,97416,pituitary,pituitary,1,0.995065,0,1,0.001214,0.003500,0.000221,0.995065
data_cv_fold0/Testing/pituitary/Tr-pi_1074.jpg,97416,pituitary,pituitary,1,0.998998,0,1,0.000062,0.000797,0.000143,0.998998
data_cv_fold0/Testing/pituitary/Tr-pi_1075.jpg,97416,pituitary,pituitary,1,0.994557,0,1,0.000015,0.005318,0.000110,0.994557
data_cv_fold0/Testing/pituitary/Tr-pi_1076.jpg,97416,pituitary,pituitary,1,0.993831,0,1,0.000046,0.005664,0.000458,0.993831
data_cv_fold0/Testing/pituitary/Tr-pi_1077.jpg,97416,pituitary,pituitary,1,0.998716,0,1,0.000012,0.000999,0.000272,0.998716
data_cv_fold0/Testing/pituitary/Tr-pi_1078.jpg,97416,pituitary,pituitary,1,0.993967,0,1,0.003162,0.002375,0.000496,0.993967
data_cv_fold0/Testing/pituitary/Tr-pi_1095.jpg,98472,pituitary,pituitary,1,0.993414,0,1,0.000016,0.003554,0.003015,0.993414
data_cv_fold0/Testing/pituitary/Tr-pi_1096.jpg,98472,pituitary,pituitary,1,0.999023,0,1,0.000003,0.000182,0.000792,0.999023
data_cv_fold0/Testing/pituitary/Tr-pi_1097.jpg,98472,pituitary,pituitary,1,0.999432,0,1,0.000011,0.000113,0.000444,0.999432
data_cv_fold0/Testing/pituitary/Tr-pi_1098.jpg,98472,pituitary,pituitary,1,0.998183,0,1,0.000016,0.001226,0.000575,0.998183
data_cv_fold0/Testing/pituitary/Tr-pi_1099.jpg,98472,pituitary,pituitary,1,0.996966,0,1,0.000014,0.001282,0.001738,0.996966
data_cv_fold0/Testing/pituitary/Tr-pi_1100.jpg,98472,pituitary,pituitary,1,0.989040,0,1,0.000018,0.008258,0.002684,0.989040
data_cv_fold0/Testing/pituitary/Tr-pi_1101.jpg,98652,pituitary,pituitary,1,0.990122,0,1,0.000032,0.000829,0.009017,0.990122
data_cv_fold0/Testing/pituitary/Tr-pi_1102.jpg,98652,pituitary,pituitary,1,0.954748,0,1,0.000193,0.002019,0.043040,0.954748
data_cv_fold0/Testing/pituitary/Tr-pi_1108.jpg,98874,pituitary,pituitary,1,0.999351,0,1,0.000049,0.000548,0.000052,0.999351
data_cv_fold0/Testing/pituitary/Tr-pi_1109.jpg,98874,pituitary,pituitary,1,0.999716,0,1,0.000008,0.000257,0.000020,0.999716
data_cv_fold0/Testing/pituitary/Tr-pi_1110.jpg,98874,pituitary,pituitary,1,0.999749,0,1,0.000006,0.000223,0.000021,0.999749
data_cv_fold0/Testing/pituitary/Tr-pi_1111.jpg,98874,pituitary,pituitary,1,0.997703,0,1,0.000322,0.001935,0.000040,0.997703
data_cv_fold0/Testing/pituitary/Tr-pi_1121.jpg,99223,pituitary,pituitary,1,0.559089,0,1,0.397553,0.039987,0.003370,0.559089
data_cv_fold0/Testing/pituitary/Tr-pi_1122.jpg,99223,pituitary,pituitary,1,0.991655,0,1,0.007652,0.000625,0.000068,0.991655
data_cv_fold0/Testing/pituitary/Tr-pi_1123.jpg,107495,pituitary,pituitary,1,0.999996,0,1,0.000001,0.000001,0.000002,0.999996
data_cv_fold0/Testing/pituitary/Tr-pi_1124.jpg,99223,pituitary,pituitary,1,0.999929,0,1,0.000020,0.000007,0.000044,0.999929
data_cv_fold0/Testing/pituitary/Tr-pi_1125.jpg,99223,pituitary,pituitary,1,0.999977,0,1,0.000013,0.000002,0.000008,0.999977
data_cv_fold0/Testing/pituitary/Tr-pi_1126.jpg,99223,pituitary,pituitary,1,0.999702,0,1,0.000229,0.000039,0.000030,0.999702
data_cv_fold0/Testing/pituitary/Tr-pi_1127.jpg,99223,pituitary,pituitary,1,0.999853,0,1,0.000056,0.000064,0.000028,0.999853
data_cv_fold0/Testing/pituitary/Tr-pi_1128.jpg,99223,pituitary,pituitary,1,0.998939,0,1,0.000557,0.000436,0.000068,0.998939
data_cv_fold0/Testing/pituitary/Tr-pi_1130.jpg,107495,pituitary,pituitary,1,0.999987,0,1,0.000006,0.000001,0.000005,0.999987
data_cv_fold0/Testing/pituitary/Tr-pi_1138.jpg,107495,pituitary,pituitary,1,0.999959,0,1,0.000001,0.000001,0.000039,0.999959
data_cv_fold0/Testing/pituitary/Tr-pi_1153.jpg,107495,pituitary,pituitary,1,0.999997,0,1,0.000000,0.000000,0.000002,0.999997
data_cv_fold0/Testing/pituitary/Tr-pi_1157.jpg,103046,pituitary,pituitary,1,0.999700,0,1,0.000012,0.000268,0.000020,0.999700
data_cv_fold0/Testing/pituitary/Tr-pi_1158.jpg,103046,pituitary,pituitary,1,0.998420,0,1,0.000152,0.001323,0.000105,0.998420
data_cv_fold0/Testing/pituitary/Tr-pi_1159.jpg,103046,pituitary,pituitary,1,0.999409,0,1,0.000042,0.000372,0.000176,0.999409
data_cv_fold0/Testing/pituitary/Tr-pi_1214.jpg,105187,pituitary,pituitary,1,0.996102,0,1,0.000032,0.000272,0.003593,0.996102
data_cv_fold0/Testing/pituitary/Tr-pi_1215.jpg,105187,pituitary,pituitary,1,0.999989,0,1,0.000000,0.000000,0.000011,0.999989
data_cv_fold0/Testing/pituitary/Tr-pi_1216.jpg,105187,pituitary,pituitary,1,0.999918,0,1,0.000000,0.000002,0.000080,0.999918
data_cv_fold0/Testing/pituitary/Tr-pi_1217.jpg,105187,pituitary,pituitary,1,0.999895,0,1,0.000001,0.000001,0.000104,0.999895
data_cv_fold0/Testing/pituitary/Tr-pi_1227.jpg,97416,pituitary,pituitary,1,0.423474,0,1,0.336729,0.174683,0.065113,0.423474
data_cv_fold0/Testing/pituitary/Tr-pi_1229.jpg,97416,pituitary,pituitary,1,0.969850,0,1,0.000445,0.028108,0.001597,0.969850
data_cv_fold0/Testing/pituitary/Tr-pi_1230.jpg,97416,pituitary,pituitary,1,0.998097,0,1,0.000082,0.000270,0.001550,0.998097
data_cv_fold0/Testing/pituitary/Tr-pi_1231.jpg,97416,pituitary,pituitary,1,0.995694,0,1,0.000009,0.004104,0.000193,0.995694
data_cv_fold0/Testing/pituitary/Tr-pi_1232.jpg,97416,pituitary,pituitary,1,0.999986,0,1,0.000002,0.000003,0.000009,0.999986
data_cv_fold0/Testing/pituitary/Tr-pi_1233.jpg,97416,pituitary,pituitary,1,0.999219,0,1,0.000037,0.000005,0.000739,0.999219
data_cv_fold0/Testing/pituitary/Tr-pi_1249.jpg,98472,pituitary,pituitary,1,0.997750,0,1,0.000022,0.001617,0.000611,0.997750
data_cv_fold0/Testing/pituitary/Tr-pi_1251.jpg,98472,pituitary,pituitary,1,0.998813,0,1,0.000024,0.000948,0.000215,0.998813
data_cv_fold0/Testing/pituitary/Tr-pi_1252.jpg,98472,pituitary,pituitary,1,0.999943,0,1,0.000001,0.000015,0.000040,0.999943
data_cv_fold0/Testing/pituitary/Tr-pi_1253.jpg,98472,pituitary,pituitary,1,0.999816,0,1,0.000011,0.000011,0.000162,0.999816
data_cv_fold0/Testing/pituitary/Tr-pi_1254.jpg,98652,pituitary,pituitary,1,0.999831,0,1,0.000009,0.000012,0.000148,0.999831
data_cv_fold0/Testing/pituitary/Tr-pi_1255.jpg,98652,pituitary,pituitary,1,0.999845,0,1,0.000002,0.000031,0.000122,0.999845
data_cv_fold0/Testing/pituitary/Tr-pi_1256.jpg,98652,pituitary,pituitary,1,0.998998,0,1,0.000004,0.000391,0.000607,0.998998
data_cv_fold0/Testing/pituitary/Tr-pi_1263.jpg,98874,pituitary,pituitary,1,0.866933,0,1,0.011511,0.121461,0.000094,0.866933
data_cv_fold0/Testing/pituitary/Tr-pi_1264.jpg,98874,pituitary,pituitary,1,0.999014,0,1,0.000060,0.000845,0.000080,0.999014
data_cv_fold0/Testing/pituitary/Tr-pi_1265.jpg,98874,pituitary,pituitary,1,0.998520,0,1,0.000108,0.001328,0.000044,0.998520
data_cv_fold0/Testing/pituitary/Tr-pi_1278.jpg,99223,pituitary,pituitary,1,0.979434,0,1,0.000029,0.020443,0.000094,0.979434
data_cv_fold0/Testing/pituitary/Tr-pi_1279.jpg,99223,pituitary,pituitary,1,0.999308,0,1,0.000000,0.000688,0.000003,0.999308
data_cv_fold0/Testing/pituitary/Tr-pi_1280.jpg,99223,pituitary,pituitary,1,0.996163,0,1,0.000002,0.003775,0.000061,0.996163
data_cv_fold0/Testing/pituitary/Tr-pi_1281.jpg,99223,pituitary,pituitary,1,0.999706,0,1,0.000005,0.000257,0.000032,0.999706
data_cv_fold0/Testing/pituitary/Tr-pi_1282.jpg,99223,pituitary,pituitary,1,0.999043,0,1,0.000006,0.000675,0.000277,0.999043
data_cv_fold0/Testing/pituitary/Tr-pi_1311.jpg,103046,pituitary,pituitary,1,0.998940,0,1,0.000018,0.000204,0.000838,0.998940
data_cv_fold0/Testing/pituitary/Tr-pi_1312.jpg,103046,pituitary,pituitary,1,0.996805,0,1,0.000191,0.000624,0.002380,0.996805
data_cv_fold0/Testing/pituitary/Tr-pi_1313.jpg,103046,pituitary,pituitary,1,0.999938,0,1,0.000022,0.000022,0.000017,0.999938
data_cv_fold0/Testing/pituitary/Tr-pi_1356.jpg,108931,pituitary,pituitary,1,0.999375,0,1,0.000006,0.000002,0.000617,0.999375
data_cv_fold0/Testing/pituitary/Tr-pi_1364.jpg,108931,pituitary,pituitary,1,0.999465,0,1,0.000044,0.000041,0.000450,0.999465
data_cv_fold0/Testing/pituitary/Tr-pi_1371.jpg,108931,pituitary,pituitary,1,0.994200,0,1,0.000107,0.000015,0.005678,0.994200
data_cv_fold0/Testing/pituitary/Tr-pi_1374.jpg,105187,pituitary,pituitary,1,0.997465,0,1,0.000780,0.001336,0.000419,0.997465
data_cv_fold0/Testing/pituitary/Tr-pi_1375.jpg,105187,pituitary,pituitary,1,0.998999,0,1,0.000024,0.000597,0.000380,0.998999
data_cv_fold0/Testing/pituitary/Tr-pi_1376.jpg,105187,pituitary,pituitary,1,0.999660,0,1,0.000012,0.000029,0.000299,0.999660
data_cv_fold0/Testing/pituitary/Tr-pi_1377.jpg,105187,pituitary,pituitary,1,0.993546,0,1,0.000441,0.002624,0.003389,0.993546
data_cv_fold0/Testing/pituitary/Tr-pi_1386.jpg,108931,pituitary,pituitary,1,0.955279,0,1,0.000035,0.000017,0.044670,0.955279
data_cv_fold0/Testing/pituitary/Tr-pi_1388.jpg,97416,pituitary,pituitary,1,0.981859,0,1,0.014474,0.002439,0.001228,0.981859
data_cv_fold0/Testing/pituitary/Tr-pi_1389.jpg,97416,pituitary,pituitary,1,0.957834,0,1,0.033577,0.003611,0.004978,0.957834
data_cv_fold0/Testing/pituitary/Tr-pi_1390.jpg,97416,pituitary,pituitary,1,0.996316,0,1,0.000067,0.002604,0.001013,0.996316
data_cv_fold0/Testing/pituitary/Tr-pi_1391.jpg,97416,pituitary,pituitary,1,0.997180,0,1,0.000025,0.001695,0.001100,0.997180
data_cv_fold0/Testing/pituitary/Tr-pi_1392.jpg,97416,pituitary,pituitary,1,0.854275,0,1,0.006213,0.079197,0.060314,0.854275
data_cv_fold0/Testing/pituitary/Tr-pi_1393.jpg,97416,pituitary,pituitary,1,0.951620,0,1,0.020233,0.008972,0.019175,0.951620
data_cv_fold0/Testing/pituitary/Tr-pi_1394.jpg,108931,pituitary,pituitary,1,0.972715,0,1,0.000020,0.000660,0.026605,0.972715
data_cv_fold0/Testing/pituitary/Tr-pi_1401.jpg,108931,pituitary,pituitary,1,0.998862,0,1,0.000008,0.000008,0.001122,0.998862
data_cv_fold0/Testing/pituitary/Tr-pi_1412.jpg,98472,pituitary,pituitary,1,0.999973,0,1,0.000001,0.000010,0.000016,0.999973
data_cv_fold0/Testing/pituitary/Tr-pi_1413.jpg,98472,pituitary,pituitary,1,0.999545,0,1,0.000000,0.000439,0.000016,0.999545
data_cv_fold0/Testing/pituitary/Tr-pi_1414.jpg,98472,pituitary,pituitary,1,0.999148,0,1,0.000018,0.000688,0.000145,0.999148
data_cv_fold0/Testing/pituitary/Tr-pi_1415.jpg,98472,pituitary,pituitary,1,0.999740,0,1,0.000026,0.000204,0.000030,0.999740
data_cv_fold0/Testing/pituitary/Tr-pi_1417.jpg,98472,pituitary,pituitary,1,0.999924,0,1,0.000019,0.000035,0.000023,0.999924
data_cv_fold0/Testing/pituitary/Tr-pi_1418.jpg,98652,pituitary,pituitary,1,0.992187,0,1,0.000217,0.000674,0.006923,0.992187
data_cv_fold0/Testing/pituitary/Tr-pi_1419.jpg,98652,pituitary,pituitary,1,0.999598,0,1,0.000034,0.000066,0.000302,0.999598
data_cv_fold0/Testing/pituitary/Tr-pi_1420.jpg,98652,pituitary,pituitary,1,0.999116,0,1,0.000043,0.000243,0.000598,0.999116
data_cv_fold0/Testing/pituitary/Tr-pi_1428.jpg,98874,pituitary,pituitary,1,0.999967,0,1,0.000002,0.000025,0.000005,0.999967
data_cv_fold0/Testing/pituitary/Tr-pi_1429.jpg,98874,pituitary,pituitary,1,0.999913,0,1,0.000001,0.000057,0.000030,0.999913
data_cv_fold0/Testing/pituitary/Tr-pi_1430.jpg,98874,pituitary,pituitary,1,0.974006,0,1,0.002477,0.020427,0.003090,0.974006
data_cv_fold0/Testing/pituitary/Tr-pi_1431.jpg,98874,pituitary,pituitary,1,0.999100,0,1,0.000004,0.000868,0.000028,0.999100
data_cv_fold0/Testing/pituitary/Tr-pi_1445.jpg,99223,pituitary,pituitary,1,0.999998,0,1,0.000000,0.000001,0.000001,0.999998
data_cv_fold0/Testing/pituitary/Tr-pi_1446.jpg,99223,pituitary,pituitary,1,0.999981,0,1,0.000000,0.000004,0.000015,0.999981
data_cv_fold0/Testing/pituitary/Tr-pi_1447.jpg,99223,pituitary,pituitary,1,0.999983,0,1,0.000000,0.000005,0.000012,0.999983
data_cv_fold0/Testing/pituitary/Tr-pi_1448.jpg,99223,pituitary,pituitary,1,0.999999,0,1,0.000000,0.000000,0.000000,0.999999
data_cv_fold0/Testing/pituitary/Tr-pi_1449.jpg,99223,pituitary,pituitary,1,1.000000,0,1,0.000000,0.000000,0.000000,1.000000
data_cv_fold0/Testing/pituitary/Tr-pi_1451.jpg,109769,pituitary,pituitary,1,0.999997,0,1,0.000000,0.000000,0.000002,0.999997
data_cv_fold0/Testing/pituitary/Tr-pi_1452.jpg,109769,pituitary,pituitary,1,0.999980,0,1,0.000001,0.000000,0.000018,0.999980
data_cv_fold0/Testing/pituitary/Tr-pi_1453.jpg,109769,pituitary,pituitary,1,0.999542,0,1,0.000001,0.000117,0.000340,0.999542
data_cv_fold0/Testing/pituitary/Tr-pi_1454.jpg,109769,pituitary,pituitary,1,0.999045,0,1,0.000003,0.000009,0.000943,0.999045
