path,group,true,pred,correct,confidence,fold,seed,p_glioma,p_meningioma,p_notumor,p_pituitary
data_rand_fold2/Testing/glioma/Te-gl_0012.jpg,MR054683,glioma,glioma,1,0.999408,2,0,0.999408,0.000169,0.000036,0.000387
data_rand_fold2/Testing/glioma/Te-gl_0019.jpg,MR037458B,glioma,glioma,1,0.999020,2,0,0.999020,0.000791,0.000010,0.000180
data_rand_fold2/Testing/glioma/Te-gl_0020.jpg,MR039473B,glioma,glioma,1,0.999869,2,0,0.999869,0.000001,0.000004,0.000126
data_rand_fold2/Testing/glioma/Te-gl_0025.jpg,MR050135B,glioma,glioma,1,0.999585,2,0,0.999585,0.000376,0.000019,0.000020
data_rand_fold2/Testing/glioma/Te-gl_0026.jpg,MR050135B,glioma,glioma,1,0.999931,2,0,0.999931,0.000016,0.000040,0.000012
data_rand_fold2/Testing/glioma/Te-gl_0027.jpg,MR050135B,glioma,glioma,1,0.999647,2,0,0.999647,0.000313,0.000025,0.000014
data_rand_fold2/Testing/glioma/Te-gl_0035.jpg,MR029209I,glioma,glioma,1,0.999915,2,0,0.999915,0.000060,0.000017,0.000007
data_rand_fold2/Testing/glioma/Te-gl_0040.jpg,MR048944,glioma,glioma,1,0.999876,2,0,0.999876,0.000080,0.000038,0.000006
data_rand_fold2/Testing/glioma/Te-gl_0042.jpg,MR048994,glioma,glioma,1,0.999942,2,0,0.999942,0.000043,0.000007,0.000008
data_rand_fold2/Testing/glioma/Te-gl_0049.jpg,MR040240,glioma,glioma,1,0.999959,2,0,0.999959,0.000020,0.000013,0.000007
data_rand_fold2/Testing/glioma/Te-gl_0050.jpg,MR040240B,glioma,glioma,1,0.999644,2,0,0.999644,0.000121,0.000073,0.000162
data_rand_fold2/Testing/glioma/Te-gl_0052.jpg,MR036496B,glioma,glioma,1,0.999966,2,0,0.999966,0.000022,0.000012,0.000001
data_rand_fold2/Testing/glioma/Te-gl_0055.jpg,MR024780B,glioma,glioma,1,0.999205,2,0,0.999205,0.000664,0.000050,0.000081
data_rand_fold2/Testing/glioma/Te-gl_0056.jpg,MR049104,glioma,glioma,1,0.999868,2,0,0.999868,0.000036,0.000084,0.000012
data_rand_fold2/Testing/glioma/Te-gl_0061.jpg,MR049358,glioma,glioma,1,0.999662,2,0,0.999662,0.000101,0.000082,0.000155
data_rand_fold2/Testing/glioma/Te-gl_0062.jpg,MR049453,glioma,glioma,1,0.999915,2,0,0.999915,0.000023,0.000052,0.000010
data_rand_fold2/Testing/glioma/Te-gl_0064.jpg,MR049453B,glioma,glioma,1,0.999821,2,0,0.999821,0.000081,0.000019,0.000078
data_rand_fold2/Testing/glioma/Te-gl_0075.jpg,MR049358,glioma,glioma,1,0.999928,2,0,0.999928,0.000047,0.000015,0.000010
data_rand_fold2/Testing/glioma/Te-gl_0082.jpg,MR050135B,glioma,glioma,1,0.999853,2,0,0.999853,0.000124,0.000017,0.000006
data_rand_fold2/Testing/glioma/Te-gl_0094.jpg,100820,glioma,glioma,1,0.713263,2,0,0.713263,0.261843,0.003777,0.021118
data_rand_fold2/Testing/glioma/Te-gl_0102.jpg,MR032322C,glioma,glioma,1,0.995710,2,0,0.995710,0.000408,0.003741,0.000141
data_rand_fold2/Testing/glioma/Te-gl_0108.jpg,MR039473,glioma,glioma,1,0.999893,2,0,0.999893,0.000079,0.000014,0.000013
data_rand_fold2/Testing/glioma/Te-gl_0113.jpg,MR037458C,glioma,glioma,1,0.999742,2,0,0.999742,0.000233,0.000013,0.000013
data_rand_fold2/Testing/glioma/Te-gl_0121.jpg,MR024780B,glioma,glioma,1,0.997350,2,0,0.997350,0.002315,0.000241,0.000094
data_rand_fold2/Testing/glioma/Te-gl_0124.jpg,MR049104,glioma,glioma,1,0.999832,2,0,0.999832,0.000068,0.000082,0.000019
data_rand_fold2/Testing/glioma/Te-gl_0129.jpg,MR049358,glioma,glioma,1,0.999673,2,0,0.999673,0.000069,0.000096,0.000162
data_rand_fold2/Testing/glioma/Te-gl_0134.jpg,MR024780G,glioma,glioma,1,0.999925,2,0,0.999925,0.000040,0.000027,0.000009
data_rand_fold2/Testing/glioma/Te-gl_0135.jpg,MR029209I,glioma,glioma,1,0.999977,2,0,0.999977,0.000007,0.000012,0.000004
data_rand_fold2/Testing/glioma/Te-gl_0142.jpg,MR048944,glioma,glioma,1,0.999896,2,0,0.999896,0.000081,0.000017,0.000006
data_rand_fold2/Testing/glioma/Te-gl_0143.jpg,MR040240,glioma,glioma,1,0.999918,2,0,0.999918,0.000041,0.000032,0.000009
data_rand_fold2/Testing/glioma/Te-gl_0144.jpg,MR040240,glioma,glioma,1,0.999832,2,0,0.999832,0.000122,0.000012,0.000034
data_rand_fold2/Testing/glioma/Te-gl_0150.jpg,MR048294,glioma,glioma,1,0.999082,2,0,0.999082,0.000439,0.000239,0.000240
data_rand_fold2/Testing/glioma/Te-gl_0153.jpg,MR051644,glioma,glioma,1,0.999802,2,0,0.999802,0.000099,0.000089,0.000010
data_rand_fold2/Testing/glioma/Te-gl_0156.jpg,MR047953C,glioma,glioma,1,0.999215,2,0,0.999215,0.000047,0.000173,0.000566
data_rand_fold2/Testing/glioma/Te-gl_0159.jpg,MR037458B,glioma,meningioma,0,0.507704,2,0,0.491938,0.507704,0.000071,0.000288
data_rand_fold2/Testing/glioma/Te-gl_0162.jpg,MR053110E,glioma,glioma,1,0.999931,2,0,0.999931,0.000053,0.000011,0.000006
data_rand_fold2/Testing/glioma/Te-gl_0163.jpg,MR053110E,glioma,glioma,1,0.999866,2,0,0.999866,0.000114,0.000012,0.000007
data_rand_fold2/Testing/glioma/Te-gl_0175.jpg,MR048944,glioma,glioma,1,0.999976,2,0,0.999976,0.000009,0.000014,0.000002
data_rand_fold2/Testing/glioma/Te-gl_0177.jpg,MR048994,glioma,glioma,1,0.999950,2,0,0.999950,0.000038,0.000005,0.000007
data_rand_fold2/Testing/glioma/Te-gl_0182.jpg,MR048994B,glioma,glioma,1,0.999896,2,0,0.999896,0.000065,0.000011,0.000029
data_rand_fold2/Testing/glioma/Te-gl_0183.jpg,MR049358,glioma,glioma,1,0.999972,2,0,0.999972,0.000010,0.000011,0.000007
data_rand_fold2/Testing/glioma/Te-gl_0187.jpg,MR049453,glioma,glioma,1,0.999928,2,0,0.999928,0.000015,0.000032,0.000025
data_rand_fold2/Testing/glioma/Te-gl_0188.jpg,MR024780G,glioma,glioma,1,0.999921,2,0,0.999921,0.000017,0.000049,0.000013
data_rand_fold2/Testing/glioma/Te-gl_0194.jpg,MR051461,glioma,glioma,1,0.999938,2,0,0.999938,0.000034,0.000022,0.000005
data_rand_fold2/Testing/glioma/Te-gl_0203.jpg,MR051644,glioma,glioma,1,0.999972,2,0,0.999972,0.000012,0.000012,0.000004
data_rand_fold2/Testing/glioma/Te-gl_0204.jpg,MR051651,glioma,glioma,1,0.999472,2,0,0.999472,0.000467,0.000037,0.000024
data_rand_fold2/Testing/glioma/Te-gl_0224.jpg,MR034997,glioma,glioma,1,0.999815,2,0,0.999815,0.000106,0.000040,0.000039
data_rand_fold2/Testing/glioma/Te-gl_0226.jpg,MR033389B,glioma,glioma,1,0.999921,2,0,0.999921,0.000000,0.000040,0.000038
data_rand_fold2/Testing/glioma/Te-gl_0237.jpg,102075,glioma,meningioma,0,0.835780,2,0,0.156751,0.835780,0.000662,0.006807
data_rand_fold2/Testing/glioma/Te-gl_0243.jpg,112105,glioma,glioma,1,0.997050,2,0,0.997050,0.002885,0.000044,0.000020
data_rand_fold2/Testing/glioma/Te-gl_0245.jpg,112105,glioma,glioma,1,0.997723,2,0,0.997723,0.001965,0.000244,0.000068
data_rand_fold2/Testing/glioma/Te-gl_0250.jpg,90284,glioma,glioma,1,0.999831,2,0,0.999831,0.000099,0.000006,0.000063
data_rand_fold2/Testing/glioma/Te-gl_0251.jpg,90284,glioma,glioma,1,0.999835,2,0,0.999835,0.000144,0.000016,0.000005
data_rand_fold2/Testing/glioma/Te-gl_0266.jpg,107747,glioma,glioma,1,0.999879,2,0,0.999879,0.000075,0.000004,0.000041
data_rand_fold2/Testing/glioma/Te-gl_0271.jpg,90284,glioma,glioma,1,0.999275,2,0,0.999275,0.000425,0.000241,0.000060
data_rand_fold2/Testing/glioma/Te-gl_0276.jpg,93329,glioma,glioma,1,0.998712,2,0,0.998712,0.001070,0.000005,0.000212
data_rand_fold2/Testing/glioma/Te-gl_0288.jpg,MR048297,glioma,glioma,1,0.999110,2,0,0.999110,0.000820,0.000061,0.000009
data_rand_fold2/Testing/glioma/Te-gl_0294.jpg,MR049104,glioma,glioma,1,0.999637,2,0,0.999637,0.000087,0.000084,0.000192
data_rand_fold2/Testing/glioma/Tr-gl_0012.jpg,MR053110E,glioma,glioma,1,0.999982,2,0,0.999982,0.000005,0.000008,0.000005
data_rand_fold2/Testing/glioma/Tr-gl_0013.jpg,MR049019G,glioma,glioma,1,0.999938,2,0,0.999938,0.000016,0.000023,0.000022
data_rand_fold2/Testing/glioma/Tr-gl_0030.jpg,MR033420,glioma,glioma,1,0.999918,2,0,0.999918,0.000055,0.000022,0.000005
data_rand_fold2/Testing/glioma/Tr-gl_0044.jpg,101020,glioma,glioma,1,0.999947,2,0,0.999947,0.000039,0.000012,0.000003
data_rand_fold2/Testing/glioma/Tr-gl_0045.jpg,94731,glioma,glioma,1,0.999944,2,0,0.999944,0.000049,0.000003,0.000005
data_rand_fold2/Testing/glioma/Tr-gl_0046.jpg,95142,glioma,glioma,1,0.999883,2,0,0.999883,0.000100,0.000003,0.000013
data_rand_fold2/Testing/glioma/Tr-gl_0048.jpg,96587,glioma,glioma,1,0.999959,2,0,0.999959,0.000020,0.000019,0.000002
data_rand_fold2/Testing/glioma/Tr-gl_0050.jpg,98889,glioma,glioma,1,0.999887,2,0,0.999887,0.000092,0.000007,0.000014
data_rand_fold2/Testing/glioma/Tr-gl_0058.jpg,MR048944B,glioma,glioma,1,0.999886,2,0,0.999886,0.000062,0.000033,0.000019
data_rand_fold2/Testing/glioma/Tr-gl_0061.jpg,MR049358,glioma,glioma,1,0.999829,2,0,0.999829,0.000120,0.000027,0.000023
data_rand_fold2/Testing/glioma/Tr-gl_0065.jpg,MR050791B,glioma,glioma,1,0.999814,2,0,0.999814,0.000120,0.000045,0.000020
data_rand_fold2/Testing/glioma/Tr-gl_0066.jpg,MR051586,glioma,glioma,1,0.999963,2,0,0.999963,0.000018,0.000018,0.000001
data_rand_fold2/Testing/glioma/Tr-gl_0077.jpg,MR053110E,glioma,glioma,1,0.999385,2,0,0.999385,0.000358,0.000052,0.000204
data_rand_fold2/Testing/glioma/Tr-gl_0082.jpg,MR037458C,glioma,glioma,1,0.999603,2,0,0.999603,0.000352,0.000026,0.000019
data_rand_fold2/Testing/glioma/Tr-gl_0087.jpg,93825,glioma,glioma,1,0.999960,2,0,0.999960,0.000018,0.000011,0.000011
data_rand_fold2/Testing/glioma/Tr-gl_0088.jpg,MR040240C,glioma,glioma,1,0.999967,2,0,0.999967,0.000015,0.000006,0.000012
data_rand_fold2/Testing/glioma/Tr-gl_0095.jpg,MR048944,glioma,glioma,1,0.999865,2,0,0.999865,0.000102,0.000024,0.000009
data_rand_fold2/Testing/glioma/Tr-gl_0096.jpg,MR048994,glioma,glioma,1,0.999970,2,0,0.999970,0.000015,0.000012,0.000003
data_rand_fold2/Testing/glioma/Tr-gl_0097.jpg,MR026175E,glioma,glioma,1,0.999713,2,0,0.999713,0.000120,0.000154,0.000012
data_rand_fold2/Testing/glioma/Tr-gl_0101.jpg,112105,glioma,glioma,1,0.999815,2,0,0.999815,0.000170,0.000008,0.000008
data_rand_fold2/Testing/glioma/Tr-gl_0107.jpg,MR048994,glioma,glioma,1,0.999989,2,0,0.999989,0.000008,0.000001,0.000001
data_rand_fold2/Testing/glioma/Tr-gl_0110.jpg,MR049358,glioma,glioma,1,0.999852,2,0,0.999852,0.000079,0.000048,0.000020
data_rand_fold2/Testing/glioma/Tr-gl_0114.jpg,MR050135B,glioma,glioma,1,0.999937,2,0,0.999937,0.000048,0.000011,0.000005
data_rand_fold2/Testing/glioma/Tr-gl_0129.jpg,MR049104B,glioma,glioma,1,0.999731,2,0,0.999731,0.000013,0.000017,0.000238
data_rand_fold2/Testing/glioma/Tr-gl_0131.jpg,MR049104B,glioma,glioma,1,0.999781,2,0,0.999781,0.000037,0.000128,0.000053
data_rand_fold2/Testing/glioma/Tr-gl_0140.jpg,MR024780G,glioma,glioma,1,0.984985,2,0,0.984985,0.000525,0.000470,0.014021
data_rand_fold2/Testing/glioma/Tr-gl_0144.jpg,MR024780G,glioma,glioma,1,0.999830,2,0,0.999830,0.000107,0.000048,0.000015
data_rand_fold2/Testing/glioma/Tr-gl_0148.jpg,MR024780G,glioma,glioma,1,0.999816,2,0,0.999816,0.000066,0.000078,0.000040
data_rand_fold2/Testing/glioma/Tr-gl_0155.jpg,MR049453B,glioma,glioma,1,0.999922,2,0,0.999922,0.000048,0.000010,0.000020
data_rand_fold2/Testing/glioma/Tr-gl_0157.jpg,MR049453B,glioma,glioma,1,0.999871,2,0,0.999871,0.000105,0.000014,0.000010
data_rand_fold2/Testing/glioma/Tr-gl_0159.jpg,MR048294B,glioma,glioma,1,0.999891,2,0,0.999891,0.000056,0.000022,0.000031
data_rand_fold2/Testing/glioma/Tr-gl_0160.jpg,MR048294B,glioma,glioma,1,0.999889,2,0,0.999889,0.000043,0.000054,0.000015
data_rand_fold2/Testing/glioma/Tr-gl_0170.jpg,MR050135B,glioma,glioma,1,0.999948,2,0,0.999948,0.000028,0.000019,0.000006
data_rand_fold2/Testing/glioma/Tr-gl_0173.jpg,MR050135B,glioma,glioma,1,0.999951,2,0,0.999951,0.000019,0.000029,0.000001
data_rand_fold2/Testing/glioma/Tr-gl_0175.jpg,MR050135B,glioma,glioma,1,0.999825,2,0,0.999825,0.000138,0.000032,0.000006
data_rand_fold2/Testing/glioma/Tr-gl_0178.jpg,MR050687,glioma,glioma,1,0.999984,2,0,0.999984,0.000012,0.000002,0.000001
data_rand_fold2/Testing/glioma/Tr-gl_0179.jpg,MR050687,glioma,glioma,1,0.999925,2,0,0.999925,0.000068,0.000004,0.000003
data_rand_fold2/Testing/glioma/Tr-gl_0181.jpg,MR050687,glioma,glioma,1,0.999916,2,0,0.999916,0.000070,0.000012,0.000002
data_rand_fold2/Testing/glioma/Tr-gl_0184.jpg,MR050687,glioma,glioma,1,0.991346,2,0,0.991346,0.008446,0.000159,0.000049
data_rand_fold2/Testing/glioma/Tr-gl_0192.jpg,MR050791B,glioma,glioma,1,0.998140,2,0,0.998140,0.001767,0.000054,0.000040
data_rand_fold2/Testing/glioma/Tr-gl_0193.jpg,MR050791B,glioma,glioma,1,0.999923,2,0,0.999923,0.000062,0.000013,0.000002
data_rand_fold2/Testing/glioma/Tr-gl_0194.jpg,MR049019C,glioma,glioma,1,0.994425,2,0,0.994425,0.005064,0.000130,0.000381
data_rand_fold2/Testing/glioma/Tr-gl_0206.jpg,MR051461,glioma,glioma,1,0.999977,2,0,0.999977,0.000010,0.000012,0.000001
data_rand_fold2/Testing/glioma/Tr-gl_0207.jpg,MR051461,glioma,glioma,1,0.999953,2,0,0.999953,0.000030,0.000015,0.000002
data_rand_fold2/Testing/glioma/Tr-gl_0210.jpg,MR051461,glioma,glioma,1,0.999918,2,0,0.999918,0.000062,0.000015,0.000006
data_rand_fold2/Testing/glioma/Tr-gl_0213.jpg,MR051586,glioma,glioma,1,0.999937,2,0,0.999937,0.000016,0.000042,0.000005
data_rand_fold2/Testing/glioma/Tr-gl_0215.jpg,MR051586,glioma,glioma,1,0.999880,2,0,0.999880,0.000055,0.000063,0.000002
data_rand_fold2/Testing/glioma/Tr-gl_0216.jpg,MR051586,glioma,glioma,1,0.999958,2,0,0.999958,0.000017,0.000024,0.000001
data_rand_fold2/Testing/glioma/Tr-gl_0217.jpg,MR051586,glioma,glioma,1,0.999948,2,0,0.999948,0.000030,0.000019,0.000003
data_rand_fold2/Testing/glioma/Tr-gl_0219.jpg,MR051586,glioma,glioma,1,0.999784,2,0,0.999784,0.000172,0.000027,0.000018
data_rand_fold2/Testing/glioma/Tr-gl_0224.jpg,MR051644,glioma,glioma,1,0.999142,2,0,0.999142,0.000761,0.000021,0.000076
data_rand_fold2/Testing/glioma/Tr-gl_0225.jpg,MR051644,glioma,glioma,1,0.977612,2,0,0.977612,0.021694,0.000159,0.000535
data_rand_fold2/Testing/glioma/Tr-gl_0226.jpg,MR051644,glioma,glioma,1,0.971677,2,0,0.971677,0.028037,0.000172,0.000114
data_rand_fold2/Testing/glioma/Tr-gl_0248.jpg,MR051796,glioma,glioma,1,0.999873,2,0,0.999873,0.000107,0.000004,0.000015
data_rand_fold2/Testing/glioma/Tr-gl_0249.jpg,MR051796,glioma,glioma,1,0.999488,2,0,0.999488,0.000475,0.000026,0.000010
data_rand_fold2/Testing/glioma/Tr-gl_0251.jpg,MR051651B,glioma,glioma,1,0.987295,2,0,0.987295,0.012287,0.000140,0.000277
data_rand_fold2/Testing/glioma/Tr-gl_0257.jpg,MR051644B,glioma,glioma,1,0.999705,2,0,0.999705,0.000080,0.000198,0.000017
data_rand_fold2/Testing/glioma/Tr-gl_0262.jpg,MR051644B,glioma,glioma,1,0.999971,2,0,0.999971,0.000013,0.000012,0.000004
data_rand_fold2/Testing/glioma/Tr-gl_0265.jpg,MR052550,glioma,glioma,1,0.999966,2,0,0.999966,0.000019,0.000006,0.000009
data_rand_fold2/Testing/glioma/Tr-gl_0269.jpg,MR051644C,glioma,glioma,1,0.999961,2,0,0.999961,0.000003,0.000001,0.000034
data_rand_fold2/Testing/glioma/Tr-gl_0274.jpg,MR051644C,glioma,glioma,1,0.999848,2,0,0.999848,0.000050,0.000069,0.000033
data_rand_fold2/Testing/glioma/Tr-gl_0275.jpg,MR051644C,glioma,glioma,1,0.999883,2,0,0.999883,0.000061,0.000041,0.000015
data_rand_fold2/Testing/glioma/Tr-gl_0278.jpg,MR051644C,glioma,glioma,1,0.999923,2,0,0.999923,0.000041,0.000030,0.000006
data_rand_fold2/Testing/glioma/Tr-gl_0285.jpg,MR047953C,glioma,glioma,1,0.999421,2,0,0.999421,0.000020,0.000013,0.000546
data_rand_fold2/Testing/glioma/Tr-gl_0290.jpg,MR053110B,glioma,glioma,1,0.999872,2,0,0.999872,0.000082,0.000026,0.000021
data_rand_fold2/Testing/glioma/Tr-gl_0291.jpg,MR053110B,glioma,glioma,1,0.999956,2,0,0.999956,0.000020,0.000016,0.000008
data_rand_fold2/Testing/glioma/Tr-gl_0294.jpg,MR034694,glioma,glioma,1,0.999853,2,0,0.999853,0.000048,0.000087,0.000012
data_rand_fold2/Testing/glioma/Tr-gl_0298.jpg,MR054683,glioma,glioma,1,0.999721,2,0,0.999721,0.000071,0.000022,0.000185
data_rand_fold2/Testing/glioma/Tr-gl_0301.jpg,MR054875,glioma,glioma,1,0.999932,2,0,0.999932,0.000029,0.000006,0.000033
data_rand_fold2/Testing/glioma/Tr-gl_0302.jpg,MR054875,glioma,glioma,1,0.999824,2,0,0.999824,0.000074,0.000021,0.000080
data_rand_fold2/Testing/glioma/Tr-gl_0307.jpg,MR050687C,glioma,glioma,1,0.997122,2,0,0.997122,0.000077,0.000030,0.002771
data_rand_fold2/Testing/glioma/Tr-gl_0309.jpg,MR056144,glioma,glioma,1,0.999619,2,0,0.999619,0.000310,0.000024,0.000047
data_rand_fold2/Testing/glioma/Tr-gl_0315.jpg,MR034997,glioma,glioma,1,0.999929,2,0,0.999929,0.000020,0.000051,0.000001
data_rand_fold2/Testing/glioma/Tr-gl_0317.jpg,MR034997,glioma,glioma,1,0.999928,2,0,0.999928,0.000017,0.000054,0.000001
data_rand_fold2/Testing/glioma/Tr-gl_0324.jpg,MR029209E,glioma,glioma,1,0.999735,2,0,0.999735,0.000221,0.000016,0.000029
data_rand_fold2/Testing/glioma/Tr-gl_0345.jpg,MR038469,glioma,glioma,1,0.999981,2,0,0.999981,0.000012,0.000002,0.000005
data_rand_fold2/Testing/glioma/Tr-gl_0346.jpg,MR038469,glioma,glioma,1,0.999942,2,0,0.999942,0.000041,0.000009,0.000008
data_rand_fold2/Testing/glioma/Tr-gl_0352.jpg,MR032322C,glioma,glioma,1,0.999602,2,0,0.999602,0.000299,0.000045,0.000054
data_rand_fold2/Testing/glioma/Tr-gl_0357.jpg,MR037458B,glioma,glioma,1,0.968846,2,0,0.968846,0.029456,0.000053,0.001645
data_rand_fold2/Testing/glioma/Tr-gl_0362.jpg,MR037458B,glioma,glioma,1,0.566822,2,0,0.566822,0.431923,0.000137,0.001117
data_rand_fold2/Testing/glioma/Tr-gl_0380.jpg,MR040240,glioma,glioma,1,0.999879,2,0,0.999879,0.000081,0.000033,0.000008
data_rand_fold2/Testing/glioma/Tr-gl_0391.jpg,MR040240B,glioma,glioma,1,0.999758,2,0,0.999758,0.000203,0.000021,0.000018
data_rand_fold2/Testing/glioma/Tr-gl_0394.jpg,MR029209G,glioma,glioma,1,0.999913,2,0,0.999913,0.000034,0.000046,0.000007
data_rand_fold2/Testing/glioma/Tr-gl_0398.jpg,MR029209G,glioma,glioma,1,0.999829,2,0,0.999829,0.000136,0.000017,0.000018
data_rand_fold2/Testing/glioma/Tr-gl_0400.jpg,MR036496B,glioma,glioma,1,0.999770,2,0,0.999770,0.000112,0.000114,0.000003
data_rand_fold2/Testing/glioma/Tr-gl_0406.jpg,MR033420,glioma,glioma,1,0.999919,2,0,0.999919,0.000022,0.000047,0.000012
data_rand_fold2/Testing/glioma/Tr-gl_0419.jpg,MR049142,glioma,glioma,1,0.994950,2,0,0.994950,0.004416,0.000027,0.000607
data_rand_fold2/Testing/glioma/Tr-gl_0424.jpg,MR048944B,glioma,glioma,1,0.999959,2,0,0.999959,0.000015,0.000021,0.000006
data_rand_fold2/Testing/glioma/Tr-gl_0427.jpg,MR048944B,glioma,glioma,1,0.999932,2,0,0.999932,0.000025,0.000036,0.000007
data_rand_fold2/Testing/glioma/Tr-gl_0432.jpg,MR049358,glioma,glioma,1,0.999806,2,0,0.999806,0.000120,0.000058,0.000016
data_rand_fold2/Testing/glioma/Tr-gl_0450.jpg,MR049453B,glioma,glioma,1,0.999761,2,0,0.999761,0.000033,0.000025,0.000180
data_rand_fold2/Testing/glioma/Tr-gl_0451.jpg,MR049453B,glioma,glioma,1,0.999911,2,0,0.999911,0.000028,0.000019,0.000042
data_rand_fold2/Testing/glioma/Tr-gl_0455.jpg,MR049453B,glioma,glioma,1,0.999572,2,0,0.999572,0.000327,0.000036,0.000066
data_rand_fold2/Testing/glioma/Tr-gl_0460.jpg,MR049453B,glioma,glioma,1,0.999963,2,0,0.999963,0.000004,0.000003,0.000030
data_rand_fold2/Testing/glioma/Tr-gl_0461.jpg,MR049453B,glioma,glioma,1,0.999888,2,0,0.999888,0.000035,0.000016,0.000062
data_rand_fold2/Testing/glioma/Tr-gl_0462.jpg,MR050135B,glioma,glioma,1,0.999439,2,0,0.999439,0.000518,0.000015,0.000028
data_rand_fold2/Testing/glioma/Tr-gl_0476.jpg,MR050687,glioma,glioma,1,0.999919,2,0,0.999919,0.000075,0.000005,0.000001
data_rand_fold2/Testing/glioma/Tr-gl_0477.jpg,MR050687,glioma,glioma,1,0.983313,2,0,0.983313,0.016411,0.000217,0.000060
data_rand_fold2/Testing/glioma/Tr-gl_0481.jpg,MR050791B,glioma,glioma,1,0.999890,2,0,0.999890,0.000023,0.000069,0.000019
data_rand_fold2/Testing/glioma/Tr-gl_0482.jpg,MR050791B,glioma,glioma,1,0.999908,2,0,0.999908,0.000026,0.000060,0.000006
data_rand_fold2/Testing/glioma/Tr-gl_0484.jpg,MR049019C,glioma,glioma,1,0.999555,2,0,0.999555,0.000116,0.000194,0.000135
data_rand_fold2/Testing/glioma/Tr-gl_0491.jpg,MR026175C,glioma,glioma,1,0.999787,2,0,0.999787,0.000136,0.000049,0.000029
data_rand_fold2/Testing/glioma/Tr-gl_0498.jpg,MR051461,glioma,glioma,1,0.999778,2,0,0.999778,0.000078,0.000095,0.000048
data_rand_fold2/Testing/glioma/Tr-gl_0501.jpg,MR051461,glioma,glioma,1,0.999803,2,0,0.999803,0.000042,0.000104,0.000052
data_rand_fold2/Testing/glioma/Tr-gl_0509.jpg,MR033389B,glioma,glioma,1,0.999966,2,0,0.999966,0.000027,0.000007,0.000001
data_rand_fold2/Testing/glioma/Tr-gl_0521.jpg,MR026175E,glioma,glioma,1,0.999593,2,0,0.999593,0.000084,0.000307,0.000016
data_rand_fold2/Testing/glioma/Tr-gl_0524.jpg,MR040240C,glioma,glioma,1,0.999731,2,0,0.999731,0.000020,0.000019,0.000230
data_rand_fold2/Testing/glioma/Tr-gl_0534.jpg,MR040240C,glioma,glioma,1,0.999898,2,0,0.999898,0.000065,0.000007,0.000030
data_rand_fold2/Testing/glioma/Tr-gl_0535.jpg,MR040240D,glioma,glioma,1,0.999907,2,0,0.999907,0.000026,0.000017,0.000051
data_rand_fold2/Testing/glioma/Tr-gl_0539.jpg,MR040240D,glioma,glioma,1,0.999981,2,0,0.999981,0.000006,0.000011,0.000003
data_rand_fold2/Testing/glioma/Tr-gl_0541.jpg,MR040240D,glioma,glioma,1,0.999934,2,0,0.999934,0.000043,0.000018,0.000005
data_rand_fold2/Testing/glioma/Tr-gl_0544.jpg,MR040240D,glioma,glioma,1,0.999864,2,0,0.999864,0.000072,0.000043,0.000021
data_rand_fold2/Testing/glioma/Tr-gl_0547.jpg,MR017260F,glioma,glioma,1,0.999963,2,0,0.999963,0.000022,0.000005,0.000010
data_rand_fold2/Testing/glioma/Tr-gl_0548.jpg,MR017260F,glioma,glioma,1,0.999902,2,0,0.999902,0.000067,0.000022,0.000009
data_rand_fold2/Testing/glioma/Tr-gl_0549.jpg,MR017260F,glioma,glioma,1,0.999972,2,0,0.999972,0.000014,0.000012,0.000002
data_rand_fold2/Testing/glioma/Tr-gl_0550.jpg,MR017260F,glioma,glioma,1,0.997536,2,0,0.997536,0.002323,0.000131,0.000010
data_rand_fold2/Testing/glioma/Tr-gl_0553.jpg,MR017260F,glioma,glioma,1,0.999475,2,0,0.999475,0.000442,0.000054,0.000029
data_rand_fold2/Testing/glioma/Tr-gl_0562.jpg,MR029209I,glioma,glioma,1,0.999938,2,0,0.999938,0.000047,0.000012,0.000003
data_rand_fold2/Testing/glioma/Tr-gl_0579.jpg,MR048621B,glioma,glioma,1,0.999909,2,0,0.999909,0.000037,0.000014,0.000041
data_rand_fold2/Testing/glioma/Tr-gl_0586.jpg,MR048944,glioma,glioma,1,0.999946,2,0,0.999946,0.000014,0.000037,0.000004
data_rand_fold2/Testing/glioma/Tr-gl_0587.jpg,MR048944,glioma,glioma,1,0.999965,2,0,0.999965,0.000015,0.000015,0.000004
data_rand_fold2/Testing/glioma/Tr-gl_0597.jpg,MR040240,glioma,glioma,1,0.999944,2,0,0.999944,0.000013,0.000004,0.000039
data_rand_fold2/Testing/glioma/Tr-gl_0600.jpg,MR040240,glioma,glioma,1,0.999873,2,0,0.999873,0.000048,0.000048,0.000030
data_rand_fold2/Testing/glioma/Tr-gl_0601.jpg,MR040240,glioma,glioma,1,0.999947,2,0,0.999947,0.000025,0.000022,0.000006
data_rand_fold2/Testing/glioma/Tr-gl_0604.jpg,MR040240,glioma,glioma,1,0.999729,2,0,0.999729,0.000140,0.000102,0.000029
data_rand_fold2/Testing/glioma/Tr-gl_0605.jpg,MR040240B,glioma,glioma,1,0.999959,2,0,0.999959,0.000015,0.000015,0.000010
data_rand_fold2/Testing/glioma/Tr-gl_0609.jpg,MR040240B,glioma,glioma,1,0.999953,2,0,0.999953,0.000010,0.000017,0.000020
data_rand_fold2/Testing/glioma/Tr-gl_0619.jpg,MR029209G,glioma,glioma,1,0.999958,2,0,0.999958,0.000009,0.000026,0.000007
data_rand_fold2/Testing/glioma/Tr-gl_0620.jpg,MR029209G,glioma,glioma,1,0.999958,2,0,0.999958,0.000018,0.000020,0.000004
data_rand_fold2/Testing/glioma/Tr-gl_0640.jpg,MR033389B,glioma,glioma,1,0.999924,2,0,0.999924,0.000034,0.000023,0.000019
data_rand_fold2/Testing/glioma/Tr-gl_0641.jpg,MR033389B,glioma,glioma,1,0.999637,2,0,0.999637,0.000173,0.000140,0.000050
data_rand_fold2/Testing/glioma/Tr-gl_0646.jpg,MR024780E,glioma,glioma,1,0.999951,2,0,0.999951,0.000005,0.000039,0.000004
data_rand_fold2/Testing/glioma/Tr-gl_0668.jpg,MR040240C,glioma,glioma,1,0.999959,2,0,0.999959,0.000024,0.000009,0.000007
data_rand_fold2/Testing/glioma/Tr-gl_0670.jpg,MR040240C,glioma,glioma,1,0.999860,2,0,0.999860,0.000085,0.000047,0.000008
data_rand_fold2/Testing/glioma/Tr-gl_0674.jpg,MR017260F,glioma,glioma,1,0.999584,2,0,0.999584,0.000336,0.000059,0.000022
data_rand_fold2/Testing/glioma/Tr-gl_0680.jpg,MR029209I,glioma,glioma,1,0.999831,2,0,0.999831,0.000071,0.000068,0.000030
data_rand_fold2/Testing/glioma/Tr-gl_0690.jpg,MR048294,glioma,glioma,1,0.999791,2,0,0.999791,0.000089,0.000086,0.000034
data_rand_fold2/Testing/glioma/Tr-gl_0698.jpg,MR051644,glioma,glioma,1,0.999871,2,0,0.999871,0.000082,0.000029,0.000018
data_rand_fold2/Testing/glioma/Tr-gl_0704.jpg,MR051644,glioma,glioma,1,0.999925,2,0,0.999925,0.000035,0.000033,0.000008
data_rand_fold2/Testing/glioma/Tr-gl_0714.jpg,MR051651,glioma,glioma,1,0.999746,2,0,0.999746,0.000099,0.000042,0.000113
data_rand_fold2/Testing/glioma/Tr-gl_0717.jpg,MR051796,glioma,glioma,1,0.999912,2,0,0.999912,0.000019,0.000024,0.000046
data_rand_fold2/Testing/glioma/Tr-gl_0732.jpg,MR052550,glioma,glioma,1,0.999703,2,0,0.999703,0.000074,0.000207,0.000016
data_rand_fold2/Testing/glioma/Tr-gl_0758.jpg,MR053110B,glioma,glioma,1,0.999864,2,0,0.999864,0.000074,0.000018,0.000044
data_rand_fold2/Testing/glioma/Tr-gl_0760.jpg,MR053110B,glioma,glioma,1,0.999937,2,0,0.999937,0.000021,0.000025,0.000017
data_rand_fold2/Testing/glioma/Tr-gl_0766.jpg,MR034694,glioma,glioma,1,0.999879,2,0,0.999879,0.000049,0.000063,0.000009
data_rand_fold2/Testing/glioma/Tr-gl_0771.jpg,MR054683,glioma,glioma,1,0.999803,2,0,0.999803,0.000067,0.000083,0.000047
data_rand_fold2/Testing/glioma/Tr-gl_0774.jpg,MR050687C,glioma,glioma,1,0.998606,2,0,0.998606,0.000641,0.000219,0.000534
data_rand_fold2/Testing/glioma/Tr-gl_0779.jpg,MR050687C,glioma,glioma,1,0.999894,2,0,0.999894,0.000046,0.000029,0.000030
data_rand_fold2/Testing/glioma/Tr-gl_0786.jpg,MR053241C,glioma,glioma,1,0.999490,2,0,0.999490,0.000134,0.000347,0.000029
data_rand_fold2/Testing/glioma/Tr-gl_0787.jpg,MR053241C,glioma,glioma,1,0.999876,2,0,0.999876,0.000047,0.000056,0.000021
data_rand_fold2/Testing/glioma/Tr-gl_0792.jpg,MR034997,glioma,glioma,1,0.999981,2,0,0.999981,0.000008,0.000011,0.000001
data_rand_fold2/Testing/glioma/Tr-gl_0800.jpg,MR029209E,glioma,glioma,1,0.999978,2,0,0.999978,0.000004,0.000015,0.000002
data_rand_fold2/Testing/glioma/Tr-gl_0807.jpg,MR053110E,glioma,glioma,1,0.998210,2,0,0.998210,0.000618,0.000308,0.000864
data_rand_fold2/Testing/glioma/Tr-gl_0815.jpg,MR049019G,glioma,glioma,1,0.999942,2,0,0.999942,0.000013,0.000023,0.000022
data_rand_fold2/Testing/glioma/Tr-gl_0817.jpg,MR031409B,glioma,glioma,1,0.999729,2,0,0.999729,0.000118,0.000107,0.000045
data_rand_fold2/Testing/glioma/Tr-gl_0818.jpg,MR031409B,glioma,glioma,1,0.999551,2,0,0.999551,0.000130,0.000280,0.000039
data_rand_fold2/Testing/glioma/Tr-gl_0821.jpg,MR038469,glioma,glioma,1,0.998780,2,0,0.998780,0.000340,0.000478,0.000402
data_rand_fold2/Testing/glioma/Tr-gl_0822.jpg,MR038469,glioma,glioma,1,0.999192,2,0,0.999192,0.000631,0.000097,0.000080
data_rand_fold2/Testing/glioma/Tr-gl_0823.jpg,MR038469,glioma,glioma,1,0.999725,2,0,0.999725,0.000155,0.000057,0.000062
data_rand_fold2/Testing/glioma/Tr-gl_0825.jpg,MR038469,glioma,glioma,1,0.999786,2,0,0.999786,0.000083,0.000118,0.000014
data_rand_fold2/Testing/glioma/Tr-gl_0831.jpg,MR032322C,glioma,glioma,1,0.998835,2,0,0.998835,0.001040,0.000101,0.000024
data_rand_fold2/Testing/glioma/Tr-gl_0833.jpg,MR032322C,glioma,glioma,1,0.999657,2,0,0.999657,0.000097,0.000132,0.000113
data_rand_fold2/Testing/glioma/Tr-gl_0837.jpg,MR032322C,glioma,glioma,1,0.999910,2,0,0.999910,0.000033,0.000047,0.000009
data_rand_fold2/Testing/glioma/Tr-gl_0840.jpg,MR032322C,glioma,glioma,1,0.999825,2,0,0.999825,0.000077,0.000067,0.000030
data_rand_fold2/Testing/glioma/Tr-gl_0845.jpg,MR037458B,glioma,glioma,1,0.893915,2,0,0.893915,0.105921,0.000024,0.000140
data_rand_fold2/Testing/glioma/Tr-gl_0848.jpg,MR039473,glioma,glioma,1,0.999927,2,0,0.999927,0.000018,0.000034,0.000020
data_rand_fold2/Testing/glioma/Tr-gl_0860.jpg,MR037458C,glioma,glioma,1,0.999458,2,0,0.999458,0.000386,0.000138,0.000017
data_rand_fold2/Testing/glioma/Tr-gl_0864.jpg,MR037458C,glioma,glioma,1,0.999903,2,0,0.999903,0.000037,0.000048,0.000013
data_rand_fold2/Testing/glioma/Tr-gl_0866.jpg,MR037458C,glioma,glioma,1,0.999887,2,0,0.999887,0.000078,0.000021,0.000013
data_rand_fold2/Testing/glioma/Tr-gl_0867.jpg,MR029209E,glioma,glioma,1,0.999711,2,0,0.999711,0.000242,0.000036,0.000012
data_rand_fold2/Testing/glioma/Tr-gl_0877.jpg,MR049019G,glioma,glioma,1,0.999749,2,0,0.999749,0.000157,0.000023,0.000071
data_rand_fold2/Testing/glioma/Tr-gl_0880.jpg,MR031409B,glioma,glioma,1,0.999860,2,0,0.999860,0.000043,0.000016,0.000081
data_rand_fold2/Testing/glioma/Tr-gl_0883.jpg,MR038469,glioma,glioma,1,0.995350,2,0,0.995350,0.000748,0.000102,0.003799
data_rand_fold2/Testing/glioma/Tr-gl_0887.jpg,MR032322C,glioma,glioma,1,0.999772,2,0,0.999772,0.000130,0.000018,0.000080
data_rand_fold2/Testing/glioma/Tr-gl_0890.jpg,MR032322C,glioma,glioma,1,0.998399,2,0,0.998399,0.001301,0.000043,0.000258
data_rand_fold2/Testing/glioma/Tr-gl_0893.jpg,MR032322C,glioma,glioma,1,0.999572,2,0,0.999572,0.000151,0.000171,0.000106
data_rand_fold2/Testing/glioma/Tr-gl_0901.jpg,MR037458B,glioma,meningioma,0,0.715911,2,0,0.283785,0.715911,0.000033,0.000271
data_rand_fold2/Testing/glioma/Tr-gl_0906.jpg,MR039473B,glioma,glioma,1,0.999846,2,0,0.999846,0.000102,0.000027,0.000025
data_rand_fold2/Testing/glioma/Tr-gl_0915.jpg,MR040240,glioma,glioma,1,0.999918,2,0,0.999918,0.000033,0.000019,0.000030
data_rand_fold2/Testing/glioma/Tr-gl_0916.jpg,MR040240,glioma,glioma,1,0.999778,2,0,0.999778,0.000086,0.000067,0.000069
data_rand_fold2/Testing/glioma/Tr-gl_0921.jpg,MR040240B,glioma,glioma,1,0.999944,2,0,0.999944,0.000016,0.000024,0.000016
data_rand_fold2/Testing/glioma/Tr-gl_0932.jpg,MR036496B,glioma,glioma,1,0.999971,2,0,0.999971,0.000006,0.000019,0.000003
data_rand_fold2/Testing/glioma/Tr-gl_0942.jpg,MR024780B,glioma,glioma,1,0.999652,2,0,0.999652,0.000115,0.000116,0.000117
data_rand_fold2/Testing/glioma/Tr-gl_0950.jpg,MR048297,glioma,glioma,1,0.999651,2,0,0.999651,0.000105,0.000217,0.000027
data_rand_fold2/Testing/glioma/Tr-gl_0953.jpg,MR048294B,glioma,glioma,1,0.997371,2,0,0.997371,0.002505,0.000088,0.000036
data_rand_fold2/Testing/glioma/Tr-gl_0960.jpg,MR048621B,glioma,glioma,1,0.999847,2,0,0.999847,0.000119,0.000019,0.000015
data_rand_fold2/Testing/glioma/Tr-gl_0961.jpg,MR048621B,glioma,glioma,1,0.999891,2,0,0.999891,0.000081,0.000018,0.000010
data_rand_fold2/Testing/glioma/Tr-gl_0973.jpg,MR049104,glioma,glioma,1,0.999946,2,0,0.999946,0.000004,0.000022,0.000028
data_rand_fold2/Testing/glioma/Tr-gl_0974.jpg,MR049104,glioma,glioma,1,0.999861,2,0,0.999861,0.000021,0.000010,0.000108
data_rand_fold2/Testing/glioma/Tr-gl_0975.jpg,MR049142,glioma,glioma,1,0.989456,2,0,0.989456,0.008823,0.000499,0.001222
data_rand_fold2/Testing/glioma/Tr-gl_0977.jpg,MR049142,glioma,glioma,1,0.999490,2,0,0.999490,0.000467,0.000018,0.000024
data_rand_fold2/Testing/glioma/Tr-gl_0978.jpg,MR048994B,glioma,glioma,1,0.998567,2,0,0.998567,0.000637,0.000069,0.000727
data_rand_fold2/Testing/glioma/Tr-gl_0982.jpg,MR049358,glioma,glioma,1,0.999917,2,0,0.999917,0.000035,0.000025,0.000023
data_rand_fold2/Testing/glioma/Tr-gl_0984.jpg,MR049358,glioma,glioma,1,0.999861,2,0,0.999861,0.000041,0.000055,0.000044
data_rand_fold2/Testing/glioma/Tr-gl_0987.jpg,MR049453,glioma,glioma,1,0.999979,2,0,0.999979,0.000004,0.000003,0.000014
data_rand_fold2/Testing/glioma/Tr-gl_0996.jpg,MR024780G,glioma,glioma,1,0.999591,2,0,0.999591,0.000172,0.000162,0.000074
data_rand_fold2/Testing/glioma/Tr-gl_0999.jpg,MR050135B,glioma,glioma,1,0.999926,2,0,0.999926,0.000030,0.000037,0.000007
data_rand_fold2/Testing/glioma/Tr-gl_1002.jpg,MR050135B,glioma,glioma,1,0.999785,2,0,0.999785,0.000175,0.000030,0.000010
data_rand_fold2/Testing/glioma/Tr-gl_1022.jpg,MR051461,glioma,glioma,1,0.999545,2,0,0.999545,0.000388,0.000040,0.000027
data_rand_fold2/Testing/glioma/Tr-gl_1037.jpg,MR051651,glioma,glioma,1,0.999933,2,0,0.999933,0.000037,0.000021,0.000009
data_rand_fold2/Testing/glioma/Tr-gl_1043.jpg,MR051796,glioma,glioma,1,0.999452,2,0,0.999452,0.000237,0.000146,0.000165
data_rand_fold2/Testing/glioma/Tr-gl_1045.jpg,MR051651B,glioma,glioma,1,0.998158,2,0,0.998158,0.001512,0.000015,0.000315
data_rand_fold2/Testing/glioma/Tr-gl_1057.jpg,MR051796B,glioma,glioma,1,0.999860,2,0,0.999860,0.000037,0.000034,0.000069
data_rand_fold2/Testing/glioma/Tr-gl_1060.jpg,MR052550,glioma,glioma,1,0.999961,2,0,0.999961,0.000011,0.000019,0.000009
data_rand_fold2/Testing/glioma/Tr-gl_1077.jpg,MR053110B,glioma,glioma,1,0.999978,2,0,0.999978,0.000006,0.000009,0.000007
data_rand_fold2/Testing/glioma/Tr-gl_1080.jpg,MR053110B,glioma,glioma,1,0.998669,2,0,0.998669,0.001266,0.000034,0.000031
data_rand_fold2/Testing/glioma/Tr-gl_1082.jpg,MR034694,glioma,glioma,1,0.999970,2,0,0.999970,0.000010,0.000007,0.000013
data_rand_fold2/Testing/glioma/Tr-gl_1091.jpg,MR050687C,glioma,glioma,1,0.999875,2,0,0.999875,0.000065,0.000029,0.000031
data_rand_fold2/Testing/glioma/Tr-gl_1096.jpg,MR034997,glioma,glioma,1,0.999841,2,0,0.999841,0.000124,0.000018,0.000017
data_rand_fold2/Testing/glioma/Tr-gl_1105.jpg,MR033389B,glioma,glioma,1,0.999867,2,0,0.999867,0.000005,0.000051,0.000076
data_rand_fold2/Testing/glioma/Tr-gl_1110.jpg,MR040240C,glioma,glioma,1,0.999972,2,0,0.999972,0.000005,0.000009,0.000014
data_rand_fold2/Testing/glioma/Tr-gl_1111.jpg,MR040240C,glioma,glioma,1,0.999905,2,0,0.999905,0.000058,0.000012,0.000025
data_rand_fold2/Testing/glioma/Tr-gl_1114.jpg,MR040240C,glioma,glioma,1,0.995370,2,0,0.995370,0.003748,0.000090,0.000792
data_rand_fold2/Testing/glioma/Tr-gl_1133.jpg,101020,glioma,glioma,1,0.817457,2,0,0.817457,0.173633,0.002705,0.006205
data_rand_fold2/Testing/glioma/Tr-gl_1134.jpg,101020,glioma,glioma,1,0.984759,2,0,0.984759,0.012947,0.000206,0.002088
data_rand_fold2/Testing/glioma/Tr-gl_1151.jpg,107747,glioma,glioma,1,0.994145,2,0,0.994145,0.005736,0.000026,0.000093
data_rand_fold2/Testing/glioma/Tr-gl_1166.jpg,101020,glioma,glioma,1,0.998306,2,0,0.998306,0.001644,0.000018,0.000032
data_rand_fold2/Testing/glioma/Tr-gl_1167.jpg,101020,glioma,glioma,1,0.998983,2,0,0.998983,0.000954,0.000026,0.000037
data_rand_fold2/Testing/glioma/Tr-gl_1168.jpg,102075,glioma,glioma,1,0.976565,2,0,0.976565,0.022577,0.000400,0.000458
data_rand_fold2/Testing/glioma/Tr-gl_1179.jpg,107747,glioma,glioma,1,0.998684,2,0,0.998684,0.001288,0.000005,0.000023
data_rand_fold2/Testing/glioma/Tr-gl_1181.jpg,112027,glioma,glioma,1,0.943797,2,0,0.943797,0.056027,0.000041,0.000134
data_rand_fold2/Testing/glioma/Tr-gl_1189.jpg,112105,glioma,glioma,1,0.999836,2,0,0.999836,0.000157,0.000002,0.000005
data_rand_fold2/Testing/glioma/Tr-gl_1190.jpg,88670,glioma,glioma,1,0.991062,2,0,0.991062,0.007323,0.000059,0.001556
data_rand_fold2/Testing/glioma/Tr-gl_1193.jpg,88670,glioma,glioma,1,0.999876,2,0,0.999876,0.000092,0.000017,0.000016
data_rand_fold2/Testing/glioma/Tr-gl_1197.jpg,90284,glioma,glioma,1,0.999518,2,0,0.999518,0.000052,0.000010,0.000419
data_rand_fold2/Testing/glioma/Tr-gl_1201.jpg,93825,glioma,glioma,1,0.991415,2,0,0.991415,0.008411,0.000034,0.000141
data_rand_fold2/Testing/glioma/Tr-gl_1204.jpg,97609,glioma,glioma,1,0.999936,2,0,0.999936,0.000055,0.000002,0.000007
data_rand_fold2/Testing/glioma/Tr-gl_1210.jpg,100820,glioma,meningioma,0,0.948034,2,0,0.051426,0.948034,0.000094,0.000445
data_rand_fold2/Testing/glioma/Tr-gl_1211.jpg,100820,glioma,meningioma,0,0.702885,2,0,0.295912,0.702885,0.000789,0.000413
data_rand_fold2/Testing/glioma/Tr-gl_1212.jpg,101020,glioma,glioma,1,0.984341,2,0,0.984341,0.015421,0.000134,0.000104
data_rand_fold2/Testing/glioma/Tr-gl_1216.jpg,101384,glioma,glioma,1,0.935746,2,0,0.935746,0.063646,0.000055,0.000553
data_rand_fold2/Testing/glioma/Tr-gl_1221.jpg,103148,glioma,glioma,1,0.893526,2,0,0.893526,0.106391,0.000014,0.000070
data_rand_fold2/Testing/glioma/Tr-gl_1224.jpg,106494,glioma,meningioma,0,0.832638,2,0,0.122844,0.832638,0.044212,0.000306
data_rand_fold2/Testing/glioma/Tr-gl_1234.jpg,112105,glioma,glioma,1,0.999573,2,0,0.999573,0.000331,0.000075,0.000022
data_rand_fold2/Testing/glioma/Tr-gl_1237.jpg,112105,glioma,glioma,1,0.999356,2,0,0.999356,0.000519,0.000005,0.000120
data_rand_fold2/Testing/glioma/Tr-gl_1238.jpg,112105,glioma,glioma,1,0.999875,2,0,0.999875,0.000045,0.000002,0.000078
data_rand_fold2/Testing/glioma/Tr-gl_1240.jpg,88670,glioma,glioma,1,0.999955,2,0,0.999955,0.000018,0.000025,0.000002
data_rand_fold2/Testing/glioma/Tr-gl_1245.jpg,90284,glioma,glioma,1,0.999949,2,0,0.999949,0.000022,0.000007,0.000021
data_rand_fold2/Testing/glioma/Tr-gl_1248.jpg,90284,glioma,glioma,1,0.999960,2,0,0.999960,0.000029,0.000007,0.000004
data_rand_fold2/Testing/glioma/Tr-gl_1253.jpg,93329,glioma,glioma,1,0.999375,2,0,0.999375,0.000509,0.000010,0.000105
data_rand_fold2/Testing/glioma/Tr-gl_1255.jpg,93825,glioma,glioma,1,0.999848,2,0,0.999848,0.000103,0.000003,0.000046
data_rand_fold2/Testing/glioma/Tr-gl_1260.jpg,95142,glioma,glioma,1,0.913628,2,0,0.913628,0.002489,0.000180,0.083703
data_rand_fold2/Testing/glioma/Tr-gl_1265.jpg,95142,glioma,glioma,1,0.996286,2,0,0.996286,0.001916,0.001693,0.000105
data_rand_fold2/Testing/glioma/Tr-gl_1271.jpg,97609,glioma,glioma,1,0.999931,2,0,0.999931,0.000067,0.000000,0.000002
data_rand_fold2/Testing/glioma/Tr-gl_1280.jpg,MR048294,glioma,glioma,1,0.999809,2,0,0.999809,0.000144,0.000040,0.000008
data_rand_fold2/Testing/glioma/Tr-gl_1283.jpg,MR048297,glioma,glioma,1,0.997766,2,0,0.997766,0.002145,0.000065,0.000025
data_rand_fold2/Testing/glioma/Tr-gl_1295.jpg,MR048944,glioma,glioma,1,0.999860,2,0,0.999860,0.000055,0.000061,0.000024
data_rand_fold2/Testing/glioma/Tr-gl_1297.jpg,MR048944,glioma,glioma,1,0.998321,2,0,0.998321,0.001538,0.000013,0.000128
data_rand_fold2/Testing/glioma/Tr-gl_1305.jpg,MR048994,glioma,glioma,1,0.999400,2,0,0.999400,0.000533,0.000038,0.000029
data_rand_fold2/Testing/glioma/Tr-gl_1311.jpg,MR048994B,glioma,glioma,1,0.999669,2,0,0.999669,0.000283,0.000033,0.000014
data_rand_fold2/Testing/glioma/Tr-gl_1319.jpg,MR048944B,glioma,glioma,1,0.999827,2,0,0.999827,0.000131,0.000022,0.000020
data_rand_fold2/Testing/meningioma/Te-me_0122.jpg,111077,meningioma,meningioma,1,0.998199,2,0,0.000233,0.998199,0.000019,0.001549
data_rand_fold2/Testing/meningioma/Te-me_0125.jpg,112062,meningioma,meningioma,1,0.999896,2,0,0.000032,0.999896,0.000011,0.000061
data_rand_fold2/Testing/meningioma/Te-me_0134.jpg,97607,meningioma,meningioma,1,0.999253,2,0,0.000566,0.999253,0.000121,0.000060
data_rand_fold2/Testing/meningioma/Te-me_0138.jpg,98241,meningioma,meningioma,1,0.999899,2,0,0.000058,0.999899,0.000008,0.000035
data_rand_fold2/Testing/meningioma/Te-me_0146.jpg,97943,meningioma,meningioma,1,0.997396,2,0,0.001858,0.997396,0.000020,0.000726
data_rand_fold2/Testing/meningioma/Te-me_0147.jpg,98241,meningioma,meningioma,1,0.999952,2,0,0.000009,0.999952,0.000003,0.000036
data_rand_fold2/Testing/meningioma/Te-me_0148.jpg,99017,meningioma,meningioma,1,0.890718,2,0,0.005742,0.890718,0.000874,0.102666
data_rand_fold2/Testing/meningioma/Te-me_0166.jpg,103925,meningioma,meningioma,1,0.999966,2,0,0.000009,0.999966,0.000008,0.000018
data_rand_fold2/Testing/meningioma/Te-me_0168.jpg,104167,meningioma,meningioma,1,0.999818,2,0,0.000037,0.999818,0.000064,0.000082
data_rand_fold2/Testing/meningioma/Te-me_0184.jpg,108514,meningioma,meningioma,1,0.999825,2,0,0.000151,0.999825,0.000012,0.000012
data_rand_fold2/Testing/meningioma/Te-me_0186.jpg,108590,meningioma,meningioma,1,0.999556,2,0,0.000131,0.999556,0.000123,0.000190
data_rand_fold2/Testing/meningioma/Te-me_0200.jpg,113435,meningioma,meningioma,1,0.999946,2,0,0.000040,0.999946,0.000009,0.000005
data_rand_fold2/Testing/meningioma/Te-me_0215.jpg,99308,meningioma,meningioma,1,0.999812,2,0,0.000147,0.999812,0.000025,0.000016
data_rand_fold2/Testing/meningioma/Te-me_0219.jpg,100920,meningioma,meningioma,1,0.999955,2,0,0.000005,0.999955,0.000001,0.000038
data_rand_fold2/Testing/meningioma/Te-me_0220.jpg,101016,meningioma,meningioma,1,0.999976,2,0,0.000012,0.999976,0.000004,0.000009
data_rand_fold2/Testing/meningioma/Te-me_0225.jpg,102420,meningioma,meningioma,1,0.874337,2,0,0.077962,0.874337,0.000265,0.047435
data_rand_fold2/Testing/meningioma/Te-me_0227.jpg,102714,meningioma,meningioma,1,0.999857,2,0,0.000049,0.999857,0.000007,0.000088
data_rand_fold2/Testing/meningioma/Te-me_0228.jpg,102818,meningioma,meningioma,1,0.999206,2,0,0.000655,0.999206,0.000007,0.000132
data_rand_fold2/Testing/meningioma/Te-me_0230.jpg,102960,meningioma,meningioma,1,0.989404,2,0,0.008416,0.989404,0.000154,0.002026
data_rand_fold2/Testing/meningioma/Te-me_0240.jpg,106442,meningioma,meningioma,1,0.999126,2,0,0.000808,0.999126,0.000029,0.000036
data_rand_fold2/Testing/meningioma/Te-me_0245.jpg,106914,meningioma,meningioma,1,0.999962,2,0,0.000033,0.999962,0.000003,0.000002
data_rand_fold2/Testing/meningioma/Te-me_0247.jpg,107248,meningioma,meningioma,1,0.998382,2,0,0.000053,0.998382,0.000071,0.001495
data_rand_fold2/Testing/meningioma/Te-me_0250.jpg,108514,meningioma,meningioma,1,0.922632,2,0,0.076509,0.922632,0.000549,0.000310
data_rand_fold2/Testing/meningioma/Te-me_0252.jpg,108590,meningioma,meningioma,1,0.999977,2,0,0.000011,0.999977,0.000001,0.000011
data_rand_fold2/Testing/meningioma/Te-me_0260.jpg,112002,meningioma,meningioma,1,0.824653,2,0,0.174654,0.824653,0.000144,0.000549
data_rand_fold2/Testing/meningioma/Te-me_0264.jpg,112648,meningioma,meningioma,1,0.999976,2,0,0.000008,0.999976,0.000008,0.000008
data_rand_fold2/Testing/meningioma/Te-me_0266.jpg,113098,meningioma,glioma,0,0.984860,2,0,0.984860,0.014763,0.000010,0.000367
data_rand_fold2/Testing/meningioma/Te-me_0267.jpg,113435,meningioma,meningioma,1,0.999979,2,0,0.000012,0.999979,0.000001,0.000008
data_rand_fold2/Testing/meningioma/Te-me_0271.jpg,113971,meningioma,meningioma,1,0.998563,2,0,0.000771,0.998563,0.000019,0.000648
data_rand_fold2/Testing/meningioma/Te-me_0285.jpg,99089,meningioma,meningioma,1,0.997896,2,0,0.002012,0.997896,0.000051,0.000042
data_rand_fold2/Testing/meningioma/Te-me_0289.jpg,99815,meningioma,meningioma,1,0.999665,2,0,0.000289,0.999665,0.000020,0.000026
data_rand_fold2/Testing/meningioma/Te-me_0290.jpg,106534,meningioma,meningioma,1,0.998744,2,0,0.000453,0.998744,0.000177,0.000626
data_rand_fold2/Testing/meningioma/Te-me_0292.jpg,100572,meningioma,meningioma,1,0.999598,2,0,0.000006,0.999598,0.000017,0.000380
data_rand_fold2/Testing/meningioma/Te-me_0295.jpg,106914,meningioma,meningioma,1,0.999604,2,0,0.000203,0.999604,0.000004,0.000190
data_rand_fold2/Testing/meningioma/Te-me_0299.jpg,114018,meningioma,meningioma,1,0.999475,2,0,0.000000,0.999475,0.000001,0.000524
data_rand_fold2/Testing/meningioma/Te-me_0304.jpg,97875,meningioma,meningioma,1,0.994957,2,0,0.002230,0.994957,0.000231,0.002582
data_rand_fold2/Testing/meningioma/Tr-meTr_0003.jpg,107494,meningioma,meningioma,1,0.999928,2,0,0.000032,0.999928,0.000018,0.000021
data_rand_fold2/Testing/meningioma/Tr-meTr_0006.jpg,108514,meningioma,glioma,0,0.757799,2,0,0.757799,0.241449,0.000248,0.000504
data_rand_fold2/Testing/meningioma/Tr-me_0014.jpg,108590,meningioma,meningioma,1,0.999455,2,0,0.000075,0.999455,0.000182,0.000288
data_rand_fold2/Testing/meningioma/Tr-me_0017.jpg,100360,meningioma,meningioma,1,0.999664,2,0,0.000158,0.999664,0.000029,0.000149
data_rand_fold2/Testing/meningioma/Tr-me_0020.jpg,109968,meningioma,meningioma,1,0.988685,2,0,0.010629,0.988685,0.000536,0.000150
data_rand_fold2/Testing/meningioma/Tr-me_0025.jpg,111077,meningioma,meningioma,1,0.985757,2,0,0.002650,0.985757,0.000265,0.011328
data_rand_fold2/Testing/meningioma/Tr-me_0032.jpg,111532,meningioma,meningioma,1,0.999931,2,0,0.000061,0.999931,0.000007,0.000002
data_rand_fold2/Testing/meningioma/Tr-me_0034.jpg,100360,meningioma,meningioma,1,0.999524,2,0,0.000410,0.999524,0.000025,0.000042
data_rand_fold2/Testing/meningioma/Tr-me_0041.jpg,112552,meningioma,meningioma,1,0.999908,2,0,0.000012,0.999908,0.000003,0.000077
data_rand_fold2/Testing/meningioma/Tr-me_0046.jpg,112552,meningioma,meningioma,1,0.931290,2,0,0.068395,0.931290,0.000065,0.000250
data_rand_fold2/Testing/meningioma/Tr-me_0050.jpg,113435,meningioma,meningioma,1,0.999808,2,0,0.000056,0.999808,0.000004,0.000132
data_rand_fold2/Testing/meningioma/Tr-me_0055.jpg,113554,meningioma,meningioma,1,0.999669,2,0,0.000097,0.999669,0.000069,0.000164
data_rand_fold2/Testing/meningioma/Tr-me_0057.jpg,114018,meningioma,meningioma,1,0.999869,2,0,0.000049,0.999869,0.000009,0.000073
data_rand_fold2/Testing/meningioma/Tr-me_0061.jpg,114018,meningioma,meningioma,1,0.999942,2,0,0.000001,0.999942,0.000001,0.000057
data_rand_fold2/Testing/meningioma/Tr-me_0080.jpg,98241,meningioma,meningioma,1,0.999952,2,0,0.000024,0.999952,0.000008,0.000015
data_rand_fold2/Testing/meningioma/Tr-me_0081.jpg,98241,meningioma,meningioma,1,0.999973,2,0,0.000007,0.999973,0.000005,0.000015
data_rand_fold2/Testing/meningioma/Tr-me_0082.jpg,98241,meningioma,meningioma,1,0.999907,2,0,0.000022,0.999907,0.000021,0.000049
data_rand_fold2/Testing/meningioma/Tr-me_0083.jpg,98241,meningioma,meningioma,1,0.999874,2,0,0.000024,0.999874,0.000045,0.000057
data_rand_fold2/Testing/meningioma/Tr-me_0084.jpg,99017,meningioma,meningioma,1,0.631954,2,0,0.009670,0.631954,0.002202,0.356175
data_rand_fold2/Testing/meningioma/Tr-me_0114.jpg,102929,meningioma,meningioma,1,0.999959,2,0,0.000005,0.999959,0.000003,0.000032
data_rand_fold2/Testing/meningioma/Tr-me_0116.jpg,102929,meningioma,meningioma,1,0.998225,2,0,0.000039,0.998225,0.000008,0.001729
data_rand_fold2/Testing/meningioma/Tr-me_0122.jpg,103673,meningioma,meningioma,1,0.993891,2,0,0.000273,0.993891,0.000573,0.005263
data_rand_fold2/Testing/meningioma/Tr-me_0125.jpg,103673,meningioma,meningioma,1,0.999528,2,0,0.000025,0.999528,0.000296,0.000151
data_rand_fold2/Testing/meningioma/Tr-me_0127.jpg,103925,meningioma,meningioma,1,0.988293,2,0,0.009782,0.988293,0.000022,0.001904
data_rand_fold2/Testing/meningioma/Tr-me_0130.jpg,103925,meningioma,meningioma,1,0.999831,2,0,0.000152,0.999831,0.000007,0.000010
data_rand_fold2/Testing/meningioma/Tr-me_0153.jpg,99308,meningioma,meningioma,1,0.999288,2,0,0.000034,0.999288,0.000005,0.000672
data_rand_fold2/Testing/meningioma/Tr-me_0154.jpg,105555,meningioma,meningioma,1,0.586587,2,0,0.404347,0.586587,0.003976,0.005090
data_rand_fold2/Testing/meningioma/Tr-me_0160.jpg,106284,meningioma,meningioma,1,0.999718,2,0,0.000197,0.999718,0.000059,0.000026
data_rand_fold2/Testing/meningioma/Tr-me_0169.jpg,106914,meningioma,meningioma,1,0.999296,2,0,0.000336,0.999296,0.000006,0.000361
data_rand_fold2/Testing/meningioma/Tr-me_0227.jpg,100360,meningioma,meningioma,1,0.995400,2,0,0.004495,0.995400,0.000005,0.000101
data_rand_fold2/Testing/meningioma/Tr-me_0238.jpg,100360,meningioma,meningioma,1,0.995400,2,0,0.004495,0.995400,0.000005,0.000101
data_rand_fold2/Testing/meningioma/Tr-me_0248.jpg,100360,meningioma,meningioma,1,0.999944,2,0,0.000027,0.999944,0.000001,0.000028
data_rand_fold2/Testing/meningioma/Tr-me_0290.jpg,101127,meningioma,meningioma,1,0.995135,2,0,0.001534,0.995135,0.001671,0.001660
data_rand_fold2/Testing/meningioma/Tr-me_0291.jpg,101127,meningioma,meningioma,1,0.999214,2,0,0.000274,0.999214,0.000306,0.000205
data_rand_fold2/Testing/meningioma/Tr-me_0296.jpg,101797,meningioma,meningioma,1,0.998977,2,0,0.000953,0.998977,0.000011,0.000060
data_rand_fold2/Testing/meningioma/Tr-me_0299.jpg,102446,meningioma,meningioma,1,0.999831,2,0,0.000103,0.999831,0.000008,0.000059
data_rand_fold2/Testing/meningioma/Tr-me_0300.jpg,102675,meningioma,meningioma,1,0.998168,2,0,0.000162,0.998168,0.000043,0.001628
data_rand_fold2/Testing/meningioma/Tr-me_0330.jpg,105374,meningioma,meningioma,1,0.999848,2,0,0.000045,0.999848,0.000022,0.000086
data_rand_fold2/Testing/meningioma/Tr-me_0334.jpg,106284,meningioma,meningioma,1,0.999199,2,0,0.000271,0.999199,0.000225,0.000305
data_rand_fold2/Testing/meningioma/Tr-me_0336.jpg,106284,meningioma,meningioma,1,0.999433,2,0,0.000303,0.999433,0.000061,0.000203
data_rand_fold2/Testing/meningioma/Tr-me_0344.jpg,106534,meningioma,meningioma,1,0.997170,2,0,0.000254,0.997170,0.000054,0.002522
data_rand_fold2/Testing/meningioma/Tr-me_0348.jpg,106665,meningioma,meningioma,1,0.998726,2,0,0.001034,0.998726,0.000067,0.000173
data_rand_fold2/Testing/meningioma/Tr-me_0350.jpg,106665,meningioma,meningioma,1,0.999572,2,0,0.000301,0.999572,0.000030,0.000097
data_rand_fold2/Testing/meningioma/Tr-me_0351.jpg,106665,meningioma,meningioma,1,0.999535,2,0,0.000412,0.999535,0.000025,0.000028
data_rand_fold2/Testing/meningioma/Tr-me_0352.jpg,106665,meningioma,meningioma,1,0.999147,2,0,0.000770,0.999147,0.000027,0.000055
data_rand_fold2/Testing/meningioma/Tr-me_0353.jpg,106665,meningioma,meningioma,1,0.999530,2,0,0.000448,0.999530,0.000011,0.000011
data_rand_fold2/Testing/meningioma/Tr-me_0354.jpg,106720,meningioma,meningioma,1,0.999921,2,0,0.000004,0.999921,0.000003,0.000071
data_rand_fold2/Testing/meningioma/Tr-me_0372.jpg,107248,meningioma,meningioma,1,0.993999,2,0,0.003752,0.993999,0.000034,0.002215
data_rand_fold2/Testing/meningioma/Tr-me_0377.jpg,107494,meningioma,meningioma,1,0.997069,2,0,0.000296,0.997069,0.000139,0.002496
data_rand_fold2/Testing/meningioma/Tr-me_0384.jpg,108514,meningioma,meningioma,1,0.999091,2,0,0.000718,0.999091,0.000172,0.000019
data_rand_fold2/Testing/meningioma/Tr-me_0388.jpg,108550,meningioma,meningioma,1,0.995928,2,0,0.001166,0.995928,0.000065,0.002841
data_rand_fold2/Testing/meningioma/Tr-me_0395.jpg,108945,meningioma,meningioma,1,0.999492,2,0,0.000419,0.999492,0.000017,0.000072
data_rand_fold2/Testing/meningioma/Tr-me_0412.jpg,111366,meningioma,meningioma,1,0.999728,2,0,0.000032,0.999728,0.000043,0.000197
data_rand_fold2/Testing/meningioma/Tr-me_0416.jpg,111532,meningioma,meningioma,1,0.995299,2,0,0.004106,0.995299,0.000089,0.000506
data_rand_fold2/Testing/meningioma/Tr-me_0419.jpg,111532,meningioma,meningioma,1,0.999784,2,0,0.000137,0.999784,0.000020,0.000058
data_rand_fold2/Testing/meningioma/Tr-me_0435.jpg,97737,meningioma,meningioma,1,0.999731,2,0,0.000065,0.999731,0.000145,0.000059
data_rand_fold2/Testing/meningioma/Tr-me_0447.jpg,113435,meningioma,meningioma,1,0.997882,2,0,0.002055,0.997882,0.000047,0.000017
data_rand_fold2/Testing/meningioma/Tr-me_0450.jpg,113435,meningioma,meningioma,1,0.999781,2,0,0.000111,0.999781,0.000005,0.000103
data_rand_fold2/Testing/meningioma/Tr-me_0452.jpg,113554,meningioma,meningioma,1,0.990810,2,0,0.008391,0.990810,0.000378,0.000421
data_rand_fold2/Testing/meningioma/Tr-me_0457.jpg,113805,meningioma,meningioma,1,0.994757,2,0,0.002825,0.994757,0.000771,0.001646
data_rand_fold2/Testing/meningioma/Tr-me_0460.jpg,97875,meningioma,meningioma,1,0.995911,2,0,0.001111,0.995911,0.000096,0.002882
data_rand_fold2/Testing/meningioma/Tr-me_0466.jpg,97943,meningioma,meningioma,1,0.999059,2,0,0.000044,0.999059,0.000216,0.000681
data_rand_fold2/Testing/meningioma/Tr-me_0473.jpg,98241,meningioma,meningioma,1,0.999949,2,0,0.000009,0.999949,0.000021,0.000021
data_rand_fold2/Testing/meningioma/Tr-me_0475.jpg,98241,meningioma,meningioma,1,0.994278,2,0,0.001485,0.994278,0.000421,0.003817
data_rand_fold2/Testing/meningioma/Tr-me_0478.jpg,99089,meningioma,meningioma,1,0.999803,2,0,0.000056,0.999803,0.000005,0.000136
data_rand_fold2/Testing/meningioma/Tr-me_0479.jpg,114018,meningioma,meningioma,1,0.999676,2,0,0.000001,0.999676,0.000007,0.000315
data_rand_fold2/Testing/meningioma/Tr-me_0482.jpg,99089,meningioma,meningioma,1,0.999871,2,0,0.000002,0.999871,0.000002,0.000126
data_rand_fold2/Testing/meningioma/Tr-me_0491.jpg,100360,meningioma,meningioma,1,0.993074,2,0,0.006481,0.993074,0.000006,0.000439
data_rand_fold2/Testing/meningioma/Tr-me_0498.jpg,100639,meningioma,meningioma,1,0.966839,2,0,0.032942,0.966839,0.000091,0.000128
data_rand_fold2/Testing/meningioma/Tr-me_0499.jpg,100920,meningioma,meningioma,1,0.999943,2,0,0.000018,0.999943,0.000016,0.000023
data_rand_fold2/Testing/meningioma/Tr-me_0502.jpg,100920,meningioma,meningioma,1,0.999627,2,0,0.000276,0.999627,0.000007,0.000090
data_rand_fold2/Testing/meningioma/Tr-me_0506.jpg,101016,meningioma,meningioma,1,0.999022,2,0,0.000948,0.999022,0.000028,0.000002
data_rand_fold2/Testing/meningioma/Tr-me_0508.jpg,101082,meningioma,meningioma,1,0.999951,2,0,0.000037,0.999951,0.000003,0.000009
data_rand_fold2/Testing/meningioma/Tr-me_0510.jpg,101127,meningioma,meningioma,1,0.998986,2,0,0.000173,0.998986,0.000380,0.000461
data_rand_fold2/Testing/meningioma/Tr-me_0511.jpg,101127,meningioma,meningioma,1,0.998751,2,0,0.000038,0.998751,0.000962,0.000248
data_rand_fold2/Testing/meningioma/Tr-me_0517.jpg,101797,meningioma,meningioma,1,0.999346,2,0,0.000472,0.999346,0.000030,0.000152
data_rand_fold2/Testing/meningioma/Tr-me_0519.jpg,101797,meningioma,meningioma,1,0.989593,2,0,0.009763,0.989593,0.000412,0.000232
data_rand_fold2/Testing/meningioma/Tr-me_0530.jpg,106665,meningioma,meningioma,1,0.999187,2,0,0.000761,0.999187,0.000017,0.000035
data_rand_fold2/Testing/meningioma/Tr-me_0538.jpg,106720,meningioma,meningioma,1,0.999089,2,0,0.000023,0.999089,0.000005,0.000883
data_rand_fold2/Testing/meningioma/Tr-me_0539.jpg,106720,meningioma,meningioma,1,0.994673,2,0,0.005195,0.994673,0.000043,0.000090
data_rand_fold2/Testing/meningioma/Tr-me_0545.jpg,109350,meningioma,meningioma,1,0.997691,2,0,0.000413,0.997691,0.000019,0.001877
data_rand_fold2/Testing/meningioma/Tr-me_0547.jpg,98241,meningioma,meningioma,1,0.999979,2,0,0.000014,0.999979,0.000004,0.000003
data_rand_fold2/Testing/meningioma/Tr-me_0548.jpg,98241,meningioma,meningioma,1,0.999938,2,0,0.000040,0.999938,0.000005,0.000017
data_rand_fold2/Testing/meningioma/Tr-me_0551.jpg,98241,meningioma,meningioma,1,0.999453,2,0,0.000422,0.999453,0.000018,0.000108
data_rand_fold2/Testing/meningioma/Tr-me_0554.jpg,99089,meningioma,meningioma,1,0.998559,2,0,0.000247,0.998559,0.000506,0.000688
data_rand_fold2/Testing/meningioma/Tr-me_0556.jpg,99089,meningioma,meningioma,1,0.998931,2,0,0.000429,0.998931,0.000035,0.000604
data_rand_fold2/Testing/meningioma/Tr-me_0563.jpg,99288,meningioma,meningioma,1,0.941634,2,0,0.057649,0.941634,0.000194,0.000523
data_rand_fold2/Testing/meningioma/Tr-me_0569.jpg,99308,meningioma,meningioma,1,0.999948,2,0,0.000049,0.999948,0.000000,0.000003
data_rand_fold2/Testing/meningioma/Tr-me_0573.jpg,99815,meningioma,meningioma,1,0.999968,2,0,0.000028,0.999968,0.000001,0.000004
data_rand_fold2/Testing/meningioma/Tr-me_0574.jpg,99815,meningioma,meningioma,1,0.999493,2,0,0.000391,0.999493,0.000032,0.000084
data_rand_fold2/Testing/meningioma/Tr-me_0576.jpg,53669,meningioma,meningioma,1,0.999851,2,0,0.000142,0.999851,0.000004,0.000004
data_rand_fold2/Testing/meningioma/Tr-me_0597.jpg,101801,meningioma,meningioma,1,0.999990,2,0,0.000001,0.999990,0.000004,0.000005
data_rand_fold2/Testing/meningioma/Tr-me_0602.jpg,102420,meningioma,meningioma,1,0.892848,2,0,0.085497,0.892848,0.000601,0.021054
data_rand_fold2/Testing/meningioma/Tr-me_0623.jpg,103673,meningioma,meningioma,1,0.998548,2,0,0.000153,0.998548,0.000122,0.001177
data_rand_fold2/Testing/meningioma/Tr-me_0625.jpg,103673,meningioma,meningioma,1,0.999775,2,0,0.000052,0.999775,0.000085,0.000088
data_rand_fold2/Testing/meningioma/Tr-me_0627.jpg,103673,meningioma,meningioma,1,0.997929,2,0,0.000020,0.997929,0.000078,0.001973
data_rand_fold2/Testing/meningioma/Tr-me_0630.jpg,103925,meningioma,meningioma,1,0.998599,2,0,0.000862,0.998599,0.000015,0.000524
data_rand_fold2/Testing/meningioma/Tr-me_0634.jpg,104167,meningioma,meningioma,1,0.999946,2,0,0.000049,0.999946,0.000003,0.000002
data_rand_fold2/Testing/meningioma/Tr-me_0657.jpg,106442,meningioma,meningioma,1,0.996734,2,0,0.003218,0.996734,0.000027,0.000021
data_rand_fold2/Testing/meningioma/Tr-me_0659.jpg,106442,meningioma,meningioma,1,0.998551,2,0,0.001368,0.998551,0.000054,0.000027
data_rand_fold2/Testing/meningioma/Tr-me_0674.jpg,106914,meningioma,meningioma,1,0.995042,2,0,0.004863,0.995042,0.000047,0.000048
data_rand_fold2/Testing/meningioma/Tr-me_0683.jpg,107248,meningioma,meningioma,1,0.995023,2,0,0.002108,0.995023,0.000525,0.002344
data_rand_fold2/Testing/meningioma/Tr-me_0685.jpg,107248,meningioma,meningioma,1,0.999638,2,0,0.000018,0.999638,0.000024,0.000320
data_rand_fold2/Testing/meningioma/Tr-me_0694.jpg,107946,meningioma,meningioma,1,0.994704,2,0,0.005228,0.994704,0.000046,0.000023
data_rand_fold2/Testing/meningioma/Tr-me_0709.jpg,112062,meningioma,meningioma,1,0.998033,2,0,0.001942,0.998033,0.000009,0.000015
data_rand_fold2/Testing/meningioma/Tr-me_0710.jpg,112062,meningioma,meningioma,1,0.999511,2,0,0.000467,0.999511,0.000018,0.000004
data_rand_fold2/Testing/meningioma/Tr-me_0711.jpg,112062,meningioma,meningioma,1,0.999103,2,0,0.000804,0.999103,0.000025,0.000067
data_rand_fold2/Testing/meningioma/Tr-me_0713.jpg,112252,meningioma,meningioma,1,0.999780,2,0,0.000049,0.999780,0.000044,0.000127
data_rand_fold2/Testing/meningioma/Tr-me_0714.jpg,109968,meningioma,meningioma,1,0.999945,2,0,0.000002,0.999945,0.000010,0.000043
data_rand_fold2/Testing/meningioma/Tr-me_0715.jpg,112552,meningioma,meningioma,1,0.995051,2,0,0.004826,0.995051,0.000013,0.000111
data_rand_fold2/Testing/meningioma/Tr-me_0718.jpg,112552,meningioma,meningioma,1,0.999593,2,0,0.000374,0.999593,0.000025,0.000008
data_rand_fold2/Testing/meningioma/Tr-me_0720.jpg,112552,meningioma,meningioma,1,0.999743,2,0,0.000222,0.999743,0.000025,0.000010
data_rand_fold2/Testing/meningioma/Tr-me_0737.jpg,113435,meningioma,meningioma,1,0.999546,2,0,0.000393,0.999546,0.000048,0.000012
data_rand_fold2/Testing/meningioma/Tr-me_0742.jpg,113554,meningioma,meningioma,1,0.984718,2,0,0.014450,0.984718,0.000716,0.000116
data_rand_fold2/Testing/meningioma/Tr-me_0744.jpg,113614,meningioma,meningioma,1,0.998666,2,0,0.001263,0.998666,0.000038,0.000032
data_rand_fold2/Testing/meningioma/Tr-me_0758.jpg,110808,meningioma,meningioma,1,0.999357,2,0,0.000538,0.999357,0.000054,0.000051
data_rand_fold2/Testing/meningioma/Tr-me_0761.jpg,114359,meningioma,meningioma,1,0.997422,2,0,0.002551,0.997422,0.000012,0.000015
data_rand_fold2/Testing/meningioma/Tr-me_0765.jpg,114417,meningioma,meningioma,1,0.999862,2,0,0.000135,0.999862,0.000001,0.000001
data_rand_fold2/Testing/meningioma/Tr-me_0774.jpg,97607,meningioma,meningioma,1,0.991987,2,0,0.007854,0.991987,0.000104,0.000056
data_rand_fold2/Testing/meningioma/Tr-me_0777.jpg,97607,meningioma,meningioma,1,0.999320,2,0,0.000594,0.999320,0.000054,0.000031
data_rand_fold2/Testing/meningioma/Tr-me_0780.jpg,111077,meningioma,meningioma,1,0.999374,2,0,0.000381,0.999374,0.000063,0.000183
data_rand_fold2/Testing/meningioma/Tr-me_0787.jpg,97943,meningioma,meningioma,1,0.999628,2,0,0.000285,0.999628,0.000046,0.000042
data_rand_fold2/Testing/meningioma/Tr-me_0798.jpg,98241,meningioma,meningioma,1,0.999846,2,0,0.000025,0.999846,0.000023,0.000106
data_rand_fold2/Testing/meningioma/Tr-me_0806.jpg,108514,meningioma,meningioma,1,0.995329,2,0,0.004061,0.995329,0.000140,0.000470
data_rand_fold2/Testing/meningioma/Tr-me_0813.jpg,100360,meningioma,meningioma,1,0.997077,2,0,0.002518,0.997077,0.000034,0.000371
data_rand_fold2/Testing/meningioma/Tr-me_0820.jpg,101797,meningioma,meningioma,1,0.998649,2,0,0.001153,0.998649,0.000015,0.000183
data_rand_fold2/Testing/meningioma/Tr-me_0827.jpg,101016,meningioma,meningioma,1,0.999954,2,0,0.000039,0.999954,0.000005,0.000002
data_rand_fold2/Testing/meningioma/Tr-me_0833.jpg,108590,meningioma,meningioma,1,0.999443,2,0,0.000093,0.999443,0.000176,0.000287
data_rand_fold2/Testing/meningioma/Tr-me_0843.jpg,108590,meningioma,meningioma,1,0.999327,2,0,0.000244,0.999327,0.000112,0.000316
data_rand_fold2/Testing/meningioma/Tr-me_0848.jpg,102929,meningioma,meningioma,1,0.999866,2,0,0.000011,0.999866,0.000003,0.000119
data_rand_fold2/Testing/meningioma/Tr-me_0851.jpg,108945,meningioma,meningioma,1,0.999885,2,0,0.000037,0.999885,0.000019,0.000059
data_rand_fold2/Testing/meningioma/Tr-me_0861.jpg,103925,meningioma,meningioma,1,0.996877,2,0,0.002863,0.996877,0.000061,0.000199
data_rand_fold2/Testing/meningioma/Tr-me_0863.jpg,103925,meningioma,meningioma,1,0.999952,2,0,0.000031,0.999952,0.000005,0.000012
data_rand_fold2/Testing/meningioma/Tr-me_0864.jpg,103925,meningioma,meningioma,1,0.999713,2,0,0.000194,0.999713,0.000083,0.000010
data_rand_fold2/Testing/meningioma/Tr-me_0865.jpg,103925,meningioma,meningioma,1,0.999087,2,0,0.000553,0.999087,0.000228,0.000132
data_rand_fold2/Testing/meningioma/Tr-me_0868.jpg,104167,meningioma,meningioma,1,0.999336,2,0,0.000539,0.999336,0.000034,0.000091
data_rand_fold2/Testing/meningioma/Tr-me_0887.jpg,102714,meningioma,meningioma,1,0.998820,2,0,0.000197,0.998820,0.000054,0.000929
data_rand_fold2/Testing/meningioma/Tr-me_0890.jpg,106284,meningioma,meningioma,1,0.999095,2,0,0.000313,0.999095,0.000402,0.000190
data_rand_fold2/Testing/meningioma/Tr-me_0893.jpg,106442,meningioma,meningioma,1,0.998519,2,0,0.001436,0.998519,0.000022,0.000023
data_rand_fold2/Testing/meningioma/Tr-me_0894.jpg,106534,meningioma,meningioma,1,0.999038,2,0,0.000294,0.999038,0.000199,0.000470
data_rand_fold2/Testing/meningioma/Tr-me_0896.jpg,100360,meningioma,meningioma,1,0.999973,2,0,0.000019,0.999973,0.000001,0.000007
data_rand_fold2/Testing/meningioma/Tr-me_0897.jpg,102714,meningioma,meningioma,1,0.999838,2,0,0.000019,0.999838,0.000073,0.000070
data_rand_fold2/Testing/meningioma/Tr-me_0911.jpg,106914,meningioma,meningioma,1,0.999806,2,0,0.000170,0.999806,0.000008,0.000017
data_rand_fold2/Testing/meningioma/Tr-me_0921.jpg,107494,meningioma,meningioma,1,0.998830,2,0,0.000389,0.998830,0.000008,0.000773
data_rand_fold2/Testing/meningioma/Tr-me_0932.jpg,108945,meningioma,meningioma,1,0.999600,2,0,0.000360,0.999600,0.000019,0.000021
data_rand_fold2/Testing/meningioma/Tr-me_0933.jpg,108945,meningioma,meningioma,1,0.912689,2,0,0.086199,0.912689,0.000711,0.000402
data_rand_fold2/Testing/meningioma/Tr-me_0948.jpg,111532,meningioma,meningioma,1,0.999402,2,0,0.000395,0.999402,0.000018,0.000185
data_rand_fold2/Testing/meningioma/Tr-me_0952.jpg,111532,meningioma,meningioma,1,0.999337,2,0,0.000594,0.999337,0.000028,0.000040
data_rand_fold2/Testing/meningioma/Tr-me_0968.jpg,103673,meningioma,meningioma,1,0.982218,2,0,0.000061,0.982218,0.000430,0.017291
data_rand_fold2/Testing/meningioma/Tr-me_0970.jpg,113435,meningioma,meningioma,1,0.995799,2,0,0.004101,0.995799,0.000060,0.000039
data_rand_fold2/Testing/meningioma/Tr-me_0974.jpg,113435,meningioma,meningioma,1,0.999759,2,0,0.000168,0.999759,0.000008,0.000065
data_rand_fold2/Testing/meningioma/Tr-me_0978.jpg,113554,meningioma,meningioma,1,0.999678,2,0,0.000203,0.999678,0.000043,0.000077
data_rand_fold2/Testing/meningioma/Tr-me_0985.jpg,103673,meningioma,meningioma,1,0.995339,2,0,0.000065,0.995339,0.000336,0.004261
data_rand_fold2/Testing/meningioma/Tr-me_0986.jpg,114359,meningioma,meningioma,1,0.997687,2,0,0.002170,0.997687,0.000088,0.000055
data_rand_fold2/Testing/meningioma/Tr-me_0990.jpg,97607,meningioma,meningioma,1,0.999814,2,0,0.000049,0.999814,0.000011,0.000125
data_rand_fold2/Testing/meningioma/Tr-me_1006.jpg,98241,meningioma,meningioma,1,0.999992,2,0,0.000004,0.999992,0.000001,0.000002
data_rand_fold2/Testing/meningioma/Tr-me_1008.jpg,98241,meningioma,meningioma,1,0.999915,2,0,0.000043,0.999915,0.000022,0.000020
data_rand_fold2/Testing/meningioma/Tr-me_1013.jpg,99089,meningioma,meningioma,1,0.999750,2,0,0.000048,0.999750,0.000004,0.000198
data_rand_fold2/Testing/meningioma/Tr-me_1018.jpg,103925,meningioma,meningioma,1,0.979772,2,0,0.000819,0.979772,0.000450,0.018959
data_rand_fold2/Testing/meningioma/Tr-me_1019.jpg,99308,meningioma,meningioma,1,0.998006,2,0,0.001615,0.998006,0.000019,0.000360
data_rand_fold2/Testing/meningioma/Tr-me_1025.jpg,100572,meningioma,meningioma,1,0.932600,2,0,0.002710,0.932600,0.000135,0.064555
data_rand_fold2/Testing/meningioma/Tr-me_1029.jpg,100920,meningioma,meningioma,1,0.999983,2,0,0.000004,0.999983,0.000005,0.000008
data_rand_fold2/Testing/meningioma/Tr-me_1038.jpg,101127,meningioma,meningioma,1,0.998874,2,0,0.000008,0.998874,0.000503,0.000615
data_rand_fold2/Testing/meningioma/Tr-me_1039.jpg,109968,meningioma,meningioma,1,0.999971,2,0,0.000005,0.999971,0.000004,0.000020
data_rand_fold2/Testing/meningioma/Tr-me_1041.jpg,101797,meningioma,meningioma,1,0.999965,2,0,0.000025,0.999965,0.000005,0.000006
data_rand_fold2/Testing/meningioma/Tr-me_1042.jpg,101797,meningioma,meningioma,1,0.999902,2,0,0.000029,0.999902,0.000012,0.000057
data_rand_fold2/Testing/meningioma/Tr-me_1045.jpg,101797,meningioma,meningioma,1,0.985842,2,0,0.013801,0.985842,0.000233,0.000125
data_rand_fold2/Testing/meningioma/Tr-me_1047.jpg,101801,meningioma,meningioma,1,0.999893,2,0,0.000001,0.999893,0.000006,0.000101
data_rand_fold2/Testing/meningioma/Tr-me_1048.jpg,102420,meningioma,meningioma,1,0.995592,2,0,0.003344,0.995592,0.000008,0.001056
data_rand_fold2/Testing/meningioma/Tr-me_1057.jpg,102818,meningioma,meningioma,1,0.998550,2,0,0.001371,0.998550,0.000017,0.000063
data_rand_fold2/Testing/meningioma/Tr-me_1059.jpg,102818,meningioma,meningioma,1,0.885424,2,0,0.113708,0.885424,0.000205,0.000664
data_rand_fold2/Testing/meningioma/Tr-me_1060.jpg,102935,meningioma,meningioma,1,0.940239,2,0,0.047759,0.940239,0.008451,0.003551
data_rand_fold2/Testing/meningioma/Tr-me_1062.jpg,107494,meningioma,meningioma,1,0.985819,2,0,0.000437,0.985819,0.000246,0.013499
data_rand_fold2/Testing/meningioma/Tr-me_1071.jpg,103673,meningioma,meningioma,1,0.984610,2,0,0.000035,0.984610,0.000183,0.015172
data_rand_fold2/Testing/meningioma/Tr-me_1074.jpg,103925,meningioma,meningioma,1,0.999275,2,0,0.000670,0.999275,0.000008,0.000047
data_rand_fold2/Testing/meningioma/Tr-me_1077.jpg,104167,meningioma,meningioma,1,0.999973,2,0,0.000024,0.999973,0.000002,0.000001
data_rand_fold2/Testing/meningioma/Tr-me_1081.jpg,104281,meningioma,meningioma,1,0.999959,2,0,0.000025,0.999959,0.000001,0.000015
data_rand_fold2/Testing/meningioma/Tr-me_1083.jpg,104695,meningioma,meningioma,1,0.999939,2,0,0.000057,0.999939,0.000002,0.000002
data_rand_fold2/Testing/meningioma/Tr-me_1093.jpg,106442,meningioma,meningioma,1,0.999196,2,0,0.000785,0.999196,0.000007,0.000013
data_rand_fold2/Testing/meningioma/Tr-me_1094.jpg,106442,meningioma,meningioma,1,0.996946,2,0,0.002954,0.996946,0.000036,0.000064
data_rand_fold2/Testing/meningioma/Tr-me_1095.jpg,104281,meningioma,meningioma,1,0.998067,2,0,0.001742,0.998067,0.000048,0.000143
data_rand_fold2/Testing/meningioma/Tr-me_1096.jpg,106534,meningioma,meningioma,1,0.997606,2,0,0.000359,0.997606,0.000137,0.001897
data_rand_fold2/Testing/meningioma/Tr-me_1098.jpg,106665,meningioma,meningioma,1,0.994503,2,0,0.005442,0.994503,0.000042,0.000012
data_rand_fold2/Testing/meningioma/Tr-me_1100.jpg,106665,meningioma,meningioma,1,0.999870,2,0,0.000114,0.999870,0.000011,0.000005
data_rand_fold2/Testing/meningioma/Tr-me_1102.jpg,106665,meningioma,meningioma,1,0.999976,2,0,0.000018,0.999976,0.000001,0.000004
data_rand_fold2/Testing/meningioma/Tr-me_1103.jpg,106665,meningioma,meningioma,1,0.999743,2,0,0.000214,0.999743,0.000014,0.000030
data_rand_fold2/Testing/meningioma/Tr-me_1114.jpg,107248,meningioma,meningioma,1,0.999764,2,0,0.000016,0.999764,0.000010,0.000210
data_rand_fold2/Testing/meningioma/Tr-me_1122.jpg,107946,meningioma,meningioma,1,0.999943,2,0,0.000044,0.999943,0.000007,0.000006
data_rand_fold2/Testing/meningioma/Tr-me_1123.jpg,109968,meningioma,meningioma,1,0.999666,2,0,0.000097,0.999666,0.000025,0.000211
data_rand_fold2/Testing/meningioma/Tr-me_1131.jpg,108590,meningioma,meningioma,1,0.999995,2,0,0.000001,0.999995,0.000002,0.000002
data_rand_fold2/Testing/meningioma/Tr-me_1137.jpg,109411,meningioma,meningioma,1,0.996681,2,0,0.003103,0.996681,0.000125,0.000091
data_rand_fold2/Testing/meningioma/Tr-me_1140.jpg,109968,meningioma,meningioma,1,0.999959,2,0,0.000006,0.999959,0.000002,0.000034
data_rand_fold2/Testing/meningioma/Tr-me_1141.jpg,110808,meningioma,meningioma,1,0.994863,2,0,0.004899,0.994863,0.000144,0.000094
data_rand_fold2/Testing/meningioma/Tr-me_1153.jpg,100572,meningioma,meningioma,1,0.969230,2,0,0.021405,0.969230,0.000197,0.009168
data_rand_fold2/Testing/meningioma/Tr-me_1155.jpg,112002,meningioma,meningioma,1,0.825234,2,0,0.174043,0.825234,0.000344,0.000379
data_rand_fold2/Testing/meningioma/Tr-me_1163.jpg,112552,meningioma,meningioma,1,0.999612,2,0,0.000352,0.999612,0.000010,0.000026
data_rand_fold2/Testing/meningioma/Tr-me_1164.jpg,112552,meningioma,meningioma,1,0.999979,2,0,0.000018,0.999979,0.000001,0.000002
data_rand_fold2/Testing/meningioma/Tr-me_1166.jpg,112552,meningioma,meningioma,1,0.996713,2,0,0.003098,0.996713,0.000179,0.000011
data_rand_fold2/Testing/meningioma/Tr-me_1169.jpg,112648,meningioma,meningioma,1,0.999627,2,0,0.000202,0.999627,0.000057,0.000114
data_rand_fold2/Testing/meningioma/Tr-me_1172.jpg,113098,meningioma,meningioma,1,0.774282,2,0,0.193498,0.774282,0.000079,0.032140
data_rand_fold2/Testing/meningioma/Tr-me_1174.jpg,113098,meningioma,glioma,0,0.971730,2,0,0.971730,0.027920,0.000003,0.000346
data_rand_fold2/Testing/meningioma/Tr-me_1179.jpg,106284,meningioma,meningioma,1,0.999673,2,0,0.000060,0.999673,0.000025,0.000242
data_rand_fold2/Testing/meningioma/Tr-me_1186.jpg,113805,meningioma,meningioma,1,0.999964,2,0,0.000025,0.999964,0.000001,0.000010
data_rand_fold2/Testing/meningioma/Tr-me_1194.jpg,114359,meningioma,meningioma,1,0.999937,2,0,0.000058,0.999937,0.000004,0.000000
data_rand_fold2/Testing/meningioma/Tr-me_1197.jpg,114359,meningioma,meningioma,1,0.999920,2,0,0.000076,0.999920,0.000003,0.000001
data_rand_fold2/Testing/meningioma/Tr-me_1216.jpg,97793,meningioma,meningioma,1,0.997515,2,0,0.001723,0.997515,0.000513,0.000249
data_rand_fold2/Testing/meningioma/Tr-me_1221.jpg,106442,meningioma,meningioma,1,0.998085,2,0,0.000144,0.998085,0.000254,0.001517
data_rand_fold2/Testing/meningioma/Tr-me_1226.jpg,99017,meningioma,meningioma,1,0.999952,2,0,0.000001,0.999952,0.000001,0.000046
data_rand_fold2/Testing/meningioma/Tr-me_1232.jpg,99162,meningioma,meningioma,1,0.997155,2,0,0.002811,0.997155,0.000018,0.000015
data_rand_fold2/Testing/meningioma/Tr-me_1233.jpg,99162,meningioma,meningioma,1,0.999989,2,0,0.000007,0.999989,0.000002,0.000002
data_rand_fold2/Testing/meningioma/Tr-me_1239.jpg,99308,meningioma,meningioma,1,0.999844,2,0,0.000138,0.999844,0.000003,0.000015
data_rand_fold2/Testing/meningioma/Tr-me_1247.jpg,106665,meningioma,meningioma,1,0.965796,2,0,0.027861,0.965796,0.000209,0.006134
data_rand_fold2/Testing/meningioma/Tr-me_1248.jpg,106665,meningioma,meningioma,1,0.999886,2,0,0.000052,0.999886,0.000007,0.000054
data_rand_fold2/Testing/meningioma/Tr-me_1252.jpg,106665,meningioma,meningioma,1,0.999490,2,0,0.000416,0.999490,0.000020,0.000074
data_rand_fold2/Testing/meningioma/Tr-me_1268.jpg,107248,meningioma,meningioma,1,0.993805,2,0,0.000018,0.993805,0.000161,0.006016
data_rand_fold2/Testing/meningioma/Tr-me_1282.jpg,112002,meningioma,meningioma,1,0.994980,2,0,0.003428,0.994980,0.000441,0.001151
data_rand_fold2/Testing/meningioma/Tr-me_1283.jpg,112002,meningioma,meningioma,1,0.997494,2,0,0.001690,0.997494,0.000184,0.000632
data_rand_fold2/Testing/meningioma/Tr-me_1284.jpg,112002,meningioma,meningioma,1,0.998928,2,0,0.000191,0.998928,0.000019,0.000863
data_rand_fold2/Testing/meningioma/Tr-me_1287.jpg,101016,meningioma,meningioma,1,0.999584,2,0,0.000330,0.999584,0.000065,0.000020
data_rand_fold2/Testing/meningioma/Tr-me_1295.jpg,112552,meningioma,meningioma,1,0.999964,2,0,0.000021,0.999964,0.000001,0.000014
data_rand_fold2/Testing/meningioma/Tr-me_1297.jpg,112552,meningioma,meningioma,1,0.982497,2,0,0.017270,0.982497,0.000021,0.000212
data_rand_fold2/Testing/meningioma/Tr-me_1301.jpg,112648,meningioma,meningioma,1,0.999719,2,0,0.000113,0.999719,0.000025,0.000144
data_rand_fold2/Testing/meningioma/Tr-me_1302.jpg,112648,meningioma,meningioma,1,0.999962,2,0,0.000009,0.999962,0.000003,0.000026
data_rand_fold2/Testing/meningioma/Tr-me_1303.jpg,108514,meningioma,meningioma,1,0.947214,2,0,0.051742,0.947214,0.000423,0.000621
data_rand_fold2/Testing/meningioma/Tr-me_1308.jpg,113435,meningioma,meningioma,1,0.999266,2,0,0.000473,0.999266,0.000010,0.000251
data_rand_fold2/Testing/meningioma/Tr-me_1315.jpg,113805,meningioma,meningioma,1,0.997091,2,0,0.001467,0.997091,0.000659,0.000782
data_rand_fold2/Testing/meningioma/Tr-me_1320.jpg,114359,meningioma,meningioma,1,0.991439,2,0,0.008514,0.991439,0.000014,0.000033
data_rand_fold2/Testing/meningioma/Tr-me_1328.jpg,97607,meningioma,meningioma,1,0.999888,2,0,0.000028,0.999888,0.000014,0.000070
data_rand_fold2/Testing/meningioma/Tr-me_1331.jpg,97737,meningioma,meningioma,1,0.997344,2,0,0.001435,0.997344,0.000107,0.001113
data_rand_fold2/Testing/notumor/Te-no_0110.jpg,nt441,notumor,notumor,1,0.999942,2,0,0.000021,0.000016,0.999942,0.000021
data_rand_fold2/Testing/notumor/Te-no_0118.jpg,nt949,notumor,notumor,1,0.999978,2,0,0.000001,0.000016,0.999978,0.000005
data_rand_fold2/Testing/notumor/Te-no_0119.jpg,nt1030,notumor,notumor,1,0.999238,2,0,0.000058,0.000691,0.999238,0.000013
data_rand_fold2/Testing/notumor/Te-no_0122.jpg,nt1014,notumor,notumor,1,0.999769,2,0,0.000114,0.000073,0.999769,0.000044
data_rand_fold2/Testing/notumor/Te-no_0126.jpg,nt957,notumor,notumor,1,0.999951,2,0,0.000016,0.000008,0.999951,0.000025
data_rand_fold2/Testing/notumor/Te-no_0127.jpg,nt822,notumor,notumor,1,0.999082,2,0,0.000566,0.000232,0.999082,0.000120
data_rand_fold2/Testing/notumor/Te-no_0130.jpg,nt1034,notumor,notumor,1,0.999869,2,0,0.000111,0.000005,0.999869,0.000015
data_rand_fold2/Testing/notumor/Te-no_0131.jpg,nt824,notumor,notumor,1,0.997849,2,0,0.001642,0.000394,0.997849,0.000115
data_rand_fold2/Testing/notumor/Te-no_0143.jpg,nt526,notumor,notumor,1,0.999963,2,0,0.000011,0.000006,0.999963,0.000020
data_rand_fold2/Testing/notumor/Te-no_0144.jpg,nt592,notumor,notumor,1,0.999990,2,0,0.000005,0.000002,0.999990,0.000003
data_rand_fold2/Testing/notumor/Te-no_0145.jpg,nt513,notumor,notumor,1,0.999994,2,0,0.000001,0.000001,0.999994,0.000003
data_rand_fold2/Testing/notumor/Te-no_0148.jpg,nt886,notumor,notumor,1,0.999993,2,0,0.000001,0.000004,0.999993,0.000001
data_rand_fold2/Testing/notumor/Te-no_0154.jpg,nt449,notumor,notumor,1,0.999645,2,0,0.000154,0.000188,0.999645,0.000012
data_rand_fold2/Testing/notumor/Te-no_0156.jpg,nt907,notumor,notumor,1,0.999996,2,0,0.000000,0.000002,0.999996,0.000002
data_rand_fold2/Testing/notumor/Te-no_0165.jpg,nt546,notumor,notumor,1,0.999963,2,0,0.000001,0.000005,0.999963,0.000031
data_rand_fold2/Testing/notumor/Te-no_0172.jpg,nt853,notumor,notumor,1,0.999994,2,0,0.000001,0.000004,0.999994,0.000000
data_rand_fold2/Testing/notumor/Te-no_0175.jpg,nt857,notumor,notumor,1,0.999988,2,0,0.000000,0.000011,0.999988,0.000001
data_rand_fold2/Testing/notumor/Te-no_0181.jpg,nt1052,notumor,notumor,1,0.999960,2,0,0.000005,0.000033,0.999960,0.000002
data_rand_fold2/Testing/notumor/Te-no_0186.jpg,nt586,notumor,notumor,1,0.999987,2,0,0.000005,0.000006,0.999987,0.000002
data_rand_fold2/Testing/notumor/Te-no_0188.jpg,nt588,notumor,notumor,1,0.999992,2,0,0.000001,0.000007,0.999992,0.000001
data_rand_fold2/Testing/notumor/Te-no_0198.jpg,nt392,notumor,notumor,1,0.999992,2,0,0.000001,0.000005,0.999992,0.000001
data_rand_fold2/Testing/notumor/Te-no_0202.jpg,nt1056,notumor,notumor,1,1.000000,2,0,0.000000,0.000000,1.000000,0.000000
data_rand_fold2/Testing/notumor/Te-no_0203.jpg,nt12,notumor,notumor,1,0.999714,2,0,0.000231,0.000028,0.999714,0.000027
data_rand_fold2/Testing/notumor/Te-no_0206.jpg,nt146,notumor,notumor,1,0.999855,2,0,0.000003,0.000141,0.999855,0.000001
data_rand_fold2/Testing/notumor/Te-no_0211.jpg,nt758,notumor,notumor,1,0.999846,2,0,0.000057,0.000053,0.999846,0.000044
data_rand_fold2/Testing/notumor/Te-no_0215.jpg,nt1063,notumor,notumor,1,0.999939,2,0,0.000020,0.000002,0.999939,0.000038
data_rand_fold2/Testing/notumor/Te-no_0216.jpg,nt192,notumor,notumor,1,0.999064,2,0,0.000062,0.000828,0.999064,0.000046
data_rand_fold2/Testing/notumor/Te-no_0219.jpg,nt1064,notumor,notumor,1,0.999008,2,0,0.000499,0.000226,0.999008,0.000267
data_rand_fold2/Testing/notumor/Te-no_0230.jpg,nt965,notumor,notumor,1,0.999937,2,0,0.000023,0.000011,0.999937,0.000029
data_rand_fold2/Testing/notumor/Te-no_0234.jpg,nt550,notumor,notumor,1,0.999987,2,0,0.000002,0.000010,0.999987,0.000001
data_rand_fold2/Testing/notumor/Te-no_0239.jpg,nt975,notumor,notumor,1,0.998774,2,0,0.000865,0.000172,0.998774,0.000189
data_rand_fold2/Testing/notumor/Te-no_0242.jpg,nt978,notumor,notumor,1,0.999980,2,0,0.000004,0.000013,0.999980,0.000002
data_rand_fold2/Testing/notumor/Te-no_0247.jpg,nt1070,notumor,notumor,1,0.999973,2,0,0.000001,0.000014,0.999973,0.000012
data_rand_fold2/Testing/notumor/Te-no_0252.jpg,nt371,notumor,notumor,1,0.999981,2,0,0.000002,0.000012,0.999981,0.000005
data_rand_fold2/Testing/notumor/Te-no_0258.jpg,nt867,notumor,notumor,1,0.999994,2,0,0.000002,0.000003,0.999994,0.000001
data_rand_fold2/Testing/notumor/Te-no_0270.jpg,nt1081,notumor,notumor,1,0.999998,2,0,0.000001,0.000001,0.999998,0.000001
data_rand_fold2/Testing/notumor/Te-no_0272.jpg,nt1083,notumor,notumor,1,0.999930,2,0,0.000001,0.000057,0.999930,0.000011
data_rand_fold2/Testing/notumor/Te-no_0275.jpg,nt1058,notumor,notumor,1,0.999989,2,0,0.000003,0.000004,0.999989,0.000004
data_rand_fold2/Testing/notumor/Te-no_0278.jpg,nt1086,notumor,notumor,1,0.999996,2,0,0.000001,0.000003,0.999996,0.000000
data_rand_fold2/Testing/notumor/Te-no_0299.jpg,nt809,notumor,notumor,1,0.999990,2,0,0.000008,0.000001,0.999990,0.000001
data_rand_fold2/Testing/notumor/Te-no_0302.jpg,nt142,notumor,notumor,1,0.999913,2,0,0.000021,0.000056,0.999913,0.000010
data_rand_fold2/Testing/notumor/Te-no_0317.jpg,nt1020,notumor,notumor,1,0.999949,2,0,0.000026,0.000014,0.999949,0.000011
data_rand_fold2/Testing/notumor/Te-no_0319.jpg,nt445,notumor,notumor,1,0.999453,2,0,0.000314,0.000195,0.999453,0.000038
data_rand_fold2/Testing/notumor/Te-no_0325.jpg,nt1098,notumor,notumor,1,0.999991,2,0,0.000003,0.000005,0.999991,0.000002
data_rand_fold2/Testing/notumor/Te-no_0335.jpg,nt322,notumor,notumor,1,0.999979,2,0,0.000016,0.000004,0.999979,0.000001
data_rand_fold2/Testing/notumor/Te-no_0337.jpg,nt328,notumor,notumor,1,0.999967,2,0,0.000006,0.000017,0.999967,0.000011
data_rand_fold2/Testing/notumor/Te-no_0340.jpg,nt1102,notumor,notumor,1,0.999993,2,0,0.000000,0.000003,0.999993,0.000004
data_rand_fold2/Testing/notumor/Te-no_0342.jpg,nt338,notumor,notumor,1,0.999833,2,0,0.000063,0.000066,0.999833,0.000038
data_rand_fold2/Testing/notumor/Te-no_0343.jpg,nt1031,notumor,notumor,1,0.999876,2,0,0.000051,0.000032,0.999876,0.000042
data_rand_fold2/Testing/notumor/Te-no_0352.jpg,nt497,notumor,notumor,1,0.999758,2,0,0.000236,0.000001,0.999758,0.000005
data_rand_fold2/Testing/notumor/Te-no_0361.jpg,nt1107,notumor,notumor,1,0.999967,2,0,0.000005,0.000023,0.999967,0.000005
data_rand_fold2/Testing/notumor/Te-no_0366.jpg,nt426,notumor,notumor,1,0.999995,2,0,0.000000,0.000004,0.999995,0.000001
data_rand_fold2/Testing/notumor/Te-no_0369.jpg,nt372,notumor,notumor,1,0.999991,2,0,0.000004,0.000003,0.999991,0.000003
data_rand_fold2/Testing/notumor/Te-no_0380.jpg,nt895,notumor,notumor,1,0.999994,2,0,0.000000,0.000004,0.999994,0.000001
data_rand_fold2/Testing/notumor/Te-no_0381.jpg,nt511,notumor,notumor,1,0.999995,2,0,0.000001,0.000000,0.999995,0.000003
data_rand_fold2/Testing/notumor/Te-no_0390.jpg,nt341,notumor,notumor,1,0.999812,2,0,0.000065,0.000013,0.999812,0.000109
data_rand_fold2/Testing/notumor/Te-no_0395.jpg,nt916,notumor,notumor,1,0.999985,2,0,0.000003,0.000010,0.999985,0.000001
data_rand_fold2/Testing/notumor/Tr-noTr_0004.jpg,nt4,notumor,notumor,1,0.974741,2,0,0.000863,0.024166,0.974741,0.000231
data_rand_fold2/Testing/notumor/Tr-noTr_0008.jpg,nt8,notumor,notumor,1,0.999983,2,0,0.000000,0.000012,0.999983,0.000004
data_rand_fold2/Testing/notumor/Tr-no_0013.jpg,nt12,notumor,notumor,1,0.999665,2,0,0.000284,0.000026,0.999665,0.000024
data_rand_fold2/Testing/notumor/Tr-no_0020.jpg,nt18,notumor,notumor,1,0.996359,2,0,0.002569,0.000194,0.996359,0.000878
data_rand_fold2/Testing/notumor/Tr-no_0022.jpg,nt20,notumor,notumor,1,0.987850,2,0,0.006978,0.004991,0.987850,0.000180
data_rand_fold2/Testing/notumor/Tr-no_0023.jpg,nt21,notumor,notumor,1,0.961066,2,0,0.011938,0.017562,0.961066,0.009433
data_rand_fold2/Testing/notumor/Tr-no_0025.jpg,nt22,notumor,notumor,1,0.999766,2,0,0.000002,0.000009,0.999766,0.000223
data_rand_fold2/Testing/notumor/Tr-no_0034.jpg,nt30,notumor,notumor,1,0.999993,2,0,0.000000,0.000003,0.999993,0.000003
data_rand_fold2/Testing/notumor/Tr-no_0036.jpg,nt32,notumor,notumor,1,0.999900,2,0,0.000004,0.000018,0.999900,0.000078
data_rand_fold2/Testing/notumor/Tr-no_0040.jpg,nt36,notumor,glioma,0,0.925370,2,0,0.925370,0.040945,0.030150,0.003535
data_rand_fold2/Testing/notumor/Tr-no_0050.jpg,nt46,notumor,notumor,1,0.999610,2,0,0.000228,0.000125,0.999610,0.000038
data_rand_fold2/Testing/notumor/Tr-no_0061.jpg,nt57,notumor,notumor,1,0.699518,2,0,0.003364,0.286109,0.699518,0.011009
data_rand_fold2/Testing/notumor/Tr-no_0063.jpg,nt59,notumor,notumor,1,0.975484,2,0,0.004659,0.017269,0.975484,0.002589
data_rand_fold2/Testing/notumor/Tr-no_0067.jpg,nt63,notumor,notumor,1,0.955006,2,0,0.000008,0.044981,0.955006,0.000004
data_rand_fold2/Testing/notumor/Tr-no_0070.jpg,nt66,notumor,notumor,1,0.997924,2,0,0.001192,0.000432,0.997924,0.000453
data_rand_fold2/Testing/notumor/Tr-no_0073.jpg,nt69,notumor,notumor,1,0.795879,2,0,0.008016,0.013198,0.795879,0.182908
data_rand_fold2/Testing/notumor/Tr-no_0074.jpg,nt39,notumor,notumor,1,0.999929,2,0,0.000020,0.000028,0.999929,0.000023
data_rand_fold2/Testing/notumor/Tr-no_0086.jpg,nt76,notumor,glioma,0,0.421711,2,0,0.421711,0.165116,0.340850,0.072323
data_rand_fold2/Testing/notumor/Tr-no_0088.jpg,nt78,notumor,notumor,1,0.999853,2,0,0.000022,0.000040,0.999853,0.000086
data_rand_fold2/Testing/notumor/Tr-no_0098.jpg,nt88,notumor,notumor,1,0.994296,2,0,0.000289,0.003691,0.994296,0.001725
data_rand_fold2/Testing/notumor/Tr-no_0099.jpg,nt89,notumor,notumor,1,0.999996,2,0,0.000000,0.000004,0.999996,0.000001
data_rand_fold2/Testing/notumor/Tr-no_0108.jpg,nt98,notumor,notumor,1,0.980963,2,0,0.000826,0.014284,0.980963,0.003926
data_rand_fold2/Testing/notumor/Tr-no_0109.jpg,nt99,notumor,notumor,1,0.999449,2,0,0.000111,0.000256,0.999449,0.000185
data_rand_fold2/Testing/notumor/Tr-no_0110.jpg,nt100,notumor,notumor,1,0.997900,2,0,0.001146,0.000897,0.997900,0.000058
data_rand_fold2/Testing/notumor/Tr-no_0113.jpg,nt42,notumor,notumor,1,0.999676,2,0,0.000152,0.000120,0.999676,0.000052
data_rand_fold2/Testing/notumor/Tr-no_0114.jpg,nt103,notumor,notumor,1,0.999995,2,0,0.000000,0.000004,0.999995,0.000000
data_rand_fold2/Testing/notumor/Tr-no_0115.jpg,nt104,notumor,notumor,1,0.999991,2,0,0.000001,0.000003,0.999991,0.000005
data_rand_fold2/Testing/notumor/Tr-no_0116.jpg,nt105,notumor,notumor,1,0.999559,2,0,0.000088,0.000317,0.999559,0.000036
data_rand_fold2/Testing/notumor/Tr-no_0118.jpg,nt107,notumor,notumor,1,0.999802,2,0,0.000004,0.000175,0.999802,0.000019
data_rand_fold2/Testing/notumor/Tr-no_0119.jpg,nt108,notumor,notumor,1,0.999997,2,0,0.000000,0.000002,0.999997,0.000001
data_rand_fold2/Testing/notumor/Tr-no_0120.jpg,nt109,notumor,notumor,1,0.999992,2,0,0.000000,0.000007,0.999992,0.000001
data_rand_fold2/Testing/notumor/Tr-no_0127.jpg,nt113,notumor,notumor,1,0.999969,2,0,0.000003,0.000018,0.999969,0.000010
data_rand_fold2/Testing/notumor/Tr-no_0129.jpg,nt115,notumor,notumor,1,0.999996,2,0,0.000000,0.000004,0.999996,0.000000
data_rand_fold2/Testing/notumor/Tr-no_0134.jpg,nt117,notumor,notumor,1,0.999811,2,0,0.000041,0.000127,0.999811,0.000021
data_rand_fold2/Testing/notumor/Tr-no_0135.jpg,nt118,notumor,notumor,1,0.999894,2,0,0.000013,0.000090,0.999894,0.000003
data_rand_fold2/Testing/notumor/Tr-no_0158.jpg,nt137,notumor,notumor,1,0.998551,2,0,0.000342,0.000952,0.998551,0.000155
data_rand_fold2/Testing/notumor/Tr-no_0163.jpg,nt141,notumor,notumor,1,0.999962,2,0,0.000003,0.000026,0.999962,0.000009
data_rand_fold2/Testing/notumor/Tr-no_0169.jpg,nt146,notumor,notumor,1,0.999854,2,0,0.000002,0.000143,0.999854,0.000001
data_rand_fold2/Testing/notumor/Tr-no_0172.jpg,nt149,notumor,notumor,1,0.999932,2,0,0.000018,0.000032,0.999932,0.000017
data_rand_fold2/Testing/notumor/Tr-no_0173.jpg,nt150,notumor,notumor,1,0.988951,2,0,0.000001,0.000124,0.988951,0.010924
data_rand_fold2/Testing/notumor/Tr-no_0177.jpg,nt154,notumor,notumor,1,0.829563,2,0,0.013224,0.056031,0.829563,0.101181
data_rand_fold2/Testing/notumor/Tr-no_0191.jpg,nt162,notumor,glioma,0,0.969756,2,0,0.969756,0.012940,0.010515,0.006788
data_rand_fold2/Testing/notumor/Tr-no_0195.jpg,nt166,notumor,notumor,1,0.999598,2,0,0.000356,0.000032,0.999598,0.000014
data_rand_fold2/Testing/notumor/Tr-no_0216.jpg,nt185,notumor,notumor,1,1.000000,2,0,0.000000,0.000000,1.000000,0.000000
data_rand_fold2/Testing/notumor/Tr-no_0218.jpg,nt187,notumor,notumor,1,0.999841,2,0,0.000038,0.000081,0.999841,0.000040
data_rand_fold2/Testing/notumor/Tr-no_0225.jpg,nt190,notumor,notumor,1,0.999778,2,0,0.000123,0.000055,0.999778,0.000043
data_rand_fold2/Testing/notumor/Tr-no_0227.jpg,nt192,notumor,notumor,1,0.999609,2,0,0.000025,0.000343,0.999609,0.000024
data_rand_fold2/Testing/notumor/Tr-no_0230.jpg,nt194,notumor,notumor,1,0.994964,2,0,0.002009,0.002945,0.994964,0.000083
data_rand_fold2/Testing/notumor/Tr-no_0236.jpg,nt198,notumor,notumor,1,0.998914,2,0,0.000402,0.000513,0.998914,0.000171
data_rand_fold2/Testing/notumor/Tr-no_0255.jpg,nt213,notumor,notumor,1,0.972972,2,0,0.008303,0.010110,0.972972,0.008614
data_rand_fold2/Testing/notumor/Tr-no_0261.jpg,nt218,notumor,notumor,1,0.998940,2,0,0.000022,0.000226,0.998940,0.000812
data_rand_fold2/Testing/notumor/Tr-no_0262.jpg,nt219,notumor,pituitary,0,0.997461,2,0,0.000014,0.001337,0.001188,0.997461
data_rand_fold2/Testing/notumor/Tr-no_0266.jpg,nt223,notumor,notumor,1,0.996780,2,0,0.002448,0.000724,0.996780,0.000047
data_rand_fold2/Testing/notumor/Tr-no_0272.jpg,nt226,notumor,notumor,1,0.998240,2,0,0.000010,0.000585,0.998240,0.001165
data_rand_fold2/Testing/notumor/Tr-no_0273.jpg,nt227,notumor,notumor,1,0.994667,2,0,0.004291,0.000939,0.994667,0.000104
data_rand_fold2/Testing/notumor/Tr-no_0281.jpg,nt233,notumor,notumor,1,0.999981,2,0,0.000010,0.000003,0.999981,0.000005
data_rand_fold2/Testing/notumor/Tr-no_0287.jpg,nt238,notumor,notumor,1,0.999963,2,0,0.000009,0.000013,0.999963,0.000016
data_rand_fold2/Testing/notumor/Tr-no_0293.jpg,nt243,notumor,notumor,1,0.999987,2,0,0.000001,0.000010,0.999987,0.000002
data_rand_fold2/Testing/notumor/Tr-no_0306.jpg,nt254,notumor,notumor,1,0.564899,2,0,0.366118,0.058610,0.564899,0.010373
data_rand_fold2/Testing/notumor/Tr-no_0309.jpg,nt257,notumor,notumor,1,0.999975,2,0,0.000000,0.000005,0.999975,0.000019
data_rand_fold2/Testing/notumor/Tr-no_0310.jpg,nt258,notumor,notumor,1,0.999620,2,0,0.000171,0.000072,0.999620,0.000137
data_rand_fold2/Testing/notumor/Tr-no_0314.jpg,nt262,notumor,notumor,1,0.999872,2,0,0.000003,0.000080,0.999872,0.000045
data_rand_fold2/Testing/notumor/Tr-no_0316.jpg,nt199,notumor,notumor,1,0.997295,2,0,0.001636,0.000933,0.997295,0.000136
data_rand_fold2/Testing/notumor/Tr-no_0319.jpg,nt266,notumor,notumor,1,0.999782,2,0,0.000101,0.000049,0.999782,0.000067
data_rand_fold2/Testing/notumor/Tr-no_0321.jpg,nt268,notumor,notumor,1,0.999274,2,0,0.000012,0.000706,0.999274,0.000008
data_rand_fold2/Testing/notumor/Tr-no_0326.jpg,nt261,notumor,notumor,1,0.999639,2,0,0.000002,0.000343,0.999639,0.000016
data_rand_fold2/Testing/notumor/Tr-no_0353.jpg,nt281,notumor,notumor,1,0.998979,2,0,0.000142,0.000603,0.998979,0.000275
data_rand_fold2/Testing/notumor/Tr-no_0360.jpg,nt288,notumor,notumor,1,0.998831,2,0,0.000078,0.000941,0.998831,0.000151
data_rand_fold2/Testing/notumor/Tr-no_0372.jpg,nt291,notumor,notumor,1,0.975302,2,0,0.000190,0.017270,0.975302,0.007238
data_rand_fold2/Testing/notumor/Tr-no_0374.jpg,nt115,notumor,notumor,1,0.999998,2,0,0.000000,0.000002,0.999998,0.000000
data_rand_fold2/Testing/notumor/Tr-no_0375.jpg,nt164,notumor,notumor,1,0.999835,2,0,0.000091,0.000022,0.999835,0.000052
data_rand_fold2/Testing/notumor/Tr-no_0378.jpg,nt294,notumor,notumor,1,0.935012,2,0,0.022300,0.002014,0.935012,0.040675
data_rand_fold2/Testing/notumor/Tr-no_0383.jpg,nt299,notumor,notumor,1,0.999816,2,0,0.000043,0.000112,0.999816,0.000029
data_rand_fold2/Testing/notumor/Tr-no_0385.jpg,nt301,notumor,notumor,1,0.999855,2,0,0.000053,0.000030,0.999855,0.000062
data_rand_fold2/Testing/notumor/Tr-no_0386.jpg,nt302,notumor,notumor,1,0.999940,2,0,0.000016,0.000030,0.999940,0.000014
data_rand_fold2/Testing/notumor/Tr-no_0389.jpg,nt305,notumor,pituitary,0,0.783743,2,0,0.000426,0.000610,0.215221,0.783743
data_rand_fold2/Testing/notumor/Tr-no_0413.jpg,nt328,notumor,notumor,1,0.999970,2,0,0.000005,0.000015,0.999970,0.000010
data_rand_fold2/Testing/notumor/Tr-no_0426.jpg,nt340,notumor,notumor,1,0.999996,2,0,0.000001,0.000002,0.999996,0.000001
data_rand_fold2/Testing/notumor/Tr-no_0431.jpg,nt345,notumor,notumor,1,0.999963,2,0,0.000008,0.000018,0.999963,0.000012
data_rand_fold2/Testing/notumor/Tr-no_0433.jpg,nt347,notumor,notumor,1,0.999407,2,0,0.000576,0.000011,0.999407,0.000006
data_rand_fold2/Testing/notumor/Tr-no_0440.jpg,nt354,notumor,notumor,1,0.999944,2,0,0.000012,0.000022,0.999944,0.000022
data_rand_fold2/Testing/notumor/Tr-no_0447.jpg,nt361,notumor,notumor,1,0.999919,2,0,0.000002,0.000049,0.999919,0.000030
data_rand_fold2/Testing/notumor/Tr-no_0449.jpg,nt363,notumor,notumor,1,0.999992,2,0,0.000004,0.000001,0.999992,0.000002
data_rand_fold2/Testing/notumor/Tr-no_0451.jpg,nt365,notumor,notumor,1,0.999990,2,0,0.000005,0.000002,0.999990,0.000003
data_rand_fold2/Testing/notumor/Tr-no_0454.jpg,nt368,notumor,notumor,1,0.999997,2,0,0.000001,0.000002,0.999997,0.000000
data_rand_fold2/Testing/notumor/Tr-no_0468.jpg,nt382,notumor,notumor,1,0.999874,2,0,0.000003,0.000119,0.999874,0.000005
data_rand_fold2/Testing/notumor/Tr-no_0470.jpg,nt384,notumor,notumor,1,0.999796,2,0,0.000087,0.000103,0.999796,0.000014
data_rand_fold2/Testing/notumor/Tr-no_0481.jpg,nt395,notumor,notumor,1,0.999803,2,0,0.000052,0.000138,0.999803,0.000007
data_rand_fold2/Testing/notumor/Tr-no_0486.jpg,nt400,notumor,notumor,1,0.999995,2,0,0.000003,0.000001,0.999995,0.000001
data_rand_fold2/Testing/notumor/Tr-no_0488.jpg,nt402,notumor,notumor,1,0.999993,2,0,0.000001,0.000004,0.999993,0.000002
data_rand_fold2/Testing/notumor/Tr-no_0489.jpg,nt403,notumor,notumor,1,0.999997,2,0,0.000001,0.000001,0.999997,0.000001
data_rand_fold2/Testing/notumor/Tr-no_0496.jpg,nt410,notumor,notumor,1,0.999998,2,0,0.000000,0.000001,0.999998,0.000001
data_rand_fold2/Testing/notumor/Tr-no_0506.jpg,nt420,notumor,notumor,1,0.999999,2,0,0.000000,0.000000,0.999999,0.000000
data_rand_fold2/Testing/notumor/Tr-no_0508.jpg,nt422,notumor,notumor,1,0.999986,2,0,0.000001,0.000010,0.999986,0.000003
data_rand_fold2/Testing/notumor/Tr-no_0511.jpg,nt425,notumor,notumor,1,0.999997,2,0,0.000000,0.000002,0.999997,0.000000
data_rand_fold2/Testing/notumor/Tr-no_0513.jpg,nt427,notumor,notumor,1,0.999824,2,0,0.000159,0.000008,0.999824,0.000009
data_rand_fold2/Testing/notumor/Tr-no_0519.jpg,nt433,notumor,notumor,1,0.999012,2,0,0.000913,0.000044,0.999012,0.000031
data_rand_fold2/Testing/notumor/Tr-no_0524.jpg,nt438,notumor,notumor,1,0.999989,2,0,0.000001,0.000005,0.999989,0.000005
data_rand_fold2/Testing/notumor/Tr-no_0526.jpg,nt440,notumor,notumor,1,0.999966,2,0,0.000001,0.000032,0.999966,0.000001
data_rand_fold2/Testing/notumor/Tr-no_0531.jpg,nt444,notumor,notumor,1,0.999999,2,0,0.000000,0.000001,0.999999,0.000000
data_rand_fold2/Testing/notumor/Tr-no_0532.jpg,nt339,notumor,notumor,1,0.999415,2,0,0.000324,0.000064,0.999415,0.000197
data_rand_fold2/Testing/notumor/Tr-no_0535.jpg,nt447,notumor,notumor,1,0.999965,2,0,0.000007,0.000026,0.999965,0.000002
data_rand_fold2/Testing/notumor/Tr-no_0547.jpg,nt137,notumor,notumor,1,0.998806,2,0,0.000255,0.000804,0.998806,0.000134
data_rand_fold2/Testing/notumor/Tr-no_0552.jpg,nt456,notumor,notumor,1,0.999967,2,0,0.000020,0.000008,0.999967,0.000006
data_rand_fold2/Testing/notumor/Tr-no_0557.jpg,nt461,notumor,notumor,1,0.999852,2,0,0.000024,0.000107,0.999852,0.000017
data_rand_fold2/Testing/notumor/Tr-no_0565.jpg,nt468,notumor,notumor,1,0.999993,2,0,0.000001,0.000002,0.999993,0.000003
data_rand_fold2/Testing/notumor/Tr-no_0571.jpg,nt472,notumor,notumor,1,0.999964,2,0,0.000010,0.000006,0.999964,0.000020
data_rand_fold2/Testing/notumor/Tr-no_0577.jpg,nt251,notumor,notumor,1,0.999936,2,0,0.000002,0.000002,0.999936,0.000060
data_rand_fold2/Testing/notumor/Tr-no_0579.jpg,nt29,notumor,notumor,1,0.999294,2,0,0.000077,0.000420,0.999294,0.000209
data_rand_fold2/Testing/notumor/Tr-no_0583.jpg,nt480,notumor,notumor,1,0.999893,2,0,0.000021,0.000034,0.999893,0.000052
data_rand_fold2/Testing/notumor/Tr-no_0584.jpg,nt481,notumor,notumor,1,0.997202,2,0,0.001721,0.000819,0.997202,0.000258
data_rand_fold2/Testing/notumor/Tr-no_0587.jpg,nt484,notumor,notumor,1,0.999624,2,0,0.000058,0.000297,0.999624,0.000020
data_rand_fold2/Testing/notumor/Tr-no_0588.jpg,nt485,notumor,notumor,1,0.999759,2,0,0.000236,0.000001,0.999759,0.000004
data_rand_fold2/Testing/notumor/Tr-no_0592.jpg,nt443,notumor,notumor,1,0.999985,2,0,0.000011,0.000001,0.999985,0.000003
data_rand_fold2/Testing/notumor/Tr-no_0594.jpg,nt490,notumor,notumor,1,0.999953,2,0,0.000004,0.000031,0.999953,0.000011
data_rand_fold2/Testing/notumor/Tr-no_0597.jpg,nt489,notumor,notumor,1,0.999983,2,0,0.000012,0.000002,0.999983,0.000003
data_rand_fold2/Testing/notumor/Tr-no_0621.jpg,nt516,notumor,notumor,1,0.999474,2,0,0.000056,0.000349,0.999474,0.000121
data_rand_fold2/Testing/notumor/Tr-no_0623.jpg,nt518,notumor,notumor,1,0.999992,2,0,0.000004,0.000003,0.999992,0.000001
data_rand_fold2/Testing/notumor/Tr-no_0630.jpg,nt524,notumor,notumor,1,0.999982,2,0,0.000014,0.000002,0.999982,0.000002
data_rand_fold2/Testing/notumor/Tr-no_0638.jpg,nt364,notumor,notumor,1,0.999999,2,0,0.000000,0.000001,0.999999,0.000000
data_rand_fold2/Testing/notumor/Tr-no_0639.jpg,nt530,notumor,notumor,1,0.999963,2,0,0.000010,0.000016,0.999963,0.000010
data_rand_fold2/Testing/notumor/Tr-no_0640.jpg,nt531,notumor,notumor,1,0.999999,2,0,0.000000,0.000001,0.999999,0.000001
data_rand_fold2/Testing/notumor/Tr-no_0652.jpg,nt542,notumor,notumor,1,0.999888,2,0,0.000053,0.000028,0.999888,0.000031
data_rand_fold2/Testing/notumor/Tr-no_0653.jpg,nt543,notumor,notumor,1,0.999992,2,0,0.000004,0.000002,0.999992,0.000002
data_rand_fold2/Testing/notumor/Tr-no_0654.jpg,nt544,notumor,notumor,1,0.999400,2,0,0.000154,0.000317,0.999400,0.000129
data_rand_fold2/Testing/notumor/Tr-no_0655.jpg,nt400,notumor,notumor,1,0.999995,2,0,0.000002,0.000001,0.999995,0.000001
data_rand_fold2/Testing/notumor/Tr-no_0663.jpg,nt549,notumor,notumor,1,0.999738,2,0,0.000071,0.000039,0.999738,0.000153
data_rand_fold2/Testing/notumor/Tr-no_0667.jpg,nt553,notumor,notumor,1,0.999997,2,0,0.000000,0.000002,0.999997,0.000001
data_rand_fold2/Testing/notumor/Tr-no_0669.jpg,nt555,notumor,notumor,1,0.999979,2,0,0.000002,0.000014,0.999979,0.000005
data_rand_fold2/Testing/notumor/Tr-no_0672.jpg,nt558,notumor,notumor,1,0.999971,2,0,0.000008,0.000007,0.999971,0.000013
data_rand_fold2/Testing/notumor/Tr-no_0677.jpg,nt562,notumor,notumor,1,0.999988,2,0,0.000002,0.000006,0.999988,0.000004
data_rand_fold2/Testing/notumor/Tr-no_0679.jpg,nt564,notumor,notumor,1,0.999991,2,0,0.000001,0.000005,0.999991,0.000003
data_rand_fold2/Testing/notumor/Tr-no_0690.jpg,nt574,notumor,notumor,1,0.999981,2,0,0.000001,0.000004,0.999981,0.000015
data_rand_fold2/Testing/notumor/Tr-no_0691.jpg,nt575,notumor,notumor,1,0.999609,2,0,0.000224,0.000099,0.999609,0.000068
data_rand_fold2/Testing/notumor/Tr-no_0693.jpg,nt395,notumor,notumor,1,0.999645,2,0,0.000140,0.000199,0.999645,0.000017
data_rand_fold2/Testing/notumor/Tr-no_0701.jpg,nt146,notumor,notumor,1,0.999773,2,0,0.000004,0.000222,0.999773,0.000001
data_rand_fold2/Testing/notumor/Tr-no_0702.jpg,nt456,notumor,notumor,1,0.999974,2,0,0.000012,0.000011,0.999974,0.000004
data_rand_fold2/Testing/notumor/Tr-no_0703.jpg,nt459,notumor,notumor,1,0.999925,2,0,0.000013,0.000034,0.999925,0.000028
data_rand_fold2/Testing/notumor/Tr-no_0712.jpg,nt123,notumor,notumor,1,0.999987,2,0,0.000008,0.000001,0.999987,0.000003
data_rand_fold2/Testing/notumor/Tr-no_0733.jpg,nt596,notumor,notumor,1,0.999984,2,0,0.000014,0.000000,0.999984,0.000002
data_rand_fold2/Testing/notumor/Tr-no_0738.jpg,nt601,notumor,notumor,1,0.999951,2,0,0.000032,0.000004,0.999951,0.000014
data_rand_fold2/Testing/notumor/Tr-no_0741.jpg,nt141,notumor,notumor,1,0.999934,2,0,0.000007,0.000045,0.999934,0.000014
data_rand_fold2/Testing/notumor/Tr-no_0750.jpg,nt612,notumor,notumor,1,0.999963,2,0,0.000018,0.000011,0.999963,0.000009
data_rand_fold2/Testing/notumor/Tr-no_0756.jpg,nt617,notumor,notumor,1,0.997445,2,0,0.002407,0.000073,0.997445,0.000075
data_rand_fold2/Testing/notumor/Tr-no_0769.jpg,nt628,notumor,notumor,1,0.999994,2,0,0.000001,0.000002,0.999994,0.000002
data_rand_fold2/Testing/notumor/Tr-no_0773.jpg,nt632,notumor,notumor,1,0.999999,2,0,0.000000,0.000000,0.999999,0.000001
data_rand_fold2/Testing/notumor/Tr-no_0775.jpg,nt634,notumor,notumor,1,0.999950,2,0,0.000045,0.000000,0.999950,0.000004
data_rand_fold2/Testing/notumor/Tr-no_0779.jpg,nt637,notumor,notumor,1,0.999995,2,0,0.000001,0.000003,0.999995,0.000001
data_rand_fold2/Testing/notumor/Tr-no_0782.jpg,nt640,notumor,notumor,1,0.999923,2,0,0.000016,0.000013,0.999923,0.000048
data_rand_fold2/Testing/notumor/Tr-no_0787.jpg,nt645,notumor,notumor,1,0.999369,2,0,0.000052,0.000477,0.999369,0.000102
data_rand_fold2/Testing/notumor/Tr-no_0788.jpg,nt473,notumor,notumor,1,0.999977,2,0,0.000002,0.000016,0.999977,0.000005
data_rand_fold2/Testing/notumor/Tr-no_0794.jpg,nt650,notumor,notumor,1,0.999798,2,0,0.000055,0.000057,0.999798,0.000090
data_rand_fold2/Testing/notumor/Tr-no_0795.jpg,nt651,notumor,notumor,1,0.999756,2,0,0.000086,0.000063,0.999756,0.000095
data_rand_fold2/Testing/notumor/Tr-no_0796.jpg,nt652,notumor,notumor,1,0.999999,2,0,0.000000,0.000000,0.999999,0.000001
data_rand_fold2/Testing/notumor/Tr-no_0799.jpg,nt655,notumor,notumor,1,0.999880,2,0,0.000035,0.000068,0.999880,0.000016
data_rand_fold2/Testing/notumor/Tr-no_0813.jpg,nt668,notumor,notumor,1,0.999956,2,0,0.000017,0.000018,0.999956,0.000010
data_rand_fold2/Testing/notumor/Tr-no_0815.jpg,nt670,notumor,notumor,1,0.999983,2,0,0.000001,0.000002,0.999983,0.000014
data_rand_fold2/Testing/notumor/Tr-no_0823.jpg,nt677,notumor,notumor,1,0.999401,2,0,0.000357,0.000184,0.999401,0.000058
data_rand_fold2/Testing/notumor/Tr-no_0824.jpg,nt678,notumor,notumor,1,0.999968,2,0,0.000010,0.000017,0.999968,0.000005
data_rand_fold2/Testing/notumor/Tr-no_0834.jpg,nt687,notumor,notumor,1,0.999979,2,0,0.000007,0.000005,0.999979,0.000008
data_rand_fold2/Testing/notumor/Tr-no_0836.jpg,nt689,notumor,notumor,1,0.999946,2,0,0.000045,0.000002,0.999946,0.000007
data_rand_fold2/Testing/notumor/Tr-no_0842.jpg,nt694,notumor,notumor,1,0.999992,2,0,0.000001,0.000002,0.999992,0.000005
data_rand_fold2/Testing/notumor/Tr-no_0844.jpg,nt696,notumor,notumor,1,0.999624,2,0,0.000090,0.000154,0.999624,0.000131
data_rand_fold2/Testing/notumor/Tr-no_0846.jpg,nt698,notumor,notumor,1,0.999999,2,0,0.000000,0.000000,0.999999,0.000001
data_rand_fold2/Testing/notumor/Tr-no_0862.jpg,nt714,notumor,notumor,1,0.999858,2,0,0.000029,0.000039,0.999858,0.000073
data_rand_fold2/Testing/notumor/Tr-no_0868.jpg,nt719,notumor,notumor,1,1.000000,2,0,0.000000,0.000000,1.000000,0.000000
data_rand_fold2/Testing/notumor/Tr-no_0873.jpg,nt724,notumor,notumor,1,0.999996,2,0,0.000000,0.000001,0.999996,0.000003
data_rand_fold2/Testing/notumor/Tr-no_0878.jpg,nt727,notumor,notumor,1,0.999973,2,0,0.000001,0.000003,0.999973,0.000024
data_rand_fold2/Testing/notumor/Tr-no_0880.jpg,nt729,notumor,notumor,1,0.999998,2,0,0.000001,0.000000,0.999998,0.000001
data_rand_fold2/Testing/notumor/Tr-no_0881.jpg,nt730,notumor,notumor,1,0.999996,2,0,0.000000,0.000001,0.999996,0.000002
data_rand_fold2/Testing/notumor/Tr-no_0884.jpg,nt733,notumor,notumor,1,0.999993,2,0,0.000004,0.000002,0.999993,0.000002
data_rand_fold2/Testing/notumor/Tr-no_0888.jpg,nt736,notumor,notumor,1,0.999982,2,0,0.000010,0.000002,0.999982,0.000006
data_rand_fold2/Testing/notumor/Tr-no_0895.jpg,nt742,notumor,notumor,1,0.999982,2,0,0.000014,0.000002,0.999982,0.000002
data_rand_fold2/Testing/notumor/Tr-no_0897.jpg,nt744,notumor,notumor,1,0.999851,2,0,0.000124,0.000006,0.999851,0.000018
data_rand_fold2/Testing/notumor/Tr-no_0898.jpg,nt192,notumor,notumor,1,0.999645,2,0,0.000022,0.000310,0.999645,0.000024
data_rand_fold2/Testing/notumor/Tr-no_0899.jpg,nt745,notumor,notumor,1,0.999983,2,0,0.000001,0.000015,0.999983,0.000001
data_rand_fold2/Testing/notumor/Tr-no_0909.jpg,nt754,notumor,notumor,1,0.999991,2,0,0.000001,0.000001,0.999991,0.000008
data_rand_fold2/Testing/notumor/Tr-no_0912.jpg,nt756,notumor,notumor,1,0.999987,2,0,0.000004,0.000005,0.999987,0.000004
data_rand_fold2/Testing/notumor/Tr-no_0913.jpg,nt757,notumor,notumor,1,0.999953,2,0,0.000004,0.000009,0.999953,0.000035
data_rand_fold2/Testing/notumor/Tr-no_0915.jpg,nt759,notumor,notumor,1,0.999965,2,0,0.000010,0.000008,0.999965,0.000018
data_rand_fold2/Testing/notumor/Tr-no_0917.jpg,nt761,notumor,notumor,1,0.999991,2,0,0.000001,0.000004,0.999991,0.000004
data_rand_fold2/Testing/notumor/Tr-no_0920.jpg,nt764,notumor,notumor,1,0.999959,2,0,0.000021,0.000010,0.999959,0.000010
data_rand_fold2/Testing/notumor/Tr-no_0924.jpg,nt767,notumor,notumor,1,0.999773,2,0,0.000159,0.000025,0.999773,0.000043
data_rand_fold2/Testing/notumor/Tr-no_0933.jpg,nt774,notumor,notumor,1,0.999875,2,0,0.000104,0.000012,0.999875,0.000009
data_rand_fold2/Testing/notumor/Tr-no_0934.jpg,nt775,notumor,notumor,1,0.999874,2,0,0.000050,0.000032,0.999874,0.000044
data_rand_fold2/Testing/notumor/Tr-no_0947.jpg,nt786,notumor,notumor,1,0.999633,2,0,0.000336,0.000010,0.999633,0.000021
data_rand_fold2/Testing/notumor/Tr-no_0949.jpg,nt788,notumor,notumor,1,0.999013,2,0,0.000631,0.000198,0.999013,0.000158
data_rand_fold2/Testing/notumor/Tr-no_0992.jpg,nt803,notumor,notumor,1,0.997110,2,0,0.000211,0.002261,0.997110,0.000418
data_rand_fold2/Testing/notumor/Tr-no_0997.jpg,nt804,notumor,notumor,1,0.999947,2,0,0.000027,0.000014,0.999947,0.000012
data_rand_fold2/Testing/notumor/Tr-no_0998.jpg,nt235,notumor,notumor,1,0.999961,2,0,0.000015,0.000007,0.999961,0.000018
data_rand_fold2/Testing/notumor/Tr-no_0999.jpg,nt792,notumor,notumor,1,0.999272,2,0,0.000269,0.000240,0.999272,0.000219
data_rand_fold2/Testing/notumor/Tr-no_1000.jpg,nt123,notumor,notumor,1,0.999987,2,0,0.000009,0.000001,0.999987,0.000003
data_rand_fold2/Testing/notumor/Tr-no_1002.jpg,nt235,notumor,notumor,1,0.999966,2,0,0.000012,0.000007,0.999966,0.000015
data_rand_fold2/Testing/notumor/Tr-no_1003.jpg,nt5,notumor,notumor,1,0.999942,2,0,0.000042,0.000008,0.999942,0.000009
data_rand_fold2/Testing/notumor/Tr-no_1014.jpg,nt256,notumor,notumor,1,0.999991,2,0,0.000001,0.000005,0.999991,0.000003
data_rand_fold2/Testing/notumor/Tr-no_1017.jpg,nt807,notumor,notumor,1,0.999872,2,0,0.000046,0.000070,0.999872,0.000012
data_rand_fold2/Testing/notumor/Tr-no_1018.jpg,nt476,notumor,notumor,1,0.998679,2,0,0.000766,0.000346,0.998679,0.000208
data_rand_fold2/Testing/notumor/Tr-no_1019.jpg,nt29,notumor,notumor,1,0.999269,2,0,0.000072,0.000404,0.999269,0.000255
data_rand_fold2/Testing/notumor/Tr-no_1021.jpg,nt237,notumor,notumor,1,0.999972,2,0,0.000001,0.000020,0.999972,0.000006
data_rand_fold2/Testing/notumor/Tr-no_1028.jpg,nt809,notumor,notumor,1,0.999995,2,0,0.000004,0.000001,0.999995,0.000001
data_rand_fold2/Testing/notumor/Tr-no_1029.jpg,nt810,notumor,notumor,1,0.999977,2,0,0.000000,0.000004,0.999977,0.000019
data_rand_fold2/Testing/notumor/Tr-no_1035.jpg,nt580,notumor,notumor,1,0.999955,2,0,0.000013,0.000010,0.999955,0.000022
data_rand_fold2/Testing/notumor/Tr-no_1046.jpg,nt123,notumor,notumor,1,0.999987,2,0,0.000008,0.000001,0.999987,0.000004
data_rand_fold2/Testing/notumor/Tr-no_1054.jpg,nt6,notumor,notumor,1,0.999989,2,0,0.000001,0.000004,0.999989,0.000006
data_rand_fold2/Testing/notumor/Tr-no_1076.jpg,nt24,notumor,notumor,1,0.999971,2,0,0.000005,0.000017,0.999971,0.000007
data_rand_fold2/Testing/notumor/Tr-no_1112.jpg,nt120,notumor,notumor,1,0.999104,2,0,0.000330,0.000181,0.999104,0.000385
data_rand_fold2/Testing/notumor/Tr-no_1121.jpg,nt444,notumor,notumor,1,0.999999,2,0,0.000000,0.000001,0.999999,0.000000
data_rand_fold2/Testing/notumor/Tr-no_1186.jpg,nt235,notumor,notumor,1,0.999970,2,0,0.000007,0.000007,0.999970,0.000016
data_rand_fold2/Testing/notumor/Tr-no_1189.jpg,nt237,notumor,notumor,1,0.999970,2,0,0.000002,0.000022,0.999970,0.000006
data_rand_fold2/Testing/notumor/Tr-no_1192.jpg,nt18,notumor,notumor,1,0.999756,2,0,0.000076,0.000106,0.999756,0.000061
data_rand_fold2/Testing/notumor/Tr-no_1195.jpg,nt476,notumor,notumor,1,0.998799,2,0,0.000729,0.000270,0.998799,0.000202
data_rand_fold2/Testing/notumor/Tr-no_1203.jpg,nt547,notumor,notumor,1,0.999992,2,0,0.000001,0.000007,0.999992,0.000001
data_rand_fold2/Testing/notumor/Tr-no_1228.jpg,nt839,notumor,notumor,1,0.999481,2,0,0.000004,0.000512,0.999481,0.000004
data_rand_fold2/Testing/notumor/Tr-no_1229.jpg,nt840,notumor,notumor,1,0.999990,2,0,0.000001,0.000005,0.999990,0.000003
data_rand_fold2/Testing/notumor/Tr-no_1238.jpg,nt844,notumor,notumor,1,0.999990,2,0,0.000007,0.000002,0.999990,0.000002
data_rand_fold2/Testing/notumor/Tr-no_1240.jpg,nt546,notumor,notumor,1,0.999975,2,0,0.000001,0.000004,0.999975,0.000019
data_rand_fold2/Testing/notumor/Tr-no_1242.jpg,nt846,notumor,notumor,1,0.999906,2,0,0.000022,0.000062,0.999906,0.000010
data_rand_fold2/Testing/notumor/Tr-no_1253.jpg,nt410,notumor,notumor,1,0.999998,2,0,0.000000,0.000001,0.999998,0.000001
data_rand_fold2/Testing/notumor/Tr-no_1256.jpg,nt853,notumor,notumor,1,0.999985,2,0,0.000002,0.000012,0.999985,0.000001
data_rand_fold2/Testing/notumor/Tr-no_1261.jpg,nt856,notumor,notumor,1,0.998637,2,0,0.000027,0.001200,0.998637,0.000136
data_rand_fold2/Testing/notumor/Tr-no_1267.jpg,nt363,notumor,notumor,1,0.999992,2,0,0.000004,0.000001,0.999992,0.000002
data_rand_fold2/Testing/notumor/Tr-no_1276.jpg,nt866,notumor,notumor,1,0.999936,2,0,0.000046,0.000002,0.999936,0.000016
data_rand_fold2/Testing/notumor/Tr-no_1281.jpg,nt869,notumor,notumor,1,0.999998,2,0,0.000000,0.000002,0.999998,0.000000
data_rand_fold2/Testing/notumor/Tr-no_1286.jpg,nt873,notumor,notumor,1,0.999943,2,0,0.000003,0.000052,0.999943,0.000002
data_rand_fold2/Testing/notumor/Tr-no_1290.jpg,nt876,notumor,notumor,1,0.999958,2,0,0.000008,0.000028,0.999958,0.000006
data_rand_fold2/Testing/notumor/Tr-no_1291.jpg,nt371,notumor,notumor,1,0.999996,2,0,0.000001,0.000002,0.999996,0.000002
data_rand_fold2/Testing/notumor/Tr-no_1295.jpg,nt880,notumor,notumor,1,0.999998,2,0,0.000000,0.000000,0.999998,0.000001
data_rand_fold2/Testing/notumor/Tr-no_1311.jpg,nt889,notumor,notumor,1,0.999998,2,0,0.000001,0.000000,0.999998,0.000001
data_rand_fold2/Testing/notumor/Tr-no_1315.jpg,nt893,notumor,notumor,1,0.999993,2,0,0.000000,0.000004,0.999993,0.000002
data_rand_fold2/Testing/notumor/Tr-no_1319.jpg,nt896,notumor,notumor,1,0.999979,2,0,0.000006,0.000012,0.999979,0.000004
data_rand_fold2/Testing/notumor/Tr-no_1331.jpg,nt905,notumor,notumor,1,0.996366,2,0,0.003512,0.000023,0.996366,0.000099
data_rand_fold2/Testing/notumor/Tr-no_1345.jpg,nt911,notumor,notumor,1,0.999868,2,0,0.000116,0.000009,0.999868,0.000008
data_rand_fold2/Testing/notumor/Tr-no_1348.jpg,nt913,notumor,notumor,1,0.999978,2,0,0.000016,0.000004,0.999978,0.000002
data_rand_fold2/Testing/notumor/Tr-no_1351.jpg,nt486,notumor,notumor,1,0.999996,2,0,0.000000,0.000001,0.999996,0.000003
data_rand_fold2/Testing/notumor/Tr-no_1356.jpg,nt920,notumor,notumor,1,0.999992,2,0,0.000001,0.000005,0.999992,0.000003
data_rand_fold2/Testing/notumor/Tr-no_1361.jpg,nt925,notumor,notumor,1,0.999986,2,0,0.000003,0.000002,0.999986,0.000009
data_rand_fold2/Testing/notumor/Tr-no_1363.jpg,nt515,notumor,notumor,1,0.999981,2,0,0.000002,0.000015,0.999981,0.000003
data_rand_fold2/Testing/notumor/Tr-no_1365.jpg,nt928,notumor,notumor,1,0.999568,2,0,0.000165,0.000075,0.999568,0.000191
data_rand_fold2/Testing/notumor/Tr-no_1366.jpg,nt929,notumor,notumor,1,0.999136,2,0,0.000844,0.000010,0.999136,0.000009
data_rand_fold2/Testing/notumor/Tr-no_1369.jpg,nt931,notumor,notumor,1,0.999992,2,0,0.000004,0.000002,0.999992,0.000002
data_rand_fold2/Testing/notumor/Tr-no_1370.jpg,nt932,notumor,notumor,1,0.999419,2,0,0.000042,0.000399,0.999419,0.000140
data_rand_fold2/Testing/notumor/Tr-no_1384.jpg,nt323,notumor,notumor,1,0.999856,2,0,0.000107,0.000016,0.999856,0.000021
data_rand_fold2/Testing/notumor/Tr-no_1393.jpg,nt329,notumor,notumor,1,0.999936,2,0,0.000002,0.000060,0.999936,0.000002
data_rand_fold2/Testing/notumor/Tr-no_1399.jpg,nt333,notumor,notumor,1,0.999956,2,0,0.000016,0.000009,0.999956,0.000018
data_rand_fold2/Testing/notumor/Tr-no_1403.jpg,nt334,notumor,notumor,1,0.998986,2,0,0.000815,0.000173,0.998986,0.000026
data_rand_fold2/Testing/notumor/Tr-no_1410.jpg,nt956,notumor,notumor,1,0.999981,2,0,0.000000,0.000003,0.999981,0.000016
data_rand_fold2/Testing/notumor/Tr-no_1419.jpg,nt959,notumor,notumor,1,0.999949,2,0,0.000034,0.000007,0.999949,0.000010
data_rand_fold2/Testing/notumor/Tr-no_1423.jpg,nt351,notumor,notumor,1,0.999991,2,0,0.000001,0.000001,0.999991,0.000006
data_rand_fold2/Testing/notumor/Tr-no_1425.jpg,nt353,notumor,notumor,1,0.999983,2,0,0.000006,0.000009,0.999983,0.000003
data_rand_fold2/Testing/notumor/Tr-no_1427.jpg,nt356,notumor,notumor,1,0.999980,2,0,0.000002,0.000010,0.999980,0.000007
data_rand_fold2/Testing/notumor/Tr-no_1436.jpg,nt971,notumor,notumor,1,0.999362,2,0,0.000098,0.000297,0.999362,0.000243
data_rand_fold2/Testing/notumor/Tr-no_1438.jpg,nt972,notumor,notumor,1,0.999599,2,0,0.000220,0.000109,0.999599,0.000072
data_rand_fold2/Testing/notumor/Tr-no_1446.jpg,nt578,notumor,notumor,1,0.999992,2,0,0.000004,0.000001,0.999992,0.000004
data_rand_fold2/Testing/notumor/Tr-no_1447.jpg,nt501,notumor,notumor,1,0.999979,2,0,0.000014,0.000003,0.999979,0.000004
data_rand_fold2/Testing/notumor/Tr-no_1449.jpg,nt979,notumor,notumor,1,0.999988,2,0,0.000004,0.000005,0.999988,0.000003
data_rand_fold2/Testing/notumor/Tr-no_1451.jpg,nt503,notumor,notumor,1,0.999995,2,0,0.000001,0.000001,0.999995,0.000004
data_rand_fold2/Testing/notumor/Tr-no_1461.jpg,nt984,notumor,notumor,1,0.999662,2,0,0.000330,0.000002,0.999662,0.000006
data_rand_fold2/Testing/notumor/Tr-no_1463.jpg,nt986,notumor,notumor,1,0.967129,2,0,0.005551,0.008557,0.967129,0.018764
data_rand_fold2/Testing/notumor/Tr-no_1464.jpg,nt443,notumor,notumor,1,0.999987,2,0,0.000006,0.000002,0.999987,0.000004
data_rand_fold2/Testing/notumor/Tr-no_1466.jpg,nt550,notumor,notumor,1,0.999983,2,0,0.000002,0.000013,0.999983,0.000002
data_rand_fold2/Testing/notumor/Tr-no_1474.jpg,nt988,notumor,notumor,1,0.996974,2,0,0.002908,0.000098,0.996974,0.000020
data_rand_fold2/Testing/notumor/Tr-no_1475.jpg,nt655,notumor,notumor,1,0.999877,2,0,0.000037,0.000070,0.999877,0.000017
data_rand_fold2/Testing/notumor/Tr-no_1487.jpg,nt833,notumor,notumor,1,0.999991,2,0,0.000006,0.000001,0.999991,0.000002
data_rand_fold2/Testing/notumor/Tr-no_1491.jpg,nt427,notumor,notumor,1,0.999906,2,0,0.000078,0.000007,0.999906,0.000009
data_rand_fold2/Testing/notumor/Tr-no_1493.jpg,nt569,notumor,notumor,1,0.999985,2,0,0.000003,0.000002,0.999985,0.000011
data_rand_fold2/Testing/notumor/Tr-no_1499.jpg,nt994,notumor,notumor,1,0.999985,2,0,0.000002,0.000008,0.999985,0.000005
data_rand_fold2/Testing/notumor/Tr-no_1511.jpg,nt867,notumor,notumor,1,0.999995,2,0,0.000002,0.000003,0.999995,0.000001
data_rand_fold2/Testing/notumor/Tr-no_1512.jpg,nt868,notumor,notumor,1,0.999967,2,0,0.000011,0.000011,0.999967,0.000011
data_rand_fold2/Testing/notumor/Tr-no_1513.jpg,nt366,notumor,notumor,1,0.999987,2,0,0.000006,0.000005,0.999987,0.000003
data_rand_fold2/Testing/notumor/Tr-no_1516.jpg,nt999,notumor,notumor,1,0.999994,2,0,0.000000,0.000005,0.999994,0.000001
data_rand_fold2/Testing/notumor/Tr-no_1522.jpg,nt535,notumor,notumor,1,0.999998,2,0,0.000000,0.000001,0.999998,0.000000
data_rand_fold2/Testing/notumor/Tr-no_1524.jpg,nt1002,notumor,notumor,1,0.999957,2,0,0.000004,0.000036,0.999957,0.000003
data_rand_fold2/Testing/notumor/Tr-no_1530.jpg,nt517,notumor,notumor,1,0.999998,2,0,0.000001,0.000000,0.999998,0.000001
data_rand_fold2/Testing/notumor/Tr-no_1531.jpg,nt381,notumor,notumor,1,0.999996,2,0,0.000001,0.000001,0.999996,0.000002
data_rand_fold2/Testing/notumor/Tr-no_1534.jpg,nt1007,notumor,notumor,1,0.999913,2,0,0.000008,0.000025,0.999913,0.000054
data_rand_fold2/Testing/notumor/Tr-no_1541.jpg,nt1010,notumor,notumor,1,0.999865,2,0,0.000046,0.000084,0.999865,0.000006
data_rand_fold2/Testing/notumor/Tr-no_1550.jpg,nt325,notumor,notumor,1,0.999934,2,0,0.000008,0.000047,0.999934,0.000010
data_rand_fold2/Testing/notumor/Tr-no_1563.jpg,nt439,notumor,notumor,1,0.999996,2,0,0.000001,0.000002,0.999996,0.000001
data_rand_fold2/Testing/notumor/Tr-no_1568.jpg,nt1016,notumor,notumor,1,0.764987,2,0,0.024872,0.147543,0.764987,0.062598
data_rand_fold2/Testing/notumor/Tr-no_1581.jpg,nt918,notumor,notumor,1,0.999994,2,0,0.000000,0.000005,0.999994,0.000001
data_rand_fold2/Testing/notumor/Tr-no_1585.jpg,nt923,notumor,notumor,1,0.999707,2,0,0.000199,0.000031,0.999707,0.000063
data_rand_fold2/Testing/notumor/Tr-no_1589.jpg,nt928,notumor,notumor,1,0.999186,2,0,0.000232,0.000156,0.999186,0.000426
data_rand_fold2/Testing/notumor/Tr-no_1591.jpg,nt931,notumor,notumor,1,0.999991,2,0,0.000005,0.000002,0.999991,0.000003
data_rand_fold2/Testing/notumor/Tr-no_1593.jpg,nt1025,notumor,notumor,1,0.999999,2,0,0.000000,0.000000,0.999999,0.000000
data_rand_fold2/Testing/pituitary/Te-piTr_0006.jpg,113274,pituitary,pituitary,1,0.999999,2,0,0.000000,0.000001,0.000000,0.999999
data_rand_fold2/Testing/pituitary/Te-piTr_0008.jpg,114361,pituitary,pituitary,1,0.999670,2,0,0.000170,0.000153,0.000007,0.999670
data_rand_fold2/Testing/pituitary/Te-pi_0040.jpg,98874,pituitary,pituitary,1,0.999866,2,0,0.000000,0.000133,0.000001,0.999866
data_rand_fold2/Testing/pituitary/Te-pi_0054.jpg,106062,pituitary,pituitary,1,0.999586,2,0,0.000002,0.000358,0.000054,0.999586
data_rand_fold2/Testing/pituitary/Te-pi_0076.jpg,111125,pituitary,pituitary,1,0.999681,2,0,0.000157,0.000120,0.000043,0.999681
data_rand_fold2/Testing/pituitary/Te-pi_0087.jpg,114094,pituitary,pituitary,1,0.999409,2,0,0.000020,0.000541,0.000030,0.999409
data_rand_fold2/Testing/pituitary/Te-pi_0088.jpg,114094,pituitary,pituitary,1,0.999925,2,0,0.000011,0.000062,0.000002,0.999925
data_rand_fold2/Testing/pituitary/Te-pi_0089.jpg,106062,pituitary,pituitary,1,1.000000,2,0,0.000000,0.000000,0.000000,1.000000
data_rand_fold2/Testing/pituitary/Te-pi_0090.jpg,106062,pituitary,pituitary,1,0.999999,2,0,0.000000,0.000001,0.000000,0.999999
data_rand_fold2/Testing/pituitary/Te-pi_0105.jpg,110537,pituitary,pituitary,1,0.999922,2,0,0.000004,0.000073,0.000000,0.999922
data_rand_fold2/Testing/pituitary/Te-pi_0106.jpg,114094,pituitary,pituitary,1,0.999659,2,0,0.000025,0.000315,0.000001,0.999659
data_rand_fold2/Testing/pituitary/Te-pi_0111.jpg,111785,pituitary,pituitary,1,0.999928,2,0,0.000010,0.000061,0.000001,0.999928
data_rand_fold2/Testing/pituitary/Te-pi_0115.jpg,112746,pituitary,pituitary,1,0.999063,2,0,0.000000,0.000936,0.000001,0.999063
data_rand_fold2/Testing/pituitary/Te-pi_0117.jpg,112847,pituitary,pituitary,1,1.000000,2,0,0.000000,0.000000,0.000000,1.000000
data_rand_fold2/Testing/pituitary/Te-pi_0120.jpg,107495,pituitary,pituitary,1,0.999539,2,0,0.000001,0.000052,0.000408,0.999539
data_rand_fold2/Testing/pituitary/Te-pi_0126.jpg,107505,pituitary,pituitary,1,0.999811,2,0,0.000043,0.000036,0.000110,0.999811
data_rand_fold2/Testing/pituitary/Te-pi_0127.jpg,107743,pituitary,pituitary,1,0.999914,2,0,0.000000,0.000075,0.000011,0.999914
data_rand_fold2/Testing/pituitary/Te-pi_0129.jpg,108931,pituitary,pituitary,1,0.779921,2,0,0.000104,0.000531,0.219445,0.779921
data_rand_fold2/Testing/pituitary/Te-pi_0130.jpg,109471,pituitary,pituitary,1,0.999973,2,0,0.000000,0.000015,0.000012,0.999973
data_rand_fold2/Testing/pituitary/Te-pi_0136.jpg,111075,pituitary,pituitary,1,0.999992,2,0,0.000000,0.000006,0.000002,0.999992
data_rand_fold2/Testing/pituitary/Te-pi_0138.jpg,111125,pituitary,pituitary,1,0.999932,2,0,0.000006,0.000027,0.000035,0.999932
data_rand_fold2/Testing/pituitary/Te-pi_0142.jpg,114361,pituitary,pituitary,1,0.999910,2,0,0.000039,0.000049,0.000003,0.999910
data_rand_fold2/Testing/pituitary/Te-pi_0154.jpg,103582,pituitary,pituitary,1,0.997313,2,0,0.000022,0.002562,0.000103,0.997313
data_rand_fold2/Testing/pituitary/Te-pi_0155.jpg,103670,pituitary,pituitary,1,0.999316,2,0,0.000030,0.000295,0.000360,0.999316
data_rand_fold2/Testing/pituitary/Te-pi_0156.jpg,103671,pituitary,pituitary,1,0.941129,2,0,0.026957,0.031412,0.000501,0.941129
data_rand_fold2/Testing/pituitary/Te-pi_0157.jpg,103731,pituitary,pituitary,1,0.999877,2,0,0.000009,0.000037,0.000077,0.999877
data_rand_fold2/Testing/pituitary/Te-pi_0161.jpg,104019,pituitary,pituitary,1,0.999987,2,0,0.000000,0.000013,0.000000,0.999987
data_rand_fold2/Testing/pituitary/Te-pi_0163.jpg,104558,pituitary,pituitary,1,0.999864,2,0,0.000021,0.000097,0.000017,0.999864
data_rand_fold2/Testing/pituitary/Te-pi_0171.jpg,105538,pituitary,pituitary,1,0.979417,2,0,0.000309,0.020163,0.000111,0.979417
data_rand_fold2/Testing/pituitary/Te-pi_0173.jpg,106062,pituitary,pituitary,1,0.999102,2,0,0.000867,0.000026,0.000005,0.999102
data_rand_fold2/Testing/pituitary/Te-pi_0177.jpg,97461,pituitary,pituitary,1,0.999951,2,0,0.000004,0.000037,0.000009,0.999951
data_rand_fold2/Testing/pituitary/Te-pi_0185.jpg,106062,pituitary,pituitary,1,0.999060,2,0,0.000742,0.000088,0.000110,0.999060
data_rand_fold2/Testing/pituitary/Te-pi_0188.jpg,98992,pituitary,pituitary,1,0.974279,2,0,0.003220,0.022097,0.000403,0.974279
data_rand_fold2/Testing/pituitary/Te-pi_0198.jpg,101305,pituitary,pituitary,1,0.999721,2,0,0.000070,0.000197,0.000012,0.999721
data_rand_fold2/Testing/pituitary/Te-pi_0199.jpg,101724,pituitary,pituitary,1,0.999897,2,0,0.000025,0.000074,0.000004,0.999897
data_rand_fold2/Testing/pituitary/Te-pi_0206.jpg,103478,pituitary,pituitary,1,0.999953,2,0,0.000003,0.000042,0.000002,0.999953
data_rand_fold2/Testing/pituitary/Te-pi_0208.jpg,103670,pituitary,pituitary,1,0.999658,2,0,0.000002,0.000299,0.000041,0.999658
data_rand_fold2/Testing/pituitary/Te-pi_0219.jpg,104912,pituitary,pituitary,1,0.999834,2,0,0.000135,0.000024,0.000007,0.999834
data_rand_fold2/Testing/pituitary/Te-pi_0221.jpg,105187,pituitary,pituitary,1,0.999996,2,0,0.000001,0.000003,0.000000,0.999996
data_rand_fold2/Testing/pituitary/Te-pi_0223.jpg,105638,pituitary,pituitary,1,0.998132,2,0,0.001564,0.000287,0.000018,0.998132
data_rand_fold2/Testing/pituitary/Te-pi_0224.jpg,97416,pituitary,pituitary,1,0.788138,2,0,0.207753,0.003411,0.000698,0.788138
data_rand_fold2/Testing/pituitary/Te-pi_0245.jpg,101029,pituitary,pituitary,1,1.000000,2,0,0.000000,0.000000,0.000000,1.000000
data_rand_fold2/Testing/pituitary/Te-pi_0246.jpg,101145,pituitary,pituitary,1,0.999984,2,0,0.000001,0.000014,0.000001,0.999984
data_rand_fold2/Testing/pituitary/Te-pi_0247.jpg,101305,pituitary,pituitary,1,0.999892,2,0,0.000047,0.000048,0.000013,0.999892
data_rand_fold2/Testing/pituitary/Te-pi_0272.jpg,104912,pituitary,pituitary,1,0.999999,2,0,0.000001,0.000001,0.000000,0.999999
data_rand_fold2/Testing/pituitary/Te-pi_0287.jpg,98472,pituitary,pituitary,1,0.989201,2,0,0.000018,0.009073,0.001707,0.989201
data_rand_fold2/Testing/pituitary/Te-pi_0297.jpg,98995,pituitary,pituitary,1,0.999297,2,0,0.000011,0.000189,0.000503,0.999297
data_rand_fold2/Testing/pituitary/Tr-piTr_0003.jpg,98871,pituitary,pituitary,1,0.999960,2,0,0.000024,0.000011,0.000005,0.999960
data_rand_fold2/Testing/pituitary/Tr-pi_0011.jpg,98992,pituitary,pituitary,1,0.999988,2,0,0.000001,0.000011,0.000000,0.999988
data_rand_fold2/Testing/pituitary/Tr-pi_0013.jpg,98992,pituitary,pituitary,1,0.999992,2,0,0.000000,0.000008,0.000000,0.999992
data_rand_fold2/Testing/pituitary/Tr-pi_0017.jpg,98995,pituitary,pituitary,1,0.999678,2,0,0.000186,0.000132,0.000004,0.999678
data_rand_fold2/Testing/pituitary/Tr-pi_0020.jpg,98995,pituitary,pituitary,1,0.999743,2,0,0.000001,0.000251,0.000005,0.999743
data_rand_fold2/Testing/pituitary/Tr-pi_0022.jpg,99223,pituitary,pituitary,1,0.999984,2,0,0.000000,0.000015,0.000001,0.999984
data_rand_fold2/Testing/pituitary/Tr-pi_0023.jpg,111125,pituitary,pituitary,1,0.999944,2,0,0.000001,0.000033,0.000021,0.999944
data_rand_fold2/Testing/pituitary/Tr-pi_0046.jpg,103837,pituitary,pituitary,1,0.999894,2,0,0.000000,0.000007,0.000098,0.999894
data_rand_fold2/Testing/pituitary/Tr-pi_0061.jpg,104684,pituitary,pituitary,1,0.999999,2,0,0.000001,0.000000,0.000000,0.999999
data_rand_fold2/Testing/pituitary/Tr-pi_0062.jpg,104684,pituitary,pituitary,1,0.999993,2,0,0.000001,0.000002,0.000004,0.999993
data_rand_fold2/Testing/pituitary/Tr-pi_0066.jpg,104912,pituitary,pituitary,1,0.999938,2,0,0.000041,0.000020,0.000001,0.999938
data_rand_fold2/Testing/pituitary/Tr-pi_0069.jpg,104912,pituitary,pituitary,1,0.999993,2,0,0.000004,0.000002,0.000000,0.999993
data_rand_fold2/Testing/pituitary/Tr-pi_0075.jpg,105187,pituitary,pituitary,1,0.999896,2,0,0.000007,0.000096,0.000000,0.999896
data_rand_fold2/Testing/pituitary/Tr-pi_0077.jpg,105187,pituitary,pituitary,1,0.999961,2,0,0.000025,0.000013,0.000001,0.999961
data_rand_fold2/Testing/pituitary/Tr-pi_0091.jpg,105638,pituitary,pituitary,1,0.999998,2,0,0.000000,0.000000,0.000002,0.999998
data_rand_fold2/Testing/pituitary/Tr-pi_0094.jpg,97416,pituitary,pituitary,1,0.998593,2,0,0.001093,0.000303,0.000010,0.998593
data_rand_fold2/Testing/pituitary/Tr-pi_0096.jpg,97416,pituitary,pituitary,1,0.999951,2,0,0.000000,0.000048,0.000000,0.999951
data_rand_fold2/Testing/pituitary/Tr-pi_0101.jpg,97416,pituitary,pituitary,1,0.999172,2,0,0.000104,0.000712,0.000013,0.999172
data_rand_fold2/Testing/pituitary/Tr-pi_0111.jpg,110993,pituitary,pituitary,1,0.996248,2,0,0.000280,0.001518,0.001954,0.996248
data_rand_fold2/Testing/pituitary/Tr-pi_0112.jpg,114361,pituitary,pituitary,1,0.998707,2,0,0.000018,0.001267,0.000008,0.998707
data_rand_fold2/Testing/pituitary/Tr-pi_0114.jpg,97890,pituitary,pituitary,1,0.999990,2,0,0.000001,0.000002,0.000007,0.999990
data_rand_fold2/Testing/pituitary/Tr-pi_0126.jpg,98472,pituitary,pituitary,1,0.999928,2,0,0.000001,0.000069,0.000003,0.999928
data_rand_fold2/Testing/pituitary/Tr-pi_0132.jpg,98871,pituitary,pituitary,1,0.999718,2,0,0.000015,0.000266,0.000001,0.999718
data_rand_fold2/Testing/pituitary/Tr-pi_0135.jpg,98871,pituitary,pituitary,1,0.999996,2,0,0.000001,0.000003,0.000000,0.999996
data_rand_fold2/Testing/pituitary/Tr-pi_0137.jpg,98874,pituitary,pituitary,1,0.999998,2,0,0.000000,0.000002,0.000000,0.999998
data_rand_fold2/Testing/pituitary/Tr-pi_0151.jpg,98992,pituitary,pituitary,1,0.999979,2,0,0.000012,0.000009,0.000000,0.999979
data_rand_fold2/Testing/pituitary/Tr-pi_0157.jpg,103837,pituitary,pituitary,1,0.999894,2,0,0.000000,0.000007,0.000098,0.999894
data_rand_fold2/Testing/pituitary/Tr-pi_0164.jpg,99223,pituitary,pituitary,1,0.999774,2,0,0.000004,0.000220,0.000001,0.999774
data_rand_fold2/Testing/pituitary/Tr-pi_0177.jpg,101029,pituitary,pituitary,1,0.999990,2,0,0.000005,0.000001,0.000004,0.999990
data_rand_fold2/Testing/pituitary/Tr-pi_0179.jpg,101029,pituitary,pituitary,1,1.000000,2,0,0.000000,0.000000,0.000000,1.000000
data_rand_fold2/Testing/pituitary/Tr-pi_0185.jpg,101305,pituitary,pituitary,1,0.999605,2,0,0.000015,0.000354,0.000027,0.999605
data_rand_fold2/Testing/pituitary/Tr-pi_0188.jpg,101305,pituitary,pituitary,1,0.999544,2,0,0.000140,0.000243,0.000073,0.999544
data_rand_fold2/Testing/pituitary/Tr-pi_0204.jpg,102669,pituitary,pituitary,1,0.999892,2,0,0.000083,0.000022,0.000003,0.999892
data_rand_fold2/Testing/pituitary/Tr-pi_0214.jpg,103257,pituitary,pituitary,1,0.998037,2,0,0.000006,0.001940,0.000016,0.998037
data_rand_fold2/Testing/pituitary/Tr-pi_0223.jpg,101029,pituitary,pituitary,1,0.998814,2,0,0.000236,0.000246,0.000704,0.998814
data_rand_fold2/Testing/pituitary/Tr-pi_0228.jpg,103582,pituitary,pituitary,1,0.999981,2,0,0.000001,0.000015,0.000002,0.999981
data_rand_fold2/Testing/pituitary/Tr-pi_0236.jpg,103670,pituitary,pituitary,1,0.999997,2,0,0.000000,0.000001,0.000001,0.999997
data_rand_fold2/Testing/pituitary/Tr-pi_0238.jpg,103671,pituitary,pituitary,1,0.999999,2,0,0.000000,0.000001,0.000000,0.999999
data_rand_fold2/Testing/pituitary/Tr-pi_0241.jpg,103671,pituitary,pituitary,1,0.999669,2,0,0.000035,0.000295,0.000001,0.999669
data_rand_fold2/Testing/pituitary/Tr-pi_0245.jpg,101029,pituitary,pituitary,1,0.987483,2,0,0.000786,0.001492,0.010240,0.987483
data_rand_fold2/Testing/pituitary/Tr-pi_0252.jpg,98871,pituitary,pituitary,1,0.999910,2,0,0.000082,0.000003,0.000005,0.999910
data_rand_fold2/Testing/pituitary/Tr-pi_0255.jpg,103731,pituitary,pituitary,1,0.998949,2,0,0.000274,0.000630,0.000147,0.998949
data_rand_fold2/Testing/pituitary/Tr-pi_0258.jpg,103731,pituitary,pituitary,1,0.999272,2,0,0.000506,0.000186,0.000035,0.999272
data_rand_fold2/Testing/pituitary/Tr-pi_0267.jpg,106062,pituitary,pituitary,1,0.997821,2,0,0.002000,0.000068,0.000111,0.997821
data_rand_fold2/Testing/pituitary/Tr-pi_0268.jpg,104558,pituitary,pituitary,1,0.999930,2,0,0.000002,0.000062,0.000006,0.999930
data_rand_fold2/Testing/pituitary/Tr-pi_0280.jpg,104684,pituitary,pituitary,1,0.999802,2,0,0.000117,0.000042,0.000039,0.999802
data_rand_fold2/Testing/pituitary/Tr-pi_0282.jpg,104912,pituitary,pituitary,1,0.999881,2,0,0.000106,0.000010,0.000003,0.999881
data_rand_fold2/Testing/pituitary/Tr-pi_0287.jpg,105187,pituitary,pituitary,1,0.999989,2,0,0.000000,0.000010,0.000001,0.999989
data_rand_fold2/Testing/pituitary/Tr-pi_0298.jpg,97416,pituitary,pituitary,1,0.999917,2,0,0.000023,0.000054,0.000006,0.999917
data_rand_fold2/Testing/pituitary/Tr-pi_0305.jpg,97461,pituitary,pituitary,1,0.999496,2,0,0.000414,0.000065,0.000025,0.999496
data_rand_fold2/Testing/pituitary/Tr-pi_0306.jpg,97461,pituitary,pituitary,1,0.999964,2,0,0.000034,0.000002,0.000000,0.999964
data_rand_fold2/Testing/pituitary/Tr-pi_0308.jpg,97461,pituitary,pituitary,1,0.999995,2,0,0.000003,0.000002,0.000000,0.999995
data_rand_fold2/Testing/pituitary/Tr-pi_0310.jpg,97461,pituitary,pituitary,1,0.999713,2,0,0.000162,0.000089,0.000035,0.999713
data_rand_fold2/Testing/pituitary/Tr-pi_0319.jpg,97890,pituitary,pituitary,1,0.999833,2,0,0.000097,0.000054,0.000016,0.999833
data_rand_fold2/Testing/pituitary/Tr-pi_0320.jpg,97890,pituitary,pituitary,1,0.999894,2,0,0.000048,0.000057,0.000001,0.999894
data_rand_fold2/Testing/pituitary/Tr-pi_0321.jpg,97890,pituitary,pituitary,1,0.999894,2,0,0.000048,0.000057,0.000001,0.999894
data_rand_fold2/Testing/pituitary/Tr-pi_0328.jpg,98472,pituitary,pituitary,1,0.999896,2,0,0.000005,0.000097,0.000002,0.999896
data_rand_fold2/Testing/pituitary/Tr-pi_0330.jpg,98652,pituitary,pituitary,1,0.999512,2,0,0.000044,0.000186,0.000259,0.999512
data_rand_fold2/Testing/pituitary/Tr-pi_0331.jpg,98652,pituitary,pituitary,1,0.998799,2,0,0.000037,0.000953,0.000211,0.998799
data_rand_fold2/Testing/pituitary/Tr-pi_0333.jpg,110993,pituitary,pituitary,1,0.999929,2,0,0.000009,0.000034,0.000028,0.999929
data_rand_fold2/Testing/pituitary/Tr-pi_0341.jpg,107495,pituitary,pituitary,1,0.999985,2,0,0.000012,0.000001,0.000002,0.999985
data_rand_fold2/Testing/pituitary/Tr-pi_0342.jpg,107495,pituitary,pituitary,1,0.999994,2,0,0.000001,0.000005,0.000000,0.999994
data_rand_fold2/Testing/pituitary/Tr-pi_0343.jpg,107495,pituitary,pituitary,1,0.999994,2,0,0.000001,0.000005,0.000000,0.999994
data_rand_fold2/Testing/pituitary/Tr-pi_0348.jpg,107429,pituitary,pituitary,1,0.999518,2,0,0.000002,0.000478,0.000002,0.999518
data_rand_fold2/Testing/pituitary/Tr-pi_0354.jpg,107505,pituitary,pituitary,1,0.999950,2,0,0.000003,0.000047,0.000000,0.999950
data_rand_fold2/Testing/pituitary/Tr-pi_0355.jpg,108858,pituitary,pituitary,1,0.999938,2,0,0.000015,0.000046,0.000001,0.999938
data_rand_fold2/Testing/pituitary/Tr-pi_0360.jpg,108858,pituitary,pituitary,1,0.999559,2,0,0.000019,0.000417,0.000004,0.999559
data_rand_fold2/Testing/pituitary/Tr-pi_0361.jpg,108931,pituitary,pituitary,1,0.999985,2,0,0.000005,0.000002,0.000008,0.999985
data_rand_fold2/Testing/pituitary/Tr-pi_0362.jpg,108931,pituitary,pituitary,1,0.999996,2,0,0.000000,0.000000,0.000003,0.999996
data_rand_fold2/Testing/pituitary/Tr-pi_0365.jpg,108931,pituitary,pituitary,1,0.999727,2,0,0.000190,0.000011,0.000072,0.999727
data_rand_fold2/Testing/pituitary/Tr-pi_0375.jpg,109769,pituitary,pituitary,1,0.999977,2,0,0.000001,0.000022,0.000001,0.999977
data_rand_fold2/Testing/pituitary/Tr-pi_0382.jpg,110518,pituitary,pituitary,1,0.996865,2,0,0.000585,0.002542,0.000008,0.996865
data_rand_fold2/Testing/pituitary/Tr-pi_0383.jpg,110537,pituitary,pituitary,1,0.999943,2,0,0.000000,0.000056,0.000000,0.999943
data_rand_fold2/Testing/pituitary/Tr-pi_0388.jpg,110993,pituitary,pituitary,1,0.999948,2,0,0.000002,0.000044,0.000006,0.999948
data_rand_fold2/Testing/pituitary/Tr-pi_0392.jpg,111125,pituitary,pituitary,1,0.999806,2,0,0.000032,0.000137,0.000025,0.999806
data_rand_fold2/Testing/pituitary/Tr-pi_0401.jpg,112074,pituitary,pituitary,1,0.984082,2,0,0.013543,0.002346,0.000029,0.984082
data_rand_fold2/Testing/pituitary/Tr-pi_0406.jpg,112649,pituitary,pituitary,1,0.999878,2,0,0.000087,0.000033,0.000003,0.999878
data_rand_fold2/Testing/pituitary/Tr-pi_0415.jpg,107429,pituitary,pituitary,1,0.999916,2,0,0.000002,0.000081,0.000001,0.999916
data_rand_fold2/Testing/pituitary/Tr-pi_0418.jpg,107429,pituitary,pituitary,1,0.998936,2,0,0.000007,0.000902,0.000155,0.998936
data_rand_fold2/Testing/pituitary/Tr-pi_0421.jpg,107505,pituitary,pituitary,1,0.999944,2,0,0.000020,0.000027,0.000008,0.999944
data_rand_fold2/Testing/pituitary/Tr-pi_0426.jpg,107743,pituitary,pituitary,1,0.999210,2,0,0.000067,0.000471,0.000252,0.999210
data_rand_fold2/Testing/pituitary/Tr-pi_0427.jpg,107743,pituitary,pituitary,1,0.999721,2,0,0.000002,0.000269,0.000008,0.999721
data_rand_fold2/Testing/pituitary/Tr-pi_0431.jpg,108931,pituitary,pituitary,1,0.999825,2,0,0.000098,0.000021,0.000057,0.999825
data_rand_fold2/Testing/pituitary/Tr-pi_0435.jpg,108931,pituitary,pituitary,1,0.999015,2,0,0.000199,0.000074,0.000712,0.999015
data_rand_fold2/Testing/pituitary/Tr-pi_0438.jpg,109471,pituitary,pituitary,1,0.999515,2,0,0.000463,0.000015,0.000007,0.999515
data_rand_fold2/Testing/pituitary/Tr-pi_0440.jpg,109471,pituitary,pituitary,1,0.998461,2,0,0.001279,0.000245,0.000015,0.998461
data_rand_fold2/Testing/pituitary/Tr-pi_0441.jpg,109471,pituitary,pituitary,1,0.999948,2,0,0.000006,0.000045,0.000001,0.999948
data_rand_fold2/Testing/pituitary/Tr-pi_0445.jpg,112847,pituitary,pituitary,1,0.999935,2,0,0.000011,0.000047,0.000007,0.999935
data_rand_fold2/Testing/pituitary/Tr-pi_0448.jpg,109898,pituitary,pituitary,1,0.998812,2,0,0.000175,0.000983,0.000030,0.998812
data_rand_fold2/Testing/pituitary/Tr-pi_0454.jpg,110537,pituitary,pituitary,1,0.999903,2,0,0.000001,0.000093,0.000003,0.999903
data_rand_fold2/Testing/pituitary/Tr-pi_0456.jpg,112847,pituitary,pituitary,1,0.999971,2,0,0.000006,0.000017,0.000005,0.999971
data_rand_fold2/Testing/pituitary/Tr-pi_0464.jpg,110993,pituitary,pituitary,1,0.999904,2,0,0.000003,0.000037,0.000056,0.999904
data_rand_fold2/Testing/pituitary/Tr-pi_0467.jpg,112847,pituitary,pituitary,1,0.999987,2,0,0.000000,0.000007,0.000005,0.999987
data_rand_fold2/Testing/pituitary/Tr-pi_0468.jpg,111075,pituitary,pituitary,1,0.997758,2,0,0.002035,0.000170,0.000037,0.997758
data_rand_fold2/Testing/pituitary/Tr-pi_0471.jpg,111075,pituitary,pituitary,1,0.999543,2,0,0.000124,0.000294,0.000039,0.999543
data_rand_fold2/Testing/pituitary/Tr-pi_0472.jpg,111075,pituitary,pituitary,1,0.999625,2,0,0.000228,0.000138,0.000009,0.999625
data_rand_fold2/Testing/pituitary/Tr-pi_0473.jpg,111075,pituitary,pituitary,1,0.997218,2,0,0.001883,0.000892,0.000006,0.997218
data_rand_fold2/Testing/pituitary/Tr-pi_0474.jpg,111125,pituitary,pituitary,1,0.999992,2,0,0.000001,0.000007,0.000001,0.999992
data_rand_fold2/Testing/pituitary/Tr-pi_0484.jpg,112074,pituitary,pituitary,1,0.984277,2,0,0.011744,0.003155,0.000824,0.984277
data_rand_fold2/Testing/pituitary/Tr-pi_0495.jpg,112074,pituitary,pituitary,1,0.998423,2,0,0.000851,0.000695,0.000031,0.998423
data_rand_fold2/Testing/pituitary/Tr-pi_0501.jpg,112649,pituitary,pituitary,1,0.999937,2,0,0.000005,0.000055,0.000003,0.999937
data_rand_fold2/Testing/pituitary/Tr-pi_0505.jpg,112746,pituitary,pituitary,1,0.999610,2,0,0.000083,0.000305,0.000002,0.999610
data_rand_fold2/Testing/pituitary/Tr-pi_0523.jpg,112746,pituitary,pituitary,1,0.999998,2,0,0.000000,0.000002,0.000000,0.999998
data_rand_fold2/Testing/pituitary/Tr-pi_0524.jpg,112746,pituitary,pituitary,1,0.999894,2,0,0.000031,0.000072,0.000003,0.999894
data_rand_fold2/Testing/pituitary/Tr-pi_0530.jpg,112847,pituitary,pituitary,1,0.999929,2,0,0.000000,0.000071,0.000000,0.999929
data_rand_fold2/Testing/pituitary/Tr-pi_0533.jpg,113274,pituitary,pituitary,1,0.999987,2,0,0.000004,0.000010,0.000000,0.999987
data_rand_fold2/Testing/pituitary/Tr-pi_0543.jpg,101029,pituitary,pituitary,1,0.901539,2,0,0.003915,0.012793,0.081752,0.901539
data_rand_fold2/Testing/pituitary/Tr-pi_0545.jpg,111075,pituitary,pituitary,1,0.999977,2,0,0.000001,0.000021,0.000001,0.999977
data_rand_fold2/Testing/pituitary/Tr-pi_0547.jpg,101145,pituitary,pituitary,1,0.999923,2,0,0.000001,0.000047,0.000029,0.999923
data_rand_fold2/Testing/pituitary/Tr-pi_0551.jpg,101724,pituitary,pituitary,1,0.999505,2,0,0.000084,0.000108,0.000303,0.999505
data_rand_fold2/Testing/pituitary/Tr-pi_0558.jpg,103046,pituitary,pituitary,1,0.999957,2,0,0.000000,0.000020,0.000022,0.999957
data_rand_fold2/Testing/pituitary/Tr-pi_0559.jpg,103046,pituitary,pituitary,1,0.999267,2,0,0.000005,0.000053,0.000675,0.999267
data_rand_fold2/Testing/pituitary/Tr-pi_0560.jpg,103046,pituitary,pituitary,1,0.999648,2,0,0.000005,0.000052,0.000295,0.999648
data_rand_fold2/Testing/pituitary/Tr-pi_0564.jpg,103257,pituitary,pituitary,1,0.999992,2,0,0.000000,0.000007,0.000001,0.999992
data_rand_fold2/Testing/pituitary/Tr-pi_0567.jpg,103478,pituitary,pituitary,1,0.999253,2,0,0.000025,0.000703,0.000018,0.999253
data_rand_fold2/Testing/pituitary/Tr-pi_0571.jpg,114361,pituitary,pituitary,1,0.999993,2,0,0.000001,0.000005,0.000001,0.999993
data_rand_fold2/Testing/pituitary/Tr-pi_0573.jpg,103582,pituitary,pituitary,1,0.997989,2,0,0.000210,0.001761,0.000040,0.997989
data_rand_fold2/Testing/pituitary/Tr-pi_0576.jpg,103670,pituitary,pituitary,1,0.999892,2,0,0.000000,0.000053,0.000054,0.999892
data_rand_fold2/Testing/pituitary/Tr-pi_0579.jpg,103671,pituitary,pituitary,1,0.852640,2,0,0.001771,0.145138,0.000451,0.852640
data_rand_fold2/Testing/pituitary/Tr-pi_0581.jpg,103671,pituitary,pituitary,1,0.863966,2,0,0.015825,0.119564,0.000646,0.863966
data_rand_fold2/Testing/pituitary/Tr-pi_0583.jpg,103731,pituitary,pituitary,1,0.999996,2,0,0.000000,0.000003,0.000000,0.999996
data_rand_fold2/Testing/pituitary/Tr-pi_0584.jpg,103731,pituitary,pituitary,1,0.999985,2,0,0.000002,0.000008,0.000005,0.999985
data_rand_fold2/Testing/pituitary/Tr-pi_0595.jpg,104558,pituitary,pituitary,1,0.999990,2,0,0.000000,0.000010,0.000000,0.999990
data_rand_fold2/Testing/pituitary/Tr-pi_0597.jpg,114094,pituitary,pituitary,1,0.998965,2,0,0.000528,0.000325,0.000182,0.998965
data_rand_fold2/Testing/pituitary/Tr-pi_0603.jpg,104684,pituitary,pituitary,1,0.998390,2,0,0.000012,0.000079,0.001519,0.998390
data_rand_fold2/Testing/pituitary/Tr-pi_0606.jpg,104912,pituitary,pituitary,1,0.999984,2,0,0.000001,0.000014,0.000001,0.999984
data_rand_fold2/Testing/pituitary/Tr-pi_0610.jpg,105475,pituitary,pituitary,1,0.999790,2,0,0.000001,0.000208,0.000001,0.999790
data_rand_fold2/Testing/pituitary/Tr-pi_0611.jpg,105475,pituitary,pituitary,1,0.999818,2,0,0.000004,0.000153,0.000025,0.999818
data_rand_fold2/Testing/pituitary/Tr-pi_0613.jpg,105538,pituitary,pituitary,1,0.974444,2,0,0.001145,0.023912,0.000499,0.974444
data_rand_fold2/Testing/pituitary/Tr-pi_0622.jpg,114094,pituitary,pituitary,1,0.999590,2,0,0.000151,0.000250,0.000009,0.999590
data_rand_fold2/Testing/pituitary/Tr-pi_0624.jpg,97461,pituitary,pituitary,1,0.999968,2,0,0.000002,0.000029,0.000001,0.999968
data_rand_fold2/Testing/pituitary/Tr-pi_0632.jpg,114094,pituitary,pituitary,1,0.999610,2,0,0.000036,0.000317,0.000037,0.999610
data_rand_fold2/Testing/pituitary/Tr-pi_0634.jpg,98472,pituitary,pituitary,1,0.999735,2,0,0.000001,0.000213,0.000051,0.999735
data_rand_fold2/Testing/pituitary/Tr-pi_0636.jpg,98472,pituitary,pituitary,1,0.999730,2,0,0.000005,0.000027,0.000238,0.999730
data_rand_fold2/Testing/pituitary/Tr-pi_0637.jpg,98472,pituitary,pituitary,1,0.994578,2,0,0.000006,0.005195,0.000221,0.994578
data_rand_fold2/Testing/pituitary/Tr-pi_0642.jpg,98652,pituitary,pituitary,1,0.973914,2,0,0.000012,0.000099,0.025975,0.973914
data_rand_fold2/Testing/pituitary/Tr-pi_0649.jpg,106062,pituitary,pituitary,1,1.000000,2,0,0.000000,0.000000,0.000000,1.000000
data_rand_fold2/Testing/pituitary/Tr-pi_0652.jpg,98992,pituitary,pituitary,1,0.999962,2,0,0.000005,0.000032,0.000000,0.999962
data_rand_fold2/Testing/pituitary/Tr-pi_0658.jpg,98995,pituitary,pituitary,1,0.999004,2,0,0.000001,0.000852,0.000143,0.999004
data_rand_fold2/Testing/pituitary/Tr-pi_0659.jpg,98995,pituitary,pituitary,1,0.999824,2,0,0.000002,0.000145,0.000028,0.999824
data_rand_fold2/Testing/pituitary/Tr-pi_0665.jpg,99223,pituitary,pituitary,1,0.999979,2,0,0.000005,0.000015,0.000001,0.999979
data_rand_fold2/Testing/pituitary/Tr-pi_0671.jpg,101017,pituitary,pituitary,1,0.997723,2,0,0.000296,0.001854,0.000126,0.997723
data_rand_fold2/Testing/pituitary/Tr-pi_0682.jpg,101305,pituitary,pituitary,1,0.999913,2,0,0.000025,0.000055,0.000007,0.999913
data_rand_fold2/Testing/pituitary/Tr-pi_0684.jpg,101724,pituitary,pituitary,1,0.999582,2,0,0.000097,0.000314,0.000007,0.999582
data_rand_fold2/Testing/pituitary/Tr-pi_0685.jpg,101724,pituitary,pituitary,1,0.999833,2,0,0.000048,0.000112,0.000006,0.999833
data_rand_fold2/Testing/pituitary/Tr-pi_0686.jpg,102648,pituitary,pituitary,1,0.997549,2,0,0.002246,0.000106,0.000099,0.997549
data_rand_fold2/Testing/pituitary/Tr-pi_0688.jpg,102648,pituitary,pituitary,1,0.999779,2,0,0.000209,0.000010,0.000002,0.999779
data_rand_fold2/Testing/pituitary/Tr-pi_0690.jpg,104912,pituitary,pituitary,1,0.999973,2,0,0.000001,0.000018,0.000009,0.999973
data_rand_fold2/Testing/pituitary/Tr-pi_0692.jpg,104684,pituitary,pituitary,1,0.999423,2,0,0.000034,0.000101,0.000443,0.999423
data_rand_fold2/Testing/pituitary/Tr-pi_0695.jpg,112649,pituitary,pituitary,1,0.999917,2,0,0.000047,0.000023,0.000012,0.999917
data_rand_fold2/Testing/pituitary/Tr-pi_0700.jpg,103257,pituitary,pituitary,1,0.999986,2,0,0.000001,0.000012,0.000001,0.999986
data_rand_fold2/Testing/pituitary/Tr-pi_0706.jpg,107495,pituitary,pituitary,1,0.999659,2,0,0.000004,0.000102,0.000235,0.999659
data_rand_fold2/Testing/pituitary/Tr-pi_0709.jpg,107495,pituitary,pituitary,1,0.999846,2,0,0.000010,0.000129,0.000015,0.999846
data_rand_fold2/Testing/pituitary/Tr-pi_0718.jpg,103257,pituitary,pituitary,1,0.999817,2,0,0.000005,0.000172,0.000006,0.999817
data_rand_fold2/Testing/pituitary/Tr-pi_0731.jpg,109471,pituitary,pituitary,1,0.999735,2,0,0.000019,0.000230,0.000016,0.999735
data_rand_fold2/Testing/pituitary/Tr-pi_0741.jpg,109898,pituitary,pituitary,1,0.997176,2,0,0.000126,0.001184,0.001514,0.997176
data_rand_fold2/Testing/pituitary/Tr-pi_0746.jpg,103478,pituitary,pituitary,1,0.999935,2,0,0.000020,0.000029,0.000016,0.999935
data_rand_fold2/Testing/pituitary/Tr-pi_0761.jpg,109898,pituitary,pituitary,1,0.866979,2,0,0.000212,0.132012,0.000797,0.866979
data_rand_fold2/Testing/pituitary/Tr-pi_0763.jpg,110518,pituitary,pituitary,1,0.997948,2,0,0.000891,0.001120,0.000040,0.997948
data_rand_fold2/Testing/pituitary/Tr-pi_0764.jpg,110518,pituitary,pituitary,1,0.988285,2,0,0.000556,0.011140,0.000019,0.988285
data_rand_fold2/Testing/pituitary/Tr-pi_0766.jpg,112847,pituitary,pituitary,1,0.999847,2,0,0.000008,0.000143,0.000002,0.999847
data_rand_fold2/Testing/pituitary/Tr-pi_0773.jpg,112847,pituitary,pituitary,1,0.999934,2,0,0.000000,0.000065,0.000001,0.999934
data_rand_fold2/Testing/pituitary/Tr-pi_0774.jpg,110537,pituitary,pituitary,1,0.999474,2,0,0.000006,0.000483,0.000036,0.999474
data_rand_fold2/Testing/pituitary/Tr-pi_0780.jpg,111075,pituitary,pituitary,1,0.999804,2,0,0.000112,0.000082,0.000001,0.999804
data_rand_fold2/Testing/pituitary/Tr-pi_0790.jpg,111785,pituitary,pituitary,1,0.999895,2,0,0.000034,0.000063,0.000009,0.999895
data_rand_fold2/Testing/pituitary/Tr-pi_0796.jpg,112649,pituitary,pituitary,1,0.999228,2,0,0.000344,0.000320,0.000108,0.999228
data_rand_fold2/Testing/pituitary/Tr-pi_0797.jpg,112649,pituitary,pituitary,1,0.999893,2,0,0.000044,0.000057,0.000006,0.999893
data_rand_fold2/Testing/pituitary/Tr-pi_0798.jpg,112649,pituitary,pituitary,1,0.999404,2,0,0.000512,0.000074,0.000010,0.999404
data_rand_fold2/Testing/pituitary/Tr-pi_0802.jpg,113274,pituitary,pituitary,1,0.999946,2,0,0.000001,0.000051,0.000002,0.999946
data_rand_fold2/Testing/pituitary/Tr-pi_0817.jpg,114361,pituitary,pituitary,1,0.999850,2,0,0.000017,0.000131,0.000002,0.999850
data_rand_fold2/Testing/pituitary/Tr-pi_0835.jpg,107495,pituitary,pituitary,1,0.999995,2,0,0.000001,0.000004,0.000000,0.999995
data_rand_fold2/Testing/pituitary/Tr-pi_0838.jpg,107429,pituitary,pituitary,1,0.999998,2,0,0.000000,0.000002,0.000000,0.999998
data_rand_fold2/Testing/pituitary/Tr-pi_0840.jpg,107429,pituitary,pituitary,1,0.999988,2,0,0.000000,0.000012,0.000000,0.999988
data_rand_fold2/Testing/pituitary/Tr-pi_0841.jpg,114040,pituitary,pituitary,1,0.993022,2,0,0.000308,0.004226,0.002443,0.993022
data_rand_fold2/Testing/pituitary/Tr-pi_0842.jpg,107429,pituitary,pituitary,1,0.999846,2,0,0.000047,0.000105,0.000001,0.999846
data_rand_fold2/Testing/pituitary/Tr-pi_0853.jpg,108931,pituitary,pituitary,1,0.999846,2,0,0.000003,0.000004,0.000148,0.999846
data_rand_fold2/Testing/pituitary/Tr-pi_0854.jpg,108931,pituitary,pituitary,1,0.999903,2,0,0.000002,0.000001,0.000094,0.999903
data_rand_fold2/Testing/pituitary/Tr-pi_0861.jpg,109471,pituitary,pituitary,1,1.000000,2,0,0.000000,0.000000,0.000000,1.000000
data_rand_fold2/Testing/pituitary/Tr-pi_0864.jpg,109769,pituitary,pituitary,1,0.999915,2,0,0.000004,0.000012,0.000069,0.999915
data_rand_fold2/Testing/pituitary/Tr-pi_0865.jpg,109769,pituitary,pituitary,1,0.999105,2,0,0.000070,0.000018,0.000807,0.999105
data_rand_fold2/Testing/pituitary/Tr-pi_0866.jpg,109769,pituitary,pituitary,1,0.999987,2,0,0.000002,0.000007,0.000004,0.999987
data_rand_fold2/Testing/pituitary/Tr-pi_0871.jpg,110518,pituitary,pituitary,1,0.997362,2,0,0.000001,0.002631,0.000006,0.997362
data_rand_fold2/Testing/pituitary/Tr-pi_0877.jpg,114361,pituitary,pituitary,1,0.999310,2,0,0.000005,0.000682,0.000003,0.999310
data_rand_fold2/Testing/pituitary/Tr-pi_0879.jpg,111075,pituitary,pituitary,1,0.999986,2,0,0.000001,0.000013,0.000000,0.999986
data_rand_fold2/Testing/pituitary/Tr-pi_0882.jpg,111125,pituitary,pituitary,1,0.999980,2,0,0.000002,0.000014,0.000003,0.999980
data_rand_fold2/Testing/pituitary/Tr-pi_0889.jpg,105936,pituitary,pituitary,1,0.998936,2,0,0.000001,0.000022,0.001042,0.998936
data_rand_fold2/Testing/pituitary/Tr-pi_0892.jpg,106062,pituitary,pituitary,1,0.999533,2,0,0.000077,0.000290,0.000099,0.999533
data_rand_fold2/Testing/pituitary/Tr-pi_0894.jpg,112074,pituitary,pituitary,1,0.999951,2,0,0.000008,0.000036,0.000006,0.999951
data_rand_fold2/Testing/pituitary/Tr-pi_0902.jpg,112746,pituitary,pituitary,1,0.999996,2,0,0.000000,0.000004,0.000000,0.999996
data_rand_fold2/Testing/pituitary/Tr-pi_0904.jpg,112746,pituitary,pituitary,1,0.999989,2,0,0.000000,0.000011,0.000000,0.999989
data_rand_fold2/Testing/pituitary/Tr-pi_0909.jpg,112847,pituitary,pituitary,1,0.999820,2,0,0.000000,0.000180,0.000000,0.999820
data_rand_fold2/Testing/pituitary/Tr-pi_0912.jpg,105936,pituitary,pituitary,1,0.999938,2,0,0.000002,0.000056,0.000004,0.999938
data_rand_fold2/Testing/pituitary/Tr-pi_0920.jpg,107495,pituitary,pituitary,1,0.997930,2,0,0.000090,0.001285,0.000695,0.997930
data_rand_fold2/Testing/pituitary/Tr-pi_0922.jpg,107495,pituitary,pituitary,1,0.999432,2,0,0.000029,0.000177,0.000362,0.999432
data_rand_fold2/Testing/pituitary/Tr-pi_0925.jpg,107429,pituitary,pituitary,1,0.999928,2,0,0.000000,0.000070,0.000002,0.999928
data_rand_fold2/Testing/pituitary/Tr-pi_0933.jpg,107505,pituitary,pituitary,1,0.999939,2,0,0.000009,0.000023,0.000030,0.999939
data_rand_fold2/Testing/pituitary/Tr-pi_0940.jpg,108858,pituitary,pituitary,1,0.998946,2,0,0.000192,0.000734,0.000128,0.998946
data_rand_fold2/Testing/pituitary/Tr-pi_0946.jpg,109471,pituitary,pituitary,1,0.999453,2,0,0.000002,0.000516,0.000029,0.999453
data_rand_fold2/Testing/pituitary/Tr-pi_0952.jpg,113741,pituitary,pituitary,1,0.999957,2,0,0.000000,0.000012,0.000031,0.999957
data_rand_fold2/Testing/pituitary/Tr-pi_0954.jpg,109898,pituitary,pituitary,1,0.999744,2,0,0.000042,0.000160,0.000055,0.999744
data_rand_fold2/Testing/pituitary/Tr-pi_0963.jpg,111075,pituitary,pituitary,1,0.999855,2,0,0.000008,0.000097,0.000040,0.999855
data_rand_fold2/Testing/pituitary/Tr-pi_0968.jpg,113741,pituitary,pituitary,1,0.999995,2,0,0.000002,0.000002,0.000001,0.999995
data_rand_fold2/Testing/pituitary/Tr-pi_0970.jpg,111125,pituitary,pituitary,1,0.999925,2,0,0.000001,0.000063,0.000012,0.999925
data_rand_fold2/Testing/pituitary/Tr-pi_0971.jpg,111785,pituitary,pituitary,1,0.999901,2,0,0.000004,0.000075,0.000019,0.999901
data_rand_fold2/Testing/pituitary/Tr-pi_0975.jpg,112074,pituitary,pituitary,1,0.997523,2,0,0.000541,0.001833,0.000102,0.997523
data_rand_fold2/Testing/pituitary/Tr-pi_0977.jpg,112649,pituitary,pituitary,1,0.999950,2,0,0.000016,0.000028,0.000006,0.999950
data_rand_fold2/Testing/pituitary/Tr-pi_0978.jpg,114040,pituitary,pituitary,1,0.999654,2,0,0.000028,0.000312,0.000005,0.999654
data_rand_fold2/Testing/pituitary/Tr-pi_0981.jpg,114361,pituitary,pituitary,1,0.999997,2,0,0.000000,0.000002,0.000000,0.999997
data_rand_fold2/Testing/pituitary/Tr-pi_0987.jpg,101145,pituitary,pituitary,1,0.999775,2,0,0.000005,0.000137,0.000083,0.999775
data_rand_fold2/Testing/pituitary/Tr-pi_0995.jpg,102648,pituitary,pituitary,1,0.999556,2,0,0.000386,0.000058,0.000000,0.999556
data_rand_fold2/Testing/pituitary/Tr-pi_0996.jpg,101017,pituitary,pituitary,1,0.999988,2,0,0.000000,0.000004,0.000009,0.999988
data_rand_fold2/Testing/pituitary/Tr-pi_0997.jpg,102648,pituitary,pituitary,1,0.999752,2,0,0.000168,0.000080,0.000000,0.999752
data_rand_fold2/Testing/pituitary/Tr-pi_0998.jpg,102648,pituitary,pituitary,1,0.999636,2,0,0.000245,0.000119,0.000001,0.999636
data_rand_fold2/Testing/pituitary/Tr-pi_1002.jpg,103046,pituitary,pituitary,1,0.999377,2,0,0.000002,0.000113,0.000508,0.999377
data_rand_fold2/Testing/pituitary/Tr-pi_1007.jpg,103257,pituitary,pituitary,1,0.999938,2,0,0.000000,0.000062,0.000000,0.999938
data_rand_fold2/Testing/pituitary/Tr-pi_1010.jpg,103478,pituitary,pituitary,1,0.999990,2,0,0.000000,0.000010,0.000001,0.999990
data_rand_fold2/Testing/pituitary/Tr-pi_1021.jpg,103671,pituitary,pituitary,1,0.997175,2,0,0.000031,0.002776,0.000017,0.997175
data_rand_fold2/Testing/pituitary/Tr-pi_1022.jpg,103671,pituitary,pituitary,1,0.848802,2,0,0.001049,0.149637,0.000511,0.848802
data_rand_fold2/Testing/pituitary/Tr-pi_1026.jpg,103731,pituitary,pituitary,1,0.999995,2,0,0.000000,0.000004,0.000001,0.999995
data_rand_fold2/Testing/pituitary/Tr-pi_1033.jpg,103837,pituitary,pituitary,1,0.999949,2,0,0.000000,0.000006,0.000045,0.999949
data_rand_fold2/Testing/pituitary/Tr-pi_1038.jpg,103837,pituitary,pituitary,1,0.999838,2,0,0.000000,0.000036,0.000127,0.999838
data_rand_fold2/Testing/pituitary/Tr-pi_1053.jpg,104684,pituitary,pituitary,1,0.999594,2,0,0.000003,0.000019,0.000384,0.999594
data_rand_fold2/Testing/pituitary/Tr-pi_1069.jpg,105638,pituitary,pituitary,1,0.999700,2,0,0.000002,0.000152,0.000146,0.999700
data_rand_fold2/Testing/pituitary/Tr-pi_1075.jpg,97416,pituitary,pituitary,1,0.999947,2,0,0.000000,0.000051,0.000001,0.999947
data_rand_fold2/Testing/pituitary/Tr-pi_1077.jpg,97416,pituitary,pituitary,1,0.999872,2,0,0.000001,0.000120,0.000008,0.999872
data_rand_fold2/Testing/pituitary/Tr-pi_1080.jpg,97461,pituitary,pituitary,1,0.999225,2,0,0.000039,0.000722,0.000014,0.999225
data_rand_fold2/Testing/pituitary/Tr-pi_1083.jpg,97461,pituitary,pituitary,1,0.998743,2,0,0.000715,0.000488,0.000054,0.998743
data_rand_fold2/Testing/pituitary/Tr-pi_1096.jpg,98472,pituitary,pituitary,1,0.999988,2,0,0.000000,0.000004,0.000007,0.999988
data_rand_fold2/Testing/pituitary/Tr-pi_1098.jpg,98472,pituitary,pituitary,1,0.999197,2,0,0.000002,0.000769,0.000033,0.999197
data_rand_fold2/Testing/pituitary/Tr-pi_1103.jpg,98871,pituitary,pituitary,1,0.999905,2,0,0.000020,0.000071,0.000004,0.999905
data_rand_fold2/Testing/pituitary/Tr-pi_1111.jpg,98874,pituitary,pituitary,1,0.998539,2,0,0.000041,0.001410,0.000009,0.998539
data_rand_fold2/Testing/pituitary/Tr-pi_1122.jpg,99223,pituitary,pituitary,1,0.994299,2,0,0.005250,0.000426,0.000026,0.994299
data_rand_fold2/Testing/pituitary/Tr-pi_1123.jpg,107495,pituitary,pituitary,1,0.999916,2,0,0.000002,0.000078,0.000005,0.999916
data_rand_fold2/Testing/pituitary/Tr-pi_1129.jpg,101017,pituitary,pituitary,1,0.999962,2,0,0.000036,0.000000,0.000002,0.999962
data_rand_fold2/Testing/pituitary/Tr-pi_1140.jpg,101145,pituitary,pituitary,1,0.999843,2,0,0.000065,0.000069,0.000022,0.999843
data_rand_fold2/Testing/pituitary/Tr-pi_1148.jpg,101305,pituitary,pituitary,1,0.999473,2,0,0.000088,0.000407,0.000032,0.999473
data_rand_fold2/Testing/pituitary/Tr-pi_1149.jpg,101724,pituitary,pituitary,1,0.999835,2,0,0.000074,0.000090,0.000002,0.999835
data_rand_fold2/Testing/pituitary/Tr-pi_1151.jpg,102648,pituitary,pituitary,1,0.999701,2,0,0.000202,0.000039,0.000058,0.999701
data_rand_fold2/Testing/pituitary/Tr-pi_1152.jpg,102648,pituitary,pituitary,1,0.999850,2,0,0.000119,0.000013,0.000018,0.999850
data_rand_fold2/Testing/pituitary/Tr-pi_1155.jpg,102669,pituitary,pituitary,1,0.993942,2,0,0.002808,0.003211,0.000040,0.993942
data_rand_fold2/Testing/pituitary/Tr-pi_1158.jpg,103046,pituitary,pituitary,1,0.998286,2,0,0.000247,0.001460,0.000007,0.998286
data_rand_fold2/Testing/pituitary/Tr-pi_1163.jpg,103257,pituitary,pituitary,1,0.999962,2,0,0.000002,0.000033,0.000003,0.999962
data_rand_fold2/Testing/pituitary/Tr-pi_1165.jpg,103478,pituitary,pituitary,1,0.999533,2,0,0.000221,0.000074,0.000172,0.999533
data_rand_fold2/Testing/pituitary/Tr-pi_1170.jpg,103478,pituitary,pituitary,1,0.999994,2,0,0.000000,0.000004,0.000001,0.999994
data_rand_fold2/Testing/pituitary/Tr-pi_1176.jpg,103670,pituitary,pituitary,1,0.999971,2,0,0.000001,0.000024,0.000005,0.999971
data_rand_fold2/Testing/pituitary/Tr-pi_1177.jpg,103670,pituitary,pituitary,1,0.999716,2,0,0.000019,0.000166,0.000099,0.999716
data_rand_fold2/Testing/pituitary/Tr-pi_1179.jpg,103671,pituitary,pituitary,1,0.999981,2,0,0.000005,0.000013,0.000001,0.999981
data_rand_fold2/Testing/pituitary/Tr-pi_1185.jpg,103731,pituitary,pituitary,1,0.999488,2,0,0.000093,0.000394,0.000024,0.999488
data_rand_fold2/Testing/pituitary/Tr-pi_1186.jpg,103731,pituitary,pituitary,1,0.999943,2,0,0.000029,0.000026,0.000003,0.999943
data_rand_fold2/Testing/pituitary/Tr-pi_1195.jpg,104019,pituitary,pituitary,1,0.999995,2,0,0.000001,0.000002,0.000001,0.999995
data_rand_fold2/Testing/pituitary/Tr-pi_1197.jpg,107429,pituitary,pituitary,1,0.999926,2,0,0.000003,0.000069,0.000001,0.999926
data_rand_fold2/Testing/pituitary/Tr-pi_1202.jpg,104558,pituitary,pituitary,1,0.999999,2,0,0.000000,0.000000,0.000000,0.999999
data_rand_fold2/Testing/pituitary/Tr-pi_1203.jpg,104558,pituitary,pituitary,1,0.999859,2,0,0.000052,0.000088,0.000001,0.999859
data_rand_fold2/Testing/pituitary/Tr-pi_1205.jpg,104684,pituitary,pituitary,1,0.997993,2,0,0.000272,0.000613,0.001123,0.997993
data_rand_fold2/Testing/pituitary/Tr-pi_1210.jpg,104912,pituitary,pituitary,1,0.996104,2,0,0.003673,0.000194,0.000028,0.996104
data_rand_fold2/Testing/pituitary/Tr-pi_1215.jpg,105187,pituitary,pituitary,1,0.999999,2,0,0.000000,0.000000,0.000001,0.999999
data_rand_fold2/Testing/pituitary/Tr-pi_1224.jpg,105638,pituitary,pituitary,1,0.999420,2,0,0.000531,0.000041,0.000007,0.999420
data_rand_fold2/Testing/pituitary/Tr-pi_1228.jpg,107505,pituitary,pituitary,1,0.999865,2,0,0.000018,0.000097,0.000020,0.999865
data_rand_fold2/Testing/pituitary/Tr-pi_1237.jpg,97461,pituitary,pituitary,1,0.999998,2,0,0.000000,0.000001,0.000000,0.999998
data_rand_fold2/Testing/pituitary/Tr-pi_1246.jpg,97890,pituitary,pituitary,1,0.999652,2,0,0.000314,0.000020,0.000015,0.999652
data_rand_fold2/Testing/pituitary/Tr-pi_1247.jpg,97890,pituitary,pituitary,1,0.999920,2,0,0.000031,0.000044,0.000005,0.999920
data_rand_fold2/Testing/pituitary/Tr-pi_1248.jpg,97890,pituitary,pituitary,1,0.998303,2,0,0.001633,0.000050,0.000014,0.998303
data_rand_fold2/Testing/pituitary/Tr-pi_1252.jpg,98472,pituitary,pituitary,1,0.997271,2,0,0.000041,0.002675,0.000013,0.997271
data_rand_fold2/Testing/pituitary/Tr-pi_1254.jpg,98652,pituitary,pituitary,1,0.999974,2,0,0.000009,0.000014,0.000004,0.999974
data_rand_fold2/Testing/pituitary/Tr-pi_1255.jpg,98652,pituitary,pituitary,1,0.999944,2,0,0.000006,0.000044,0.000006,0.999944
data_rand_fold2/Testing/pituitary/Tr-pi_1259.jpg,98871,pituitary,pituitary,1,0.999990,2,0,0.000003,0.000002,0.000005,0.999990
data_rand_fold2/Testing/pituitary/Tr-pi_1264.jpg,98874,pituitary,pituitary,1,0.995216,2,0,0.000408,0.004355,0.000021,0.995216
data_rand_fold2/Testing/pituitary/Tr-pi_1273.jpg,107743,pituitary,pituitary,1,0.999003,2,0,0.000733,0.000231,0.000033,0.999003
data_rand_fold2/Testing/pituitary/Tr-pi_1279.jpg,99223,pituitary,pituitary,1,0.999975,2,0,0.000001,0.000023,0.000000,0.999975
data_rand_fold2/Testing/pituitary/Tr-pi_1282.jpg,99223,pituitary,pituitary,1,0.999868,2,0,0.000055,0.000073,0.000004,0.999868
data_rand_fold2/Testing/pituitary/Tr-pi_1292.jpg,101145,pituitary,pituitary,1,0.999976,2,0,0.000000,0.000024,0.000000,0.999976
data_rand_fold2/Testing/pituitary/Tr-pi_1298.jpg,101305,pituitary,pituitary,1,0.999779,2,0,0.000033,0.000172,0.000015,0.999779
data_rand_fold2/Testing/pituitary/Tr-pi_1299.jpg,101724,pituitary,pituitary,1,0.999739,2,0,0.000261,0.000001,0.000000,0.999739
data_rand_fold2/Testing/pituitary/Tr-pi_1316.jpg,103257,pituitary,pituitary,1,0.999966,2,0,0.000000,0.000032,0.000002,0.999966
data_rand_fold2/Testing/pituitary/Tr-pi_1318.jpg,108858,pituitary,pituitary,1,0.999866,2,0,0.000047,0.000040,0.000048,0.999866
data_rand_fold2/Testing/pituitary/Tr-pi_1328.jpg,103582,pituitary,pituitary,1,0.999890,2,0,0.000002,0.000106,0.000002,0.999890
data_rand_fold2/Testing/pituitary/Tr-pi_1331.jpg,103582,pituitary,pituitary,1,0.999819,2,0,0.000001,0.000180,0.000000,0.999819
data_rand_fold2/Testing/pituitary/Tr-pi_1332.jpg,103582,pituitary,pituitary,1,0.999453,2,0,0.000012,0.000512,0.000023,0.999453
data_rand_fold2/Testing/pituitary/Tr-pi_1338.jpg,103671,pituitary,pituitary,1,0.999993,2,0,0.000001,0.000005,0.000000,0.999993
data_rand_fold2/Testing/pituitary/Tr-pi_1355.jpg,104558,pituitary,pituitary,1,1.000000,2,0,0.000000,0.000000,0.000000,1.000000
data_rand_fold2/Testing/pituitary/Tr-pi_1363.jpg,104684,pituitary,pituitary,1,0.999999,2,0,0.000000,0.000000,0.000000,0.999999
data_rand_fold2/Testing/pituitary/Tr-pi_1367.jpg,104684,pituitary,pituitary,1,1.000000,2,0,0.000000,0.000001,0.000000,1.000000
data_rand_fold2/Testing/pituitary/Tr-pi_1371.jpg,108931,pituitary,pituitary,1,0.998818,2,0,0.000354,0.000273,0.000555,0.998818
data_rand_fold2/Testing/pituitary/Tr-pi_1383.jpg,105538,pituitary,pituitary,1,0.870264,2,0,0.120359,0.002031,0.007346,0.870264
data_rand_fold2/Testing/pituitary/Tr-pi_1385.jpg,105638,pituitary,pituitary,1,0.999998,2,0,0.000000,0.000001,0.000001,0.999998
data_rand_fold2/Testing/pituitary/Tr-pi_1389.jpg,97416,pituitary,pituitary,1,0.999899,2,0,0.000037,0.000061,0.000003,0.999899
data_rand_fold2/Testing/pituitary/Tr-pi_1400.jpg,97461,pituitary,pituitary,1,0.999953,2,0,0.000014,0.000032,0.000001,0.999953
data_rand_fold2/Testing/pituitary/Tr-pi_1411.jpg,97890,pituitary,pituitary,1,0.999992,2,0,0.000001,0.000003,0.000004,0.999992
data_rand_fold2/Testing/pituitary/Tr-pi_1415.jpg,98472,pituitary,pituitary,1,0.999999,2,0,0.000000,0.000001,0.000000,0.999999
data_rand_fold2/Testing/pituitary/Tr-pi_1418.jpg,98652,pituitary,pituitary,1,0.999503,2,0,0.000062,0.000106,0.000329,0.999503
data_rand_fold2/Testing/pituitary/Tr-pi_1425.jpg,98871,pituitary,pituitary,1,0.988231,2,0,0.003091,0.008099,0.000579,0.988231
data_rand_fold2/Testing/pituitary/Tr-pi_1430.jpg,98874,pituitary,pituitary,1,0.994268,2,0,0.000460,0.005254,0.000018,0.994268
data_rand_fold2/Testing/pituitary/Tr-pi_1433.jpg,98992,pituitary,pituitary,1,0.999977,2,0,0.000007,0.000011,0.000005,0.999977
data_rand_fold2/Testing/pituitary/Tr-pi_1435.jpg,98992,pituitary,pituitary,1,0.999999,2,0,0.000000,0.000001,0.000000,0.999999
data_rand_fold2/Testing/pituitary/Tr-pi_1442.jpg,98995,pituitary,pituitary,1,0.999998,2,0,0.000000,0.000002,0.000000,0.999998
data_rand_fold2/Testing/pituitary/Tr-pi_1443.jpg,98995,pituitary,pituitary,1,0.999988,2,0,0.000000,0.000011,0.000001,0.999988
data_rand_fold2/Testing/pituitary/Tr-pi_1445.jpg,99223,pituitary,pituitary,1,1.000000,2,0,0.000000,0.000000,0.000000,1.000000
data_rand_fold2/Testing/pituitary/Tr-pi_1455.jpg,109898,pituitary,pituitary,1,0.999467,2,0,0.000184,0.000341,0.000008,0.999467
