path,group,true,pred,correct,confidence,fold,seed,p_glioma,p_meningioma,p_notumor,p_pituitary
data_cv_fold3/Testing/glioma/Te-glTr_0008.jpg,MR051644C,glioma,glioma,1,0.999757,3,42,0.999757,0.000041,0.000076,0.000125
data_cv_fold3/Testing/glioma/Te-glTr_0009.jpg,MR051644C,glioma,glioma,1,0.999963,3,42,0.999963,0.000004,0.000023,0.000009
data_cv_fold3/Testing/glioma/Te-gl_0013.jpg,MR034997,glioma,glioma,1,0.999815,3,42,0.999815,0.000109,0.000030,0.000047
data_cv_fold3/Testing/glioma/Te-gl_0014.jpg,MR034997,glioma,glioma,1,0.999727,3,42,0.999727,0.000098,0.000152,0.000022
data_cv_fold3/Testing/glioma/Te-gl_0022.jpg,MR037458C,glioma,glioma,1,0.999197,3,42,0.999197,0.000632,0.000160,0.000011
data_cv_fold3/Testing/glioma/Te-gl_0023.jpg,MR037458C,glioma,glioma,1,0.915828,3,42,0.915828,0.083364,0.000685,0.000123
data_cv_fold3/Testing/glioma/Te-gl_0037.jpg,MR048297,glioma,glioma,1,0.987107,3,42,0.987107,0.011757,0.001090,0.000046
data_cv_fold3/Testing/glioma/Te-gl_0050.jpg,MR040240B,glioma,glioma,1,0.999178,3,42,0.999178,0.000013,0.000022,0.000787
data_cv_fold3/Testing/glioma/Te-gl_0051.jpg,MR040240B,glioma,glioma,1,0.999967,3,42,0.999967,0.000014,0.000010,0.000009
data_cv_fold3/Testing/glioma/Te-gl_0053.jpg,MR033420,glioma,glioma,1,0.999821,3,42,0.999821,0.000069,0.000102,0.000007
data_cv_fold3/Testing/glioma/Te-gl_0054.jpg,MR033420,glioma,glioma,1,0.999675,3,42,0.999675,0.000185,0.000121,0.000019
data_cv_fold3/Testing/glioma/Te-gl_0056.jpg,MR049104,glioma,glioma,1,0.999621,3,42,0.999621,0.000122,0.000241,0.000016
data_cv_fold3/Testing/glioma/Te-gl_0071.jpg,MR051461,glioma,glioma,1,0.999767,3,42,0.999767,0.000063,0.000140,0.000030
data_cv_fold3/Testing/glioma/Te-gl_0096.jpg,MR050687C,glioma,glioma,1,0.999894,3,42,0.999894,0.000009,0.000004,0.000093
data_cv_fold3/Testing/glioma/Te-gl_0097.jpg,MR034997,glioma,glioma,1,0.999927,3,42,0.999927,0.000036,0.000013,0.000025
data_cv_fold3/Testing/glioma/Te-gl_0108.jpg,MR039473,glioma,glioma,1,0.999879,3,42,0.999879,0.000042,0.000024,0.000054
data_cv_fold3/Testing/glioma/Te-gl_0113.jpg,MR037458C,glioma,glioma,1,0.998133,3,42,0.998133,0.001479,0.000355,0.000032
data_cv_fold3/Testing/glioma/Te-gl_0114.jpg,MR037458C,glioma,glioma,1,0.928143,3,42,0.928143,0.070634,0.000862,0.000361
data_cv_fold3/Testing/glioma/Te-gl_0119.jpg,MR040240B,glioma,glioma,1,0.999769,3,42,0.999769,0.000059,0.000069,0.000102
data_cv_fold3/Testing/glioma/Te-gl_0120.jpg,MR040240B,glioma,glioma,1,0.999953,3,42,0.999953,0.000009,0.000011,0.000028
data_cv_fold3/Testing/glioma/Te-gl_0123.jpg,MR049104,glioma,glioma,1,0.999464,3,42,0.999464,0.000132,0.000375,0.000029
data_cv_fold3/Testing/glioma/Te-gl_0124.jpg,MR049104,glioma,glioma,1,0.999404,3,42,0.999404,0.000038,0.000536,0.000021
data_cv_fold3/Testing/glioma/Te-gl_0139.jpg,MR048297,glioma,glioma,1,0.997761,3,42,0.997761,0.000358,0.001746,0.000136
data_cv_fold3/Testing/glioma/Te-gl_0145.jpg,MR040240B,glioma,glioma,1,0.999629,3,42,0.999629,0.000196,0.000122,0.000053
data_cv_fold3/Testing/glioma/Te-gl_0160.jpg,MR039473,glioma,glioma,1,0.997351,3,42,0.997351,0.001316,0.001155,0.000178
data_cv_fold3/Testing/glioma/Te-gl_0169.jpg,MR039473,glioma,glioma,1,0.884479,3,42,0.884479,0.015822,0.063045,0.036654
data_cv_fold3/Testing/glioma/Te-gl_0170.jpg,MR039473,glioma,glioma,1,0.997256,3,42,0.997256,0.000023,0.000312,0.002409
data_cv_fold3/Testing/glioma/Te-gl_0173.jpg,MR048297,glioma,glioma,1,0.998488,3,42,0.998488,0.000766,0.000706,0.000040
data_cv_fold3/Testing/glioma/Te-gl_0174.jpg,MR048297,glioma,glioma,1,0.802048,3,42,0.802048,0.190003,0.007082,0.000867
data_cv_fold3/Testing/glioma/Te-gl_0179.jpg,MR049104,glioma,glioma,1,0.998192,3,42,0.998192,0.000616,0.000571,0.000620
data_cv_fold3/Testing/glioma/Te-gl_0194.jpg,MR051461,glioma,glioma,1,0.998949,3,42,0.998949,0.000331,0.000545,0.000176
data_cv_fold3/Testing/glioma/Te-gl_0195.jpg,MR051461,glioma,glioma,1,0.990340,3,42,0.990340,0.005123,0.003108,0.001429
data_cv_fold3/Testing/glioma/Te-gl_0196.jpg,MR051461,glioma,glioma,1,0.998978,3,42,0.998978,0.000784,0.000207,0.000032
data_cv_fold3/Testing/glioma/Te-gl_0205.jpg,MR051796,glioma,glioma,1,0.992502,3,42,0.992502,0.002116,0.001681,0.003701
data_cv_fold3/Testing/glioma/Te-gl_0206.jpg,MR051796,glioma,glioma,1,0.978580,3,42,0.978580,0.006744,0.002321,0.012356
data_cv_fold3/Testing/glioma/Te-gl_0209.jpg,MR051644B,glioma,glioma,1,0.982763,3,42,0.982763,0.000122,0.005846,0.011269
data_cv_fold3/Testing/glioma/Te-gl_0210.jpg,MR051644B,glioma,glioma,1,0.999078,3,42,0.999078,0.000208,0.000307,0.000407
data_cv_fold3/Testing/glioma/Te-gl_0216.jpg,MR051644C,glioma,glioma,1,0.998528,3,42,0.998528,0.000021,0.000273,0.001178
data_cv_fold3/Testing/glioma/Te-gl_0217.jpg,MR051644C,glioma,glioma,1,0.999657,3,42,0.999657,0.000144,0.000059,0.000140
data_cv_fold3/Testing/glioma/Te-gl_0218.jpg,MR051644C,glioma,glioma,1,0.999879,3,42,0.999879,0.000018,0.000026,0.000077
data_cv_fold3/Testing/glioma/Te-gl_0222.jpg,MR054875,glioma,glioma,1,0.969264,3,42,0.969264,0.001794,0.018628,0.010313
data_cv_fold3/Testing/glioma/Te-gl_0223.jpg,MR050687C,glioma,glioma,1,0.997232,3,42,0.997232,0.002296,0.000150,0.000323
data_cv_fold3/Testing/glioma/Te-gl_0224.jpg,MR034997,glioma,glioma,1,0.997918,3,42,0.997918,0.000374,0.001303,0.000405
data_cv_fold3/Testing/glioma/Te-gl_0246.jpg,88670,glioma,glioma,1,0.995915,3,42,0.995915,0.001850,0.002122,0.000113
data_cv_fold3/Testing/glioma/Te-gl_0247.jpg,88670,glioma,glioma,1,0.689881,3,42,0.689881,0.292131,0.017628,0.000361
data_cv_fold3/Testing/glioma/Te-gl_0265.jpg,105653,glioma,meningioma,0,0.705489,3,42,0.166607,0.705489,0.097796,0.030108
data_cv_fold3/Testing/glioma/Te-gl_0270.jpg,88670,glioma,glioma,1,0.998584,3,42,0.998584,0.000772,0.000443,0.000200
data_cv_fold3/Testing/glioma/Te-gl_0288.jpg,MR048297,glioma,glioma,1,0.994713,3,42,0.994713,0.004613,0.000656,0.000018
data_cv_fold3/Testing/glioma/Te-gl_0294.jpg,MR049104,glioma,glioma,1,0.999523,3,42,0.999523,0.000011,0.000029,0.000438
data_cv_fold3/Testing/glioma/Tr-glTr_0004.jpg,MR051644C,glioma,glioma,1,0.999790,3,42,0.999790,0.000062,0.000108,0.000040
data_cv_fold3/Testing/glioma/Tr-glTr_0005.jpg,MR051644C,glioma,glioma,1,0.999977,3,42,0.999977,0.000001,0.000014,0.000007
data_cv_fold3/Testing/glioma/Tr-glTr_0008.jpg,MR050687C,glioma,glioma,1,0.999488,3,42,0.999488,0.000140,0.000178,0.000194
data_cv_fold3/Testing/glioma/Tr-glTr_0009.jpg,MR034997,glioma,glioma,1,0.999834,3,42,0.999834,0.000063,0.000081,0.000022
data_cv_fold3/Testing/glioma/Tr-gl_0017.jpg,MR039473,glioma,glioma,1,0.999718,3,42,0.999718,0.000020,0.000193,0.000069
data_cv_fold3/Testing/glioma/Tr-gl_0020.jpg,MR037458C,glioma,glioma,1,0.999447,3,42,0.999447,0.000224,0.000311,0.000018
data_cv_fold3/Testing/glioma/Tr-gl_0021.jpg,MR037458C,glioma,glioma,1,0.999655,3,42,0.999655,0.000212,0.000085,0.000049
data_cv_fold3/Testing/glioma/Tr-gl_0027.jpg,MR040240B,glioma,glioma,1,0.999338,3,42,0.999338,0.000143,0.000350,0.000169
data_cv_fold3/Testing/glioma/Tr-gl_0028.jpg,MR040240B,glioma,glioma,1,0.995977,3,42,0.995977,0.000336,0.002291,0.001397
data_cv_fold3/Testing/glioma/Tr-gl_0030.jpg,MR033420,glioma,glioma,1,0.999663,3,42,0.999663,0.000305,0.000030,0.000002
data_cv_fold3/Testing/glioma/Tr-gl_0039.jpg,88670,glioma,glioma,1,0.992192,3,42,0.992192,0.005114,0.002432,0.000262
data_cv_fold3/Testing/glioma/Tr-gl_0052.jpg,MR048297,glioma,glioma,1,0.998160,3,42,0.998160,0.001511,0.000310,0.000019
data_cv_fold3/Testing/glioma/Tr-gl_0071.jpg,MR051644C,glioma,glioma,1,0.999730,3,42,0.999730,0.000178,0.000075,0.000017
data_cv_fold3/Testing/glioma/Tr-gl_0072.jpg,MR051644C,glioma,glioma,1,0.999973,3,42,0.999973,0.000006,0.000016,0.000005
data_cv_fold3/Testing/glioma/Tr-gl_0073.jpg,MR052585B,glioma,glioma,1,0.999941,3,42,0.999941,0.000007,0.000012,0.000040
data_cv_fold3/Testing/glioma/Tr-gl_0075.jpg,MR034997,glioma,glioma,1,0.999180,3,42,0.999180,0.000558,0.000235,0.000027
data_cv_fold3/Testing/glioma/Tr-gl_0076.jpg,MR034997,glioma,glioma,1,0.999473,3,42,0.999473,0.000262,0.000258,0.000008
data_cv_fold3/Testing/glioma/Tr-gl_0081.jpg,MR037458C,glioma,glioma,1,0.999303,3,42,0.999303,0.000562,0.000104,0.000031
data_cv_fold3/Testing/glioma/Tr-gl_0082.jpg,MR037458C,glioma,glioma,1,0.999455,3,42,0.999455,0.000417,0.000105,0.000023
data_cv_fold3/Testing/glioma/Tr-gl_0093.jpg,MR048297,glioma,glioma,1,0.972421,3,42,0.972421,0.025991,0.001439,0.000149
data_cv_fold3/Testing/glioma/Tr-gl_0103.jpg,MR040240B,glioma,glioma,1,0.999991,3,42,0.999991,0.000001,0.000002,0.000006
data_cv_fold3/Testing/glioma/Tr-gl_0104.jpg,MR040240B,glioma,glioma,1,0.999842,3,42,0.999842,0.000127,0.000022,0.000009
data_cv_fold3/Testing/glioma/Tr-gl_0105.jpg,MR033420,glioma,glioma,1,0.992608,3,42,0.992608,0.007100,0.000268,0.000025
data_cv_fold3/Testing/glioma/Tr-gl_0118.jpg,MR051461,glioma,glioma,1,0.998084,3,42,0.998084,0.000395,0.001235,0.000287
data_cv_fold3/Testing/glioma/Tr-gl_0206.jpg,MR051461,glioma,glioma,1,0.999686,3,42,0.999686,0.000099,0.000205,0.000011
data_cv_fold3/Testing/glioma/Tr-gl_0207.jpg,MR051461,glioma,glioma,1,0.999037,3,42,0.999037,0.000357,0.000593,0.000014
data_cv_fold3/Testing/glioma/Tr-gl_0208.jpg,MR051461,glioma,glioma,1,0.998512,3,42,0.998512,0.000878,0.000564,0.000047
data_cv_fold3/Testing/glioma/Tr-gl_0209.jpg,MR051461,glioma,glioma,1,0.998084,3,42,0.998084,0.001038,0.000798,0.000079
data_cv_fold3/Testing/glioma/Tr-gl_0210.jpg,MR051461,glioma,glioma,1,0.999354,3,42,0.999354,0.000452,0.000169,0.000025
data_cv_fold3/Testing/glioma/Tr-gl_0211.jpg,MR051461,glioma,glioma,1,0.999787,3,42,0.999787,0.000144,0.000048,0.000021
data_cv_fold3/Testing/glioma/Tr-gl_0212.jpg,MR051461,glioma,glioma,1,0.999658,3,42,0.999658,0.000209,0.000109,0.000025
data_cv_fold3/Testing/glioma/Tr-gl_0243.jpg,MR051796,glioma,glioma,1,0.999781,3,42,0.999781,0.000102,0.000070,0.000047
data_cv_fold3/Testing/glioma/Tr-gl_0244.jpg,MR051796,glioma,glioma,1,0.999815,3,42,0.999815,0.000109,0.000036,0.000040
data_cv_fold3/Testing/glioma/Tr-gl_0245.jpg,MR051796,glioma,glioma,1,0.999802,3,42,0.999802,0.000085,0.000077,0.000037
data_cv_fold3/Testing/glioma/Tr-gl_0246.jpg,MR051796,glioma,glioma,1,0.999841,3,42,0.999841,0.000082,0.000042,0.000035
data_cv_fold3/Testing/glioma/Tr-gl_0247.jpg,MR051796,glioma,glioma,1,0.999762,3,42,0.999762,0.000115,0.000014,0.000109
data_cv_fold3/Testing/glioma/Tr-gl_0248.jpg,MR051796,glioma,glioma,1,0.999041,3,42,0.999041,0.000720,0.000048,0.000191
data_cv_fold3/Testing/glioma/Tr-gl_0249.jpg,MR051796,glioma,glioma,1,0.988417,3,42,0.988417,0.009213,0.001821,0.000549
data_cv_fold3/Testing/glioma/Tr-gl_0256.jpg,MR051644B,glioma,glioma,1,0.999461,3,42,0.999461,0.000081,0.000402,0.000055
data_cv_fold3/Testing/glioma/Tr-gl_0257.jpg,MR051644B,glioma,glioma,1,0.998760,3,42,0.998760,0.000249,0.000926,0.000066
data_cv_fold3/Testing/glioma/Tr-gl_0258.jpg,MR051644B,glioma,glioma,1,0.998973,3,42,0.998973,0.000163,0.000821,0.000043
data_cv_fold3/Testing/glioma/Tr-gl_0259.jpg,MR051644B,glioma,glioma,1,0.996620,3,42,0.996620,0.000701,0.002550,0.000128
data_cv_fold3/Testing/glioma/Tr-gl_0260.jpg,MR051644B,glioma,glioma,1,0.999516,3,42,0.999516,0.000124,0.000302,0.000058
data_cv_fold3/Testing/glioma/Tr-gl_0261.jpg,MR051644B,glioma,glioma,1,0.999718,3,42,0.999718,0.000085,0.000165,0.000031
data_cv_fold3/Testing/glioma/Tr-gl_0262.jpg,MR051644B,glioma,glioma,1,0.999766,3,42,0.999766,0.000098,0.000110,0.000026
data_cv_fold3/Testing/glioma/Tr-gl_0268.jpg,MR051644C,glioma,glioma,1,0.999810,3,42,0.999810,0.000088,0.000057,0.000045
data_cv_fold3/Testing/glioma/Tr-gl_0269.jpg,MR051644C,glioma,glioma,1,0.999936,3,42,0.999936,0.000017,0.000004,0.000044
data_cv_fold3/Testing/glioma/Tr-gl_0270.jpg,MR051644C,glioma,glioma,1,0.999613,3,42,0.999613,0.000208,0.000163,0.000016
data_cv_fold3/Testing/glioma/Tr-gl_0271.jpg,MR051644C,glioma,glioma,1,0.999249,3,42,0.999249,0.000283,0.000441,0.000027
data_cv_fold3/Testing/glioma/Tr-gl_0272.jpg,MR051644C,glioma,glioma,1,0.999724,3,42,0.999724,0.000019,0.000211,0.000045
data_cv_fold3/Testing/glioma/Tr-gl_0273.jpg,MR051644C,glioma,glioma,1,0.999359,3,42,0.999359,0.000100,0.000505,0.000035
data_cv_fold3/Testing/glioma/Tr-gl_0274.jpg,MR051644C,glioma,glioma,1,0.998860,3,42,0.998860,0.000141,0.000899,0.000100
data_cv_fold3/Testing/glioma/Tr-gl_0275.jpg,MR051644C,glioma,glioma,1,0.999415,3,42,0.999415,0.000124,0.000439,0.000022
data_cv_fold3/Testing/glioma/Tr-gl_0276.jpg,MR051644C,glioma,glioma,1,0.999832,3,42,0.999832,0.000047,0.000097,0.000024
data_cv_fold3/Testing/glioma/Tr-gl_0277.jpg,MR051644C,glioma,glioma,1,0.999918,3,42,0.999918,0.000014,0.000056,0.000011
data_cv_fold3/Testing/glioma/Tr-gl_0278.jpg,MR051644C,glioma,glioma,1,0.999913,3,42,0.999913,0.000020,0.000045,0.000022
data_cv_fold3/Testing/glioma/Tr-gl_0279.jpg,MR051644C,glioma,glioma,1,0.999493,3,42,0.999493,0.000240,0.000227,0.000040
data_cv_fold3/Testing/glioma/Tr-gl_0282.jpg,MR052585B,glioma,glioma,1,0.999694,3,42,0.999694,0.000082,0.000083,0.000141
data_cv_fold3/Testing/glioma/Tr-gl_0283.jpg,MR052585B,glioma,glioma,1,0.999633,3,42,0.999633,0.000069,0.000153,0.000144
data_cv_fold3/Testing/glioma/Tr-gl_0284.jpg,MR052585B,glioma,glioma,1,0.999495,3,42,0.999495,0.000149,0.000279,0.000077
data_cv_fold3/Testing/glioma/Tr-gl_0301.jpg,MR054875,glioma,glioma,1,0.999941,3,42,0.999941,0.000023,0.000013,0.000023
data_cv_fold3/Testing/glioma/Tr-gl_0302.jpg,MR054875,glioma,glioma,1,0.999766,3,42,0.999766,0.000117,0.000045,0.000071
data_cv_fold3/Testing/glioma/Tr-gl_0303.jpg,MR054875,glioma,glioma,1,0.999432,3,42,0.999432,0.000072,0.000426,0.000069
data_cv_fold3/Testing/glioma/Tr-gl_0304.jpg,MR054875,glioma,glioma,1,0.999020,3,42,0.999020,0.000288,0.000656,0.000037
data_cv_fold3/Testing/glioma/Tr-gl_0305.jpg,MR050687C,glioma,glioma,1,0.999491,3,42,0.999491,0.000077,0.000055,0.000377
data_cv_fold3/Testing/glioma/Tr-gl_0306.jpg,MR050687C,glioma,glioma,1,0.999171,3,42,0.999171,0.000006,0.000008,0.000814
data_cv_fold3/Testing/glioma/Tr-gl_0307.jpg,MR050687C,glioma,glioma,1,0.997484,3,42,0.997484,0.000060,0.000265,0.002192
data_cv_fold3/Testing/glioma/Tr-gl_0308.jpg,MR050687C,glioma,glioma,1,0.994835,3,42,0.994835,0.000454,0.003610,0.001101
data_cv_fold3/Testing/glioma/Tr-gl_0312.jpg,MR034997,glioma,glioma,1,0.999539,3,42,0.999539,0.000312,0.000131,0.000018
data_cv_fold3/Testing/glioma/Tr-gl_0313.jpg,MR034997,glioma,glioma,1,0.998762,3,42,0.998762,0.000913,0.000309,0.000016
data_cv_fold3/Testing/glioma/Tr-gl_0314.jpg,MR034997,glioma,glioma,1,0.999592,3,42,0.999592,0.000224,0.000171,0.000013
data_cv_fold3/Testing/glioma/Tr-gl_0315.jpg,MR034997,glioma,glioma,1,0.999741,3,42,0.999741,0.000085,0.000165,0.000009
data_cv_fold3/Testing/glioma/Tr-gl_0316.jpg,MR034997,glioma,glioma,1,0.999724,3,42,0.999724,0.000135,0.000136,0.000005
data_cv_fold3/Testing/glioma/Tr-gl_0317.jpg,MR034997,glioma,glioma,1,0.999272,3,42,0.999272,0.000515,0.000210,0.000002
data_cv_fold3/Testing/glioma/Tr-gl_0363.jpg,MR039473,glioma,glioma,1,0.998657,3,42,0.998657,0.000038,0.000005,0.001300
data_cv_fold3/Testing/glioma/Tr-gl_0364.jpg,MR039473,glioma,glioma,1,0.999606,3,42,0.999606,0.000111,0.000028,0.000255
data_cv_fold3/Testing/glioma/Tr-gl_0365.jpg,MR039473,glioma,glioma,1,0.999903,3,42,0.999903,0.000023,0.000015,0.000059
data_cv_fold3/Testing/glioma/Tr-gl_0366.jpg,MR039473,glioma,glioma,1,0.999874,3,42,0.999874,0.000068,0.000038,0.000021
data_cv_fold3/Testing/glioma/Tr-gl_0370.jpg,MR037458C,glioma,glioma,1,0.994047,3,42,0.994047,0.004239,0.001465,0.000249
data_cv_fold3/Testing/glioma/Tr-gl_0371.jpg,MR037458C,glioma,glioma,1,0.997925,3,42,0.997925,0.001662,0.000363,0.000050
data_cv_fold3/Testing/glioma/Tr-gl_0372.jpg,MR037458C,glioma,glioma,1,0.996877,3,42,0.996877,0.001706,0.001346,0.000071
data_cv_fold3/Testing/glioma/Tr-gl_0373.jpg,MR037458C,glioma,glioma,1,0.999682,3,42,0.999682,0.000181,0.000108,0.000029
data_cv_fold3/Testing/glioma/Tr-gl_0374.jpg,MR037458C,glioma,glioma,1,0.999908,3,42,0.999908,0.000038,0.000048,0.000006
data_cv_fold3/Testing/glioma/Tr-gl_0375.jpg,MR037458C,glioma,glioma,1,0.998659,3,42,0.998659,0.000943,0.000335,0.000063
data_cv_fold3/Testing/glioma/Tr-gl_0376.jpg,MR037458C,glioma,glioma,1,0.999821,3,42,0.999821,0.000108,0.000063,0.000008
data_cv_fold3/Testing/glioma/Tr-gl_0377.jpg,MR037458C,glioma,glioma,1,0.999222,3,42,0.999222,0.000651,0.000099,0.000028
data_cv_fold3/Testing/glioma/Tr-gl_0384.jpg,MR040240B,glioma,glioma,1,0.999943,3,42,0.999943,0.000012,0.000009,0.000035
data_cv_fold3/Testing/glioma/Tr-gl_0385.jpg,MR040240B,glioma,glioma,1,0.999960,3,42,0.999960,0.000008,0.000012,0.000020
data_cv_fold3/Testing/glioma/Tr-gl_0386.jpg,MR040240B,glioma,glioma,1,0.999920,3,42,0.999920,0.000033,0.000031,0.000016
data_cv_fold3/Testing/glioma/Tr-gl_0387.jpg,MR040240B,glioma,glioma,1,0.999884,3,42,0.999884,0.000055,0.000032,0.000029
data_cv_fold3/Testing/glioma/Tr-gl_0388.jpg,MR040240B,glioma,glioma,1,0.999782,3,42,0.999782,0.000117,0.000031,0.000070
data_cv_fold3/Testing/glioma/Tr-gl_0389.jpg,MR040240B,glioma,glioma,1,0.999874,3,42,0.999874,0.000075,0.000031,0.000020
data_cv_fold3/Testing/glioma/Tr-gl_0390.jpg,MR040240B,glioma,glioma,1,0.999671,3,42,0.999671,0.000257,0.000051,0.000022
data_cv_fold3/Testing/glioma/Tr-gl_0391.jpg,MR040240B,glioma,glioma,1,0.999376,3,42,0.999376,0.000484,0.000097,0.000044
data_cv_fold3/Testing/glioma/Tr-gl_0406.jpg,MR033420,glioma,glioma,1,0.999956,3,42,0.999956,0.000021,0.000020,0.000004
data_cv_fold3/Testing/glioma/Tr-gl_0407.jpg,MR033420,glioma,glioma,1,0.999923,3,42,0.999923,0.000014,0.000060,0.000003
data_cv_fold3/Testing/glioma/Tr-gl_0408.jpg,MR033420,glioma,glioma,1,0.998622,3,42,0.998622,0.001242,0.000130,0.000007
data_cv_fold3/Testing/glioma/Tr-gl_0409.jpg,MR033420,glioma,glioma,1,0.999853,3,42,0.999853,0.000055,0.000057,0.000036
data_cv_fold3/Testing/glioma/Tr-gl_0410.jpg,MR033420,glioma,glioma,1,0.999855,3,42,0.999855,0.000051,0.000058,0.000037
data_cv_fold3/Testing/glioma/Tr-gl_0411.jpg,MR033420,glioma,glioma,1,0.999846,3,42,0.999846,0.000085,0.000060,0.000009
data_cv_fold3/Testing/glioma/Tr-gl_0412.jpg,MR033420,glioma,glioma,1,0.999933,3,42,0.999933,0.000021,0.000033,0.000013
data_cv_fold3/Testing/glioma/Tr-gl_0418.jpg,MR049104,glioma,glioma,1,0.999461,3,42,0.999461,0.000134,0.000387,0.000018
data_cv_fold3/Testing/glioma/Tr-gl_0497.jpg,MR051461,glioma,glioma,1,0.996281,3,42,0.996281,0.003051,0.000548,0.000119
data_cv_fold3/Testing/glioma/Tr-gl_0498.jpg,MR051461,glioma,glioma,1,0.998839,3,42,0.998839,0.000460,0.000588,0.000113
data_cv_fold3/Testing/glioma/Tr-gl_0499.jpg,MR051461,glioma,glioma,1,0.996604,3,42,0.996604,0.000984,0.002233,0.000180
data_cv_fold3/Testing/glioma/Tr-gl_0500.jpg,MR051461,glioma,glioma,1,0.998898,3,42,0.998898,0.000355,0.000608,0.000139
data_cv_fold3/Testing/glioma/Tr-gl_0501.jpg,MR051461,glioma,glioma,1,0.999360,3,42,0.999360,0.000167,0.000369,0.000103
data_cv_fold3/Testing/glioma/Tr-gl_0502.jpg,MR051461,glioma,glioma,1,0.999857,3,42,0.999857,0.000022,0.000044,0.000078
data_cv_fold3/Testing/glioma/Tr-gl_0503.jpg,MR051461,glioma,glioma,1,0.999814,3,42,0.999814,0.000062,0.000110,0.000014
data_cv_fold3/Testing/glioma/Tr-gl_0568.jpg,MR048297,glioma,glioma,1,0.999653,3,42,0.999653,0.000079,0.000256,0.000011
data_cv_fold3/Testing/glioma/Tr-gl_0569.jpg,MR048297,glioma,glioma,1,0.988612,3,42,0.988612,0.009318,0.002036,0.000034
data_cv_fold3/Testing/glioma/Tr-gl_0570.jpg,MR048297,glioma,meningioma,0,0.578835,3,42,0.415794,0.578835,0.005070,0.000300
data_cv_fold3/Testing/glioma/Tr-gl_0571.jpg,MR048297,glioma,glioma,1,0.824299,3,42,0.824299,0.169907,0.005351,0.000443
data_cv_fold3/Testing/glioma/Tr-gl_0596.jpg,MR037458C,glioma,glioma,1,0.998561,3,42,0.998561,0.001328,0.000081,0.000029
data_cv_fold3/Testing/glioma/Tr-gl_0605.jpg,MR040240B,glioma,glioma,1,0.999137,3,42,0.999137,0.000267,0.000458,0.000138
data_cv_fold3/Testing/glioma/Tr-gl_0606.jpg,MR040240B,glioma,glioma,1,0.998459,3,42,0.998459,0.000444,0.000965,0.000132
data_cv_fold3/Testing/glioma/Tr-gl_0607.jpg,MR040240B,glioma,glioma,1,0.998751,3,42,0.998751,0.000411,0.000482,0.000357
data_cv_fold3/Testing/glioma/Tr-gl_0608.jpg,MR040240B,glioma,glioma,1,0.997521,3,42,0.997521,0.000930,0.001387,0.000162
data_cv_fold3/Testing/glioma/Tr-gl_0609.jpg,MR040240B,glioma,glioma,1,0.999208,3,42,0.999208,0.000127,0.000443,0.000223
data_cv_fold3/Testing/glioma/Tr-gl_0610.jpg,MR040240B,glioma,glioma,1,0.999463,3,42,0.999463,0.000041,0.000425,0.000071
data_cv_fold3/Testing/glioma/Tr-gl_0611.jpg,MR040240B,glioma,glioma,1,0.987908,3,42,0.987908,0.001288,0.009456,0.001348
data_cv_fold3/Testing/glioma/Tr-gl_0612.jpg,MR040240B,glioma,glioma,1,0.998647,3,42,0.998647,0.000410,0.000816,0.000126
data_cv_fold3/Testing/glioma/Tr-gl_0613.jpg,MR040240B,glioma,glioma,1,0.999889,3,42,0.999889,0.000031,0.000050,0.000030
data_cv_fold3/Testing/glioma/Tr-gl_0626.jpg,MR033420,glioma,glioma,1,0.997202,3,42,0.997202,0.002356,0.000214,0.000228
data_cv_fold3/Testing/glioma/Tr-gl_0628.jpg,MR033420,glioma,glioma,1,0.999803,3,42,0.999803,0.000022,0.000143,0.000033
data_cv_fold3/Testing/glioma/Tr-gl_0629.jpg,MR033420,glioma,glioma,1,0.999584,3,42,0.999584,0.000296,0.000077,0.000043
data_cv_fold3/Testing/glioma/Tr-gl_0630.jpg,MR033420,glioma,glioma,1,0.998819,3,42,0.998819,0.000843,0.000270,0.000068
data_cv_fold3/Testing/glioma/Tr-gl_0631.jpg,MR033420,glioma,glioma,1,0.999771,3,42,0.999771,0.000046,0.000145,0.000039
data_cv_fold3/Testing/glioma/Tr-gl_0632.jpg,MR033420,glioma,glioma,1,0.999811,3,42,0.999811,0.000125,0.000056,0.000008
data_cv_fold3/Testing/glioma/Tr-gl_0633.jpg,MR033420,glioma,glioma,1,0.999709,3,42,0.999709,0.000184,0.000096,0.000012
data_cv_fold3/Testing/glioma/Tr-gl_0634.jpg,MR033420,glioma,glioma,1,0.999978,3,42,0.999978,0.000003,0.000014,0.000005
data_cv_fold3/Testing/glioma/Tr-gl_0635.jpg,MR033420,glioma,glioma,1,0.999968,3,42,0.999968,0.000007,0.000015,0.000011
data_cv_fold3/Testing/glioma/Tr-gl_0636.jpg,MR033420,glioma,glioma,1,0.999958,3,42,0.999958,0.000011,0.000021,0.000010
data_cv_fold3/Testing/glioma/Tr-gl_0715.jpg,MR051796,glioma,glioma,1,0.999388,3,42,0.999388,0.000145,0.000284,0.000184
data_cv_fold3/Testing/glioma/Tr-gl_0716.jpg,MR051796,glioma,glioma,1,0.999250,3,42,0.999250,0.000039,0.000333,0.000378
data_cv_fold3/Testing/glioma/Tr-gl_0717.jpg,MR051796,glioma,glioma,1,0.999335,3,42,0.999335,0.000086,0.000364,0.000215
data_cv_fold3/Testing/glioma/Tr-gl_0719.jpg,MR051796,glioma,glioma,1,0.999791,3,42,0.999791,0.000052,0.000120,0.000037
data_cv_fold3/Testing/glioma/Tr-gl_0720.jpg,MR051796,glioma,glioma,1,0.999775,3,42,0.999775,0.000070,0.000127,0.000028
data_cv_fold3/Testing/glioma/Tr-gl_0736.jpg,MR051644C,glioma,glioma,1,0.999416,3,42,0.999416,0.000153,0.000381,0.000050
data_cv_fold3/Testing/glioma/Tr-gl_0737.jpg,MR051644C,glioma,glioma,1,0.997983,3,42,0.997983,0.000473,0.001440,0.000104
data_cv_fold3/Testing/glioma/Tr-gl_0738.jpg,MR051644C,glioma,glioma,1,0.999928,3,42,0.999928,0.000013,0.000039,0.000020
data_cv_fold3/Testing/glioma/Tr-gl_0740.jpg,MR051644C,glioma,glioma,1,0.999955,3,42,0.999955,0.000006,0.000017,0.000021
data_cv_fold3/Testing/glioma/Tr-gl_0741.jpg,MR051644C,glioma,glioma,1,0.999761,3,42,0.999761,0.000024,0.000184,0.000031
data_cv_fold3/Testing/glioma/Tr-gl_0742.jpg,MR051644C,glioma,glioma,1,0.999911,3,42,0.999911,0.000014,0.000070,0.000006
data_cv_fold3/Testing/glioma/Tr-gl_0743.jpg,MR051644C,glioma,glioma,1,0.999353,3,42,0.999353,0.000060,0.000567,0.000020
data_cv_fold3/Testing/glioma/Tr-gl_0744.jpg,MR051644C,glioma,glioma,1,0.999945,3,42,0.999945,0.000005,0.000036,0.000014
data_cv_fold3/Testing/glioma/Tr-gl_0745.jpg,MR051644C,glioma,glioma,1,0.999925,3,42,0.999925,0.000011,0.000041,0.000023
data_cv_fold3/Testing/glioma/Tr-gl_0746.jpg,MR051644C,glioma,glioma,1,0.999950,3,42,0.999950,0.000003,0.000031,0.000015
data_cv_fold3/Testing/glioma/Tr-gl_0747.jpg,MR051644C,glioma,glioma,1,0.999944,3,42,0.999944,0.000003,0.000034,0.000020
data_cv_fold3/Testing/glioma/Tr-gl_0748.jpg,MR051644C,glioma,glioma,1,0.999745,3,42,0.999745,0.000025,0.000158,0.000072
data_cv_fold3/Testing/glioma/Tr-gl_0774.jpg,MR050687C,glioma,glioma,1,0.998525,3,42,0.998525,0.000775,0.000594,0.000106
data_cv_fold3/Testing/glioma/Tr-gl_0775.jpg,MR050687C,glioma,glioma,1,0.999781,3,42,0.999781,0.000083,0.000108,0.000028
data_cv_fold3/Testing/glioma/Tr-gl_0776.jpg,MR050687C,glioma,glioma,1,0.999905,3,42,0.999905,0.000004,0.000050,0.000041
data_cv_fold3/Testing/glioma/Tr-gl_0777.jpg,MR050687C,glioma,glioma,1,0.999714,3,42,0.999714,0.000123,0.000127,0.000035
data_cv_fold3/Testing/glioma/Tr-gl_0778.jpg,MR050687C,glioma,glioma,1,0.999579,3,42,0.999579,0.000068,0.000180,0.000174
data_cv_fold3/Testing/glioma/Tr-gl_0779.jpg,MR050687C,glioma,glioma,1,0.999600,3,42,0.999600,0.000150,0.000163,0.000087
data_cv_fold3/Testing/glioma/Tr-gl_0780.jpg,MR050687C,glioma,glioma,1,0.997894,3,42,0.997894,0.000339,0.001217,0.000551
data_cv_fold3/Testing/glioma/Tr-gl_0781.jpg,MR049242C,glioma,glioma,1,0.998757,3,42,0.998757,0.000254,0.000869,0.000120
data_cv_fold3/Testing/glioma/Tr-gl_0782.jpg,MR049242C,glioma,glioma,1,0.999594,3,42,0.999594,0.000071,0.000278,0.000057
data_cv_fold3/Testing/glioma/Tr-gl_0783.jpg,MR049242C,glioma,glioma,1,0.998911,3,42,0.998911,0.000321,0.000608,0.000160
data_cv_fold3/Testing/glioma/Tr-gl_0784.jpg,MR049242C,glioma,glioma,1,0.998952,3,42,0.998952,0.000540,0.000414,0.000095
data_cv_fold3/Testing/glioma/Tr-gl_0785.jpg,MR049242C,glioma,glioma,1,0.999513,3,42,0.999513,0.000158,0.000295,0.000034
data_cv_fold3/Testing/glioma/Tr-gl_0790.jpg,MR034997,glioma,glioma,1,0.999737,3,42,0.999737,0.000184,0.000067,0.000013
data_cv_fold3/Testing/glioma/Tr-gl_0791.jpg,MR034997,glioma,glioma,1,0.999948,3,42,0.999948,0.000014,0.000031,0.000007
data_cv_fold3/Testing/glioma/Tr-gl_0792.jpg,MR034997,glioma,glioma,1,0.999928,3,42,0.999928,0.000023,0.000040,0.000009
data_cv_fold3/Testing/glioma/Tr-gl_0793.jpg,MR034997,glioma,glioma,1,0.999881,3,42,0.999881,0.000024,0.000064,0.000031
data_cv_fold3/Testing/glioma/Tr-gl_0794.jpg,MR034997,glioma,glioma,1,0.999817,3,42,0.999817,0.000083,0.000085,0.000015
data_cv_fold3/Testing/glioma/Tr-gl_0847.jpg,MR039473,glioma,glioma,1,0.999751,3,42,0.999751,0.000027,0.000156,0.000066
data_cv_fold3/Testing/glioma/Tr-gl_0848.jpg,MR039473,glioma,glioma,1,0.999885,3,42,0.999885,0.000059,0.000040,0.000016
data_cv_fold3/Testing/glioma/Tr-gl_0859.jpg,MR037458C,glioma,glioma,1,0.999621,3,42,0.999621,0.000083,0.000245,0.000050
data_cv_fold3/Testing/glioma/Tr-gl_0860.jpg,MR037458C,glioma,glioma,1,0.997522,3,42,0.997522,0.002373,0.000098,0.000007
data_cv_fold3/Testing/glioma/Tr-gl_0861.jpg,MR037458C,glioma,glioma,1,0.999142,3,42,0.999142,0.000667,0.000164,0.000027
data_cv_fold3/Testing/glioma/Tr-gl_0862.jpg,MR037458C,glioma,glioma,1,0.994315,3,42,0.994315,0.002762,0.002854,0.000069
data_cv_fold3/Testing/glioma/Tr-gl_0863.jpg,MR037458C,glioma,glioma,1,0.997340,3,42,0.997340,0.000621,0.001962,0.000076
data_cv_fold3/Testing/glioma/Tr-gl_0864.jpg,MR037458C,glioma,glioma,1,0.991486,3,42,0.991486,0.001467,0.006844,0.000204
data_cv_fold3/Testing/glioma/Tr-gl_0865.jpg,MR037458C,glioma,glioma,1,0.999618,3,42,0.999618,0.000170,0.000194,0.000017
data_cv_fold3/Testing/glioma/Tr-gl_0866.jpg,MR037458C,glioma,glioma,1,0.998749,3,42,0.998749,0.000845,0.000371,0.000035
data_cv_fold3/Testing/glioma/Tr-gl_0902.jpg,MR039473,glioma,glioma,1,0.802509,3,42,0.802509,0.002451,0.003675,0.191365
data_cv_fold3/Testing/glioma/Tr-gl_0903.jpg,MR039473,glioma,glioma,1,0.995119,3,42,0.995119,0.000806,0.000951,0.003124
data_cv_fold3/Testing/glioma/Tr-gl_0904.jpg,MR039473,glioma,glioma,1,0.993102,3,42,0.993102,0.000021,0.000183,0.006694
data_cv_fold3/Testing/glioma/Tr-gl_0905.jpg,MR039473,glioma,glioma,1,0.938404,3,42,0.938404,0.000419,0.000708,0.060469
data_cv_fold3/Testing/glioma/Tr-gl_0920.jpg,MR040240B,glioma,glioma,1,0.998653,3,42,0.998653,0.000116,0.000247,0.000984
data_cv_fold3/Testing/glioma/Tr-gl_0921.jpg,MR040240B,glioma,glioma,1,0.995010,3,42,0.995010,0.000667,0.001435,0.002888
data_cv_fold3/Testing/glioma/Tr-gl_0923.jpg,MR040240B,glioma,glioma,1,0.997669,3,42,0.997669,0.000253,0.001368,0.000709
data_cv_fold3/Testing/glioma/Tr-gl_0924.jpg,MR040240B,glioma,glioma,1,0.999400,3,42,0.999400,0.000044,0.000053,0.000503
data_cv_fold3/Testing/glioma/Tr-gl_0934.jpg,MR033420,glioma,glioma,1,0.999221,3,42,0.999221,0.000261,0.000383,0.000135
data_cv_fold3/Testing/glioma/Tr-gl_0935.jpg,MR033420,glioma,glioma,1,0.999857,3,42,0.999857,0.000031,0.000089,0.000023
data_cv_fold3/Testing/glioma/Tr-gl_0936.jpg,MR033420,glioma,glioma,1,0.999322,3,42,0.999322,0.000170,0.000474,0.000034
data_cv_fold3/Testing/glioma/Tr-gl_0937.jpg,MR033420,glioma,glioma,1,0.999130,3,42,0.999130,0.000498,0.000293,0.000079
data_cv_fold3/Testing/glioma/Tr-gl_0938.jpg,MR033420,glioma,glioma,1,0.991711,3,42,0.991711,0.004628,0.003135,0.000526
data_cv_fold3/Testing/glioma/Tr-gl_0939.jpg,MR033420,glioma,glioma,1,0.998526,3,42,0.998526,0.000206,0.000684,0.000584
data_cv_fold3/Testing/glioma/Tr-gl_0940.jpg,MR033420,glioma,glioma,1,0.990343,3,42,0.990343,0.006985,0.002366,0.000306
data_cv_fold3/Testing/glioma/Tr-gl_0941.jpg,MR033420,glioma,glioma,1,0.999462,3,42,0.999462,0.000283,0.000201,0.000054
data_cv_fold3/Testing/glioma/Tr-gl_0947.jpg,MR048297,glioma,glioma,1,0.979402,3,42,0.979402,0.017272,0.002850,0.000476
data_cv_fold3/Testing/glioma/Tr-gl_0948.jpg,MR048297,glioma,glioma,1,0.990432,3,42,0.990432,0.007067,0.002341,0.000160
data_cv_fold3/Testing/glioma/Tr-gl_0949.jpg,MR048297,glioma,glioma,1,0.978193,3,42,0.978193,0.020521,0.001111,0.000174
data_cv_fold3/Testing/glioma/Tr-gl_0950.jpg,MR048297,glioma,glioma,1,0.879919,3,42,0.879919,0.117789,0.001589,0.000703
data_cv_fold3/Testing/glioma/Tr-gl_0951.jpg,MR048297,glioma,glioma,1,0.979398,3,42,0.979398,0.018578,0.001492,0.000533
data_cv_fold3/Testing/glioma/Tr-gl_0952.jpg,MR048297,glioma,glioma,1,0.997589,3,42,0.997589,0.000763,0.001304,0.000344
data_cv_fold3/Testing/glioma/Tr-gl_0972.jpg,MR049104,glioma,glioma,1,0.974891,3,42,0.974891,0.000076,0.001863,0.023170
data_cv_fold3/Testing/glioma/Tr-gl_0973.jpg,MR049104,glioma,glioma,1,0.996069,3,42,0.996069,0.000058,0.001298,0.002576
data_cv_fold3/Testing/glioma/Tr-gl_0974.jpg,MR049104,glioma,glioma,1,0.988441,3,42,0.988441,0.000473,0.002802,0.008284
data_cv_fold3/Testing/glioma/Tr-gl_1021.jpg,MR051461,glioma,glioma,1,0.998466,3,42,0.998466,0.000524,0.000797,0.000213
data_cv_fold3/Testing/glioma/Tr-gl_1022.jpg,MR051461,glioma,glioma,1,0.996648,3,42,0.996648,0.001716,0.001376,0.000261
data_cv_fold3/Testing/glioma/Tr-gl_1023.jpg,MR051461,glioma,glioma,1,0.999605,3,42,0.999605,0.000158,0.000167,0.000070
data_cv_fold3/Testing/glioma/Tr-gl_1024.jpg,MR051461,glioma,glioma,1,0.999367,3,42,0.999367,0.000399,0.000168,0.000065
data_cv_fold3/Testing/glioma/Tr-gl_1040.jpg,MR051796,glioma,glioma,1,0.983346,3,42,0.983346,0.000758,0.003846,0.012049
data_cv_fold3/Testing/glioma/Tr-gl_1041.jpg,MR051796,glioma,glioma,1,0.997821,3,42,0.997821,0.000235,0.000384,0.001560
data_cv_fold3/Testing/glioma/Tr-gl_1042.jpg,MR051796,glioma,glioma,1,0.995580,3,42,0.995580,0.000824,0.001140,0.002456
data_cv_fold3/Testing/glioma/Tr-gl_1043.jpg,MR051796,glioma,glioma,1,0.987786,3,42,0.987786,0.005869,0.002509,0.003836
data_cv_fold3/Testing/glioma/Tr-gl_1044.jpg,MR051796,glioma,glioma,1,0.991310,3,42,0.991310,0.000834,0.000403,0.007452
data_cv_fold3/Testing/glioma/Tr-gl_1049.jpg,MR051644B,glioma,glioma,1,0.997328,3,42,0.997328,0.000190,0.000560,0.001922
data_cv_fold3/Testing/glioma/Tr-gl_1050.jpg,MR051644B,glioma,glioma,1,0.991801,3,42,0.991801,0.000195,0.003511,0.004493
data_cv_fold3/Testing/glioma/Tr-gl_1051.jpg,MR051644B,glioma,glioma,1,0.969903,3,42,0.969903,0.001335,0.023410,0.005352
data_cv_fold3/Testing/glioma/Tr-gl_1052.jpg,MR051644B,glioma,glioma,1,0.989511,3,42,0.989511,0.000755,0.003564,0.006170
data_cv_fold3/Testing/glioma/Tr-gl_1053.jpg,MR051644B,glioma,glioma,1,0.991271,3,42,0.991271,0.000837,0.003416,0.004476
data_cv_fold3/Testing/glioma/Tr-gl_1054.jpg,MR051644B,glioma,glioma,1,0.999380,3,42,0.999380,0.000109,0.000156,0.000355
data_cv_fold3/Testing/glioma/Tr-gl_1055.jpg,MR051644B,glioma,glioma,1,0.997070,3,42,0.997070,0.000357,0.001036,0.001537
data_cv_fold3/Testing/glioma/Tr-gl_1064.jpg,MR051644C,glioma,glioma,1,0.999779,3,42,0.999779,0.000104,0.000101,0.000015
data_cv_fold3/Testing/glioma/Tr-gl_1065.jpg,MR051644C,glioma,glioma,1,0.998440,3,42,0.998440,0.000100,0.000747,0.000713
data_cv_fold3/Testing/glioma/Tr-gl_1066.jpg,MR051644C,glioma,glioma,1,0.979762,3,42,0.979762,0.000171,0.000916,0.019152
data_cv_fold3/Testing/glioma/Tr-gl_1067.jpg,MR051644C,glioma,glioma,1,0.993720,3,42,0.993720,0.000165,0.000551,0.005564
data_cv_fold3/Testing/glioma/Tr-gl_1068.jpg,MR051644C,glioma,glioma,1,0.998941,3,42,0.998941,0.000053,0.000615,0.000391
data_cv_fold3/Testing/glioma/Tr-gl_1069.jpg,MR051644C,glioma,glioma,1,0.999801,3,42,0.999801,0.000102,0.000057,0.000040
data_cv_fold3/Testing/glioma/Tr-gl_1070.jpg,MR051644C,glioma,glioma,1,0.999702,3,42,0.999702,0.000032,0.000058,0.000209
data_cv_fold3/Testing/glioma/Tr-gl_1073.jpg,MR052585B,glioma,glioma,1,0.918159,3,42,0.918159,0.002145,0.005070,0.074626
data_cv_fold3/Testing/glioma/Tr-gl_1074.jpg,MR052585B,glioma,glioma,1,0.961647,3,42,0.961647,0.000212,0.002212,0.035929
data_cv_fold3/Testing/glioma/Tr-gl_1075.jpg,MR052585B,glioma,glioma,1,0.997826,3,42,0.997826,0.000147,0.000591,0.001437
data_cv_fold3/Testing/glioma/Tr-gl_1084.jpg,MR054875,glioma,glioma,1,0.869777,3,42,0.869777,0.006330,0.036930,0.086962
data_cv_fold3/Testing/glioma/Tr-gl_1085.jpg,MR054875,glioma,glioma,1,0.988403,3,42,0.988403,0.001073,0.001725,0.008799
data_cv_fold3/Testing/glioma/Tr-gl_1086.jpg,MR054875,glioma,glioma,1,0.984392,3,42,0.984392,0.000809,0.000543,0.014256
data_cv_fold3/Testing/glioma/Tr-gl_1087.jpg,MR054875,glioma,glioma,1,0.998055,3,42,0.998055,0.000061,0.000173,0.001711
data_cv_fold3/Testing/glioma/Tr-gl_1089.jpg,MR050687C,glioma,glioma,1,0.995487,3,42,0.995487,0.000300,0.000235,0.003978
data_cv_fold3/Testing/glioma/Tr-gl_1090.jpg,MR050687C,glioma,glioma,1,0.993875,3,42,0.993875,0.001255,0.003123,0.001747
data_cv_fold3/Testing/glioma/Tr-gl_1091.jpg,MR050687C,glioma,glioma,1,0.988291,3,42,0.988291,0.001293,0.005560,0.004855
data_cv_fold3/Testing/glioma/Tr-gl_1092.jpg,MR050687C,glioma,glioma,1,0.998299,3,42,0.998299,0.000090,0.000443,0.001167
data_cv_fold3/Testing/glioma/Tr-gl_1095.jpg,MR034997,glioma,glioma,1,0.999333,3,42,0.999333,0.000360,0.000297,0.000011
data_cv_fold3/Testing/glioma/Tr-gl_1096.jpg,MR034997,glioma,glioma,1,0.999608,3,42,0.999608,0.000201,0.000123,0.000068
data_cv_fold3/Testing/glioma/Tr-gl_1097.jpg,MR034997,glioma,glioma,1,0.999834,3,42,0.999834,0.000076,0.000031,0.000058
data_cv_fold3/Testing/glioma/Tr-gl_1098.jpg,MR034997,glioma,glioma,1,0.999548,3,42,0.999548,0.000057,0.000187,0.000207
data_cv_fold3/Testing/glioma/Tr-gl_1099.jpg,MR034997,glioma,glioma,1,0.999388,3,42,0.999388,0.000211,0.000370,0.000031
data_cv_fold3/Testing/glioma/Tr-gl_1100.jpg,MR034997,glioma,glioma,1,0.998639,3,42,0.998639,0.000254,0.000825,0.000281
data_cv_fold3/Testing/glioma/Tr-gl_1190.jpg,88670,glioma,glioma,1,0.955176,3,42,0.955176,0.038554,0.001709,0.004561
data_cv_fold3/Testing/glioma/Tr-gl_1191.jpg,88670,glioma,glioma,1,0.996486,3,42,0.996486,0.002011,0.000592,0.000911
data_cv_fold3/Testing/glioma/Tr-gl_1192.jpg,88670,glioma,glioma,1,0.989030,3,42,0.989030,0.001302,0.001060,0.008607
data_cv_fold3/Testing/glioma/Tr-gl_1193.jpg,88670,glioma,glioma,1,0.998542,3,42,0.998542,0.000867,0.000377,0.000214
data_cv_fold3/Testing/glioma/Tr-gl_1194.jpg,88670,glioma,glioma,1,0.557738,3,42,0.557738,0.421263,0.018635,0.002363
data_cv_fold3/Testing/glioma/Tr-gl_1215.jpg,101384,glioma,meningioma,0,0.401468,3,42,0.361986,0.401468,0.180061,0.056485
data_cv_fold3/Testing/glioma/Tr-gl_1216.jpg,101384,glioma,glioma,1,0.924046,3,42,0.924046,0.061915,0.010874,0.003166
data_cv_fold3/Testing/glioma/Tr-gl_1217.jpg,101384,glioma,glioma,1,0.802667,3,42,0.802667,0.173980,0.018893,0.004460
data_cv_fold3/Testing/glioma/Tr-gl_1223.jpg,105653,glioma,meningioma,0,0.723581,3,42,0.030366,0.723581,0.109934,0.136119
data_cv_fold3/Testing/glioma/Tr-gl_1239.jpg,88670,glioma,glioma,1,0.988729,3,42,0.988729,0.009835,0.001196,0.000241
data_cv_fold3/Testing/glioma/Tr-gl_1240.jpg,88670,glioma,glioma,1,0.995812,3,42,0.995812,0.001655,0.002454,0.000079
data_cv_fold3/Testing/glioma/Tr-gl_1241.jpg,88670,glioma,glioma,1,0.951460,3,42,0.951460,0.031575,0.015832,0.001134
data_cv_fold3/Testing/glioma/Tr-gl_1242.jpg,88670,glioma,glioma,1,0.997566,3,42,0.997566,0.001279,0.001003,0.000152
data_cv_fold3/Testing/glioma/Tr-gl_1282.jpg,MR048297,glioma,glioma,1,0.999167,3,42,0.999167,0.000279,0.000539,0.000015
data_cv_fold3/Testing/glioma/Tr-gl_1283.jpg,MR048297,glioma,glioma,1,0.978081,3,42,0.978081,0.020453,0.001410,0.000055
data_cv_fold3/Testing/glioma/Tr-gl_1284.jpg,MR048297,glioma,glioma,1,0.999026,3,42,0.999026,0.000542,0.000399,0.000032
data_cv_fold3/Testing/glioma/Tr-gl_1306.jpg,MR049104,glioma,glioma,1,0.999826,3,42,0.999826,0.000036,0.000101,0.000036
data_cv_fold3/Testing/meningioma/Te-me_0119.jpg,108945,meningioma,meningioma,1,0.999307,3,42,0.000521,0.999307,0.000154,0.000018
data_cv_fold3/Testing/meningioma/Te-me_0134.jpg,97607,meningioma,meningioma,1,0.990507,3,42,0.006167,0.990507,0.003167,0.000159
data_cv_fold3/Testing/meningioma/Te-me_0138.jpg,98241,meningioma,meningioma,1,0.999742,3,42,0.000175,0.999742,0.000025,0.000058
data_cv_fold3/Testing/meningioma/Te-me_0141.jpg,100360,meningioma,meningioma,1,0.463797,3,42,0.442788,0.463797,0.001099,0.092316
data_cv_fold3/Testing/meningioma/Te-me_0142.jpg,100360,meningioma,meningioma,1,0.968003,3,42,0.031809,0.968003,0.000109,0.000079
data_cv_fold3/Testing/meningioma/Te-me_0147.jpg,98241,meningioma,meningioma,1,0.999861,3,42,0.000097,0.999861,0.000002,0.000039
data_cv_fold3/Testing/meningioma/Te-me_0152.jpg,100360,meningioma,meningioma,1,0.561770,3,42,0.433961,0.561770,0.001109,0.003160
data_cv_fold3/Testing/meningioma/Te-me_0156.jpg,101127,meningioma,pituitary,0,0.651525,3,42,0.014658,0.329833,0.003983,0.651525
data_cv_fold3/Testing/meningioma/Te-me_0167.jpg,104167,meningioma,meningioma,1,0.994299,3,42,0.002829,0.994299,0.002406,0.000466
data_cv_fold3/Testing/meningioma/Te-me_0168.jpg,104167,meningioma,meningioma,1,0.913723,3,42,0.073334,0.913723,0.009078,0.003865
data_cv_fold3/Testing/meningioma/Te-me_0169.jpg,104281,meningioma,meningioma,1,0.961365,3,42,0.038220,0.961365,0.000141,0.000274
data_cv_fold3/Testing/meningioma/Te-me_0174.jpg,106442,meningioma,meningioma,1,0.999218,3,42,0.000490,0.999218,0.000279,0.000013
data_cv_fold3/Testing/meningioma/Te-me_0187.jpg,108945,meningioma,meningioma,1,0.850292,3,42,0.149029,0.850292,0.000342,0.000336
data_cv_fold3/Testing/meningioma/Te-me_0204.jpg,100360,meningioma,meningioma,1,0.998905,3,42,0.001069,0.998905,0.000010,0.000016
data_cv_fold3/Testing/meningioma/Te-me_0206.jpg,97607,meningioma,meningioma,1,0.999807,3,42,0.000116,0.999807,0.000045,0.000032
data_cv_fold3/Testing/meningioma/Te-me_0211.jpg,98241,meningioma,meningioma,1,0.999888,3,42,0.000046,0.999888,0.000019,0.000047
data_cv_fold3/Testing/meningioma/Te-me_0212.jpg,98241,meningioma,meningioma,1,0.999908,3,42,0.000065,0.999908,0.000013,0.000014
data_cv_fold3/Testing/meningioma/Te-me_0217.jpg,100360,meningioma,meningioma,1,0.959731,3,42,0.027461,0.959731,0.000307,0.012501
data_cv_fold3/Testing/meningioma/Te-me_0218.jpg,104167,meningioma,meningioma,1,0.997549,3,42,0.001747,0.997549,0.000683,0.000021
data_cv_fold3/Testing/meningioma/Te-me_0222.jpg,101127,meningioma,meningioma,1,0.896779,3,42,0.004932,0.896779,0.001360,0.096929
data_cv_fold3/Testing/meningioma/Te-me_0228.jpg,102818,meningioma,meningioma,1,0.994176,3,42,0.002216,0.994176,0.000508,0.003100
data_cv_fold3/Testing/meningioma/Te-me_0229.jpg,104281,meningioma,meningioma,1,0.993401,3,42,0.003412,0.993401,0.003100,0.000087
data_cv_fold3/Testing/meningioma/Te-me_0230.jpg,102960,meningioma,glioma,0,0.450543,3,42,0.450543,0.099919,0.004203,0.445336
data_cv_fold3/Testing/meningioma/Te-me_0232.jpg,104281,meningioma,meningioma,1,0.961918,3,42,0.029597,0.961918,0.007832,0.000652
data_cv_fold3/Testing/meningioma/Te-me_0234.jpg,104167,meningioma,meningioma,1,0.881149,3,42,0.117628,0.881149,0.001037,0.000186
data_cv_fold3/Testing/meningioma/Te-me_0235.jpg,104281,meningioma,meningioma,1,0.999708,3,42,0.000262,0.999708,0.000013,0.000017
data_cv_fold3/Testing/meningioma/Te-me_0240.jpg,106442,meningioma,meningioma,1,0.990036,3,42,0.003635,0.990036,0.001187,0.005141
data_cv_fold3/Testing/meningioma/Te-me_0243.jpg,104281,meningioma,meningioma,1,0.824713,3,42,0.162386,0.824713,0.009616,0.003286
data_cv_fold3/Testing/meningioma/Te-me_0246.jpg,107190,meningioma,meningioma,1,0.963907,3,42,0.003713,0.963907,0.003270,0.029110
data_cv_fold3/Testing/meningioma/Te-me_0253.jpg,108945,meningioma,glioma,0,0.957107,3,42,0.957107,0.041369,0.000750,0.000774
data_cv_fold3/Testing/meningioma/Te-me_0278.jpg,97607,meningioma,meningioma,1,0.994365,3,42,0.001135,0.994365,0.002265,0.002236
data_cv_fold3/Testing/meningioma/Te-me_0282.jpg,98241,meningioma,meningioma,1,0.999896,3,42,0.000077,0.999896,0.000015,0.000012
data_cv_fold3/Testing/meningioma/Te-me_0283.jpg,98241,meningioma,meningioma,1,0.999593,3,42,0.000120,0.999593,0.000059,0.000228
data_cv_fold3/Testing/meningioma/Te-me_0300.jpg,101127,meningioma,meningioma,1,0.994707,3,42,0.003269,0.994707,0.001010,0.001013
data_cv_fold3/Testing/meningioma/Te-me_0302.jpg,97607,meningioma,meningioma,1,0.999645,3,42,0.000321,0.999645,0.000012,0.000022
data_cv_fold3/Testing/meningioma/Tr-meTr_0000.jpg,100360,meningioma,meningioma,1,0.572927,3,42,0.420541,0.572927,0.004566,0.001965
data_cv_fold3/Testing/meningioma/Tr-meTr_0009.jpg,100360,meningioma,meningioma,1,0.591932,3,42,0.407663,0.591932,0.000179,0.000225
data_cv_fold3/Testing/meningioma/Tr-me_0016.jpg,108945,meningioma,meningioma,1,0.991486,3,42,0.007792,0.991486,0.000708,0.000014
data_cv_fold3/Testing/meningioma/Tr-me_0017.jpg,100360,meningioma,meningioma,1,0.869921,3,42,0.126369,0.869921,0.000800,0.002910
data_cv_fold3/Testing/meningioma/Tr-me_0018.jpg,108945,meningioma,meningioma,1,0.998313,3,42,0.001570,0.998313,0.000105,0.000011
data_cv_fold3/Testing/meningioma/Tr-me_0019.jpg,108945,meningioma,meningioma,1,0.999833,3,42,0.000159,0.999833,0.000003,0.000005
data_cv_fold3/Testing/meningioma/Tr-me_0034.jpg,100360,meningioma,meningioma,1,0.770147,3,42,0.229361,0.770147,0.000315,0.000176
data_cv_fold3/Testing/meningioma/Tr-me_0043.jpg,100360,meningioma,glioma,0,0.907715,3,42,0.907715,0.090189,0.001353,0.000743
data_cv_fold3/Testing/meningioma/Tr-me_0051.jpg,100360,meningioma,glioma,0,0.978926,3,42,0.978926,0.019359,0.000760,0.000956
data_cv_fold3/Testing/meningioma/Tr-me_0067.jpg,97607,meningioma,meningioma,1,0.999693,3,42,0.000228,0.999693,0.000064,0.000015
data_cv_fold3/Testing/meningioma/Tr-me_0069.jpg,97607,meningioma,meningioma,1,0.999608,3,42,0.000316,0.999608,0.000033,0.000043
data_cv_fold3/Testing/meningioma/Tr-me_0080.jpg,98241,meningioma,meningioma,1,0.999922,3,42,0.000047,0.999922,0.000029,0.000003
data_cv_fold3/Testing/meningioma/Tr-me_0081.jpg,98241,meningioma,meningioma,1,0.999966,3,42,0.000019,0.999966,0.000004,0.000011
data_cv_fold3/Testing/meningioma/Tr-me_0082.jpg,98241,meningioma,meningioma,1,0.999922,3,42,0.000035,0.999922,0.000009,0.000034
data_cv_fold3/Testing/meningioma/Tr-me_0083.jpg,98241,meningioma,meningioma,1,0.999880,3,42,0.000051,0.999880,0.000034,0.000035
data_cv_fold3/Testing/meningioma/Tr-me_0136.jpg,104167,meningioma,meningioma,1,0.996657,3,42,0.001484,0.996657,0.000856,0.001004
data_cv_fold3/Testing/meningioma/Tr-me_0137.jpg,104167,meningioma,meningioma,1,0.998489,3,42,0.001066,0.998489,0.000185,0.000259
data_cv_fold3/Testing/meningioma/Tr-me_0138.jpg,104167,meningioma,meningioma,1,0.998596,3,42,0.000940,0.998596,0.000263,0.000201
data_cv_fold3/Testing/meningioma/Tr-me_0139.jpg,104167,meningioma,meningioma,1,0.988448,3,42,0.009296,0.988448,0.001678,0.000577
data_cv_fold3/Testing/meningioma/Tr-me_0140.jpg,104167,meningioma,meningioma,1,0.999308,3,42,0.000461,0.999308,0.000181,0.000051
data_cv_fold3/Testing/meningioma/Tr-me_0141.jpg,104167,meningioma,meningioma,1,0.998862,3,42,0.001027,0.998862,0.000083,0.000029
data_cv_fold3/Testing/meningioma/Tr-me_0143.jpg,104281,meningioma,meningioma,1,0.999323,3,42,0.000594,0.999323,0.000070,0.000013
data_cv_fold3/Testing/meningioma/Tr-me_0146.jpg,104281,meningioma,meningioma,1,0.913012,3,42,0.086057,0.913012,0.000602,0.000329
data_cv_fold3/Testing/meningioma/Tr-me_0147.jpg,104281,meningioma,meningioma,1,0.955044,3,42,0.043599,0.955044,0.001109,0.000248
data_cv_fold3/Testing/meningioma/Tr-me_0148.jpg,104281,meningioma,meningioma,1,0.943703,3,42,0.055716,0.943703,0.000313,0.000267
data_cv_fold3/Testing/meningioma/Tr-me_0149.jpg,105374,meningioma,meningioma,1,0.995639,3,42,0.002672,0.995639,0.000614,0.001076
data_cv_fold3/Testing/meningioma/Tr-me_0150.jpg,105374,meningioma,meningioma,1,0.997692,3,42,0.000267,0.997692,0.001530,0.000512
data_cv_fold3/Testing/meningioma/Tr-me_0170.jpg,107190,meningioma,meningioma,1,0.899669,3,42,0.092165,0.899669,0.007317,0.000849
data_cv_fold3/Testing/meningioma/Tr-me_0227.jpg,100360,meningioma,meningioma,1,0.814614,3,42,0.182642,0.814614,0.000215,0.002529
data_cv_fold3/Testing/meningioma/Tr-me_0238.jpg,100360,meningioma,meningioma,1,0.814614,3,42,0.182642,0.814614,0.000215,0.002529
data_cv_fold3/Testing/meningioma/Tr-me_0248.jpg,100360,meningioma,meningioma,1,0.997091,3,42,0.002709,0.997091,0.000031,0.000168
data_cv_fold3/Testing/meningioma/Tr-me_0290.jpg,101127,meningioma,meningioma,1,0.948402,3,42,0.026997,0.948402,0.015933,0.008667
data_cv_fold3/Testing/meningioma/Tr-me_0291.jpg,101127,meningioma,meningioma,1,0.965706,3,42,0.016402,0.965706,0.015383,0.002509
data_cv_fold3/Testing/meningioma/Tr-me_0293.jpg,101127,meningioma,glioma,0,0.736776,3,42,0.736776,0.090112,0.096383,0.076729
data_cv_fold3/Testing/meningioma/Tr-me_0318.jpg,104167,meningioma,meningioma,1,0.994881,3,42,0.004294,0.994881,0.000738,0.000087
data_cv_fold3/Testing/meningioma/Tr-me_0319.jpg,104167,meningioma,meningioma,1,0.999922,3,42,0.000056,0.999922,0.000009,0.000013
data_cv_fold3/Testing/meningioma/Tr-me_0320.jpg,104167,meningioma,meningioma,1,0.999915,3,42,0.000067,0.999915,0.000005,0.000013
data_cv_fold3/Testing/meningioma/Tr-me_0321.jpg,104167,meningioma,meningioma,1,0.999939,3,42,0.000013,0.999939,0.000013,0.000035
data_cv_fold3/Testing/meningioma/Tr-me_0322.jpg,104281,meningioma,meningioma,1,0.998615,3,42,0.000418,0.998615,0.000942,0.000025
data_cv_fold3/Testing/meningioma/Tr-me_0323.jpg,104281,meningioma,meningioma,1,0.993154,3,42,0.004444,0.993154,0.002316,0.000086
data_cv_fold3/Testing/meningioma/Tr-me_0324.jpg,104281,meningioma,meningioma,1,0.998849,3,42,0.000547,0.998849,0.000542,0.000062
data_cv_fold3/Testing/meningioma/Tr-me_0325.jpg,104281,meningioma,meningioma,1,0.998015,3,42,0.001494,0.998015,0.000439,0.000052
data_cv_fold3/Testing/meningioma/Tr-me_0326.jpg,104281,meningioma,meningioma,1,0.913461,3,42,0.078923,0.913461,0.006880,0.000735
data_cv_fold3/Testing/meningioma/Tr-me_0327.jpg,104281,meningioma,meningioma,1,0.888993,3,42,0.095594,0.888993,0.012611,0.002802
data_cv_fold3/Testing/meningioma/Tr-me_0328.jpg,104281,meningioma,meningioma,1,0.934278,3,42,0.048256,0.934278,0.007001,0.010465
data_cv_fold3/Testing/meningioma/Tr-me_0329.jpg,105374,meningioma,meningioma,1,0.853502,3,42,0.134996,0.853502,0.000362,0.011140
data_cv_fold3/Testing/meningioma/Tr-me_0330.jpg,105374,meningioma,meningioma,1,0.924098,3,42,0.049485,0.924098,0.000251,0.026165
data_cv_fold3/Testing/meningioma/Tr-me_0340.jpg,106442,meningioma,meningioma,1,0.983909,3,42,0.007987,0.983909,0.007827,0.000277
data_cv_fold3/Testing/meningioma/Tr-me_0341.jpg,106442,meningioma,meningioma,1,0.998421,3,42,0.000309,0.998421,0.001188,0.000082
data_cv_fold3/Testing/meningioma/Tr-me_0342.jpg,106442,meningioma,meningioma,1,0.990855,3,42,0.005872,0.990855,0.002700,0.000573
data_cv_fold3/Testing/meningioma/Tr-me_0343.jpg,106442,meningioma,glioma,0,0.559735,3,42,0.559735,0.420144,0.012231,0.007890
data_cv_fold3/Testing/meningioma/Tr-me_0370.jpg,107190,meningioma,meningioma,1,0.896599,3,42,0.090346,0.896599,0.000857,0.012199
data_cv_fold3/Testing/meningioma/Tr-me_0393.jpg,108945,meningioma,meningioma,1,0.988214,3,42,0.011640,0.988214,0.000096,0.000050
data_cv_fold3/Testing/meningioma/Tr-me_0394.jpg,108945,meningioma,meningioma,1,0.999064,3,42,0.000762,0.999064,0.000025,0.000149
data_cv_fold3/Testing/meningioma/Tr-me_0395.jpg,108945,meningioma,meningioma,1,0.889137,3,42,0.109990,0.889137,0.000186,0.000687
data_cv_fold3/Testing/meningioma/Tr-me_0396.jpg,108945,meningioma,glioma,0,0.959209,3,42,0.959209,0.038519,0.001674,0.000598
data_cv_fold3/Testing/meningioma/Tr-me_0402.jpg,97607,meningioma,meningioma,1,0.999927,3,42,0.000027,0.999927,0.000026,0.000020
data_cv_fold3/Testing/meningioma/Tr-me_0413.jpg,97607,meningioma,meningioma,1,0.999762,3,42,0.000160,0.999762,0.000042,0.000036
data_cv_fold3/Testing/meningioma/Tr-me_0424.jpg,97607,meningioma,meningioma,1,0.999917,3,42,0.000005,0.999917,0.000070,0.000009
data_cv_fold3/Testing/meningioma/Tr-me_0469.jpg,98241,meningioma,meningioma,1,0.999993,3,42,0.000003,0.999993,0.000001,0.000003
data_cv_fold3/Testing/meningioma/Tr-me_0470.jpg,98241,meningioma,meningioma,1,0.999981,3,42,0.000003,0.999981,0.000003,0.000013
data_cv_fold3/Testing/meningioma/Tr-me_0471.jpg,98241,meningioma,meningioma,1,0.999963,3,42,0.000029,0.999963,0.000001,0.000007
data_cv_fold3/Testing/meningioma/Tr-me_0472.jpg,98241,meningioma,meningioma,1,0.999994,3,42,0.000004,0.999994,0.000001,0.000001
data_cv_fold3/Testing/meningioma/Tr-me_0473.jpg,98241,meningioma,meningioma,1,0.999986,3,42,0.000009,0.999986,0.000003,0.000002
data_cv_fold3/Testing/meningioma/Tr-me_0474.jpg,98241,meningioma,meningioma,1,0.999682,3,42,0.000166,0.999682,0.000127,0.000025
data_cv_fold3/Testing/meningioma/Tr-me_0475.jpg,98241,meningioma,meningioma,1,0.990568,3,42,0.002843,0.990568,0.005111,0.001478
data_cv_fold3/Testing/meningioma/Tr-me_0489.jpg,100360,meningioma,meningioma,1,0.577508,3,42,0.421812,0.577508,0.000243,0.000437
data_cv_fold3/Testing/meningioma/Tr-me_0491.jpg,100360,meningioma,glioma,0,0.589772,3,42,0.589772,0.375042,0.000598,0.034587
data_cv_fold3/Testing/meningioma/Tr-me_0492.jpg,100360,meningioma,meningioma,1,0.561643,3,42,0.363074,0.561643,0.000831,0.074452
data_cv_fold3/Testing/meningioma/Tr-me_0493.jpg,100360,meningioma,meningioma,1,0.973828,3,42,0.007995,0.973828,0.000336,0.017841
data_cv_fold3/Testing/meningioma/Tr-me_0494.jpg,100360,meningioma,meningioma,1,0.813533,3,42,0.119576,0.813533,0.001627,0.065264
data_cv_fold3/Testing/meningioma/Tr-me_0495.jpg,100360,meningioma,meningioma,1,0.977305,3,42,0.001643,0.977305,0.000064,0.020988
data_cv_fold3/Testing/meningioma/Tr-me_0497.jpg,100639,meningioma,meningioma,1,0.930428,3,42,0.068869,0.930428,0.000397,0.000307
data_cv_fold3/Testing/meningioma/Tr-me_0498.jpg,100639,meningioma,meningioma,1,0.994962,3,42,0.002149,0.994962,0.000824,0.002065
data_cv_fold3/Testing/meningioma/Tr-me_0510.jpg,101127,meningioma,pituitary,0,0.869200,3,42,0.027880,0.098966,0.003954,0.869200
data_cv_fold3/Testing/meningioma/Tr-me_0511.jpg,101127,meningioma,meningioma,1,0.579465,3,42,0.001558,0.579465,0.001481,0.417496
data_cv_fold3/Testing/meningioma/Tr-me_0513.jpg,101127,meningioma,meningioma,1,0.900001,3,42,0.007677,0.900001,0.005035,0.087287
data_cv_fold3/Testing/meningioma/Tr-me_0522.jpg,106442,meningioma,meningioma,1,0.998292,3,42,0.001102,0.998292,0.000560,0.000046
data_cv_fold3/Testing/meningioma/Tr-me_0524.jpg,106442,meningioma,meningioma,1,0.999758,3,42,0.000201,0.999758,0.000028,0.000013
data_cv_fold3/Testing/meningioma/Tr-me_0545.jpg,109350,meningioma,meningioma,1,0.962432,3,42,0.000886,0.962432,0.004888,0.031794
data_cv_fold3/Testing/meningioma/Tr-me_0547.jpg,98241,meningioma,meningioma,1,0.999844,3,42,0.000129,0.999844,0.000008,0.000019
data_cv_fold3/Testing/meningioma/Tr-me_0548.jpg,98241,meningioma,meningioma,1,0.999924,3,42,0.000060,0.999924,0.000003,0.000014
data_cv_fold3/Testing/meningioma/Tr-me_0549.jpg,98241,meningioma,meningioma,1,0.999567,3,42,0.000405,0.999567,0.000016,0.000012
data_cv_fold3/Testing/meningioma/Tr-me_0550.jpg,98241,meningioma,meningioma,1,0.999897,3,42,0.000081,0.999897,0.000003,0.000019
data_cv_fold3/Testing/meningioma/Tr-me_0551.jpg,98241,meningioma,meningioma,1,0.995293,3,42,0.003584,0.995293,0.000114,0.001010
data_cv_fold3/Testing/meningioma/Tr-me_0609.jpg,102818,meningioma,meningioma,1,0.987369,3,42,0.011374,0.987369,0.000748,0.000508
data_cv_fold3/Testing/meningioma/Tr-me_0610.jpg,102818,meningioma,meningioma,1,0.989211,3,42,0.008157,0.989211,0.000480,0.002152
data_cv_fold3/Testing/meningioma/Tr-me_0612.jpg,102818,meningioma,meningioma,1,0.866424,3,42,0.004712,0.866424,0.001024,0.127840
data_cv_fold3/Testing/meningioma/Tr-me_0613.jpg,102818,meningioma,glioma,0,0.561336,3,42,0.561336,0.136001,0.003420,0.299243
data_cv_fold3/Testing/meningioma/Tr-me_0614.jpg,102935,meningioma,notumor,0,0.809522,3,42,0.032998,0.039642,0.809522,0.117837
data_cv_fold3/Testing/meningioma/Tr-me_0615.jpg,102960,meningioma,glioma,0,0.993937,3,42,0.993937,0.002446,0.001596,0.002021
data_cv_fold3/Testing/meningioma/Tr-me_0616.jpg,102960,meningioma,glioma,0,0.986616,3,42,0.986616,0.008380,0.002038,0.002966
data_cv_fold3/Testing/meningioma/Tr-me_0617.jpg,102960,meningioma,glioma,0,0.986616,3,42,0.986616,0.008380,0.002038,0.002966
data_cv_fold3/Testing/meningioma/Tr-me_0618.jpg,102960,meningioma,glioma,0,0.959768,3,42,0.959768,0.010386,0.003205,0.026641
data_cv_fold3/Testing/meningioma/Tr-me_0619.jpg,102960,meningioma,glioma,0,0.556231,3,42,0.556231,0.172776,0.007054,0.263938
data_cv_fold3/Testing/meningioma/Tr-me_0620.jpg,102960,meningioma,pituitary,0,0.723832,3,42,0.256096,0.011713,0.008360,0.723832
data_cv_fold3/Testing/meningioma/Tr-me_0632.jpg,104167,meningioma,meningioma,1,0.998823,3,42,0.000939,0.998823,0.000195,0.000043
data_cv_fold3/Testing/meningioma/Tr-me_0634.jpg,104167,meningioma,meningioma,1,0.998966,3,42,0.000976,0.998966,0.000020,0.000039
data_cv_fold3/Testing/meningioma/Tr-me_0635.jpg,104167,meningioma,meningioma,1,0.999923,3,42,0.000072,0.999923,0.000002,0.000003
data_cv_fold3/Testing/meningioma/Tr-me_0636.jpg,104167,meningioma,meningioma,1,0.975486,3,42,0.023984,0.975486,0.000361,0.000168
data_cv_fold3/Testing/meningioma/Tr-me_0637.jpg,104281,meningioma,meningioma,1,0.999744,3,42,0.000193,0.999744,0.000025,0.000038
data_cv_fold3/Testing/meningioma/Tr-me_0638.jpg,104281,meningioma,meningioma,1,0.999770,3,42,0.000219,0.999770,0.000002,0.000009
data_cv_fold3/Testing/meningioma/Tr-me_0639.jpg,104281,meningioma,meningioma,1,0.999647,3,42,0.000338,0.999647,0.000003,0.000013
data_cv_fold3/Testing/meningioma/Tr-me_0640.jpg,104281,meningioma,meningioma,1,0.999114,3,42,0.000867,0.999114,0.000005,0.000014
data_cv_fold3/Testing/meningioma/Tr-me_0645.jpg,105374,meningioma,meningioma,1,0.936225,3,42,0.050629,0.936225,0.002881,0.010265
data_cv_fold3/Testing/meningioma/Tr-me_0657.jpg,106442,meningioma,meningioma,1,0.996031,3,42,0.003708,0.996031,0.000059,0.000202
data_cv_fold3/Testing/meningioma/Tr-me_0658.jpg,106442,meningioma,meningioma,1,0.993338,3,42,0.005519,0.993338,0.000891,0.000251
data_cv_fold3/Testing/meningioma/Tr-me_0659.jpg,106442,meningioma,meningioma,1,0.975739,3,42,0.004265,0.975739,0.016409,0.003586
data_cv_fold3/Testing/meningioma/Tr-me_0680.jpg,107190,meningioma,meningioma,1,0.968017,3,42,0.004649,0.968017,0.001800,0.025534
data_cv_fold3/Testing/meningioma/Tr-me_0704.jpg,108945,meningioma,meningioma,1,0.969405,3,42,0.029849,0.969405,0.000689,0.000057
data_cv_fold3/Testing/meningioma/Tr-me_0705.jpg,108945,meningioma,meningioma,1,0.905863,3,42,0.093829,0.905863,0.000248,0.000060
data_cv_fold3/Testing/meningioma/Tr-me_0706.jpg,108945,meningioma,meningioma,1,0.996143,3,42,0.003730,0.996143,0.000105,0.000022
data_cv_fold3/Testing/meningioma/Tr-me_0707.jpg,108945,meningioma,glioma,0,0.977113,3,42,0.977113,0.020937,0.000286,0.001664
data_cv_fold3/Testing/meningioma/Tr-me_0768.jpg,97374,meningioma,meningioma,1,0.772376,3,42,0.216094,0.772376,0.001527,0.010004
data_cv_fold3/Testing/meningioma/Tr-me_0770.jpg,97374,meningioma,meningioma,1,0.999788,3,42,0.000075,0.999788,0.000031,0.000105
data_cv_fold3/Testing/meningioma/Tr-me_0772.jpg,97374,meningioma,meningioma,1,0.999803,3,42,0.000180,0.999803,0.000012,0.000005
data_cv_fold3/Testing/meningioma/Tr-me_0774.jpg,97607,meningioma,meningioma,1,0.988817,3,42,0.009946,0.988817,0.000984,0.000252
data_cv_fold3/Testing/meningioma/Tr-me_0775.jpg,97607,meningioma,meningioma,1,0.859001,3,42,0.135534,0.859001,0.003440,0.002024
data_cv_fold3/Testing/meningioma/Tr-me_0776.jpg,97607,meningioma,meningioma,1,0.994752,3,42,0.002301,0.994752,0.001516,0.001431
data_cv_fold3/Testing/meningioma/Tr-me_0777.jpg,97607,meningioma,meningioma,1,0.969364,3,42,0.004761,0.969364,0.011012,0.014863
data_cv_fold3/Testing/meningioma/Tr-me_0784.jpg,97793,meningioma,glioma,0,0.571689,3,42,0.571689,0.363901,0.057034,0.007376
data_cv_fold3/Testing/meningioma/Tr-me_0790.jpg,98241,meningioma,meningioma,1,0.999983,3,42,0.000013,0.999983,0.000001,0.000003
data_cv_fold3/Testing/meningioma/Tr-me_0791.jpg,100360,meningioma,meningioma,1,0.809185,3,42,0.138983,0.809185,0.000347,0.051485
data_cv_fold3/Testing/meningioma/Tr-me_0792.jpg,101127,meningioma,glioma,0,0.626935,3,42,0.626935,0.155157,0.077110,0.140799
data_cv_fold3/Testing/meningioma/Tr-me_0795.jpg,98241,meningioma,meningioma,1,0.999905,3,42,0.000066,0.999905,0.000026,0.000003
data_cv_fold3/Testing/meningioma/Tr-me_0796.jpg,98241,meningioma,meningioma,1,0.999893,3,42,0.000099,0.999893,0.000003,0.000005
data_cv_fold3/Testing/meningioma/Tr-me_0797.jpg,98241,meningioma,meningioma,1,0.999981,3,42,0.000014,0.999981,0.000001,0.000004
data_cv_fold3/Testing/meningioma/Tr-me_0798.jpg,98241,meningioma,meningioma,1,0.999921,3,42,0.000046,0.999921,0.000012,0.000021
data_cv_fold3/Testing/meningioma/Tr-me_0799.jpg,98241,meningioma,meningioma,1,0.996419,3,42,0.002670,0.996419,0.000798,0.000113
data_cv_fold3/Testing/meningioma/Tr-me_0801.jpg,100360,meningioma,meningioma,1,0.993767,3,42,0.006133,0.993767,0.000008,0.000092
data_cv_fold3/Testing/meningioma/Tr-me_0812.jpg,100360,meningioma,meningioma,1,0.583256,3,42,0.411512,0.583256,0.003554,0.001679
data_cv_fold3/Testing/meningioma/Tr-me_0813.jpg,100360,meningioma,glioma,0,0.968383,3,42,0.968383,0.030966,0.000288,0.000363
data_cv_fold3/Testing/meningioma/Tr-me_0815.jpg,100360,meningioma,glioma,0,0.653448,3,42,0.653448,0.330871,0.001951,0.013730
data_cv_fold3/Testing/meningioma/Tr-me_0816.jpg,100360,meningioma,meningioma,1,0.797029,3,42,0.202310,0.797029,0.000414,0.000247
data_cv_fold3/Testing/meningioma/Tr-me_0817.jpg,100360,meningioma,glioma,0,0.883217,3,42,0.883217,0.113219,0.001372,0.002191
data_cv_fold3/Testing/meningioma/Tr-me_0818.jpg,100360,meningioma,glioma,0,0.958607,3,42,0.958607,0.040044,0.000578,0.000771
data_cv_fold3/Testing/meningioma/Tr-me_0829.jpg,101127,meningioma,meningioma,1,0.641311,3,42,0.025979,0.641311,0.003517,0.329193
data_cv_fold3/Testing/meningioma/Tr-me_0851.jpg,108945,meningioma,meningioma,1,0.999797,3,42,0.000137,0.999797,0.000059,0.000007
data_cv_fold3/Testing/meningioma/Tr-me_0852.jpg,102935,meningioma,meningioma,1,0.948022,3,42,0.049242,0.948022,0.000690,0.002046
data_cv_fold3/Testing/meningioma/Tr-me_0860.jpg,108945,meningioma,meningioma,1,0.998248,3,42,0.001490,0.998248,0.000256,0.000007
data_cv_fold3/Testing/meningioma/Tr-me_0868.jpg,104167,meningioma,meningioma,1,0.992803,3,42,0.003947,0.992803,0.001968,0.001282
data_cv_fold3/Testing/meningioma/Tr-me_0869.jpg,104167,meningioma,meningioma,1,0.973415,3,42,0.012797,0.973415,0.010463,0.003325
data_cv_fold3/Testing/meningioma/Tr-me_0870.jpg,108945,meningioma,meningioma,1,0.994521,3,42,0.005379,0.994521,0.000092,0.000008
data_cv_fold3/Testing/meningioma/Tr-me_0871.jpg,104167,meningioma,meningioma,1,0.996029,3,42,0.002950,0.996029,0.000846,0.000175
data_cv_fold3/Testing/meningioma/Tr-me_0872.jpg,104167,meningioma,meningioma,1,0.979557,3,42,0.016711,0.979557,0.003610,0.000122
data_cv_fold3/Testing/meningioma/Tr-me_0873.jpg,104281,meningioma,meningioma,1,0.997885,3,42,0.001991,0.997885,0.000030,0.000094
data_cv_fold3/Testing/meningioma/Tr-me_0875.jpg,104281,meningioma,meningioma,1,0.994866,3,42,0.005073,0.994866,0.000013,0.000049
data_cv_fold3/Testing/meningioma/Tr-me_0876.jpg,104281,meningioma,meningioma,1,0.995195,3,42,0.004609,0.995195,0.000085,0.000111
data_cv_fold3/Testing/meningioma/Tr-me_0878.jpg,104281,meningioma,meningioma,1,0.979876,3,42,0.019200,0.979876,0.000297,0.000627
data_cv_fold3/Testing/meningioma/Tr-me_0879.jpg,105374,meningioma,meningioma,1,0.975887,3,42,0.021613,0.975887,0.001528,0.000972
data_cv_fold3/Testing/meningioma/Tr-me_0880.jpg,108945,meningioma,meningioma,1,0.999701,3,42,0.000286,0.999701,0.000006,0.000007
data_cv_fold3/Testing/meningioma/Tr-me_0881.jpg,105374,meningioma,meningioma,1,0.996305,3,42,0.001131,0.996305,0.001078,0.001486
data_cv_fold3/Testing/meningioma/Tr-me_0892.jpg,106442,meningioma,meningioma,1,0.999755,3,42,0.000212,0.999755,0.000024,0.000008
data_cv_fold3/Testing/meningioma/Tr-me_0893.jpg,106442,meningioma,meningioma,1,0.999497,3,42,0.000456,0.999497,0.000032,0.000015
data_cv_fold3/Testing/meningioma/Tr-me_0896.jpg,100360,meningioma,meningioma,1,0.999069,3,42,0.000892,0.999069,0.000012,0.000027
data_cv_fold3/Testing/meningioma/Tr-me_0914.jpg,107190,meningioma,meningioma,1,0.904523,3,42,0.069981,0.904523,0.000721,0.024776
data_cv_fold3/Testing/meningioma/Tr-me_0931.jpg,108945,meningioma,meningioma,1,0.955997,3,42,0.043314,0.955997,0.000450,0.000239
data_cv_fold3/Testing/meningioma/Tr-me_0932.jpg,108945,meningioma,meningioma,1,0.997511,3,42,0.002068,0.997511,0.000130,0.000291
data_cv_fold3/Testing/meningioma/Tr-me_0933.jpg,108945,meningioma,glioma,0,0.973320,3,42,0.973320,0.022631,0.003415,0.000634
data_cv_fold3/Testing/meningioma/Tr-me_0934.jpg,102935,meningioma,meningioma,1,0.853650,3,42,0.086605,0.853650,0.052186,0.007559
data_cv_fold3/Testing/meningioma/Tr-me_0990.jpg,97607,meningioma,meningioma,1,0.999964,3,42,0.000020,0.999964,0.000005,0.000012
data_cv_fold3/Testing/meningioma/Tr-me_0991.jpg,97607,meningioma,meningioma,1,0.999952,3,42,0.000003,0.999952,0.000042,0.000003
data_cv_fold3/Testing/meningioma/Tr-me_1005.jpg,98241,meningioma,meningioma,1,0.999948,3,42,0.000033,0.999948,0.000006,0.000013
data_cv_fold3/Testing/meningioma/Tr-me_1006.jpg,98241,meningioma,meningioma,1,0.999995,3,42,0.000003,0.999995,0.000000,0.000001
data_cv_fold3/Testing/meningioma/Tr-me_1007.jpg,98241,meningioma,meningioma,1,0.999975,3,42,0.000017,0.999975,0.000005,0.000003
data_cv_fold3/Testing/meningioma/Tr-me_1008.jpg,98241,meningioma,meningioma,1,0.999986,3,42,0.000005,0.999986,0.000006,0.000002
data_cv_fold3/Testing/meningioma/Tr-me_1009.jpg,98241,meningioma,meningioma,1,0.999238,3,42,0.000244,0.999238,0.000440,0.000078
data_cv_fold3/Testing/meningioma/Tr-me_1021.jpg,100360,meningioma,meningioma,1,0.830836,3,42,0.163654,0.830836,0.000163,0.005348
data_cv_fold3/Testing/meningioma/Tr-me_1022.jpg,100360,meningioma,meningioma,1,0.952166,3,42,0.044540,0.952166,0.000126,0.003169
data_cv_fold3/Testing/meningioma/Tr-me_1023.jpg,100360,meningioma,meningioma,1,0.973557,3,42,0.022543,0.973557,0.000336,0.003564
data_cv_fold3/Testing/meningioma/Tr-me_1027.jpg,100639,meningioma,meningioma,1,0.991316,3,42,0.008428,0.991316,0.000107,0.000149
data_cv_fold3/Testing/meningioma/Tr-me_1028.jpg,100639,meningioma,meningioma,1,0.998140,3,42,0.000999,0.998140,0.000384,0.000477
data_cv_fold3/Testing/meningioma/Tr-me_1035.jpg,104167,meningioma,meningioma,1,0.999820,3,42,0.000089,0.999820,0.000069,0.000022
data_cv_fold3/Testing/meningioma/Tr-me_1037.jpg,101127,meningioma,pituitary,0,0.762937,3,42,0.015367,0.205470,0.016226,0.762937
data_cv_fold3/Testing/meningioma/Tr-me_1038.jpg,101127,meningioma,meningioma,1,0.663523,3,42,0.001270,0.663523,0.001441,0.333766
data_cv_fold3/Testing/meningioma/Tr-me_1044.jpg,104167,meningioma,meningioma,1,0.999751,3,42,0.000205,0.999751,0.000035,0.000010
data_cv_fold3/Testing/meningioma/Tr-me_1052.jpg,104167,meningioma,meningioma,1,0.999812,3,42,0.000033,0.999812,0.000089,0.000066
data_cv_fold3/Testing/meningioma/Tr-me_1057.jpg,102818,meningioma,meningioma,1,0.994186,3,42,0.004382,0.994186,0.000981,0.000450
data_cv_fold3/Testing/meningioma/Tr-me_1058.jpg,102818,meningioma,meningioma,1,0.661624,3,42,0.001329,0.661624,0.001102,0.335945
data_cv_fold3/Testing/meningioma/Tr-me_1059.jpg,102818,meningioma,pituitary,0,0.843445,3,42,0.099905,0.049609,0.007041,0.843445
data_cv_fold3/Testing/meningioma/Tr-me_1060.jpg,102935,meningioma,meningioma,1,0.492685,3,42,0.061074,0.492685,0.381621,0.064620
data_cv_fold3/Testing/meningioma/Tr-me_1061.jpg,102960,meningioma,glioma,0,0.990615,3,42,0.990615,0.003573,0.004703,0.001110
data_cv_fold3/Testing/meningioma/Tr-me_1063.jpg,102960,meningioma,glioma,0,0.985165,3,42,0.985165,0.008264,0.004287,0.002285
data_cv_fold3/Testing/meningioma/Tr-me_1064.jpg,102960,meningioma,glioma,0,0.850881,3,42,0.850881,0.071949,0.017635,0.059536
data_cv_fold3/Testing/meningioma/Tr-me_1065.jpg,102960,meningioma,glioma,0,0.562241,3,42,0.562241,0.044464,0.001980,0.391315
data_cv_fold3/Testing/meningioma/Tr-me_1070.jpg,100360,meningioma,meningioma,1,0.535194,3,42,0.464270,0.535194,0.000098,0.000438
data_cv_fold3/Testing/meningioma/Tr-me_1075.jpg,104167,meningioma,meningioma,1,0.927421,3,42,0.039359,0.927421,0.032775,0.000444
data_cv_fold3/Testing/meningioma/Tr-me_1076.jpg,104167,meningioma,meningioma,1,0.999600,3,42,0.000280,0.999600,0.000102,0.000018
data_cv_fold3/Testing/meningioma/Tr-me_1077.jpg,104167,meningioma,meningioma,1,0.999952,3,42,0.000041,0.999952,0.000005,0.000001
data_cv_fold3/Testing/meningioma/Tr-me_1078.jpg,104167,meningioma,meningioma,1,0.935550,3,42,0.060243,0.935550,0.002991,0.001216
data_cv_fold3/Testing/meningioma/Tr-me_1079.jpg,104281,meningioma,meningioma,1,0.998185,3,42,0.001190,0.998185,0.000432,0.000193
data_cv_fold3/Testing/meningioma/Tr-me_1080.jpg,104281,meningioma,meningioma,1,0.998992,3,42,0.000976,0.998992,0.000013,0.000019
data_cv_fold3/Testing/meningioma/Tr-me_1081.jpg,104281,meningioma,meningioma,1,0.996887,3,42,0.003010,0.996887,0.000019,0.000084
data_cv_fold3/Testing/meningioma/Tr-me_1082.jpg,104281,meningioma,meningioma,1,0.999624,3,42,0.000354,0.999624,0.000006,0.000016
data_cv_fold3/Testing/meningioma/Tr-me_1085.jpg,105374,meningioma,meningioma,1,0.990451,3,42,0.006429,0.990451,0.000762,0.002359
data_cv_fold3/Testing/meningioma/Tr-me_1087.jpg,104281,meningioma,meningioma,1,0.993208,3,42,0.005991,0.993208,0.000625,0.000177
data_cv_fold3/Testing/meningioma/Tr-me_1093.jpg,106442,meningioma,meningioma,1,0.999230,3,42,0.000444,0.999230,0.000111,0.000216
data_cv_fold3/Testing/meningioma/Tr-me_1094.jpg,106442,meningioma,meningioma,1,0.995770,3,42,0.002850,0.995770,0.000280,0.001100
data_cv_fold3/Testing/meningioma/Tr-me_1095.jpg,104281,meningioma,meningioma,1,0.544373,3,42,0.440770,0.544373,0.013130,0.001727
data_cv_fold3/Testing/meningioma/Tr-me_1112.jpg,104281,meningioma,meningioma,1,0.970748,3,42,0.021110,0.970748,0.002003,0.006139
data_cv_fold3/Testing/meningioma/Tr-me_1120.jpg,105374,meningioma,meningioma,1,0.947047,3,42,0.047478,0.947047,0.000138,0.005338
data_cv_fold3/Testing/meningioma/Tr-me_1129.jpg,105374,meningioma,meningioma,1,0.992051,3,42,0.007032,0.992051,0.000037,0.000879
data_cv_fold3/Testing/meningioma/Tr-me_1132.jpg,108945,meningioma,meningioma,1,0.780227,3,42,0.217451,0.780227,0.002197,0.000125
data_cv_fold3/Testing/meningioma/Tr-me_1133.jpg,108945,meningioma,meningioma,1,0.907463,3,42,0.092281,0.907463,0.000223,0.000032
data_cv_fold3/Testing/meningioma/Tr-me_1134.jpg,108945,meningioma,meningioma,1,0.983707,3,42,0.015825,0.983707,0.000336,0.000132
data_cv_fold3/Testing/meningioma/Tr-me_1136.jpg,109350,meningioma,meningioma,1,0.969325,3,42,0.000661,0.969325,0.009046,0.020968
data_cv_fold3/Testing/meningioma/Tr-me_1203.jpg,97374,meningioma,glioma,0,0.889466,3,42,0.889466,0.095147,0.000444,0.014943
data_cv_fold3/Testing/meningioma/Tr-me_1204.jpg,97374,meningioma,meningioma,1,0.999786,3,42,0.000103,0.999786,0.000020,0.000092
data_cv_fold3/Testing/meningioma/Tr-me_1207.jpg,97374,meningioma,meningioma,1,0.998835,3,42,0.001086,0.998835,0.000072,0.000007
data_cv_fold3/Testing/meningioma/Tr-me_1208.jpg,97607,meningioma,meningioma,1,0.999306,3,42,0.000368,0.999306,0.000288,0.000038
data_cv_fold3/Testing/meningioma/Tr-me_1209.jpg,97607,meningioma,meningioma,1,0.981357,3,42,0.015189,0.981357,0.000939,0.002515
data_cv_fold3/Testing/meningioma/Tr-me_1210.jpg,97607,meningioma,meningioma,1,0.999328,3,42,0.000350,0.999328,0.000133,0.000190
data_cv_fold3/Testing/meningioma/Tr-me_1213.jpg,106442,meningioma,meningioma,1,0.996771,3,42,0.002739,0.996771,0.000443,0.000048
data_cv_fold3/Testing/meningioma/Tr-me_1216.jpg,97793,meningioma,meningioma,1,0.841392,3,42,0.070968,0.841392,0.083592,0.004048
data_cv_fold3/Testing/meningioma/Tr-me_1221.jpg,106442,meningioma,meningioma,1,0.999010,3,42,0.000087,0.999010,0.000874,0.000028
data_cv_fold3/Testing/meningioma/Tr-me_1222.jpg,98241,meningioma,meningioma,1,0.999981,3,42,0.000014,0.999981,0.000002,0.000003
data_cv_fold3/Testing/meningioma/Tr-me_1223.jpg,98241,meningioma,meningioma,1,0.999952,3,42,0.000032,0.999952,0.000007,0.000009
data_cv_fold3/Testing/meningioma/Tr-me_1224.jpg,98241,meningioma,meningioma,1,0.999898,3,42,0.000076,0.999898,0.000021,0.000005
data_cv_fold3/Testing/meningioma/Tr-me_1225.jpg,98241,meningioma,meningioma,1,0.999970,3,42,0.000018,0.999970,0.000006,0.000006
data_cv_fold3/Testing/meningioma/Tr-me_1229.jpg,106442,meningioma,meningioma,1,0.986236,3,42,0.006808,0.986236,0.006730,0.000225
data_cv_fold3/Testing/meningioma/Tr-me_1238.jpg,106442,meningioma,glioma,0,0.815025,3,42,0.815025,0.161217,0.020281,0.003477
data_cv_fold3/Testing/meningioma/Tr-me_1264.jpg,107190,meningioma,meningioma,1,0.840029,3,42,0.146131,0.840029,0.012652,0.001188
data_cv_fold3/Testing/meningioma/Tr-me_1265.jpg,107190,meningioma,meningioma,1,0.752837,3,42,0.226455,0.752837,0.018998,0.001710
data_cv_fold3/Testing/meningioma/Tr-me_1311.jpg,101127,meningioma,meningioma,1,0.387925,3,42,0.362880,0.387925,0.049156,0.200039
data_cv_fold3/Testing/meningioma/Tr-me_1326.jpg,97607,meningioma,meningioma,1,0.997651,3,42,0.001493,0.997651,0.000827,0.000029
data_cv_fold3/Testing/meningioma/Tr-me_1327.jpg,97607,meningioma,meningioma,1,0.999497,3,42,0.000295,0.999497,0.000187,0.000021
data_cv_fold3/Testing/meningioma/Tr-me_1328.jpg,97607,meningioma,meningioma,1,0.999548,3,42,0.000314,0.999548,0.000043,0.000095
data_cv_fold3/Testing/meningioma/Tr-me_1330.jpg,101127,meningioma,meningioma,1,0.992510,3,42,0.003662,0.992510,0.003286,0.000542
data_cv_fold3/Testing/notumor/Te-no_0108.jpg,nt1028,notumor,notumor,1,0.986800,3,42,0.008964,0.004124,0.986800,0.000113
data_cv_fold3/Testing/notumor/Te-no_0116.jpg,nt944,notumor,notumor,1,0.999573,3,42,0.000182,0.000204,0.999573,0.000041
data_cv_fold3/Testing/notumor/Te-no_0119.jpg,nt1030,notumor,notumor,1,0.998155,3,42,0.000675,0.001148,0.998155,0.000022
data_cv_fold3/Testing/notumor/Te-no_0131.jpg,nt824,notumor,notumor,1,0.990681,3,42,0.008414,0.000821,0.990681,0.000084
data_cv_fold3/Testing/notumor/Te-no_0134.jpg,nt445,notumor,notumor,1,0.994843,3,42,0.003568,0.001543,0.994843,0.000046
data_cv_fold3/Testing/notumor/Te-no_0136.jpg,nt1036,notumor,notumor,1,0.999348,3,42,0.000082,0.000546,0.999348,0.000024
data_cv_fold3/Testing/notumor/Te-no_0137.jpg,nt968,notumor,notumor,1,0.998785,3,42,0.000521,0.000507,0.998785,0.000187
data_cv_fold3/Testing/notumor/Te-no_0153.jpg,nt901,notumor,notumor,1,0.998615,3,42,0.000106,0.001226,0.998615,0.000053
data_cv_fold3/Testing/notumor/Te-no_0155.jpg,nt1039,notumor,notumor,1,0.999152,3,42,0.000045,0.000720,0.999152,0.000083
data_cv_fold3/Testing/notumor/Te-no_0161.jpg,nt560,notumor,notumor,1,0.999982,3,42,0.000001,0.000013,0.999982,0.000004
data_cv_fold3/Testing/notumor/Te-no_0163.jpg,nt1043,notumor,notumor,1,0.999666,3,42,0.000065,0.000240,0.999666,0.000029
data_cv_fold3/Testing/notumor/Te-no_0168.jpg,nt850,notumor,notumor,1,0.999964,3,42,0.000003,0.000022,0.999964,0.000011
data_cv_fold3/Testing/notumor/Te-no_0171.jpg,nt576,notumor,notumor,1,0.999932,3,42,0.000004,0.000046,0.999932,0.000019
data_cv_fold3/Testing/notumor/Te-no_0173.jpg,nt593,notumor,notumor,1,0.998837,3,42,0.000096,0.000916,0.998837,0.000151
data_cv_fold3/Testing/notumor/Te-no_0178.jpg,nt1050,notumor,notumor,1,0.995106,3,42,0.003488,0.001358,0.995106,0.000047
data_cv_fold3/Testing/notumor/Te-no_0184.jpg,nt1054,notumor,notumor,1,0.999381,3,42,0.000302,0.000312,0.999381,0.000005
data_cv_fold3/Testing/notumor/Te-no_0185.jpg,nt585,notumor,notumor,1,0.999822,3,42,0.000053,0.000118,0.999822,0.000008
data_cv_fold3/Testing/notumor/Te-no_0199.jpg,nt593,notumor,notumor,1,0.999081,3,42,0.000104,0.000612,0.999081,0.000204
data_cv_fold3/Testing/notumor/Te-no_0204.jpg,nt1057,notumor,notumor,1,0.999407,3,42,0.000025,0.000509,0.999407,0.000059
data_cv_fold3/Testing/notumor/Te-no_0211.jpg,nt758,notumor,notumor,1,0.999600,3,42,0.000131,0.000254,0.999600,0.000015
data_cv_fold3/Testing/notumor/Te-no_0212.jpg,nt403,notumor,notumor,1,0.999950,3,42,0.000001,0.000036,0.999950,0.000014
data_cv_fold3/Testing/notumor/Te-no_0214.jpg,nt1062,notumor,notumor,1,0.999065,3,42,0.000188,0.000474,0.999065,0.000273
data_cv_fold3/Testing/notumor/Te-no_0218.jpg,nt232,notumor,notumor,1,0.990940,3,42,0.008344,0.000607,0.990940,0.000109
data_cv_fold3/Testing/notumor/Te-no_0220.jpg,nt237,notumor,notumor,1,0.999673,3,42,0.000092,0.000216,0.999673,0.000020
data_cv_fold3/Testing/notumor/Te-no_0225.jpg,nt31,notumor,notumor,1,0.999379,3,42,0.000041,0.000485,0.999379,0.000095
data_cv_fold3/Testing/notumor/Te-no_0230.jpg,nt965,notumor,notumor,1,0.999980,3,42,0.000005,0.000004,0.999980,0.000011
data_cv_fold3/Testing/notumor/Te-no_0233.jpg,nt377,notumor,notumor,1,0.999302,3,42,0.000506,0.000157,0.999302,0.000035
data_cv_fold3/Testing/notumor/Te-no_0239.jpg,nt975,notumor,notumor,1,0.999785,3,42,0.000074,0.000084,0.999785,0.000057
data_cv_fold3/Testing/notumor/Te-no_0245.jpg,nt1068,notumor,notumor,1,0.999269,3,42,0.000032,0.000682,0.999269,0.000018
data_cv_fold3/Testing/notumor/Te-no_0249.jpg,nt1072,notumor,notumor,1,0.998232,3,42,0.000293,0.001418,0.998232,0.000057
data_cv_fold3/Testing/notumor/Te-no_0265.jpg,nt1077,notumor,notumor,1,0.998077,3,42,0.000071,0.001637,0.998077,0.000215
data_cv_fold3/Testing/notumor/Te-no_0271.jpg,nt1082,notumor,notumor,1,0.991003,3,42,0.000417,0.008213,0.991003,0.000368
data_cv_fold3/Testing/notumor/Te-no_0279.jpg,nt1087,notumor,notumor,1,0.999953,3,42,0.000001,0.000041,0.999953,0.000005
data_cv_fold3/Testing/notumor/Te-no_0289.jpg,nt1092,notumor,notumor,1,0.999542,3,42,0.000013,0.000206,0.999542,0.000239
data_cv_fold3/Testing/notumor/Te-no_0290.jpg,nt425,notumor,notumor,1,0.999322,3,42,0.000090,0.000572,0.999322,0.000016
data_cv_fold3/Testing/notumor/Te-no_0293.jpg,nt1094,notumor,notumor,1,0.999972,3,42,0.000003,0.000005,0.999972,0.000020
data_cv_fold3/Testing/notumor/Te-no_0301.jpg,nt137,notumor,notumor,1,0.999754,3,42,0.000086,0.000148,0.999754,0.000012
data_cv_fold3/Testing/notumor/Te-no_0307.jpg,nt758,notumor,notumor,1,0.999653,3,42,0.000083,0.000250,0.999653,0.000014
data_cv_fold3/Testing/notumor/Te-no_0309.jpg,nt813,notumor,notumor,1,0.997888,3,42,0.000169,0.001915,0.997888,0.000028
data_cv_fold3/Testing/notumor/Te-no_0312.jpg,nt1054,notumor,notumor,1,0.999072,3,42,0.000447,0.000475,0.999072,0.000006
data_cv_fold3/Testing/notumor/Te-no_0319.jpg,nt445,notumor,notumor,1,0.995160,3,42,0.003480,0.001302,0.995160,0.000058
data_cv_fold3/Testing/notumor/Te-no_0330.jpg,nt1024,notumor,notumor,1,0.992784,3,42,0.003804,0.003386,0.992784,0.000026
data_cv_fold3/Testing/notumor/Te-no_0335.jpg,nt322,notumor,notumor,1,0.998623,3,42,0.000625,0.000733,0.998623,0.000019
data_cv_fold3/Testing/notumor/Te-no_0339.jpg,nt1030,notumor,notumor,1,0.998366,3,42,0.000679,0.000931,0.998366,0.000024
data_cv_fold3/Testing/notumor/Te-no_0346.jpg,nt824,notumor,notumor,1,0.990724,3,42,0.008405,0.000790,0.990724,0.000081
data_cv_fold3/Testing/notumor/Te-no_0348.jpg,nt1036,notumor,notumor,1,0.999345,3,42,0.000086,0.000546,0.999345,0.000024
data_cv_fold3/Testing/notumor/Te-no_0350.jpg,nt1105,notumor,notumor,1,0.999354,3,42,0.000099,0.000370,0.999354,0.000177
data_cv_fold3/Testing/notumor/Te-no_0352.jpg,nt497,notumor,notumor,1,0.997903,3,42,0.001925,0.000120,0.997903,0.000052
data_cv_fold3/Testing/notumor/Te-no_0357.jpg,nt965,notumor,notumor,1,0.999952,3,42,0.000012,0.000014,0.999952,0.000022
data_cv_fold3/Testing/notumor/Te-no_0358.jpg,nt377,notumor,notumor,1,0.999233,3,42,0.000542,0.000196,0.999233,0.000029
data_cv_fold3/Testing/notumor/Te-no_0359.jpg,nt490,notumor,notumor,1,0.999744,3,42,0.000044,0.000194,0.999744,0.000018
data_cv_fold3/Testing/notumor/Te-no_0367.jpg,nt1094,notumor,notumor,1,0.999972,3,42,0.000003,0.000006,0.999972,0.000019
data_cv_fold3/Testing/notumor/Te-no_0371.jpg,nt858,notumor,notumor,1,0.999882,3,42,0.000010,0.000104,0.999882,0.000004
data_cv_fold3/Testing/notumor/Te-no_0373.jpg,nt367,notumor,notumor,1,0.999894,3,42,0.000002,0.000018,0.999894,0.000086
data_cv_fold3/Testing/notumor/Te-no_0376.jpg,nt435,notumor,notumor,1,0.999966,3,42,0.000001,0.000023,0.999966,0.000010
data_cv_fold3/Testing/notumor/Te-no_0382.jpg,nt939,notumor,notumor,1,0.999845,3,42,0.000002,0.000126,0.999845,0.000026
data_cv_fold3/Testing/notumor/Te-no_0384.jpg,nt944,notumor,notumor,1,0.999500,3,42,0.000192,0.000256,0.999500,0.000052
data_cv_fold3/Testing/notumor/Te-no_0386.jpg,nt1030,notumor,notumor,1,0.997820,3,42,0.001096,0.001055,0.997820,0.000030
data_cv_fold3/Testing/notumor/Te-no_0388.jpg,nt337,notumor,notumor,1,0.998877,3,42,0.000210,0.000880,0.998877,0.000034
data_cv_fold3/Testing/notumor/Te-no_0400.jpg,nt925,notumor,notumor,1,0.997986,3,42,0.000064,0.001029,0.997986,0.000922
data_cv_fold3/Testing/notumor/Te-no_0403.jpg,nt930,notumor,notumor,1,0.999801,3,42,0.000103,0.000093,0.999801,0.000003
data_cv_fold3/Testing/notumor/Tr-noTr_0000.jpg,nt0,notumor,pituitary,0,0.574762,3,42,0.000542,0.010674,0.414023,0.574762
data_cv_fold3/Testing/notumor/Tr-no_0011.jpg,nt11,notumor,notumor,1,0.999961,3,42,0.000006,0.000005,0.999961,0.000028
data_cv_fold3/Testing/notumor/Tr-no_0016.jpg,nt14,notumor,notumor,1,0.999336,3,42,0.000028,0.000595,0.999336,0.000041
data_cv_fold3/Testing/notumor/Tr-no_0025.jpg,nt22,notumor,notumor,1,0.999911,3,42,0.000004,0.000008,0.999911,0.000077
data_cv_fold3/Testing/notumor/Tr-no_0027.jpg,nt24,notumor,notumor,1,0.999276,3,42,0.000191,0.000520,0.999276,0.000014
data_cv_fold3/Testing/notumor/Tr-no_0034.jpg,nt30,notumor,notumor,1,0.999979,3,42,0.000000,0.000015,0.999979,0.000006
data_cv_fold3/Testing/notumor/Tr-no_0035.jpg,nt31,notumor,notumor,1,0.999324,3,42,0.000044,0.000536,0.999324,0.000096
data_cv_fold3/Testing/notumor/Tr-no_0042.jpg,nt38,notumor,notumor,1,0.999945,3,42,0.000030,0.000025,0.999945,0.000001
data_cv_fold3/Testing/notumor/Tr-no_0043.jpg,nt39,notumor,notumor,1,0.996670,3,42,0.000005,0.002751,0.996670,0.000575
data_cv_fold3/Testing/notumor/Tr-no_0045.jpg,nt41,notumor,notumor,1,0.978243,3,42,0.001503,0.018686,0.978243,0.001568
data_cv_fold3/Testing/notumor/Tr-no_0059.jpg,nt55,notumor,notumor,1,0.971054,3,42,0.000161,0.028666,0.971054,0.000119
data_cv_fold3/Testing/notumor/Tr-no_0063.jpg,nt59,notumor,notumor,1,0.994880,3,42,0.000198,0.004871,0.994880,0.000052
data_cv_fold3/Testing/notumor/Tr-no_0074.jpg,nt39,notumor,notumor,1,0.997873,3,42,0.000005,0.001803,0.997873,0.000319
data_cv_fold3/Testing/notumor/Tr-no_0084.jpg,nt74,notumor,notumor,1,0.996759,3,42,0.000005,0.000048,0.996759,0.003187
data_cv_fold3/Testing/notumor/Tr-no_0100.jpg,nt90,notumor,notumor,1,0.999598,3,42,0.000017,0.000367,0.999598,0.000018
data_cv_fold3/Testing/notumor/Tr-no_0107.jpg,nt97,notumor,notumor,1,0.997495,3,42,0.000031,0.000899,0.997495,0.001575
data_cv_fold3/Testing/notumor/Tr-no_0108.jpg,nt98,notumor,notumor,1,0.808350,3,42,0.017871,0.167569,0.808350,0.006210
data_cv_fold3/Testing/notumor/Tr-no_0110.jpg,nt100,notumor,notumor,1,0.987938,3,42,0.001230,0.010362,0.987938,0.000470
data_cv_fold3/Testing/notumor/Tr-no_0112.jpg,nt102,notumor,notumor,1,0.999993,3,42,0.000000,0.000006,0.999993,0.000001
data_cv_fold3/Testing/notumor/Tr-no_0124.jpg,nt111,notumor,notumor,1,0.999641,3,42,0.000006,0.000285,0.999641,0.000068
data_cv_fold3/Testing/notumor/Tr-no_0127.jpg,nt113,notumor,notumor,1,0.999388,3,42,0.000010,0.000033,0.999388,0.000569
data_cv_fold3/Testing/notumor/Tr-no_0129.jpg,nt115,notumor,notumor,1,0.999937,3,42,0.000001,0.000043,0.999937,0.000019
data_cv_fold3/Testing/notumor/Tr-no_0141.jpg,nt122,notumor,notumor,1,0.996960,3,42,0.000389,0.002607,0.996960,0.000043
data_cv_fold3/Testing/notumor/Tr-no_0148.jpg,nt128,notumor,notumor,1,0.999883,3,42,0.000003,0.000004,0.999883,0.000110
data_cv_fold3/Testing/notumor/Tr-no_0154.jpg,nt133,notumor,notumor,1,0.997808,3,42,0.000102,0.002051,0.997808,0.000040
data_cv_fold3/Testing/notumor/Tr-no_0158.jpg,nt137,notumor,notumor,1,0.999792,3,42,0.000067,0.000131,0.999792,0.000010
data_cv_fold3/Testing/notumor/Tr-no_0160.jpg,nt138,notumor,notumor,1,0.999227,3,42,0.000040,0.000512,0.999227,0.000221
data_cv_fold3/Testing/notumor/Tr-no_0172.jpg,nt149,notumor,notumor,1,0.998899,3,42,0.000070,0.000916,0.998899,0.000116
data_cv_fold3/Testing/notumor/Tr-no_0179.jpg,nt156,notumor,notumor,1,0.998296,3,42,0.000173,0.001507,0.998296,0.000024
data_cv_fold3/Testing/notumor/Tr-no_0183.jpg,nt157,notumor,notumor,1,0.999758,3,42,0.000109,0.000101,0.999758,0.000031
data_cv_fold3/Testing/notumor/Tr-no_0190.jpg,nt161,notumor,notumor,1,0.990721,3,42,0.000048,0.009213,0.990721,0.000018
data_cv_fold3/Testing/notumor/Tr-no_0198.jpg,nt169,notumor,notumor,1,0.965761,3,42,0.014433,0.011644,0.965761,0.008162
data_cv_fold3/Testing/notumor/Tr-no_0205.jpg,nt175,notumor,notumor,1,0.999588,3,42,0.000034,0.000341,0.999588,0.000036
data_cv_fold3/Testing/notumor/Tr-no_0210.jpg,nt180,notumor,notumor,1,0.981268,3,42,0.003929,0.012924,0.981268,0.001879
data_cv_fold3/Testing/notumor/Tr-no_0216.jpg,nt185,notumor,notumor,1,0.999889,3,42,0.000003,0.000092,0.999889,0.000016
data_cv_fold3/Testing/notumor/Tr-no_0221.jpg,nt189,notumor,notumor,1,0.999980,3,42,0.000000,0.000017,0.999980,0.000002
data_cv_fold3/Testing/notumor/Tr-no_0228.jpg,nt193,notumor,notumor,1,0.996350,3,42,0.000230,0.003170,0.996350,0.000250
data_cv_fold3/Testing/notumor/Tr-no_0236.jpg,nt198,notumor,notumor,1,0.998308,3,42,0.000103,0.001565,0.998308,0.000023
data_cv_fold3/Testing/notumor/Tr-no_0245.jpg,nt203,notumor,notumor,1,0.998773,3,42,0.000229,0.000968,0.998773,0.000030
data_cv_fold3/Testing/notumor/Tr-no_0250.jpg,nt208,notumor,notumor,1,0.999892,3,42,0.000002,0.000064,0.999892,0.000042
data_cv_fold3/Testing/notumor/Tr-no_0255.jpg,nt213,notumor,notumor,1,0.984976,3,42,0.000639,0.009703,0.984976,0.004682
data_cv_fold3/Testing/notumor/Tr-no_0261.jpg,nt218,notumor,notumor,1,0.998057,3,42,0.000003,0.000265,0.998057,0.001675
data_cv_fold3/Testing/notumor/Tr-no_0266.jpg,nt223,notumor,notumor,1,0.995719,3,42,0.003121,0.001132,0.995719,0.000028
data_cv_fold3/Testing/notumor/Tr-no_0274.jpg,nt228,notumor,notumor,1,0.993730,3,42,0.003122,0.002688,0.993730,0.000460
data_cv_fold3/Testing/notumor/Tr-no_0280.jpg,nt232,notumor,notumor,1,0.993509,3,42,0.005681,0.000729,0.993509,0.000081
data_cv_fold3/Testing/notumor/Tr-no_0285.jpg,nt236,notumor,notumor,1,0.999922,3,42,0.000006,0.000066,0.999922,0.000005
data_cv_fold3/Testing/notumor/Tr-no_0286.jpg,nt237,notumor,notumor,1,0.999606,3,42,0.000095,0.000275,0.999606,0.000024
data_cv_fold3/Testing/notumor/Tr-no_0293.jpg,nt243,notumor,notumor,1,0.999787,3,42,0.000016,0.000121,0.999787,0.000075
data_cv_fold3/Testing/notumor/Tr-no_0301.jpg,nt249,notumor,notumor,1,0.994479,3,42,0.001652,0.003334,0.994479,0.000535
data_cv_fold3/Testing/notumor/Tr-no_0309.jpg,nt257,notumor,notumor,1,0.999854,3,42,0.000004,0.000119,0.999854,0.000023
data_cv_fold3/Testing/notumor/Tr-no_0313.jpg,nt261,notumor,notumor,1,0.986914,3,42,0.000041,0.012299,0.986914,0.000746
data_cv_fold3/Testing/notumor/Tr-no_0314.jpg,nt262,notumor,notumor,1,0.999614,3,42,0.000003,0.000329,0.999614,0.000054
data_cv_fold3/Testing/notumor/Tr-no_0320.jpg,nt267,notumor,notumor,1,0.998720,3,42,0.000192,0.001074,0.998720,0.000014
data_cv_fold3/Testing/notumor/Tr-no_0326.jpg,nt261,notumor,notumor,1,0.987494,3,42,0.000037,0.011657,0.987494,0.000812
data_cv_fold3/Testing/notumor/Tr-no_0328.jpg,nt271,notumor,notumor,1,0.999849,3,42,0.000001,0.000087,0.999849,0.000064
data_cv_fold3/Testing/notumor/Tr-no_0343.jpg,nt277,notumor,notumor,1,0.998425,3,42,0.000007,0.000842,0.998425,0.000726
data_cv_fold3/Testing/notumor/Tr-no_0353.jpg,nt281,notumor,notumor,1,0.999024,3,42,0.000064,0.000319,0.999024,0.000593
data_cv_fold3/Testing/notumor/Tr-no_0358.jpg,nt286,notumor,notumor,1,0.539936,3,42,0.455052,0.004840,0.539936,0.000172
data_cv_fold3/Testing/notumor/Tr-no_0372.jpg,nt291,notumor,notumor,1,0.996335,3,42,0.000015,0.001249,0.996335,0.002401
data_cv_fold3/Testing/notumor/Tr-no_0374.jpg,nt115,notumor,notumor,1,0.999956,3,42,0.000001,0.000035,0.999956,0.000009
data_cv_fold3/Testing/notumor/Tr-no_0380.jpg,nt296,notumor,notumor,1,0.999880,3,42,0.000001,0.000074,0.999880,0.000045
data_cv_fold3/Testing/notumor/Tr-no_0388.jpg,nt304,notumor,notumor,1,0.988077,3,42,0.000262,0.004371,0.988077,0.007290
data_cv_fold3/Testing/notumor/Tr-no_0393.jpg,nt309,notumor,notumor,1,0.999895,3,42,0.000003,0.000063,0.999895,0.000040
data_cv_fold3/Testing/notumor/Tr-no_0399.jpg,nt314,notumor,notumor,1,0.999449,3,42,0.000026,0.000516,0.999449,0.000010
data_cv_fold3/Testing/notumor/Tr-no_0407.jpg,nt322,notumor,notumor,1,0.999012,3,42,0.000461,0.000508,0.999012,0.000018
data_cv_fold3/Testing/notumor/Tr-no_0414.jpg,nt329,notumor,notumor,1,0.998790,3,42,0.000005,0.001184,0.998790,0.000021
data_cv_fold3/Testing/notumor/Tr-no_0417.jpg,nt331,notumor,notumor,1,0.998068,3,42,0.000327,0.001422,0.998068,0.000184
data_cv_fold3/Testing/notumor/Tr-no_0422.jpg,nt336,notumor,notumor,1,0.998230,3,42,0.000188,0.001426,0.998230,0.000155
data_cv_fold3/Testing/notumor/Tr-no_0423.jpg,nt337,notumor,notumor,1,0.999003,3,42,0.000208,0.000758,0.999003,0.000031
data_cv_fold3/Testing/notumor/Tr-no_0430.jpg,nt344,notumor,notumor,1,0.964687,3,42,0.007467,0.026927,0.964687,0.000919
data_cv_fold3/Testing/notumor/Tr-no_0434.jpg,nt348,notumor,notumor,1,0.999563,3,42,0.000138,0.000246,0.999563,0.000054
data_cv_fold3/Testing/notumor/Tr-no_0441.jpg,nt355,notumor,notumor,1,0.997751,3,42,0.000034,0.001356,0.997751,0.000859
data_cv_fold3/Testing/notumor/Tr-no_0442.jpg,nt356,notumor,notumor,1,0.999553,3,42,0.000117,0.000313,0.999553,0.000016
data_cv_fold3/Testing/notumor/Tr-no_0448.jpg,nt362,notumor,notumor,1,0.997777,3,42,0.000109,0.001007,0.997777,0.001107
data_cv_fold3/Testing/notumor/Tr-no_0450.jpg,nt364,notumor,notumor,1,0.999871,3,42,0.000020,0.000061,0.999871,0.000049
data_cv_fold3/Testing/notumor/Tr-no_0453.jpg,nt367,notumor,notumor,1,0.999856,3,42,0.000003,0.000020,0.999856,0.000121
data_cv_fold3/Testing/notumor/Tr-no_0463.jpg,nt377,notumor,notumor,1,0.998846,3,42,0.000836,0.000281,0.998846,0.000037
data_cv_fold3/Testing/notumor/Tr-no_0467.jpg,nt381,notumor,notumor,1,0.999924,3,42,0.000006,0.000056,0.999924,0.000015
data_cv_fold3/Testing/notumor/Tr-no_0485.jpg,nt399,notumor,notumor,1,0.999513,3,42,0.000272,0.000198,0.999513,0.000017
data_cv_fold3/Testing/notumor/Tr-no_0486.jpg,nt400,notumor,notumor,1,0.996564,3,42,0.000373,0.002994,0.996564,0.000070
data_cv_fold3/Testing/notumor/Tr-no_0489.jpg,nt403,notumor,notumor,1,0.999958,3,42,0.000001,0.000027,0.999958,0.000014
data_cv_fold3/Testing/notumor/Tr-no_0504.jpg,nt418,notumor,notumor,1,0.999781,3,42,0.000011,0.000153,0.999781,0.000055
data_cv_fold3/Testing/notumor/Tr-no_0507.jpg,nt421,notumor,notumor,1,0.980242,3,42,0.000726,0.018256,0.980242,0.000776
data_cv_fold3/Testing/notumor/Tr-no_0511.jpg,nt425,notumor,notumor,1,0.999347,3,42,0.000086,0.000551,0.999347,0.000017
data_cv_fold3/Testing/notumor/Tr-no_0513.jpg,nt427,notumor,notumor,1,0.997578,3,42,0.000090,0.002312,0.997578,0.000020
data_cv_fold3/Testing/notumor/Tr-no_0521.jpg,nt435,notumor,notumor,1,0.999961,3,42,0.000001,0.000025,0.999961,0.000014
data_cv_fold3/Testing/notumor/Tr-no_0522.jpg,nt436,notumor,notumor,1,0.998546,3,42,0.000091,0.001327,0.998546,0.000037
data_cv_fold3/Testing/notumor/Tr-no_0524.jpg,nt438,notumor,notumor,1,0.999967,3,42,0.000000,0.000023,0.999967,0.000010
data_cv_fold3/Testing/notumor/Tr-no_0533.jpg,nt445,notumor,notumor,1,0.994239,3,42,0.003853,0.001850,0.994239,0.000058
data_cv_fold3/Testing/notumor/Tr-no_0539.jpg,nt451,notumor,notumor,1,0.999369,3,42,0.000348,0.000255,0.999369,0.000028
data_cv_fold3/Testing/notumor/Tr-no_0547.jpg,nt137,notumor,notumor,1,0.999886,3,42,0.000041,0.000068,0.999886,0.000005
data_cv_fold3/Testing/notumor/Tr-no_0548.jpg,nt138,notumor,notumor,1,0.999525,3,42,0.000029,0.000307,0.999525,0.000139
data_cv_fold3/Testing/notumor/Tr-no_0549.jpg,nt454,notumor,notumor,1,0.998805,3,42,0.000594,0.000561,0.998805,0.000040
data_cv_fold3/Testing/notumor/Tr-no_0555.jpg,nt459,notumor,notumor,1,0.998738,3,42,0.000116,0.000992,0.998738,0.000153
data_cv_fold3/Testing/notumor/Tr-no_0556.jpg,nt460,notumor,notumor,1,0.997238,3,42,0.001448,0.001264,0.997238,0.000050
data_cv_fold3/Testing/notumor/Tr-no_0567.jpg,nt469,notumor,notumor,1,0.999997,3,42,0.000000,0.000001,0.999997,0.000001
data_cv_fold3/Testing/notumor/Tr-no_0570.jpg,nt137,notumor,notumor,1,0.999838,3,42,0.000057,0.000096,0.999838,0.000008
data_cv_fold3/Testing/notumor/Tr-no_0575.jpg,nt474,notumor,notumor,1,0.999511,3,42,0.000146,0.000329,0.999511,0.000014
data_cv_fold3/Testing/notumor/Tr-no_0578.jpg,nt476,notumor,notumor,1,0.999029,3,42,0.000256,0.000602,0.999029,0.000114
data_cv_fold3/Testing/notumor/Tr-no_0582.jpg,nt479,notumor,notumor,1,0.999617,3,42,0.000150,0.000205,0.999617,0.000027
data_cv_fold3/Testing/notumor/Tr-no_0588.jpg,nt485,notumor,notumor,1,0.999228,3,42,0.000648,0.000099,0.999228,0.000025
data_cv_fold3/Testing/notumor/Tr-no_0594.jpg,nt490,notumor,notumor,1,0.999614,3,42,0.000059,0.000305,0.999614,0.000022
data_cv_fold3/Testing/notumor/Tr-no_0599.jpg,nt494,notumor,notumor,1,0.999715,3,42,0.000028,0.000244,0.999715,0.000014
data_cv_fold3/Testing/notumor/Tr-no_0602.jpg,nt497,notumor,notumor,1,0.998541,3,42,0.001305,0.000101,0.998541,0.000052
data_cv_fold3/Testing/notumor/Tr-no_0604.jpg,nt499,notumor,notumor,1,0.998974,3,42,0.000678,0.000299,0.998974,0.000049
data_cv_fold3/Testing/notumor/Tr-no_0609.jpg,nt504,notumor,notumor,1,0.999030,3,42,0.000153,0.000771,0.999030,0.000046
data_cv_fold3/Testing/notumor/Tr-no_0613.jpg,nt508,notumor,notumor,1,0.999146,3,42,0.000005,0.000586,0.999146,0.000262
data_cv_fold3/Testing/notumor/Tr-no_0620.jpg,nt515,notumor,notumor,1,0.999670,3,42,0.000073,0.000220,0.999670,0.000037
data_cv_fold3/Testing/notumor/Tr-no_0626.jpg,nt520,notumor,notumor,1,0.998747,3,42,0.000064,0.000776,0.998747,0.000413
data_cv_fold3/Testing/notumor/Tr-no_0633.jpg,nt367,notumor,notumor,1,0.999879,3,42,0.000003,0.000018,0.999879,0.000101
data_cv_fold3/Testing/notumor/Tr-no_0635.jpg,nt527,notumor,notumor,1,0.999835,3,42,0.000014,0.000130,0.999835,0.000020
data_cv_fold3/Testing/notumor/Tr-no_0638.jpg,nt364,notumor,notumor,1,0.999921,3,42,0.000015,0.000037,0.999921,0.000028
data_cv_fold3/Testing/notumor/Tr-no_0640.jpg,nt531,notumor,notumor,1,0.999468,3,42,0.000017,0.000150,0.999468,0.000365
data_cv_fold3/Testing/notumor/Tr-no_0643.jpg,nt138,notumor,notumor,1,0.999362,3,42,0.000036,0.000424,0.999362,0.000177
data_cv_fold3/Testing/notumor/Tr-no_0646.jpg,nt536,notumor,notumor,1,0.999706,3,42,0.000005,0.000138,0.999706,0.000151
data_cv_fold3/Testing/notumor/Tr-no_0650.jpg,nt540,notumor,notumor,1,0.999728,3,42,0.000105,0.000148,0.999728,0.000019
data_cv_fold3/Testing/notumor/Tr-no_0655.jpg,nt400,notumor,notumor,1,0.995644,3,42,0.000421,0.003870,0.995644,0.000066
data_cv_fold3/Testing/notumor/Tr-no_0661.jpg,nt547,notumor,notumor,1,0.999375,3,42,0.000008,0.000573,0.999375,0.000044
data_cv_fold3/Testing/notumor/Tr-no_0669.jpg,nt555,notumor,notumor,1,0.999765,3,42,0.000005,0.000217,0.999765,0.000012
data_cv_fold3/Testing/notumor/Tr-no_0674.jpg,nt560,notumor,notumor,1,0.999988,3,42,0.000001,0.000009,0.999988,0.000003
data_cv_fold3/Testing/notumor/Tr-no_0678.jpg,nt563,notumor,notumor,1,0.993683,3,42,0.002831,0.003373,0.993683,0.000113
data_cv_fold3/Testing/notumor/Tr-no_0687.jpg,nt571,notumor,notumor,1,0.998655,3,42,0.000015,0.001084,0.998655,0.000246
data_cv_fold3/Testing/notumor/Tr-no_0692.jpg,nt576,notumor,notumor,1,0.999930,3,42,0.000004,0.000047,0.999930,0.000018
data_cv_fold3/Testing/notumor/Tr-no_0694.jpg,nt577,notumor,notumor,1,0.999687,3,42,0.000015,0.000223,0.999687,0.000074
data_cv_fold3/Testing/notumor/Tr-no_0696.jpg,nt138,notumor,notumor,1,0.998917,3,42,0.000050,0.000747,0.998917,0.000285
data_cv_fold3/Testing/notumor/Tr-no_0703.jpg,nt459,notumor,notumor,1,0.998510,3,42,0.000168,0.001141,0.998510,0.000181
data_cv_fold3/Testing/notumor/Tr-no_0706.jpg,nt157,notumor,notumor,1,0.999717,3,42,0.000136,0.000108,0.999717,0.000039
data_cv_fold3/Testing/notumor/Tr-no_0714.jpg,nt585,notumor,notumor,1,0.999854,3,42,0.000040,0.000100,0.999854,0.000006
data_cv_fold3/Testing/notumor/Tr-no_0720.jpg,nt438,notumor,notumor,1,0.999940,3,42,0.000001,0.000040,0.999940,0.000019
data_cv_fold3/Testing/notumor/Tr-no_0724.jpg,nt591,notumor,notumor,1,0.998734,3,42,0.000189,0.001021,0.998734,0.000056
data_cv_fold3/Testing/notumor/Tr-no_0729.jpg,nt593,notumor,notumor,1,0.998753,3,42,0.000072,0.000913,0.998753,0.000262
data_cv_fold3/Testing/notumor/Tr-no_0736.jpg,nt599,notumor,notumor,1,0.999418,3,42,0.000030,0.000454,0.999418,0.000097
data_cv_fold3/Testing/notumor/Tr-no_0740.jpg,nt603,notumor,notumor,1,0.999100,3,42,0.000197,0.000557,0.999100,0.000146
data_cv_fold3/Testing/notumor/Tr-no_0747.jpg,nt609,notumor,notumor,1,0.999955,3,42,0.000004,0.000012,0.999955,0.000028
data_cv_fold3/Testing/notumor/Tr-no_0751.jpg,nt613,notumor,notumor,1,0.999563,3,42,0.000022,0.000009,0.999563,0.000405
data_cv_fold3/Testing/notumor/Tr-no_0758.jpg,nt619,notumor,notumor,1,0.999965,3,42,0.000000,0.000010,0.999965,0.000025
data_cv_fold3/Testing/notumor/Tr-no_0763.jpg,nt624,notumor,notumor,1,0.999440,3,42,0.000038,0.000386,0.999440,0.000136
data_cv_fold3/Testing/notumor/Tr-no_0765.jpg,nt494,notumor,notumor,1,0.999693,3,42,0.000025,0.000268,0.999693,0.000014
data_cv_fold3/Testing/notumor/Tr-no_0770.jpg,nt629,notumor,notumor,1,0.999391,3,42,0.000131,0.000197,0.999391,0.000281
data_cv_fold3/Testing/notumor/Tr-no_0774.jpg,nt633,notumor,notumor,1,0.999356,3,42,0.000046,0.000536,0.999356,0.000062
data_cv_fold3/Testing/notumor/Tr-no_0781.jpg,nt639,notumor,notumor,1,0.993930,3,42,0.000093,0.002457,0.993930,0.003521
data_cv_fold3/Testing/notumor/Tr-no_0785.jpg,nt643,notumor,notumor,1,0.997860,3,42,0.000023,0.000014,0.997860,0.002102
data_cv_fold3/Testing/notumor/Tr-no_0787.jpg,nt645,notumor,notumor,1,0.999108,3,42,0.000034,0.000841,0.999108,0.000017
data_cv_fold3/Testing/notumor/Tr-no_0793.jpg,nt649,notumor,notumor,1,0.999553,3,42,0.000045,0.000287,0.999553,0.000115
data_cv_fold3/Testing/notumor/Tr-no_0797.jpg,nt653,notumor,notumor,1,0.999979,3,42,0.000000,0.000001,0.999979,0.000020
data_cv_fold3/Testing/notumor/Tr-no_0804.jpg,nt659,notumor,notumor,1,0.999817,3,42,0.000021,0.000130,0.999817,0.000032
data_cv_fold3/Testing/notumor/Tr-no_0808.jpg,nt663,notumor,notumor,1,0.999780,3,42,0.000006,0.000060,0.999780,0.000155
data_cv_fold3/Testing/notumor/Tr-no_0814.jpg,nt669,notumor,notumor,1,0.999842,3,42,0.000024,0.000105,0.999842,0.000028
data_cv_fold3/Testing/notumor/Tr-no_0819.jpg,nt673,notumor,notumor,1,0.996846,3,42,0.000401,0.002107,0.996846,0.000646
data_cv_fold3/Testing/notumor/Tr-no_0824.jpg,nt678,notumor,notumor,1,0.998489,3,42,0.000228,0.001182,0.998489,0.000101
data_cv_fold3/Testing/notumor/Tr-no_0829.jpg,nt682,notumor,notumor,1,0.995786,3,42,0.000037,0.002091,0.995786,0.002085
data_cv_fold3/Testing/notumor/Tr-no_0835.jpg,nt688,notumor,notumor,1,0.992177,3,42,0.000641,0.006477,0.992177,0.000705
data_cv_fold3/Testing/notumor/Tr-no_0839.jpg,nt692,notumor,notumor,1,0.999404,3,42,0.000091,0.000347,0.999404,0.000158
data_cv_fold3/Testing/notumor/Tr-no_0840.jpg,nt459,notumor,notumor,1,0.998585,3,42,0.000139,0.001142,0.998585,0.000134
data_cv_fold3/Testing/notumor/Tr-no_0846.jpg,nt698,notumor,notumor,1,0.999997,3,42,0.000000,0.000002,0.999997,0.000001
data_cv_fold3/Testing/notumor/Tr-no_0849.jpg,nt701,notumor,notumor,1,0.999843,3,42,0.000011,0.000094,0.999843,0.000052
data_cv_fold3/Testing/notumor/Tr-no_0855.jpg,nt707,notumor,notumor,1,0.999983,3,42,0.000000,0.000009,0.999983,0.000007
data_cv_fold3/Testing/notumor/Tr-no_0859.jpg,nt711,notumor,notumor,1,0.999939,3,42,0.000001,0.000018,0.999939,0.000042
data_cv_fold3/Testing/notumor/Tr-no_0865.jpg,nt716,notumor,notumor,1,0.970956,3,42,0.010389,0.017214,0.970956,0.001441
data_cv_fold3/Testing/notumor/Tr-no_0866.jpg,nt717,notumor,notumor,1,0.999767,3,42,0.000063,0.000160,0.999767,0.000010
data_cv_fold3/Testing/notumor/Tr-no_0870.jpg,nt721,notumor,notumor,1,0.998859,3,42,0.000259,0.000820,0.998859,0.000061
data_cv_fold3/Testing/notumor/Tr-no_0875.jpg,nt726,notumor,notumor,1,0.999755,3,42,0.000003,0.000138,0.999755,0.000104
data_cv_fold3/Testing/notumor/Tr-no_0876.jpg,nt189,notumor,notumor,1,0.999986,3,42,0.000000,0.000013,0.999986,0.000002
data_cv_fold3/Testing/notumor/Tr-no_0881.jpg,nt730,notumor,notumor,1,0.999735,3,42,0.000003,0.000194,0.999735,0.000067
data_cv_fold3/Testing/notumor/Tr-no_0886.jpg,nt735,notumor,notumor,1,0.997012,3,42,0.002310,0.000434,0.997012,0.000244
data_cv_fold3/Testing/notumor/Tr-no_0897.jpg,nt744,notumor,notumor,1,0.999325,3,42,0.000058,0.000014,0.999325,0.000603
data_cv_fold3/Testing/notumor/Tr-no_0902.jpg,nt157,notumor,notumor,1,0.999758,3,42,0.000110,0.000099,0.999758,0.000033
data_cv_fold3/Testing/notumor/Tr-no_0904.jpg,nt749,notumor,notumor,1,0.997356,3,42,0.001763,0.000843,0.997356,0.000037
data_cv_fold3/Testing/notumor/Tr-no_0908.jpg,nt753,notumor,notumor,1,0.999762,3,42,0.000020,0.000180,0.999762,0.000038
data_cv_fold3/Testing/notumor/Tr-no_0914.jpg,nt758,notumor,notumor,1,0.999477,3,42,0.000134,0.000372,0.999477,0.000017
data_cv_fold3/Testing/notumor/Tr-no_0915.jpg,nt759,notumor,notumor,1,0.998798,3,42,0.000020,0.000624,0.998798,0.000558
data_cv_fold3/Testing/notumor/Tr-no_0919.jpg,nt763,notumor,notumor,1,0.996267,3,42,0.000386,0.002991,0.996267,0.000356
data_cv_fold3/Testing/notumor/Tr-no_0925.jpg,nt768,notumor,notumor,1,0.995039,3,42,0.000668,0.004088,0.995039,0.000205
data_cv_fold3/Testing/notumor/Tr-no_0930.jpg,nt772,notumor,notumor,1,0.999571,3,42,0.000029,0.000298,0.999571,0.000102
data_cv_fold3/Testing/notumor/Tr-no_0936.jpg,nt777,notumor,notumor,1,0.998652,3,42,0.000069,0.000010,0.998652,0.001270
data_cv_fold3/Testing/notumor/Tr-no_0941.jpg,nt781,notumor,notumor,1,0.999366,3,42,0.000025,0.000497,0.999366,0.000113
data_cv_fold3/Testing/notumor/Tr-no_0943.jpg,nt232,notumor,notumor,1,0.991793,3,42,0.007469,0.000644,0.991793,0.000095
data_cv_fold3/Testing/notumor/Tr-no_0947.jpg,nt786,notumor,notumor,1,0.998948,3,42,0.000521,0.000172,0.998948,0.000360
data_cv_fold3/Testing/notumor/Tr-no_0952.jpg,nt790,notumor,notumor,1,0.999193,3,42,0.000309,0.000388,0.999193,0.000111
data_cv_fold3/Testing/notumor/Tr-no_0958.jpg,nt796,notumor,notumor,1,0.999691,3,42,0.000017,0.000048,0.999691,0.000244
data_cv_fold3/Testing/notumor/Tr-no_0961.jpg,nt798,notumor,notumor,1,0.999884,3,42,0.000026,0.000065,0.999884,0.000025
data_cv_fold3/Testing/notumor/Tr-no_0965.jpg,nt128,notumor,notumor,1,0.999825,3,42,0.000005,0.000007,0.999825,0.000162
data_cv_fold3/Testing/notumor/Tr-no_0973.jpg,nt157,notumor,notumor,1,0.999748,3,42,0.000115,0.000104,0.999748,0.000033
data_cv_fold3/Testing/notumor/Tr-no_0986.jpg,nt800,notumor,notumor,1,0.995620,3,42,0.000020,0.004155,0.995620,0.000204
data_cv_fold3/Testing/notumor/Tr-no_0987.jpg,nt22,notumor,notumor,1,0.999907,3,42,0.000005,0.000009,0.999907,0.000079
data_cv_fold3/Testing/notumor/Tr-no_0993.jpg,nt716,notumor,notumor,1,0.984612,3,42,0.006922,0.007204,0.984612,0.001262
data_cv_fold3/Testing/notumor/Tr-no_1001.jpg,nt128,notumor,notumor,1,0.999905,3,42,0.000002,0.000004,0.999905,0.000088
data_cv_fold3/Testing/notumor/Tr-no_1004.jpg,nt237,notumor,notumor,1,0.999615,3,42,0.000098,0.000265,0.999615,0.000023
data_cv_fold3/Testing/notumor/Tr-no_1015.jpg,nt758,notumor,notumor,1,0.999546,3,42,0.000095,0.000345,0.999546,0.000014
data_cv_fold3/Testing/notumor/Tr-no_1016.jpg,nt137,notumor,notumor,1,0.999788,3,42,0.000072,0.000130,0.999788,0.000010
data_cv_fold3/Testing/notumor/Tr-no_1017.jpg,nt807,notumor,notumor,1,0.999635,3,42,0.000015,0.000330,0.999635,0.000019
data_cv_fold3/Testing/notumor/Tr-no_1018.jpg,nt476,notumor,notumor,1,0.999175,3,42,0.000160,0.000569,0.999175,0.000095
data_cv_fold3/Testing/notumor/Tr-no_1021.jpg,nt237,notumor,notumor,1,0.999614,3,42,0.000097,0.000266,0.999614,0.000023
data_cv_fold3/Testing/notumor/Tr-no_1022.jpg,nt31,notumor,notumor,1,0.999288,3,42,0.000047,0.000566,0.999288,0.000099
data_cv_fold3/Testing/notumor/Tr-no_1042.jpg,nt813,notumor,notumor,1,0.997562,3,42,0.000185,0.002228,0.997562,0.000025
data_cv_fold3/Testing/notumor/Tr-no_1061.jpg,nt816,notumor,notumor,1,0.985546,3,42,0.000712,0.013574,0.985546,0.000168
data_cv_fold3/Testing/notumor/Tr-no_1076.jpg,nt24,notumor,notumor,1,0.999482,3,42,0.000138,0.000369,0.999482,0.000012
data_cv_fold3/Testing/notumor/Tr-no_1099.jpg,nt716,notumor,notumor,1,0.978078,3,42,0.008590,0.012082,0.978078,0.001250
data_cv_fold3/Testing/notumor/Tr-no_1109.jpg,nt344,notumor,notumor,1,0.961969,3,42,0.009682,0.027363,0.961969,0.000986
data_cv_fold3/Testing/notumor/Tr-no_1120.jpg,nt821,notumor,notumor,1,0.999987,3,42,0.000000,0.000011,0.999987,0.000002
data_cv_fold3/Testing/notumor/Tr-no_1145.jpg,nt459,notumor,notumor,1,0.997800,3,42,0.000250,0.001755,0.997800,0.000195
data_cv_fold3/Testing/notumor/Tr-no_1165.jpg,nt348,notumor,notumor,1,0.999631,3,42,0.000111,0.000214,0.999631,0.000044
data_cv_fold3/Testing/notumor/Tr-no_1172.jpg,nt232,notumor,notumor,1,0.991311,3,42,0.008019,0.000565,0.991311,0.000105
data_cv_fold3/Testing/notumor/Tr-no_1176.jpg,nt824,notumor,notumor,1,0.990892,3,42,0.008372,0.000658,0.990892,0.000078
data_cv_fold3/Testing/notumor/Tr-no_1189.jpg,nt237,notumor,notumor,1,0.999647,3,42,0.000091,0.000240,0.999647,0.000022
data_cv_fold3/Testing/notumor/Tr-no_1193.jpg,nt24,notumor,notumor,1,0.999475,3,42,0.000138,0.000374,0.999475,0.000013
data_cv_fold3/Testing/notumor/Tr-no_1195.jpg,nt476,notumor,notumor,1,0.999093,3,42,0.000202,0.000598,0.999093,0.000107
data_cv_fold3/Testing/notumor/Tr-no_1203.jpg,nt547,notumor,notumor,1,0.999535,3,42,0.000005,0.000426,0.999535,0.000034
data_cv_fold3/Testing/notumor/Tr-no_1209.jpg,nt829,notumor,notumor,1,0.999832,3,42,0.000011,0.000070,0.999832,0.000087
data_cv_fold3/Testing/notumor/Tr-no_1214.jpg,nt555,notumor,notumor,1,0.999826,3,42,0.000003,0.000164,0.999826,0.000007
data_cv_fold3/Testing/notumor/Tr-no_1216.jpg,nt834,notumor,notumor,1,0.998774,3,42,0.000067,0.001140,0.998774,0.000018
data_cv_fold3/Testing/notumor/Tr-no_1228.jpg,nt839,notumor,notumor,1,0.995717,3,42,0.000114,0.004151,0.995717,0.000019
data_cv_fold3/Testing/notumor/Tr-no_1235.jpg,nt843,notumor,notumor,1,0.988290,3,42,0.000429,0.011248,0.988290,0.000034
data_cv_fold3/Testing/notumor/Tr-no_1237.jpg,nt400,notumor,notumor,1,0.997270,3,42,0.000283,0.002394,0.997270,0.000053
data_cv_fold3/Testing/notumor/Tr-no_1246.jpg,nt479,notumor,notumor,1,0.999434,3,42,0.000205,0.000327,0.999434,0.000035
data_cv_fold3/Testing/notumor/Tr-no_1250.jpg,nt850,notumor,notumor,1,0.999940,3,42,0.000005,0.000039,0.999940,0.000016
data_cv_fold3/Testing/notumor/Tr-no_1252.jpg,nt851,notumor,notumor,1,0.999713,3,42,0.000023,0.000227,0.999713,0.000037
data_cv_fold3/Testing/notumor/Tr-no_1263.jpg,nt418,notumor,notumor,1,0.999812,3,42,0.000008,0.000127,0.999812,0.000052
data_cv_fold3/Testing/notumor/Tr-no_1265.jpg,nt356,notumor,notumor,1,0.999519,3,42,0.000112,0.000352,0.999519,0.000017
data_cv_fold3/Testing/notumor/Tr-no_1266.jpg,nt858,notumor,notumor,1,0.999853,3,42,0.000011,0.000132,0.999853,0.000004
data_cv_fold3/Testing/notumor/Tr-no_1271.jpg,nt861,notumor,notumor,1,0.999523,3,42,0.000021,0.000359,0.999523,0.000097
data_cv_fold3/Testing/notumor/Tr-no_1276.jpg,nt866,notumor,notumor,1,0.999910,3,42,0.000014,0.000011,0.999910,0.000065
data_cv_fold3/Testing/notumor/Tr-no_1279.jpg,nt367,notumor,notumor,1,0.999847,3,42,0.000003,0.000021,0.999847,0.000129
data_cv_fold3/Testing/notumor/Tr-no_1285.jpg,nt872,notumor,notumor,1,0.998332,3,42,0.000347,0.001265,0.998332,0.000056
data_cv_fold3/Testing/notumor/Tr-no_1294.jpg,nt879,notumor,notumor,1,0.999457,3,42,0.000201,0.000333,0.999457,0.000008
data_cv_fold3/Testing/notumor/Tr-no_1299.jpg,nt884,notumor,notumor,1,0.996151,3,42,0.000397,0.003368,0.996151,0.000084
data_cv_fold3/Testing/notumor/Tr-no_1307.jpg,nt887,notumor,notumor,1,0.998671,3,42,0.000067,0.001067,0.998671,0.000196
data_cv_fold3/Testing/notumor/Tr-no_1309.jpg,nt454,notumor,notumor,1,0.999126,3,42,0.000389,0.000456,0.999126,0.000028
data_cv_fold3/Testing/notumor/Tr-no_1315.jpg,nt893,notumor,notumor,1,0.999813,3,42,0.000007,0.000076,0.999813,0.000104
data_cv_fold3/Testing/notumor/Tr-no_1322.jpg,nt899,notumor,notumor,1,0.999937,3,42,0.000003,0.000045,0.999937,0.000015
data_cv_fold3/Testing/notumor/Tr-no_1324.jpg,nt901,notumor,notumor,1,0.999185,3,42,0.000050,0.000732,0.999185,0.000034
data_cv_fold3/Testing/notumor/Tr-no_1331.jpg,nt905,notumor,notumor,1,0.985021,3,42,0.012200,0.000446,0.985021,0.002333
data_cv_fold3/Testing/notumor/Tr-no_1339.jpg,nt531,notumor,notumor,1,0.999452,3,42,0.000022,0.000156,0.999452,0.000369
data_cv_fold3/Testing/notumor/Tr-no_1347.jpg,nt912,notumor,notumor,1,0.999862,3,42,0.000005,0.000114,0.999862,0.000019
data_cv_fold3/Testing/notumor/Tr-no_1349.jpg,nt914,notumor,notumor,1,0.999623,3,42,0.000299,0.000051,0.999623,0.000027
data_cv_fold3/Testing/notumor/Tr-no_1355.jpg,nt919,notumor,notumor,1,0.999963,3,42,0.000002,0.000032,0.999963,0.000003
data_cv_fold3/Testing/notumor/Tr-no_1361.jpg,nt925,notumor,notumor,1,0.998227,3,42,0.000049,0.000847,0.998227,0.000877
data_cv_fold3/Testing/notumor/Tr-no_1363.jpg,nt515,notumor,notumor,1,0.999621,3,42,0.000063,0.000272,0.999621,0.000044
data_cv_fold3/Testing/notumor/Tr-no_1367.jpg,nt930,notumor,notumor,1,0.999824,3,42,0.000105,0.000069,0.999824,0.000003
data_cv_fold3/Testing/notumor/Tr-no_1375.jpg,nt314,notumor,notumor,1,0.999075,3,42,0.000051,0.000859,0.999075,0.000015
data_cv_fold3/Testing/notumor/Tr-no_1377.jpg,nt935,notumor,notumor,1,0.999264,3,42,0.000019,0.000668,0.999264,0.000049
data_cv_fold3/Testing/notumor/Tr-no_1383.jpg,nt939,notumor,notumor,1,0.999853,3,42,0.000002,0.000113,0.999853,0.000032
data_cv_fold3/Testing/notumor/Tr-no_1390.jpg,nt944,notumor,notumor,1,0.999575,3,42,0.000184,0.000199,0.999575,0.000042
data_cv_fold3/Testing/notumor/Tr-no_1393.jpg,nt329,notumor,notumor,1,0.998968,3,42,0.000004,0.001011,0.998968,0.000017
data_cv_fold3/Testing/notumor/Tr-no_1394.jpg,nt947,notumor,notumor,1,0.996834,3,42,0.000094,0.001435,0.996834,0.001636
data_cv_fold3/Testing/notumor/Tr-no_1398.jpg,nt331,notumor,notumor,1,0.998585,3,42,0.000265,0.001016,0.998585,0.000134
data_cv_fold3/Testing/notumor/Tr-no_1405.jpg,nt337,notumor,notumor,1,0.999021,3,42,0.000202,0.000748,0.999021,0.000030
data_cv_fold3/Testing/notumor/Tr-no_1410.jpg,nt956,notumor,notumor,1,0.993484,3,42,0.000039,0.002698,0.993484,0.003779
data_cv_fold3/Testing/notumor/Tr-no_1416.jpg,nt344,notumor,notumor,1,0.962687,3,42,0.007052,0.029492,0.962687,0.000769
data_cv_fold3/Testing/notumor/Tr-no_1421.jpg,nt961,notumor,notumor,1,0.999970,3,42,0.000014,0.000004,0.999970,0.000011
data_cv_fold3/Testing/notumor/Tr-no_1427.jpg,nt356,notumor,notumor,1,0.999652,3,42,0.000101,0.000233,0.999652,0.000014
data_cv_fold3/Testing/notumor/Tr-no_1429.jpg,nt965,notumor,notumor,1,0.999951,3,42,0.000011,0.000010,0.999951,0.000027
data_cv_fold3/Testing/notumor/Tr-no_1432.jpg,nt968,notumor,notumor,1,0.999000,3,42,0.000367,0.000443,0.999000,0.000190
data_cv_fold3/Testing/notumor/Tr-no_1443.jpg,nt975,notumor,notumor,1,0.999837,3,42,0.000053,0.000063,0.999837,0.000046
data_cv_fold3/Testing/notumor/Tr-no_1452.jpg,nt504,notumor,notumor,1,0.998276,3,42,0.000262,0.001392,0.998276,0.000069
data_cv_fold3/Testing/notumor/Tr-no_1461.jpg,nt984,notumor,notumor,1,0.998665,3,42,0.001129,0.000152,0.998665,0.000053
data_cv_fold3/Testing/notumor/Tr-no_1470.jpg,nt494,notumor,notumor,1,0.999735,3,42,0.000026,0.000226,0.999735,0.000013
data_cv_fold3/Testing/notumor/Tr-no_1473.jpg,nt645,notumor,notumor,1,0.999241,3,42,0.000031,0.000714,0.999241,0.000013
data_cv_fold3/Testing/notumor/Tr-no_1477.jpg,nt585,notumor,notumor,1,0.999875,3,42,0.000026,0.000093,0.999875,0.000006
data_cv_fold3/Testing/notumor/Tr-no_1480.jpg,nt591,notumor,notumor,1,0.998156,3,42,0.000232,0.001544,0.998156,0.000067
data_cv_fold3/Testing/notumor/Tr-no_1481.jpg,nt989,notumor,notumor,1,0.995162,3,42,0.000444,0.004318,0.995162,0.000076
data_cv_fold3/Testing/notumor/Tr-no_1490.jpg,nt425,notumor,notumor,1,0.999311,3,42,0.000089,0.000582,0.999311,0.000017
data_cv_fold3/Testing/notumor/Tr-no_1491.jpg,nt427,notumor,notumor,1,0.996060,3,42,0.000293,0.003591,0.996060,0.000056
data_cv_fold3/Testing/notumor/Tr-no_1500.jpg,nt884,notumor,notumor,1,0.996693,3,42,0.000307,0.002941,0.996693,0.000059
data_cv_fold3/Testing/notumor/Tr-no_1505.jpg,nt996,notumor,notumor,1,0.997718,3,42,0.000035,0.000365,0.997718,0.001882
data_cv_fold3/Testing/notumor/Tr-no_1526.jpg,nt536,notumor,notumor,1,0.999667,3,42,0.000006,0.000144,0.999667,0.000184
data_cv_fold3/Testing/notumor/Tr-no_1528.jpg,nt1004,notumor,notumor,1,0.998765,3,42,0.000002,0.000596,0.998765,0.000638
data_cv_fold3/Testing/notumor/Tr-no_1531.jpg,nt381,notumor,notumor,1,0.999937,3,42,0.000004,0.000050,0.999937,0.000009
data_cv_fold3/Testing/notumor/Tr-no_1539.jpg,nt899,notumor,notumor,1,0.999936,3,42,0.000003,0.000048,0.999936,0.000014
data_cv_fold3/Testing/notumor/Tr-no_1540.jpg,nt1009,notumor,notumor,1,0.999636,3,42,0.000020,0.000262,0.999636,0.000082
data_cv_fold3/Testing/notumor/Tr-no_1542.jpg,nt901,notumor,notumor,1,0.998767,3,42,0.000107,0.001073,0.998767,0.000052
data_cv_fold3/Testing/notumor/Tr-no_1546.jpg,nt322,notumor,notumor,1,0.998766,3,42,0.000451,0.000760,0.998766,0.000023
data_cv_fold3/Testing/notumor/Tr-no_1554.jpg,nt438,notumor,notumor,1,0.999949,3,42,0.000001,0.000037,0.999949,0.000013
data_cv_fold3/Testing/notumor/Tr-no_1556.jpg,nt329,notumor,notumor,1,0.999035,3,42,0.000004,0.000945,0.999035,0.000016
data_cv_fold3/Testing/notumor/Tr-no_1566.jpg,nt1015,notumor,notumor,1,0.998093,3,42,0.000070,0.001633,0.998093,0.000204
data_cv_fold3/Testing/notumor/Tr-no_1575.jpg,nt798,notumor,notumor,1,0.999892,3,42,0.000023,0.000058,0.999892,0.000026
data_cv_fold3/Testing/notumor/Tr-no_1577.jpg,nt914,notumor,notumor,1,0.999444,3,42,0.000441,0.000077,0.999444,0.000038
data_cv_fold3/Testing/notumor/Tr-no_1582.jpg,nt919,notumor,notumor,1,0.999951,3,42,0.000003,0.000043,0.999951,0.000004
data_cv_fold3/Testing/notumor/Tr-no_1590.jpg,nt1024,notumor,notumor,1,0.988768,3,42,0.006463,0.004713,0.988768,0.000056
data_cv_fold3/Testing/notumor/Tr-no_1594.jpg,nt984,notumor,notumor,1,0.998664,3,42,0.001157,0.000133,0.998664,0.000046
data_cv_fold3/Testing/pituitary/Te-piTr_0002.jpg,101127,pituitary,pituitary,1,0.745917,3,42,0.015746,0.236246,0.002092,0.745917
data_cv_fold3/Testing/pituitary/Te-piTr_0007.jpg,114040,pituitary,pituitary,1,0.999219,3,42,0.000011,0.000683,0.000087,0.999219
data_cv_fold3/Testing/pituitary/Te-pi_0014.jpg,103257,pituitary,pituitary,1,0.999613,3,42,0.000001,0.000385,0.000002,0.999613
data_cv_fold3/Testing/pituitary/Te-pi_0015.jpg,103257,pituitary,pituitary,1,0.998634,3,42,0.000006,0.001351,0.000009,0.998634
data_cv_fold3/Testing/pituitary/Te-pi_0023.jpg,104019,pituitary,pituitary,1,0.999781,3,42,0.000182,0.000027,0.000010,0.999781
data_cv_fold3/Testing/pituitary/Te-pi_0026.jpg,104684,pituitary,pituitary,1,0.999971,3,42,0.000000,0.000010,0.000019,0.999971
data_cv_fold3/Testing/pituitary/Te-pi_0027.jpg,104912,pituitary,pituitary,1,0.999130,3,42,0.000029,0.000832,0.000008,0.999130
data_cv_fold3/Testing/pituitary/Te-pi_0029.jpg,105538,pituitary,meningioma,0,0.981049,3,42,0.007951,0.981049,0.000167,0.010833
data_cv_fold3/Testing/pituitary/Te-pi_0033.jpg,97461,pituitary,pituitary,1,0.999989,3,42,0.000004,0.000004,0.000003,0.999989
data_cv_fold3/Testing/pituitary/Te-pi_0034.jpg,97481,pituitary,pituitary,1,0.999490,3,42,0.000132,0.000377,0.000001,0.999490
data_cv_fold3/Testing/pituitary/Te-pi_0042.jpg,98995,pituitary,pituitary,1,0.997784,3,42,0.000004,0.002186,0.000027,0.997784
data_cv_fold3/Testing/pituitary/Te-pi_0052.jpg,104684,pituitary,pituitary,1,0.999802,3,42,0.000007,0.000080,0.000111,0.999802
data_cv_fold3/Testing/pituitary/Te-pi_0053.jpg,104912,pituitary,pituitary,1,0.999877,3,42,0.000002,0.000119,0.000002,0.999877
data_cv_fold3/Testing/pituitary/Te-pi_0076.jpg,111125,pituitary,pituitary,1,0.999997,3,42,0.000001,0.000001,0.000001,0.999997
data_cv_fold3/Testing/pituitary/Te-pi_0087.jpg,114094,pituitary,pituitary,1,0.959421,3,42,0.001478,0.037967,0.001134,0.959421
data_cv_fold3/Testing/pituitary/Te-pi_0088.jpg,114094,pituitary,pituitary,1,0.998574,3,42,0.000697,0.000464,0.000266,0.998574
data_cv_fold3/Testing/pituitary/Te-pi_0094.jpg,114040,pituitary,pituitary,1,0.996216,3,42,0.000335,0.003181,0.000268,0.996216
data_cv_fold3/Testing/pituitary/Te-pi_0098.jpg,108858,pituitary,pituitary,1,0.999908,3,42,0.000002,0.000085,0.000005,0.999908
data_cv_fold3/Testing/pituitary/Te-pi_0106.jpg,114094,pituitary,pituitary,1,0.906345,3,42,0.002780,0.090629,0.000246,0.906345
data_cv_fold3/Testing/pituitary/Te-pi_0110.jpg,111125,pituitary,pituitary,1,0.999894,3,42,0.000015,0.000034,0.000057,0.999894
data_cv_fold3/Testing/pituitary/Te-pi_0128.jpg,108858,pituitary,pituitary,1,0.995885,3,42,0.000035,0.004051,0.000029,0.995885
data_cv_fold3/Testing/pituitary/Te-pi_0137.jpg,114040,pituitary,pituitary,1,0.999122,3,42,0.000011,0.000850,0.000017,0.999122
data_cv_fold3/Testing/pituitary/Te-pi_0138.jpg,111125,pituitary,pituitary,1,0.999800,3,42,0.000027,0.000058,0.000115,0.999800
data_cv_fold3/Testing/pituitary/Te-pi_0143.jpg,114094,pituitary,pituitary,1,0.997645,3,42,0.000034,0.001033,0.001288,0.997645
data_cv_fold3/Testing/pituitary/Te-pi_0150.jpg,103257,pituitary,pituitary,1,0.997671,3,42,0.000009,0.002310,0.000010,0.997671
data_cv_fold3/Testing/pituitary/Te-pi_0151.jpg,103257,pituitary,pituitary,1,0.981305,3,42,0.000120,0.018329,0.000245,0.981305
data_cv_fold3/Testing/pituitary/Te-pi_0161.jpg,104019,pituitary,pituitary,1,0.999770,3,42,0.000115,0.000103,0.000013,0.999770
data_cv_fold3/Testing/pituitary/Te-pi_0166.jpg,104684,pituitary,pituitary,1,0.999962,3,42,0.000001,0.000003,0.000034,0.999962
data_cv_fold3/Testing/pituitary/Te-pi_0167.jpg,104684,pituitary,pituitary,1,0.999555,3,42,0.000048,0.000309,0.000088,0.999555
data_cv_fold3/Testing/pituitary/Te-pi_0168.jpg,104912,pituitary,pituitary,1,0.999711,3,42,0.000005,0.000283,0.000002,0.999711
data_cv_fold3/Testing/pituitary/Te-pi_0169.jpg,104912,pituitary,pituitary,1,0.999957,3,42,0.000002,0.000041,0.000000,0.999957
data_cv_fold3/Testing/pituitary/Te-pi_0171.jpg,105538,pituitary,meningioma,0,0.881043,3,42,0.074864,0.881043,0.003494,0.040599
data_cv_fold3/Testing/pituitary/Te-pi_0176.jpg,97461,pituitary,pituitary,1,0.999440,3,42,0.000040,0.000518,0.000002,0.999440
data_cv_fold3/Testing/pituitary/Te-pi_0177.jpg,97461,pituitary,pituitary,1,0.999977,3,42,0.000007,0.000007,0.000008,0.999977
data_cv_fold3/Testing/pituitary/Te-pi_0178.jpg,97481,pituitary,pituitary,1,0.997097,3,42,0.000240,0.002661,0.000001,0.997097
data_cv_fold3/Testing/pituitary/Te-pi_0189.jpg,98995,pituitary,pituitary,1,0.994807,3,42,0.000071,0.004743,0.000379,0.994807
data_cv_fold3/Testing/pituitary/Te-pi_0202.jpg,103257,pituitary,pituitary,1,0.999540,3,42,0.000196,0.000232,0.000032,0.999540
data_cv_fold3/Testing/pituitary/Te-pi_0203.jpg,103257,pituitary,pituitary,1,0.999986,3,42,0.000002,0.000009,0.000003,0.999986
data_cv_fold3/Testing/pituitary/Te-pi_0213.jpg,104019,pituitary,pituitary,1,0.999820,3,42,0.000140,0.000023,0.000017,0.999820
data_cv_fold3/Testing/pituitary/Te-pi_0214.jpg,104019,pituitary,pituitary,1,0.999954,3,42,0.000024,0.000012,0.000011,0.999954
data_cv_fold3/Testing/pituitary/Te-pi_0216.jpg,104684,pituitary,pituitary,1,0.999838,3,42,0.000061,0.000044,0.000057,0.999838
data_cv_fold3/Testing/pituitary/Te-pi_0218.jpg,104684,pituitary,pituitary,1,0.999840,3,42,0.000049,0.000054,0.000057,0.999840
data_cv_fold3/Testing/pituitary/Te-pi_0219.jpg,104912,pituitary,pituitary,1,0.999899,3,42,0.000078,0.000009,0.000014,0.999899
data_cv_fold3/Testing/pituitary/Te-pi_0226.jpg,97461,pituitary,pituitary,1,0.999830,3,42,0.000094,0.000051,0.000025,0.999830
data_cv_fold3/Testing/pituitary/Te-pi_0228.jpg,97461,pituitary,pituitary,1,0.999980,3,42,0.000014,0.000004,0.000002,0.999980
data_cv_fold3/Testing/pituitary/Te-pi_0229.jpg,97481,pituitary,pituitary,1,0.999737,3,42,0.000241,0.000011,0.000010,0.999737
data_cv_fold3/Testing/pituitary/Te-pi_0230.jpg,97481,pituitary,pituitary,1,0.999032,3,42,0.000105,0.000859,0.000004,0.999032
data_cv_fold3/Testing/pituitary/Te-pi_0240.jpg,98995,pituitary,pituitary,1,0.999880,3,42,0.000074,0.000044,0.000002,0.999880
data_cv_fold3/Testing/pituitary/Te-pi_0241.jpg,98995,pituitary,pituitary,1,0.999958,3,42,0.000006,0.000030,0.000007,0.999958
data_cv_fold3/Testing/pituitary/Te-pi_0249.jpg,108858,pituitary,pituitary,1,0.999343,3,42,0.000467,0.000031,0.000160,0.999343
data_cv_fold3/Testing/pituitary/Te-pi_0253.jpg,103257,pituitary,pituitary,1,0.999248,3,42,0.000010,0.000261,0.000481,0.999248
data_cv_fold3/Testing/pituitary/Te-pi_0254.jpg,103257,pituitary,pituitary,1,0.999952,3,42,0.000003,0.000017,0.000028,0.999952
data_cv_fold3/Testing/pituitary/Te-pi_0259.jpg,108858,pituitary,pituitary,1,0.997972,3,42,0.000155,0.001229,0.000644,0.997972
data_cv_fold3/Testing/pituitary/Te-pi_0266.jpg,104019,pituitary,pituitary,1,0.999889,3,42,0.000015,0.000008,0.000089,0.999889
data_cv_fold3/Testing/pituitary/Te-pi_0270.jpg,104684,pituitary,pituitary,1,0.999979,3,42,0.000001,0.000010,0.000010,0.999979
data_cv_fold3/Testing/pituitary/Te-pi_0271.jpg,104912,pituitary,pituitary,1,0.999737,3,42,0.000083,0.000131,0.000049,0.999737
data_cv_fold3/Testing/pituitary/Te-pi_0272.jpg,104912,pituitary,pituitary,1,0.999317,3,42,0.000192,0.000488,0.000004,0.999317
data_cv_fold3/Testing/pituitary/Te-pi_0280.jpg,97461,pituitary,pituitary,1,0.999902,3,42,0.000005,0.000069,0.000025,0.999902
data_cv_fold3/Testing/pituitary/Te-pi_0281.jpg,97461,pituitary,pituitary,1,0.999772,3,42,0.000011,0.000138,0.000079,0.999772
data_cv_fold3/Testing/pituitary/Te-pi_0282.jpg,97481,pituitary,pituitary,1,0.999977,3,42,0.000002,0.000003,0.000019,0.999977
data_cv_fold3/Testing/pituitary/Te-pi_0284.jpg,97481,pituitary,pituitary,1,0.999765,3,42,0.000165,0.000004,0.000066,0.999765
data_cv_fold3/Testing/pituitary/Te-pi_0297.jpg,98995,pituitary,pituitary,1,0.997885,3,42,0.000009,0.002051,0.000055,0.997885
data_cv_fold3/Testing/pituitary/Tr-piTr_0001.jpg,111125,pituitary,pituitary,1,0.999572,3,42,0.000064,0.000044,0.000319,0.999572
data_cv_fold3/Testing/pituitary/Tr-pi_0012.jpg,111125,pituitary,pituitary,1,0.999979,3,42,0.000010,0.000001,0.000011,0.999979
data_cv_fold3/Testing/pituitary/Tr-pi_0017.jpg,98995,pituitary,pituitary,1,0.999920,3,42,0.000040,0.000040,0.000001,0.999920
data_cv_fold3/Testing/pituitary/Tr-pi_0018.jpg,98995,pituitary,pituitary,1,0.999734,3,42,0.000015,0.000220,0.000031,0.999734
data_cv_fold3/Testing/pituitary/Tr-pi_0019.jpg,98995,pituitary,pituitary,1,0.999926,3,42,0.000001,0.000068,0.000005,0.999926
data_cv_fold3/Testing/pituitary/Tr-pi_0020.jpg,98995,pituitary,pituitary,1,0.999809,3,42,0.000000,0.000186,0.000005,0.999809
data_cv_fold3/Testing/pituitary/Tr-pi_0023.jpg,111125,pituitary,pituitary,1,0.999636,3,42,0.000022,0.000046,0.000297,0.999636
data_cv_fold3/Testing/pituitary/Tr-pi_0043.jpg,101127,pituitary,pituitary,1,0.509898,3,42,0.219287,0.231683,0.039132,0.509898
data_cv_fold3/Testing/pituitary/Tr-pi_0047.jpg,104019,pituitary,pituitary,1,0.999994,3,42,0.000001,0.000000,0.000004,0.999994
data_cv_fold3/Testing/pituitary/Tr-pi_0048.jpg,104019,pituitary,pituitary,1,0.999935,3,42,0.000006,0.000031,0.000028,0.999935
data_cv_fold3/Testing/pituitary/Tr-pi_0049.jpg,104019,pituitary,pituitary,1,0.999208,3,42,0.000090,0.000331,0.000371,0.999208
data_cv_fold3/Testing/pituitary/Tr-pi_0050.jpg,104019,pituitary,pituitary,1,0.999962,3,42,0.000003,0.000007,0.000028,0.999962
data_cv_fold3/Testing/pituitary/Tr-pi_0059.jpg,104684,pituitary,pituitary,1,0.999997,3,42,0.000000,0.000002,0.000001,0.999997
data_cv_fold3/Testing/pituitary/Tr-pi_0060.jpg,104684,pituitary,pituitary,1,0.999994,3,42,0.000000,0.000002,0.000004,0.999994
data_cv_fold3/Testing/pituitary/Tr-pi_0061.jpg,104684,pituitary,pituitary,1,0.999972,3,42,0.000003,0.000004,0.000020,0.999972
data_cv_fold3/Testing/pituitary/Tr-pi_0062.jpg,104684,pituitary,pituitary,1,0.999973,3,42,0.000001,0.000014,0.000012,0.999973
data_cv_fold3/Testing/pituitary/Tr-pi_0063.jpg,104684,pituitary,pituitary,1,0.999997,3,42,0.000000,0.000001,0.000001,0.999997
data_cv_fold3/Testing/pituitary/Tr-pi_0064.jpg,104684,pituitary,pituitary,1,0.999997,3,42,0.000000,0.000002,0.000001,0.999997
data_cv_fold3/Testing/pituitary/Tr-pi_0065.jpg,104684,pituitary,pituitary,1,0.999984,3,42,0.000003,0.000011,0.000002,0.999984
data_cv_fold3/Testing/pituitary/Tr-pi_0066.jpg,104912,pituitary,pituitary,1,0.999895,3,42,0.000014,0.000087,0.000004,0.999895
data_cv_fold3/Testing/pituitary/Tr-pi_0068.jpg,104912,pituitary,pituitary,1,0.999747,3,42,0.000070,0.000171,0.000013,0.999747
data_cv_fold3/Testing/pituitary/Tr-pi_0069.jpg,104912,pituitary,pituitary,1,0.999905,3,42,0.000051,0.000032,0.000012,0.999905
data_cv_fold3/Testing/pituitary/Tr-pi_0070.jpg,104912,pituitary,pituitary,1,0.999880,3,42,0.000015,0.000102,0.000003,0.999880
data_cv_fold3/Testing/pituitary/Tr-pi_0071.jpg,104912,pituitary,pituitary,1,0.999909,3,42,0.000036,0.000053,0.000002,0.999909
data_cv_fold3/Testing/pituitary/Tr-pi_0072.jpg,104912,pituitary,pituitary,1,0.999319,3,42,0.000096,0.000579,0.000007,0.999319
data_cv_fold3/Testing/pituitary/Tr-pi_0073.jpg,104912,pituitary,pituitary,1,0.997909,3,42,0.000768,0.001187,0.000136,0.997909
data_cv_fold3/Testing/pituitary/Tr-pi_0078.jpg,114040,pituitary,pituitary,1,0.995673,3,42,0.000364,0.003855,0.000109,0.995673
data_cv_fold3/Testing/pituitary/Tr-pi_0086.jpg,105538,pituitary,meningioma,0,0.747398,3,42,0.072372,0.747398,0.014396,0.165834
data_cv_fold3/Testing/pituitary/Tr-pi_0087.jpg,105538,pituitary,meningioma,0,0.781698,3,42,0.094238,0.781698,0.027227,0.096838
data_cv_fold3/Testing/pituitary/Tr-pi_0089.jpg,114040,pituitary,pituitary,1,0.998446,3,42,0.000081,0.001342,0.000131,0.998446
data_cv_fold3/Testing/pituitary/Tr-pi_0100.jpg,114040,pituitary,pituitary,1,0.993538,3,42,0.000309,0.005842,0.000312,0.993538
data_cv_fold3/Testing/pituitary/Tr-pi_0102.jpg,97461,pituitary,pituitary,1,0.999995,3,42,0.000001,0.000001,0.000003,0.999995
data_cv_fold3/Testing/pituitary/Tr-pi_0103.jpg,97461,pituitary,pituitary,1,0.999858,3,42,0.000006,0.000005,0.000131,0.999858
data_cv_fold3/Testing/pituitary/Tr-pi_0104.jpg,97461,pituitary,pituitary,1,0.999917,3,42,0.000008,0.000025,0.000049,0.999917
data_cv_fold3/Testing/pituitary/Tr-pi_0105.jpg,97481,pituitary,pituitary,1,0.999997,3,42,0.000001,0.000002,0.000000,0.999997
data_cv_fold3/Testing/pituitary/Tr-pi_0106.jpg,97481,pituitary,pituitary,1,0.999983,3,42,0.000002,0.000009,0.000006,0.999983
data_cv_fold3/Testing/pituitary/Tr-pi_0107.jpg,97481,pituitary,pituitary,1,0.999172,3,42,0.000117,0.000028,0.000684,0.999172
data_cv_fold3/Testing/pituitary/Tr-pi_0108.jpg,97481,pituitary,pituitary,1,0.999172,3,42,0.000117,0.000028,0.000684,0.999172
data_cv_fold3/Testing/pituitary/Tr-pi_0109.jpg,97481,pituitary,pituitary,1,0.995043,3,42,0.004753,0.000012,0.000192,0.995043
data_cv_fold3/Testing/pituitary/Tr-pi_0145.jpg,114094,pituitary,meningioma,0,0.534039,3,42,0.015939,0.534039,0.001064,0.448958
data_cv_fold3/Testing/pituitary/Tr-pi_0154.jpg,98995,pituitary,pituitary,1,0.999279,3,42,0.000002,0.000695,0.000024,0.999279
data_cv_fold3/Testing/pituitary/Tr-pi_0155.jpg,98995,pituitary,pituitary,1,0.998141,3,42,0.000003,0.001841,0.000016,0.998141
data_cv_fold3/Testing/pituitary/Tr-pi_0156.jpg,114094,pituitary,meningioma,0,0.510982,3,42,0.019484,0.510982,0.001942,0.467592
data_cv_fold3/Testing/pituitary/Tr-pi_0158.jpg,98995,pituitary,pituitary,1,0.999877,3,42,0.000017,0.000100,0.000006,0.999877
data_cv_fold3/Testing/pituitary/Tr-pi_0159.jpg,98995,pituitary,pituitary,1,0.999616,3,42,0.000041,0.000317,0.000025,0.999616
data_cv_fold3/Testing/pituitary/Tr-pi_0160.jpg,98995,pituitary,pituitary,1,0.999616,3,42,0.000041,0.000317,0.000025,0.999616
data_cv_fold3/Testing/pituitary/Tr-pi_0162.jpg,98995,pituitary,pituitary,1,0.999971,3,42,0.000003,0.000023,0.000003,0.999971
data_cv_fold3/Testing/pituitary/Tr-pi_0167.jpg,114094,pituitary,meningioma,0,0.630459,3,42,0.004771,0.630459,0.004072,0.360698
data_cv_fold3/Testing/pituitary/Tr-pi_0204.jpg,102669,pituitary,pituitary,1,0.999780,3,42,0.000030,0.000007,0.000184,0.999780
data_cv_fold3/Testing/pituitary/Tr-pi_0207.jpg,103257,pituitary,pituitary,1,0.998038,3,42,0.000012,0.001388,0.000562,0.998038
data_cv_fold3/Testing/pituitary/Tr-pi_0208.jpg,103257,pituitary,pituitary,1,0.999159,3,42,0.000005,0.000778,0.000059,0.999159
data_cv_fold3/Testing/pituitary/Tr-pi_0209.jpg,103257,pituitary,pituitary,1,0.999952,3,42,0.000001,0.000045,0.000001,0.999952
data_cv_fold3/Testing/pituitary/Tr-pi_0210.jpg,103257,pituitary,pituitary,1,0.999130,3,42,0.000002,0.000839,0.000028,0.999130
data_cv_fold3/Testing/pituitary/Tr-pi_0212.jpg,103257,pituitary,pituitary,1,0.999943,3,42,0.000002,0.000052,0.000003,0.999943
data_cv_fold3/Testing/pituitary/Tr-pi_0213.jpg,103257,pituitary,pituitary,1,0.999486,3,42,0.000002,0.000408,0.000104,0.999486
data_cv_fold3/Testing/pituitary/Tr-pi_0214.jpg,103257,pituitary,pituitary,1,0.988808,3,42,0.000011,0.011176,0.000005,0.988808
data_cv_fold3/Testing/pituitary/Tr-pi_0265.jpg,104019,pituitary,pituitary,1,0.999963,3,42,0.000022,0.000009,0.000006,0.999963
data_cv_fold3/Testing/pituitary/Tr-pi_0266.jpg,104019,pituitary,pituitary,1,0.999990,3,42,0.000007,0.000001,0.000001,0.999990
data_cv_fold3/Testing/pituitary/Tr-pi_0274.jpg,104684,pituitary,pituitary,1,0.999873,3,42,0.000091,0.000012,0.000023,0.999873
data_cv_fold3/Testing/pituitary/Tr-pi_0275.jpg,104684,pituitary,pituitary,1,0.999941,3,42,0.000021,0.000025,0.000013,0.999941
data_cv_fold3/Testing/pituitary/Tr-pi_0276.jpg,104684,pituitary,pituitary,1,0.999870,3,42,0.000042,0.000063,0.000025,0.999870
data_cv_fold3/Testing/pituitary/Tr-pi_0277.jpg,104684,pituitary,pituitary,1,0.999911,3,42,0.000018,0.000060,0.000011,0.999911
data_cv_fold3/Testing/pituitary/Tr-pi_0279.jpg,104684,pituitary,pituitary,1,0.999597,3,42,0.000214,0.000118,0.000072,0.999597
data_cv_fold3/Testing/pituitary/Tr-pi_0280.jpg,104684,pituitary,pituitary,1,0.999629,3,42,0.000138,0.000151,0.000081,0.999629
data_cv_fold3/Testing/pituitary/Tr-pi_0281.jpg,104684,pituitary,pituitary,1,0.999480,3,42,0.000108,0.000128,0.000284,0.999480
data_cv_fold3/Testing/pituitary/Tr-pi_0282.jpg,104912,pituitary,pituitary,1,0.999772,3,42,0.000219,0.000003,0.000005,0.999772
data_cv_fold3/Testing/pituitary/Tr-pi_0283.jpg,104912,pituitary,pituitary,1,0.999904,3,42,0.000043,0.000044,0.000010,0.999904
data_cv_fold3/Testing/pituitary/Tr-pi_0284.jpg,104912,pituitary,pituitary,1,0.999993,3,42,0.000004,0.000002,0.000002,0.999993
data_cv_fold3/Testing/pituitary/Tr-pi_0285.jpg,104912,pituitary,pituitary,1,0.999954,3,42,0.000015,0.000013,0.000018,0.999954
data_cv_fold3/Testing/pituitary/Tr-pi_0305.jpg,97461,pituitary,pituitary,1,0.999728,3,42,0.000189,0.000052,0.000031,0.999728
data_cv_fold3/Testing/pituitary/Tr-pi_0306.jpg,97461,pituitary,pituitary,1,0.999811,3,42,0.000146,0.000033,0.000011,0.999811
data_cv_fold3/Testing/pituitary/Tr-pi_0307.jpg,97461,pituitary,pituitary,1,0.999962,3,42,0.000020,0.000008,0.000010,0.999962
data_cv_fold3/Testing/pituitary/Tr-pi_0308.jpg,97461,pituitary,pituitary,1,0.999980,3,42,0.000009,0.000009,0.000002,0.999980
data_cv_fold3/Testing/pituitary/Tr-pi_0309.jpg,97461,pituitary,pituitary,1,0.999964,3,42,0.000016,0.000011,0.000009,0.999964
data_cv_fold3/Testing/pituitary/Tr-pi_0310.jpg,97461,pituitary,pituitary,1,0.999967,3,42,0.000006,0.000012,0.000016,0.999967
data_cv_fold3/Testing/pituitary/Tr-pi_0312.jpg,97461,pituitary,pituitary,1,0.999991,3,42,0.000005,0.000003,0.000001,0.999991
data_cv_fold3/Testing/pituitary/Tr-pi_0313.jpg,97481,pituitary,pituitary,1,0.999088,3,42,0.000639,0.000072,0.000201,0.999088
data_cv_fold3/Testing/pituitary/Tr-pi_0314.jpg,97481,pituitary,pituitary,1,0.999663,3,42,0.000184,0.000019,0.000134,0.999663
data_cv_fold3/Testing/pituitary/Tr-pi_0315.jpg,97481,pituitary,pituitary,1,0.999653,3,42,0.000162,0.000101,0.000084,0.999653
data_cv_fold3/Testing/pituitary/Tr-pi_0316.jpg,97481,pituitary,pituitary,1,0.999620,3,42,0.000093,0.000265,0.000022,0.999620
data_cv_fold3/Testing/pituitary/Tr-pi_0317.jpg,97481,pituitary,pituitary,1,0.999474,3,42,0.000043,0.000456,0.000027,0.999474
data_cv_fold3/Testing/pituitary/Tr-pi_0355.jpg,108858,pituitary,pituitary,1,0.999595,3,42,0.000001,0.000402,0.000002,0.999595
data_cv_fold3/Testing/pituitary/Tr-pi_0357.jpg,108858,pituitary,pituitary,1,0.999629,3,42,0.000001,0.000363,0.000008,0.999629
data_cv_fold3/Testing/pituitary/Tr-pi_0358.jpg,108858,pituitary,pituitary,1,0.999926,3,42,0.000003,0.000069,0.000002,0.999926
data_cv_fold3/Testing/pituitary/Tr-pi_0359.jpg,108858,pituitary,pituitary,1,0.999426,3,42,0.000010,0.000500,0.000064,0.999426
data_cv_fold3/Testing/pituitary/Tr-pi_0360.jpg,108858,pituitary,pituitary,1,0.999321,3,42,0.000007,0.000573,0.000100,0.999321
data_cv_fold3/Testing/pituitary/Tr-pi_0392.jpg,111125,pituitary,pituitary,1,0.999979,3,42,0.000001,0.000015,0.000005,0.999979
data_cv_fold3/Testing/pituitary/Tr-pi_0393.jpg,111125,pituitary,pituitary,1,0.999976,3,42,0.000001,0.000003,0.000020,0.999976
data_cv_fold3/Testing/pituitary/Tr-pi_0394.jpg,111125,pituitary,pituitary,1,0.999938,3,42,0.000004,0.000004,0.000055,0.999938
data_cv_fold3/Testing/pituitary/Tr-pi_0395.jpg,111125,pituitary,pituitary,1,0.999967,3,42,0.000003,0.000022,0.000008,0.999967
data_cv_fold3/Testing/pituitary/Tr-pi_0428.jpg,108858,pituitary,pituitary,1,0.998050,3,42,0.001470,0.000115,0.000364,0.998050
data_cv_fold3/Testing/pituitary/Tr-pi_0429.jpg,108858,pituitary,pituitary,1,0.999802,3,42,0.000062,0.000023,0.000113,0.999802
data_cv_fold3/Testing/pituitary/Tr-pi_0430.jpg,108858,pituitary,pituitary,1,0.999657,3,42,0.000134,0.000098,0.000110,0.999657
data_cv_fold3/Testing/pituitary/Tr-pi_0474.jpg,111125,pituitary,pituitary,1,0.999977,3,42,0.000005,0.000012,0.000006,0.999977
data_cv_fold3/Testing/pituitary/Tr-pi_0475.jpg,111125,pituitary,pituitary,1,0.999986,3,42,0.000006,0.000004,0.000005,0.999986
data_cv_fold3/Testing/pituitary/Tr-pi_0476.jpg,111125,pituitary,pituitary,1,0.999998,3,42,0.000001,0.000001,0.000001,0.999998
data_cv_fold3/Testing/pituitary/Tr-pi_0477.jpg,111125,pituitary,pituitary,1,0.999995,3,42,0.000002,0.000002,0.000002,0.999995
data_cv_fold3/Testing/pituitary/Tr-pi_0479.jpg,111125,pituitary,pituitary,1,0.999991,3,42,0.000003,0.000004,0.000002,0.999991
data_cv_fold3/Testing/pituitary/Tr-pi_0480.jpg,111125,pituitary,pituitary,1,0.999997,3,42,0.000000,0.000003,0.000000,0.999997
data_cv_fold3/Testing/pituitary/Tr-pi_0536.jpg,114040,pituitary,pituitary,1,0.999808,3,42,0.000133,0.000035,0.000025,0.999808
data_cv_fold3/Testing/pituitary/Tr-pi_0537.jpg,114040,pituitary,pituitary,1,0.999805,3,42,0.000075,0.000089,0.000031,0.999805
data_cv_fold3/Testing/pituitary/Tr-pi_0538.jpg,114040,pituitary,pituitary,1,0.999689,3,42,0.000098,0.000189,0.000024,0.999689
data_cv_fold3/Testing/pituitary/Tr-pi_0541.jpg,114094,pituitary,pituitary,1,0.997074,3,42,0.000741,0.000436,0.001749,0.997074
data_cv_fold3/Testing/pituitary/Tr-pi_0542.jpg,114094,pituitary,pituitary,1,0.999771,3,42,0.000086,0.000042,0.000100,0.999771
data_cv_fold3/Testing/pituitary/Tr-pi_0546.jpg,114040,pituitary,pituitary,1,0.999410,3,42,0.000437,0.000087,0.000066,0.999410
data_cv_fold3/Testing/pituitary/Tr-pi_0554.jpg,114040,pituitary,pituitary,1,0.999932,3,42,0.000037,0.000028,0.000002,0.999932
data_cv_fold3/Testing/pituitary/Tr-pi_0561.jpg,103257,pituitary,pituitary,1,0.999381,3,42,0.000001,0.000616,0.000003,0.999381
data_cv_fold3/Testing/pituitary/Tr-pi_0562.jpg,103257,pituitary,pituitary,1,0.999867,3,42,0.000002,0.000126,0.000005,0.999867
data_cv_fold3/Testing/pituitary/Tr-pi_0564.jpg,103257,pituitary,pituitary,1,0.999853,3,42,0.000001,0.000142,0.000004,0.999853
data_cv_fold3/Testing/pituitary/Tr-pi_0565.jpg,103257,pituitary,pituitary,1,0.978940,3,42,0.000037,0.020769,0.000255,0.978940
data_cv_fold3/Testing/pituitary/Tr-pi_0592.jpg,104019,pituitary,pituitary,1,0.999885,3,42,0.000072,0.000038,0.000004,0.999885
data_cv_fold3/Testing/pituitary/Tr-pi_0593.jpg,104019,pituitary,pituitary,1,0.999961,3,42,0.000018,0.000013,0.000007,0.999961
data_cv_fold3/Testing/pituitary/Tr-pi_0594.jpg,104019,pituitary,pituitary,1,0.999436,3,42,0.000108,0.000098,0.000358,0.999436
data_cv_fold3/Testing/pituitary/Tr-pi_0597.jpg,114094,pituitary,pituitary,1,0.986030,3,42,0.002285,0.010347,0.001338,0.986030
data_cv_fold3/Testing/pituitary/Tr-pi_0601.jpg,104684,pituitary,pituitary,1,0.999953,3,42,0.000001,0.000002,0.000045,0.999953
data_cv_fold3/Testing/pituitary/Tr-pi_0602.jpg,104684,pituitary,pituitary,1,0.999849,3,42,0.000004,0.000041,0.000106,0.999849
data_cv_fold3/Testing/pituitary/Tr-pi_0603.jpg,104684,pituitary,pituitary,1,0.999160,3,42,0.000005,0.000055,0.000780,0.999160
data_cv_fold3/Testing/pituitary/Tr-pi_0604.jpg,104912,pituitary,pituitary,1,0.999369,3,42,0.000045,0.000580,0.000006,0.999369
data_cv_fold3/Testing/pituitary/Tr-pi_0605.jpg,114094,pituitary,pituitary,1,0.975646,3,42,0.003566,0.019442,0.001346,0.975646
data_cv_fold3/Testing/pituitary/Tr-pi_0606.jpg,104912,pituitary,pituitary,1,0.999903,3,42,0.000002,0.000091,0.000003,0.999903
data_cv_fold3/Testing/pituitary/Tr-pi_0612.jpg,105538,pituitary,meningioma,0,0.992333,3,42,0.002501,0.992333,0.000492,0.004674
data_cv_fold3/Testing/pituitary/Tr-pi_0613.jpg,105538,pituitary,meningioma,0,0.888131,3,42,0.021951,0.888131,0.025529,0.064388
data_cv_fold3/Testing/pituitary/Tr-pi_0614.jpg,114094,pituitary,pituitary,1,0.999309,3,42,0.000133,0.000539,0.000019,0.999309
data_cv_fold3/Testing/pituitary/Tr-pi_0622.jpg,114094,pituitary,pituitary,1,0.995562,3,42,0.000933,0.003022,0.000482,0.995562
data_cv_fold3/Testing/pituitary/Tr-pi_0623.jpg,97461,pituitary,pituitary,1,0.999969,3,42,0.000022,0.000010,0.000000,0.999969
data_cv_fold3/Testing/pituitary/Tr-pi_0624.jpg,97461,pituitary,pituitary,1,0.998748,3,42,0.000727,0.000448,0.000077,0.998748
data_cv_fold3/Testing/pituitary/Tr-pi_0625.jpg,97461,pituitary,pituitary,1,0.999580,3,42,0.000320,0.000093,0.000007,0.999580
data_cv_fold3/Testing/pituitary/Tr-pi_0626.jpg,97461,pituitary,pituitary,1,0.998539,3,42,0.000189,0.000637,0.000634,0.998539
data_cv_fold3/Testing/pituitary/Tr-pi_0627.jpg,97481,pituitary,pituitary,1,0.993925,3,42,0.001099,0.004973,0.000003,0.993925
data_cv_fold3/Testing/pituitary/Tr-pi_0628.jpg,97481,pituitary,pituitary,1,0.993230,3,42,0.000825,0.005943,0.000002,0.993230
data_cv_fold3/Testing/pituitary/Tr-pi_0632.jpg,114094,pituitary,pituitary,1,0.998466,3,42,0.000250,0.000752,0.000532,0.998466
data_cv_fold3/Testing/pituitary/Tr-pi_0656.jpg,98995,pituitary,pituitary,1,0.999610,3,42,0.000001,0.000382,0.000007,0.999610
data_cv_fold3/Testing/pituitary/Tr-pi_0658.jpg,98995,pituitary,pituitary,1,0.995625,3,42,0.000005,0.004296,0.000074,0.995625
data_cv_fold3/Testing/pituitary/Tr-pi_0659.jpg,98995,pituitary,pituitary,1,0.996157,3,42,0.000186,0.003339,0.000317,0.996157
data_cv_fold3/Testing/pituitary/Tr-pi_0660.jpg,98995,pituitary,meningioma,0,0.506837,3,42,0.000292,0.506837,0.005616,0.487255
data_cv_fold3/Testing/pituitary/Tr-pi_0690.jpg,104912,pituitary,pituitary,1,0.999789,3,42,0.000029,0.000180,0.000002,0.999789
data_cv_fold3/Testing/pituitary/Tr-pi_0691.jpg,103257,pituitary,pituitary,1,0.999942,3,42,0.000020,0.000027,0.000012,0.999942
data_cv_fold3/Testing/pituitary/Tr-pi_0692.jpg,104684,pituitary,pituitary,1,0.999635,3,42,0.000009,0.000217,0.000139,0.999635
data_cv_fold3/Testing/pituitary/Tr-pi_0693.jpg,104684,pituitary,pituitary,1,0.998814,3,42,0.000072,0.000442,0.000672,0.998814
data_cv_fold3/Testing/pituitary/Tr-pi_0694.jpg,104684,pituitary,pituitary,1,0.999322,3,42,0.000198,0.000160,0.000320,0.999322
data_cv_fold3/Testing/pituitary/Tr-pi_0700.jpg,103257,pituitary,pituitary,1,0.999991,3,42,0.000001,0.000006,0.000002,0.999991
data_cv_fold3/Testing/pituitary/Tr-pi_0708.jpg,103257,pituitary,pituitary,1,0.999991,3,42,0.000002,0.000005,0.000002,0.999991
data_cv_fold3/Testing/pituitary/Tr-pi_0718.jpg,103257,pituitary,pituitary,1,0.999997,3,42,0.000002,0.000001,0.000000,0.999997
data_cv_fold3/Testing/pituitary/Tr-pi_0725.jpg,108858,pituitary,pituitary,1,0.993081,3,42,0.000006,0.006894,0.000019,0.993081
data_cv_fold3/Testing/pituitary/Tr-pi_0726.jpg,103257,pituitary,pituitary,1,0.999991,3,42,0.000000,0.000008,0.000000,0.999991
data_cv_fold3/Testing/pituitary/Tr-pi_0728.jpg,108858,pituitary,pituitary,1,0.991213,3,42,0.000083,0.007530,0.001175,0.991213
data_cv_fold3/Testing/pituitary/Tr-pi_0749.jpg,111125,pituitary,pituitary,1,0.999988,3,42,0.000002,0.000005,0.000005,0.999988
data_cv_fold3/Testing/pituitary/Tr-pi_0783.jpg,111125,pituitary,pituitary,1,0.999972,3,42,0.000004,0.000020,0.000004,0.999972
data_cv_fold3/Testing/pituitary/Tr-pi_0784.jpg,111125,pituitary,pituitary,1,0.999995,3,42,0.000001,0.000002,0.000002,0.999995
data_cv_fold3/Testing/pituitary/Tr-pi_0785.jpg,111125,pituitary,pituitary,1,0.999994,3,42,0.000001,0.000001,0.000003,0.999994
data_cv_fold3/Testing/pituitary/Tr-pi_0786.jpg,111125,pituitary,pituitary,1,0.999980,3,42,0.000002,0.000013,0.000004,0.999980
data_cv_fold3/Testing/pituitary/Tr-pi_0787.jpg,111125,pituitary,pituitary,1,0.999989,3,42,0.000001,0.000010,0.000000,0.999989
data_cv_fold3/Testing/pituitary/Tr-pi_0813.jpg,114040,pituitary,pituitary,1,0.999897,3,42,0.000074,0.000023,0.000006,0.999897
data_cv_fold3/Testing/pituitary/Tr-pi_0814.jpg,114040,pituitary,pituitary,1,0.999831,3,42,0.000100,0.000025,0.000044,0.999831
data_cv_fold3/Testing/pituitary/Tr-pi_0815.jpg,114040,pituitary,pituitary,1,0.999521,3,42,0.000412,0.000041,0.000025,0.999521
data_cv_fold3/Testing/pituitary/Tr-pi_0819.jpg,114094,pituitary,pituitary,1,0.855712,3,42,0.007222,0.133943,0.003123,0.855712
data_cv_fold3/Testing/pituitary/Tr-pi_0820.jpg,114094,pituitary,pituitary,1,0.997354,3,42,0.001051,0.001494,0.000101,0.997354
data_cv_fold3/Testing/pituitary/Tr-pi_0821.jpg,114094,pituitary,pituitary,1,0.994035,3,42,0.001695,0.003688,0.000582,0.994035
data_cv_fold3/Testing/pituitary/Tr-pi_0833.jpg,114040,pituitary,pituitary,1,0.985780,3,42,0.000280,0.013763,0.000177,0.985780
data_cv_fold3/Testing/pituitary/Tr-pi_0841.jpg,114040,pituitary,pituitary,1,0.996778,3,42,0.000215,0.002665,0.000342,0.996778
data_cv_fold3/Testing/pituitary/Tr-pi_0849.jpg,108858,pituitary,pituitary,1,0.999909,3,42,0.000001,0.000089,0.000002,0.999909
data_cv_fold3/Testing/pituitary/Tr-pi_0850.jpg,108858,pituitary,pituitary,1,0.999851,3,42,0.000001,0.000145,0.000003,0.999851
data_cv_fold3/Testing/pituitary/Tr-pi_0851.jpg,108858,pituitary,pituitary,1,0.999784,3,42,0.000038,0.000174,0.000005,0.999784
data_cv_fold3/Testing/pituitary/Tr-pi_0852.jpg,108858,pituitary,pituitary,1,0.999348,3,42,0.000016,0.000621,0.000016,0.999348
data_cv_fold3/Testing/pituitary/Tr-pi_0882.jpg,111125,pituitary,pituitary,1,0.999899,3,42,0.000006,0.000071,0.000023,0.999899
data_cv_fold3/Testing/pituitary/Tr-pi_0883.jpg,111125,pituitary,pituitary,1,0.999556,3,42,0.000043,0.000077,0.000324,0.999556
data_cv_fold3/Testing/pituitary/Tr-pi_0884.jpg,111125,pituitary,pituitary,1,0.999221,3,42,0.000016,0.000035,0.000728,0.999221
data_cv_fold3/Testing/pituitary/Tr-pi_0896.jpg,114094,pituitary,meningioma,0,0.628582,3,42,0.030121,0.628582,0.002413,0.338884
data_cv_fold3/Testing/pituitary/Tr-pi_0905.jpg,114094,pituitary,pituitary,1,0.849655,3,42,0.012412,0.133590,0.004343,0.849655
data_cv_fold3/Testing/pituitary/Tr-pi_0930.jpg,114094,pituitary,pituitary,1,0.915522,3,42,0.001054,0.080502,0.002923,0.915522
data_cv_fold3/Testing/pituitary/Tr-pi_0938.jpg,108858,pituitary,pituitary,1,0.997430,3,42,0.000014,0.002514,0.000043,0.997430
data_cv_fold3/Testing/pituitary/Tr-pi_0939.jpg,108858,pituitary,pituitary,1,0.994049,3,42,0.000091,0.005822,0.000038,0.994049
data_cv_fold3/Testing/pituitary/Tr-pi_0940.jpg,108858,pituitary,pituitary,1,0.987153,3,42,0.000299,0.011719,0.000828,0.987153
data_cv_fold3/Testing/pituitary/Tr-pi_0941.jpg,108858,pituitary,pituitary,1,0.990933,3,42,0.000702,0.008217,0.000149,0.990933
data_cv_fold3/Testing/pituitary/Tr-pi_0967.jpg,111125,pituitary,pituitary,1,0.999972,3,42,0.000003,0.000022,0.000003,0.999972
data_cv_fold3/Testing/pituitary/Tr-pi_0969.jpg,111125,pituitary,pituitary,1,0.999721,3,42,0.000071,0.000084,0.000124,0.999721
data_cv_fold3/Testing/pituitary/Tr-pi_0970.jpg,111125,pituitary,pituitary,1,0.999409,3,42,0.000024,0.000036,0.000530,0.999409
data_cv_fold3/Testing/pituitary/Tr-pi_0978.jpg,114040,pituitary,pituitary,1,0.999572,3,42,0.000105,0.000273,0.000050,0.999572
data_cv_fold3/Testing/pituitary/Tr-pi_0979.jpg,114040,pituitary,pituitary,1,0.999906,3,42,0.000040,0.000051,0.000003,0.999906
data_cv_fold3/Testing/pituitary/Tr-pi_0982.jpg,114094,pituitary,pituitary,1,0.867593,3,42,0.001230,0.000996,0.130180,0.867593
data_cv_fold3/Testing/pituitary/Tr-pi_0983.jpg,114094,pituitary,pituitary,1,0.998661,3,42,0.000239,0.000080,0.001020,0.998661
data_cv_fold3/Testing/pituitary/Tr-pi_0984.jpg,114094,pituitary,pituitary,1,0.988711,3,42,0.001563,0.003679,0.006046,0.988711
data_cv_fold3/Testing/pituitary/Tr-pi_1004.jpg,103257,pituitary,pituitary,1,0.999380,3,42,0.000001,0.000617,0.000002,0.999380
data_cv_fold3/Testing/pituitary/Tr-pi_1005.jpg,103257,pituitary,pituitary,1,0.999464,3,42,0.000013,0.000513,0.000009,0.999464
data_cv_fold3/Testing/pituitary/Tr-pi_1006.jpg,103257,pituitary,pituitary,1,0.999597,3,42,0.000005,0.000383,0.000015,0.999597
data_cv_fold3/Testing/pituitary/Tr-pi_1007.jpg,103257,pituitary,pituitary,1,0.997402,3,42,0.000023,0.002551,0.000023,0.997402
data_cv_fold3/Testing/pituitary/Tr-pi_1039.jpg,104019,pituitary,pituitary,1,0.999780,3,42,0.000162,0.000052,0.000006,0.999780
data_cv_fold3/Testing/pituitary/Tr-pi_1041.jpg,104019,pituitary,pituitary,1,0.999587,3,42,0.000191,0.000146,0.000076,0.999587
data_cv_fold3/Testing/pituitary/Tr-pi_1042.jpg,104019,pituitary,pituitary,1,0.996110,3,42,0.000177,0.000408,0.003305,0.996110
data_cv_fold3/Testing/pituitary/Tr-pi_1050.jpg,104684,pituitary,pituitary,1,0.999779,3,42,0.000002,0.000016,0.000203,0.999779
data_cv_fold3/Testing/pituitary/Tr-pi_1051.jpg,104684,pituitary,pituitary,1,0.999951,3,42,0.000001,0.000011,0.000037,0.999951
data_cv_fold3/Testing/pituitary/Tr-pi_1052.jpg,104684,pituitary,pituitary,1,0.999786,3,42,0.000006,0.000060,0.000149,0.999786
data_cv_fold3/Testing/pituitary/Tr-pi_1053.jpg,104684,pituitary,pituitary,1,0.998376,3,42,0.000010,0.000140,0.001473,0.998376
data_cv_fold3/Testing/pituitary/Tr-pi_1054.jpg,104684,pituitary,pituitary,1,0.999155,3,42,0.000019,0.000238,0.000589,0.999155
data_cv_fold3/Testing/pituitary/Tr-pi_1055.jpg,104684,pituitary,pituitary,1,0.995339,3,42,0.000084,0.001064,0.003513,0.995339
data_cv_fold3/Testing/pituitary/Tr-pi_1057.jpg,104684,pituitary,pituitary,1,0.997952,3,42,0.000081,0.000462,0.001505,0.997952
data_cv_fold3/Testing/pituitary/Tr-pi_1058.jpg,104912,pituitary,pituitary,1,0.999573,3,42,0.000014,0.000411,0.000002,0.999573
data_cv_fold3/Testing/pituitary/Tr-pi_1059.jpg,104912,pituitary,pituitary,1,0.999585,3,42,0.000019,0.000391,0.000005,0.999585
data_cv_fold3/Testing/pituitary/Tr-pi_1060.jpg,104912,pituitary,pituitary,1,0.995133,3,42,0.000067,0.004787,0.000013,0.995133
data_cv_fold3/Testing/pituitary/Tr-pi_1067.jpg,105538,pituitary,meningioma,0,0.960481,3,42,0.035521,0.960481,0.000129,0.003869
data_cv_fold3/Testing/pituitary/Tr-pi_1068.jpg,105538,pituitary,meningioma,0,0.549030,3,42,0.035156,0.549030,0.028351,0.387463
data_cv_fold3/Testing/pituitary/Tr-pi_1079.jpg,97461,pituitary,pituitary,1,0.990311,3,42,0.000266,0.009134,0.000289,0.990311
data_cv_fold3/Testing/pituitary/Tr-pi_1080.jpg,97461,pituitary,pituitary,1,0.984075,3,42,0.000763,0.015129,0.000034,0.984075
data_cv_fold3/Testing/pituitary/Tr-pi_1081.jpg,97461,pituitary,pituitary,1,0.999950,3,42,0.000014,0.000035,0.000001,0.999950
data_cv_fold3/Testing/pituitary/Tr-pi_1082.jpg,97461,pituitary,pituitary,1,0.999573,3,42,0.000297,0.000117,0.000013,0.999573
data_cv_fold3/Testing/pituitary/Tr-pi_1083.jpg,97461,pituitary,pituitary,1,0.999735,3,42,0.000205,0.000056,0.000004,0.999735
data_cv_fold3/Testing/pituitary/Tr-pi_1084.jpg,97461,pituitary,pituitary,1,0.999392,3,42,0.000047,0.000394,0.000167,0.999392
data_cv_fold3/Testing/pituitary/Tr-pi_1086.jpg,97461,pituitary,pituitary,1,0.997911,3,42,0.000640,0.000611,0.000838,0.997911
data_cv_fold3/Testing/pituitary/Tr-pi_1087.jpg,97481,pituitary,pituitary,1,0.994430,3,42,0.001023,0.004537,0.000010,0.994430
data_cv_fold3/Testing/pituitary/Tr-pi_1088.jpg,97481,pituitary,pituitary,1,0.987926,3,42,0.004196,0.007869,0.000009,0.987926
data_cv_fold3/Testing/pituitary/Tr-pi_1089.jpg,97481,pituitary,pituitary,1,0.999545,3,42,0.000226,0.000227,0.000002,0.999545
data_cv_fold3/Testing/pituitary/Tr-pi_1117.jpg,98995,pituitary,pituitary,1,0.999501,3,42,0.000001,0.000491,0.000007,0.999501
data_cv_fold3/Testing/pituitary/Tr-pi_1118.jpg,98995,pituitary,pituitary,1,0.997659,3,42,0.000005,0.002164,0.000172,0.997659
data_cv_fold3/Testing/pituitary/Tr-pi_1119.jpg,98995,pituitary,pituitary,1,0.996938,3,42,0.000006,0.002885,0.000171,0.996938
data_cv_fold3/Testing/pituitary/Tr-pi_1120.jpg,98995,pituitary,meningioma,0,0.616128,3,42,0.000610,0.616128,0.019776,0.363487
data_cv_fold3/Testing/pituitary/Tr-pi_1155.jpg,102669,pituitary,pituitary,1,0.999538,3,42,0.000253,0.000090,0.000119,0.999538
data_cv_fold3/Testing/pituitary/Tr-pi_1156.jpg,102669,pituitary,pituitary,1,0.999521,3,42,0.000200,0.000103,0.000176,0.999521
data_cv_fold3/Testing/pituitary/Tr-pi_1161.jpg,103257,pituitary,pituitary,1,0.999953,3,42,0.000007,0.000032,0.000008,0.999953
data_cv_fold3/Testing/pituitary/Tr-pi_1162.jpg,103257,pituitary,pituitary,1,0.999972,3,42,0.000010,0.000012,0.000007,0.999972
data_cv_fold3/Testing/pituitary/Tr-pi_1163.jpg,103257,pituitary,pituitary,1,0.999993,3,42,0.000004,0.000003,0.000001,0.999993
data_cv_fold3/Testing/pituitary/Tr-pi_1193.jpg,104019,pituitary,pituitary,1,0.999982,3,42,0.000010,0.000006,0.000003,0.999982
data_cv_fold3/Testing/pituitary/Tr-pi_1194.jpg,104019,pituitary,pituitary,1,0.999994,3,42,0.000003,0.000002,0.000001,0.999994
data_cv_fold3/Testing/pituitary/Tr-pi_1195.jpg,104019,pituitary,pituitary,1,0.999994,3,42,0.000003,0.000002,0.000002,0.999994
data_cv_fold3/Testing/pituitary/Tr-pi_1204.jpg,104684,pituitary,pituitary,1,0.999841,3,42,0.000115,0.000024,0.000021,0.999841
data_cv_fold3/Testing/pituitary/Tr-pi_1205.jpg,104684,pituitary,pituitary,1,0.999814,3,42,0.000041,0.000080,0.000064,0.999814
data_cv_fold3/Testing/pituitary/Tr-pi_1207.jpg,104684,pituitary,pituitary,1,0.999877,3,42,0.000024,0.000035,0.000064,0.999877
data_cv_fold3/Testing/pituitary/Tr-pi_1208.jpg,104684,pituitary,pituitary,1,0.999637,3,42,0.000094,0.000090,0.000178,0.999637
data_cv_fold3/Testing/pituitary/Tr-pi_1209.jpg,104684,pituitary,pituitary,1,0.998952,3,42,0.000346,0.000136,0.000566,0.998952
data_cv_fold3/Testing/pituitary/Tr-pi_1210.jpg,104912,pituitary,pituitary,1,0.998631,3,42,0.001256,0.000032,0.000081,0.998631
data_cv_fold3/Testing/pituitary/Tr-pi_1211.jpg,104912,pituitary,pituitary,1,0.999889,3,42,0.000060,0.000037,0.000014,0.999889
data_cv_fold3/Testing/pituitary/Tr-pi_1212.jpg,104912,pituitary,pituitary,1,0.999994,3,42,0.000003,0.000002,0.000001,0.999994
data_cv_fold3/Testing/pituitary/Tr-pi_1213.jpg,104912,pituitary,pituitary,1,0.999979,3,42,0.000009,0.000007,0.000006,0.999979
data_cv_fold3/Testing/pituitary/Tr-pi_1221.jpg,105538,pituitary,pituitary,1,0.836670,3,42,0.034636,0.121195,0.007500,0.836670
data_cv_fold3/Testing/pituitary/Tr-pi_1222.jpg,105538,pituitary,pituitary,1,0.697345,3,42,0.135233,0.142710,0.024712,0.697345
data_cv_fold3/Testing/pituitary/Tr-pi_1234.jpg,97461,pituitary,pituitary,1,0.999819,3,42,0.000109,0.000061,0.000011,0.999819
data_cv_fold3/Testing/pituitary/Tr-pi_1235.jpg,97461,pituitary,pituitary,1,0.999634,3,42,0.000331,0.000023,0.000012,0.999634
data_cv_fold3/Testing/pituitary/Tr-pi_1237.jpg,97461,pituitary,pituitary,1,0.999968,3,42,0.000025,0.000003,0.000004,0.999968
data_cv_fold3/Testing/pituitary/Tr-pi_1238.jpg,97461,pituitary,pituitary,1,0.999982,3,42,0.000009,0.000007,0.000002,0.999982
data_cv_fold3/Testing/pituitary/Tr-pi_1239.jpg,97461,pituitary,pituitary,1,0.999978,3,42,0.000008,0.000011,0.000004,0.999978
data_cv_fold3/Testing/pituitary/Tr-pi_1240.jpg,97461,pituitary,pituitary,1,0.999922,3,42,0.000022,0.000043,0.000013,0.999922
data_cv_fold3/Testing/pituitary/Tr-pi_1241.jpg,97481,pituitary,pituitary,1,0.996746,3,42,0.002323,0.000283,0.000648,0.996746
data_cv_fold3/Testing/pituitary/Tr-pi_1242.jpg,97481,pituitary,pituitary,1,0.999081,3,42,0.000500,0.000329,0.000090,0.999081
data_cv_fold3/Testing/pituitary/Tr-pi_1243.jpg,97481,pituitary,pituitary,1,0.999697,3,42,0.000177,0.000107,0.000019,0.999697
data_cv_fold3/Testing/pituitary/Tr-pi_1272.jpg,98995,pituitary,pituitary,1,0.999631,3,42,0.000213,0.000149,0.000007,0.999631
data_cv_fold3/Testing/pituitary/Tr-pi_1275.jpg,98995,pituitary,pituitary,1,0.999788,3,42,0.000077,0.000122,0.000013,0.999788
data_cv_fold3/Testing/pituitary/Tr-pi_1276.jpg,98995,pituitary,pituitary,1,0.999834,3,42,0.000027,0.000122,0.000017,0.999834
data_cv_fold3/Testing/pituitary/Tr-pi_1277.jpg,98995,pituitary,pituitary,1,0.999991,3,42,0.000002,0.000006,0.000001,0.999991
data_cv_fold3/Testing/pituitary/Tr-pi_1310.jpg,102669,pituitary,pituitary,1,0.999609,3,42,0.000156,0.000127,0.000107,0.999609
data_cv_fold3/Testing/pituitary/Tr-pi_1314.jpg,103257,pituitary,pituitary,1,0.999753,3,42,0.000003,0.000106,0.000138,0.999753
data_cv_fold3/Testing/pituitary/Tr-pi_1315.jpg,103257,pituitary,pituitary,1,0.999955,3,42,0.000001,0.000043,0.000001,0.999955
data_cv_fold3/Testing/pituitary/Tr-pi_1316.jpg,103257,pituitary,pituitary,1,0.999973,3,42,0.000001,0.000014,0.000012,0.999973
data_cv_fold3/Testing/pituitary/Tr-pi_1317.jpg,103257,pituitary,pituitary,1,0.999895,3,42,0.000002,0.000051,0.000052,0.999895
data_cv_fold3/Testing/pituitary/Tr-pi_1318.jpg,108858,pituitary,pituitary,1,0.999896,3,42,0.000057,0.000014,0.000033,0.999896
data_cv_fold3/Testing/pituitary/Tr-pi_1319.jpg,103257,pituitary,pituitary,1,0.999363,3,42,0.000003,0.000629,0.000004,0.999363
data_cv_fold3/Testing/pituitary/Tr-pi_1326.jpg,108858,pituitary,pituitary,1,0.999779,3,42,0.000037,0.000094,0.000090,0.999779
data_cv_fold3/Testing/pituitary/Tr-pi_1333.jpg,108858,pituitary,pituitary,1,0.998836,3,42,0.000153,0.000800,0.000212,0.998836
data_cv_fold3/Testing/pituitary/Tr-pi_1351.jpg,104019,pituitary,pituitary,1,0.999574,3,42,0.000018,0.000100,0.000307,0.999574
data_cv_fold3/Testing/pituitary/Tr-pi_1352.jpg,104019,pituitary,pituitary,1,0.999831,3,42,0.000015,0.000077,0.000077,0.999831
data_cv_fold3/Testing/pituitary/Tr-pi_1353.jpg,104019,pituitary,pituitary,1,0.999915,3,42,0.000007,0.000019,0.000059,0.999915
data_cv_fold3/Testing/pituitary/Tr-pi_1361.jpg,104684,pituitary,pituitary,1,0.999995,3,42,0.000000,0.000003,0.000003,0.999995
data_cv_fold3/Testing/pituitary/Tr-pi_1362.jpg,104684,pituitary,pituitary,1,0.999992,3,42,0.000001,0.000005,0.000003,0.999992
data_cv_fold3/Testing/pituitary/Tr-pi_1363.jpg,104684,pituitary,pituitary,1,0.999986,3,42,0.000003,0.000006,0.000005,0.999986
data_cv_fold3/Testing/pituitary/Tr-pi_1365.jpg,104684,pituitary,pituitary,1,0.999997,3,42,0.000000,0.000002,0.000001,0.999997
data_cv_fold3/Testing/pituitary/Tr-pi_1366.jpg,104684,pituitary,pituitary,1,0.999999,3,42,0.000000,0.000001,0.000000,0.999999
data_cv_fold3/Testing/pituitary/Tr-pi_1367.jpg,104684,pituitary,pituitary,1,0.999989,3,42,0.000004,0.000005,0.000002,0.999989
data_cv_fold3/Testing/pituitary/Tr-pi_1368.jpg,104912,pituitary,pituitary,1,0.999203,3,42,0.000304,0.000426,0.000067,0.999203
data_cv_fold3/Testing/pituitary/Tr-pi_1369.jpg,104912,pituitary,pituitary,1,0.999841,3,42,0.000109,0.000035,0.000016,0.999841
data_cv_fold3/Testing/pituitary/Tr-pi_1370.jpg,104912,pituitary,pituitary,1,0.998973,3,42,0.000541,0.000394,0.000092,0.998973
data_cv_fold3/Testing/pituitary/Tr-pi_1372.jpg,104912,pituitary,pituitary,1,0.996336,3,42,0.000488,0.003106,0.000071,0.996336
data_cv_fold3/Testing/pituitary/Tr-pi_1373.jpg,104912,pituitary,pituitary,1,0.996764,3,42,0.000487,0.002146,0.000603,0.996764
data_cv_fold3/Testing/pituitary/Tr-pi_1382.jpg,105538,pituitary,pituitary,1,0.451552,3,42,0.035987,0.379507,0.132954,0.451552
data_cv_fold3/Testing/pituitary/Tr-pi_1383.jpg,105538,pituitary,meningioma,0,0.813749,3,42,0.006798,0.813749,0.096000,0.083453
data_cv_fold3/Testing/pituitary/Tr-pi_1395.jpg,97461,pituitary,pituitary,1,0.999936,3,42,0.000021,0.000024,0.000019,0.999936
data_cv_fold3/Testing/pituitary/Tr-pi_1396.jpg,97461,pituitary,pituitary,1,0.997317,3,42,0.000664,0.000290,0.001729,0.997317
data_cv_fold3/Testing/pituitary/Tr-pi_1397.jpg,97461,pituitary,pituitary,1,0.999221,3,42,0.000131,0.000318,0.000330,0.999221
data_cv_fold3/Testing/pituitary/Tr-pi_1398.jpg,97461,pituitary,pituitary,1,0.999914,3,42,0.000011,0.000037,0.000038,0.999914
data_cv_fold3/Testing/pituitary/Tr-pi_1399.jpg,97461,pituitary,pituitary,1,0.999655,3,42,0.000013,0.000061,0.000271,0.999655
data_cv_fold3/Testing/pituitary/Tr-pi_1400.jpg,97461,pituitary,pituitary,1,0.999674,3,42,0.000056,0.000125,0.000146,0.999674
data_cv_fold3/Testing/pituitary/Tr-pi_1402.jpg,97481,pituitary,pituitary,1,0.999992,3,42,0.000001,0.000004,0.000002,0.999992
data_cv_fold3/Testing/pituitary/Tr-pi_1403.jpg,97481,pituitary,pituitary,1,0.999991,3,42,0.000001,0.000002,0.000006,0.999991
data_cv_fold3/Testing/pituitary/Tr-pi_1404.jpg,97481,pituitary,pituitary,1,0.999799,3,42,0.000048,0.000035,0.000118,0.999799
data_cv_fold3/Testing/pituitary/Tr-pi_1441.jpg,98995,pituitary,pituitary,1,0.999521,3,42,0.000005,0.000365,0.000108,0.999521
data_cv_fold3/Testing/pituitary/Tr-pi_1442.jpg,98995,pituitary,pituitary,1,0.999887,3,42,0.000001,0.000106,0.000006,0.999887
data_cv_fold3/Testing/pituitary/Tr-pi_1443.jpg,98995,pituitary,pituitary,1,0.999595,3,42,0.000025,0.000340,0.000040,0.999595
data_cv_fold3/Testing/pituitary/Tr-pi_1444.jpg,98995,pituitary,pituitary,1,0.999651,3,42,0.000001,0.000342,0.000005,0.999651
