path,group,true,pred,correct,confidence,fold,seed,p_glioma,p_meningioma,p_notumor,p_pituitary
data_rand_fold0/Testing/glioma/Te-glTr_0002.jpg,MR051586,glioma,glioma,1,0.999529,0,0,0.999529,0.000202,0.000266,0.000003
data_rand_fold0/Testing/glioma/Te-glTr_0008.jpg,MR051644C,glioma,glioma,1,0.999848,0,0,0.999848,0.000094,0.000042,0.000015
data_rand_fold0/Testing/glioma/Te-gl_0021.jpg,MR039473B,glioma,glioma,1,0.999770,0,0,0.999770,0.000151,0.000038,0.000041
data_rand_fold0/Testing/glioma/Te-gl_0022.jpg,MR037458C,glioma,glioma,1,0.999701,0,0,0.999701,0.000264,0.000034,0.000001
data_rand_fold0/Testing/glioma/Te-gl_0031.jpg,MR040240D,glioma,glioma,1,0.999935,0,0,0.999935,0.000050,0.000012,0.000003
data_rand_fold0/Testing/glioma/Te-gl_0034.jpg,MR017260F,glioma,glioma,1,0.997647,0,0,0.997647,0.002148,0.000203,0.000002
data_rand_fold0/Testing/glioma/Te-gl_0043.jpg,101020,glioma,glioma,1,0.999493,0,0,0.999493,0.000484,0.000017,0.000007
data_rand_fold0/Testing/glioma/Te-gl_0057.jpg,MR049142,glioma,glioma,1,0.999350,0,0,0.999350,0.000508,0.000065,0.000078
data_rand_fold0/Testing/glioma/Te-gl_0059.jpg,MR048944B,glioma,glioma,1,0.999951,0,0,0.999951,0.000031,0.000015,0.000003
data_rand_fold0/Testing/glioma/Te-gl_0074.jpg,MR049358,glioma,glioma,1,0.999760,0,0,0.999760,0.000206,0.000029,0.000004
data_rand_fold0/Testing/glioma/Te-gl_0081.jpg,MR048621B,glioma,glioma,1,0.997909,0,0,0.997909,0.001303,0.000693,0.000095
data_rand_fold0/Testing/glioma/Te-gl_0084.jpg,MR050791B,glioma,glioma,1,0.999583,0,0,0.999583,0.000368,0.000041,0.000008
data_rand_fold0/Testing/glioma/Te-gl_0085.jpg,MR026175C,glioma,glioma,1,0.999680,0,0,0.999680,0.000080,0.000227,0.000013
data_rand_fold0/Testing/glioma/Te-gl_0095.jpg,MR053110B,glioma,glioma,1,0.999778,0,0,0.999778,0.000123,0.000096,0.000003
data_rand_fold0/Testing/glioma/Te-gl_0096.jpg,MR050687C,glioma,glioma,1,0.999921,0,0,0.999921,0.000032,0.000009,0.000038
data_rand_fold0/Testing/glioma/Te-gl_0106.jpg,MR037458B,glioma,glioma,1,0.993513,0,0,0.993513,0.004525,0.000405,0.001557
data_rand_fold0/Testing/glioma/Te-gl_0107.jpg,MR037458B,glioma,glioma,1,0.976251,0,0,0.976251,0.023080,0.000544,0.000125
data_rand_fold0/Testing/glioma/Te-gl_0110.jpg,MR039473B,glioma,glioma,1,0.999109,0,0,0.999109,0.000018,0.000017,0.000855
data_rand_fold0/Testing/glioma/Te-gl_0116.jpg,MR040240,glioma,glioma,1,0.999902,0,0,0.999902,0.000077,0.000020,0.000001
data_rand_fold0/Testing/glioma/Te-gl_0117.jpg,MR040240,glioma,glioma,1,0.999950,0,0,0.999950,0.000036,0.000013,0.000001
data_rand_fold0/Testing/glioma/Te-gl_0122.jpg,MR048994,glioma,glioma,1,0.999857,0,0,0.999857,0.000081,0.000060,0.000001
data_rand_fold0/Testing/glioma/Te-gl_0126.jpg,MR049142,glioma,glioma,1,0.999492,0,0,0.999492,0.000468,0.000016,0.000024
data_rand_fold0/Testing/glioma/Te-gl_0128.jpg,MR048944B,glioma,glioma,1,0.999857,0,0,0.999857,0.000116,0.000026,0.000001
data_rand_fold0/Testing/glioma/Te-gl_0133.jpg,MR049453,glioma,glioma,1,0.999888,0,0,0.999888,0.000035,0.000075,0.000002
data_rand_fold0/Testing/glioma/Te-gl_0136.jpg,MR029209I,glioma,glioma,1,0.999975,0,0,0.999975,0.000009,0.000016,0.000000
data_rand_fold0/Testing/glioma/Te-gl_0140.jpg,MR048621B,glioma,glioma,1,0.999842,0,0,0.999842,0.000092,0.000059,0.000007
data_rand_fold0/Testing/glioma/Te-gl_0145.jpg,MR040240B,glioma,glioma,1,0.999157,0,0,0.999157,0.000755,0.000081,0.000007
data_rand_fold0/Testing/glioma/Te-gl_0148.jpg,MR029209I,glioma,glioma,1,0.998449,0,0,0.998449,0.000395,0.001118,0.000038
data_rand_fold0/Testing/glioma/Te-gl_0154.jpg,MR051644,glioma,glioma,1,0.999817,0,0,0.999817,0.000051,0.000130,0.000002
data_rand_fold0/Testing/glioma/Te-gl_0165.jpg,MR049019G,glioma,glioma,1,0.999564,0,0,0.999564,0.000231,0.000017,0.000188
data_rand_fold0/Testing/glioma/Te-gl_0166.jpg,MR024780D,glioma,glioma,1,0.999552,0,0,0.999552,0.000345,0.000058,0.000045
data_rand_fold0/Testing/glioma/Te-gl_0168.jpg,MR037458B,glioma,glioma,1,0.994331,0,0,0.994331,0.005627,0.000034,0.000007
data_rand_fold0/Testing/glioma/Te-gl_0176.jpg,MR048944,glioma,glioma,1,0.999992,0,0,0.999992,0.000003,0.000005,0.000001
data_rand_fold0/Testing/glioma/Te-gl_0180.jpg,MR048994B,glioma,glioma,1,0.999641,0,0,0.999641,0.000248,0.000014,0.000097
data_rand_fold0/Testing/glioma/Te-gl_0191.jpg,MR050687,glioma,glioma,1,0.999985,0,0,0.999985,0.000009,0.000006,0.000000
data_rand_fold0/Testing/glioma/Te-gl_0207.jpg,MR051651B,glioma,glioma,1,0.999894,0,0,0.999894,0.000074,0.000004,0.000028
data_rand_fold0/Testing/glioma/Te-gl_0208.jpg,MR051651B,glioma,glioma,1,0.998743,0,0,0.998743,0.001182,0.000035,0.000040
data_rand_fold0/Testing/glioma/Te-gl_0209.jpg,MR051644B,glioma,glioma,1,0.999725,0,0,0.999725,0.000023,0.000186,0.000066
data_rand_fold0/Testing/glioma/Te-gl_0212.jpg,MR052550,glioma,glioma,1,0.999773,0,0,0.999773,0.000047,0.000160,0.000020
data_rand_fold0/Testing/glioma/Te-gl_0215.jpg,MR052550,glioma,glioma,1,0.999718,0,0,0.999718,0.000270,0.000008,0.000004
data_rand_fold0/Testing/glioma/Te-gl_0221.jpg,MR034694,glioma,glioma,1,0.999552,0,0,0.999552,0.000341,0.000090,0.000018
data_rand_fold0/Testing/glioma/Te-gl_0228.jpg,MR029209I,glioma,glioma,1,0.999947,0,0,0.999947,0.000026,0.000022,0.000005
data_rand_fold0/Testing/glioma/Te-gl_0229.jpg,107747,glioma,glioma,1,0.945482,0,0,0.945482,0.054348,0.000113,0.000056
data_rand_fold0/Testing/glioma/Te-gl_0230.jpg,112105,glioma,glioma,1,0.999639,0,0,0.999639,0.000165,0.000182,0.000014
data_rand_fold0/Testing/glioma/Te-gl_0233.jpg,100820,glioma,meningioma,0,0.529660,0,0,0.466238,0.529660,0.003976,0.000125
data_rand_fold0/Testing/glioma/Te-gl_0246.jpg,88670,glioma,glioma,1,0.998010,0,0,0.998010,0.001919,0.000067,0.000004
data_rand_fold0/Testing/glioma/Te-gl_0249.jpg,90284,glioma,glioma,1,0.999692,0,0,0.999692,0.000228,0.000021,0.000059
data_rand_fold0/Testing/glioma/Te-gl_0252.jpg,93825,glioma,glioma,1,0.991820,0,0,0.991820,0.006207,0.001683,0.000290
data_rand_fold0/Testing/glioma/Te-gl_0254.jpg,97609,glioma,glioma,1,0.998577,0,0,0.998577,0.001405,0.000010,0.000007
data_rand_fold0/Testing/glioma/Te-gl_0256.jpg,100416,glioma,glioma,1,0.866114,0,0,0.866114,0.130871,0.002631,0.000385
data_rand_fold0/Testing/glioma/Te-gl_0258.jpg,100820,glioma,glioma,1,0.540783,0,0,0.540783,0.449669,0.009482,0.000065
data_rand_fold0/Testing/glioma/Te-gl_0267.jpg,107747,glioma,glioma,1,0.956738,0,0,0.956738,0.014867,0.000442,0.027953
data_rand_fold0/Testing/glioma/Te-gl_0270.jpg,88670,glioma,glioma,1,0.998206,0,0,0.998206,0.001305,0.000457,0.000032
data_rand_fold0/Testing/glioma/Te-gl_0273.jpg,90284,glioma,glioma,1,0.999858,0,0,0.999858,0.000100,0.000024,0.000017
data_rand_fold0/Testing/glioma/Te-gl_0281.jpg,95142,glioma,glioma,1,0.924505,0,0,0.924505,0.073622,0.001407,0.000466
data_rand_fold0/Testing/glioma/Te-gl_0283.jpg,97609,glioma,glioma,1,0.998123,0,0,0.998123,0.001802,0.000040,0.000035
data_rand_fold0/Testing/glioma/Te-gl_0287.jpg,MR048294,glioma,glioma,1,0.999493,0,0,0.999493,0.000422,0.000082,0.000003
data_rand_fold0/Testing/glioma/Te-gl_0291.jpg,MR048944,glioma,glioma,1,0.997741,0,0,0.997741,0.002193,0.000038,0.000027
data_rand_fold0/Testing/glioma/Te-gl_0295.jpg,MR049142,glioma,glioma,1,0.924355,0,0,0.924355,0.074755,0.000579,0.000312
data_rand_fold0/Testing/glioma/Te-gl_0298.jpg,MR048944B,glioma,glioma,1,0.999848,0,0,0.999848,0.000064,0.000086,0.000001
data_rand_fold0/Testing/glioma/Tr-glTr_0001.jpg,MR051644,glioma,glioma,1,0.999728,0,0,0.999728,0.000201,0.000068,0.000003
data_rand_fold0/Testing/glioma/Tr-glTr_0002.jpg,MR051644,glioma,glioma,1,0.999841,0,0,0.999841,0.000097,0.000060,0.000001
data_rand_fold0/Testing/glioma/Tr-gl_0015.jpg,MR032322C,glioma,glioma,1,0.999338,0,0,0.999338,0.000199,0.000456,0.000007
data_rand_fold0/Testing/glioma/Tr-gl_0019.jpg,MR039473B,glioma,glioma,1,0.999916,0,0,0.999916,0.000067,0.000016,0.000001
data_rand_fold0/Testing/glioma/Tr-gl_0020.jpg,MR037458C,glioma,glioma,1,0.998908,0,0,0.998908,0.001039,0.000050,0.000003
data_rand_fold0/Testing/glioma/Tr-gl_0024.jpg,106494,glioma,glioma,1,0.976688,0,0,0.976688,0.023167,0.000083,0.000062
data_rand_fold0/Testing/glioma/Tr-gl_0039.jpg,88670,glioma,glioma,1,0.998846,0,0,0.998846,0.000397,0.000749,0.000008
data_rand_fold0/Testing/glioma/Tr-gl_0040.jpg,90284,glioma,glioma,1,0.999951,0,0,0.999951,0.000036,0.000009,0.000004
data_rand_fold0/Testing/glioma/Tr-gl_0043.jpg,100820,glioma,meningioma,0,0.967715,0,0,0.032128,0.967715,0.000132,0.000025
data_rand_fold0/Testing/glioma/Tr-gl_0047.jpg,95142,glioma,meningioma,0,0.522254,0,0,0.474561,0.522254,0.001203,0.001983
data_rand_fold0/Testing/glioma/Tr-gl_0051.jpg,MR048294,glioma,glioma,1,0.999557,0,0,0.999557,0.000320,0.000121,0.000002
data_rand_fold0/Testing/glioma/Tr-gl_0053.jpg,MR048944,glioma,glioma,1,0.998865,0,0,0.998865,0.001027,0.000086,0.000022
data_rand_fold0/Testing/glioma/Tr-gl_0063.jpg,MR049453B,glioma,glioma,1,0.999874,0,0,0.999874,0.000087,0.000033,0.000006
data_rand_fold0/Testing/glioma/Tr-gl_0078.jpg,MR038469,glioma,glioma,1,0.999982,0,0,0.999982,0.000011,0.000006,0.000001
data_rand_fold0/Testing/glioma/Tr-gl_0079.jpg,MR032322C,glioma,glioma,1,0.989577,0,0,0.989577,0.001536,0.008850,0.000037
data_rand_fold0/Testing/glioma/Tr-gl_0081.jpg,MR037458C,glioma,glioma,1,0.997238,0,0,0.997238,0.002289,0.000440,0.000033
data_rand_fold0/Testing/glioma/Tr-gl_0089.jpg,MR040240D,glioma,glioma,1,0.999962,0,0,0.999962,0.000027,0.000011,0.000000
data_rand_fold0/Testing/glioma/Tr-gl_0092.jpg,MR048294,glioma,glioma,1,0.999229,0,0,0.999229,0.000280,0.000444,0.000047
data_rand_fold0/Testing/glioma/Tr-gl_0093.jpg,MR048297,glioma,glioma,1,0.999925,0,0,0.999925,0.000029,0.000046,0.000000
data_rand_fold0/Testing/glioma/Tr-gl_0094.jpg,MR048294B,glioma,glioma,1,0.999529,0,0,0.999529,0.000281,0.000171,0.000019
data_rand_fold0/Testing/glioma/Tr-gl_0098.jpg,102075,glioma,meningioma,0,0.835801,0,0,0.156683,0.835801,0.000079,0.007437
data_rand_fold0/Testing/glioma/Tr-gl_0100.jpg,107747,glioma,glioma,1,0.998892,0,0,0.998892,0.000997,0.000020,0.000091
data_rand_fold0/Testing/glioma/Tr-gl_0105.jpg,MR033420,glioma,glioma,1,0.631955,0,0,0.631955,0.365943,0.002039,0.000063
data_rand_fold0/Testing/glioma/Tr-gl_0108.jpg,MR048994B,glioma,glioma,1,0.999742,0,0,0.999742,0.000066,0.000150,0.000042
data_rand_fold0/Testing/glioma/Tr-gl_0111.jpg,MR049358,glioma,glioma,1,0.999855,0,0,0.999855,0.000072,0.000045,0.000028
data_rand_fold0/Testing/glioma/Tr-gl_0123.jpg,MR049358,glioma,glioma,1,0.999756,0,0,0.999756,0.000221,0.000020,0.000003
data_rand_fold0/Testing/glioma/Tr-gl_0124.jpg,MR049358,glioma,glioma,1,0.999929,0,0,0.999929,0.000059,0.000010,0.000002
data_rand_fold0/Testing/glioma/Tr-gl_0126.jpg,MR049358,glioma,glioma,1,0.999740,0,0,0.999740,0.000226,0.000032,0.000003
data_rand_fold0/Testing/glioma/Tr-gl_0133.jpg,MR049453,glioma,glioma,1,0.999618,0,0,0.999618,0.000068,0.000307,0.000006
data_rand_fold0/Testing/glioma/Tr-gl_0135.jpg,MR049453,glioma,glioma,1,0.999368,0,0,0.999368,0.000081,0.000547,0.000003
data_rand_fold0/Testing/glioma/Tr-gl_0137.jpg,MR049453,glioma,glioma,1,0.999815,0,0,0.999815,0.000079,0.000106,0.000001
data_rand_fold0/Testing/glioma/Tr-gl_0141.jpg,MR024780G,glioma,glioma,1,0.999248,0,0,0.999248,0.000330,0.000080,0.000341
data_rand_fold0/Testing/glioma/Tr-gl_0142.jpg,MR024780G,glioma,glioma,1,0.998044,0,0,0.998044,0.000591,0.001343,0.000022
data_rand_fold0/Testing/glioma/Tr-gl_0145.jpg,MR024780G,glioma,glioma,1,0.999692,0,0,0.999692,0.000103,0.000203,0.000002
data_rand_fold0/Testing/glioma/Tr-gl_0147.jpg,MR024780G,glioma,glioma,1,0.999076,0,0,0.999076,0.000421,0.000103,0.000399
data_rand_fold0/Testing/glioma/Tr-gl_0149.jpg,MR024780G,glioma,glioma,1,0.997601,0,0,0.997601,0.000714,0.001445,0.000240
data_rand_fold0/Testing/glioma/Tr-gl_0150.jpg,MR024780G,glioma,glioma,1,0.999043,0,0,0.999043,0.000301,0.000613,0.000043
data_rand_fold0/Testing/glioma/Tr-gl_0158.jpg,MR049453B,glioma,glioma,1,0.999798,0,0,0.999798,0.000124,0.000076,0.000002
data_rand_fold0/Testing/glioma/Tr-gl_0165.jpg,MR050135B,glioma,glioma,1,0.999975,0,0,0.999975,0.000019,0.000006,0.000000
data_rand_fold0/Testing/glioma/Tr-gl_0168.jpg,MR050135B,glioma,glioma,1,0.999750,0,0,0.999750,0.000167,0.000075,0.000007
data_rand_fold0/Testing/glioma/Tr-gl_0169.jpg,MR050135B,glioma,glioma,1,0.999896,0,0,0.999896,0.000083,0.000019,0.000002
data_rand_fold0/Testing/glioma/Tr-gl_0182.jpg,MR050687,glioma,glioma,1,0.996744,0,0,0.996744,0.002202,0.001024,0.000030
data_rand_fold0/Testing/glioma/Tr-gl_0183.jpg,MR050687,glioma,glioma,1,0.996509,0,0,0.996509,0.002935,0.000538,0.000018
data_rand_fold0/Testing/glioma/Tr-gl_0190.jpg,MR050791B,glioma,glioma,1,0.999734,0,0,0.999734,0.000142,0.000120,0.000004
data_rand_fold0/Testing/glioma/Tr-gl_0197.jpg,MR026175C,glioma,glioma,1,0.999957,0,0,0.999957,0.000018,0.000015,0.000010
data_rand_fold0/Testing/glioma/Tr-gl_0201.jpg,MR026175C,glioma,glioma,1,0.995164,0,0,0.995164,0.001070,0.003725,0.000041
data_rand_fold0/Testing/glioma/Tr-gl_0218.jpg,MR051586,glioma,glioma,1,0.999844,0,0,0.999844,0.000066,0.000089,0.000001
data_rand_fold0/Testing/glioma/Tr-gl_0228.jpg,MR051644,glioma,glioma,1,0.995968,0,0,0.995968,0.002683,0.001334,0.000015
data_rand_fold0/Testing/glioma/Tr-gl_0234.jpg,MR051644,glioma,glioma,1,0.999682,0,0,0.999682,0.000192,0.000121,0.000006
data_rand_fold0/Testing/glioma/Tr-gl_0237.jpg,MR051651,glioma,glioma,1,0.997463,0,0,0.997463,0.001393,0.001114,0.000030
data_rand_fold0/Testing/glioma/Tr-gl_0238.jpg,MR051651,glioma,glioma,1,0.997516,0,0,0.997516,0.001927,0.000539,0.000018
data_rand_fold0/Testing/glioma/Tr-gl_0241.jpg,MR051651,glioma,glioma,1,0.995727,0,0,0.995727,0.003156,0.001099,0.000017
data_rand_fold0/Testing/glioma/Tr-gl_0255.jpg,MR051651B,glioma,glioma,1,0.999668,0,0,0.999668,0.000263,0.000066,0.000003
data_rand_fold0/Testing/glioma/Tr-gl_0259.jpg,MR051644B,glioma,glioma,1,0.998155,0,0,0.998155,0.000649,0.001177,0.000019
data_rand_fold0/Testing/glioma/Tr-gl_0260.jpg,MR051644B,glioma,glioma,1,0.999103,0,0,0.999103,0.000578,0.000312,0.000008
data_rand_fold0/Testing/glioma/Tr-gl_0264.jpg,MR051796B,glioma,glioma,1,0.999840,0,0,0.999840,0.000099,0.000049,0.000012
data_rand_fold0/Testing/glioma/Tr-gl_0277.jpg,MR051644C,glioma,glioma,1,0.999834,0,0,0.999834,0.000056,0.000109,0.000001
data_rand_fold0/Testing/glioma/Tr-gl_0280.jpg,MR049942B,glioma,glioma,1,0.999935,0,0,0.999935,0.000032,0.000031,0.000002
data_rand_fold0/Testing/glioma/Tr-gl_0297.jpg,MR054683,glioma,glioma,1,0.999540,0,0,0.999540,0.000201,0.000142,0.000118
data_rand_fold0/Testing/glioma/Tr-gl_0300.jpg,100820,glioma,meningioma,0,0.976411,0,0,0.015537,0.976411,0.007846,0.000206
data_rand_fold0/Testing/glioma/Tr-gl_0311.jpg,MR056144,glioma,glioma,1,0.999995,0,0,0.999995,0.000002,0.000002,0.000000
data_rand_fold0/Testing/glioma/Tr-gl_0323.jpg,MR029209E,glioma,glioma,1,0.999794,0,0,0.999794,0.000076,0.000127,0.000004
data_rand_fold0/Testing/glioma/Tr-gl_0326.jpg,MR053110E,glioma,glioma,1,0.994624,0,0,0.994624,0.001215,0.000449,0.003712
data_rand_fold0/Testing/glioma/Tr-gl_0327.jpg,MR053110E,glioma,glioma,1,0.999830,0,0,0.999830,0.000116,0.000033,0.000021
data_rand_fold0/Testing/glioma/Tr-gl_0330.jpg,MR053110E,glioma,glioma,1,0.998546,0,0,0.998546,0.001236,0.000189,0.000029
data_rand_fold0/Testing/glioma/Tr-gl_0331.jpg,MR049019G,glioma,glioma,1,0.999938,0,0,0.999938,0.000027,0.000033,0.000002
data_rand_fold0/Testing/glioma/Tr-gl_0333.jpg,MR049019G,glioma,glioma,1,0.999892,0,0,0.999892,0.000043,0.000060,0.000004
data_rand_fold0/Testing/glioma/Tr-gl_0334.jpg,MR049019G,glioma,glioma,1,0.999861,0,0,0.999861,0.000058,0.000078,0.000003
data_rand_fold0/Testing/glioma/Tr-gl_0335.jpg,MR049019G,glioma,glioma,1,0.999908,0,0,0.999908,0.000065,0.000026,0.000001
data_rand_fold0/Testing/glioma/Tr-gl_0337.jpg,MR049019G,glioma,glioma,1,0.999982,0,0,0.999982,0.000014,0.000003,0.000001
data_rand_fold0/Testing/glioma/Tr-gl_0343.jpg,MR038469,glioma,glioma,1,0.999964,0,0,0.999964,0.000020,0.000015,0.000001
data_rand_fold0/Testing/glioma/Tr-gl_0349.jpg,MR032322C,glioma,glioma,1,0.998767,0,0,0.998767,0.000338,0.000691,0.000205
data_rand_fold0/Testing/glioma/Tr-gl_0350.jpg,MR032322C,glioma,glioma,1,0.999251,0,0,0.999251,0.000305,0.000441,0.000003
data_rand_fold0/Testing/glioma/Tr-gl_0356.jpg,MR032322C,glioma,glioma,1,0.996316,0,0,0.996316,0.000888,0.002784,0.000012
data_rand_fold0/Testing/glioma/Tr-gl_0363.jpg,MR039473,glioma,glioma,1,0.999942,0,0,0.999942,0.000021,0.000004,0.000033
data_rand_fold0/Testing/glioma/Tr-gl_0364.jpg,MR039473,glioma,glioma,1,0.999739,0,0,0.999739,0.000123,0.000039,0.000099
data_rand_fold0/Testing/glioma/Tr-gl_0366.jpg,MR039473,glioma,glioma,1,0.999863,0,0,0.999863,0.000060,0.000073,0.000004
data_rand_fold0/Testing/glioma/Tr-gl_0369.jpg,MR039473B,glioma,glioma,1,0.999812,0,0,0.999812,0.000108,0.000055,0.000025
data_rand_fold0/Testing/glioma/Tr-gl_0381.jpg,MR040240,glioma,glioma,1,0.999876,0,0,0.999876,0.000094,0.000028,0.000002
data_rand_fold0/Testing/glioma/Tr-gl_0383.jpg,MR040240,glioma,glioma,1,0.999651,0,0,0.999651,0.000328,0.000018,0.000002
data_rand_fold0/Testing/glioma/Tr-gl_0386.jpg,MR040240B,glioma,glioma,1,0.999933,0,0,0.999933,0.000044,0.000022,0.000002
data_rand_fold0/Testing/glioma/Tr-gl_0389.jpg,MR040240B,glioma,glioma,1,0.999974,0,0,0.999974,0.000020,0.000005,0.000001
data_rand_fold0/Testing/glioma/Tr-gl_0390.jpg,MR040240B,glioma,glioma,1,0.999906,0,0,0.999906,0.000069,0.000024,0.000002
data_rand_fold0/Testing/glioma/Tr-gl_0395.jpg,MR029209G,glioma,glioma,1,0.999455,0,0,0.999455,0.000272,0.000266,0.000007
data_rand_fold0/Testing/glioma/Tr-gl_0405.jpg,MR036496B,glioma,glioma,1,0.999913,0,0,0.999913,0.000060,0.000027,0.000000
data_rand_fold0/Testing/glioma/Tr-gl_0407.jpg,MR033420,glioma,glioma,1,0.999931,0,0,0.999931,0.000038,0.000030,0.000001
data_rand_fold0/Testing/glioma/Tr-gl_0408.jpg,MR033420,glioma,glioma,1,0.856905,0,0,0.856905,0.141817,0.001251,0.000027
data_rand_fold0/Testing/glioma/Tr-gl_0413.jpg,MR024780B,glioma,glioma,1,0.999082,0,0,0.999082,0.000548,0.000359,0.000010
data_rand_fold0/Testing/glioma/Tr-gl_0421.jpg,MR048994B,glioma,glioma,1,0.999666,0,0,0.999666,0.000220,0.000068,0.000046
data_rand_fold0/Testing/glioma/Tr-gl_0422.jpg,MR048994B,glioma,glioma,1,0.999833,0,0,0.999833,0.000034,0.000117,0.000016
data_rand_fold0/Testing/glioma/Tr-gl_0431.jpg,MR049358,glioma,glioma,1,0.999534,0,0,0.999534,0.000408,0.000048,0.000009
data_rand_fold0/Testing/glioma/Tr-gl_0442.jpg,MR024780G,glioma,glioma,1,0.999775,0,0,0.999775,0.000131,0.000080,0.000014
data_rand_fold0/Testing/glioma/Tr-gl_0443.jpg,MR024780G,glioma,glioma,1,0.999880,0,0,0.999880,0.000041,0.000071,0.000009
data_rand_fold0/Testing/glioma/Tr-gl_0444.jpg,MR024780G,glioma,glioma,1,0.999688,0,0,0.999688,0.000100,0.000206,0.000005
data_rand_fold0/Testing/glioma/Tr-gl_0446.jpg,MR024780G,glioma,glioma,1,0.998673,0,0,0.998673,0.000416,0.000884,0.000027
data_rand_fold0/Testing/glioma/Tr-gl_0447.jpg,MR024780G,glioma,glioma,1,0.999066,0,0,0.999066,0.000450,0.000467,0.000017
data_rand_fold0/Testing/glioma/Tr-gl_0454.jpg,MR049453B,glioma,glioma,1,0.999748,0,0,0.999748,0.000212,0.000035,0.000005
data_rand_fold0/Testing/glioma/Tr-gl_0471.jpg,MR050135B,glioma,glioma,1,0.998864,0,0,0.998864,0.001021,0.000092,0.000023
data_rand_fold0/Testing/glioma/Tr-gl_0472.jpg,MR050135B,glioma,glioma,1,0.999460,0,0,0.999460,0.000502,0.000034,0.000004
data_rand_fold0/Testing/glioma/Tr-gl_0480.jpg,MR050791B,glioma,glioma,1,0.998052,0,0,0.998052,0.001256,0.000627,0.000065
data_rand_fold0/Testing/glioma/Tr-gl_0483.jpg,MR049019C,glioma,glioma,1,0.999625,0,0,0.999625,0.000086,0.000111,0.000178
data_rand_fold0/Testing/glioma/Tr-gl_0492.jpg,MR026175C,glioma,glioma,1,0.999086,0,0,0.999086,0.000285,0.000605,0.000023
data_rand_fold0/Testing/glioma/Tr-gl_0497.jpg,MR051461,glioma,glioma,1,0.999812,0,0,0.999812,0.000130,0.000051,0.000007
data_rand_fold0/Testing/glioma/Tr-gl_0503.jpg,MR051461,glioma,glioma,1,0.999864,0,0,0.999864,0.000060,0.000074,0.000002
data_rand_fold0/Testing/glioma/Tr-gl_0507.jpg,MR033389B,glioma,glioma,1,0.999736,0,0,0.999736,0.000199,0.000064,0.000001
data_rand_fold0/Testing/glioma/Tr-gl_0511.jpg,MR024780E,glioma,glioma,1,0.997956,0,0,0.997956,0.000614,0.001420,0.000010
data_rand_fold0/Testing/glioma/Tr-gl_0515.jpg,MR026175E,glioma,glioma,1,0.998996,0,0,0.998996,0.000305,0.000695,0.000003
data_rand_fold0/Testing/glioma/Tr-gl_0516.jpg,MR026175E,glioma,glioma,1,0.997323,0,0,0.997323,0.000669,0.001992,0.000016
data_rand_fold0/Testing/glioma/Tr-gl_0517.jpg,MR026175E,glioma,glioma,1,0.997246,0,0,0.997246,0.001306,0.001433,0.000015
data_rand_fold0/Testing/glioma/Tr-gl_0518.jpg,MR026175E,glioma,glioma,1,0.995208,0,0,0.995208,0.001998,0.002781,0.000013
data_rand_fold0/Testing/glioma/Tr-gl_0522.jpg,MR026175E,glioma,glioma,1,0.995176,0,0,0.995176,0.001107,0.003711,0.000006
data_rand_fold0/Testing/glioma/Tr-gl_0527.jpg,MR040240C,glioma,glioma,1,0.999826,0,0,0.999826,0.000085,0.000044,0.000045
data_rand_fold0/Testing/glioma/Tr-gl_0528.jpg,MR040240C,glioma,glioma,1,0.999910,0,0,0.999910,0.000054,0.000023,0.000013
data_rand_fold0/Testing/glioma/Tr-gl_0538.jpg,MR040240D,glioma,glioma,1,0.999964,0,0,0.999964,0.000028,0.000007,0.000001
data_rand_fold0/Testing/glioma/Tr-gl_0543.jpg,MR040240D,glioma,glioma,1,0.999960,0,0,0.999960,0.000027,0.000012,0.000001
data_rand_fold0/Testing/glioma/Tr-gl_0560.jpg,MR029209I,glioma,glioma,1,0.999965,0,0,0.999965,0.000010,0.000024,0.000000
data_rand_fold0/Testing/glioma/Tr-gl_0566.jpg,MR048294,glioma,glioma,1,0.999049,0,0,0.999049,0.000432,0.000507,0.000012
data_rand_fold0/Testing/glioma/Tr-gl_0569.jpg,MR048297,glioma,glioma,1,0.999841,0,0,0.999841,0.000109,0.000049,0.000001
data_rand_fold0/Testing/glioma/Tr-gl_0580.jpg,MR048621B,glioma,glioma,1,0.999693,0,0,0.999693,0.000105,0.000171,0.000031
data_rand_fold0/Testing/glioma/Tr-gl_0585.jpg,MR048944,glioma,glioma,1,0.999961,0,0,0.999961,0.000027,0.000012,0.000000
data_rand_fold0/Testing/glioma/Tr-gl_0593.jpg,MR048994,glioma,glioma,1,0.999918,0,0,0.999918,0.000052,0.000027,0.000002
data_rand_fold0/Testing/glioma/Tr-gl_0608.jpg,MR040240B,glioma,glioma,1,0.999201,0,0,0.999201,0.000543,0.000242,0.000014
data_rand_fold0/Testing/glioma/Tr-gl_0617.jpg,MR029209G,glioma,glioma,1,0.999989,0,0,0.999989,0.000007,0.000004,0.000001
data_rand_fold0/Testing/glioma/Tr-gl_0622.jpg,MR036496B,glioma,glioma,1,0.999180,0,0,0.999180,0.000042,0.000765,0.000013
data_rand_fold0/Testing/glioma/Tr-gl_0630.jpg,MR033420,glioma,glioma,1,0.994294,0,0,0.994294,0.005324,0.000366,0.000015
data_rand_fold0/Testing/glioma/Tr-gl_0633.jpg,MR033420,glioma,glioma,1,0.998898,0,0,0.998898,0.001063,0.000035,0.000004
data_rand_fold0/Testing/glioma/Tr-gl_0639.jpg,MR033389B,glioma,glioma,1,0.999261,0,0,0.999261,0.000539,0.000197,0.000003
data_rand_fold0/Testing/glioma/Tr-gl_0652.jpg,MR026175E,glioma,glioma,1,0.999803,0,0,0.999803,0.000031,0.000163,0.000003
data_rand_fold0/Testing/glioma/Tr-gl_0653.jpg,MR026175E,glioma,glioma,1,0.999672,0,0,0.999672,0.000088,0.000234,0.000006
data_rand_fold0/Testing/glioma/Tr-gl_0657.jpg,MR026175E,glioma,glioma,1,0.999874,0,0,0.999874,0.000040,0.000082,0.000005
data_rand_fold0/Testing/glioma/Tr-gl_0660.jpg,MR040240C,glioma,glioma,1,0.999798,0,0,0.999798,0.000117,0.000082,0.000003
data_rand_fold0/Testing/glioma/Tr-gl_0661.jpg,MR040240C,glioma,glioma,1,0.999612,0,0,0.999612,0.000281,0.000105,0.000002
data_rand_fold0/Testing/glioma/Tr-gl_0662.jpg,MR040240C,glioma,glioma,1,0.999670,0,0,0.999670,0.000253,0.000072,0.000005
data_rand_fold0/Testing/glioma/Tr-gl_0665.jpg,MR040240C,glioma,glioma,1,0.999882,0,0,0.999882,0.000075,0.000039,0.000004
data_rand_fold0/Testing/glioma/Tr-gl_0677.jpg,MR017260F,glioma,glioma,1,0.999924,0,0,0.999924,0.000035,0.000041,0.000001
data_rand_fold0/Testing/glioma/Tr-gl_0681.jpg,MR029209I,glioma,glioma,1,0.998946,0,0,0.998946,0.000631,0.000377,0.000046
data_rand_fold0/Testing/glioma/Tr-gl_0682.jpg,MR029209I,glioma,glioma,1,0.999318,0,0,0.999318,0.000086,0.000586,0.000010
data_rand_fold0/Testing/glioma/Tr-gl_0684.jpg,MR029209I,glioma,glioma,1,0.999919,0,0,0.999919,0.000011,0.000063,0.000007
data_rand_fold0/Testing/glioma/Tr-gl_0687.jpg,MR048294,glioma,glioma,1,0.997841,0,0,0.997841,0.002090,0.000051,0.000019
data_rand_fold0/Testing/glioma/Tr-gl_0689.jpg,MR048294,glioma,glioma,1,0.999287,0,0,0.999287,0.000589,0.000113,0.000011
data_rand_fold0/Testing/glioma/Tr-gl_0707.jpg,MR051644,glioma,glioma,1,0.999937,0,0,0.999937,0.000056,0.000003,0.000004
data_rand_fold0/Testing/glioma/Tr-gl_0719.jpg,MR051796,glioma,glioma,1,0.999732,0,0,0.999732,0.000134,0.000077,0.000057
data_rand_fold0/Testing/glioma/Tr-gl_0724.jpg,MR051651B,glioma,glioma,1,0.956064,0,0,0.956064,0.043828,0.000098,0.000011
data_rand_fold0/Testing/glioma/Tr-gl_0730.jpg,MR051796B,glioma,glioma,1,0.999858,0,0,0.999858,0.000087,0.000030,0.000025
data_rand_fold0/Testing/glioma/Tr-gl_0738.jpg,MR051644C,glioma,glioma,1,0.999990,0,0,0.999990,0.000005,0.000003,0.000001
data_rand_fold0/Testing/glioma/Tr-gl_0743.jpg,MR051644C,glioma,glioma,1,0.999786,0,0,0.999786,0.000046,0.000149,0.000019
data_rand_fold0/Testing/glioma/Tr-gl_0746.jpg,MR051644C,glioma,glioma,1,0.999968,0,0,0.999968,0.000006,0.000024,0.000002
data_rand_fold0/Testing/glioma/Tr-gl_0752.jpg,MR049942B,glioma,glioma,1,0.999972,0,0,0.999972,0.000005,0.000019,0.000005
data_rand_fold0/Testing/glioma/Tr-gl_0756.jpg,MR047953C,glioma,glioma,1,0.996546,0,0,0.996546,0.000683,0.001620,0.001151
data_rand_fold0/Testing/glioma/Tr-gl_0757.jpg,MR053110B,glioma,glioma,1,0.998915,0,0,0.998915,0.000216,0.000818,0.000051
data_rand_fold0/Testing/glioma/Tr-gl_0764.jpg,MR034694,glioma,glioma,1,0.999934,0,0,0.999934,0.000018,0.000044,0.000004
data_rand_fold0/Testing/glioma/Tr-gl_0773.jpg,MR054683,glioma,glioma,1,0.998767,0,0,0.998767,0.000136,0.000582,0.000515
data_rand_fold0/Testing/glioma/Tr-gl_0777.jpg,MR050687C,glioma,glioma,1,0.999760,0,0,0.999760,0.000157,0.000059,0.000024
data_rand_fold0/Testing/glioma/Tr-gl_0785.jpg,MR049242C,glioma,glioma,1,0.999082,0,0,0.999082,0.000357,0.000475,0.000085
data_rand_fold0/Testing/glioma/Tr-gl_0790.jpg,MR034997,glioma,glioma,1,0.998297,0,0,0.998297,0.001326,0.000367,0.000010
data_rand_fold0/Testing/glioma/Tr-gl_0791.jpg,MR034997,glioma,glioma,1,0.999977,0,0,0.999977,0.000015,0.000007,0.000000
data_rand_fold0/Testing/glioma/Tr-gl_0794.jpg,MR034997,glioma,glioma,1,0.999760,0,0,0.999760,0.000213,0.000026,0.000001
data_rand_fold0/Testing/glioma/Tr-gl_0797.jpg,MR029209E,glioma,glioma,1,0.999857,0,0,0.999857,0.000084,0.000049,0.000010
data_rand_fold0/Testing/glioma/Tr-gl_0798.jpg,MR029209E,glioma,glioma,1,0.999854,0,0,0.999854,0.000035,0.000089,0.000023
data_rand_fold0/Testing/glioma/Tr-gl_0805.jpg,MR053110E,glioma,glioma,1,0.999771,0,0,0.999771,0.000132,0.000080,0.000017
data_rand_fold0/Testing/glioma/Tr-gl_0812.jpg,MR053110E,glioma,glioma,1,0.999180,0,0,0.999180,0.000683,0.000115,0.000021
data_rand_fold0/Testing/glioma/Tr-gl_0813.jpg,MR053110E,glioma,glioma,1,0.999894,0,0,0.999894,0.000071,0.000032,0.000004
data_rand_fold0/Testing/glioma/Tr-gl_0814.jpg,MR049019G,glioma,glioma,1,0.999905,0,0,0.999905,0.000066,0.000025,0.000005
data_rand_fold0/Testing/glioma/Tr-gl_0819.jpg,MR024780D,glioma,glioma,1,0.999890,0,0,0.999890,0.000021,0.000087,0.000001
data_rand_fold0/Testing/glioma/Tr-gl_0824.jpg,MR038469,glioma,glioma,1,0.998078,0,0,0.998078,0.001511,0.000384,0.000027
data_rand_fold0/Testing/glioma/Tr-gl_0834.jpg,MR032322C,glioma,glioma,1,0.996834,0,0,0.996834,0.001256,0.001816,0.000094
data_rand_fold0/Testing/glioma/Tr-gl_0838.jpg,MR032322C,glioma,glioma,1,0.999743,0,0,0.999743,0.000213,0.000040,0.000004
data_rand_fold0/Testing/glioma/Tr-gl_0854.jpg,MR039473B,glioma,glioma,1,0.999719,0,0,0.999719,0.000255,0.000015,0.000011
data_rand_fold0/Testing/glioma/Tr-gl_0856.jpg,MR039473B,glioma,glioma,1,0.999897,0,0,0.999897,0.000065,0.000025,0.000013
data_rand_fold0/Testing/glioma/Tr-gl_0863.jpg,MR037458C,glioma,glioma,1,0.999968,0,0,0.999968,0.000022,0.000008,0.000001
data_rand_fold0/Testing/glioma/Tr-gl_0865.jpg,MR037458C,glioma,glioma,1,0.999898,0,0,0.999898,0.000071,0.000027,0.000004
data_rand_fold0/Testing/glioma/Tr-gl_0879.jpg,MR031409B,glioma,glioma,1,0.999931,0,0,0.999931,0.000057,0.000003,0.000009
data_rand_fold0/Testing/glioma/Tr-gl_0881.jpg,MR024780D,glioma,glioma,1,0.998780,0,0,0.998780,0.001108,0.000057,0.000055
data_rand_fold0/Testing/glioma/Tr-gl_0882.jpg,MR024780D,glioma,glioma,1,0.998980,0,0,0.998980,0.000741,0.000068,0.000210
data_rand_fold0/Testing/glioma/Tr-gl_0891.jpg,MR032322C,glioma,glioma,1,0.999359,0,0,0.999359,0.000164,0.000035,0.000441
data_rand_fold0/Testing/glioma/Tr-gl_0892.jpg,MR032322C,glioma,glioma,1,0.999919,0,0,0.999919,0.000038,0.000010,0.000033
data_rand_fold0/Testing/glioma/Tr-gl_0894.jpg,MR032322C,glioma,glioma,1,0.999953,0,0,0.999953,0.000024,0.000011,0.000011
data_rand_fold0/Testing/glioma/Tr-gl_0896.jpg,MR032322C,glioma,glioma,1,0.999813,0,0,0.999813,0.000016,0.000069,0.000102
data_rand_fold0/Testing/glioma/Tr-gl_0899.jpg,MR037458B,glioma,glioma,1,0.999488,0,0,0.999488,0.000462,0.000045,0.000005
data_rand_fold0/Testing/glioma/Tr-gl_0923.jpg,MR040240B,glioma,glioma,1,0.999731,0,0,0.999731,0.000192,0.000050,0.000027
data_rand_fold0/Testing/glioma/Tr-gl_0925.jpg,MR029209G,glioma,glioma,1,0.999962,0,0,0.999962,0.000032,0.000002,0.000004
data_rand_fold0/Testing/glioma/Tr-gl_0935.jpg,MR033420,glioma,glioma,1,0.999976,0,0,0.999976,0.000009,0.000014,0.000001
data_rand_fold0/Testing/glioma/Tr-gl_0937.jpg,MR033420,glioma,glioma,1,0.999392,0,0,0.999392,0.000599,0.000007,0.000002
data_rand_fold0/Testing/glioma/Tr-gl_0962.jpg,MR048944,glioma,glioma,1,0.999981,0,0,0.999981,0.000007,0.000011,0.000001
data_rand_fold0/Testing/glioma/Tr-gl_0965.jpg,MR048944,glioma,glioma,1,0.999786,0,0,0.999786,0.000197,0.000013,0.000004
data_rand_fold0/Testing/glioma/Tr-gl_0966.jpg,MR048994,glioma,glioma,1,0.999345,0,0,0.999345,0.000638,0.000004,0.000013
data_rand_fold0/Testing/glioma/Tr-gl_0969.jpg,MR048994,glioma,glioma,1,0.999812,0,0,0.999812,0.000160,0.000023,0.000006
data_rand_fold0/Testing/glioma/Tr-gl_0971.jpg,MR048994,glioma,glioma,1,0.999743,0,0,0.999743,0.000172,0.000082,0.000003
data_rand_fold0/Testing/glioma/Tr-gl_0972.jpg,MR049104,glioma,glioma,1,0.995501,0,0,0.995501,0.001183,0.000756,0.002560
data_rand_fold0/Testing/glioma/Tr-gl_0986.jpg,MR049104B,glioma,glioma,1,0.999618,0,0,0.999618,0.000254,0.000054,0.000073
data_rand_fold0/Testing/glioma/Tr-gl_0992.jpg,MR049453,glioma,glioma,1,0.999430,0,0,0.999430,0.000299,0.000223,0.000048
data_rand_fold0/Testing/glioma/Tr-gl_0998.jpg,MR024780G,glioma,glioma,1,0.765313,0,0,0.765313,0.233842,0.000677,0.000168
data_rand_fold0/Testing/glioma/Tr-gl_1000.jpg,MR050135B,glioma,glioma,1,0.999905,0,0,0.999905,0.000072,0.000021,0.000002
data_rand_fold0/Testing/glioma/Tr-gl_1001.jpg,MR050135B,glioma,glioma,1,0.999904,0,0,0.999904,0.000083,0.000012,0.000001
data_rand_fold0/Testing/glioma/Tr-gl_1015.jpg,MR050791B,glioma,glioma,1,0.939155,0,0,0.939155,0.060554,0.000202,0.000089
data_rand_fold0/Testing/glioma/Tr-gl_1017.jpg,MR050791B,glioma,glioma,1,0.968664,0,0,0.968664,0.031116,0.000072,0.000149
data_rand_fold0/Testing/glioma/Tr-gl_1018.jpg,MR049019C,glioma,glioma,1,0.999853,0,0,0.999853,0.000039,0.000018,0.000090
data_rand_fold0/Testing/glioma/Tr-gl_1031.jpg,MR051644,glioma,glioma,1,0.966086,0,0,0.966086,0.033739,0.000111,0.000063
data_rand_fold0/Testing/glioma/Tr-gl_1034.jpg,MR051644,glioma,glioma,1,0.999090,0,0,0.999090,0.000868,0.000040,0.000002
data_rand_fold0/Testing/glioma/Tr-gl_1035.jpg,MR051644,glioma,glioma,1,0.998292,0,0,0.998292,0.001670,0.000035,0.000004
data_rand_fold0/Testing/glioma/Tr-gl_1050.jpg,MR051644B,glioma,glioma,1,0.997915,0,0,0.997915,0.000025,0.000130,0.001930
data_rand_fold0/Testing/glioma/Tr-gl_1062.jpg,MR052550,glioma,glioma,1,0.998961,0,0,0.998961,0.000729,0.000245,0.000064
data_rand_fold0/Testing/glioma/Tr-gl_1065.jpg,MR051644C,glioma,glioma,1,0.999968,0,0,0.999968,0.000015,0.000011,0.000007
data_rand_fold0/Testing/glioma/Tr-gl_1075.jpg,MR052585B,glioma,glioma,1,0.999884,0,0,0.999884,0.000067,0.000011,0.000038
data_rand_fold0/Testing/glioma/Tr-gl_1083.jpg,MR034694,glioma,glioma,1,0.999840,0,0,0.999840,0.000058,0.000032,0.000070
data_rand_fold0/Testing/glioma/Tr-gl_1085.jpg,MR054875,glioma,glioma,1,0.996240,0,0,0.996240,0.000193,0.000059,0.003508
data_rand_fold0/Testing/glioma/Tr-gl_1092.jpg,MR050687C,glioma,glioma,1,0.999898,0,0,0.999898,0.000090,0.000007,0.000005
data_rand_fold0/Testing/glioma/Tr-gl_1093.jpg,MR056144,glioma,glioma,1,0.987734,0,0,0.987734,0.004137,0.001333,0.006796
data_rand_fold0/Testing/glioma/Tr-gl_1102.jpg,MR033389B,glioma,glioma,1,0.995722,0,0,0.995722,0.003548,0.000056,0.000674
data_rand_fold0/Testing/glioma/Tr-gl_1121.jpg,MR017260F,glioma,glioma,1,0.999966,0,0,0.999966,0.000027,0.000007,0.000000
data_rand_fold0/Testing/glioma/Tr-gl_1125.jpg,MR029209I,glioma,glioma,1,0.999931,0,0,0.999931,0.000017,0.000050,0.000002
data_rand_fold0/Testing/glioma/Tr-gl_1132.jpg,100820,glioma,meningioma,0,0.991945,0,0,0.006928,0.991945,0.000799,0.000327
data_rand_fold0/Testing/glioma/Tr-gl_1137.jpg,102075,glioma,glioma,1,0.690430,0,0,0.690430,0.113057,0.004921,0.191592
data_rand_fold0/Testing/glioma/Tr-gl_1141.jpg,103148,glioma,glioma,1,0.990177,0,0,0.990177,0.009777,0.000039,0.000007
data_rand_fold0/Testing/glioma/Tr-gl_1142.jpg,103148,glioma,glioma,1,0.976708,0,0,0.976708,0.022899,0.000388,0.000005
data_rand_fold0/Testing/glioma/Tr-gl_1150.jpg,107747,glioma,meningioma,0,0.847275,0,0,0.151946,0.847275,0.000517,0.000262
data_rand_fold0/Testing/glioma/Tr-gl_1154.jpg,112105,glioma,glioma,1,0.995255,0,0,0.995255,0.002622,0.000853,0.001270
data_rand_fold0/Testing/glioma/Tr-gl_1158.jpg,112105,glioma,glioma,1,0.993383,0,0,0.993383,0.002986,0.003467,0.000165
data_rand_fold0/Testing/glioma/Tr-gl_1160.jpg,100820,glioma,meningioma,0,0.999566,0,0,0.000392,0.999566,0.000040,0.000003
data_rand_fold0/Testing/glioma/Tr-gl_1162.jpg,101020,glioma,glioma,1,0.966226,0,0,0.966226,0.032373,0.001390,0.000011
data_rand_fold0/Testing/glioma/Tr-gl_1163.jpg,101020,glioma,glioma,1,0.999776,0,0,0.999776,0.000207,0.000016,0.000000
data_rand_fold0/Testing/glioma/Tr-gl_1171.jpg,103148,glioma,glioma,1,0.972315,0,0,0.972315,0.027560,0.000080,0.000045
data_rand_fold0/Testing/glioma/Tr-gl_1183.jpg,112105,glioma,glioma,1,0.999431,0,0,0.999431,0.000495,0.000059,0.000015
data_rand_fold0/Testing/glioma/Tr-gl_1186.jpg,112105,glioma,glioma,1,0.999625,0,0,0.999625,0.000301,0.000059,0.000014
data_rand_fold0/Testing/glioma/Tr-gl_1191.jpg,88670,glioma,glioma,1,0.999344,0,0,0.999344,0.000508,0.000106,0.000042
data_rand_fold0/Testing/glioma/Tr-gl_1198.jpg,90284,glioma,glioma,1,0.999700,0,0,0.999700,0.000250,0.000048,0.000002
data_rand_fold0/Testing/glioma/Tr-gl_1206.jpg,100416,glioma,glioma,1,0.992381,0,0,0.992381,0.007024,0.000412,0.000183
data_rand_fold0/Testing/glioma/Tr-gl_1215.jpg,101384,glioma,glioma,1,0.934233,0,0,0.934233,0.060605,0.000635,0.004527
data_rand_fold0/Testing/glioma/Tr-gl_1217.jpg,101384,glioma,glioma,1,0.834150,0,0,0.834150,0.165390,0.000211,0.000248
data_rand_fold0/Testing/glioma/Tr-gl_1222.jpg,103148,glioma,glioma,1,0.798387,0,0,0.798387,0.200744,0.000417,0.000451
data_rand_fold0/Testing/glioma/Tr-gl_1223.jpg,105653,glioma,pituitary,0,0.522172,0,0,0.021688,0.455794,0.000347,0.522172
data_rand_fold0/Testing/glioma/Tr-gl_1226.jpg,106494,glioma,glioma,1,0.977858,0,0,0.977858,0.021984,0.000107,0.000051
data_rand_fold0/Testing/glioma/Tr-gl_1227.jpg,106494,glioma,glioma,1,0.998098,0,0,0.998098,0.001793,0.000094,0.000015
data_rand_fold0/Testing/glioma/Tr-gl_1229.jpg,106494,glioma,glioma,1,0.999206,0,0,0.999206,0.000468,0.000317,0.000009
data_rand_fold0/Testing/glioma/Tr-gl_1231.jpg,107747,glioma,meningioma,0,0.976143,0,0,0.023061,0.976143,0.000183,0.000613
data_rand_fold0/Testing/glioma/Tr-gl_1242.jpg,88670,glioma,glioma,1,0.996080,0,0,0.996080,0.003602,0.000297,0.000021
data_rand_fold0/Testing/glioma/Tr-gl_1249.jpg,90284,glioma,glioma,1,0.996296,0,0,0.996296,0.003260,0.000270,0.000173
data_rand_fold0/Testing/glioma/Tr-gl_1258.jpg,94731,glioma,glioma,1,0.924120,0,0,0.924120,0.074583,0.000578,0.000718
data_rand_fold0/Testing/glioma/Tr-gl_1259.jpg,95142,glioma,glioma,1,0.992103,0,0,0.992103,0.006640,0.000074,0.001183
data_rand_fold0/Testing/glioma/Tr-gl_1267.jpg,96587,glioma,glioma,1,0.999002,0,0,0.999002,0.000960,0.000036,0.000001
data_rand_fold0/Testing/glioma/Tr-gl_1289.jpg,MR048621B,glioma,glioma,1,0.999775,0,0,0.999775,0.000158,0.000037,0.000030
data_rand_fold0/Testing/glioma/Tr-gl_1298.jpg,MR048944,glioma,glioma,1,0.937229,0,0,0.937229,0.061649,0.000528,0.000593
data_rand_fold0/Testing/glioma/Tr-gl_1299.jpg,MR048994,glioma,glioma,1,0.999911,0,0,0.999911,0.000084,0.000004,0.000000
data_rand_fold0/Testing/glioma/Tr-gl_1301.jpg,MR048994,glioma,glioma,1,0.997592,0,0,0.997592,0.002399,0.000009,0.000001
data_rand_fold0/Testing/glioma/Tr-gl_1303.jpg,MR048994,glioma,glioma,1,0.999928,0,0,0.999928,0.000054,0.000017,0.000001
data_rand_fold0/Testing/glioma/Tr-gl_1304.jpg,MR048994,glioma,glioma,1,0.999913,0,0,0.999913,0.000068,0.000017,0.000001
data_rand_fold0/Testing/glioma/Tr-gl_1307.jpg,MR049142,glioma,glioma,1,0.907196,0,0,0.907196,0.087501,0.004652,0.000651
data_rand_fold0/Testing/glioma/Tr-gl_1309.jpg,MR049142,glioma,glioma,1,0.922972,0,0,0.922972,0.076690,0.000252,0.000087
data_rand_fold0/Testing/glioma/Tr-gl_1317.jpg,MR048944B,glioma,glioma,1,0.999827,0,0,0.999827,0.000079,0.000093,0.000001
data_rand_fold0/Testing/meningioma/Te-me_0115.jpg,107494,meningioma,meningioma,1,0.882739,0,0,0.003296,0.882739,0.000377,0.113588
data_rand_fold0/Testing/meningioma/Te-me_0116.jpg,107494,meningioma,meningioma,1,0.999273,0,0,0.000363,0.999273,0.000059,0.000304
data_rand_fold0/Testing/meningioma/Te-me_0120.jpg,109411,meningioma,meningioma,1,0.941675,0,0,0.030064,0.941675,0.014377,0.013884
data_rand_fold0/Testing/meningioma/Te-me_0128.jpg,112648,meningioma,meningioma,1,0.999819,0,0,0.000072,0.999819,0.000028,0.000080
data_rand_fold0/Testing/meningioma/Te-me_0131.jpg,113805,meningioma,meningioma,1,0.998828,0,0,0.000128,0.998828,0.000340,0.000704
data_rand_fold0/Testing/meningioma/Te-me_0152.jpg,100360,meningioma,meningioma,1,0.999983,0,0,0.000015,0.999983,0.000001,0.000001
data_rand_fold0/Testing/meningioma/Te-me_0154.jpg,101016,meningioma,meningioma,1,0.999757,0,0,0.000033,0.999757,0.000207,0.000004
data_rand_fold0/Testing/meningioma/Te-me_0155.jpg,101016,meningioma,meningioma,1,0.999964,0,0,0.000028,0.999964,0.000003,0.000005
data_rand_fold0/Testing/meningioma/Te-me_0156.jpg,101127,meningioma,meningioma,1,0.999087,0,0,0.000072,0.999087,0.000222,0.000619
data_rand_fold0/Testing/meningioma/Te-me_0160.jpg,102714,meningioma,meningioma,1,0.999922,0,0,0.000032,0.999922,0.000040,0.000006
data_rand_fold0/Testing/meningioma/Te-me_0164.jpg,103673,meningioma,meningioma,1,0.997889,0,0,0.000076,0.997889,0.001037,0.000998
data_rand_fold0/Testing/meningioma/Te-me_0167.jpg,104167,meningioma,meningioma,1,0.999922,0,0,0.000014,0.999922,0.000055,0.000009
data_rand_fold0/Testing/meningioma/Te-me_0171.jpg,105555,meningioma,meningioma,1,0.976700,0,0,0.022615,0.976700,0.000154,0.000531
data_rand_fold0/Testing/meningioma/Te-me_0172.jpg,105937,meningioma,meningioma,1,0.999999,0,0,0.000000,0.999999,0.000001,0.000000
data_rand_fold0/Testing/meningioma/Te-me_0176.jpg,106665,meningioma,meningioma,1,0.998352,0,0,0.001581,0.998352,0.000046,0.000021
data_rand_fold0/Testing/meningioma/Te-me_0178.jpg,95969,meningioma,meningioma,1,0.997916,0,0,0.001200,0.997916,0.000784,0.000100
data_rand_fold0/Testing/meningioma/Te-me_0179.jpg,106720,meningioma,meningioma,1,0.996947,0,0,0.002910,0.996947,0.000095,0.000048
data_rand_fold0/Testing/meningioma/Te-me_0180.jpg,106914,meningioma,meningioma,1,0.999995,0,0,0.000003,0.999995,0.000001,0.000001
data_rand_fold0/Testing/meningioma/Te-me_0183.jpg,107494,meningioma,meningioma,1,0.999458,0,0,0.000450,0.999458,0.000034,0.000058
data_rand_fold0/Testing/meningioma/Te-me_0192.jpg,111366,meningioma,meningioma,1,0.999911,0,0,0.000078,0.999911,0.000006,0.000004
data_rand_fold0/Testing/meningioma/Te-me_0194.jpg,112002,meningioma,meningioma,1,0.999818,0,0,0.000174,0.999818,0.000006,0.000002
data_rand_fold0/Testing/meningioma/Te-me_0198.jpg,112552,meningioma,meningioma,1,0.998453,0,0,0.001532,0.998453,0.000013,0.000002
data_rand_fold0/Testing/meningioma/Te-me_0202.jpg,113554,meningioma,meningioma,1,0.999906,0,0,0.000050,0.999906,0.000027,0.000016
data_rand_fold0/Testing/meningioma/Te-me_0210.jpg,97943,meningioma,meningioma,1,0.999813,0,0,0.000047,0.999813,0.000075,0.000065
data_rand_fold0/Testing/meningioma/Te-me_0211.jpg,98241,meningioma,meningioma,1,0.999980,0,0,0.000008,0.999980,0.000004,0.000007
data_rand_fold0/Testing/meningioma/Te-me_0221.jpg,101082,meningioma,meningioma,1,0.999557,0,0,0.000355,0.999557,0.000028,0.000060
data_rand_fold0/Testing/meningioma/Te-me_0242.jpg,106665,meningioma,meningioma,1,0.999113,0,0,0.000872,0.999113,0.000005,0.000011
data_rand_fold0/Testing/meningioma/Te-me_0243.jpg,104281,meningioma,meningioma,1,0.999855,0,0,0.000127,0.999855,0.000009,0.000009
data_rand_fold0/Testing/meningioma/Te-me_0246.jpg,107190,meningioma,meningioma,1,0.985292,0,0,0.000098,0.985292,0.000070,0.014539
data_rand_fold0/Testing/meningioma/Te-me_0251.jpg,108550,meningioma,meningioma,1,0.998736,0,0,0.000135,0.998736,0.000007,0.001122
data_rand_fold0/Testing/meningioma/Te-me_0253.jpg,108945,meningioma,meningioma,1,0.998926,0,0,0.001060,0.998926,0.000005,0.000008
data_rand_fold0/Testing/meningioma/Te-me_0261.jpg,112062,meningioma,meningioma,1,0.999952,0,0,0.000024,0.999952,0.000003,0.000021
data_rand_fold0/Testing/meningioma/Te-me_0262.jpg,112552,meningioma,meningioma,1,0.994801,0,0,0.005057,0.994801,0.000093,0.000049
data_rand_fold0/Testing/meningioma/Te-me_0273.jpg,114359,meningioma,meningioma,1,0.999953,0,0,0.000044,0.999953,0.000003,0.000000
data_rand_fold0/Testing/meningioma/Te-me_0278.jpg,97607,meningioma,meningioma,1,0.999963,0,0,0.000022,0.999963,0.000007,0.000007
data_rand_fold0/Testing/meningioma/Te-me_0282.jpg,98241,meningioma,meningioma,1,0.999992,0,0,0.000005,0.999992,0.000001,0.000002
data_rand_fold0/Testing/meningioma/Te-me_0287.jpg,100572,meningioma,meningioma,1,0.999834,0,0,0.000042,0.999834,0.000006,0.000118
data_rand_fold0/Testing/meningioma/Te-me_0298.jpg,113554,meningioma,meningioma,1,0.999937,0,0,0.000015,0.999937,0.000043,0.000005
data_rand_fold0/Testing/meningioma/Tr-meTr_0004.jpg,107494,meningioma,meningioma,1,0.999719,0,0,0.000024,0.999719,0.000014,0.000243
data_rand_fold0/Testing/meningioma/Tr-meTr_0008.jpg,108514,meningioma,meningioma,1,0.859160,0,0,0.139636,0.859160,0.001022,0.000182
data_rand_fold0/Testing/meningioma/Tr-meTr_0009.jpg,100360,meningioma,meningioma,1,0.999992,0,0,0.000006,0.999992,0.000002,0.000001
data_rand_fold0/Testing/meningioma/Tr-me_0012.jpg,108514,meningioma,meningioma,1,0.973597,0,0,0.024129,0.973597,0.002122,0.000152
data_rand_fold0/Testing/meningioma/Tr-me_0013.jpg,108550,meningioma,meningioma,1,0.995696,0,0,0.000305,0.995696,0.000060,0.003939
data_rand_fold0/Testing/meningioma/Tr-me_0035.jpg,112002,meningioma,meningioma,1,0.999854,0,0,0.000126,0.999854,0.000010,0.000011
data_rand_fold0/Testing/meningioma/Tr-me_0042.jpg,112552,meningioma,meningioma,1,0.999841,0,0,0.000143,0.999841,0.000006,0.000010
data_rand_fold0/Testing/meningioma/Tr-me_0044.jpg,112552,meningioma,meningioma,1,0.999766,0,0,0.000223,0.999766,0.000006,0.000006
data_rand_fold0/Testing/meningioma/Tr-me_0045.jpg,112552,meningioma,meningioma,1,0.999956,0,0,0.000040,0.999956,0.000001,0.000004
data_rand_fold0/Testing/meningioma/Tr-me_0047.jpg,112648,meningioma,meningioma,1,0.999947,0,0,0.000004,0.999947,0.000003,0.000045
data_rand_fold0/Testing/meningioma/Tr-me_0051.jpg,100360,meningioma,meningioma,1,0.999998,0,0,0.000000,0.999998,0.000002,0.000000
data_rand_fold0/Testing/meningioma/Tr-me_0053.jpg,113435,meningioma,meningioma,1,0.999819,0,0,0.000135,0.999819,0.000019,0.000027
data_rand_fold0/Testing/meningioma/Tr-me_0062.jpg,114359,meningioma,meningioma,1,0.997168,0,0,0.002804,0.997168,0.000024,0.000004
data_rand_fold0/Testing/meningioma/Tr-me_0065.jpg,114359,meningioma,meningioma,1,0.999977,0,0,0.000021,0.999977,0.000002,0.000000
data_rand_fold0/Testing/meningioma/Tr-me_0073.jpg,97737,meningioma,meningioma,1,0.999914,0,0,0.000013,0.999914,0.000017,0.000055
data_rand_fold0/Testing/meningioma/Tr-me_0075.jpg,97943,meningioma,meningioma,1,0.999869,0,0,0.000032,0.999869,0.000038,0.000060
data_rand_fold0/Testing/meningioma/Tr-me_0078.jpg,97943,meningioma,meningioma,1,0.999871,0,0,0.000047,0.999871,0.000044,0.000039
data_rand_fold0/Testing/meningioma/Tr-me_0085.jpg,99089,meningioma,meningioma,1,0.999422,0,0,0.000007,0.999422,0.000025,0.000546
data_rand_fold0/Testing/meningioma/Tr-me_0092.jpg,101016,meningioma,meningioma,1,0.999403,0,0,0.000471,0.999403,0.000057,0.000069
data_rand_fold0/Testing/meningioma/Tr-me_0097.jpg,101797,meningioma,meningioma,1,0.998858,0,0,0.001090,0.998858,0.000013,0.000039
data_rand_fold0/Testing/meningioma/Tr-me_0102.jpg,102420,meningioma,meningioma,1,0.999942,0,0,0.000031,0.999942,0.000003,0.000024
data_rand_fold0/Testing/meningioma/Tr-me_0104.jpg,102675,meningioma,meningioma,1,0.973253,0,0,0.026630,0.973253,0.000044,0.000073
data_rand_fold0/Testing/meningioma/Tr-me_0113.jpg,102929,meningioma,meningioma,1,0.993838,0,0,0.003798,0.993838,0.000025,0.002338
data_rand_fold0/Testing/meningioma/Tr-me_0115.jpg,102929,meningioma,meningioma,1,0.999958,0,0,0.000003,0.999958,0.000001,0.000038
data_rand_fold0/Testing/meningioma/Tr-me_0129.jpg,103925,meningioma,meningioma,1,0.999821,0,0,0.000164,0.999821,0.000002,0.000013
data_rand_fold0/Testing/meningioma/Tr-me_0134.jpg,103925,meningioma,meningioma,1,0.998277,0,0,0.001699,0.998277,0.000007,0.000018
data_rand_fold0/Testing/meningioma/Tr-me_0137.jpg,104167,meningioma,meningioma,1,0.999975,0,0,0.000012,0.999975,0.000011,0.000002
data_rand_fold0/Testing/meningioma/Tr-me_0141.jpg,104167,meningioma,meningioma,1,0.997455,0,0,0.002524,0.997455,0.000013,0.000009
data_rand_fold0/Testing/meningioma/Tr-me_0158.jpg,105937,meningioma,meningioma,1,0.999931,0,0,0.000026,0.999931,0.000007,0.000036
data_rand_fold0/Testing/meningioma/Tr-me_0162.jpg,106720,meningioma,meningioma,1,0.999526,0,0,0.000090,0.999526,0.000175,0.000209
data_rand_fold0/Testing/meningioma/Tr-me_0170.jpg,107190,meningioma,meningioma,1,0.993905,0,0,0.005745,0.993905,0.000345,0.000005
data_rand_fold0/Testing/meningioma/Tr-me_0280.jpg,100572,meningioma,meningioma,1,0.999958,0,0,0.000010,0.999958,0.000004,0.000029
data_rand_fold0/Testing/meningioma/Tr-me_0287.jpg,101016,meningioma,meningioma,1,0.998635,0,0,0.001297,0.998635,0.000061,0.000006
data_rand_fold0/Testing/meningioma/Tr-me_0294.jpg,101797,meningioma,meningioma,1,0.981401,0,0,0.014911,0.981401,0.003630,0.000058
data_rand_fold0/Testing/meningioma/Tr-me_0305.jpg,102714,meningioma,meningioma,1,0.999658,0,0,0.000088,0.999658,0.000079,0.000175
data_rand_fold0/Testing/meningioma/Tr-me_0311.jpg,103673,meningioma,meningioma,1,0.986201,0,0,0.000582,0.986201,0.005195,0.008022
data_rand_fold0/Testing/meningioma/Tr-me_0312.jpg,103673,meningioma,meningioma,1,0.997968,0,0,0.000044,0.997968,0.000253,0.001735
data_rand_fold0/Testing/meningioma/Tr-me_0318.jpg,104167,meningioma,meningioma,1,0.999903,0,0,0.000078,0.999903,0.000016,0.000002
data_rand_fold0/Testing/meningioma/Tr-me_0323.jpg,104281,meningioma,meningioma,1,0.999855,0,0,0.000040,0.999855,0.000054,0.000051
data_rand_fold0/Testing/meningioma/Tr-me_0356.jpg,106720,meningioma,meningioma,1,0.999453,0,0,0.000146,0.999453,0.000347,0.000054
data_rand_fold0/Testing/meningioma/Tr-me_0369.jpg,114359,meningioma,meningioma,1,0.999020,0,0,0.000973,0.999020,0.000004,0.000004
data_rand_fold0/Testing/meningioma/Tr-me_0375.jpg,107494,meningioma,meningioma,1,0.999879,0,0,0.000036,0.999879,0.000023,0.000062
data_rand_fold0/Testing/meningioma/Tr-me_0378.jpg,107494,meningioma,meningioma,1,0.998622,0,0,0.001231,0.998622,0.000029,0.000118
data_rand_fold0/Testing/meningioma/Tr-me_0383.jpg,108514,meningioma,meningioma,1,0.999847,0,0,0.000139,0.999847,0.000012,0.000003
data_rand_fold0/Testing/meningioma/Tr-me_0387.jpg,108514,meningioma,meningioma,1,0.998817,0,0,0.001021,0.998817,0.000071,0.000091
data_rand_fold0/Testing/meningioma/Tr-me_0389.jpg,108550,meningioma,meningioma,1,0.998920,0,0,0.000884,0.998920,0.000148,0.000049
data_rand_fold0/Testing/meningioma/Tr-me_0392.jpg,108590,meningioma,meningioma,1,0.999803,0,0,0.000115,0.999803,0.000029,0.000054
data_rand_fold0/Testing/meningioma/Tr-me_0400.jpg,109968,meningioma,meningioma,1,0.999997,0,0,0.000001,0.999997,0.000001,0.000001
data_rand_fold0/Testing/meningioma/Tr-me_0403.jpg,110116,meningioma,meningioma,1,0.996621,0,0,0.000238,0.996621,0.000009,0.003133
data_rand_fold0/Testing/meningioma/Tr-me_0408.jpg,111077,meningioma,meningioma,1,0.999644,0,0,0.000319,0.999644,0.000011,0.000026
data_rand_fold0/Testing/meningioma/Tr-me_0410.jpg,111077,meningioma,meningioma,1,0.999924,0,0,0.000041,0.999924,0.000014,0.000020
data_rand_fold0/Testing/meningioma/Tr-me_0417.jpg,111532,meningioma,meningioma,1,0.999702,0,0,0.000264,0.999702,0.000005,0.000029
data_rand_fold0/Testing/meningioma/Tr-me_0428.jpg,112062,meningioma,meningioma,1,0.999998,0,0,0.000001,0.999998,0.000000,0.000000
data_rand_fold0/Testing/meningioma/Tr-me_0439.jpg,112552,meningioma,meningioma,1,0.994564,0,0,0.005406,0.994564,0.000020,0.000009
data_rand_fold0/Testing/meningioma/Tr-me_0442.jpg,112648,meningioma,meningioma,1,0.999985,0,0,0.000006,0.999985,0.000005,0.000004
data_rand_fold0/Testing/meningioma/Tr-me_0446.jpg,97737,meningioma,meningioma,1,0.999886,0,0,0.000009,0.999886,0.000001,0.000103
data_rand_fold0/Testing/meningioma/Tr-me_0451.jpg,113435,meningioma,meningioma,1,0.999948,0,0,0.000040,0.999948,0.000004,0.000008
data_rand_fold0/Testing/meningioma/Tr-me_0453.jpg,113554,meningioma,meningioma,1,0.999947,0,0,0.000017,0.999947,0.000012,0.000025
data_rand_fold0/Testing/meningioma/Tr-me_0456.jpg,97737,meningioma,meningioma,1,0.999960,0,0,0.000004,0.999960,0.000001,0.000035
data_rand_fold0/Testing/meningioma/Tr-me_0458.jpg,97737,meningioma,meningioma,1,0.999997,0,0,0.000001,0.999997,0.000000,0.000002
data_rand_fold0/Testing/meningioma/Tr-me_0468.jpg,114018,meningioma,meningioma,1,0.999764,0,0,0.000188,0.999764,0.000012,0.000036
data_rand_fold0/Testing/meningioma/Tr-me_0477.jpg,99017,meningioma,meningioma,1,0.994792,0,0,0.000230,0.994792,0.000144,0.004834
data_rand_fold0/Testing/meningioma/Tr-me_0487.jpg,99308,meningioma,meningioma,1,0.999777,0,0,0.000083,0.999777,0.000006,0.000133
data_rand_fold0/Testing/meningioma/Tr-me_0489.jpg,100360,meningioma,meningioma,1,0.997432,0,0,0.002541,0.997432,0.000017,0.000010
data_rand_fold0/Testing/meningioma/Tr-me_0492.jpg,100360,meningioma,meningioma,1,0.998848,0,0,0.001122,0.998848,0.000011,0.000019
data_rand_fold0/Testing/meningioma/Tr-me_0495.jpg,100360,meningioma,meningioma,1,0.999890,0,0,0.000101,0.999890,0.000002,0.000007
data_rand_fold0/Testing/meningioma/Tr-me_0501.jpg,114018,meningioma,meningioma,1,0.999965,0,0,0.000010,0.999965,0.000012,0.000013
data_rand_fold0/Testing/meningioma/Tr-me_0503.jpg,101016,meningioma,meningioma,1,0.999806,0,0,0.000159,0.999806,0.000017,0.000018
data_rand_fold0/Testing/meningioma/Tr-me_0532.jpg,106665,meningioma,meningioma,1,0.999662,0,0,0.000320,0.999662,0.000004,0.000013
data_rand_fold0/Testing/meningioma/Tr-me_0533.jpg,106720,meningioma,meningioma,1,0.999830,0,0,0.000105,0.999830,0.000011,0.000054
data_rand_fold0/Testing/meningioma/Tr-me_0540.jpg,106720,meningioma,meningioma,1,0.995571,0,0,0.004405,0.995571,0.000011,0.000013
data_rand_fold0/Testing/meningioma/Tr-me_0546.jpg,111077,meningioma,meningioma,1,0.999715,0,0,0.000225,0.999715,0.000021,0.000039
data_rand_fold0/Testing/meningioma/Tr-me_0550.jpg,98241,meningioma,meningioma,1,0.999891,0,0,0.000097,0.999891,0.000004,0.000008
data_rand_fold0/Testing/meningioma/Tr-me_0559.jpg,99089,meningioma,meningioma,1,0.998877,0,0,0.001064,0.998877,0.000035,0.000023
data_rand_fold0/Testing/meningioma/Tr-me_0570.jpg,99308,meningioma,meningioma,1,0.999977,0,0,0.000017,0.999977,0.000001,0.000005
data_rand_fold0/Testing/meningioma/Tr-me_0572.jpg,99815,meningioma,meningioma,1,0.999860,0,0,0.000102,0.999860,0.000009,0.000029
data_rand_fold0/Testing/meningioma/Tr-me_0590.jpg,111366,meningioma,meningioma,1,0.999974,0,0,0.000013,0.999974,0.000009,0.000003
data_rand_fold0/Testing/meningioma/Tr-me_0599.jpg,101801,meningioma,meningioma,1,0.999614,0,0,0.000002,0.999614,0.000167,0.000217
data_rand_fold0/Testing/meningioma/Tr-me_0601.jpg,102420,meningioma,meningioma,1,0.997681,0,0,0.001888,0.997681,0.000039,0.000392
data_rand_fold0/Testing/meningioma/Tr-me_0603.jpg,102446,meningioma,meningioma,1,0.999899,0,0,0.000006,0.999899,0.000086,0.000009
data_rand_fold0/Testing/meningioma/Tr-me_0605.jpg,102675,meningioma,meningioma,1,0.999859,0,0,0.000111,0.999859,0.000019,0.000011
data_rand_fold0/Testing/meningioma/Tr-me_0609.jpg,102818,meningioma,meningioma,1,0.999985,0,0,0.000009,0.999985,0.000002,0.000004
data_rand_fold0/Testing/meningioma/Tr-me_0611.jpg,111532,meningioma,meningioma,1,0.999365,0,0,0.000546,0.999365,0.000009,0.000081
data_rand_fold0/Testing/meningioma/Tr-me_0615.jpg,102960,meningioma,meningioma,1,0.998756,0,0,0.001135,0.998756,0.000089,0.000020
data_rand_fold0/Testing/meningioma/Tr-me_0616.jpg,102960,meningioma,meningioma,1,0.997806,0,0,0.002153,0.997806,0.000018,0.000023
data_rand_fold0/Testing/meningioma/Tr-me_0617.jpg,102960,meningioma,meningioma,1,0.997806,0,0,0.002153,0.997806,0.000018,0.000023
data_rand_fold0/Testing/meningioma/Tr-me_0633.jpg,111696,meningioma,meningioma,1,0.990218,0,0,0.000082,0.990218,0.000132,0.009568
data_rand_fold0/Testing/meningioma/Tr-me_0635.jpg,104167,meningioma,meningioma,1,0.999996,0,0,0.000004,0.999996,0.000000,0.000000
data_rand_fold0/Testing/meningioma/Tr-me_0638.jpg,104281,meningioma,meningioma,1,0.999974,0,0,0.000024,0.999974,0.000001,0.000002
data_rand_fold0/Testing/meningioma/Tr-me_0642.jpg,104695,meningioma,meningioma,1,0.999702,0,0,0.000283,0.999702,0.000008,0.000007
data_rand_fold0/Testing/meningioma/Tr-me_0643.jpg,104695,meningioma,meningioma,1,0.999885,0,0,0.000097,0.999885,0.000008,0.000009
data_rand_fold0/Testing/meningioma/Tr-me_0653.jpg,106284,meningioma,meningioma,1,0.999971,0,0,0.000002,0.999971,0.000001,0.000026
data_rand_fold0/Testing/meningioma/Tr-me_0664.jpg,106665,meningioma,meningioma,1,0.999943,0,0,0.000050,0.999943,0.000004,0.000003
data_rand_fold0/Testing/meningioma/Tr-me_0668.jpg,106665,meningioma,meningioma,1,0.999920,0,0,0.000075,0.999920,0.000004,0.000002
data_rand_fold0/Testing/meningioma/Tr-me_0669.jpg,106665,meningioma,meningioma,1,0.999908,0,0,0.000081,0.999908,0.000008,0.000003
data_rand_fold0/Testing/meningioma/Tr-me_0677.jpg,106914,meningioma,meningioma,1,0.999996,0,0,0.000001,0.999996,0.000002,0.000001
data_rand_fold0/Testing/meningioma/Tr-me_0681.jpg,107248,meningioma,meningioma,1,0.999992,0,0,0.000003,0.999992,0.000002,0.000002
data_rand_fold0/Testing/meningioma/Tr-me_0686.jpg,107494,meningioma,meningioma,1,0.999217,0,0,0.000127,0.999217,0.000404,0.000252
data_rand_fold0/Testing/meningioma/Tr-me_0688.jpg,107494,meningioma,meningioma,1,0.999994,0,0,0.000000,0.999994,0.000000,0.000006
data_rand_fold0/Testing/meningioma/Tr-me_0695.jpg,108514,meningioma,meningioma,1,0.990547,0,0,0.009202,0.990547,0.000039,0.000212
data_rand_fold0/Testing/meningioma/Tr-me_0697.jpg,108514,meningioma,meningioma,1,0.999321,0,0,0.000381,0.999321,0.000010,0.000288
data_rand_fold0/Testing/meningioma/Tr-me_0698.jpg,108514,meningioma,glioma,0,0.579255,0,0,0.579255,0.420361,0.000334,0.000050
data_rand_fold0/Testing/meningioma/Tr-me_0699.jpg,108550,meningioma,meningioma,1,0.995764,0,0,0.000215,0.995764,0.000007,0.004014
data_rand_fold0/Testing/meningioma/Tr-me_0702.jpg,108590,meningioma,meningioma,1,0.999880,0,0,0.000003,0.999880,0.000010,0.000108
data_rand_fold0/Testing/meningioma/Tr-me_0719.jpg,112552,meningioma,meningioma,1,0.999991,0,0,0.000007,0.999991,0.000002,0.000001
data_rand_fold0/Testing/meningioma/Tr-me_0723.jpg,112648,meningioma,meningioma,1,0.999950,0,0,0.000013,0.999950,0.000023,0.000014
data_rand_fold0/Testing/meningioma/Tr-me_0724.jpg,112648,meningioma,meningioma,1,0.999126,0,0,0.000085,0.999126,0.000451,0.000338
data_rand_fold0/Testing/meningioma/Tr-me_0733.jpg,113435,meningioma,meningioma,1,0.999946,0,0,0.000049,0.999946,0.000004,0.000002
data_rand_fold0/Testing/meningioma/Tr-me_0736.jpg,109968,meningioma,meningioma,1,0.999917,0,0,0.000012,0.999917,0.000016,0.000056
data_rand_fold0/Testing/meningioma/Tr-me_0740.jpg,113554,meningioma,meningioma,1,0.999960,0,0,0.000005,0.999960,0.000017,0.000018
data_rand_fold0/Testing/meningioma/Tr-me_0755.jpg,114018,meningioma,meningioma,1,0.997637,0,0,0.000015,0.997637,0.000285,0.002063
data_rand_fold0/Testing/meningioma/Tr-me_0757.jpg,114359,meningioma,meningioma,1,0.999947,0,0,0.000048,0.999947,0.000005,0.000000
data_rand_fold0/Testing/meningioma/Tr-me_0763.jpg,114359,meningioma,meningioma,1,0.998187,0,0,0.001795,0.998187,0.000015,0.000003
data_rand_fold0/Testing/meningioma/Tr-me_0767.jpg,114417,meningioma,meningioma,1,0.999864,0,0,0.000087,0.999864,0.000008,0.000041
data_rand_fold0/Testing/meningioma/Tr-me_0770.jpg,97374,meningioma,meningioma,1,0.999987,0,0,0.000004,0.999987,0.000007,0.000002
data_rand_fold0/Testing/meningioma/Tr-me_0776.jpg,97607,meningioma,meningioma,1,0.999783,0,0,0.000158,0.999783,0.000035,0.000024
data_rand_fold0/Testing/meningioma/Tr-me_0788.jpg,97943,meningioma,meningioma,1,0.999981,0,0,0.000006,0.999981,0.000010,0.000003
data_rand_fold0/Testing/meningioma/Tr-me_0791.jpg,100360,meningioma,meningioma,1,0.999440,0,0,0.000463,0.999440,0.000012,0.000085
data_rand_fold0/Testing/meningioma/Tr-me_0794.jpg,108514,meningioma,meningioma,1,0.998474,0,0,0.001294,0.998474,0.000086,0.000146
data_rand_fold0/Testing/meningioma/Tr-me_0795.jpg,98241,meningioma,meningioma,1,0.999813,0,0,0.000147,0.999813,0.000037,0.000004
data_rand_fold0/Testing/meningioma/Tr-me_0802.jpg,101797,meningioma,meningioma,1,0.997364,0,0,0.001204,0.997364,0.001422,0.000011
data_rand_fold0/Testing/meningioma/Tr-me_0804.jpg,101016,meningioma,meningioma,1,0.999198,0,0,0.000730,0.999198,0.000060,0.000012
data_rand_fold0/Testing/meningioma/Tr-me_0807.jpg,99288,meningioma,meningioma,1,0.998483,0,0,0.000904,0.998483,0.000167,0.000447
data_rand_fold0/Testing/meningioma/Tr-me_0809.jpg,99308,meningioma,meningioma,1,0.999921,0,0,0.000058,0.999921,0.000001,0.000020
data_rand_fold0/Testing/meningioma/Tr-me_0810.jpg,99308,meningioma,meningioma,1,0.999972,0,0,0.000012,0.999972,0.000001,0.000016
data_rand_fold0/Testing/meningioma/Tr-me_0817.jpg,100360,meningioma,meningioma,1,0.999966,0,0,0.000029,0.999966,0.000003,0.000003
data_rand_fold0/Testing/meningioma/Tr-me_0830.jpg,101797,meningioma,meningioma,1,0.999563,0,0,0.000114,0.999563,0.000286,0.000037
data_rand_fold0/Testing/meningioma/Tr-me_0834.jpg,101797,meningioma,meningioma,1,0.999606,0,0,0.000297,0.999606,0.000022,0.000074
data_rand_fold0/Testing/meningioma/Tr-me_0836.jpg,101797,meningioma,meningioma,1,0.999975,0,0,0.000014,0.999975,0.000004,0.000007
data_rand_fold0/Testing/meningioma/Tr-me_0837.jpg,102420,meningioma,meningioma,1,0.999999,0,0,0.000000,0.999999,0.000000,0.000000
data_rand_fold0/Testing/meningioma/Tr-me_0838.jpg,102420,meningioma,meningioma,1,0.999759,0,0,0.000124,0.999759,0.000020,0.000097
data_rand_fold0/Testing/meningioma/Tr-me_0839.jpg,102446,meningioma,meningioma,1,0.999594,0,0,0.000070,0.999594,0.000249,0.000087
data_rand_fold0/Testing/meningioma/Tr-me_0840.jpg,102675,meningioma,meningioma,1,0.996486,0,0,0.003492,0.996486,0.000011,0.000011
data_rand_fold0/Testing/meningioma/Tr-me_0859.jpg,103673,meningioma,meningioma,1,0.996978,0,0,0.000059,0.996978,0.002216,0.000746
data_rand_fold0/Testing/meningioma/Tr-me_0866.jpg,103925,meningioma,meningioma,1,0.997382,0,0,0.002576,0.997382,0.000027,0.000016
data_rand_fold0/Testing/meningioma/Tr-me_0871.jpg,104167,meningioma,meningioma,1,0.999922,0,0,0.000054,0.999922,0.000018,0.000006
data_rand_fold0/Testing/meningioma/Tr-me_0880.jpg,108945,meningioma,meningioma,1,0.999977,0,0,0.000019,0.999977,0.000002,0.000002
data_rand_fold0/Testing/meningioma/Tr-me_0883.jpg,105555,meningioma,glioma,0,0.830028,0,0,0.830028,0.167770,0.001573,0.000630
data_rand_fold0/Testing/meningioma/Tr-me_0889.jpg,109411,meningioma,meningioma,1,0.954062,0,0,0.011971,0.954062,0.024236,0.009731
data_rand_fold0/Testing/meningioma/Tr-me_0908.jpg,106720,meningioma,meningioma,1,0.996062,0,0,0.003203,0.996062,0.000290,0.000446
data_rand_fold0/Testing/meningioma/Tr-me_0912.jpg,106914,meningioma,meningioma,1,0.999947,0,0,0.000049,0.999947,0.000001,0.000004
data_rand_fold0/Testing/meningioma/Tr-me_0913.jpg,106914,meningioma,meningioma,1,0.999283,0,0,0.000232,0.999283,0.000043,0.000442
data_rand_fold0/Testing/meningioma/Tr-me_0914.jpg,107190,meningioma,meningioma,1,0.982962,0,0,0.016494,0.982962,0.000216,0.000329
data_rand_fold0/Testing/meningioma/Tr-me_0929.jpg,108550,meningioma,meningioma,1,0.999584,0,0,0.000368,0.999584,0.000022,0.000026
data_rand_fold0/Testing/meningioma/Tr-me_0930.jpg,108590,meningioma,meningioma,1,0.999696,0,0,0.000238,0.999696,0.000026,0.000040
data_rand_fold0/Testing/meningioma/Tr-me_0941.jpg,110116,meningioma,meningioma,1,0.999574,0,0,0.000006,0.999574,0.000003,0.000417
data_rand_fold0/Testing/meningioma/Tr-me_0942.jpg,102985,meningioma,meningioma,1,0.731173,0,0,0.030578,0.731173,0.046326,0.191923
data_rand_fold0/Testing/meningioma/Tr-me_0954.jpg,112002,meningioma,meningioma,1,0.999947,0,0,0.000049,0.999947,0.000002,0.000001
data_rand_fold0/Testing/meningioma/Tr-me_0957.jpg,112062,meningioma,meningioma,1,0.999723,0,0,0.000258,0.999723,0.000015,0.000004
data_rand_fold0/Testing/meningioma/Tr-me_0961.jpg,112252,meningioma,meningioma,1,0.999857,0,0,0.000134,0.999857,0.000003,0.000005
data_rand_fold0/Testing/meningioma/Tr-me_0967.jpg,112648,meningioma,meningioma,1,0.999974,0,0,0.000016,0.999974,0.000006,0.000003
data_rand_fold0/Testing/meningioma/Tr-me_0972.jpg,113435,meningioma,meningioma,1,0.999805,0,0,0.000145,0.999805,0.000007,0.000044
data_rand_fold0/Testing/meningioma/Tr-me_0982.jpg,114018,meningioma,meningioma,1,0.998741,0,0,0.000049,0.998741,0.000170,0.001040
data_rand_fold0/Testing/meningioma/Tr-me_0989.jpg,114359,meningioma,meningioma,1,0.998290,0,0,0.001590,0.998290,0.000116,0.000004
data_rand_fold0/Testing/meningioma/Tr-me_0995.jpg,97737,meningioma,meningioma,1,0.999844,0,0,0.000019,0.999844,0.000016,0.000121
data_rand_fold0/Testing/meningioma/Tr-me_0998.jpg,97875,meningioma,meningioma,1,0.999858,0,0,0.000063,0.999858,0.000025,0.000054
data_rand_fold0/Testing/meningioma/Tr-me_1002.jpg,103925,meningioma,meningioma,1,0.997405,0,0,0.000515,0.997405,0.000085,0.001995
data_rand_fold0/Testing/meningioma/Tr-me_1003.jpg,97943,meningioma,meningioma,1,0.999979,0,0,0.000002,0.999979,0.000019,0.000001
data_rand_fold0/Testing/meningioma/Tr-me_1022.jpg,100360,meningioma,meningioma,1,0.973410,0,0,0.026033,0.973410,0.000102,0.000455
data_rand_fold0/Testing/meningioma/Tr-me_1026.jpg,100572,meningioma,meningioma,1,0.999397,0,0,0.000020,0.999397,0.000001,0.000581
data_rand_fold0/Testing/meningioma/Tr-me_1028.jpg,100639,meningioma,meningioma,1,0.999808,0,0,0.000101,0.999808,0.000007,0.000085
data_rand_fold0/Testing/meningioma/Tr-me_1030.jpg,100920,meningioma,meningioma,1,0.999874,0,0,0.000033,0.999874,0.000012,0.000080
data_rand_fold0/Testing/meningioma/Tr-me_1031.jpg,101016,meningioma,meningioma,1,0.999977,0,0,0.000013,0.999977,0.000008,0.000001
data_rand_fold0/Testing/meningioma/Tr-me_1033.jpg,101016,meningioma,meningioma,1,0.999951,0,0,0.000043,0.999951,0.000005,0.000001
data_rand_fold0/Testing/meningioma/Tr-me_1034.jpg,101082,meningioma,meningioma,1,0.999920,0,0,0.000064,0.999920,0.000011,0.000005
data_rand_fold0/Testing/meningioma/Tr-me_1043.jpg,101797,meningioma,meningioma,1,0.999969,0,0,0.000019,0.999969,0.000011,0.000002
data_rand_fold0/Testing/meningioma/Tr-me_1051.jpg,102675,meningioma,meningioma,1,0.999660,0,0,0.000177,0.999660,0.000129,0.000033
data_rand_fold0/Testing/meningioma/Tr-me_1056.jpg,102714,meningioma,meningioma,1,0.961227,0,0,0.021026,0.961227,0.000198,0.017550
data_rand_fold0/Testing/meningioma/Tr-me_1064.jpg,102960,meningioma,meningioma,1,0.999954,0,0,0.000031,0.999954,0.000004,0.000011
data_rand_fold0/Testing/meningioma/Tr-me_1067.jpg,103673,meningioma,meningioma,1,0.999856,0,0,0.000002,0.999856,0.000020,0.000121
data_rand_fold0/Testing/meningioma/Tr-me_1079.jpg,104281,meningioma,meningioma,1,0.999978,0,0,0.000009,0.999978,0.000010,0.000004
data_rand_fold0/Testing/meningioma/Tr-me_1080.jpg,104281,meningioma,meningioma,1,0.999950,0,0,0.000047,0.999950,0.000001,0.000002
data_rand_fold0/Testing/meningioma/Tr-me_1082.jpg,104281,meningioma,meningioma,1,0.999966,0,0,0.000031,0.999966,0.000001,0.000002
data_rand_fold0/Testing/meningioma/Tr-me_1088.jpg,105937,meningioma,meningioma,1,0.999783,0,0,0.000035,0.999783,0.000001,0.000181
data_rand_fold0/Testing/meningioma/Tr-me_1091.jpg,106284,meningioma,meningioma,1,0.997658,0,0,0.000037,0.997658,0.000059,0.002246
data_rand_fold0/Testing/meningioma/Tr-me_1104.jpg,106720,meningioma,meningioma,1,0.997939,0,0,0.001312,0.997939,0.000743,0.000006
data_rand_fold0/Testing/meningioma/Tr-me_1105.jpg,106720,meningioma,meningioma,1,0.999737,0,0,0.000211,0.999737,0.000049,0.000003
data_rand_fold0/Testing/meningioma/Tr-me_1111.jpg,106914,meningioma,meningioma,1,0.999971,0,0,0.000012,0.999971,0.000009,0.000008
data_rand_fold0/Testing/meningioma/Tr-me_1117.jpg,107494,meningioma,meningioma,1,0.999547,0,0,0.000110,0.999547,0.000270,0.000073
data_rand_fold0/Testing/meningioma/Tr-me_1120.jpg,105374,meningioma,meningioma,1,0.989618,0,0,0.000429,0.989618,0.000432,0.009521
data_rand_fold0/Testing/meningioma/Tr-me_1124.jpg,107946,meningioma,meningioma,1,0.999051,0,0,0.000937,0.999051,0.000008,0.000004
data_rand_fold0/Testing/meningioma/Tr-me_1128.jpg,108514,meningioma,meningioma,1,0.991717,0,0,0.008246,0.991717,0.000032,0.000005
data_rand_fold0/Testing/meningioma/Tr-me_1138.jpg,109968,meningioma,meningioma,1,0.999938,0,0,0.000002,0.999938,0.000004,0.000056
data_rand_fold0/Testing/meningioma/Tr-me_1142.jpg,110808,meningioma,meningioma,1,0.998762,0,0,0.001089,0.998762,0.000145,0.000004
data_rand_fold0/Testing/meningioma/Tr-me_1146.jpg,111366,meningioma,meningioma,1,0.999772,0,0,0.000049,0.999772,0.000011,0.000168
data_rand_fold0/Testing/meningioma/Tr-me_1147.jpg,111366,meningioma,meningioma,1,0.999501,0,0,0.000455,0.999501,0.000018,0.000027
data_rand_fold0/Testing/meningioma/Tr-me_1157.jpg,112062,meningioma,meningioma,1,0.999776,0,0,0.000214,0.999776,0.000006,0.000003
data_rand_fold0/Testing/meningioma/Tr-me_1175.jpg,113435,meningioma,meningioma,1,0.999991,0,0,0.000006,0.999991,0.000000,0.000002
data_rand_fold0/Testing/meningioma/Tr-me_1177.jpg,113435,meningioma,meningioma,1,0.999972,0,0,0.000014,0.999972,0.000000,0.000014
data_rand_fold0/Testing/meningioma/Tr-me_1183.jpg,113614,meningioma,meningioma,1,0.985580,0,0,0.009964,0.985580,0.000337,0.004118
data_rand_fold0/Testing/meningioma/Tr-me_1188.jpg,113971,meningioma,meningioma,1,0.999045,0,0,0.000785,0.999045,0.000008,0.000162
data_rand_fold0/Testing/meningioma/Tr-me_1191.jpg,114018,meningioma,meningioma,1,0.999830,0,0,0.000001,0.999830,0.000031,0.000138
data_rand_fold0/Testing/meningioma/Tr-me_1200.jpg,114417,meningioma,meningioma,1,0.999378,0,0,0.000593,0.999378,0.000022,0.000007
data_rand_fold0/Testing/meningioma/Tr-me_1206.jpg,110116,meningioma,meningioma,1,0.996189,0,0,0.000002,0.996189,0.000036,0.003773
data_rand_fold0/Testing/meningioma/Tr-me_1207.jpg,97374,meningioma,meningioma,1,0.999990,0,0,0.000008,0.999990,0.000002,0.000000
data_rand_fold0/Testing/meningioma/Tr-me_1208.jpg,97607,meningioma,meningioma,1,0.999848,0,0,0.000111,0.999848,0.000022,0.000019
data_rand_fold0/Testing/meningioma/Tr-me_1213.jpg,106442,meningioma,meningioma,1,0.997604,0,0,0.001354,0.997604,0.000737,0.000304
data_rand_fold0/Testing/meningioma/Tr-me_1217.jpg,97943,meningioma,meningioma,1,0.999910,0,0,0.000044,0.999910,0.000010,0.000037
data_rand_fold0/Testing/meningioma/Tr-me_1218.jpg,97943,meningioma,meningioma,1,0.999993,0,0,0.000003,0.999993,0.000002,0.000002
data_rand_fold0/Testing/meningioma/Tr-me_1227.jpg,99017,meningioma,meningioma,1,0.999965,0,0,0.000003,0.999965,0.000003,0.000029
data_rand_fold0/Testing/meningioma/Tr-me_1229.jpg,106442,meningioma,meningioma,1,0.997827,0,0,0.000979,0.997827,0.000761,0.000433
data_rand_fold0/Testing/meningioma/Tr-me_1231.jpg,99089,meningioma,meningioma,1,0.999845,0,0,0.000126,0.999845,0.000017,0.000012
data_rand_fold0/Testing/meningioma/Tr-me_1235.jpg,99308,meningioma,meningioma,1,0.999907,0,0,0.000037,0.999907,0.000000,0.000055
data_rand_fold0/Testing/meningioma/Tr-me_1246.jpg,106534,meningioma,meningioma,1,0.998872,0,0,0.000553,0.998872,0.000084,0.000491
data_rand_fold0/Testing/meningioma/Tr-me_1249.jpg,106665,meningioma,meningioma,1,0.999688,0,0,0.000298,0.999688,0.000010,0.000005
data_rand_fold0/Testing/meningioma/Tr-me_1251.jpg,106665,meningioma,meningioma,1,0.998539,0,0,0.001417,0.998539,0.000039,0.000005
data_rand_fold0/Testing/meningioma/Tr-me_1254.jpg,106720,meningioma,meningioma,1,0.999776,0,0,0.000206,0.999776,0.000007,0.000010
data_rand_fold0/Testing/meningioma/Tr-me_1255.jpg,106720,meningioma,meningioma,1,0.983720,0,0,0.014619,0.983720,0.001453,0.000208
data_rand_fold0/Testing/meningioma/Tr-me_1258.jpg,106720,meningioma,meningioma,1,0.999841,0,0,0.000077,0.999841,0.000014,0.000069
data_rand_fold0/Testing/meningioma/Tr-me_1265.jpg,107190,meningioma,meningioma,1,0.994403,0,0,0.005234,0.994403,0.000361,0.000002
data_rand_fold0/Testing/meningioma/Tr-me_1267.jpg,107494,meningioma,meningioma,1,0.999963,0,0,0.000023,0.999963,0.000005,0.000010
data_rand_fold0/Testing/meningioma/Tr-me_1269.jpg,111077,meningioma,meningioma,1,0.995974,0,0,0.003052,0.995974,0.000277,0.000698
data_rand_fold0/Testing/meningioma/Tr-me_1272.jpg,107494,meningioma,meningioma,1,0.952429,0,0,0.032015,0.952429,0.000538,0.015017
data_rand_fold0/Testing/meningioma/Tr-me_1275.jpg,101016,meningioma,meningioma,1,0.999072,0,0,0.000858,0.999072,0.000063,0.000007
data_rand_fold0/Testing/meningioma/Tr-me_1277.jpg,111366,meningioma,meningioma,1,0.998717,0,0,0.001081,0.998717,0.000007,0.000194
data_rand_fold0/Testing/meningioma/Tr-me_1279.jpg,107494,meningioma,meningioma,1,0.999196,0,0,0.000383,0.999196,0.000110,0.000310
data_rand_fold0/Testing/meningioma/Tr-me_1290.jpg,112252,meningioma,meningioma,1,0.999654,0,0,0.000128,0.999654,0.000181,0.000037
data_rand_fold0/Testing/meningioma/Tr-me_1294.jpg,112552,meningioma,meningioma,1,0.999990,0,0,0.000007,0.999990,0.000002,0.000002
data_rand_fold0/Testing/meningioma/Tr-me_1313.jpg,113554,meningioma,meningioma,1,0.999894,0,0,0.000010,0.999894,0.000077,0.000019
data_rand_fold0/Testing/meningioma/Tr-me_1314.jpg,108514,meningioma,glioma,0,0.602174,0,0,0.602174,0.396833,0.000698,0.000294
data_rand_fold0/Testing/meningioma/Tr-me_1318.jpg,114018,meningioma,meningioma,1,0.999982,0,0,0.000000,0.999982,0.000002,0.000016
data_rand_fold0/Testing/meningioma/Tr-me_1327.jpg,97607,meningioma,meningioma,1,0.999957,0,0,0.000010,0.999957,0.000024,0.000009
data_rand_fold0/Testing/meningioma/Tr-me_1333.jpg,97737,meningioma,meningioma,1,0.999889,0,0,0.000020,0.999889,0.000040,0.000051
data_rand_fold0/Testing/meningioma/Tr-me_1335.jpg,97875,meningioma,meningioma,1,0.993320,0,0,0.003146,0.993320,0.000108,0.003426
data_rand_fold0/Testing/meningioma/Tr-me_1337.jpg,97943,meningioma,meningioma,1,0.997454,0,0,0.002247,0.997454,0.000139,0.000160
data_rand_fold0/Testing/meningioma/Tr-me_1338.jpg,97943,meningioma,meningioma,1,0.998823,0,0,0.000953,0.998823,0.000152,0.000071
data_rand_fold0/Testing/notumor/Te-no_0113.jpg,nt941,notumor,notumor,1,0.999960,0,0,0.000004,0.000028,0.999960,0.000008
data_rand_fold0/Testing/notumor/Te-no_0121.jpg,nt1013,notumor,notumor,1,0.999972,0,0,0.000014,0.000013,0.999972,0.000001
data_rand_fold0/Testing/notumor/Te-no_0128.jpg,nt1032,notumor,notumor,1,0.999909,0,0,0.000003,0.000086,0.999909,0.000003
data_rand_fold0/Testing/notumor/Te-no_0134.jpg,nt445,notumor,notumor,1,0.999775,0,0,0.000051,0.000173,0.999775,0.000001
data_rand_fold0/Testing/notumor/Te-no_0136.jpg,nt1036,notumor,notumor,1,0.999802,0,0,0.000040,0.000090,0.999802,0.000069
data_rand_fold0/Testing/notumor/Te-no_0141.jpg,nt867,notumor,notumor,1,0.999996,0,0,0.000003,0.000001,0.999996,0.000000
data_rand_fold0/Testing/notumor/Te-no_0146.jpg,nt518,notumor,notumor,1,0.999992,0,0,0.000007,0.000001,0.999992,0.000000
data_rand_fold0/Testing/notumor/Te-no_0150.jpg,nt1038,notumor,notumor,1,0.999878,0,0,0.000015,0.000093,0.999878,0.000015
data_rand_fold0/Testing/notumor/Te-no_0170.jpg,nt1047,notumor,notumor,1,0.999953,0,0,0.000009,0.000033,0.999953,0.000005
data_rand_fold0/Testing/notumor/Te-no_0184.jpg,nt1054,notumor,notumor,1,0.999993,0,0,0.000004,0.000003,0.999993,0.000000
data_rand_fold0/Testing/notumor/Te-no_0185.jpg,nt585,notumor,notumor,1,0.999959,0,0,0.000032,0.000007,0.999959,0.000002
data_rand_fold0/Testing/notumor/Te-no_0190.jpg,nt1020,notumor,notumor,1,0.999985,0,0,0.000005,0.000008,0.999985,0.000002
data_rand_fold0/Testing/notumor/Te-no_0192.jpg,nt326,notumor,notumor,1,0.999999,0,0,0.000001,0.000000,0.999999,0.000000
data_rand_fold0/Testing/notumor/Te-no_0195.jpg,nt592,notumor,notumor,1,1.000000,0,0,0.000000,0.000000,1.000000,0.000000
data_rand_fold0/Testing/notumor/Te-no_0199.jpg,nt593,notumor,notumor,1,0.999195,0,0,0.000280,0.000092,0.999195,0.000433
data_rand_fold0/Testing/notumor/Te-no_0200.jpg,nt437,notumor,notumor,1,0.999974,0,0,0.000019,0.000006,0.999974,0.000001
data_rand_fold0/Testing/notumor/Te-no_0205.jpg,nt142,notumor,notumor,1,0.999952,0,0,0.000014,0.000028,0.999952,0.000007
data_rand_fold0/Testing/notumor/Te-no_0207.jpg,nt1058,notumor,notumor,1,0.999984,0,0,0.000001,0.000008,0.999984,0.000007
data_rand_fold0/Testing/notumor/Te-no_0208.jpg,nt820,notumor,notumor,1,0.999866,0,0,0.000005,0.000012,0.999866,0.000116
data_rand_fold0/Testing/notumor/Te-no_0210.jpg,nt1060,notumor,notumor,1,0.999910,0,0,0.000085,0.000003,0.999910,0.000002
data_rand_fold0/Testing/notumor/Te-no_0214.jpg,nt1062,notumor,notumor,1,0.999820,0,0,0.000097,0.000033,0.999820,0.000051
data_rand_fold0/Testing/notumor/Te-no_0220.jpg,nt237,notumor,notumor,1,0.999986,0,0,0.000004,0.000006,0.999986,0.000005
data_rand_fold0/Testing/notumor/Te-no_0222.jpg,nt1065,notumor,notumor,1,0.999597,0,0,0.000281,0.000095,0.999597,0.000028
data_rand_fold0/Testing/notumor/Te-no_0224.jpg,nt25,notumor,notumor,1,0.999908,0,0,0.000030,0.000052,0.999908,0.000009
data_rand_fold0/Testing/notumor/Te-no_0227.jpg,nt35,notumor,notumor,1,0.999998,0,0,0.000001,0.000001,0.999998,0.000000
data_rand_fold0/Testing/notumor/Te-no_0228.jpg,nt982,notumor,notumor,1,0.998563,0,0,0.000021,0.001380,0.998563,0.000035
data_rand_fold0/Testing/notumor/Te-no_0231.jpg,nt983,notumor,notumor,1,0.999990,0,0,0.000002,0.000008,0.999990,0.000000
data_rand_fold0/Testing/notumor/Te-no_0232.jpg,nt985,notumor,notumor,1,0.999988,0,0,0.000012,0.000000,0.999988,0.000000
data_rand_fold0/Testing/notumor/Te-no_0244.jpg,nt1067,notumor,notumor,1,0.999995,0,0,0.000001,0.000002,0.999995,0.000002
data_rand_fold0/Testing/notumor/Te-no_0246.jpg,nt1069,notumor,notumor,1,0.999991,0,0,0.000005,0.000004,0.999991,0.000000
data_rand_fold0/Testing/notumor/Te-no_0251.jpg,nt875,notumor,notumor,1,0.999991,0,0,0.000003,0.000006,0.999991,0.000000
data_rand_fold0/Testing/notumor/Te-no_0253.jpg,nt995,notumor,notumor,1,0.999722,0,0,0.000059,0.000166,0.999722,0.000052
data_rand_fold0/Testing/notumor/Te-no_0256.jpg,nt363,notumor,notumor,1,0.999987,0,0,0.000008,0.000004,0.999987,0.000001
data_rand_fold0/Testing/notumor/Te-no_0261.jpg,nt368,notumor,notumor,1,0.999998,0,0,0.000001,0.000001,0.999998,0.000000
data_rand_fold0/Testing/notumor/Te-no_0264.jpg,nt909,notumor,notumor,1,0.999994,0,0,0.000003,0.000003,0.999994,0.000000
data_rand_fold0/Testing/notumor/Te-no_0269.jpg,nt397,notumor,notumor,1,0.999967,0,0,0.000016,0.000014,0.999967,0.000002
data_rand_fold0/Testing/notumor/Te-no_0274.jpg,nt1085,notumor,notumor,1,0.999875,0,0,0.000046,0.000062,0.999875,0.000017
data_rand_fold0/Testing/notumor/Te-no_0280.jpg,nt1088,notumor,notumor,1,0.999989,0,0,0.000002,0.000005,0.999989,0.000004
data_rand_fold0/Testing/notumor/Te-no_0283.jpg,nt1090,notumor,notumor,1,0.999997,0,0,0.000001,0.000002,0.999997,0.000000
data_rand_fold0/Testing/notumor/Te-no_0286.jpg,nt1048,notumor,notumor,1,0.999997,0,0,0.000003,0.000001,0.999997,0.000000
data_rand_fold0/Testing/notumor/Te-no_0287.jpg,nt1049,notumor,notumor,1,0.999942,0,0,0.000002,0.000056,0.999942,0.000000
data_rand_fold0/Testing/notumor/Te-no_0290.jpg,nt425,notumor,notumor,1,0.999994,0,0,0.000002,0.000003,0.999994,0.000001
data_rand_fold0/Testing/notumor/Te-no_0291.jpg,nt428,notumor,notumor,1,0.999993,0,0,0.000004,0.000002,0.999993,0.000000
data_rand_fold0/Testing/notumor/Te-no_0301.jpg,nt137,notumor,notumor,1,0.999990,0,0,0.000006,0.000002,0.999990,0.000001
data_rand_fold0/Testing/notumor/Te-no_0309.jpg,nt813,notumor,notumor,1,0.999985,0,0,0.000011,0.000003,0.999985,0.000001
data_rand_fold0/Testing/notumor/Te-no_0322.jpg,nt392,notumor,notumor,1,0.999982,0,0,0.000015,0.000002,0.999982,0.000001
data_rand_fold0/Testing/notumor/Te-no_0338.jpg,nt330,notumor,notumor,1,0.999979,0,0,0.000013,0.000007,0.999979,0.000001
data_rand_fold0/Testing/notumor/Te-no_0341.jpg,nt1014,notumor,notumor,1,0.999339,0,0,0.000060,0.000473,0.999339,0.000128
data_rand_fold0/Testing/notumor/Te-no_0354.jpg,nt502,notumor,notumor,1,0.999935,0,0,0.000015,0.000032,0.999935,0.000017
data_rand_fold0/Testing/notumor/Te-no_0355.jpg,nt1067,notumor,notumor,1,0.999993,0,0,0.000002,0.000003,0.999993,0.000002
data_rand_fold0/Testing/notumor/Te-no_0360.jpg,nt615,notumor,notumor,1,0.996116,0,0,0.003844,0.000015,0.996116,0.000025
data_rand_fold0/Testing/notumor/Te-no_0368.jpg,nt1108,notumor,notumor,1,0.999986,0,0,0.000002,0.000008,0.999986,0.000005
data_rand_fold0/Testing/notumor/Te-no_0370.jpg,nt373,notumor,notumor,1,0.999985,0,0,0.000006,0.000008,0.999985,0.000002
data_rand_fold0/Testing/notumor/Te-no_0372.jpg,nt1109,notumor,notumor,1,0.999343,0,0,0.000010,0.000646,0.999343,0.000001
data_rand_fold0/Testing/notumor/Te-no_0373.jpg,nt367,notumor,notumor,1,0.999750,0,0,0.000012,0.000006,0.999750,0.000232
data_rand_fold0/Testing/notumor/Te-no_0377.jpg,nt888,notumor,notumor,1,0.999965,0,0,0.000019,0.000016,0.999965,0.000001
data_rand_fold0/Testing/notumor/Te-no_0379.jpg,nt1110,notumor,notumor,1,0.999956,0,0,0.000000,0.000002,0.999956,0.000042
data_rand_fold0/Testing/notumor/Te-no_0384.jpg,nt944,notumor,notumor,1,0.999831,0,0,0.000053,0.000099,0.999831,0.000017
data_rand_fold0/Testing/notumor/Te-no_0386.jpg,nt1030,notumor,notumor,1,0.999999,0,0,0.000001,0.000000,0.999999,0.000000
data_rand_fold0/Testing/notumor/Te-no_0392.jpg,nt1111,notumor,notumor,1,0.999982,0,0,0.000007,0.000002,0.999982,0.000008
data_rand_fold0/Testing/notumor/Tr-noTr_0001.jpg,nt1,notumor,notumor,1,0.844124,0,0,0.001937,0.153671,0.844124,0.000267
data_rand_fold0/Testing/notumor/Tr-no_0017.jpg,nt15,notumor,notumor,1,0.999998,0,0,0.000000,0.000001,0.999998,0.000000
data_rand_fold0/Testing/notumor/Tr-no_0026.jpg,nt23,notumor,notumor,1,0.999712,0,0,0.000087,0.000013,0.999712,0.000188
data_rand_fold0/Testing/notumor/Tr-no_0028.jpg,nt25,notumor,notumor,1,0.999926,0,0,0.000025,0.000041,0.999926,0.000008
data_rand_fold0/Testing/notumor/Tr-no_0031.jpg,nt27,notumor,notumor,1,0.975129,0,0,0.000621,0.024179,0.975129,0.000071
data_rand_fold0/Testing/notumor/Tr-no_0037.jpg,nt33,notumor,notumor,1,0.999999,0,0,0.000001,0.000000,0.999999,0.000000
data_rand_fold0/Testing/notumor/Tr-no_0042.jpg,nt38,notumor,notumor,1,0.999986,0,0,0.000013,0.000001,0.999986,0.000000
data_rand_fold0/Testing/notumor/Tr-no_0046.jpg,nt42,notumor,notumor,1,0.999811,0,0,0.000176,0.000008,0.999811,0.000005
data_rand_fold0/Testing/notumor/Tr-no_0052.jpg,nt48,notumor,notumor,1,0.994848,0,0,0.000170,0.004824,0.994848,0.000159
data_rand_fold0/Testing/notumor/Tr-no_0053.jpg,nt49,notumor,notumor,1,0.998808,0,0,0.000024,0.001162,0.998808,0.000006
data_rand_fold0/Testing/notumor/Tr-no_0062.jpg,nt58,notumor,notumor,1,0.996693,0,0,0.000195,0.003001,0.996693,0.000110
data_rand_fold0/Testing/notumor/Tr-no_0083.jpg,nt73,notumor,notumor,1,0.999907,0,0,0.000000,0.000000,0.999907,0.000092
data_rand_fold0/Testing/notumor/Tr-no_0089.jpg,nt79,notumor,notumor,1,0.999996,0,0,0.000000,0.000004,0.999996,0.000000
data_rand_fold0/Testing/notumor/Tr-no_0094.jpg,nt84,notumor,notumor,1,0.999963,0,0,0.000000,0.000033,0.999963,0.000004
data_rand_fold0/Testing/notumor/Tr-no_0095.jpg,nt85,notumor,notumor,1,0.990044,0,0,0.000097,0.009831,0.990044,0.000029
data_rand_fold0/Testing/notumor/Tr-no_0106.jpg,nt96,notumor,meningioma,0,0.820913,0,0,0.075477,0.820913,0.103101,0.000509
data_rand_fold0/Testing/notumor/Tr-no_0112.jpg,nt102,notumor,notumor,1,0.999976,0,0,0.000005,0.000018,0.999976,0.000001
data_rand_fold0/Testing/notumor/Tr-no_0117.jpg,nt106,notumor,notumor,1,0.999776,0,0,0.000069,0.000151,0.999776,0.000004
data_rand_fold0/Testing/notumor/Tr-no_0139.jpg,nt120,notumor,notumor,1,0.998775,0,0,0.000822,0.000394,0.998775,0.000009
data_rand_fold0/Testing/notumor/Tr-no_0141.jpg,nt122,notumor,notumor,1,0.999946,0,0,0.000036,0.000015,0.999946,0.000004
data_rand_fold0/Testing/notumor/Tr-no_0150.jpg,nt129,notumor,notumor,1,0.999916,0,0,0.000027,0.000039,0.999916,0.000018
data_rand_fold0/Testing/notumor/Tr-no_0153.jpg,nt132,notumor,notumor,1,0.999969,0,0,0.000026,0.000005,0.999969,0.000000
data_rand_fold0/Testing/notumor/Tr-no_0157.jpg,nt136,notumor,notumor,1,0.999636,0,0,0.000029,0.000075,0.999636,0.000259
data_rand_fold0/Testing/notumor/Tr-no_0162.jpg,nt140,notumor,notumor,1,0.999504,0,0,0.000015,0.000467,0.999504,0.000014
data_rand_fold0/Testing/notumor/Tr-no_0179.jpg,nt156,notumor,notumor,1,0.999861,0,0,0.000092,0.000035,0.999861,0.000011
data_rand_fold0/Testing/notumor/Tr-no_0185.jpg,nt99,notumor,notumor,1,0.999098,0,0,0.000037,0.000609,0.999098,0.000256
data_rand_fold0/Testing/notumor/Tr-no_0190.jpg,nt161,notumor,notumor,1,0.999682,0,0,0.000005,0.000311,0.999682,0.000002
data_rand_fold0/Testing/notumor/Tr-no_0194.jpg,nt165,notumor,notumor,1,0.999937,0,0,0.000060,0.000002,0.999937,0.000001
data_rand_fold0/Testing/notumor/Tr-no_0197.jpg,nt168,notumor,notumor,1,0.999986,0,0,0.000010,0.000001,0.999986,0.000003
data_rand_fold0/Testing/notumor/Tr-no_0203.jpg,nt173,notumor,notumor,1,0.999856,0,0,0.000001,0.000004,0.999856,0.000140
data_rand_fold0/Testing/notumor/Tr-no_0205.jpg,nt175,notumor,notumor,1,0.999452,0,0,0.000084,0.000429,0.999452,0.000035
data_rand_fold0/Testing/notumor/Tr-no_0208.jpg,nt178,notumor,notumor,1,0.999799,0,0,0.000055,0.000128,0.999799,0.000018
data_rand_fold0/Testing/notumor/Tr-no_0210.jpg,nt180,notumor,notumor,1,0.725885,0,0,0.026354,0.063018,0.725885,0.184744
data_rand_fold0/Testing/notumor/Tr-no_0211.jpg,nt181,notumor,notumor,1,0.999871,0,0,0.000010,0.000077,0.999871,0.000042
data_rand_fold0/Testing/notumor/Tr-no_0214.jpg,nt183,notumor,notumor,1,0.973554,0,0,0.009173,0.004551,0.973554,0.012722
data_rand_fold0/Testing/notumor/Tr-no_0215.jpg,nt184,notumor,notumor,1,0.999656,0,0,0.000005,0.000337,0.999656,0.000001
data_rand_fold0/Testing/notumor/Tr-no_0226.jpg,nt191,notumor,notumor,1,0.999995,0,0,0.000002,0.000003,0.999995,0.000001
data_rand_fold0/Testing/notumor/Tr-no_0238.jpg,nt199,notumor,notumor,1,0.998858,0,0,0.000767,0.000360,0.998858,0.000015
data_rand_fold0/Testing/notumor/Tr-no_0243.jpg,nt20,notumor,notumor,1,0.990875,0,0,0.000147,0.008959,0.990875,0.000019
data_rand_fold0/Testing/notumor/Tr-no_0244.jpg,nt202,notumor,notumor,1,0.999931,0,0,0.000060,0.000008,0.999931,0.000001
data_rand_fold0/Testing/notumor/Tr-no_0245.jpg,nt203,notumor,notumor,1,0.999435,0,0,0.000108,0.000435,0.999435,0.000022
data_rand_fold0/Testing/notumor/Tr-no_0248.jpg,nt206,notumor,notumor,1,0.995304,0,0,0.000051,0.004630,0.995304,0.000014
data_rand_fold0/Testing/notumor/Tr-no_0250.jpg,nt208,notumor,notumor,1,0.999828,0,0,0.000002,0.000056,0.999828,0.000114
data_rand_fold0/Testing/notumor/Tr-no_0252.jpg,nt210,notumor,notumor,1,0.999836,0,0,0.000043,0.000119,0.999836,0.000002
data_rand_fold0/Testing/notumor/Tr-no_0256.jpg,nt214,notumor,notumor,1,0.774759,0,0,0.209702,0.015240,0.774759,0.000300
data_rand_fold0/Testing/notumor/Tr-no_0264.jpg,nt221,notumor,notumor,1,0.999969,0,0,0.000010,0.000010,0.999969,0.000011
data_rand_fold0/Testing/notumor/Tr-no_0274.jpg,nt228,notumor,notumor,1,0.999780,0,0,0.000205,0.000013,0.999780,0.000001
data_rand_fold0/Testing/notumor/Tr-no_0292.jpg,nt242,notumor,notumor,1,0.999927,0,0,0.000017,0.000049,0.999927,0.000007
data_rand_fold0/Testing/notumor/Tr-no_0296.jpg,nt245,notumor,notumor,1,0.999638,0,0,0.000000,0.000001,0.999638,0.000362
data_rand_fold0/Testing/notumor/Tr-no_0302.jpg,nt250,notumor,notumor,1,0.991161,0,0,0.008171,0.000583,0.991161,0.000086
data_rand_fold0/Testing/notumor/Tr-no_0311.jpg,nt259,notumor,notumor,1,0.997105,0,0,0.000036,0.002180,0.997105,0.000679
data_rand_fold0/Testing/notumor/Tr-no_0313.jpg,nt261,notumor,notumor,1,0.998962,0,0,0.000021,0.000310,0.998962,0.000708
data_rand_fold0/Testing/notumor/Tr-no_0317.jpg,nt264,notumor,notumor,1,0.999840,0,0,0.000002,0.000154,0.999840,0.000004
data_rand_fold0/Testing/notumor/Tr-no_0320.jpg,nt267,notumor,notumor,1,0.987578,0,0,0.004777,0.006815,0.987578,0.000830
data_rand_fold0/Testing/notumor/Tr-no_0327.jpg,nt172,notumor,notumor,1,0.999859,0,0,0.000101,0.000028,0.999859,0.000012
data_rand_fold0/Testing/notumor/Tr-no_0328.jpg,nt271,notumor,notumor,1,0.997399,0,0,0.000003,0.000685,0.997399,0.001913
data_rand_fold0/Testing/notumor/Tr-no_0329.jpg,nt272,notumor,notumor,1,0.999992,0,0,0.000000,0.000007,0.999992,0.000000
data_rand_fold0/Testing/notumor/Tr-no_0356.jpg,nt284,notumor,notumor,1,0.896208,0,0,0.000143,0.103440,0.896208,0.000208
data_rand_fold0/Testing/notumor/Tr-no_0359.jpg,nt287,notumor,notumor,1,0.963904,0,0,0.034225,0.001636,0.963904,0.000234
data_rand_fold0/Testing/notumor/Tr-no_0361.jpg,nt289,notumor,meningioma,0,0.990317,0,0,0.006241,0.990317,0.003322,0.000120
data_rand_fold0/Testing/notumor/Tr-no_0363.jpg,nt290,notumor,notumor,1,0.995189,0,0,0.001244,0.000402,0.995189,0.003165
data_rand_fold0/Testing/notumor/Tr-no_0377.jpg,nt293,notumor,notumor,1,0.992034,0,0,0.000000,0.000010,0.992034,0.007956
data_rand_fold0/Testing/notumor/Tr-no_0392.jpg,nt308,notumor,notumor,1,0.986067,0,0,0.000011,0.010042,0.986067,0.003881
data_rand_fold0/Testing/notumor/Tr-no_0400.jpg,nt315,notumor,notumor,1,0.999628,0,0,0.000085,0.000028,0.999628,0.000260
data_rand_fold0/Testing/notumor/Tr-no_0401.jpg,nt316,notumor,notumor,1,0.998040,0,0,0.000201,0.000036,0.998040,0.001723
data_rand_fold0/Testing/notumor/Tr-no_0408.jpg,nt323,notumor,notumor,1,0.999046,0,0,0.000898,0.000039,0.999046,0.000016
data_rand_fold0/Testing/notumor/Tr-no_0410.jpg,nt325,notumor,notumor,1,0.999533,0,0,0.000131,0.000167,0.999533,0.000169
data_rand_fold0/Testing/notumor/Tr-no_0428.jpg,nt342,notumor,notumor,1,0.999948,0,0,0.000002,0.000021,0.999948,0.000029
data_rand_fold0/Testing/notumor/Tr-no_0429.jpg,nt343,notumor,notumor,1,0.999807,0,0,0.000039,0.000116,0.999807,0.000038
data_rand_fold0/Testing/notumor/Tr-no_0432.jpg,nt346,notumor,notumor,1,0.999995,0,0,0.000004,0.000001,0.999995,0.000000
data_rand_fold0/Testing/notumor/Tr-no_0445.jpg,nt359,notumor,notumor,1,0.999876,0,0,0.000031,0.000082,0.999876,0.000011
data_rand_fold0/Testing/notumor/Tr-no_0450.jpg,nt364,notumor,notumor,1,0.999981,0,0,0.000004,0.000015,0.999981,0.000000
data_rand_fold0/Testing/notumor/Tr-no_0452.jpg,nt366,notumor,notumor,1,0.999998,0,0,0.000001,0.000001,0.999998,0.000000
data_rand_fold0/Testing/notumor/Tr-no_0461.jpg,nt375,notumor,notumor,1,0.999994,0,0,0.000000,0.000006,0.999994,0.000000
data_rand_fold0/Testing/notumor/Tr-no_0465.jpg,nt379,notumor,notumor,1,0.999626,0,0,0.000001,0.000335,0.999626,0.000038
data_rand_fold0/Testing/notumor/Tr-no_0467.jpg,nt381,notumor,notumor,1,0.999978,0,0,0.000004,0.000007,0.999978,0.000011
data_rand_fold0/Testing/notumor/Tr-no_0472.jpg,nt386,notumor,notumor,1,0.999386,0,0,0.000198,0.000368,0.999386,0.000048
data_rand_fold0/Testing/notumor/Tr-no_0473.jpg,nt387,notumor,notumor,1,0.999780,0,0,0.000037,0.000164,0.999780,0.000019
data_rand_fold0/Testing/notumor/Tr-no_0474.jpg,nt388,notumor,notumor,1,0.999997,0,0,0.000000,0.000003,0.999997,0.000000
data_rand_fold0/Testing/notumor/Tr-no_0475.jpg,nt389,notumor,notumor,1,0.999990,0,0,0.000002,0.000005,0.999990,0.000003
data_rand_fold0/Testing/notumor/Tr-no_0484.jpg,nt398,notumor,notumor,1,0.999462,0,0,0.000151,0.000364,0.999462,0.000022
data_rand_fold0/Testing/notumor/Tr-no_0507.jpg,nt421,notumor,notumor,1,0.999785,0,0,0.000012,0.000199,0.999785,0.000004
data_rand_fold0/Testing/notumor/Tr-no_0509.jpg,nt423,notumor,notumor,1,0.999992,0,0,0.000003,0.000004,0.999992,0.000001
data_rand_fold0/Testing/notumor/Tr-no_0514.jpg,nt428,notumor,notumor,1,0.999996,0,0,0.000002,0.000002,0.999996,0.000000
data_rand_fold0/Testing/notumor/Tr-no_0515.jpg,nt429,notumor,notumor,1,0.991253,0,0,0.000372,0.000090,0.991253,0.008284
data_rand_fold0/Testing/notumor/Tr-no_0525.jpg,nt439,notumor,notumor,1,0.999966,0,0,0.000010,0.000018,0.999966,0.000006
data_rand_fold0/Testing/notumor/Tr-no_0528.jpg,nt441,notumor,notumor,1,0.999853,0,0,0.000008,0.000012,0.999853,0.000127
data_rand_fold0/Testing/notumor/Tr-no_0529.jpg,nt442,notumor,notumor,1,0.999852,0,0,0.000087,0.000039,0.999852,0.000022
data_rand_fold0/Testing/notumor/Tr-no_0530.jpg,nt443,notumor,notumor,1,0.999998,0,0,0.000001,0.000000,0.999998,0.000000
data_rand_fold0/Testing/notumor/Tr-no_0538.jpg,nt450,notumor,notumor,1,0.999972,0,0,0.000016,0.000011,0.999972,0.000001
data_rand_fold0/Testing/notumor/Tr-no_0539.jpg,nt451,notumor,notumor,1,0.999507,0,0,0.000428,0.000056,0.999507,0.000008
data_rand_fold0/Testing/notumor/Tr-no_0543.jpg,nt452,notumor,notumor,1,0.999913,0,0,0.000041,0.000027,0.999913,0.000019
data_rand_fold0/Testing/notumor/Tr-no_0545.jpg,nt132,notumor,notumor,1,0.999966,0,0,0.000027,0.000006,0.999966,0.000000
data_rand_fold0/Testing/notumor/Tr-no_0546.jpg,nt409,notumor,notumor,1,0.999962,0,0,0.000003,0.000027,0.999962,0.000007
data_rand_fold0/Testing/notumor/Tr-no_0551.jpg,nt455,notumor,notumor,1,0.999863,0,0,0.000049,0.000077,0.999863,0.000011
data_rand_fold0/Testing/notumor/Tr-no_0553.jpg,nt457,notumor,notumor,1,0.999659,0,0,0.000155,0.000179,0.999659,0.000007
data_rand_fold0/Testing/notumor/Tr-no_0572.jpg,nt5,notumor,notumor,1,0.999999,0,0,0.000000,0.000000,0.999999,0.000000
data_rand_fold0/Testing/notumor/Tr-no_0576.jpg,nt475,notumor,notumor,1,0.999992,0,0,0.000002,0.000003,0.999992,0.000002
data_rand_fold0/Testing/notumor/Tr-no_0581.jpg,nt478,notumor,notumor,1,0.999997,0,0,0.000002,0.000001,0.999997,0.000000
data_rand_fold0/Testing/notumor/Tr-no_0582.jpg,nt479,notumor,notumor,1,1.000000,0,0,0.000000,0.000000,1.000000,0.000000
data_rand_fold0/Testing/notumor/Tr-no_0613.jpg,nt508,notumor,notumor,1,0.999957,0,0,0.000000,0.000041,0.999957,0.000001
data_rand_fold0/Testing/notumor/Tr-no_0617.jpg,nt512,notumor,notumor,1,0.999934,0,0,0.000030,0.000025,0.999934,0.000011
data_rand_fold0/Testing/notumor/Tr-no_0622.jpg,nt517,notumor,notumor,1,0.999999,0,0,0.000000,0.000000,0.999999,0.000000
data_rand_fold0/Testing/notumor/Tr-no_0629.jpg,nt523,notumor,notumor,1,0.999992,0,0,0.000003,0.000004,0.999992,0.000001
data_rand_fold0/Testing/notumor/Tr-no_0631.jpg,nt525,notumor,notumor,1,0.999871,0,0,0.000012,0.000109,0.999871,0.000008
data_rand_fold0/Testing/notumor/Tr-no_0632.jpg,nt366,notumor,notumor,1,0.999999,0,0,0.000001,0.000000,0.999999,0.000000
data_rand_fold0/Testing/notumor/Tr-no_0635.jpg,nt527,notumor,notumor,1,0.999965,0,0,0.000013,0.000015,0.999965,0.000006
data_rand_fold0/Testing/notumor/Tr-no_0637.jpg,nt529,notumor,notumor,1,0.999914,0,0,0.000023,0.000021,0.999914,0.000042
data_rand_fold0/Testing/notumor/Tr-no_0656.jpg,nt545,notumor,notumor,1,0.999984,0,0,0.000006,0.000003,0.999984,0.000007
data_rand_fold0/Testing/notumor/Tr-no_0657.jpg,nt320,notumor,notumor,1,1.000000,0,0,0.000000,0.000000,1.000000,0.000000
data_rand_fold0/Testing/notumor/Tr-no_0675.jpg,nt420,notumor,notumor,1,0.999990,0,0,0.000002,0.000007,0.999990,0.000000
data_rand_fold0/Testing/notumor/Tr-no_0684.jpg,nt568,notumor,notumor,1,0.999548,0,0,0.000396,0.000028,0.999548,0.000028
data_rand_fold0/Testing/notumor/Tr-no_0685.jpg,nt569,notumor,notumor,1,0.999541,0,0,0.000076,0.000063,0.999541,0.000320
data_rand_fold0/Testing/notumor/Tr-no_0700.jpg,nt131,notumor,notumor,1,0.999855,0,0,0.000043,0.000094,0.999855,0.000008
data_rand_fold0/Testing/notumor/Tr-no_0706.jpg,nt157,notumor,notumor,1,1.000000,0,0,0.000000,0.000000,1.000000,0.000000
data_rand_fold0/Testing/notumor/Tr-no_0708.jpg,nt21,notumor,notumor,1,0.986127,0,0,0.000863,0.004818,0.986127,0.008192
data_rand_fold0/Testing/notumor/Tr-no_0711.jpg,nt583,notumor,notumor,1,0.999784,0,0,0.000173,0.000039,0.999784,0.000004
data_rand_fold0/Testing/notumor/Tr-no_0715.jpg,nt586,notumor,notumor,1,0.999992,0,0,0.000001,0.000007,0.999992,0.000001
data_rand_fold0/Testing/notumor/Tr-no_0717.jpg,nt140,notumor,notumor,1,0.998888,0,0,0.000024,0.001064,0.998888,0.000025
data_rand_fold0/Testing/notumor/Tr-no_0721.jpg,nt441,notumor,notumor,1,0.999768,0,0,0.000012,0.000015,0.999768,0.000205
data_rand_fold0/Testing/notumor/Tr-no_0722.jpg,nt339,notumor,notumor,1,0.998357,0,0,0.000028,0.001277,0.998357,0.000337
data_rand_fold0/Testing/notumor/Tr-no_0724.jpg,nt591,notumor,notumor,1,0.999997,0,0,0.000002,0.000000,0.999997,0.000000
data_rand_fold0/Testing/notumor/Tr-no_0725.jpg,nt592,notumor,notumor,1,1.000000,0,0,0.000000,0.000000,1.000000,0.000000
data_rand_fold0/Testing/notumor/Tr-no_0728.jpg,nt406,notumor,notumor,1,0.999991,0,0,0.000007,0.000001,0.999991,0.000001
data_rand_fold0/Testing/notumor/Tr-no_0737.jpg,nt600,notumor,notumor,1,0.999908,0,0,0.000028,0.000054,0.999908,0.000010
data_rand_fold0/Testing/notumor/Tr-no_0742.jpg,nt604,notumor,notumor,1,0.999902,0,0,0.000079,0.000005,0.999902,0.000015
data_rand_fold0/Testing/notumor/Tr-no_0745.jpg,nt607,notumor,notumor,1,0.999995,0,0,0.000000,0.000000,0.999995,0.000005
data_rand_fold0/Testing/notumor/Tr-no_0751.jpg,nt613,notumor,notumor,1,0.999867,0,0,0.000095,0.000001,0.999867,0.000037
data_rand_fold0/Testing/notumor/Tr-no_0754.jpg,nt615,notumor,notumor,1,0.996188,0,0,0.003763,0.000018,0.996188,0.000032
data_rand_fold0/Testing/notumor/Tr-no_0761.jpg,nt622,notumor,notumor,1,0.999995,0,0,0.000004,0.000000,0.999995,0.000001
data_rand_fold0/Testing/notumor/Tr-no_0763.jpg,nt624,notumor,notumor,1,0.999983,0,0,0.000004,0.000009,0.999983,0.000004
data_rand_fold0/Testing/notumor/Tr-no_0765.jpg,nt494,notumor,notumor,1,0.999988,0,0,0.000005,0.000005,0.999988,0.000002
data_rand_fold0/Testing/notumor/Tr-no_0766.jpg,nt143,notumor,notumor,1,0.999924,0,0,0.000010,0.000029,0.999924,0.000037
data_rand_fold0/Testing/notumor/Tr-no_0771.jpg,nt630,notumor,notumor,1,0.999999,0,0,0.000001,0.000000,0.999999,0.000000
data_rand_fold0/Testing/notumor/Tr-no_0774.jpg,nt633,notumor,notumor,1,0.999996,0,0,0.000001,0.000002,0.999996,0.000001
data_rand_fold0/Testing/notumor/Tr-no_0777.jpg,nt636,notumor,notumor,1,0.999920,0,0,0.000003,0.000041,0.999920,0.000036
data_rand_fold0/Testing/notumor/Tr-no_0781.jpg,nt639,notumor,notumor,1,0.999722,0,0,0.000025,0.000117,0.999722,0.000136
data_rand_fold0/Testing/notumor/Tr-no_0785.jpg,nt643,notumor,notumor,1,0.999872,0,0,0.000039,0.000020,0.999872,0.000069
data_rand_fold0/Testing/notumor/Tr-no_0786.jpg,nt644,notumor,notumor,1,0.999689,0,0,0.000032,0.000253,0.999689,0.000026
data_rand_fold0/Testing/notumor/Tr-no_0802.jpg,nt658,notumor,notumor,1,0.999806,0,0,0.000109,0.000035,0.999806,0.000051
data_rand_fold0/Testing/notumor/Tr-no_0804.jpg,nt659,notumor,notumor,1,0.999877,0,0,0.000031,0.000076,0.999877,0.000016
data_rand_fold0/Testing/notumor/Tr-no_0811.jpg,nt666,notumor,notumor,1,0.999938,0,0,0.000044,0.000010,0.999938,0.000008
data_rand_fold0/Testing/notumor/Tr-no_0812.jpg,nt667,notumor,notumor,1,0.999915,0,0,0.000080,0.000002,0.999915,0.000003
data_rand_fold0/Testing/notumor/Tr-no_0817.jpg,nt671,notumor,notumor,1,0.999996,0,0,0.000001,0.000002,0.999996,0.000001
data_rand_fold0/Testing/notumor/Tr-no_0818.jpg,nt672,notumor,notumor,1,0.999993,0,0,0.000004,0.000001,0.999993,0.000001
data_rand_fold0/Testing/notumor/Tr-no_0822.jpg,nt676,notumor,notumor,1,0.999993,0,0,0.000001,0.000003,0.999993,0.000003
data_rand_fold0/Testing/notumor/Tr-no_0827.jpg,nt681,notumor,notumor,1,0.999975,0,0,0.000006,0.000012,0.999975,0.000007
data_rand_fold0/Testing/notumor/Tr-no_0835.jpg,nt688,notumor,notumor,1,0.999667,0,0,0.000077,0.000162,0.999667,0.000094
data_rand_fold0/Testing/notumor/Tr-no_0839.jpg,nt692,notumor,notumor,1,0.999852,0,0,0.000072,0.000034,0.999852,0.000041
data_rand_fold0/Testing/notumor/Tr-no_0841.jpg,nt693,notumor,notumor,1,0.999902,0,0,0.000084,0.000007,0.999902,0.000006
data_rand_fold0/Testing/notumor/Tr-no_0845.jpg,nt697,notumor,notumor,1,0.999990,0,0,0.000004,0.000003,0.999990,0.000003
data_rand_fold0/Testing/notumor/Tr-no_0851.jpg,nt703,notumor,notumor,1,1.000000,0,0,0.000000,0.000000,1.000000,0.000000
data_rand_fold0/Testing/notumor/Tr-no_0852.jpg,nt704,notumor,notumor,1,0.999719,0,0,0.000004,0.000081,0.999719,0.000197
data_rand_fold0/Testing/notumor/Tr-no_0855.jpg,nt707,notumor,notumor,1,0.999991,0,0,0.000003,0.000001,0.999991,0.000005
data_rand_fold0/Testing/notumor/Tr-no_0857.jpg,nt709,notumor,notumor,1,0.999931,0,0,0.000018,0.000003,0.999931,0.000048
data_rand_fold0/Testing/notumor/Tr-no_0867.jpg,nt718,notumor,notumor,1,0.999970,0,0,0.000013,0.000013,0.999970,0.000004
data_rand_fold0/Testing/notumor/Tr-no_0870.jpg,nt721,notumor,notumor,1,0.999988,0,0,0.000007,0.000003,0.999988,0.000002
data_rand_fold0/Testing/notumor/Tr-no_0872.jpg,nt723,notumor,notumor,1,1.000000,0,0,0.000000,0.000000,1.000000,0.000000
data_rand_fold0/Testing/notumor/Tr-no_0886.jpg,nt735,notumor,notumor,1,0.999930,0,0,0.000065,0.000002,0.999930,0.000002
data_rand_fold0/Testing/notumor/Tr-no_0889.jpg,nt155,notumor,notumor,1,0.999211,0,0,0.000617,0.000148,0.999211,0.000023
data_rand_fold0/Testing/notumor/Tr-no_0893.jpg,nt740,notumor,notumor,1,0.999951,0,0,0.000043,0.000004,0.999951,0.000002
data_rand_fold0/Testing/notumor/Tr-no_0904.jpg,nt749,notumor,notumor,1,0.999998,0,0,0.000002,0.000000,0.999998,0.000000
data_rand_fold0/Testing/notumor/Tr-no_0925.jpg,nt768,notumor,notumor,1,0.999987,0,0,0.000007,0.000004,0.999987,0.000003
data_rand_fold0/Testing/notumor/Tr-no_0940.jpg,nt780,notumor,notumor,1,0.999998,0,0,0.000001,0.000001,0.999998,0.000000
data_rand_fold0/Testing/notumor/Tr-no_0945.jpg,nt784,notumor,notumor,1,0.999995,0,0,0.000001,0.000001,0.999995,0.000003
data_rand_fold0/Testing/notumor/Tr-no_0950.jpg,nt789,notumor,notumor,1,0.999672,0,0,0.000223,0.000003,0.999672,0.000102
data_rand_fold0/Testing/notumor/Tr-no_0955.jpg,nt793,notumor,notumor,1,0.999991,0,0,0.000003,0.000002,0.999991,0.000004
data_rand_fold0/Testing/notumor/Tr-no_0958.jpg,nt796,notumor,notumor,1,0.999552,0,0,0.000117,0.000010,0.999552,0.000321
data_rand_fold0/Testing/notumor/Tr-no_0960.jpg,nt704,notumor,notumor,1,0.999609,0,0,0.000006,0.000169,0.999609,0.000216
data_rand_fold0/Testing/notumor/Tr-no_0975.jpg,nt466,notumor,notumor,1,0.999985,0,0,0.000010,0.000004,0.999985,0.000001
data_rand_fold0/Testing/notumor/Tr-no_1004.jpg,nt237,notumor,notumor,1,0.999989,0,0,0.000003,0.000004,0.999989,0.000004
data_rand_fold0/Testing/notumor/Tr-no_1005.jpg,nt805,notumor,notumor,1,0.999992,0,0,0.000007,0.000001,0.999992,0.000000
data_rand_fold0/Testing/notumor/Tr-no_1006.jpg,nt18,notumor,notumor,1,0.999392,0,0,0.000399,0.000182,0.999392,0.000027
data_rand_fold0/Testing/notumor/Tr-no_1013.jpg,nt125,notumor,notumor,1,0.999997,0,0,0.000002,0.000000,0.999997,0.000000
data_rand_fold0/Testing/notumor/Tr-no_1024.jpg,nt808,notumor,notumor,1,0.999996,0,0,0.000003,0.000001,0.999996,0.000000
data_rand_fold0/Testing/notumor/Tr-no_1031.jpg,nt12,notumor,notumor,1,0.997503,0,0,0.002299,0.000179,0.997503,0.000019
data_rand_fold0/Testing/notumor/Tr-no_1037.jpg,nt310,notumor,notumor,1,0.999998,0,0,0.000002,0.000000,0.999998,0.000000
data_rand_fold0/Testing/notumor/Tr-no_1044.jpg,nt170,notumor,notumor,1,0.999741,0,0,0.000146,0.000041,0.999741,0.000072
data_rand_fold0/Testing/notumor/Tr-no_1049.jpg,nt814,notumor,notumor,1,0.999880,0,0,0.000004,0.000110,0.999880,0.000007
data_rand_fold0/Testing/notumor/Tr-no_1132.jpg,nt822,notumor,notumor,1,0.999888,0,0,0.000061,0.000042,0.999888,0.000009
data_rand_fold0/Testing/notumor/Tr-no_1134.jpg,nt458,notumor,notumor,1,1.000000,0,0,0.000000,0.000000,1.000000,0.000000
data_rand_fold0/Testing/notumor/Tr-no_1143.jpg,nt823,notumor,notumor,1,0.999998,0,0,0.000001,0.000001,0.999998,0.000000
data_rand_fold0/Testing/notumor/Tr-no_1145.jpg,nt459,notumor,notumor,1,0.999934,0,0,0.000022,0.000029,0.999934,0.000015
data_rand_fold0/Testing/notumor/Tr-no_1148.jpg,nt804,notumor,notumor,1,0.999995,0,0,0.000003,0.000002,0.999995,0.000000
data_rand_fold0/Testing/notumor/Tr-no_1154.jpg,nt345,notumor,notumor,1,0.999792,0,0,0.000090,0.000098,0.999792,0.000019
data_rand_fold0/Testing/notumor/Tr-no_1160.jpg,nt168,notumor,notumor,1,0.999987,0,0,0.000010,0.000001,0.999987,0.000003
data_rand_fold0/Testing/notumor/Tr-no_1172.jpg,nt232,notumor,notumor,1,0.999920,0,0,0.000074,0.000004,0.999920,0.000002
data_rand_fold0/Testing/notumor/Tr-no_1185.jpg,nt792,notumor,notumor,1,0.999995,0,0,0.000003,0.000002,0.999995,0.000000
data_rand_fold0/Testing/notumor/Tr-no_1187.jpg,nt350,notumor,notumor,1,0.999989,0,0,0.000005,0.000005,0.999989,0.000000
data_rand_fold0/Testing/notumor/Tr-no_1201.jpg,nt35,notumor,notumor,1,0.999998,0,0,0.000001,0.000001,0.999998,0.000000
data_rand_fold0/Testing/notumor/Tr-no_1204.jpg,nt548,notumor,notumor,1,0.999957,0,0,0.000017,0.000023,0.999957,0.000002
data_rand_fold0/Testing/notumor/Tr-no_1205.jpg,nt552,notumor,notumor,1,0.999999,0,0,0.000000,0.000001,0.999999,0.000000
data_rand_fold0/Testing/notumor/Tr-no_1207.jpg,nt828,notumor,notumor,1,0.999149,0,0,0.000015,0.000820,0.999149,0.000017
data_rand_fold0/Testing/notumor/Tr-no_1209.jpg,nt829,notumor,notumor,1,0.999996,0,0,0.000001,0.000002,0.999996,0.000001
data_rand_fold0/Testing/notumor/Tr-no_1211.jpg,nt830,notumor,notumor,1,0.999910,0,0,0.000009,0.000082,0.999910,0.000000
data_rand_fold0/Testing/notumor/Tr-no_1212.jpg,nt831,notumor,notumor,1,1.000000,0,0,0.000000,0.000000,1.000000,0.000000
data_rand_fold0/Testing/notumor/Tr-no_1213.jpg,nt832,notumor,notumor,1,0.999983,0,0,0.000003,0.000014,0.999983,0.000000
data_rand_fold0/Testing/notumor/Tr-no_1221.jpg,nt835,notumor,notumor,1,0.999967,0,0,0.000003,0.000025,0.999967,0.000006
data_rand_fold0/Testing/notumor/Tr-no_1227.jpg,nt539,notumor,notumor,1,0.999998,0,0,0.000001,0.000001,0.999998,0.000000
data_rand_fold0/Testing/notumor/Tr-no_1237.jpg,nt400,notumor,notumor,1,0.999994,0,0,0.000004,0.000002,0.999994,0.000000
data_rand_fold0/Testing/notumor/Tr-no_1241.jpg,nt402,notumor,notumor,1,0.999977,0,0,0.000002,0.000020,0.999977,0.000002
data_rand_fold0/Testing/notumor/Tr-no_1244.jpg,nt847,notumor,notumor,1,0.999963,0,0,0.000020,0.000017,0.999963,0.000000
data_rand_fold0/Testing/notumor/Tr-no_1246.jpg,nt479,notumor,notumor,1,1.000000,0,0,0.000000,0.000000,1.000000,0.000000
data_rand_fold0/Testing/notumor/Tr-no_1247.jpg,nt848,notumor,notumor,1,0.999671,0,0,0.000032,0.000285,0.999671,0.000012
data_rand_fold0/Testing/notumor/Tr-no_1260.jpg,nt855,notumor,notumor,1,1.000000,0,0,0.000000,0.000000,1.000000,0.000000
data_rand_fold0/Testing/notumor/Tr-no_1263.jpg,nt418,notumor,notumor,1,0.999965,0,0,0.000006,0.000009,0.999965,0.000020
data_rand_fold0/Testing/notumor/Tr-no_1273.jpg,nt863,notumor,notumor,1,1.000000,0,0,0.000000,0.000000,1.000000,0.000000
data_rand_fold0/Testing/notumor/Tr-no_1285.jpg,nt872,notumor,notumor,1,0.999985,0,0,0.000008,0.000006,0.999985,0.000000
data_rand_fold0/Testing/notumor/Tr-no_1289.jpg,nt875,notumor,notumor,1,0.999994,0,0,0.000002,0.000004,0.999994,0.000000
data_rand_fold0/Testing/notumor/Tr-no_1292.jpg,nt877,notumor,notumor,1,0.999976,0,0,0.000020,0.000003,0.999976,0.000001
data_rand_fold0/Testing/notumor/Tr-no_1294.jpg,nt879,notumor,notumor,1,0.999857,0,0,0.000073,0.000066,0.999857,0.000004
data_rand_fold0/Testing/notumor/Tr-no_1298.jpg,nt883,notumor,notumor,1,0.999908,0,0,0.000074,0.000002,0.999908,0.000016
data_rand_fold0/Testing/notumor/Tr-no_1304.jpg,nt375,notumor,notumor,1,0.999999,0,0,0.000000,0.000001,0.999999,0.000000
data_rand_fold0/Testing/notumor/Tr-no_1305.jpg,nt886,notumor,notumor,1,0.999894,0,0,0.000022,0.000077,0.999894,0.000007
data_rand_fold0/Testing/notumor/Tr-no_1307.jpg,nt887,notumor,notumor,1,0.999961,0,0,0.000003,0.000033,0.999961,0.000003
data_rand_fold0/Testing/notumor/Tr-no_1313.jpg,nt891,notumor,notumor,1,0.999919,0,0,0.000073,0.000007,0.999919,0.000001
data_rand_fold0/Testing/notumor/Tr-no_1317.jpg,nt382,notumor,notumor,1,0.999978,0,0,0.000008,0.000011,0.999978,0.000003
data_rand_fold0/Testing/notumor/Tr-no_1321.jpg,nt898,notumor,notumor,1,0.999993,0,0,0.000005,0.000002,0.999993,0.000000
data_rand_fold0/Testing/notumor/Tr-no_1324.jpg,nt901,notumor,notumor,1,0.999943,0,0,0.000011,0.000044,0.999943,0.000002
data_rand_fold0/Testing/notumor/Tr-no_1327.jpg,nt902,notumor,notumor,1,0.999867,0,0,0.000040,0.000085,0.999867,0.000008
data_rand_fold0/Testing/notumor/Tr-no_1328.jpg,nt903,notumor,notumor,1,1.000000,0,0,0.000000,0.000000,1.000000,0.000000
data_rand_fold0/Testing/notumor/Tr-no_1329.jpg,nt904,notumor,notumor,1,0.999816,0,0,0.000014,0.000161,0.999816,0.000009
data_rand_fold0/Testing/notumor/Tr-no_1334.jpg,nt388,notumor,notumor,1,0.999997,0,0,0.000000,0.000003,0.999997,0.000000
data_rand_fold0/Testing/notumor/Tr-no_1339.jpg,nt531,notumor,notumor,1,0.999998,0,0,0.000000,0.000001,0.999998,0.000000
data_rand_fold0/Testing/notumor/Tr-no_1340.jpg,nt532,notumor,notumor,1,1.000000,0,0,0.000000,0.000000,1.000000,0.000000
data_rand_fold0/Testing/notumor/Tr-no_1342.jpg,nt809,notumor,notumor,1,0.999924,0,0,0.000052,0.000022,0.999924,0.000001
data_rand_fold0/Testing/notumor/Tr-no_1343.jpg,nt484,notumor,notumor,1,0.999949,0,0,0.000009,0.000042,0.999949,0.000001
data_rand_fold0/Testing/notumor/Tr-no_1350.jpg,nt915,notumor,notumor,1,0.999998,0,0,0.000000,0.000001,0.999998,0.000000
data_rand_fold0/Testing/notumor/Tr-no_1352.jpg,nt916,notumor,notumor,1,0.999986,0,0,0.000003,0.000003,0.999986,0.000009
data_rand_fold0/Testing/notumor/Tr-no_1358.jpg,nt922,notumor,notumor,1,0.999894,0,0,0.000029,0.000069,0.999894,0.000008
data_rand_fold0/Testing/notumor/Tr-no_1364.jpg,nt927,notumor,notumor,1,0.999986,0,0,0.000007,0.000005,0.999986,0.000002
data_rand_fold0/Testing/notumor/Tr-no_1367.jpg,nt930,notumor,notumor,1,0.999988,0,0,0.000010,0.000001,0.999988,0.000001
data_rand_fold0/Testing/notumor/Tr-no_1368.jpg,nt512,notumor,notumor,1,0.999951,0,0,0.000025,0.000016,0.999951,0.000008
data_rand_fold0/Testing/notumor/Tr-no_1371.jpg,nt312,notumor,notumor,1,0.999586,0,0,0.000015,0.000397,0.999586,0.000002
data_rand_fold0/Testing/notumor/Tr-no_1372.jpg,nt313,notumor,notumor,1,0.999979,0,0,0.000012,0.000008,0.999979,0.000001
data_rand_fold0/Testing/notumor/Tr-no_1374.jpg,nt934,notumor,notumor,1,0.998707,0,0,0.001180,0.000104,0.998707,0.000010
data_rand_fold0/Testing/notumor/Tr-no_1376.jpg,nt315,notumor,notumor,1,0.999677,0,0,0.000097,0.000029,0.999677,0.000197
data_rand_fold0/Testing/notumor/Tr-no_1377.jpg,nt935,notumor,notumor,1,0.999981,0,0,0.000012,0.000006,0.999981,0.000002
data_rand_fold0/Testing/notumor/Tr-no_1381.jpg,nt321,notumor,notumor,1,0.999716,0,0,0.000184,0.000096,0.999716,0.000003
data_rand_fold0/Testing/notumor/Tr-no_1391.jpg,nt945,notumor,notumor,1,0.999911,0,0,0.000032,0.000022,0.999911,0.000035
data_rand_fold0/Testing/notumor/Tr-no_1401.jpg,nt952,notumor,notumor,1,0.999962,0,0,0.000013,0.000024,0.999962,0.000001
data_rand_fold0/Testing/notumor/Tr-no_1409.jpg,nt340,notumor,notumor,1,0.999986,0,0,0.000011,0.000002,0.999986,0.000001
data_rand_fold0/Testing/notumor/Tr-no_1412.jpg,nt957,notumor,notumor,1,0.999356,0,0,0.000192,0.000063,0.999356,0.000389
data_rand_fold0/Testing/notumor/Tr-no_1413.jpg,nt341,notumor,notumor,1,0.999997,0,0,0.000003,0.000000,0.999997,0.000000
data_rand_fold0/Testing/notumor/Tr-no_1414.jpg,nt343,notumor,notumor,1,0.999850,0,0,0.000033,0.000077,0.999850,0.000040
data_rand_fold0/Testing/notumor/Tr-no_1417.jpg,nt822,notumor,notumor,1,0.999926,0,0,0.000044,0.000024,0.999926,0.000006
data_rand_fold0/Testing/notumor/Tr-no_1421.jpg,nt961,notumor,notumor,1,0.999963,0,0,0.000034,0.000002,0.999963,0.000001
data_rand_fold0/Testing/notumor/Tr-no_1422.jpg,nt350,notumor,notumor,1,0.999989,0,0,0.000007,0.000004,0.999989,0.000000
data_rand_fold0/Testing/notumor/Tr-no_1424.jpg,nt962,notumor,notumor,1,0.999997,0,0,0.000001,0.000001,0.999997,0.000001
data_rand_fold0/Testing/notumor/Tr-no_1442.jpg,nt496,notumor,notumor,1,0.999993,0,0,0.000001,0.000007,0.999993,0.000000
data_rand_fold0/Testing/notumor/Tr-no_1445.jpg,nt977,notumor,notumor,1,0.999993,0,0,0.000004,0.000002,0.999993,0.000000
data_rand_fold0/Testing/notumor/Tr-no_1455.jpg,nt982,notumor,notumor,1,0.997948,0,0,0.000030,0.001968,0.997948,0.000054
data_rand_fold0/Testing/notumor/Tr-no_1460.jpg,nt983,notumor,notumor,1,0.999987,0,0,0.000002,0.000011,0.999987,0.000000
data_rand_fold0/Testing/notumor/Tr-no_1469.jpg,nt491,notumor,notumor,1,0.998890,0,0,0.000802,0.000197,0.998890,0.000111
data_rand_fold0/Testing/notumor/Tr-no_1471.jpg,nt987,notumor,notumor,1,0.999997,0,0,0.000001,0.000000,0.999997,0.000002
data_rand_fold0/Testing/notumor/Tr-no_1478.jpg,nt695,notumor,notumor,1,0.999976,0,0,0.000018,0.000006,0.999976,0.000000
data_rand_fold0/Testing/notumor/Tr-no_1480.jpg,nt591,notumor,notumor,1,0.999995,0,0,0.000004,0.000001,0.999995,0.000000
data_rand_fold0/Testing/notumor/Tr-no_1482.jpg,nt990,notumor,notumor,1,0.999977,0,0,0.000006,0.000015,0.999977,0.000002
data_rand_fold0/Testing/notumor/Tr-no_1488.jpg,nt594,notumor,notumor,1,0.999577,0,0,0.000183,0.000200,0.999577,0.000039
data_rand_fold0/Testing/notumor/Tr-no_1492.jpg,nt992,notumor,notumor,1,0.999998,0,0,0.000001,0.000001,0.999998,0.000000
data_rand_fold0/Testing/notumor/Tr-no_1496.jpg,nt586,notumor,notumor,1,0.999990,0,0,0.000001,0.000008,0.999990,0.000001
data_rand_fold0/Testing/notumor/Tr-no_1501.jpg,nt516,notumor,notumor,1,0.999037,0,0,0.000007,0.000765,0.999037,0.000192
data_rand_fold0/Testing/notumor/Tr-no_1503.jpg,nt995,notumor,notumor,1,0.999253,0,0,0.000169,0.000435,0.999253,0.000143
data_rand_fold0/Testing/notumor/Tr-no_1505.jpg,nt996,notumor,notumor,1,0.999474,0,0,0.000176,0.000225,0.999474,0.000124
data_rand_fold0/Testing/notumor/Tr-no_1510.jpg,nt860,notumor,notumor,1,0.999995,0,0,0.000004,0.000001,0.999995,0.000000
data_rand_fold0/Testing/notumor/Tr-no_1517.jpg,nt526,notumor,notumor,1,0.999974,0,0,0.000001,0.000025,0.999974,0.000000
data_rand_fold0/Testing/notumor/Tr-no_1518.jpg,nt368,notumor,notumor,1,0.999999,0,0,0.000000,0.000000,0.999999,0.000000
data_rand_fold0/Testing/notumor/Tr-no_1528.jpg,nt1004,notumor,notumor,1,0.999486,0,0,0.000001,0.000502,0.999486,0.000011
data_rand_fold0/Testing/notumor/Tr-no_1532.jpg,nt132,notumor,notumor,1,0.999973,0,0,0.000023,0.000004,0.999973,0.000000
data_rand_fold0/Testing/notumor/Tr-no_1535.jpg,nt588,notumor,notumor,1,0.999985,0,0,0.000002,0.000011,0.999985,0.000002
data_rand_fold0/Testing/notumor/Tr-no_1536.jpg,nt1008,notumor,notumor,1,0.999995,0,0,0.000001,0.000004,0.999995,0.000001
data_rand_fold0/Testing/notumor/Tr-no_1545.jpg,nt321,notumor,notumor,1,0.999789,0,0,0.000135,0.000075,0.999789,0.000002
data_rand_fold0/Testing/notumor/Tr-no_1546.jpg,nt322,notumor,notumor,1,0.999929,0,0,0.000058,0.000012,0.999929,0.000001
data_rand_fold0/Testing/notumor/Tr-no_1557.jpg,nt1012,notumor,notumor,1,0.995670,0,0,0.004283,0.000024,0.995670,0.000023
data_rand_fold0/Testing/notumor/Tr-no_1559.jpg,nt950,notumor,notumor,1,0.999722,0,0,0.000002,0.000011,0.999722,0.000264
data_rand_fold0/Testing/notumor/Tr-no_1564.jpg,nt335,notumor,notumor,1,0.999999,0,0,0.000000,0.000000,0.999999,0.000000
data_rand_fold0/Testing/notumor/Tr-no_1570.jpg,nt1017,notumor,notumor,1,0.999857,0,0,0.000125,0.000015,0.999857,0.000003
data_rand_fold0/Testing/notumor/Tr-no_1575.jpg,nt798,notumor,notumor,1,0.999999,0,0,0.000001,0.000000,0.999999,0.000000
data_rand_fold0/Testing/notumor/Tr-no_1576.jpg,nt913,notumor,notumor,1,0.999970,0,0,0.000021,0.000007,0.999970,0.000002
data_rand_fold0/Testing/notumor/Tr-no_1579.jpg,nt1020,notumor,notumor,1,0.999975,0,0,0.000010,0.000014,0.999975,0.000002
data_rand_fold0/Testing/notumor/Tr-no_1582.jpg,nt919,notumor,notumor,1,0.999920,0,0,0.000023,0.000050,0.999920,0.000008
data_rand_fold0/Testing/notumor/Tr-no_1586.jpg,nt1022,notumor,notumor,1,0.999987,0,0,0.000002,0.000004,0.999987,0.000006
data_rand_fold0/Testing/pituitary/Te-piTr_0002.jpg,101127,pituitary,meningioma,0,0.997690,0,0,0.000136,0.997690,0.000148,0.002027
data_rand_fold0/Testing/pituitary/Te-pi_0010.jpg,101145,pituitary,pituitary,1,0.999971,0,0,0.000000,0.000023,0.000006,0.999971
data_rand_fold0/Testing/pituitary/Te-pi_0016.jpg,103478,pituitary,pituitary,1,0.999992,0,0,0.000000,0.000006,0.000001,0.999992
data_rand_fold0/Testing/pituitary/Te-pi_0021.jpg,103731,pituitary,pituitary,1,0.999986,0,0,0.000001,0.000006,0.000007,0.999986
data_rand_fold0/Testing/pituitary/Te-pi_0024.jpg,104558,pituitary,pituitary,1,0.999997,0,0,0.000000,0.000001,0.000001,0.999997
data_rand_fold0/Testing/pituitary/Te-pi_0031.jpg,97416,pituitary,pituitary,1,0.998076,0,0,0.000002,0.001919,0.000003,0.998076
data_rand_fold0/Testing/pituitary/Te-pi_0032.jpg,97416,pituitary,pituitary,1,0.999427,0,0,0.000001,0.000477,0.000095,0.999427
data_rand_fold0/Testing/pituitary/Te-pi_0037.jpg,98652,pituitary,pituitary,1,0.999678,0,0,0.000004,0.000168,0.000150,0.999678
data_rand_fold0/Testing/pituitary/Te-pi_0041.jpg,98992,pituitary,pituitary,1,0.999997,0,0,0.000000,0.000003,0.000000,0.999997
data_rand_fold0/Testing/pituitary/Te-pi_0052.jpg,104684,pituitary,pituitary,1,0.999981,0,0,0.000000,0.000002,0.000017,0.999981
data_rand_fold0/Testing/pituitary/Te-pi_0057.jpg,107495,pituitary,pituitary,1,0.999990,0,0,0.000000,0.000004,0.000006,0.999990
data_rand_fold0/Testing/pituitary/Te-pi_0068.jpg,109898,pituitary,pituitary,1,0.983025,0,0,0.000059,0.016234,0.000682,0.983025
data_rand_fold0/Testing/pituitary/Te-pi_0069.jpg,110518,pituitary,pituitary,1,0.999991,0,0,0.000000,0.000008,0.000001,0.999991
data_rand_fold0/Testing/pituitary/Te-pi_0077.jpg,111785,pituitary,pituitary,1,0.999821,0,0,0.000102,0.000062,0.000015,0.999821
data_rand_fold0/Testing/pituitary/Te-pi_0083.jpg,113274,pituitary,pituitary,1,0.999986,0,0,0.000013,0.000000,0.000001,0.999986
data_rand_fold0/Testing/pituitary/Te-pi_0086.jpg,114361,pituitary,pituitary,1,0.999983,0,0,0.000000,0.000015,0.000001,0.999983
data_rand_fold0/Testing/pituitary/Te-pi_0091.jpg,107495,pituitary,pituitary,1,0.999841,0,0,0.000000,0.000158,0.000001,0.999841
data_rand_fold0/Testing/pituitary/Te-pi_0096.jpg,107505,pituitary,pituitary,1,0.999997,0,0,0.000000,0.000003,0.000000,0.999997
data_rand_fold0/Testing/pituitary/Te-pi_0097.jpg,107743,pituitary,pituitary,1,0.999987,0,0,0.000001,0.000011,0.000001,0.999987
data_rand_fold0/Testing/pituitary/Te-pi_0101.jpg,109471,pituitary,pituitary,1,1.000000,0,0,0.000000,0.000000,0.000000,1.000000
data_rand_fold0/Testing/pituitary/Te-pi_0103.jpg,109898,pituitary,pituitary,1,0.987964,0,0,0.010067,0.001894,0.000075,0.987964
data_rand_fold0/Testing/pituitary/Te-pi_0119.jpg,106062,pituitary,pituitary,1,0.999941,0,0,0.000007,0.000036,0.000017,0.999941
data_rand_fold0/Testing/pituitary/Te-pi_0122.jpg,107429,pituitary,pituitary,1,0.999956,0,0,0.000000,0.000044,0.000000,0.999956
data_rand_fold0/Testing/pituitary/Te-pi_0128.jpg,108858,pituitary,pituitary,1,0.999900,0,0,0.000000,0.000098,0.000002,0.999900
data_rand_fold0/Testing/pituitary/Te-pi_0137.jpg,114040,pituitary,pituitary,1,0.999178,0,0,0.000123,0.000697,0.000002,0.999178
data_rand_fold0/Testing/pituitary/Te-pi_0140.jpg,112074,pituitary,pituitary,1,0.999940,0,0,0.000005,0.000054,0.000000,0.999940
data_rand_fold0/Testing/pituitary/Te-pi_0152.jpg,103478,pituitary,pituitary,1,0.999984,0,0,0.000000,0.000010,0.000006,0.999984
data_rand_fold0/Testing/pituitary/Te-pi_0153.jpg,103582,pituitary,pituitary,1,0.998896,0,0,0.000080,0.000825,0.000199,0.998896
data_rand_fold0/Testing/pituitary/Te-pi_0162.jpg,101029,pituitary,pituitary,1,0.996260,0,0,0.000439,0.002560,0.000742,0.996260
data_rand_fold0/Testing/pituitary/Te-pi_0184.jpg,98871,pituitary,pituitary,1,0.999946,0,0,0.000001,0.000051,0.000002,0.999946
data_rand_fold0/Testing/pituitary/Te-pi_0190.jpg,99223,pituitary,pituitary,1,0.999981,0,0,0.000001,0.000016,0.000002,0.999981
data_rand_fold0/Testing/pituitary/Te-pi_0200.jpg,102648,pituitary,pituitary,1,0.999998,0,0,0.000001,0.000001,0.000001,0.999998
data_rand_fold0/Testing/pituitary/Te-pi_0209.jpg,103671,pituitary,pituitary,1,0.999995,0,0,0.000003,0.000001,0.000000,0.999995
data_rand_fold0/Testing/pituitary/Te-pi_0212.jpg,103837,pituitary,pituitary,1,0.999821,0,0,0.000003,0.000157,0.000018,0.999821
data_rand_fold0/Testing/pituitary/Te-pi_0218.jpg,104684,pituitary,pituitary,1,0.999923,0,0,0.000014,0.000058,0.000006,0.999923
data_rand_fold0/Testing/pituitary/Te-pi_0220.jpg,105187,pituitary,pituitary,1,0.999998,0,0,0.000000,0.000000,0.000001,0.999998
data_rand_fold0/Testing/pituitary/Te-pi_0227.jpg,107505,pituitary,pituitary,1,0.999881,0,0,0.000016,0.000087,0.000017,0.999881
data_rand_fold0/Testing/pituitary/Te-pi_0229.jpg,97481,pituitary,pituitary,1,0.999996,0,0,0.000002,0.000001,0.000001,0.999996
data_rand_fold0/Testing/pituitary/Te-pi_0230.jpg,97481,pituitary,pituitary,1,0.999987,0,0,0.000000,0.000012,0.000001,0.999987
data_rand_fold0/Testing/pituitary/Te-pi_0235.jpg,98871,pituitary,pituitary,1,0.999998,0,0,0.000000,0.000000,0.000001,0.999998
data_rand_fold0/Testing/pituitary/Te-pi_0236.jpg,98874,pituitary,pituitary,1,0.999913,0,0,0.000003,0.000080,0.000005,0.999913
data_rand_fold0/Testing/pituitary/Te-pi_0241.jpg,98995,pituitary,pituitary,1,0.999752,0,0,0.000005,0.000239,0.000003,0.999752
data_rand_fold0/Testing/pituitary/Te-pi_0242.jpg,99223,pituitary,pituitary,1,0.999999,0,0,0.000000,0.000001,0.000000,0.999999
data_rand_fold0/Testing/pituitary/Te-pi_0244.jpg,101029,pituitary,pituitary,1,1.000000,0,0,0.000000,0.000000,0.000000,1.000000
data_rand_fold0/Testing/pituitary/Te-pi_0256.jpg,103478,pituitary,pituitary,1,1.000000,0,0,0.000000,0.000000,0.000000,1.000000
data_rand_fold0/Testing/pituitary/Te-pi_0257.jpg,103582,pituitary,pituitary,1,0.999980,0,0,0.000000,0.000018,0.000002,0.999980
data_rand_fold0/Testing/pituitary/Te-pi_0260.jpg,103670,pituitary,pituitary,1,0.999935,0,0,0.000001,0.000061,0.000004,0.999935
data_rand_fold0/Testing/pituitary/Te-pi_0261.jpg,103671,pituitary,pituitary,1,1.000000,0,0,0.000000,0.000000,0.000000,1.000000
data_rand_fold0/Testing/pituitary/Te-pi_0262.jpg,103731,pituitary,pituitary,1,0.999990,0,0,0.000000,0.000010,0.000000,0.999990
data_rand_fold0/Testing/pituitary/Te-pi_0264.jpg,103837,pituitary,pituitary,1,0.999998,0,0,0.000000,0.000001,0.000001,0.999998
data_rand_fold0/Testing/pituitary/Te-pi_0266.jpg,104019,pituitary,pituitary,1,0.999997,0,0,0.000000,0.000002,0.000001,0.999997
data_rand_fold0/Testing/pituitary/Te-pi_0269.jpg,104558,pituitary,pituitary,1,0.530551,0,0,0.000024,0.469254,0.000171,0.530551
data_rand_fold0/Testing/pituitary/Te-pi_0270.jpg,104684,pituitary,pituitary,1,0.999998,0,0,0.000000,0.000002,0.000000,0.999998
data_rand_fold0/Testing/pituitary/Te-pi_0275.jpg,105187,pituitary,pituitary,1,0.999999,0,0,0.000000,0.000001,0.000000,0.999999
data_rand_fold0/Testing/pituitary/Te-pi_0280.jpg,97461,pituitary,pituitary,1,0.999999,0,0,0.000000,0.000001,0.000000,0.999999
data_rand_fold0/Testing/pituitary/Te-pi_0282.jpg,97481,pituitary,pituitary,1,1.000000,0,0,0.000000,0.000000,0.000000,1.000000
data_rand_fold0/Testing/pituitary/Te-pi_0283.jpg,109471,pituitary,pituitary,1,0.999698,0,0,0.000144,0.000152,0.000007,0.999698
data_rand_fold0/Testing/pituitary/Te-pi_0286.jpg,97890,pituitary,pituitary,1,1.000000,0,0,0.000000,0.000000,0.000000,1.000000
data_rand_fold0/Testing/pituitary/Te-pi_0292.jpg,98874,pituitary,pituitary,1,0.999469,0,0,0.000001,0.000528,0.000002,0.999469
data_rand_fold0/Testing/pituitary/Te-pi_0294.jpg,98992,pituitary,pituitary,1,0.999997,0,0,0.000000,0.000002,0.000001,0.999997
data_rand_fold0/Testing/pituitary/Te-pi_0298.jpg,99223,pituitary,pituitary,1,0.999996,0,0,0.000000,0.000004,0.000000,0.999996
data_rand_fold0/Testing/pituitary/Tr-piTr_0002.jpg,103671,pituitary,pituitary,1,0.999974,0,0,0.000010,0.000004,0.000012,0.999974
data_rand_fold0/Testing/pituitary/Tr-piTr_0004.jpg,98871,pituitary,pituitary,1,0.999996,0,0,0.000002,0.000000,0.000001,0.999996
data_rand_fold0/Testing/pituitary/Tr-piTr_0005.jpg,98874,pituitary,pituitary,1,0.998996,0,0,0.000113,0.000829,0.000062,0.998996
data_rand_fold0/Testing/pituitary/Tr-piTr_0006.jpg,98874,pituitary,pituitary,1,0.997860,0,0,0.000164,0.001967,0.000009,0.997860
data_rand_fold0/Testing/pituitary/Tr-pi_0010.jpg,98992,pituitary,pituitary,1,0.999995,0,0,0.000001,0.000004,0.000000,0.999995
data_rand_fold0/Testing/pituitary/Tr-pi_0016.jpg,98992,pituitary,pituitary,1,0.999464,0,0,0.000184,0.000339,0.000012,0.999464
data_rand_fold0/Testing/pituitary/Tr-pi_0019.jpg,98995,pituitary,pituitary,1,0.999958,0,0,0.000000,0.000041,0.000001,0.999958
data_rand_fold0/Testing/pituitary/Tr-pi_0021.jpg,99223,pituitary,pituitary,1,1.000000,0,0,0.000000,0.000000,0.000000,1.000000
data_rand_fold0/Testing/pituitary/Tr-pi_0026.jpg,99223,pituitary,pituitary,1,0.999999,0,0,0.000000,0.000001,0.000000,0.999999
data_rand_fold0/Testing/pituitary/Tr-pi_0027.jpg,99223,pituitary,pituitary,1,0.999978,0,0,0.000000,0.000021,0.000000,0.999978
data_rand_fold0/Testing/pituitary/Tr-pi_0043.jpg,101127,pituitary,meningioma,0,0.994305,0,0,0.002889,0.994305,0.000144,0.002663
data_rand_fold0/Testing/pituitary/Tr-pi_0051.jpg,104558,pituitary,pituitary,1,0.999730,0,0,0.000003,0.000265,0.000001,0.999730
data_rand_fold0/Testing/pituitary/Tr-pi_0060.jpg,104684,pituitary,pituitary,1,1.000000,0,0,0.000000,0.000000,0.000000,1.000000
data_rand_fold0/Testing/pituitary/Tr-pi_0065.jpg,104684,pituitary,pituitary,1,0.999993,0,0,0.000002,0.000004,0.000002,0.999993
data_rand_fold0/Testing/pituitary/Tr-pi_0067.jpg,111785,pituitary,pituitary,1,0.999552,0,0,0.000001,0.000387,0.000060,0.999552
data_rand_fold0/Testing/pituitary/Tr-pi_0068.jpg,104912,pituitary,pituitary,1,0.999935,0,0,0.000004,0.000060,0.000002,0.999935
data_rand_fold0/Testing/pituitary/Tr-pi_0074.jpg,105187,pituitary,pituitary,1,0.999300,0,0,0.000021,0.000668,0.000011,0.999300
data_rand_fold0/Testing/pituitary/Tr-pi_0084.jpg,105475,pituitary,pituitary,1,0.999962,0,0,0.000000,0.000012,0.000025,0.999962
data_rand_fold0/Testing/pituitary/Tr-pi_0085.jpg,105475,pituitary,pituitary,1,0.999993,0,0,0.000000,0.000005,0.000003,0.999993
data_rand_fold0/Testing/pituitary/Tr-pi_0093.jpg,105638,pituitary,pituitary,1,0.999987,0,0,0.000000,0.000010,0.000003,0.999987
data_rand_fold0/Testing/pituitary/Tr-pi_0105.jpg,97481,pituitary,pituitary,1,0.999998,0,0,0.000000,0.000001,0.000000,0.999998
data_rand_fold0/Testing/pituitary/Tr-pi_0110.jpg,97599,pituitary,pituitary,1,0.999857,0,0,0.000000,0.000066,0.000076,0.999857
data_rand_fold0/Testing/pituitary/Tr-pi_0115.jpg,97890,pituitary,pituitary,1,0.999998,0,0,0.000000,0.000000,0.000002,0.999998
data_rand_fold0/Testing/pituitary/Tr-pi_0117.jpg,97890,pituitary,pituitary,1,0.999862,0,0,0.000000,0.000031,0.000106,0.999862
data_rand_fold0/Testing/pituitary/Tr-pi_0123.jpg,114361,pituitary,pituitary,1,0.999941,0,0,0.000004,0.000053,0.000003,0.999941
data_rand_fold0/Testing/pituitary/Tr-pi_0129.jpg,98652,pituitary,pituitary,1,0.998377,0,0,0.000014,0.001553,0.000056,0.998377
data_rand_fold0/Testing/pituitary/Tr-pi_0131.jpg,98871,pituitary,pituitary,1,0.999999,0,0,0.000000,0.000001,0.000000,0.999999
data_rand_fold0/Testing/pituitary/Tr-pi_0145.jpg,114094,pituitary,pituitary,1,1.000000,0,0,0.000000,0.000000,0.000000,1.000000
data_rand_fold0/Testing/pituitary/Tr-pi_0150.jpg,98992,pituitary,pituitary,1,0.999967,0,0,0.000008,0.000020,0.000005,0.999967
data_rand_fold0/Testing/pituitary/Tr-pi_0154.jpg,98995,pituitary,pituitary,1,0.999819,0,0,0.000006,0.000174,0.000002,0.999819
data_rand_fold0/Testing/pituitary/Tr-pi_0156.jpg,114094,pituitary,pituitary,1,0.999997,0,0,0.000000,0.000003,0.000000,0.999997
data_rand_fold0/Testing/pituitary/Tr-pi_0166.jpg,99223,pituitary,pituitary,1,0.999970,0,0,0.000005,0.000025,0.000000,0.999970
data_rand_fold0/Testing/pituitary/Tr-pi_0168.jpg,101017,pituitary,pituitary,1,0.999998,0,0,0.000000,0.000002,0.000000,0.999998
data_rand_fold0/Testing/pituitary/Tr-pi_0169.jpg,101017,pituitary,pituitary,1,1.000000,0,0,0.000000,0.000000,0.000000,1.000000
data_rand_fold0/Testing/pituitary/Tr-pi_0170.jpg,101017,pituitary,pituitary,1,1.000000,0,0,0.000000,0.000000,0.000000,1.000000
data_rand_fold0/Testing/pituitary/Tr-pi_0172.jpg,101017,pituitary,pituitary,1,0.999939,0,0,0.000003,0.000031,0.000028,0.999939
data_rand_fold0/Testing/pituitary/Tr-pi_0173.jpg,101029,pituitary,pituitary,1,0.999999,0,0,0.000000,0.000000,0.000001,0.999999
data_rand_fold0/Testing/pituitary/Tr-pi_0174.jpg,101029,pituitary,pituitary,1,0.999999,0,0,0.000000,0.000000,0.000000,0.999999
data_rand_fold0/Testing/pituitary/Tr-pi_0176.jpg,101029,pituitary,pituitary,1,1.000000,0,0,0.000000,0.000000,0.000000,1.000000
data_rand_fold0/Testing/pituitary/Tr-pi_0183.jpg,101145,pituitary,pituitary,1,0.999998,0,0,0.000000,0.000001,0.000001,0.999998
data_rand_fold0/Testing/pituitary/Tr-pi_0190.jpg,101724,pituitary,pituitary,1,0.999964,0,0,0.000026,0.000002,0.000007,0.999964
data_rand_fold0/Testing/pituitary/Tr-pi_0193.jpg,101724,pituitary,pituitary,1,0.999944,0,0,0.000022,0.000026,0.000008,0.999944
data_rand_fold0/Testing/pituitary/Tr-pi_0194.jpg,101724,pituitary,pituitary,1,0.999599,0,0,0.000037,0.000077,0.000287,0.999599
data_rand_fold0/Testing/pituitary/Tr-pi_0203.jpg,102648,pituitary,pituitary,1,0.999733,0,0,0.000006,0.000192,0.000070,0.999733
data_rand_fold0/Testing/pituitary/Tr-pi_0208.jpg,103257,pituitary,pituitary,1,0.999494,0,0,0.000000,0.000495,0.000011,0.999494
data_rand_fold0/Testing/pituitary/Tr-pi_0209.jpg,103257,pituitary,pituitary,1,0.999881,0,0,0.000000,0.000119,0.000001,0.999881
data_rand_fold0/Testing/pituitary/Tr-pi_0216.jpg,103478,pituitary,pituitary,1,1.000000,0,0,0.000000,0.000000,0.000000,1.000000
data_rand_fold0/Testing/pituitary/Tr-pi_0219.jpg,103478,pituitary,pituitary,1,0.999982,0,0,0.000000,0.000016,0.000002,0.999982
data_rand_fold0/Testing/pituitary/Tr-pi_0220.jpg,103478,pituitary,pituitary,1,1.000000,0,0,0.000000,0.000000,0.000000,1.000000
data_rand_fold0/Testing/pituitary/Tr-pi_0226.jpg,103582,pituitary,pituitary,1,0.999994,0,0,0.000000,0.000005,0.000001,0.999994
data_rand_fold0/Testing/pituitary/Tr-pi_0227.jpg,103582,pituitary,pituitary,1,0.999994,0,0,0.000000,0.000005,0.000001,0.999994
data_rand_fold0/Testing/pituitary/Tr-pi_0233.jpg,103582,pituitary,pituitary,1,0.996136,0,0,0.000029,0.003602,0.000233,0.996136
data_rand_fold0/Testing/pituitary/Tr-pi_0235.jpg,103670,pituitary,pituitary,1,1.000000,0,0,0.000000,0.000000,0.000000,1.000000
data_rand_fold0/Testing/pituitary/Tr-pi_0237.jpg,103670,pituitary,pituitary,1,1.000000,0,0,0.000000,0.000000,0.000000,1.000000
data_rand_fold0/Testing/pituitary/Tr-pi_0243.jpg,103731,pituitary,pituitary,1,0.999988,0,0,0.000001,0.000011,0.000000,0.999988
data_rand_fold0/Testing/pituitary/Tr-pi_0253.jpg,103671,pituitary,pituitary,1,0.999972,0,0,0.000006,0.000015,0.000008,0.999972
data_rand_fold0/Testing/pituitary/Tr-pi_0259.jpg,103731,pituitary,pituitary,1,0.999933,0,0,0.000035,0.000015,0.000018,0.999933
data_rand_fold0/Testing/pituitary/Tr-pi_0261.jpg,103731,pituitary,pituitary,1,0.999941,0,0,0.000002,0.000055,0.000002,0.999941
data_rand_fold0/Testing/pituitary/Tr-pi_0264.jpg,103837,pituitary,pituitary,1,0.999995,0,0,0.000000,0.000003,0.000001,0.999995
data_rand_fold0/Testing/pituitary/Tr-pi_0276.jpg,104684,pituitary,pituitary,1,0.999919,0,0,0.000008,0.000026,0.000047,0.999919
data_rand_fold0/Testing/pituitary/Tr-pi_0277.jpg,104684,pituitary,pituitary,1,0.999925,0,0,0.000014,0.000051,0.000009,0.999925
data_rand_fold0/Testing/pituitary/Tr-pi_0278.jpg,106062,pituitary,pituitary,1,0.999841,0,0,0.000135,0.000021,0.000003,0.999841
data_rand_fold0/Testing/pituitary/Tr-pi_0281.jpg,104684,pituitary,pituitary,1,0.999927,0,0,0.000020,0.000038,0.000015,0.999927
data_rand_fold0/Testing/pituitary/Tr-pi_0290.jpg,105187,pituitary,pituitary,1,1.000000,0,0,0.000000,0.000000,0.000000,1.000000
data_rand_fold0/Testing/pituitary/Tr-pi_0293.jpg,105638,pituitary,pituitary,1,0.999959,0,0,0.000021,0.000018,0.000002,0.999959
data_rand_fold0/Testing/pituitary/Tr-pi_0294.jpg,105638,pituitary,pituitary,1,0.999946,0,0,0.000019,0.000032,0.000003,0.999946
data_rand_fold0/Testing/pituitary/Tr-pi_0302.jpg,97416,pituitary,pituitary,1,0.999980,0,0,0.000000,0.000020,0.000000,0.999980
data_rand_fold0/Testing/pituitary/Tr-pi_0312.jpg,97461,pituitary,pituitary,1,0.999689,0,0,0.000212,0.000090,0.000008,0.999689
data_rand_fold0/Testing/pituitary/Tr-pi_0313.jpg,97481,pituitary,pituitary,1,0.999990,0,0,0.000007,0.000002,0.000001,0.999990
data_rand_fold0/Testing/pituitary/Tr-pi_0316.jpg,97481,pituitary,pituitary,1,0.999872,0,0,0.000028,0.000094,0.000006,0.999872
data_rand_fold0/Testing/pituitary/Tr-pi_0322.jpg,106062,pituitary,pituitary,1,0.999883,0,0,0.000014,0.000085,0.000018,0.999883
data_rand_fold0/Testing/pituitary/Tr-pi_0326.jpg,98472,pituitary,pituitary,1,0.999662,0,0,0.000002,0.000332,0.000004,0.999662
data_rand_fold0/Testing/pituitary/Tr-pi_0345.jpg,107495,pituitary,pituitary,1,0.999996,0,0,0.000000,0.000002,0.000002,0.999996
data_rand_fold0/Testing/pituitary/Tr-pi_0347.jpg,107429,pituitary,pituitary,1,0.999997,0,0,0.000000,0.000001,0.000002,0.999997
data_rand_fold0/Testing/pituitary/Tr-pi_0356.jpg,107495,pituitary,pituitary,1,0.999973,0,0,0.000000,0.000009,0.000018,0.999973
data_rand_fold0/Testing/pituitary/Tr-pi_0358.jpg,108858,pituitary,pituitary,1,0.999987,0,0,0.000001,0.000011,0.000001,0.999987
data_rand_fold0/Testing/pituitary/Tr-pi_0364.jpg,108931,pituitary,pituitary,1,0.999884,0,0,0.000007,0.000011,0.000098,0.999884
data_rand_fold0/Testing/pituitary/Tr-pi_0373.jpg,109769,pituitary,pituitary,1,0.999723,0,0,0.000003,0.000271,0.000003,0.999723
data_rand_fold0/Testing/pituitary/Tr-pi_0376.jpg,109898,pituitary,pituitary,1,0.999789,0,0,0.000001,0.000209,0.000002,0.999789
data_rand_fold0/Testing/pituitary/Tr-pi_0378.jpg,112649,pituitary,pituitary,1,0.999986,0,0,0.000005,0.000003,0.000006,0.999986
data_rand_fold0/Testing/pituitary/Tr-pi_0379.jpg,109898,pituitary,pituitary,1,0.991764,0,0,0.007776,0.000386,0.000073,0.991764
data_rand_fold0/Testing/pituitary/Tr-pi_0387.jpg,110993,pituitary,pituitary,1,0.999962,0,0,0.000002,0.000020,0.000015,0.999962
data_rand_fold0/Testing/pituitary/Tr-pi_0391.jpg,111075,pituitary,pituitary,1,0.998361,0,0,0.000230,0.001382,0.000027,0.998361
data_rand_fold0/Testing/pituitary/Tr-pi_0396.jpg,111785,pituitary,pituitary,1,0.999489,0,0,0.000161,0.000337,0.000013,0.999489
data_rand_fold0/Testing/pituitary/Tr-pi_0408.jpg,112649,pituitary,pituitary,1,0.999962,0,0,0.000011,0.000024,0.000004,0.999962
data_rand_fold0/Testing/pituitary/Tr-pi_0409.jpg,112649,pituitary,pituitary,1,0.999391,0,0,0.000193,0.000410,0.000006,0.999391
data_rand_fold0/Testing/pituitary/Tr-pi_0410.jpg,112649,pituitary,pituitary,1,0.999978,0,0,0.000011,0.000006,0.000004,0.999978
data_rand_fold0/Testing/pituitary/Tr-pi_0413.jpg,107429,pituitary,pituitary,1,0.999943,0,0,0.000000,0.000056,0.000001,0.999943
data_rand_fold0/Testing/pituitary/Tr-pi_0416.jpg,107429,pituitary,pituitary,1,0.999861,0,0,0.000001,0.000137,0.000001,0.999861
data_rand_fold0/Testing/pituitary/Tr-pi_0417.jpg,107429,pituitary,pituitary,1,0.999985,0,0,0.000000,0.000014,0.000000,0.999985
data_rand_fold0/Testing/pituitary/Tr-pi_0420.jpg,107505,pituitary,pituitary,1,0.999963,0,0,0.000004,0.000023,0.000010,0.999963
data_rand_fold0/Testing/pituitary/Tr-pi_0423.jpg,107743,pituitary,pituitary,1,0.999992,0,0,0.000003,0.000003,0.000003,0.999992
data_rand_fold0/Testing/pituitary/Tr-pi_0428.jpg,108858,pituitary,pituitary,1,0.999686,0,0,0.000267,0.000016,0.000030,0.999686
data_rand_fold0/Testing/pituitary/Tr-pi_0429.jpg,108858,pituitary,pituitary,1,0.999989,0,0,0.000003,0.000002,0.000006,0.999989
data_rand_fold0/Testing/pituitary/Tr-pi_0430.jpg,108858,pituitary,pituitary,1,0.999892,0,0,0.000080,0.000017,0.000011,0.999892
data_rand_fold0/Testing/pituitary/Tr-pi_0433.jpg,112847,pituitary,pituitary,1,0.999804,0,0,0.000019,0.000068,0.000108,0.999804
data_rand_fold0/Testing/pituitary/Tr-pi_0444.jpg,110993,pituitary,pituitary,1,0.999908,0,0,0.000008,0.000026,0.000058,0.999908
data_rand_fold0/Testing/pituitary/Tr-pi_0457.jpg,110537,pituitary,pituitary,1,0.999986,0,0,0.000001,0.000002,0.000011,0.999986
data_rand_fold0/Testing/pituitary/Tr-pi_0458.jpg,110537,pituitary,pituitary,1,0.999963,0,0,0.000000,0.000025,0.000012,0.999963
data_rand_fold0/Testing/pituitary/Tr-pi_0460.jpg,110537,pituitary,pituitary,1,0.998298,0,0,0.000001,0.001633,0.000068,0.998298
data_rand_fold0/Testing/pituitary/Tr-pi_0463.jpg,110993,pituitary,pituitary,1,0.999980,0,0,0.000006,0.000008,0.000007,0.999980
data_rand_fold0/Testing/pituitary/Tr-pi_0469.jpg,111075,pituitary,pituitary,1,0.999886,0,0,0.000104,0.000003,0.000008,0.999886
data_rand_fold0/Testing/pituitary/Tr-pi_0477.jpg,111125,pituitary,pituitary,1,0.999915,0,0,0.000033,0.000012,0.000039,0.999915
data_rand_fold0/Testing/pituitary/Tr-pi_0482.jpg,111785,pituitary,pituitary,1,0.999973,0,0,0.000013,0.000013,0.000001,0.999973
data_rand_fold0/Testing/pituitary/Tr-pi_0483.jpg,111785,pituitary,pituitary,1,0.999921,0,0,0.000026,0.000052,0.000001,0.999921
data_rand_fold0/Testing/pituitary/Tr-pi_0487.jpg,112074,pituitary,pituitary,1,0.999342,0,0,0.000043,0.000534,0.000081,0.999342
data_rand_fold0/Testing/pituitary/Tr-pi_0489.jpg,113274,pituitary,pituitary,1,0.999992,0,0,0.000006,0.000000,0.000002,0.999992
data_rand_fold0/Testing/pituitary/Tr-pi_0490.jpg,112649,pituitary,pituitary,1,0.999962,0,0,0.000014,0.000011,0.000013,0.999962
data_rand_fold0/Testing/pituitary/Tr-pi_0491.jpg,112649,pituitary,pituitary,1,0.999997,0,0,0.000001,0.000001,0.000001,0.999997
data_rand_fold0/Testing/pituitary/Tr-pi_0493.jpg,113741,pituitary,pituitary,1,0.999990,0,0,0.000000,0.000009,0.000001,0.999990
data_rand_fold0/Testing/pituitary/Tr-pi_0502.jpg,112649,pituitary,pituitary,1,0.999989,0,0,0.000001,0.000007,0.000004,0.999989
data_rand_fold0/Testing/pituitary/Tr-pi_0506.jpg,112746,pituitary,pituitary,1,0.998900,0,0,0.000216,0.000871,0.000013,0.998900
data_rand_fold0/Testing/pituitary/Tr-pi_0510.jpg,112847,pituitary,pituitary,1,0.999876,0,0,0.000000,0.000122,0.000002,0.999876
data_rand_fold0/Testing/pituitary/Tr-pi_0513.jpg,113274,pituitary,pituitary,1,0.999992,0,0,0.000001,0.000005,0.000002,0.999992
data_rand_fold0/Testing/pituitary/Tr-pi_0514.jpg,113741,pituitary,pituitary,1,0.999980,0,0,0.000000,0.000019,0.000001,0.999980
data_rand_fold0/Testing/pituitary/Tr-pi_0526.jpg,112847,pituitary,pituitary,1,0.999988,0,0,0.000000,0.000012,0.000000,0.999988
data_rand_fold0/Testing/pituitary/Tr-pi_0527.jpg,112847,pituitary,pituitary,1,0.999988,0,0,0.000000,0.000012,0.000000,0.999988
data_rand_fold0/Testing/pituitary/Tr-pi_0529.jpg,112847,pituitary,pituitary,1,0.999988,0,0,0.000000,0.000012,0.000000,0.999988
data_rand_fold0/Testing/pituitary/Tr-pi_0531.jpg,112847,pituitary,pituitary,1,1.000000,0,0,0.000000,0.000000,0.000000,1.000000
data_rand_fold0/Testing/pituitary/Tr-pi_0532.jpg,113274,pituitary,pituitary,1,0.999892,0,0,0.000073,0.000026,0.000008,0.999892
data_rand_fold0/Testing/pituitary/Tr-pi_0541.jpg,114094,pituitary,pituitary,1,0.999832,0,0,0.000089,0.000010,0.000069,0.999832
data_rand_fold0/Testing/pituitary/Tr-pi_0549.jpg,101305,pituitary,pituitary,1,0.999998,0,0,0.000000,0.000002,0.000000,0.999998
data_rand_fold0/Testing/pituitary/Tr-pi_0550.jpg,101305,pituitary,pituitary,1,0.999990,0,0,0.000001,0.000008,0.000001,0.999990
data_rand_fold0/Testing/pituitary/Tr-pi_0554.jpg,114040,pituitary,pituitary,1,0.999814,0,0,0.000038,0.000136,0.000012,0.999814
data_rand_fold0/Testing/pituitary/Tr-pi_0561.jpg,103257,pituitary,pituitary,1,0.999966,0,0,0.000000,0.000028,0.000006,0.999966
data_rand_fold0/Testing/pituitary/Tr-pi_0569.jpg,103478,pituitary,pituitary,1,0.999989,0,0,0.000001,0.000006,0.000004,0.999989
data_rand_fold0/Testing/pituitary/Tr-pi_0570.jpg,103478,pituitary,pituitary,1,0.999926,0,0,0.000001,0.000028,0.000045,0.999926
data_rand_fold0/Testing/pituitary/Tr-pi_0575.jpg,103670,pituitary,pituitary,1,0.999995,0,0,0.000000,0.000004,0.000002,0.999995
data_rand_fold0/Testing/pituitary/Tr-pi_0593.jpg,104019,pituitary,pituitary,1,0.999989,0,0,0.000000,0.000009,0.000002,0.999989
data_rand_fold0/Testing/pituitary/Tr-pi_0599.jpg,104558,pituitary,pituitary,1,0.796901,0,0,0.000013,0.203056,0.000030,0.796901
data_rand_fold0/Testing/pituitary/Tr-pi_0601.jpg,104684,pituitary,pituitary,1,0.998706,0,0,0.000003,0.000061,0.001230,0.998706
data_rand_fold0/Testing/pituitary/Tr-pi_0614.jpg,114094,pituitary,pituitary,1,0.999858,0,0,0.000018,0.000118,0.000006,0.999858
data_rand_fold0/Testing/pituitary/Tr-pi_0621.jpg,97416,pituitary,pituitary,1,0.999513,0,0,0.000001,0.000432,0.000053,0.999513
data_rand_fold0/Testing/pituitary/Tr-pi_0626.jpg,97461,pituitary,pituitary,1,0.999894,0,0,0.000000,0.000095,0.000010,0.999894
data_rand_fold0/Testing/pituitary/Tr-pi_0627.jpg,97481,pituitary,pituitary,1,0.999492,0,0,0.000083,0.000422,0.000003,0.999492
data_rand_fold0/Testing/pituitary/Tr-pi_0629.jpg,97599,pituitary,pituitary,1,0.994968,0,0,0.000341,0.004372,0.000320,0.994968
data_rand_fold0/Testing/pituitary/Tr-pi_0630.jpg,97890,pituitary,pituitary,1,0.999992,0,0,0.000004,0.000002,0.000001,0.999992
data_rand_fold0/Testing/pituitary/Tr-pi_0635.jpg,98472,pituitary,pituitary,1,0.999987,0,0,0.000000,0.000011,0.000002,0.999987
data_rand_fold0/Testing/pituitary/Tr-pi_0648.jpg,98874,pituitary,pituitary,1,0.999906,0,0,0.000000,0.000094,0.000000,0.999906
data_rand_fold0/Testing/pituitary/Tr-pi_0650.jpg,98874,pituitary,pituitary,1,0.999999,0,0,0.000000,0.000001,0.000000,0.999999
data_rand_fold0/Testing/pituitary/Tr-pi_0657.jpg,106062,pituitary,pituitary,1,1.000000,0,0,0.000000,0.000000,0.000000,1.000000
data_rand_fold0/Testing/pituitary/Tr-pi_0663.jpg,99223,pituitary,pituitary,1,0.999971,0,0,0.000008,0.000021,0.000001,0.999971
data_rand_fold0/Testing/pituitary/Tr-pi_0669.jpg,101017,pituitary,pituitary,1,0.999993,0,0,0.000005,0.000000,0.000002,0.999993
data_rand_fold0/Testing/pituitary/Tr-pi_0672.jpg,101029,pituitary,pituitary,1,0.999997,0,0,0.000000,0.000000,0.000002,0.999997
data_rand_fold0/Testing/pituitary/Tr-pi_0673.jpg,101029,pituitary,pituitary,1,0.999998,0,0,0.000000,0.000001,0.000001,0.999998
data_rand_fold0/Testing/pituitary/Tr-pi_0674.jpg,106062,pituitary,pituitary,1,1.000000,0,0,0.000000,0.000000,0.000000,1.000000
data_rand_fold0/Testing/pituitary/Tr-pi_0678.jpg,101305,pituitary,pituitary,1,0.999997,0,0,0.000003,0.000000,0.000001,0.999997
data_rand_fold0/Testing/pituitary/Tr-pi_0679.jpg,101305,pituitary,pituitary,1,0.999997,0,0,0.000003,0.000000,0.000000,0.999997
data_rand_fold0/Testing/pituitary/Tr-pi_0712.jpg,107429,pituitary,pituitary,1,0.999807,0,0,0.000000,0.000189,0.000003,0.999807
data_rand_fold0/Testing/pituitary/Tr-pi_0713.jpg,107429,pituitary,pituitary,1,0.999966,0,0,0.000000,0.000033,0.000001,0.999966
data_rand_fold0/Testing/pituitary/Tr-pi_0714.jpg,107429,pituitary,pituitary,1,0.998357,0,0,0.000005,0.001616,0.000022,0.998357
data_rand_fold0/Testing/pituitary/Tr-pi_0722.jpg,107743,pituitary,pituitary,1,0.999950,0,0,0.000000,0.000017,0.000033,0.999950
data_rand_fold0/Testing/pituitary/Tr-pi_0726.jpg,103257,pituitary,pituitary,1,0.999998,0,0,0.000000,0.000001,0.000001,0.999998
data_rand_fold0/Testing/pituitary/Tr-pi_0729.jpg,108931,pituitary,pituitary,1,0.936720,0,0,0.000118,0.001556,0.061605,0.936720
data_rand_fold0/Testing/pituitary/Tr-pi_0734.jpg,109769,pituitary,pituitary,1,0.999952,0,0,0.000000,0.000043,0.000004,0.999952
data_rand_fold0/Testing/pituitary/Tr-pi_0737.jpg,109769,pituitary,pituitary,1,0.999981,0,0,0.000000,0.000010,0.000009,0.999981
data_rand_fold0/Testing/pituitary/Tr-pi_0738.jpg,109898,pituitary,pituitary,1,0.999930,0,0,0.000000,0.000055,0.000015,0.999930
data_rand_fold0/Testing/pituitary/Tr-pi_0743.jpg,103478,pituitary,pituitary,1,0.999967,0,0,0.000012,0.000019,0.000002,0.999967
data_rand_fold0/Testing/pituitary/Tr-pi_0744.jpg,103478,pituitary,pituitary,1,0.999990,0,0,0.000006,0.000003,0.000000,0.999990
data_rand_fold0/Testing/pituitary/Tr-pi_0748.jpg,103478,pituitary,pituitary,1,0.999902,0,0,0.000028,0.000057,0.000014,0.999902
data_rand_fold0/Testing/pituitary/Tr-pi_0753.jpg,103582,pituitary,pituitary,1,0.975408,0,0,0.000408,0.024132,0.000052,0.975408
data_rand_fold0/Testing/pituitary/Tr-pi_0769.jpg,110537,pituitary,pituitary,1,0.999998,0,0,0.000000,0.000001,0.000001,0.999998
data_rand_fold0/Testing/pituitary/Tr-pi_0770.jpg,110537,pituitary,pituitary,1,0.999982,0,0,0.000001,0.000007,0.000010,0.999982
data_rand_fold0/Testing/pituitary/Tr-pi_0776.jpg,110993,pituitary,pituitary,1,0.999992,0,0,0.000005,0.000003,0.000001,0.999992
data_rand_fold0/Testing/pituitary/Tr-pi_0781.jpg,111075,pituitary,pituitary,1,0.999987,0,0,0.000006,0.000006,0.000000,0.999987
data_rand_fold0/Testing/pituitary/Tr-pi_0782.jpg,111075,pituitary,pituitary,1,0.999977,0,0,0.000013,0.000009,0.000001,0.999977
data_rand_fold0/Testing/pituitary/Tr-pi_0787.jpg,111125,pituitary,pituitary,1,0.999975,0,0,0.000000,0.000023,0.000002,0.999975
data_rand_fold0/Testing/pituitary/Tr-pi_0791.jpg,111785,pituitary,pituitary,1,0.999959,0,0,0.000006,0.000030,0.000005,0.999959
data_rand_fold0/Testing/pituitary/Tr-pi_0793.jpg,112074,pituitary,pituitary,1,0.999919,0,0,0.000008,0.000069,0.000003,0.999919
data_rand_fold0/Testing/pituitary/Tr-pi_0794.jpg,112074,pituitary,pituitary,1,0.999820,0,0,0.000008,0.000168,0.000004,0.999820
data_rand_fold0/Testing/pituitary/Tr-pi_0795.jpg,113274,pituitary,pituitary,1,0.999990,0,0,0.000000,0.000009,0.000000,0.999990
data_rand_fold0/Testing/pituitary/Tr-pi_0799.jpg,112649,pituitary,pituitary,1,0.999853,0,0,0.000092,0.000035,0.000020,0.999853
data_rand_fold0/Testing/pituitary/Tr-pi_0803.jpg,112746,pituitary,pituitary,1,0.999999,0,0,0.000000,0.000001,0.000000,0.999999
data_rand_fold0/Testing/pituitary/Tr-pi_0812.jpg,113741,pituitary,pituitary,1,0.999983,0,0,0.000003,0.000010,0.000004,0.999983
data_rand_fold0/Testing/pituitary/Tr-pi_0820.jpg,114094,pituitary,pituitary,1,0.999661,0,0,0.000034,0.000300,0.000005,0.999661
data_rand_fold0/Testing/pituitary/Tr-pi_0821.jpg,114094,pituitary,pituitary,1,0.998060,0,0,0.000446,0.001449,0.000045,0.998060
data_rand_fold0/Testing/pituitary/Tr-pi_0833.jpg,114040,pituitary,pituitary,1,0.999510,0,0,0.000006,0.000406,0.000078,0.999510
data_rand_fold0/Testing/pituitary/Tr-pi_0846.jpg,107743,pituitary,pituitary,1,0.999729,0,0,0.000034,0.000232,0.000005,0.999729
data_rand_fold0/Testing/pituitary/Tr-pi_0847.jpg,107743,pituitary,pituitary,1,0.999927,0,0,0.000017,0.000051,0.000005,0.999927
data_rand_fold0/Testing/pituitary/Tr-pi_0855.jpg,114361,pituitary,pituitary,1,0.999986,0,0,0.000000,0.000012,0.000002,0.999986
data_rand_fold0/Testing/pituitary/Tr-pi_0856.jpg,108931,pituitary,pituitary,1,0.999941,0,0,0.000007,0.000027,0.000025,0.999941
data_rand_fold0/Testing/pituitary/Tr-pi_0862.jpg,114361,pituitary,pituitary,1,0.999969,0,0,0.000003,0.000027,0.000002,0.999969
data_rand_fold0/Testing/pituitary/Tr-pi_0870.jpg,110518,pituitary,pituitary,1,0.999961,0,0,0.000000,0.000038,0.000000,0.999961
data_rand_fold0/Testing/pituitary/Tr-pi_0872.jpg,110537,pituitary,pituitary,1,0.999881,0,0,0.000000,0.000118,0.000001,0.999881
data_rand_fold0/Testing/pituitary/Tr-pi_0875.jpg,110993,pituitary,pituitary,1,0.999956,0,0,0.000001,0.000041,0.000002,0.999956
data_rand_fold0/Testing/pituitary/Tr-pi_0880.jpg,111075,pituitary,pituitary,1,0.997867,0,0,0.000014,0.002119,0.000001,0.997867
data_rand_fold0/Testing/pituitary/Tr-pi_0883.jpg,111125,pituitary,pituitary,1,0.999999,0,0,0.000000,0.000001,0.000000,0.999999
data_rand_fold0/Testing/pituitary/Tr-pi_0884.jpg,111125,pituitary,pituitary,1,0.999986,0,0,0.000001,0.000011,0.000001,0.999986
data_rand_fold0/Testing/pituitary/Tr-pi_0891.jpg,106062,pituitary,pituitary,1,0.999977,0,0,0.000000,0.000018,0.000004,0.999977
data_rand_fold0/Testing/pituitary/Tr-pi_0898.jpg,112649,pituitary,pituitary,1,0.999331,0,0,0.000461,0.000201,0.000008,0.999331
data_rand_fold0/Testing/pituitary/Tr-pi_0900.jpg,112649,pituitary,pituitary,1,0.958286,0,0,0.019719,0.021888,0.000108,0.958286
data_rand_fold0/Testing/pituitary/Tr-pi_0901.jpg,112649,pituitary,pituitary,1,0.999886,0,0,0.000032,0.000081,0.000001,0.999886
data_rand_fold0/Testing/pituitary/Tr-pi_0907.jpg,112847,pituitary,pituitary,1,0.999988,0,0,0.000000,0.000010,0.000001,0.999988
data_rand_fold0/Testing/pituitary/Tr-pi_0924.jpg,107429,pituitary,pituitary,1,0.999994,0,0,0.000000,0.000006,0.000000,0.999994
data_rand_fold0/Testing/pituitary/Tr-pi_0926.jpg,107429,pituitary,pituitary,1,0.999987,0,0,0.000000,0.000013,0.000001,0.999987
data_rand_fold0/Testing/pituitary/Tr-pi_0930.jpg,114094,pituitary,pituitary,1,0.999993,0,0,0.000000,0.000004,0.000002,0.999993
data_rand_fold0/Testing/pituitary/Tr-pi_0934.jpg,107505,pituitary,pituitary,1,0.999376,0,0,0.000050,0.000546,0.000027,0.999376
data_rand_fold0/Testing/pituitary/Tr-pi_0937.jpg,107743,pituitary,pituitary,1,0.999982,0,0,0.000000,0.000017,0.000001,0.999982
data_rand_fold0/Testing/pituitary/Tr-pi_0948.jpg,109769,pituitary,pituitary,1,0.999982,0,0,0.000000,0.000011,0.000007,0.999982
data_rand_fold0/Testing/pituitary/Tr-pi_0949.jpg,109769,pituitary,pituitary,1,0.999983,0,0,0.000000,0.000003,0.000014,0.999983
data_rand_fold0/Testing/pituitary/Tr-pi_0953.jpg,109898,pituitary,pituitary,1,0.999877,0,0,0.000000,0.000100,0.000022,0.999877
data_rand_fold0/Testing/pituitary/Tr-pi_0956.jpg,110518,pituitary,meningioma,0,0.839862,0,0,0.001109,0.839862,0.000110,0.158918
data_rand_fold0/Testing/pituitary/Tr-pi_0961.jpg,110993,pituitary,pituitary,1,0.999971,0,0,0.000001,0.000009,0.000019,0.999971
data_rand_fold0/Testing/pituitary/Tr-pi_0967.jpg,111125,pituitary,pituitary,1,0.999989,0,0,0.000000,0.000009,0.000002,0.999989
data_rand_fold0/Testing/pituitary/Tr-pi_0973.jpg,111785,pituitary,pituitary,1,0.999652,0,0,0.000000,0.000316,0.000032,0.999652
data_rand_fold0/Testing/pituitary/Tr-pi_0980.jpg,114361,pituitary,pituitary,1,0.999960,0,0,0.000000,0.000040,0.000000,0.999960
data_rand_fold0/Testing/pituitary/Tr-pi_0989.jpg,101145,pituitary,pituitary,1,0.999936,0,0,0.000000,0.000061,0.000004,0.999936
data_rand_fold0/Testing/pituitary/Tr-pi_0990.jpg,101145,pituitary,pituitary,1,0.999912,0,0,0.000000,0.000083,0.000005,0.999912
data_rand_fold0/Testing/pituitary/Tr-pi_0992.jpg,101305,pituitary,pituitary,1,0.999984,0,0,0.000003,0.000008,0.000005,0.999984
data_rand_fold0/Testing/pituitary/Tr-pi_0999.jpg,102648,pituitary,pituitary,1,0.999723,0,0,0.000137,0.000136,0.000004,0.999723
data_rand_fold0/Testing/pituitary/Tr-pi_1004.jpg,103257,pituitary,pituitary,1,0.999985,0,0,0.000000,0.000009,0.000006,0.999985
data_rand_fold0/Testing/pituitary/Tr-pi_1012.jpg,103478,pituitary,pituitary,1,0.999692,0,0,0.000001,0.000233,0.000074,0.999692
data_rand_fold0/Testing/pituitary/Tr-pi_1015.jpg,103582,pituitary,pituitary,1,0.989871,0,0,0.000021,0.010101,0.000007,0.989871
data_rand_fold0/Testing/pituitary/Tr-pi_1016.jpg,103582,pituitary,pituitary,1,0.999885,0,0,0.000002,0.000110,0.000003,0.999885
data_rand_fold0/Testing/pituitary/Tr-pi_1025.jpg,103731,pituitary,pituitary,1,1.000000,0,0,0.000000,0.000000,0.000000,1.000000
data_rand_fold0/Testing/pituitary/Tr-pi_1029.jpg,103731,pituitary,pituitary,1,0.999969,0,0,0.000006,0.000011,0.000015,0.999969
data_rand_fold0/Testing/pituitary/Tr-pi_1032.jpg,101029,pituitary,pituitary,1,0.999915,0,0,0.000039,0.000027,0.000018,0.999915
data_rand_fold0/Testing/pituitary/Tr-pi_1035.jpg,103837,pituitary,pituitary,1,0.999957,0,0,0.000000,0.000003,0.000039,0.999957
data_rand_fold0/Testing/pituitary/Tr-pi_1043.jpg,104558,pituitary,pituitary,1,0.991886,0,0,0.003635,0.003828,0.000651,0.991886
data_rand_fold0/Testing/pituitary/Tr-pi_1045.jpg,104558,pituitary,pituitary,1,0.999986,0,0,0.000000,0.000013,0.000001,0.999986
data_rand_fold0/Testing/pituitary/Tr-pi_1047.jpg,104558,pituitary,meningioma,0,0.849412,0,0,0.000019,0.849412,0.000024,0.150545
data_rand_fold0/Testing/pituitary/Tr-pi_1057.jpg,104684,pituitary,pituitary,1,0.998472,0,0,0.000018,0.000240,0.001270,0.998472
data_rand_fold0/Testing/pituitary/Tr-pi_1058.jpg,104912,pituitary,pituitary,1,0.999961,0,0,0.000000,0.000037,0.000002,0.999961
data_rand_fold0/Testing/pituitary/Tr-pi_1059.jpg,104912,pituitary,pituitary,1,0.999961,0,0,0.000001,0.000035,0.000003,0.999961
data_rand_fold0/Testing/pituitary/Tr-pi_1061.jpg,105187,pituitary,pituitary,1,0.999996,0,0,0.000000,0.000004,0.000000,0.999996
data_rand_fold0/Testing/pituitary/Tr-pi_1071.jpg,106062,pituitary,pituitary,1,0.999318,0,0,0.000415,0.000195,0.000072,0.999318
data_rand_fold0/Testing/pituitary/Tr-pi_1088.jpg,97481,pituitary,pituitary,1,0.996318,0,0,0.002608,0.001056,0.000017,0.996318
data_rand_fold0/Testing/pituitary/Tr-pi_1091.jpg,97890,pituitary,pituitary,1,0.999947,0,0,0.000036,0.000004,0.000013,0.999947
data_rand_fold0/Testing/pituitary/Tr-pi_1094.jpg,97890,pituitary,pituitary,1,0.999805,0,0,0.000013,0.000010,0.000171,0.999805
data_rand_fold0/Testing/pituitary/Tr-pi_1110.jpg,98874,pituitary,pituitary,1,0.999977,0,0,0.000000,0.000023,0.000001,0.999977
data_rand_fold0/Testing/pituitary/Tr-pi_1116.jpg,98992,pituitary,pituitary,1,0.999169,0,0,0.000344,0.000231,0.000255,0.999169
data_rand_fold0/Testing/pituitary/Tr-pi_1120.jpg,98995,pituitary,pituitary,1,0.999968,0,0,0.000000,0.000030,0.000002,0.999968
data_rand_fold0/Testing/pituitary/Tr-pi_1128.jpg,99223,pituitary,pituitary,1,0.999278,0,0,0.000036,0.000323,0.000363,0.999278
data_rand_fold0/Testing/pituitary/Tr-pi_1132.jpg,101017,pituitary,pituitary,1,0.999987,0,0,0.000007,0.000002,0.000004,0.999987
data_rand_fold0/Testing/pituitary/Tr-pi_1134.jpg,101029,pituitary,pituitary,1,0.999998,0,0,0.000000,0.000000,0.000001,0.999998
data_rand_fold0/Testing/pituitary/Tr-pi_1141.jpg,101145,pituitary,pituitary,1,0.999814,0,0,0.000034,0.000143,0.000009,0.999814
data_rand_fold0/Testing/pituitary/Tr-pi_1142.jpg,101145,pituitary,pituitary,1,0.999941,0,0,0.000001,0.000046,0.000013,0.999941
data_rand_fold0/Testing/pituitary/Tr-pi_1143.jpg,101305,pituitary,pituitary,1,0.999997,0,0,0.000001,0.000002,0.000001,0.999997
data_rand_fold0/Testing/pituitary/Tr-pi_1150.jpg,101724,pituitary,pituitary,1,0.999667,0,0,0.000313,0.000011,0.000009,0.999667
data_rand_fold0/Testing/pituitary/Tr-pi_1171.jpg,103582,pituitary,pituitary,1,0.999832,0,0,0.000009,0.000069,0.000090,0.999832
data_rand_fold0/Testing/pituitary/Tr-pi_1173.jpg,103582,pituitary,pituitary,1,0.999597,0,0,0.000021,0.000352,0.000030,0.999597
data_rand_fold0/Testing/pituitary/Tr-pi_1178.jpg,103671,pituitary,pituitary,1,0.999783,0,0,0.000155,0.000049,0.000013,0.999783
data_rand_fold0/Testing/pituitary/Tr-pi_1189.jpg,107429,pituitary,pituitary,1,0.999987,0,0,0.000002,0.000010,0.000000,0.999987
data_rand_fold0/Testing/pituitary/Tr-pi_1191.jpg,103837,pituitary,pituitary,1,0.999996,0,0,0.000002,0.000001,0.000002,0.999996
data_rand_fold0/Testing/pituitary/Tr-pi_1192.jpg,103837,pituitary,pituitary,1,0.999975,0,0,0.000001,0.000015,0.000010,0.999975
data_rand_fold0/Testing/pituitary/Tr-pi_1201.jpg,104558,pituitary,pituitary,1,0.999164,0,0,0.000015,0.000810,0.000011,0.999164
data_rand_fold0/Testing/pituitary/Tr-pi_1222.jpg,105538,pituitary,pituitary,1,0.431796,0,0,0.275479,0.291523,0.001202,0.431796
data_rand_fold0/Testing/pituitary/Tr-pi_1230.jpg,97416,pituitary,pituitary,1,0.999990,0,0,0.000005,0.000001,0.000003,0.999990
data_rand_fold0/Testing/pituitary/Tr-pi_1233.jpg,97416,pituitary,pituitary,1,0.999607,0,0,0.000130,0.000094,0.000169,0.999607
data_rand_fold0/Testing/pituitary/Tr-pi_1239.jpg,97461,pituitary,pituitary,1,0.999914,0,0,0.000064,0.000020,0.000002,0.999914
data_rand_fold0/Testing/pituitary/Tr-pi_1249.jpg,98472,pituitary,pituitary,1,0.998914,0,0,0.000060,0.001010,0.000016,0.998914
data_rand_fold0/Testing/pituitary/Tr-pi_1263.jpg,98874,pituitary,pituitary,1,0.990866,0,0,0.005151,0.003944,0.000039,0.990866
data_rand_fold0/Testing/pituitary/Tr-pi_1276.jpg,98995,pituitary,pituitary,1,0.999887,0,0,0.000001,0.000112,0.000000,0.999887
data_rand_fold0/Testing/pituitary/Tr-pi_1284.jpg,101017,pituitary,pituitary,1,0.999991,0,0,0.000000,0.000007,0.000002,0.999991
data_rand_fold0/Testing/pituitary/Tr-pi_1287.jpg,101029,pituitary,pituitary,1,1.000000,0,0,0.000000,0.000000,0.000000,1.000000
data_rand_fold0/Testing/pituitary/Tr-pi_1291.jpg,101029,pituitary,pituitary,1,1.000000,0,0,0.000000,0.000000,0.000000,1.000000
data_rand_fold0/Testing/pituitary/Tr-pi_1293.jpg,101145,pituitary,pituitary,1,0.999967,0,0,0.000000,0.000033,0.000000,0.999967
data_rand_fold0/Testing/pituitary/Tr-pi_1295.jpg,101305,pituitary,pituitary,1,0.999871,0,0,0.000025,0.000101,0.000004,0.999871
data_rand_fold0/Testing/pituitary/Tr-pi_1304.jpg,107743,pituitary,pituitary,1,0.994357,0,0,0.000154,0.005090,0.000399,0.994357
data_rand_fold0/Testing/pituitary/Tr-pi_1307.jpg,102648,pituitary,pituitary,1,0.999946,0,0,0.000001,0.000047,0.000005,0.999946
data_rand_fold0/Testing/pituitary/Tr-pi_1320.jpg,103478,pituitary,pituitary,1,1.000000,0,0,0.000000,0.000000,0.000000,1.000000
data_rand_fold0/Testing/pituitary/Tr-pi_1321.jpg,103478,pituitary,pituitary,1,0.999993,0,0,0.000000,0.000006,0.000000,0.999993
data_rand_fold0/Testing/pituitary/Tr-pi_1322.jpg,103478,pituitary,pituitary,1,0.999915,0,0,0.000068,0.000014,0.000003,0.999915
data_rand_fold0/Testing/pituitary/Tr-pi_1324.jpg,103478,pituitary,pituitary,1,0.999998,0,0,0.000000,0.000002,0.000000,0.999998
data_rand_fold0/Testing/pituitary/Tr-pi_1329.jpg,103582,pituitary,pituitary,1,0.999998,0,0,0.000000,0.000001,0.000000,0.999998
data_rand_fold0/Testing/pituitary/Tr-pi_1335.jpg,103670,pituitary,pituitary,1,0.999997,0,0,0.000000,0.000003,0.000000,0.999997
data_rand_fold0/Testing/pituitary/Tr-pi_1339.jpg,103671,pituitary,pituitary,1,0.999976,0,0,0.000000,0.000022,0.000001,0.999976
data_rand_fold0/Testing/pituitary/Tr-pi_1340.jpg,103671,pituitary,pituitary,1,0.999993,0,0,0.000001,0.000005,0.000001,0.999993
data_rand_fold0/Testing/pituitary/Tr-pi_1341.jpg,103731,pituitary,pituitary,1,0.999244,0,0,0.000385,0.000360,0.000011,0.999244
data_rand_fold0/Testing/pituitary/Tr-pi_1346.jpg,103837,pituitary,pituitary,1,0.999984,0,0,0.000000,0.000011,0.000004,0.999984
data_rand_fold0/Testing/pituitary/Tr-pi_1360.jpg,104558,pituitary,pituitary,1,0.999994,0,0,0.000000,0.000006,0.000000,0.999994
data_rand_fold0/Testing/pituitary/Tr-pi_1373.jpg,104912,pituitary,pituitary,1,0.999748,0,0,0.000142,0.000101,0.000009,0.999748
data_rand_fold0/Testing/pituitary/Tr-pi_1374.jpg,105187,pituitary,pituitary,1,0.999689,0,0,0.000006,0.000304,0.000001,0.999689
data_rand_fold0/Testing/pituitary/Tr-pi_1380.jpg,105475,pituitary,pituitary,1,0.999989,0,0,0.000001,0.000010,0.000000,0.999989
data_rand_fold0/Testing/pituitary/Tr-pi_1387.jpg,105638,pituitary,pituitary,1,0.999661,0,0,0.000059,0.000272,0.000008,0.999661
data_rand_fold0/Testing/pituitary/Tr-pi_1388.jpg,97416,pituitary,pituitary,1,0.999952,0,0,0.000002,0.000046,0.000000,0.999952
data_rand_fold0/Testing/pituitary/Tr-pi_1396.jpg,97461,pituitary,pituitary,1,0.999999,0,0,0.000000,0.000001,0.000000,0.999999
data_rand_fold0/Testing/pituitary/Tr-pi_1403.jpg,97481,pituitary,pituitary,1,0.999999,0,0,0.000000,0.000001,0.000000,0.999999
data_rand_fold0/Testing/pituitary/Tr-pi_1434.jpg,98992,pituitary,pituitary,1,0.999999,0,0,0.000000,0.000001,0.000000,0.999999
data_rand_fold0/Testing/pituitary/Tr-pi_1444.jpg,98995,pituitary,pituitary,1,0.999987,0,0,0.000000,0.000013,0.000000,0.999987
data_rand_fold0/Testing/pituitary/Tr-pi_1449.jpg,99223,pituitary,pituitary,1,0.999999,0,0,0.000000,0.000001,0.000000,0.999999
data_rand_fold0/Testing/pituitary/Tr-pi_1450.jpg,109471,pituitary,pituitary,1,0.999977,0,0,0.000011,0.000007,0.000005,0.999977
data_rand_fold0/Testing/pituitary/Tr-pi_1452.jpg,109769,pituitary,pituitary,1,0.999961,0,0,0.000005,0.000020,0.000014,0.999961
data_rand_fold0/Testing/pituitary/Tr-pi_1454.jpg,109769,pituitary,pituitary,1,0.999734,0,0,0.000001,0.000014,0.000250,0.999734
data_rand_fold0/Testing/pituitary/Tr-pi_1456.jpg,112847,pituitary,pituitary,1,0.999932,0,0,0.000000,0.000067,0.000000,0.999932
