path,group,true,pred,correct,confidence,fold,seed,p_glioma,p_meningioma,p_notumor,p_pituitary
data_rand_fold4/Testing/glioma/Te-gl_0010.jpg,MR049942B,glioma,glioma,1,0.998570,4,42,0.998570,0.000580,0.000129,0.000721
data_rand_fold4/Testing/glioma/Te-gl_0013.jpg,MR034997,glioma,glioma,1,0.995689,4,42,0.995689,0.004100,0.000154,0.000056
data_rand_fold4/Testing/glioma/Te-gl_0030.jpg,101020,glioma,glioma,1,0.997602,4,42,0.997602,0.002108,0.000177,0.000113
data_rand_fold4/Testing/glioma/Te-gl_0033.jpg,MR017260F,glioma,glioma,1,0.998210,4,42,0.998210,0.000856,0.000774,0.000160
data_rand_fold4/Testing/glioma/Te-gl_0036.jpg,MR048294,glioma,glioma,1,0.938439,4,42,0.938439,0.036676,0.017669,0.007216
data_rand_fold4/Testing/glioma/Te-gl_0044.jpg,103148,glioma,glioma,1,0.901028,4,42,0.901028,0.096788,0.000812,0.001372
data_rand_fold4/Testing/glioma/Te-gl_0051.jpg,MR040240B,glioma,glioma,1,0.999750,4,42,0.999750,0.000164,0.000057,0.000030
data_rand_fold4/Testing/glioma/Te-gl_0053.jpg,MR033420,glioma,glioma,1,0.999145,4,42,0.999145,0.000165,0.000616,0.000075
data_rand_fold4/Testing/glioma/Te-gl_0054.jpg,MR033420,glioma,glioma,1,0.989719,4,42,0.989719,0.003458,0.006596,0.000226
data_rand_fold4/Testing/glioma/Te-gl_0060.jpg,MR049358,glioma,glioma,1,0.996797,4,42,0.996797,0.002148,0.000285,0.000771
data_rand_fold4/Testing/glioma/Te-gl_0068.jpg,MR050687,glioma,glioma,1,0.967064,4,42,0.967064,0.032031,0.000823,0.000082
data_rand_fold4/Testing/glioma/Te-gl_0069.jpg,MR049019C,glioma,glioma,1,0.972927,4,42,0.972927,0.000658,0.000729,0.025686
data_rand_fold4/Testing/glioma/Te-gl_0071.jpg,MR051461,glioma,glioma,1,0.998143,4,42,0.998143,0.000253,0.000687,0.000917
data_rand_fold4/Testing/glioma/Te-gl_0072.jpg,MR033389B,glioma,glioma,1,0.999611,4,42,0.999611,0.000221,0.000163,0.000006
data_rand_fold4/Testing/glioma/Te-gl_0073.jpg,MR026175E,glioma,glioma,1,0.991362,4,42,0.991362,0.001276,0.001202,0.006160
data_rand_fold4/Testing/glioma/Te-gl_0079.jpg,MR024780G,glioma,glioma,1,0.998803,4,42,0.998803,0.000288,0.000628,0.000281
data_rand_fold4/Testing/glioma/Te-gl_0080.jpg,MR049453B,glioma,glioma,1,0.995787,4,42,0.995787,0.000196,0.003601,0.000416
data_rand_fold4/Testing/glioma/Te-gl_0100.jpg,MR024780D,glioma,glioma,1,0.998009,4,42,0.998009,0.000423,0.001219,0.000350
data_rand_fold4/Testing/glioma/Te-gl_0101.jpg,MR038469,glioma,glioma,1,0.893370,4,42,0.893370,0.079681,0.021737,0.005212
data_rand_fold4/Testing/glioma/Te-gl_0104.jpg,MR032322C,glioma,glioma,1,0.997645,4,42,0.997645,0.001210,0.001050,0.000095
data_rand_fold4/Testing/glioma/Te-gl_0105.jpg,MR032322C,glioma,glioma,1,0.998119,4,42,0.998119,0.000448,0.001366,0.000066
data_rand_fold4/Testing/glioma/Te-gl_0109.jpg,MR039473B,glioma,glioma,1,0.979676,4,42,0.979676,0.003543,0.006768,0.010013
data_rand_fold4/Testing/glioma/Te-gl_0118.jpg,MR040240,glioma,glioma,1,0.983819,4,42,0.983819,0.013810,0.000856,0.001515
data_rand_fold4/Testing/glioma/Te-gl_0146.jpg,MR036496B,glioma,glioma,1,0.998130,4,42,0.998130,0.000611,0.000911,0.000348
data_rand_fold4/Testing/glioma/Te-gl_0147.jpg,MR033389B,glioma,glioma,1,0.999000,4,42,0.999000,0.000496,0.000271,0.000233
data_rand_fold4/Testing/glioma/Te-gl_0149.jpg,MR029209I,glioma,glioma,1,0.996314,4,42,0.996314,0.000402,0.001021,0.002262
data_rand_fold4/Testing/glioma/Te-gl_0158.jpg,MR037458B,glioma,glioma,1,0.905278,4,42,0.905278,0.093389,0.001250,0.000083
data_rand_fold4/Testing/glioma/Te-gl_0160.jpg,MR039473,glioma,glioma,1,0.999077,4,42,0.999077,0.000782,0.000051,0.000090
data_rand_fold4/Testing/glioma/Te-gl_0169.jpg,MR039473,glioma,glioma,1,0.952658,4,42,0.952658,0.027760,0.001063,0.018518
data_rand_fold4/Testing/glioma/Te-gl_0174.jpg,MR048297,glioma,meningioma,0,0.675527,4,42,0.319964,0.675527,0.003854,0.000656
data_rand_fold4/Testing/glioma/Te-gl_0178.jpg,MR048994,glioma,glioma,1,0.979599,4,42,0.979599,0.020105,0.000178,0.000118
data_rand_fold4/Testing/glioma/Te-gl_0179.jpg,MR049104,glioma,glioma,1,0.998718,4,42,0.998718,0.000999,0.000025,0.000259
data_rand_fold4/Testing/glioma/Te-gl_0189.jpg,MR050135B,glioma,glioma,1,0.999477,4,42,0.999477,0.000270,0.000016,0.000237
data_rand_fold4/Testing/glioma/Te-gl_0196.jpg,MR051461,glioma,glioma,1,0.998732,4,42,0.998732,0.001097,0.000082,0.000090
data_rand_fold4/Testing/glioma/Te-gl_0202.jpg,MR051644,glioma,glioma,1,0.998316,4,42,0.998316,0.001082,0.000519,0.000084
data_rand_fold4/Testing/glioma/Te-gl_0206.jpg,MR051796,glioma,glioma,1,0.986342,4,42,0.986342,0.007787,0.000064,0.005807
data_rand_fold4/Testing/glioma/Te-gl_0210.jpg,MR051644B,glioma,glioma,1,0.999052,4,42,0.999052,0.000598,0.000122,0.000228
data_rand_fold4/Testing/glioma/Te-gl_0217.jpg,MR051644C,glioma,glioma,1,0.992857,4,42,0.992857,0.006671,0.000018,0.000453
data_rand_fold4/Testing/glioma/Te-gl_0219.jpg,MR049942B,glioma,glioma,1,0.971627,4,42,0.971627,0.000399,0.000304,0.027670
data_rand_fold4/Testing/glioma/Te-gl_0225.jpg,MR033389B,glioma,glioma,1,0.998444,4,42,0.998444,0.000553,0.000096,0.000907
data_rand_fold4/Testing/glioma/Te-gl_0231.jpg,112105,glioma,glioma,1,0.994255,4,42,0.994255,0.004106,0.000471,0.001168
data_rand_fold4/Testing/glioma/Te-gl_0234.jpg,100820,glioma,meningioma,0,0.845298,4,42,0.132045,0.845298,0.013808,0.008849
data_rand_fold4/Testing/glioma/Te-gl_0242.jpg,112027,glioma,glioma,1,0.949027,4,42,0.949027,0.050877,0.000049,0.000047
data_rand_fold4/Testing/glioma/Te-gl_0247.jpg,88670,glioma,meningioma,0,0.692340,4,42,0.305321,0.692340,0.002113,0.000226
data_rand_fold4/Testing/glioma/Te-gl_0253.jpg,97609,glioma,glioma,1,0.993891,4,42,0.993891,0.005960,0.000074,0.000075
data_rand_fold4/Testing/glioma/Te-gl_0255.jpg,97609,glioma,glioma,1,0.751416,4,42,0.751416,0.246268,0.000847,0.001470
data_rand_fold4/Testing/glioma/Te-gl_0257.jpg,100416,glioma,glioma,1,0.995530,4,42,0.995530,0.004035,0.000172,0.000262
data_rand_fold4/Testing/glioma/Te-gl_0262.jpg,101020,glioma,glioma,1,0.944444,4,42,0.944444,0.055123,0.000242,0.000190
data_rand_fold4/Testing/glioma/Te-gl_0264.jpg,103148,glioma,glioma,1,0.667281,4,42,0.667281,0.332044,0.000345,0.000330
data_rand_fold4/Testing/glioma/Te-gl_0269.jpg,112105,glioma,glioma,1,0.984563,4,42,0.984563,0.012240,0.000183,0.003015
data_rand_fold4/Testing/glioma/Te-gl_0274.jpg,90284,glioma,glioma,1,0.999763,4,42,0.999763,0.000190,0.000014,0.000034
data_rand_fold4/Testing/glioma/Te-gl_0279.jpg,94731,glioma,meningioma,0,0.870978,4,42,0.007081,0.870978,0.000087,0.121854
data_rand_fold4/Testing/glioma/Te-gl_0280.jpg,95142,glioma,glioma,1,0.619208,4,42,0.619208,0.363186,0.000452,0.017155
data_rand_fold4/Testing/glioma/Te-gl_0286.jpg,MR048294,glioma,glioma,1,0.997452,4,42,0.997452,0.001161,0.001081,0.000305
data_rand_fold4/Testing/glioma/Te-gl_0293.jpg,MR048994,glioma,glioma,1,0.955886,4,42,0.955886,0.043647,0.000221,0.000246
data_rand_fold4/Testing/glioma/Te-gl_0299.jpg,MR049358,glioma,glioma,1,0.917578,4,42,0.917578,0.032800,0.010845,0.038777
data_rand_fold4/Testing/glioma/Tr-glTr_0003.jpg,MR052550,glioma,glioma,1,0.998300,4,42,0.998300,0.000692,0.000705,0.000302
data_rand_fold4/Testing/glioma/Tr-glTr_0006.jpg,MR049942B,glioma,glioma,1,0.997908,4,42,0.997908,0.000288,0.001399,0.000405
data_rand_fold4/Testing/glioma/Tr-glTr_0007.jpg,MR034694,glioma,glioma,1,0.998721,4,42,0.998721,0.000429,0.000524,0.000326
data_rand_fold4/Testing/glioma/Tr-gl_0025.jpg,106494,glioma,glioma,1,0.930182,4,42,0.930182,0.066790,0.001889,0.001139
data_rand_fold4/Testing/glioma/Tr-gl_0029.jpg,MR029209G,glioma,glioma,1,0.999950,4,42,0.999950,0.000021,0.000004,0.000025
data_rand_fold4/Testing/glioma/Tr-gl_0038.jpg,107747,glioma,meningioma,0,0.588570,4,42,0.395955,0.588570,0.000487,0.014988
data_rand_fold4/Testing/glioma/Tr-gl_0052.jpg,MR048297,glioma,glioma,1,0.993644,4,42,0.993644,0.004499,0.001736,0.000121
data_rand_fold4/Testing/glioma/Tr-gl_0054.jpg,MR048944,glioma,meningioma,0,0.649098,4,42,0.337288,0.649098,0.000284,0.013330
data_rand_fold4/Testing/glioma/Tr-gl_0055.jpg,MR048994,glioma,glioma,1,0.975754,4,42,0.975754,0.023163,0.000537,0.000546
data_rand_fold4/Testing/glioma/Tr-gl_0056.jpg,MR048994,glioma,glioma,1,0.995155,4,42,0.995155,0.004299,0.000345,0.000201
data_rand_fold4/Testing/glioma/Tr-gl_0059.jpg,MR049358,glioma,glioma,1,0.968680,4,42,0.968680,0.016613,0.005994,0.008712
data_rand_fold4/Testing/glioma/Tr-gl_0060.jpg,MR049358,glioma,glioma,1,0.998079,4,42,0.998079,0.001470,0.000316,0.000135
data_rand_fold4/Testing/glioma/Tr-gl_0062.jpg,MR049453,glioma,glioma,1,0.999620,4,42,0.999620,0.000076,0.000285,0.000019
data_rand_fold4/Testing/glioma/Tr-gl_0064.jpg,MR048294B,glioma,glioma,1,0.998241,4,42,0.998241,0.000497,0.001151,0.000111
data_rand_fold4/Testing/glioma/Tr-gl_0067.jpg,MR051461B,glioma,glioma,1,0.997771,4,42,0.997771,0.001997,0.000156,0.000076
data_rand_fold4/Testing/glioma/Tr-gl_0069.jpg,MR051651,glioma,meningioma,0,0.733030,4,42,0.257997,0.733030,0.006199,0.002774
data_rand_fold4/Testing/glioma/Tr-gl_0070.jpg,MR052550,glioma,glioma,1,0.999583,4,42,0.999583,0.000370,0.000021,0.000027
data_rand_fold4/Testing/glioma/Tr-gl_0073.jpg,MR052585B,glioma,glioma,1,0.995270,4,42,0.995270,0.002853,0.001482,0.000395
data_rand_fold4/Testing/glioma/Tr-gl_0074.jpg,MR034694,glioma,glioma,1,0.999254,4,42,0.999254,0.000144,0.000579,0.000023
data_rand_fold4/Testing/glioma/Tr-gl_0084.jpg,MR050135B,glioma,glioma,1,0.998256,4,42,0.998256,0.001372,0.000329,0.000043
data_rand_fold4/Testing/glioma/Tr-gl_0091.jpg,MR017260F,glioma,glioma,1,0.996830,4,42,0.996830,0.001397,0.001052,0.000721
data_rand_fold4/Testing/glioma/Tr-gl_0099.jpg,106494,glioma,glioma,1,0.980781,4,42,0.980781,0.018540,0.000611,0.000069
data_rand_fold4/Testing/glioma/Tr-gl_0102.jpg,MR040240,glioma,glioma,1,0.999607,4,42,0.999607,0.000191,0.000129,0.000073
data_rand_fold4/Testing/glioma/Tr-gl_0104.jpg,MR040240B,glioma,glioma,1,0.999857,4,42,0.999857,0.000107,0.000020,0.000015
data_rand_fold4/Testing/glioma/Tr-gl_0106.jpg,MR024780B,glioma,glioma,1,0.994687,4,42,0.994687,0.000652,0.004448,0.000213
data_rand_fold4/Testing/glioma/Tr-gl_0113.jpg,MR049453B,glioma,glioma,1,0.999618,4,42,0.999618,0.000174,0.000028,0.000179
data_rand_fold4/Testing/glioma/Tr-gl_0116.jpg,MR050687,glioma,glioma,1,0.971950,4,42,0.971950,0.025092,0.001890,0.001068
data_rand_fold4/Testing/glioma/Tr-gl_0117.jpg,MR049019C,glioma,glioma,1,0.988609,4,42,0.988609,0.000363,0.000568,0.010459
data_rand_fold4/Testing/glioma/Tr-gl_0118.jpg,MR051461,glioma,glioma,1,0.993235,4,42,0.993235,0.001689,0.001219,0.003858
data_rand_fold4/Testing/glioma/Tr-gl_0120.jpg,MR026175E,glioma,glioma,1,0.993553,4,42,0.993553,0.001250,0.004917,0.000280
data_rand_fold4/Testing/glioma/Tr-gl_0122.jpg,MR049358,glioma,glioma,1,0.995374,4,42,0.995374,0.003884,0.000076,0.000665
data_rand_fold4/Testing/glioma/Tr-gl_0125.jpg,MR049358,glioma,glioma,1,0.998240,4,42,0.998240,0.000890,0.000665,0.000206
data_rand_fold4/Testing/glioma/Tr-gl_0127.jpg,MR049358,glioma,glioma,1,0.999286,4,42,0.999286,0.000288,0.000385,0.000041
data_rand_fold4/Testing/glioma/Tr-gl_0132.jpg,MR049104B,glioma,glioma,1,0.998701,4,42,0.998701,0.000218,0.001017,0.000064
data_rand_fold4/Testing/glioma/Tr-gl_0151.jpg,MR024780G,glioma,glioma,1,0.995838,4,42,0.995838,0.001108,0.002788,0.000266
data_rand_fold4/Testing/glioma/Tr-gl_0154.jpg,MR049453B,glioma,glioma,1,0.999703,4,42,0.999703,0.000079,0.000183,0.000035
data_rand_fold4/Testing/glioma/Tr-gl_0161.jpg,MR048294B,glioma,glioma,1,0.999095,4,42,0.999095,0.000225,0.000591,0.000089
data_rand_fold4/Testing/glioma/Tr-gl_0167.jpg,MR050135B,glioma,glioma,1,0.999123,4,42,0.999123,0.000410,0.000234,0.000233
data_rand_fold4/Testing/glioma/Tr-gl_0174.jpg,MR050135B,glioma,glioma,1,0.994101,4,42,0.994101,0.000784,0.005040,0.000075
data_rand_fold4/Testing/glioma/Tr-gl_0176.jpg,MR050687,glioma,meningioma,0,0.584082,4,42,0.410149,0.584082,0.002475,0.003294
data_rand_fold4/Testing/glioma/Tr-gl_0177.jpg,MR050687,glioma,glioma,1,0.817496,4,42,0.817496,0.167124,0.003097,0.012283
data_rand_fold4/Testing/glioma/Tr-gl_0185.jpg,MR050687,glioma,meningioma,0,0.837118,4,42,0.114992,0.837118,0.046993,0.000897
data_rand_fold4/Testing/glioma/Tr-gl_0186.jpg,MR050791B,glioma,glioma,1,0.673053,4,42,0.673053,0.150768,0.113963,0.062215
data_rand_fold4/Testing/glioma/Tr-gl_0187.jpg,MR050791B,glioma,glioma,1,0.880845,4,42,0.880845,0.070463,0.017860,0.030832
data_rand_fold4/Testing/glioma/Tr-gl_0189.jpg,MR050791B,glioma,glioma,1,0.999851,4,42,0.999851,0.000076,0.000045,0.000027
data_rand_fold4/Testing/glioma/Tr-gl_0196.jpg,MR049019C,glioma,glioma,1,0.993840,4,42,0.993840,0.003889,0.000544,0.001727
data_rand_fold4/Testing/glioma/Tr-gl_0202.jpg,MR026175C,glioma,glioma,1,0.998232,4,42,0.998232,0.000888,0.000766,0.000114
data_rand_fold4/Testing/glioma/Tr-gl_0204.jpg,MR026175C,glioma,glioma,1,0.992638,4,42,0.992638,0.001420,0.005884,0.000057
data_rand_fold4/Testing/glioma/Tr-gl_0208.jpg,MR051461,glioma,glioma,1,0.998500,4,42,0.998500,0.000748,0.000568,0.000183
data_rand_fold4/Testing/glioma/Tr-gl_0209.jpg,MR051461,glioma,glioma,1,0.998414,4,42,0.998414,0.000458,0.000924,0.000203
data_rand_fold4/Testing/glioma/Tr-gl_0211.jpg,MR051461,glioma,glioma,1,0.999372,4,42,0.999372,0.000100,0.000341,0.000186
data_rand_fold4/Testing/glioma/Tr-gl_0212.jpg,MR051461,glioma,glioma,1,0.999660,4,42,0.999660,0.000055,0.000200,0.000084
data_rand_fold4/Testing/glioma/Tr-gl_0222.jpg,MR051461B,glioma,glioma,1,0.998318,4,42,0.998318,0.001420,0.000175,0.000087
data_rand_fold4/Testing/glioma/Tr-gl_0229.jpg,MR051644,glioma,glioma,1,0.984635,4,42,0.984635,0.013495,0.001229,0.000641
data_rand_fold4/Testing/glioma/Tr-gl_0230.jpg,MR051644,glioma,glioma,1,0.985325,4,42,0.985325,0.012099,0.000293,0.002284
data_rand_fold4/Testing/glioma/Tr-gl_0233.jpg,MR051644,glioma,glioma,1,0.747315,4,42,0.747315,0.228757,0.012091,0.011837
data_rand_fold4/Testing/glioma/Tr-gl_0239.jpg,MR051651,glioma,glioma,1,0.852922,4,42,0.852922,0.110996,0.035117,0.000964
data_rand_fold4/Testing/glioma/Tr-gl_0242.jpg,MR051651,glioma,meningioma,0,0.895507,4,42,0.102235,0.895507,0.001077,0.001182
data_rand_fold4/Testing/glioma/Tr-gl_0243.jpg,MR051796,glioma,glioma,1,0.999038,4,42,0.999038,0.000370,0.000510,0.000082
data_rand_fold4/Testing/glioma/Tr-gl_0244.jpg,MR051796,glioma,glioma,1,0.998325,4,42,0.998325,0.000582,0.000871,0.000222
data_rand_fold4/Testing/glioma/Tr-gl_0246.jpg,MR051796,glioma,glioma,1,0.999465,4,42,0.999465,0.000196,0.000115,0.000225
data_rand_fold4/Testing/glioma/Tr-gl_0250.jpg,MR051651B,glioma,glioma,1,0.972753,4,42,0.972753,0.016642,0.010306,0.000299
data_rand_fold4/Testing/glioma/Tr-gl_0254.jpg,MR051651B,glioma,glioma,1,0.997083,4,42,0.997083,0.002513,0.000358,0.000047
data_rand_fold4/Testing/glioma/Tr-gl_0258.jpg,MR051644B,glioma,glioma,1,0.996677,4,42,0.996677,0.000312,0.002859,0.000152
data_rand_fold4/Testing/glioma/Tr-gl_0261.jpg,MR051644B,glioma,glioma,1,0.998801,4,42,0.998801,0.000189,0.000695,0.000315
data_rand_fold4/Testing/glioma/Tr-gl_0267.jpg,MR052550,glioma,glioma,1,0.999576,4,42,0.999576,0.000218,0.000122,0.000083
data_rand_fold4/Testing/glioma/Tr-gl_0270.jpg,MR051644C,glioma,glioma,1,0.999166,4,42,0.999166,0.000541,0.000214,0.000079
data_rand_fold4/Testing/glioma/Tr-gl_0286.jpg,MR047953C,glioma,glioma,1,0.998636,4,42,0.998636,0.000698,0.000364,0.000302
data_rand_fold4/Testing/glioma/Tr-gl_0287.jpg,MR047953C,glioma,glioma,1,0.997503,4,42,0.997503,0.001418,0.000982,0.000097
data_rand_fold4/Testing/glioma/Tr-gl_0288.jpg,MR053110B,glioma,glioma,1,0.988753,4,42,0.988753,0.006232,0.002556,0.002459
data_rand_fold4/Testing/glioma/Tr-gl_0320.jpg,MR029209E,glioma,glioma,1,0.999197,4,42,0.999197,0.000164,0.000504,0.000135
data_rand_fold4/Testing/glioma/Tr-gl_0328.jpg,MR053110E,glioma,glioma,1,0.981198,4,42,0.981198,0.017296,0.000611,0.000894
data_rand_fold4/Testing/glioma/Tr-gl_0329.jpg,MR053110E,glioma,glioma,1,0.999212,4,42,0.999212,0.000173,0.000368,0.000246
data_rand_fold4/Testing/glioma/Tr-gl_0336.jpg,MR049019G,glioma,glioma,1,0.999048,4,42,0.999048,0.000406,0.000217,0.000329
data_rand_fold4/Testing/glioma/Tr-gl_0347.jpg,MR038469,glioma,glioma,1,0.978158,4,42,0.978158,0.004811,0.016319,0.000712
data_rand_fold4/Testing/glioma/Tr-gl_0371.jpg,MR037458C,glioma,glioma,1,0.981108,4,42,0.981108,0.012098,0.004925,0.001869
data_rand_fold4/Testing/glioma/Tr-gl_0375.jpg,MR037458C,glioma,glioma,1,0.979910,4,42,0.979910,0.018542,0.001446,0.000103
data_rand_fold4/Testing/glioma/Tr-gl_0377.jpg,MR037458C,glioma,glioma,1,0.998813,4,42,0.998813,0.000648,0.000413,0.000126
data_rand_fold4/Testing/glioma/Tr-gl_0378.jpg,MR040240,glioma,glioma,1,0.994487,4,42,0.994487,0.003661,0.000228,0.001623
data_rand_fold4/Testing/glioma/Tr-gl_0382.jpg,MR040240,glioma,glioma,1,0.997642,4,42,0.997642,0.001095,0.000333,0.000930
data_rand_fold4/Testing/glioma/Tr-gl_0388.jpg,MR040240B,glioma,glioma,1,0.998715,4,42,0.998715,0.000768,0.000254,0.000262
data_rand_fold4/Testing/glioma/Tr-gl_0393.jpg,MR029209G,glioma,glioma,1,0.999154,4,42,0.999154,0.000246,0.000529,0.000071
data_rand_fold4/Testing/glioma/Tr-gl_0397.jpg,MR029209G,glioma,glioma,1,0.999157,4,42,0.999157,0.000297,0.000450,0.000095
data_rand_fold4/Testing/glioma/Tr-gl_0402.jpg,MR036496B,glioma,glioma,1,0.998726,4,42,0.998726,0.000483,0.000747,0.000044
data_rand_fold4/Testing/glioma/Tr-gl_0410.jpg,MR033420,glioma,glioma,1,0.998306,4,42,0.998306,0.000453,0.001076,0.000166
data_rand_fold4/Testing/glioma/Tr-gl_0412.jpg,MR033420,glioma,glioma,1,0.998290,4,42,0.998290,0.000307,0.001249,0.000155
data_rand_fold4/Testing/glioma/Tr-gl_0414.jpg,MR024780B,glioma,glioma,1,0.995943,4,42,0.995943,0.002214,0.001457,0.000386
data_rand_fold4/Testing/glioma/Tr-gl_0418.jpg,MR049104,glioma,glioma,1,0.999548,4,42,0.999548,0.000213,0.000072,0.000167
data_rand_fold4/Testing/glioma/Tr-gl_0420.jpg,MR048994B,glioma,glioma,1,0.999218,4,42,0.999218,0.000189,0.000168,0.000425
data_rand_fold4/Testing/glioma/Tr-gl_0436.jpg,MR049453,glioma,glioma,1,0.999783,4,42,0.999783,0.000094,0.000070,0.000052
data_rand_fold4/Testing/glioma/Tr-gl_0440.jpg,MR049453,glioma,glioma,1,0.997813,4,42,0.997813,0.000143,0.000351,0.001693
data_rand_fold4/Testing/glioma/Tr-gl_0448.jpg,MR049453B,glioma,glioma,1,0.987656,4,42,0.987656,0.011928,0.000282,0.000135
data_rand_fold4/Testing/glioma/Tr-gl_0452.jpg,MR049453B,glioma,glioma,1,0.999878,4,42,0.999878,0.000070,0.000022,0.000030
data_rand_fold4/Testing/glioma/Tr-gl_0457.jpg,MR049453B,glioma,glioma,1,0.998044,4,42,0.998044,0.000081,0.000079,0.001795
data_rand_fold4/Testing/glioma/Tr-gl_0459.jpg,MR049453B,glioma,glioma,1,0.999504,4,42,0.999504,0.000071,0.000097,0.000328
data_rand_fold4/Testing/glioma/Tr-gl_0463.jpg,MR050135B,glioma,glioma,1,0.999291,4,42,0.999291,0.000458,0.000162,0.000089
data_rand_fold4/Testing/glioma/Tr-gl_0475.jpg,MR050687,glioma,glioma,1,0.994560,4,42,0.994560,0.005361,0.000071,0.000008
data_rand_fold4/Testing/glioma/Tr-gl_0485.jpg,MR049019C,glioma,glioma,1,0.968534,4,42,0.968534,0.000226,0.000196,0.031045
data_rand_fold4/Testing/glioma/Tr-gl_0486.jpg,MR049019C,glioma,glioma,1,0.992046,4,42,0.992046,0.000229,0.000136,0.007589
data_rand_fold4/Testing/glioma/Tr-gl_0519.jpg,MR026175E,glioma,glioma,1,0.996754,4,42,0.996754,0.000906,0.002158,0.000182
data_rand_fold4/Testing/glioma/Tr-gl_0520.jpg,MR026175E,glioma,glioma,1,0.997324,4,42,0.997324,0.000541,0.002087,0.000048
data_rand_fold4/Testing/glioma/Tr-gl_0525.jpg,MR040240C,glioma,glioma,1,0.987088,4,42,0.987088,0.005710,0.000356,0.006846
data_rand_fold4/Testing/glioma/Tr-gl_0531.jpg,MR040240C,glioma,glioma,1,0.999590,4,42,0.999590,0.000132,0.000080,0.000197
data_rand_fold4/Testing/glioma/Tr-gl_0532.jpg,MR040240C,glioma,glioma,1,0.997255,4,42,0.997255,0.002013,0.000193,0.000540
data_rand_fold4/Testing/glioma/Tr-gl_0536.jpg,MR040240D,glioma,glioma,1,0.999337,4,42,0.999337,0.000522,0.000109,0.000032
data_rand_fold4/Testing/glioma/Tr-gl_0537.jpg,MR040240D,glioma,glioma,1,0.999271,4,42,0.999271,0.000219,0.000095,0.000415
data_rand_fold4/Testing/glioma/Tr-gl_0556.jpg,MR029209I,glioma,glioma,1,0.997580,4,42,0.997580,0.000347,0.001951,0.000122
data_rand_fold4/Testing/glioma/Tr-gl_0558.jpg,MR029209I,glioma,glioma,1,0.999270,4,42,0.999270,0.000373,0.000341,0.000017
data_rand_fold4/Testing/glioma/Tr-gl_0563.jpg,MR048294,glioma,glioma,1,0.998059,4,42,0.998059,0.000250,0.000880,0.000811
data_rand_fold4/Testing/glioma/Tr-gl_0565.jpg,MR048294,glioma,glioma,1,0.997645,4,42,0.997645,0.000428,0.001039,0.000887
data_rand_fold4/Testing/glioma/Tr-gl_0567.jpg,MR048294,glioma,glioma,1,0.996510,4,42,0.996510,0.001479,0.000996,0.001016
data_rand_fold4/Testing/glioma/Tr-gl_0570.jpg,MR048297,glioma,glioma,1,0.670732,4,42,0.670732,0.316957,0.010512,0.001799
data_rand_fold4/Testing/glioma/Tr-gl_0574.jpg,MR048294B,glioma,glioma,1,0.998369,4,42,0.998369,0.000300,0.000750,0.000580
data_rand_fold4/Testing/glioma/Tr-gl_0581.jpg,MR048944,glioma,glioma,1,0.999712,4,42,0.999712,0.000102,0.000120,0.000067
data_rand_fold4/Testing/glioma/Tr-gl_0591.jpg,MR048994,glioma,glioma,1,0.995500,4,42,0.995500,0.004078,0.000323,0.000100
data_rand_fold4/Testing/glioma/Tr-gl_0599.jpg,MR040240,glioma,glioma,1,0.998594,4,42,0.998594,0.000607,0.000314,0.000485
data_rand_fold4/Testing/glioma/Tr-gl_0612.jpg,MR040240B,glioma,glioma,1,0.999219,4,42,0.999219,0.000327,0.000353,0.000102
data_rand_fold4/Testing/glioma/Tr-gl_0616.jpg,MR029209G,glioma,glioma,1,0.999922,4,42,0.999922,0.000015,0.000018,0.000044
data_rand_fold4/Testing/glioma/Tr-gl_0621.jpg,MR036496B,glioma,glioma,1,0.999705,4,42,0.999705,0.000140,0.000090,0.000065
data_rand_fold4/Testing/glioma/Tr-gl_0623.jpg,MR036496B,glioma,glioma,1,0.998714,4,42,0.998714,0.000809,0.000318,0.000158
data_rand_fold4/Testing/glioma/Tr-gl_0629.jpg,MR033420,glioma,glioma,1,0.984038,4,42,0.984038,0.014113,0.001183,0.000667
data_rand_fold4/Testing/glioma/Tr-gl_0631.jpg,MR033420,glioma,glioma,1,0.998278,4,42,0.998278,0.000519,0.000790,0.000413
data_rand_fold4/Testing/glioma/Tr-gl_0632.jpg,MR033420,glioma,glioma,1,0.996888,4,42,0.996888,0.003029,0.000055,0.000028
data_rand_fold4/Testing/glioma/Tr-gl_0635.jpg,MR033420,glioma,glioma,1,0.999945,4,42,0.999945,0.000016,0.000010,0.000029
data_rand_fold4/Testing/glioma/Tr-gl_0638.jpg,MR033389B,glioma,glioma,1,0.999110,4,42,0.999110,0.000532,0.000205,0.000153
data_rand_fold4/Testing/glioma/Tr-gl_0645.jpg,MR024780E,glioma,glioma,1,0.999798,4,42,0.999798,0.000053,0.000123,0.000026
data_rand_fold4/Testing/glioma/Tr-gl_0650.jpg,MR026175E,glioma,glioma,1,0.987557,4,42,0.987557,0.009612,0.002444,0.000386
data_rand_fold4/Testing/glioma/Tr-gl_0654.jpg,MR026175E,glioma,glioma,1,0.992900,4,42,0.992900,0.004859,0.001864,0.000377
data_rand_fold4/Testing/glioma/Tr-gl_0656.jpg,MR026175E,glioma,glioma,1,0.999632,4,42,0.999632,0.000116,0.000136,0.000116
data_rand_fold4/Testing/glioma/Tr-gl_0659.jpg,MR040240C,glioma,glioma,1,0.995430,4,42,0.995430,0.002036,0.000484,0.002051
data_rand_fold4/Testing/glioma/Tr-gl_0667.jpg,MR040240C,glioma,glioma,1,0.999579,4,42,0.999579,0.000165,0.000223,0.000033
data_rand_fold4/Testing/glioma/Tr-gl_0695.jpg,MR051461B,glioma,glioma,1,0.993258,4,42,0.993258,0.006208,0.000074,0.000460
data_rand_fold4/Testing/glioma/Tr-gl_0703.jpg,MR051644,glioma,glioma,1,0.999770,4,42,0.999770,0.000055,0.000078,0.000097
data_rand_fold4/Testing/glioma/Tr-gl_0708.jpg,MR051651,glioma,glioma,1,0.995439,4,42,0.995439,0.001985,0.002048,0.000529
data_rand_fold4/Testing/glioma/Tr-gl_0713.jpg,MR051651,glioma,glioma,1,0.996331,4,42,0.996331,0.000868,0.001714,0.001087
data_rand_fold4/Testing/glioma/Tr-gl_0723.jpg,MR051651B,glioma,glioma,1,0.995084,4,42,0.995084,0.004427,0.000273,0.000217
data_rand_fold4/Testing/glioma/Tr-gl_0726.jpg,MR051651B,glioma,glioma,1,0.989036,4,42,0.989036,0.010603,0.000203,0.000158
data_rand_fold4/Testing/glioma/Tr-gl_0735.jpg,MR052550,glioma,glioma,1,0.998900,4,42,0.998900,0.000107,0.000720,0.000273
data_rand_fold4/Testing/glioma/Tr-gl_0736.jpg,MR051644C,glioma,glioma,1,0.999487,4,42,0.999487,0.000285,0.000129,0.000099
data_rand_fold4/Testing/glioma/Tr-gl_0737.jpg,MR051644C,glioma,glioma,1,0.996955,4,42,0.996955,0.001388,0.001091,0.000567
data_rand_fold4/Testing/glioma/Tr-gl_0740.jpg,MR051644C,glioma,glioma,1,0.999096,4,42,0.999096,0.000181,0.000223,0.000500
data_rand_fold4/Testing/glioma/Tr-gl_0741.jpg,MR051644C,glioma,glioma,1,0.998563,4,42,0.998563,0.000334,0.000460,0.000642
data_rand_fold4/Testing/glioma/Tr-gl_0747.jpg,MR051644C,glioma,glioma,1,0.999797,4,42,0.999797,0.000022,0.000035,0.000147
data_rand_fold4/Testing/glioma/Tr-gl_0748.jpg,MR051644C,glioma,glioma,1,0.999599,4,42,0.999599,0.000058,0.000106,0.000237
data_rand_fold4/Testing/glioma/Tr-gl_0765.jpg,MR034694,glioma,glioma,1,0.999927,4,42,0.999927,0.000011,0.000019,0.000043
data_rand_fold4/Testing/glioma/Tr-gl_0769.jpg,MR034694,glioma,glioma,1,0.999817,4,42,0.999817,0.000083,0.000070,0.000030
data_rand_fold4/Testing/glioma/Tr-gl_0780.jpg,MR050687C,glioma,glioma,1,0.979634,4,42,0.979634,0.017887,0.001096,0.001383
data_rand_fold4/Testing/glioma/Tr-gl_0783.jpg,MR049242C,glioma,glioma,1,0.996051,4,42,0.996051,0.000335,0.000944,0.002670
data_rand_fold4/Testing/glioma/Tr-gl_0802.jpg,MR029209E,glioma,glioma,1,0.993500,4,42,0.993500,0.002695,0.002700,0.001105
data_rand_fold4/Testing/glioma/Tr-gl_0804.jpg,MR053110E,glioma,glioma,1,0.999149,4,42,0.999149,0.000419,0.000306,0.000126
data_rand_fold4/Testing/glioma/Tr-gl_0816.jpg,MR049019G,glioma,glioma,1,0.998776,4,42,0.998776,0.000126,0.000207,0.000891
data_rand_fold4/Testing/glioma/Tr-gl_0827.jpg,MR032322C,glioma,glioma,1,0.996735,4,42,0.996735,0.000903,0.000667,0.001694
data_rand_fold4/Testing/glioma/Tr-gl_0828.jpg,MR032322C,glioma,glioma,1,0.999915,4,42,0.999915,0.000054,0.000024,0.000007
data_rand_fold4/Testing/glioma/Tr-gl_0839.jpg,MR032322C,glioma,glioma,1,0.999461,4,42,0.999461,0.000094,0.000261,0.000185
data_rand_fold4/Testing/glioma/Tr-gl_0843.jpg,MR037458B,glioma,glioma,1,0.936870,4,42,0.936870,0.062702,0.000302,0.000127
data_rand_fold4/Testing/glioma/Tr-gl_0844.jpg,MR037458B,glioma,glioma,1,0.899908,4,42,0.899908,0.098387,0.001325,0.000379
data_rand_fold4/Testing/glioma/Tr-gl_0850.jpg,MR039473B,glioma,glioma,1,0.999937,4,42,0.999937,0.000043,0.000003,0.000018
data_rand_fold4/Testing/glioma/Tr-gl_0855.jpg,MR039473B,glioma,glioma,1,0.999525,4,42,0.999525,0.000257,0.000037,0.000180
data_rand_fold4/Testing/glioma/Tr-gl_0858.jpg,MR039473B,glioma,glioma,1,0.998860,4,42,0.998860,0.000661,0.000164,0.000316
data_rand_fold4/Testing/glioma/Tr-gl_0861.jpg,MR037458C,glioma,glioma,1,0.932474,4,42,0.932474,0.064968,0.001324,0.001234
data_rand_fold4/Testing/glioma/Tr-gl_0862.jpg,MR037458C,glioma,glioma,1,0.952741,4,42,0.952741,0.041633,0.004619,0.001007
data_rand_fold4/Testing/glioma/Tr-gl_0871.jpg,MR029209E,glioma,glioma,1,0.999459,4,42,0.999459,0.000322,0.000026,0.000194
data_rand_fold4/Testing/glioma/Tr-gl_0872.jpg,MR029209E,glioma,glioma,1,0.999886,4,42,0.999886,0.000048,0.000008,0.000059
data_rand_fold4/Testing/glioma/Tr-gl_0875.jpg,MR053110E,glioma,glioma,1,0.999267,4,42,0.999267,0.000587,0.000031,0.000114
data_rand_fold4/Testing/glioma/Tr-gl_0895.jpg,MR032322C,glioma,glioma,1,0.994897,4,42,0.994897,0.001698,0.000259,0.003147
data_rand_fold4/Testing/glioma/Tr-gl_0900.jpg,MR037458B,glioma,glioma,1,0.958688,4,42,0.958688,0.041103,0.000043,0.000167
data_rand_fold4/Testing/glioma/Tr-gl_0902.jpg,MR039473,glioma,glioma,1,0.832409,4,42,0.832409,0.005155,0.000266,0.162169
data_rand_fold4/Testing/glioma/Tr-gl_0903.jpg,MR039473,glioma,glioma,1,0.956132,4,42,0.956132,0.017895,0.002518,0.023455
data_rand_fold4/Testing/glioma/Tr-gl_0904.jpg,MR039473,glioma,glioma,1,0.967426,4,42,0.967426,0.000531,0.000110,0.031933
data_rand_fold4/Testing/glioma/Tr-gl_0907.jpg,MR039473B,glioma,glioma,1,0.999797,4,42,0.999797,0.000159,0.000006,0.000038
data_rand_fold4/Testing/glioma/Tr-gl_0908.jpg,MR039473B,glioma,glioma,1,0.997459,4,42,0.997459,0.000286,0.000057,0.002197
data_rand_fold4/Testing/glioma/Tr-gl_0909.jpg,MR039473B,glioma,glioma,1,0.998625,4,42,0.998625,0.000297,0.000097,0.000981
data_rand_fold4/Testing/glioma/Tr-gl_0912.jpg,MR040240,glioma,glioma,1,0.998008,4,42,0.998008,0.000440,0.000118,0.001434
data_rand_fold4/Testing/glioma/Tr-gl_0914.jpg,MR040240,glioma,glioma,1,0.863417,4,42,0.863417,0.080247,0.019878,0.036458
data_rand_fold4/Testing/glioma/Tr-gl_0917.jpg,MR040240,glioma,glioma,1,0.982638,4,42,0.982638,0.014477,0.000670,0.002216
data_rand_fold4/Testing/glioma/Tr-gl_0927.jpg,MR029209G,glioma,glioma,1,0.990659,4,42,0.990659,0.006742,0.000199,0.002400
data_rand_fold4/Testing/glioma/Tr-gl_0931.jpg,MR036496B,glioma,glioma,1,0.998757,4,42,0.998757,0.001108,0.000061,0.000074
data_rand_fold4/Testing/glioma/Tr-gl_0938.jpg,MR033420,glioma,glioma,1,0.411023,4,42,0.411023,0.194407,0.040739,0.353832
data_rand_fold4/Testing/glioma/Tr-gl_0940.jpg,MR033420,glioma,glioma,1,0.908016,4,42,0.908016,0.080020,0.001576,0.010389
data_rand_fold4/Testing/glioma/Tr-gl_0943.jpg,MR024780B,glioma,glioma,1,0.994298,4,42,0.994298,0.005038,0.000141,0.000522
data_rand_fold4/Testing/glioma/Tr-gl_0945.jpg,MR033389B,glioma,glioma,1,0.978125,4,42,0.978125,0.015888,0.002395,0.003591
data_rand_fold4/Testing/glioma/Tr-gl_0948.jpg,MR048297,glioma,glioma,1,0.987206,4,42,0.987206,0.012170,0.000570,0.000054
data_rand_fold4/Testing/glioma/Tr-gl_0954.jpg,MR048294B,glioma,glioma,1,0.999419,4,42,0.999419,0.000547,0.000012,0.000022
data_rand_fold4/Testing/glioma/Tr-gl_0976.jpg,MR049142,glioma,glioma,1,0.907167,4,42,0.907167,0.091227,0.000636,0.000971
data_rand_fold4/Testing/glioma/Tr-gl_0983.jpg,MR049358,glioma,glioma,1,0.730777,4,42,0.730777,0.009965,0.001645,0.257614
data_rand_fold4/Testing/glioma/Tr-gl_0994.jpg,MR024780G,glioma,glioma,1,0.999925,4,42,0.999925,0.000042,0.000011,0.000021
data_rand_fold4/Testing/glioma/Tr-gl_0995.jpg,MR024780G,glioma,glioma,1,0.999918,4,42,0.999918,0.000062,0.000014,0.000006
data_rand_fold4/Testing/glioma/Tr-gl_1007.jpg,MR050687,glioma,glioma,1,0.995007,4,42,0.995007,0.004827,0.000081,0.000085
data_rand_fold4/Testing/glioma/Tr-gl_1012.jpg,MR050791B,glioma,glioma,1,0.993426,4,42,0.993426,0.006052,0.000418,0.000104
data_rand_fold4/Testing/glioma/Tr-gl_1027.jpg,MR051586,glioma,glioma,1,0.994384,4,42,0.994384,0.005036,0.000362,0.000218
data_rand_fold4/Testing/glioma/Tr-gl_1030.jpg,MR051586,glioma,glioma,1,0.999393,4,42,0.999393,0.000385,0.000179,0.000042
data_rand_fold4/Testing/glioma/Tr-gl_1032.jpg,MR051644,glioma,glioma,1,0.989519,4,42,0.989519,0.007304,0.001294,0.001884
data_rand_fold4/Testing/glioma/Tr-gl_1047.jpg,MR051651B,glioma,glioma,1,0.999320,4,42,0.999320,0.000652,0.000009,0.000020
data_rand_fold4/Testing/glioma/Tr-gl_1051.jpg,MR051644B,glioma,glioma,1,0.993491,4,42,0.993491,0.000164,0.000450,0.005895
data_rand_fold4/Testing/glioma/Tr-gl_1053.jpg,MR051644B,glioma,glioma,1,0.982200,4,42,0.982200,0.000877,0.000285,0.016638
data_rand_fold4/Testing/glioma/Tr-gl_1054.jpg,MR051644B,glioma,glioma,1,0.998113,4,42,0.998113,0.000134,0.000084,0.001668
data_rand_fold4/Testing/glioma/Tr-gl_1058.jpg,MR051796B,glioma,glioma,1,0.995132,4,42,0.995132,0.003463,0.000126,0.001279
data_rand_fold4/Testing/glioma/Tr-gl_1059.jpg,MR051796B,glioma,glioma,1,0.992948,4,42,0.992948,0.003090,0.000244,0.003718
data_rand_fold4/Testing/glioma/Tr-gl_1063.jpg,MR052550,glioma,glioma,1,0.996035,4,42,0.996035,0.002378,0.000291,0.001296
data_rand_fold4/Testing/glioma/Tr-gl_1064.jpg,MR051644C,glioma,glioma,1,0.999864,4,42,0.999864,0.000069,0.000012,0.000054
data_rand_fold4/Testing/glioma/Tr-gl_1066.jpg,MR051644C,glioma,glioma,1,0.944074,4,42,0.944074,0.004301,0.000314,0.051311
data_rand_fold4/Testing/glioma/Tr-gl_1071.jpg,MR049942B,glioma,glioma,1,0.849500,4,42,0.849500,0.000196,0.000784,0.149521
data_rand_fold4/Testing/glioma/Tr-gl_1079.jpg,MR053110B,glioma,glioma,1,0.999127,4,42,0.999127,0.000774,0.000053,0.000045
data_rand_fold4/Testing/glioma/Tr-gl_1084.jpg,MR054875,glioma,pituitary,0,0.740134,4,42,0.254380,0.003689,0.001797,0.740134
data_rand_fold4/Testing/glioma/Tr-gl_1086.jpg,MR054875,glioma,glioma,1,0.953027,4,42,0.953027,0.020351,0.000711,0.025911
data_rand_fold4/Testing/glioma/Tr-gl_1087.jpg,MR054875,glioma,glioma,1,0.997997,4,42,0.997997,0.000652,0.000080,0.001271
data_rand_fold4/Testing/glioma/Tr-gl_1094.jpg,MR056144,glioma,glioma,1,0.554857,4,42,0.554857,0.015759,0.000541,0.428844
data_rand_fold4/Testing/glioma/Tr-gl_1098.jpg,MR034997,glioma,glioma,1,0.986295,4,42,0.986295,0.011483,0.000319,0.001903
data_rand_fold4/Testing/glioma/Tr-gl_1099.jpg,MR034997,glioma,glioma,1,0.996352,4,42,0.996352,0.003034,0.000379,0.000234
data_rand_fold4/Testing/glioma/Tr-gl_1104.jpg,MR033389B,glioma,glioma,1,0.918983,4,42,0.918983,0.073809,0.000115,0.007093
data_rand_fold4/Testing/glioma/Tr-gl_1120.jpg,MR017260F,glioma,glioma,1,0.997648,4,42,0.997648,0.002017,0.000053,0.000281
data_rand_fold4/Testing/glioma/Tr-gl_1122.jpg,MR017260F,glioma,glioma,1,0.999885,4,42,0.999885,0.000062,0.000006,0.000046
data_rand_fold4/Testing/glioma/Tr-gl_1124.jpg,MR029209I,glioma,glioma,1,0.999550,4,42,0.999550,0.000375,0.000029,0.000046
data_rand_fold4/Testing/glioma/Tr-gl_1126.jpg,MR029209I,glioma,glioma,1,0.999825,4,42,0.999825,0.000082,0.000029,0.000065
data_rand_fold4/Testing/glioma/Tr-gl_1138.jpg,102075,glioma,glioma,1,0.801676,4,42,0.801676,0.080798,0.102544,0.014982
data_rand_fold4/Testing/glioma/Tr-gl_1139.jpg,102075,glioma,notumor,0,0.516113,4,42,0.030773,0.376879,0.516113,0.076235
data_rand_fold4/Testing/glioma/Tr-gl_1140.jpg,103148,glioma,glioma,1,0.962926,4,42,0.962926,0.035936,0.000270,0.000868
data_rand_fold4/Testing/glioma/Tr-gl_1146.jpg,106494,glioma,glioma,1,0.983912,4,42,0.983912,0.010959,0.004400,0.000730
data_rand_fold4/Testing/glioma/Tr-gl_1147.jpg,106494,glioma,glioma,1,0.639555,4,42,0.639555,0.040588,0.318167,0.001689
data_rand_fold4/Testing/glioma/Tr-gl_1148.jpg,106494,glioma,notumor,0,0.671697,4,42,0.246413,0.081195,0.671697,0.000695
data_rand_fold4/Testing/glioma/Tr-gl_1149.jpg,106494,glioma,notumor,0,0.425861,4,42,0.214300,0.357738,0.425861,0.002101
data_rand_fold4/Testing/glioma/Tr-gl_1153.jpg,107747,glioma,meningioma,0,0.890458,4,42,0.105031,0.890458,0.001675,0.002836
data_rand_fold4/Testing/glioma/Tr-gl_1164.jpg,101020,glioma,glioma,1,0.999095,4,42,0.999095,0.000797,0.000100,0.000008
data_rand_fold4/Testing/glioma/Tr-gl_1178.jpg,107747,glioma,glioma,1,0.838473,4,42,0.838473,0.147455,0.001269,0.012803
data_rand_fold4/Testing/glioma/Tr-gl_1182.jpg,112105,glioma,meningioma,0,0.412747,4,42,0.308512,0.412747,0.030642,0.248100
data_rand_fold4/Testing/glioma/Tr-gl_1184.jpg,112105,glioma,glioma,1,0.820817,4,42,0.820817,0.149789,0.009585,0.019809
data_rand_fold4/Testing/glioma/Tr-gl_1202.jpg,93825,glioma,glioma,1,0.570607,4,42,0.570607,0.426270,0.002134,0.000989
data_rand_fold4/Testing/glioma/Tr-gl_1205.jpg,97609,glioma,glioma,1,0.996773,4,42,0.996773,0.003049,0.000072,0.000105
data_rand_fold4/Testing/glioma/Tr-gl_1208.jpg,100820,glioma,glioma,1,0.988237,4,42,0.988237,0.010736,0.000807,0.000221
data_rand_fold4/Testing/glioma/Tr-gl_1213.jpg,101020,glioma,glioma,1,0.997986,4,42,0.997986,0.001898,0.000054,0.000062
data_rand_fold4/Testing/glioma/Tr-gl_1220.jpg,102075,glioma,meningioma,0,0.817463,4,42,0.174422,0.817463,0.001555,0.006561
data_rand_fold4/Testing/glioma/Tr-gl_1230.jpg,106494,glioma,glioma,1,0.784128,4,42,0.784128,0.210571,0.002506,0.002795
data_rand_fold4/Testing/glioma/Tr-gl_1232.jpg,107747,glioma,meningioma,0,0.807643,4,42,0.179559,0.807643,0.000554,0.012244
data_rand_fold4/Testing/glioma/Tr-gl_1241.jpg,88670,glioma,glioma,1,0.787774,4,42,0.787774,0.203848,0.002615,0.005762
data_rand_fold4/Testing/glioma/Tr-gl_1251.jpg,92897,glioma,glioma,1,0.628195,4,42,0.628195,0.234160,0.056836,0.080809
data_rand_fold4/Testing/glioma/Tr-gl_1252.jpg,93329,glioma,glioma,1,0.982065,4,42,0.982065,0.015227,0.000059,0.002649
data_rand_fold4/Testing/glioma/Tr-gl_1262.jpg,95142,glioma,glioma,1,0.997772,4,42,0.997772,0.002159,0.000005,0.000064
data_rand_fold4/Testing/glioma/Tr-gl_1264.jpg,95142,glioma,glioma,1,0.998222,4,42,0.998222,0.001433,0.000039,0.000306
data_rand_fold4/Testing/glioma/Tr-gl_1266.jpg,96587,glioma,glioma,1,0.994713,4,42,0.994713,0.005132,0.000085,0.000070
data_rand_fold4/Testing/glioma/Tr-gl_1270.jpg,97609,glioma,glioma,1,0.999750,4,42,0.999750,0.000194,0.000011,0.000045
data_rand_fold4/Testing/glioma/Tr-gl_1275.jpg,98889,glioma,glioma,1,0.962688,4,42,0.962688,0.034860,0.000295,0.002158
data_rand_fold4/Testing/glioma/Tr-gl_1277.jpg,MR048294,glioma,glioma,1,0.995867,4,42,0.995867,0.001480,0.001134,0.001518
data_rand_fold4/Testing/glioma/Tr-gl_1278.jpg,MR048294,glioma,glioma,1,0.998944,4,42,0.998944,0.000220,0.000697,0.000139
data_rand_fold4/Testing/glioma/Tr-gl_1279.jpg,MR048294,glioma,glioma,1,0.997456,4,42,0.997456,0.000643,0.001766,0.000134
data_rand_fold4/Testing/glioma/Tr-gl_1286.jpg,MR048621B,glioma,glioma,1,0.766355,4,42,0.766355,0.159808,0.000285,0.073552
data_rand_fold4/Testing/glioma/Tr-gl_1287.jpg,MR048621B,glioma,glioma,1,0.995383,4,42,0.995383,0.004177,0.000146,0.000294
data_rand_fold4/Testing/glioma/Tr-gl_1288.jpg,MR048621B,glioma,glioma,1,0.980492,4,42,0.980492,0.010870,0.001883,0.006755
data_rand_fold4/Testing/glioma/Tr-gl_1290.jpg,MR048621B,glioma,glioma,1,0.903986,4,42,0.903986,0.088866,0.003198,0.003950
data_rand_fold4/Testing/glioma/Tr-gl_1291.jpg,MR048621B,glioma,glioma,1,0.700364,4,42,0.700364,0.277002,0.018875,0.003759
data_rand_fold4/Testing/glioma/Tr-gl_1292.jpg,MR048621B,glioma,glioma,1,0.928276,4,42,0.928276,0.062693,0.008356,0.000675
data_rand_fold4/Testing/glioma/Tr-gl_1293.jpg,MR048944,glioma,glioma,1,0.760611,4,42,0.760611,0.218612,0.017710,0.003067
data_rand_fold4/Testing/glioma/Tr-gl_1318.jpg,MR048944B,glioma,glioma,1,0.993981,4,42,0.993981,0.002871,0.002211,0.000937
data_rand_fold4/Testing/meningioma/Te-me_0118.jpg,108550,meningioma,meningioma,1,0.972266,4,42,0.001662,0.972266,0.004447,0.021626
data_rand_fold4/Testing/meningioma/Te-me_0119.jpg,108945,meningioma,meningioma,1,0.999760,4,42,0.000018,0.999760,0.000141,0.000080
data_rand_fold4/Testing/meningioma/Te-me_0121.jpg,109968,meningioma,meningioma,1,0.999004,4,42,0.000226,0.999004,0.000261,0.000509
data_rand_fold4/Testing/meningioma/Te-me_0136.jpg,97875,meningioma,meningioma,1,0.993899,4,42,0.002856,0.993899,0.002210,0.001035
data_rand_fold4/Testing/meningioma/Te-me_0144.jpg,101016,meningioma,meningioma,1,0.999076,4,42,0.000081,0.999076,0.000777,0.000066
data_rand_fold4/Testing/meningioma/Te-me_0153.jpg,100572,meningioma,meningioma,1,0.992377,4,42,0.000089,0.992377,0.002507,0.005028
data_rand_fold4/Testing/meningioma/Te-me_0165.jpg,103925,meningioma,meningioma,1,0.993625,4,42,0.000615,0.993625,0.001594,0.004166
data_rand_fold4/Testing/meningioma/Te-me_0173.jpg,106284,meningioma,meningioma,1,0.999087,4,42,0.000118,0.999087,0.000454,0.000340
data_rand_fold4/Testing/meningioma/Te-me_0177.jpg,53669,meningioma,meningioma,1,0.999657,4,42,0.000202,0.999657,0.000015,0.000125
data_rand_fold4/Testing/meningioma/Te-me_0191.jpg,111077,meningioma,meningioma,1,0.998774,4,42,0.000164,0.998774,0.000844,0.000218
data_rand_fold4/Testing/meningioma/Te-me_0195.jpg,112062,meningioma,meningioma,1,0.999515,4,42,0.000012,0.999515,0.000459,0.000014
data_rand_fold4/Testing/meningioma/Te-me_0197.jpg,112552,meningioma,meningioma,1,0.999932,4,42,0.000037,0.999932,0.000004,0.000027
data_rand_fold4/Testing/meningioma/Te-me_0201.jpg,113435,meningioma,meningioma,1,0.997909,4,42,0.000862,0.997909,0.000021,0.001207
data_rand_fold4/Testing/meningioma/Te-me_0203.jpg,114018,meningioma,meningioma,1,0.999834,4,42,0.000018,0.999834,0.000095,0.000053
data_rand_fold4/Testing/meningioma/Te-me_0205.jpg,114359,meningioma,meningioma,1,0.998939,4,42,0.000915,0.998939,0.000020,0.000127
data_rand_fold4/Testing/meningioma/Te-me_0207.jpg,103673,meningioma,meningioma,1,0.981126,4,42,0.000240,0.981126,0.003348,0.015286
data_rand_fold4/Testing/meningioma/Te-me_0208.jpg,97737,meningioma,meningioma,1,0.999530,4,42,0.000001,0.999530,0.000402,0.000068
data_rand_fold4/Testing/meningioma/Te-me_0213.jpg,99017,meningioma,meningioma,1,0.986956,4,42,0.001095,0.986956,0.001209,0.010739
data_rand_fold4/Testing/meningioma/Te-me_0218.jpg,104167,meningioma,meningioma,1,0.999750,4,42,0.000116,0.999750,0.000100,0.000034
data_rand_fold4/Testing/meningioma/Te-me_0226.jpg,102675,meningioma,meningioma,1,0.812008,4,42,0.181037,0.812008,0.000423,0.006532
data_rand_fold4/Testing/meningioma/Te-me_0229.jpg,104281,meningioma,meningioma,1,0.970452,4,42,0.002949,0.970452,0.026476,0.000122
data_rand_fold4/Testing/meningioma/Te-me_0231.jpg,103673,meningioma,meningioma,1,0.914993,4,42,0.000164,0.914993,0.002790,0.082053
data_rand_fold4/Testing/meningioma/Te-me_0232.jpg,104281,meningioma,meningioma,1,0.994902,4,42,0.000195,0.994902,0.004849,0.000053
data_rand_fold4/Testing/meningioma/Te-me_0248.jpg,107494,meningioma,pituitary,0,0.765672,4,42,0.000071,0.233867,0.000390,0.765672
data_rand_fold4/Testing/meningioma/Te-me_0257.jpg,111366,meningioma,meningioma,1,0.991613,4,42,0.000121,0.991613,0.000245,0.008022
data_rand_fold4/Testing/meningioma/Te-me_0258.jpg,111532,meningioma,meningioma,1,0.999863,4,42,0.000091,0.999863,0.000026,0.000021
data_rand_fold4/Testing/meningioma/Te-me_0259.jpg,112002,meningioma,glioma,0,0.708950,4,42,0.708950,0.279338,0.000072,0.011639
data_rand_fold4/Testing/meningioma/Te-me_0263.jpg,112552,meningioma,meningioma,1,0.999663,4,42,0.000277,0.999663,0.000009,0.000051
data_rand_fold4/Testing/meningioma/Te-me_0268.jpg,113435,meningioma,meningioma,1,0.988691,4,42,0.009433,0.988691,0.000202,0.001674
data_rand_fold4/Testing/meningioma/Te-me_0272.jpg,114018,meningioma,meningioma,1,0.996174,4,42,0.000062,0.996174,0.000804,0.002961
data_rand_fold4/Testing/meningioma/Te-me_0275.jpg,114417,meningioma,meningioma,1,0.999985,4,42,0.000006,0.999985,0.000000,0.000009
data_rand_fold4/Testing/meningioma/Te-me_0279.jpg,97737,meningioma,meningioma,1,0.999854,4,42,0.000022,0.999854,0.000014,0.000110
data_rand_fold4/Testing/meningioma/Te-me_0280.jpg,97875,meningioma,meningioma,1,0.984272,4,42,0.006471,0.984272,0.000677,0.008580
data_rand_fold4/Testing/meningioma/Te-me_0302.jpg,97607,meningioma,meningioma,1,0.999634,4,42,0.000012,0.999634,0.000032,0.000322
data_rand_fold4/Testing/meningioma/Tr-meTr_0001.jpg,107248,meningioma,meningioma,1,0.966269,4,42,0.002377,0.966269,0.008354,0.023001
data_rand_fold4/Testing/meningioma/Tr-meTr_0002.jpg,107248,meningioma,meningioma,1,0.916820,4,42,0.013055,0.916820,0.028583,0.041542
data_rand_fold4/Testing/meningioma/Tr-meTr_0005.jpg,107494,meningioma,meningioma,1,0.979815,4,42,0.008472,0.979815,0.002246,0.009467
data_rand_fold4/Testing/meningioma/Tr-meTr_0007.jpg,108514,meningioma,meningioma,1,0.997912,4,42,0.000983,0.997912,0.001065,0.000040
data_rand_fold4/Testing/meningioma/Tr-me_0015.jpg,108590,meningioma,meningioma,1,0.999654,4,42,0.000049,0.999654,0.000173,0.000125
data_rand_fold4/Testing/meningioma/Tr-me_0018.jpg,108945,meningioma,meningioma,1,0.999962,4,42,0.000029,0.999962,0.000004,0.000004
data_rand_fold4/Testing/meningioma/Tr-me_0022.jpg,109968,meningioma,meningioma,1,0.999860,4,42,0.000048,0.999860,0.000038,0.000054
data_rand_fold4/Testing/meningioma/Tr-me_0024.jpg,111077,meningioma,meningioma,1,0.997060,4,42,0.000043,0.997060,0.001329,0.001568
data_rand_fold4/Testing/meningioma/Tr-me_0027.jpg,111366,meningioma,meningioma,1,0.991470,4,42,0.001670,0.991470,0.006460,0.000400
data_rand_fold4/Testing/meningioma/Tr-me_0029.jpg,111366,meningioma,meningioma,1,0.947464,4,42,0.016335,0.947464,0.000670,0.035531
data_rand_fold4/Testing/meningioma/Tr-me_0030.jpg,111532,meningioma,meningioma,1,0.996641,4,42,0.000522,0.996641,0.002469,0.000368
data_rand_fold4/Testing/meningioma/Tr-me_0033.jpg,112002,meningioma,meningioma,1,0.989786,4,42,0.008527,0.989786,0.001624,0.000063
data_rand_fold4/Testing/meningioma/Tr-me_0048.jpg,112648,meningioma,meningioma,1,0.997926,4,42,0.000357,0.997926,0.000051,0.001666
data_rand_fold4/Testing/meningioma/Tr-me_0052.jpg,113435,meningioma,meningioma,1,0.999729,4,42,0.000206,0.999729,0.000010,0.000055
data_rand_fold4/Testing/meningioma/Tr-me_0060.jpg,100572,meningioma,meningioma,1,0.996084,4,42,0.000159,0.996084,0.001445,0.002312
data_rand_fold4/Testing/meningioma/Tr-me_0067.jpg,97607,meningioma,meningioma,1,0.999884,4,42,0.000008,0.999884,0.000052,0.000057
data_rand_fold4/Testing/meningioma/Tr-me_0072.jpg,97737,meningioma,meningioma,1,0.998100,4,42,0.000490,0.998100,0.000518,0.000893
data_rand_fold4/Testing/meningioma/Tr-me_0074.jpg,97875,meningioma,meningioma,1,0.992252,4,42,0.003508,0.992252,0.000749,0.003491
data_rand_fold4/Testing/meningioma/Tr-me_0087.jpg,99017,meningioma,meningioma,1,0.981138,4,42,0.002000,0.981138,0.013625,0.003237
data_rand_fold4/Testing/meningioma/Tr-me_0091.jpg,101016,meningioma,meningioma,1,0.999907,4,42,0.000050,0.999907,0.000027,0.000016
data_rand_fold4/Testing/meningioma/Tr-me_0098.jpg,99089,meningioma,meningioma,1,0.999635,4,42,0.000016,0.999635,0.000210,0.000139
data_rand_fold4/Testing/meningioma/Tr-me_0101.jpg,102420,meningioma,meningioma,1,0.999933,4,42,0.000011,0.999933,0.000018,0.000037
data_rand_fold4/Testing/meningioma/Tr-me_0120.jpg,99308,meningioma,meningioma,1,0.997917,4,42,0.000445,0.997917,0.001431,0.000207
data_rand_fold4/Testing/meningioma/Tr-me_0128.jpg,103925,meningioma,meningioma,1,0.998962,4,42,0.000325,0.998962,0.000519,0.000194
data_rand_fold4/Testing/meningioma/Tr-me_0133.jpg,103925,meningioma,meningioma,1,0.987938,4,42,0.006480,0.987938,0.005201,0.000381
data_rand_fold4/Testing/meningioma/Tr-me_0136.jpg,104167,meningioma,meningioma,1,0.997508,4,42,0.000205,0.997508,0.000117,0.002170
data_rand_fold4/Testing/meningioma/Tr-me_0138.jpg,104167,meningioma,meningioma,1,0.999426,4,42,0.000220,0.999426,0.000085,0.000268
data_rand_fold4/Testing/meningioma/Tr-me_0140.jpg,104167,meningioma,meningioma,1,0.999808,4,42,0.000084,0.999808,0.000047,0.000061
data_rand_fold4/Testing/meningioma/Tr-me_0148.jpg,104281,meningioma,meningioma,1,0.978217,4,42,0.016496,0.978217,0.000107,0.005180
data_rand_fold4/Testing/meningioma/Tr-me_0152.jpg,105555,meningioma,meningioma,1,0.997775,4,42,0.000219,0.997775,0.000959,0.001046
data_rand_fold4/Testing/meningioma/Tr-me_0155.jpg,105937,meningioma,meningioma,1,0.998919,4,42,0.000008,0.998919,0.000076,0.000997
data_rand_fold4/Testing/meningioma/Tr-me_0156.jpg,105937,meningioma,meningioma,1,0.999945,4,42,0.000000,0.999945,0.000006,0.000049
data_rand_fold4/Testing/meningioma/Tr-me_0163.jpg,106720,meningioma,meningioma,1,0.999643,4,42,0.000009,0.999643,0.000186,0.000163
data_rand_fold4/Testing/meningioma/Tr-me_0166.jpg,106914,meningioma,meningioma,1,0.999478,4,42,0.000233,0.999478,0.000067,0.000221
data_rand_fold4/Testing/meningioma/Tr-me_0171.jpg,107248,meningioma,meningioma,1,0.861574,4,42,0.013990,0.861574,0.114267,0.010169
data_rand_fold4/Testing/meningioma/Tr-me_0172.jpg,107248,meningioma,meningioma,1,0.942116,4,42,0.003885,0.942116,0.029055,0.024944
data_rand_fold4/Testing/meningioma/Tr-me_0285.jpg,101016,meningioma,meningioma,1,0.999766,4,42,0.000048,0.999766,0.000114,0.000071
data_rand_fold4/Testing/meningioma/Tr-me_0293.jpg,101127,meningioma,meningioma,1,0.839979,4,42,0.114967,0.839979,0.036677,0.008378
data_rand_fold4/Testing/meningioma/Tr-me_0295.jpg,101797,meningioma,meningioma,1,0.999959,4,42,0.000022,0.999959,0.000016,0.000003
data_rand_fold4/Testing/meningioma/Tr-me_0317.jpg,103925,meningioma,meningioma,1,0.998967,4,42,0.000430,0.998967,0.000434,0.000169
data_rand_fold4/Testing/meningioma/Tr-me_0326.jpg,104281,meningioma,meningioma,1,0.999098,4,42,0.000634,0.999098,0.000200,0.000069
data_rand_fold4/Testing/meningioma/Tr-me_0327.jpg,104281,meningioma,meningioma,1,0.997715,4,42,0.000851,0.997715,0.000756,0.000679
data_rand_fold4/Testing/meningioma/Tr-me_0332.jpg,105937,meningioma,meningioma,1,0.999695,4,42,0.000027,0.999695,0.000074,0.000204
data_rand_fold4/Testing/meningioma/Tr-me_0337.jpg,106284,meningioma,meningioma,1,0.999958,4,42,0.000005,0.999958,0.000002,0.000034
data_rand_fold4/Testing/meningioma/Tr-me_0338.jpg,106284,meningioma,meningioma,1,0.999961,4,42,0.000002,0.999961,0.000007,0.000029
data_rand_fold4/Testing/meningioma/Tr-me_0370.jpg,107190,meningioma,meningioma,1,0.987707,4,42,0.005608,0.987707,0.000394,0.006292
data_rand_fold4/Testing/meningioma/Tr-me_0373.jpg,107248,meningioma,meningioma,1,0.999256,4,42,0.000273,0.999256,0.000247,0.000224
data_rand_fold4/Testing/meningioma/Tr-me_0374.jpg,107248,meningioma,meningioma,1,0.990836,4,42,0.003959,0.990836,0.004916,0.000289
data_rand_fold4/Testing/meningioma/Tr-me_0380.jpg,114359,meningioma,meningioma,1,0.997383,4,42,0.002585,0.997383,0.000011,0.000021
data_rand_fold4/Testing/meningioma/Tr-me_0381.jpg,107494,meningioma,meningioma,1,0.994307,4,42,0.000571,0.994307,0.001936,0.003187
data_rand_fold4/Testing/meningioma/Tr-me_0385.jpg,108514,meningioma,meningioma,1,0.998479,4,42,0.001068,0.998479,0.000368,0.000085
data_rand_fold4/Testing/meningioma/Tr-me_0397.jpg,109411,meningioma,meningioma,1,0.994450,4,42,0.003262,0.994450,0.001149,0.001139
data_rand_fold4/Testing/meningioma/Tr-me_0402.jpg,97607,meningioma,meningioma,1,0.999880,4,42,0.000007,0.999880,0.000015,0.000097
data_rand_fold4/Testing/meningioma/Tr-me_0405.jpg,110116,meningioma,meningioma,1,0.932824,4,42,0.000022,0.932824,0.000924,0.066229
data_rand_fold4/Testing/meningioma/Tr-me_0407.jpg,111077,meningioma,meningioma,1,0.995569,4,42,0.000217,0.995569,0.003726,0.000488
data_rand_fold4/Testing/meningioma/Tr-me_0409.jpg,111077,meningioma,meningioma,1,0.994891,4,42,0.001274,0.994891,0.001349,0.002486
data_rand_fold4/Testing/meningioma/Tr-me_0425.jpg,112002,meningioma,glioma,0,0.868744,4,42,0.868744,0.085164,0.000981,0.045111
data_rand_fold4/Testing/meningioma/Tr-me_0432.jpg,112552,meningioma,meningioma,1,0.989245,4,42,0.010124,0.989245,0.000148,0.000483
data_rand_fold4/Testing/meningioma/Tr-me_0433.jpg,112552,meningioma,meningioma,1,0.996373,4,42,0.003501,0.996373,0.000023,0.000103
data_rand_fold4/Testing/meningioma/Tr-me_0443.jpg,113435,meningioma,meningioma,1,0.999286,4,42,0.000562,0.999286,0.000065,0.000087
data_rand_fold4/Testing/meningioma/Tr-me_0445.jpg,113435,meningioma,meningioma,1,0.999079,4,42,0.000823,0.999079,0.000017,0.000081
data_rand_fold4/Testing/meningioma/Tr-me_0448.jpg,113435,meningioma,meningioma,1,0.996526,4,42,0.003398,0.996526,0.000055,0.000020
data_rand_fold4/Testing/meningioma/Tr-me_0454.jpg,113554,meningioma,meningioma,1,0.999732,4,42,0.000176,0.999732,0.000064,0.000028
data_rand_fold4/Testing/meningioma/Tr-me_0465.jpg,97943,meningioma,meningioma,1,0.999914,4,42,0.000004,0.999914,0.000015,0.000067
data_rand_fold4/Testing/meningioma/Tr-me_0471.jpg,98241,meningioma,meningioma,1,0.999967,4,42,0.000008,0.999967,0.000001,0.000024
data_rand_fold4/Testing/meningioma/Tr-me_0474.jpg,98241,meningioma,meningioma,1,0.999032,4,42,0.000778,0.999032,0.000049,0.000141
data_rand_fold4/Testing/meningioma/Tr-me_0485.jpg,99308,meningioma,meningioma,1,0.998292,4,42,0.001600,0.998292,0.000043,0.000065
data_rand_fold4/Testing/meningioma/Tr-me_0497.jpg,100639,meningioma,meningioma,1,0.999188,4,42,0.000617,0.999188,0.000018,0.000177
data_rand_fold4/Testing/meningioma/Tr-me_0500.jpg,100920,meningioma,meningioma,1,0.999213,4,42,0.000175,0.999213,0.000092,0.000520
data_rand_fold4/Testing/meningioma/Tr-me_0513.jpg,101127,meningioma,meningioma,1,0.923788,4,42,0.002685,0.923788,0.004545,0.068983
data_rand_fold4/Testing/meningioma/Tr-me_0514.jpg,101797,meningioma,meningioma,1,0.999652,4,42,0.000038,0.999652,0.000044,0.000266
data_rand_fold4/Testing/meningioma/Tr-me_0516.jpg,101797,meningioma,meningioma,1,0.999874,4,42,0.000067,0.999874,0.000021,0.000038
data_rand_fold4/Testing/meningioma/Tr-me_0521.jpg,106284,meningioma,meningioma,1,0.999780,4,42,0.000019,0.999780,0.000011,0.000190
data_rand_fold4/Testing/meningioma/Tr-me_0528.jpg,106665,meningioma,meningioma,1,0.999767,4,42,0.000036,0.999767,0.000011,0.000186
data_rand_fold4/Testing/meningioma/Tr-me_0536.jpg,106720,meningioma,meningioma,1,0.996674,4,42,0.000316,0.996674,0.000389,0.002621
data_rand_fold4/Testing/meningioma/Tr-me_0543.jpg,106914,meningioma,meningioma,1,0.999801,4,42,0.000097,0.999801,0.000005,0.000098
data_rand_fold4/Testing/meningioma/Tr-me_0552.jpg,99017,meningioma,meningioma,1,0.998850,4,42,0.000341,0.998850,0.000054,0.000755
data_rand_fold4/Testing/meningioma/Tr-me_0555.jpg,99089,meningioma,meningioma,1,0.999812,4,42,0.000029,0.999812,0.000086,0.000074
data_rand_fold4/Testing/meningioma/Tr-me_0557.jpg,111366,meningioma,meningioma,1,0.933062,4,42,0.039768,0.933062,0.005447,0.021723
data_rand_fold4/Testing/meningioma/Tr-me_0562.jpg,99162,meningioma,meningioma,1,0.977731,4,42,0.001466,0.977731,0.003548,0.017255
data_rand_fold4/Testing/meningioma/Tr-me_0600.jpg,111532,meningioma,meningioma,1,0.999946,4,42,0.000036,0.999946,0.000009,0.000009
data_rand_fold4/Testing/meningioma/Tr-me_0607.jpg,102714,meningioma,meningioma,1,0.993325,4,42,0.000095,0.993325,0.000533,0.006047
data_rand_fold4/Testing/meningioma/Tr-me_0612.jpg,102818,meningioma,meningioma,1,0.992175,4,42,0.000426,0.992175,0.000320,0.007078
data_rand_fold4/Testing/meningioma/Tr-me_0614.jpg,102935,meningioma,notumor,0,0.674184,4,42,0.045842,0.274261,0.674184,0.005713
data_rand_fold4/Testing/meningioma/Tr-me_0618.jpg,102960,meningioma,meningioma,1,0.991148,4,42,0.001089,0.991148,0.000189,0.007574
data_rand_fold4/Testing/meningioma/Tr-me_0632.jpg,104167,meningioma,meningioma,1,0.999998,4,42,0.000001,0.999998,0.000000,0.000001
data_rand_fold4/Testing/meningioma/Tr-me_0637.jpg,104281,meningioma,meningioma,1,0.999925,4,42,0.000039,0.999925,0.000010,0.000026
data_rand_fold4/Testing/meningioma/Tr-me_0640.jpg,104281,meningioma,meningioma,1,0.999954,4,42,0.000031,0.999954,0.000001,0.000014
data_rand_fold4/Testing/meningioma/Tr-me_0641.jpg,104695,meningioma,meningioma,1,0.993273,4,42,0.006657,0.993273,0.000020,0.000049
data_rand_fold4/Testing/meningioma/Tr-me_0655.jpg,109411,meningioma,meningioma,1,0.969190,4,42,0.011729,0.969190,0.016681,0.002400
data_rand_fold4/Testing/meningioma/Tr-me_0661.jpg,106592,meningioma,meningioma,1,0.998911,4,42,0.000111,0.998911,0.000849,0.000129
data_rand_fold4/Testing/meningioma/Tr-me_0678.jpg,112002,meningioma,meningioma,1,0.823287,4,42,0.175389,0.823287,0.000089,0.001235
data_rand_fold4/Testing/meningioma/Tr-me_0687.jpg,107494,meningioma,meningioma,1,0.974711,4,42,0.001894,0.974711,0.000400,0.022995
data_rand_fold4/Testing/meningioma/Tr-me_0690.jpg,107494,meningioma,meningioma,1,0.541250,4,42,0.040369,0.541250,0.115270,0.303111
data_rand_fold4/Testing/meningioma/Tr-me_0700.jpg,112002,meningioma,meningioma,1,0.994583,4,42,0.004407,0.994583,0.000691,0.000319
data_rand_fold4/Testing/meningioma/Tr-me_0701.jpg,108550,meningioma,meningioma,1,0.997090,4,42,0.001303,0.997090,0.000652,0.000955
data_rand_fold4/Testing/meningioma/Tr-me_0704.jpg,108945,meningioma,meningioma,1,0.999046,4,42,0.000921,0.999046,0.000008,0.000025
data_rand_fold4/Testing/meningioma/Tr-me_0705.jpg,108945,meningioma,meningioma,1,0.998966,4,42,0.001001,0.998966,0.000007,0.000026
data_rand_fold4/Testing/meningioma/Tr-me_0706.jpg,108945,meningioma,meningioma,1,0.999895,4,42,0.000092,0.999895,0.000009,0.000004
data_rand_fold4/Testing/meningioma/Tr-me_0716.jpg,112552,meningioma,meningioma,1,0.996814,4,42,0.002994,0.996814,0.000017,0.000174
data_rand_fold4/Testing/meningioma/Tr-me_0722.jpg,112648,meningioma,meningioma,1,0.996908,4,42,0.000183,0.996908,0.000104,0.002804
data_rand_fold4/Testing/meningioma/Tr-me_0728.jpg,113098,meningioma,meningioma,1,0.987152,4,42,0.001010,0.987152,0.000485,0.011353
data_rand_fold4/Testing/meningioma/Tr-me_0729.jpg,113098,meningioma,meningioma,1,0.971699,4,42,0.003275,0.971699,0.000050,0.024975
data_rand_fold4/Testing/meningioma/Tr-me_0731.jpg,113098,meningioma,meningioma,1,0.990666,4,42,0.003403,0.990666,0.000074,0.005858
data_rand_fold4/Testing/meningioma/Tr-me_0735.jpg,113435,meningioma,meningioma,1,0.999736,4,42,0.000069,0.999736,0.000006,0.000189
data_rand_fold4/Testing/meningioma/Tr-me_0739.jpg,113554,meningioma,meningioma,1,0.997952,4,42,0.001333,0.997952,0.000307,0.000407
data_rand_fold4/Testing/meningioma/Tr-me_0741.jpg,113554,meningioma,meningioma,1,0.998174,4,42,0.000533,0.998174,0.001036,0.000258
data_rand_fold4/Testing/meningioma/Tr-me_0747.jpg,109968,meningioma,meningioma,1,0.996732,4,42,0.000180,0.996732,0.000101,0.002986
data_rand_fold4/Testing/meningioma/Tr-me_0762.jpg,114359,meningioma,meningioma,1,0.997201,4,42,0.002407,0.997201,0.000069,0.000323
data_rand_fold4/Testing/meningioma/Tr-me_0783.jpg,97737,meningioma,meningioma,1,0.999913,4,42,0.000008,0.999913,0.000016,0.000062
data_rand_fold4/Testing/meningioma/Tr-me_0784.jpg,97793,meningioma,meningioma,1,0.995701,4,42,0.001089,0.995701,0.002171,0.001039
data_rand_fold4/Testing/meningioma/Tr-me_0786.jpg,97943,meningioma,meningioma,1,0.999787,4,42,0.000033,0.999787,0.000035,0.000145
data_rand_fold4/Testing/meningioma/Tr-me_0790.jpg,98241,meningioma,meningioma,1,0.999985,4,42,0.000000,0.999985,0.000000,0.000014
data_rand_fold4/Testing/meningioma/Tr-me_0797.jpg,98241,meningioma,meningioma,1,0.999967,4,42,0.000006,0.999967,0.000009,0.000018
data_rand_fold4/Testing/meningioma/Tr-me_0799.jpg,98241,meningioma,meningioma,1,0.998272,4,42,0.000112,0.998272,0.001521,0.000094
data_rand_fold4/Testing/meningioma/Tr-me_0803.jpg,99089,meningioma,meningioma,1,0.999687,4,42,0.000240,0.999687,0.000050,0.000023
data_rand_fold4/Testing/meningioma/Tr-me_0808.jpg,99308,meningioma,meningioma,1,0.999236,4,42,0.000282,0.999236,0.000369,0.000113
data_rand_fold4/Testing/meningioma/Tr-me_0816.jpg,100360,meningioma,meningioma,1,0.998803,4,42,0.000541,0.998803,0.000088,0.000568
data_rand_fold4/Testing/meningioma/Tr-me_0829.jpg,101127,meningioma,meningioma,1,0.666805,4,42,0.003315,0.666805,0.006021,0.323859
data_rand_fold4/Testing/meningioma/Tr-me_0846.jpg,102929,meningioma,meningioma,1,0.984756,4,42,0.000331,0.984756,0.001248,0.013664
data_rand_fold4/Testing/meningioma/Tr-me_0850.jpg,102929,meningioma,meningioma,1,0.993227,4,42,0.000170,0.993227,0.002528,0.004075
data_rand_fold4/Testing/meningioma/Tr-me_0852.jpg,102935,meningioma,meningioma,1,0.951840,4,42,0.038120,0.951840,0.002368,0.007672
data_rand_fold4/Testing/meningioma/Tr-me_0856.jpg,103673,meningioma,meningioma,1,0.956021,4,42,0.000458,0.956021,0.014240,0.029280
data_rand_fold4/Testing/meningioma/Tr-me_0858.jpg,102446,meningioma,meningioma,1,0.995458,4,42,0.002865,0.995458,0.001315,0.000362
data_rand_fold4/Testing/meningioma/Tr-me_0860.jpg,108945,meningioma,meningioma,1,0.999798,4,42,0.000140,0.999798,0.000048,0.000015
data_rand_fold4/Testing/meningioma/Tr-me_0869.jpg,104167,meningioma,meningioma,1,0.998683,4,42,0.000214,0.998683,0.000337,0.000767
data_rand_fold4/Testing/meningioma/Tr-me_0870.jpg,108945,meningioma,meningioma,1,0.999891,4,42,0.000097,0.999891,0.000006,0.000006
data_rand_fold4/Testing/meningioma/Tr-me_0872.jpg,104167,meningioma,meningioma,1,0.992858,4,42,0.006702,0.992858,0.000235,0.000205
data_rand_fold4/Testing/meningioma/Tr-me_0873.jpg,104281,meningioma,meningioma,1,0.999476,4,42,0.000106,0.999476,0.000234,0.000184
data_rand_fold4/Testing/meningioma/Tr-me_0875.jpg,104281,meningioma,meningioma,1,0.999220,4,42,0.000766,0.999220,0.000011,0.000003
data_rand_fold4/Testing/meningioma/Tr-me_0876.jpg,104281,meningioma,meningioma,1,0.999900,4,42,0.000083,0.999900,0.000011,0.000006
data_rand_fold4/Testing/meningioma/Tr-me_0879.jpg,105374,meningioma,meningioma,1,0.992262,4,42,0.007083,0.992262,0.000326,0.000329
data_rand_fold4/Testing/meningioma/Tr-me_0881.jpg,105374,meningioma,meningioma,1,0.993560,4,42,0.001342,0.993560,0.002827,0.002271
data_rand_fold4/Testing/meningioma/Tr-me_0884.jpg,105937,meningioma,meningioma,1,0.999719,4,42,0.000008,0.999719,0.000020,0.000252
data_rand_fold4/Testing/meningioma/Tr-me_0886.jpg,105937,meningioma,meningioma,1,0.999930,4,42,0.000000,0.999930,0.000002,0.000067
data_rand_fold4/Testing/meningioma/Tr-me_0895.jpg,106665,meningioma,meningioma,1,0.998477,4,42,0.000149,0.998477,0.000018,0.001356
data_rand_fold4/Testing/meningioma/Tr-me_0898.jpg,106665,meningioma,meningioma,1,0.999710,4,42,0.000231,0.999710,0.000022,0.000037
data_rand_fold4/Testing/meningioma/Tr-me_0903.jpg,106720,meningioma,meningioma,1,0.994891,4,42,0.000174,0.994891,0.000144,0.004791
data_rand_fold4/Testing/meningioma/Tr-me_0904.jpg,106720,meningioma,meningioma,1,0.995804,4,42,0.001694,0.995804,0.000730,0.001771
data_rand_fold4/Testing/meningioma/Tr-me_0905.jpg,106720,meningioma,meningioma,1,0.998657,4,42,0.000120,0.998657,0.000158,0.001065
data_rand_fold4/Testing/meningioma/Tr-me_0915.jpg,107248,meningioma,meningioma,1,0.883707,4,42,0.005711,0.883707,0.005500,0.105082
data_rand_fold4/Testing/meningioma/Tr-me_0916.jpg,107248,meningioma,meningioma,1,0.981181,4,42,0.012413,0.981181,0.004897,0.001509
data_rand_fold4/Testing/meningioma/Tr-me_0919.jpg,107494,meningioma,meningioma,1,0.965098,4,42,0.003634,0.965098,0.002152,0.029116
data_rand_fold4/Testing/meningioma/Tr-me_0923.jpg,108514,meningioma,meningioma,1,0.636730,4,42,0.358476,0.636730,0.001390,0.003404
data_rand_fold4/Testing/meningioma/Tr-me_0926.jpg,102929,meningioma,meningioma,1,0.970181,4,42,0.029412,0.970181,0.000259,0.000147
data_rand_fold4/Testing/meningioma/Tr-me_0931.jpg,108945,meningioma,meningioma,1,0.999183,4,42,0.000325,0.999183,0.000019,0.000472
data_rand_fold4/Testing/meningioma/Tr-me_0934.jpg,102935,meningioma,meningioma,1,0.990332,4,42,0.005061,0.990332,0.002596,0.002011
data_rand_fold4/Testing/meningioma/Tr-me_0937.jpg,109968,meningioma,meningioma,1,0.998791,4,42,0.000554,0.998791,0.000533,0.000122
data_rand_fold4/Testing/meningioma/Tr-me_0938.jpg,109968,meningioma,meningioma,1,0.999807,4,42,0.000031,0.999807,0.000135,0.000027
data_rand_fold4/Testing/meningioma/Tr-me_0940.jpg,110116,meningioma,meningioma,1,0.999141,4,42,0.000004,0.999141,0.000175,0.000680
data_rand_fold4/Testing/meningioma/Tr-me_0947.jpg,111366,meningioma,meningioma,1,0.991427,4,42,0.000051,0.991427,0.000121,0.008401
data_rand_fold4/Testing/meningioma/Tr-me_0949.jpg,111532,meningioma,meningioma,1,0.999723,4,42,0.000012,0.999723,0.000013,0.000252
data_rand_fold4/Testing/meningioma/Tr-me_0958.jpg,112062,meningioma,meningioma,1,0.999859,4,42,0.000013,0.999859,0.000084,0.000044
data_rand_fold4/Testing/meningioma/Tr-me_0959.jpg,112062,meningioma,meningioma,1,0.999780,4,42,0.000079,0.999780,0.000065,0.000076
data_rand_fold4/Testing/meningioma/Tr-me_0966.jpg,112552,meningioma,meningioma,1,0.997270,4,42,0.002430,0.997270,0.000097,0.000203
data_rand_fold4/Testing/meningioma/Tr-me_0976.jpg,103673,meningioma,meningioma,1,0.920229,4,42,0.000102,0.920229,0.004410,0.075259
data_rand_fold4/Testing/meningioma/Tr-me_0983.jpg,114018,meningioma,meningioma,1,0.999615,4,42,0.000081,0.999615,0.000273,0.000031
data_rand_fold4/Testing/meningioma/Tr-me_0984.jpg,114359,meningioma,meningioma,1,0.995346,4,42,0.003173,0.995346,0.001414,0.000067
data_rand_fold4/Testing/meningioma/Tr-me_0988.jpg,114359,meningioma,meningioma,1,0.999675,4,42,0.000284,0.999675,0.000009,0.000033
data_rand_fold4/Testing/meningioma/Tr-me_0992.jpg,97737,meningioma,meningioma,1,0.999801,4,42,0.000017,0.999801,0.000027,0.000155
data_rand_fold4/Testing/meningioma/Tr-me_0994.jpg,97737,meningioma,meningioma,1,0.999710,4,42,0.000004,0.999710,0.000010,0.000275
data_rand_fold4/Testing/meningioma/Tr-me_0996.jpg,97737,meningioma,meningioma,1,0.999990,4,42,0.000000,0.999990,0.000006,0.000004
data_rand_fold4/Testing/meningioma/Tr-me_0997.jpg,97875,meningioma,meningioma,1,0.993104,4,42,0.000375,0.993104,0.000782,0.005739
data_rand_fold4/Testing/meningioma/Tr-me_1005.jpg,98241,meningioma,meningioma,1,0.999757,4,42,0.000004,0.999757,0.000005,0.000235
data_rand_fold4/Testing/meningioma/Tr-me_1010.jpg,103925,meningioma,meningioma,1,0.996087,4,42,0.001931,0.996087,0.000563,0.001419
data_rand_fold4/Testing/meningioma/Tr-me_1012.jpg,99089,meningioma,meningioma,1,0.998030,4,42,0.000113,0.998030,0.000057,0.001800
data_rand_fold4/Testing/meningioma/Tr-me_1014.jpg,99089,meningioma,meningioma,1,0.998428,4,42,0.000224,0.998428,0.000022,0.001327
data_rand_fold4/Testing/meningioma/Tr-me_1017.jpg,99308,meningioma,meningioma,1,0.998666,4,42,0.001120,0.998666,0.000030,0.000184
data_rand_fold4/Testing/meningioma/Tr-me_1020.jpg,99308,meningioma,meningioma,1,0.998157,4,42,0.000501,0.998157,0.000804,0.000537
data_rand_fold4/Testing/meningioma/Tr-me_1032.jpg,101016,meningioma,meningioma,1,0.999977,4,42,0.000005,0.999977,0.000003,0.000015
data_rand_fold4/Testing/meningioma/Tr-me_1049.jpg,102446,meningioma,meningioma,1,0.996163,4,42,0.002503,0.996163,0.001317,0.000017
data_rand_fold4/Testing/meningioma/Tr-me_1050.jpg,102446,meningioma,meningioma,1,0.953478,4,42,0.035868,0.953478,0.001276,0.009377
data_rand_fold4/Testing/meningioma/Tr-me_1052.jpg,104167,meningioma,meningioma,1,0.999367,4,42,0.000023,0.999367,0.000025,0.000585
data_rand_fold4/Testing/meningioma/Tr-me_1078.jpg,104167,meningioma,meningioma,1,0.998719,4,42,0.000378,0.998719,0.000012,0.000891
data_rand_fold4/Testing/meningioma/Tr-me_1087.jpg,104281,meningioma,meningioma,1,0.999100,4,42,0.000650,0.999100,0.000151,0.000099
data_rand_fold4/Testing/meningioma/Tr-me_1089.jpg,105937,meningioma,meningioma,1,0.999953,4,42,0.000003,0.999953,0.000001,0.000043
data_rand_fold4/Testing/meningioma/Tr-me_1090.jpg,106284,meningioma,meningioma,1,0.999684,4,42,0.000003,0.999684,0.000022,0.000292
data_rand_fold4/Testing/meningioma/Tr-me_1101.jpg,106665,meningioma,meningioma,1,0.999518,4,42,0.000250,0.999518,0.000007,0.000225
data_rand_fold4/Testing/meningioma/Tr-me_1108.jpg,106914,meningioma,meningioma,1,0.999953,4,42,0.000025,0.999953,0.000006,0.000017
data_rand_fold4/Testing/meningioma/Tr-me_1109.jpg,106914,meningioma,meningioma,1,0.999951,4,42,0.000034,0.999951,0.000002,0.000014
data_rand_fold4/Testing/meningioma/Tr-me_1110.jpg,106914,meningioma,meningioma,1,0.999912,4,42,0.000030,0.999912,0.000010,0.000047
data_rand_fold4/Testing/meningioma/Tr-me_1125.jpg,108514,meningioma,meningioma,1,0.743489,4,42,0.255207,0.743489,0.000300,0.001004
data_rand_fold4/Testing/meningioma/Tr-me_1130.jpg,108550,meningioma,meningioma,1,0.972076,4,42,0.018405,0.972076,0.000298,0.009222
data_rand_fold4/Testing/meningioma/Tr-me_1132.jpg,108945,meningioma,meningioma,1,0.993632,4,42,0.006283,0.993632,0.000018,0.000067
data_rand_fold4/Testing/meningioma/Tr-me_1134.jpg,108945,meningioma,meningioma,1,0.999849,4,42,0.000126,0.999849,0.000008,0.000017
data_rand_fold4/Testing/meningioma/Tr-me_1139.jpg,109968,meningioma,meningioma,1,0.998595,4,42,0.000184,0.998595,0.000470,0.000751
data_rand_fold4/Testing/meningioma/Tr-me_1145.jpg,111366,meningioma,meningioma,1,0.708006,4,42,0.236328,0.708006,0.004334,0.051332
data_rand_fold4/Testing/meningioma/Tr-me_1148.jpg,111532,meningioma,meningioma,1,0.999724,4,42,0.000240,0.999724,0.000016,0.000020
data_rand_fold4/Testing/meningioma/Tr-me_1149.jpg,111532,meningioma,meningioma,1,0.999931,4,42,0.000033,0.999931,0.000004,0.000032
data_rand_fold4/Testing/meningioma/Tr-me_1152.jpg,111710,meningioma,meningioma,1,0.979694,4,42,0.018119,0.979694,0.000258,0.001929
data_rand_fold4/Testing/meningioma/Tr-me_1156.jpg,112002,meningioma,meningioma,1,0.977708,4,42,0.010656,0.977708,0.008703,0.002933
data_rand_fold4/Testing/meningioma/Tr-me_1158.jpg,112062,meningioma,meningioma,1,0.999800,4,42,0.000078,0.999800,0.000099,0.000023
data_rand_fold4/Testing/meningioma/Tr-me_1170.jpg,112650,meningioma,meningioma,1,0.997499,4,42,0.000458,0.997499,0.000407,0.001636
data_rand_fold4/Testing/meningioma/Tr-me_1173.jpg,113098,meningioma,meningioma,1,0.994959,4,42,0.000715,0.994959,0.000055,0.004271
data_rand_fold4/Testing/meningioma/Tr-me_1176.jpg,113435,meningioma,meningioma,1,0.999761,4,42,0.000187,0.999761,0.000003,0.000049
data_rand_fold4/Testing/meningioma/Tr-me_1178.jpg,113435,meningioma,meningioma,1,0.997775,4,42,0.001897,0.997775,0.000300,0.000028
data_rand_fold4/Testing/meningioma/Tr-me_1180.jpg,113554,meningioma,meningioma,1,0.997290,4,42,0.000962,0.997290,0.000464,0.001284
data_rand_fold4/Testing/meningioma/Tr-me_1182.jpg,113554,meningioma,meningioma,1,0.994419,4,42,0.000279,0.994419,0.004690,0.000612
data_rand_fold4/Testing/meningioma/Tr-me_1187.jpg,106284,meningioma,meningioma,1,0.999991,4,42,0.000003,0.999991,0.000002,0.000004
data_rand_fold4/Testing/meningioma/Tr-me_1193.jpg,114018,meningioma,meningioma,1,0.994055,4,42,0.000121,0.994055,0.001760,0.004064
data_rand_fold4/Testing/meningioma/Tr-me_1195.jpg,106284,meningioma,meningioma,1,0.999952,4,42,0.000010,0.999952,0.000012,0.000026
data_rand_fold4/Testing/meningioma/Tr-me_1203.jpg,97374,meningioma,meningioma,1,0.983390,4,42,0.015999,0.983390,0.000457,0.000155
data_rand_fold4/Testing/meningioma/Tr-me_1210.jpg,97607,meningioma,meningioma,1,0.999809,4,42,0.000103,0.999809,0.000020,0.000068
data_rand_fold4/Testing/meningioma/Tr-me_1214.jpg,97737,meningioma,meningioma,1,0.999966,4,42,0.000000,0.999966,0.000003,0.000031
data_rand_fold4/Testing/meningioma/Tr-me_1220.jpg,97943,meningioma,meningioma,1,0.955870,4,42,0.000991,0.955870,0.042884,0.000255
data_rand_fold4/Testing/meningioma/Tr-me_1228.jpg,99089,meningioma,meningioma,1,0.962891,4,42,0.001596,0.962891,0.028025,0.007488
data_rand_fold4/Testing/meningioma/Tr-me_1234.jpg,99162,meningioma,meningioma,1,0.803986,4,42,0.010585,0.803986,0.167694,0.017735
data_rand_fold4/Testing/meningioma/Tr-me_1237.jpg,99308,meningioma,meningioma,1,0.998885,4,42,0.001032,0.998885,0.000005,0.000078
data_rand_fold4/Testing/meningioma/Tr-me_1256.jpg,106720,meningioma,meningioma,1,0.998606,4,42,0.000031,0.998606,0.001334,0.000028
data_rand_fold4/Testing/meningioma/Tr-me_1263.jpg,101016,meningioma,meningioma,1,0.447174,4,42,0.275096,0.447174,0.271430,0.006300
data_rand_fold4/Testing/meningioma/Tr-me_1264.jpg,107190,meningioma,meningioma,1,0.992196,4,42,0.004091,0.992196,0.003522,0.000192
data_rand_fold4/Testing/meningioma/Tr-me_1270.jpg,107248,meningioma,meningioma,1,0.950015,4,42,0.001612,0.950015,0.023108,0.025265
data_rand_fold4/Testing/meningioma/Tr-me_1274.jpg,111366,meningioma,meningioma,1,0.975074,4,42,0.006859,0.975074,0.008298,0.009770
data_rand_fold4/Testing/meningioma/Tr-me_1276.jpg,111366,meningioma,meningioma,1,0.890504,4,42,0.090941,0.890504,0.002801,0.015755
data_rand_fold4/Testing/meningioma/Tr-me_1289.jpg,112062,meningioma,meningioma,1,0.999087,4,42,0.000040,0.999087,0.000422,0.000451
data_rand_fold4/Testing/meningioma/Tr-me_1296.jpg,112552,meningioma,meningioma,1,0.999975,4,42,0.000017,0.999975,0.000002,0.000005
data_rand_fold4/Testing/meningioma/Tr-me_1298.jpg,112552,meningioma,meningioma,1,0.999955,4,42,0.000023,0.999955,0.000007,0.000014
data_rand_fold4/Testing/meningioma/Tr-me_1299.jpg,101016,meningioma,meningioma,1,0.999446,4,42,0.000068,0.999446,0.000467,0.000019
data_rand_fold4/Testing/meningioma/Tr-me_1305.jpg,113435,meningioma,meningioma,1,0.999561,4,42,0.000235,0.999561,0.000189,0.000014
data_rand_fold4/Testing/meningioma/Tr-me_1307.jpg,113435,meningioma,meningioma,1,0.999828,4,42,0.000088,0.999828,0.000022,0.000062
data_rand_fold4/Testing/meningioma/Tr-me_1310.jpg,113435,meningioma,meningioma,1,0.999321,4,42,0.000277,0.999321,0.000272,0.000131
data_rand_fold4/Testing/meningioma/Tr-me_1311.jpg,101127,meningioma,pituitary,0,0.702716,4,42,0.055879,0.166649,0.074756,0.702716
data_rand_fold4/Testing/meningioma/Tr-me_1317.jpg,114018,meningioma,meningioma,1,0.999367,4,42,0.000104,0.999367,0.000345,0.000184
data_rand_fold4/Testing/meningioma/Tr-me_1319.jpg,114018,meningioma,meningioma,1,0.998366,4,42,0.000068,0.998366,0.000163,0.001402
data_rand_fold4/Testing/meningioma/Tr-me_1322.jpg,114359,meningioma,meningioma,1,0.998209,4,42,0.001777,0.998209,0.000009,0.000005
data_rand_fold4/Testing/meningioma/Tr-me_1323.jpg,108514,meningioma,meningioma,1,0.998962,4,42,0.000741,0.998962,0.000184,0.000114
data_rand_fold4/Testing/meningioma/Tr-me_1326.jpg,97607,meningioma,meningioma,1,0.999758,4,42,0.000046,0.999758,0.000156,0.000040
data_rand_fold4/Testing/meningioma/Tr-me_1332.jpg,108514,meningioma,meningioma,1,0.999324,4,42,0.000353,0.999324,0.000107,0.000215
data_rand_fold4/Testing/meningioma/Tr-me_1336.jpg,97875,meningioma,meningioma,1,0.783011,4,42,0.037470,0.783011,0.023651,0.155868
data_rand_fold4/Testing/notumor/Te-no_0105.jpg,nt1026,notumor,notumor,1,0.999518,4,42,0.000066,0.000399,0.999518,0.000017
data_rand_fold4/Testing/notumor/Te-no_0108.jpg,nt1028,notumor,notumor,1,0.999926,4,42,0.000044,0.000026,0.999926,0.000003
data_rand_fold4/Testing/notumor/Te-no_0109.jpg,nt936,notumor,notumor,1,0.999950,4,42,0.000010,0.000022,0.999950,0.000018
data_rand_fold4/Testing/notumor/Te-no_0133.jpg,nt1035,notumor,notumor,1,0.999837,4,42,0.000003,0.000151,0.999837,0.000009
data_rand_fold4/Testing/notumor/Te-no_0147.jpg,nt885,notumor,notumor,1,0.998652,4,42,0.000102,0.001041,0.998652,0.000206
data_rand_fold4/Testing/notumor/Te-no_0153.jpg,nt901,notumor,notumor,1,0.997858,4,42,0.000034,0.002041,0.997858,0.000066
data_rand_fold4/Testing/notumor/Te-no_0159.jpg,nt556,notumor,notumor,1,0.999753,4,42,0.000024,0.000217,0.999753,0.000006
data_rand_fold4/Testing/notumor/Te-no_0162.jpg,nt1042,notumor,notumor,1,0.998327,4,42,0.000001,0.001411,0.998327,0.000260
data_rand_fold4/Testing/notumor/Te-no_0163.jpg,nt1043,notumor,notumor,1,0.999549,4,42,0.000201,0.000233,0.999549,0.000017
data_rand_fold4/Testing/notumor/Te-no_0164.jpg,nt1044,notumor,notumor,1,0.999007,4,42,0.000135,0.000670,0.999007,0.000188
data_rand_fold4/Testing/notumor/Te-no_0167.jpg,nt1045,notumor,notumor,1,0.999963,4,42,0.000008,0.000018,0.999963,0.000011
data_rand_fold4/Testing/notumor/Te-no_0171.jpg,nt576,notumor,notumor,1,0.999341,4,42,0.000092,0.000502,0.999341,0.000064
data_rand_fold4/Testing/notumor/Te-no_0173.jpg,nt593,notumor,notumor,1,0.999747,4,42,0.000023,0.000133,0.999747,0.000097
data_rand_fold4/Testing/notumor/Te-no_0174.jpg,nt856,notumor,notumor,1,0.991433,4,42,0.000064,0.008348,0.991433,0.000155
data_rand_fold4/Testing/notumor/Te-no_0177.jpg,nt1049,notumor,notumor,1,0.996496,4,42,0.000023,0.003432,0.996496,0.000048
data_rand_fold4/Testing/notumor/Te-no_0178.jpg,nt1050,notumor,notumor,1,0.999980,4,42,0.000011,0.000007,0.999980,0.000002
data_rand_fold4/Testing/notumor/Te-no_0179.jpg,nt833,notumor,notumor,1,0.999964,4,42,0.000005,0.000024,0.999964,0.000007
data_rand_fold4/Testing/notumor/Te-no_0180.jpg,nt1051,notumor,notumor,1,0.999891,4,42,0.000037,0.000070,0.999891,0.000002
data_rand_fold4/Testing/notumor/Te-no_0189.jpg,nt589,notumor,notumor,1,0.999922,4,42,0.000002,0.000070,0.999922,0.000006
data_rand_fold4/Testing/notumor/Te-no_0194.jpg,nt347,notumor,notumor,1,0.999849,4,42,0.000104,0.000040,0.999849,0.000007
data_rand_fold4/Testing/notumor/Te-no_0196.jpg,nt1037,notumor,notumor,1,0.999859,4,42,0.000003,0.000122,0.999859,0.000016
data_rand_fold4/Testing/notumor/Te-no_0218.jpg,nt232,notumor,notumor,1,0.999196,4,42,0.000639,0.000153,0.999196,0.000012
data_rand_fold4/Testing/notumor/Te-no_0229.jpg,nt1066,notumor,notumor,1,0.999984,4,42,0.000000,0.000015,0.999984,0.000001
data_rand_fold4/Testing/notumor/Te-no_0243.jpg,nt980,notumor,notumor,1,0.999976,4,42,0.000009,0.000015,0.999976,0.000001
data_rand_fold4/Testing/notumor/Te-no_0249.jpg,nt1072,notumor,notumor,1,0.999422,4,42,0.000041,0.000516,0.999422,0.000021
data_rand_fold4/Testing/notumor/Te-no_0250.jpg,nt873,notumor,notumor,1,0.996796,4,42,0.000013,0.002780,0.996796,0.000411
data_rand_fold4/Testing/notumor/Te-no_0267.jpg,nt1079,notumor,notumor,1,0.994140,4,42,0.000058,0.005735,0.994140,0.000067
data_rand_fold4/Testing/notumor/Te-no_0285.jpg,nt1091,notumor,notumor,1,0.999602,4,42,0.000015,0.000303,0.999602,0.000080
data_rand_fold4/Testing/notumor/Te-no_0295.jpg,nt849,notumor,notumor,1,0.999964,4,42,0.000006,0.000020,0.999964,0.000010
data_rand_fold4/Testing/notumor/Te-no_0298.jpg,nt1096,notumor,notumor,1,0.994973,4,42,0.000009,0.004874,0.994973,0.000144
data_rand_fold4/Testing/notumor/Te-no_0304.jpg,nt880,notumor,notumor,1,0.997077,4,42,0.000180,0.001937,0.997077,0.000806
data_rand_fold4/Testing/notumor/Te-no_0305.jpg,nt820,notumor,notumor,1,0.999717,4,42,0.000004,0.000137,0.999717,0.000142
data_rand_fold4/Testing/notumor/Te-no_0306.jpg,nt704,notumor,notumor,1,0.999870,4,42,0.000000,0.000050,0.999870,0.000080
data_rand_fold4/Testing/notumor/Te-no_0307.jpg,nt758,notumor,notumor,1,0.999701,4,42,0.000022,0.000232,0.999701,0.000045
data_rand_fold4/Testing/notumor/Te-no_0312.jpg,nt1054,notumor,notumor,1,0.999956,4,42,0.000021,0.000022,0.999956,0.000001
data_rand_fold4/Testing/notumor/Te-no_0314.jpg,nt434,notumor,notumor,1,0.999993,4,42,0.000000,0.000006,0.999993,0.000000
data_rand_fold4/Testing/notumor/Te-no_0327.jpg,nt1099,notumor,notumor,1,0.999965,4,42,0.000002,0.000025,0.999965,0.000008
data_rand_fold4/Testing/notumor/Te-no_0328.jpg,nt1100,notumor,notumor,1,0.999841,4,42,0.000000,0.000103,0.999841,0.000056
data_rand_fold4/Testing/notumor/Te-no_0333.jpg,nt316,notumor,notumor,1,0.999978,4,42,0.000000,0.000005,0.999978,0.000016
data_rand_fold4/Testing/notumor/Te-no_0347.jpg,nt1035,notumor,notumor,1,0.999859,4,42,0.000002,0.000130,0.999859,0.000008
data_rand_fold4/Testing/notumor/Te-no_0351.jpg,nt1106,notumor,notumor,1,0.998108,4,42,0.000024,0.001767,0.998108,0.000101
data_rand_fold4/Testing/notumor/Te-no_0353.jpg,nt500,notumor,notumor,1,0.999842,4,42,0.000016,0.000096,0.999842,0.000047
data_rand_fold4/Testing/notumor/Te-no_0357.jpg,nt965,notumor,notumor,1,0.999949,4,42,0.000007,0.000030,0.999949,0.000015
data_rand_fold4/Testing/notumor/Te-no_0359.jpg,nt490,notumor,notumor,1,0.999992,4,42,0.000001,0.000007,0.999992,0.000001
data_rand_fold4/Testing/notumor/Te-no_0363.jpg,nt397,notumor,notumor,1,0.999680,4,42,0.000110,0.000183,0.999680,0.000028
data_rand_fold4/Testing/notumor/Te-no_0382.jpg,nt939,notumor,notumor,1,0.999586,4,42,0.000003,0.000370,0.999586,0.000041
data_rand_fold4/Testing/notumor/Te-no_0385.jpg,nt946,notumor,notumor,1,0.999937,4,42,0.000006,0.000052,0.999937,0.000005
data_rand_fold4/Testing/notumor/Te-no_0389.jpg,nt1031,notumor,notumor,1,0.999451,4,42,0.000062,0.000318,0.999451,0.000168
data_rand_fold4/Testing/notumor/Te-no_0400.jpg,nt925,notumor,notumor,1,0.999960,4,42,0.000000,0.000025,0.999960,0.000015
data_rand_fold4/Testing/notumor/Te-no_0401.jpg,nt927,notumor,notumor,1,0.999997,4,42,0.000000,0.000002,0.999997,0.000001
data_rand_fold4/Testing/notumor/Te-no_0402.jpg,nt929,notumor,notumor,1,0.999871,4,42,0.000097,0.000026,0.999871,0.000006
data_rand_fold4/Testing/notumor/Tr-noTr_0006.jpg,nt6,notumor,notumor,1,0.999860,4,42,0.000028,0.000105,0.999860,0.000008
data_rand_fold4/Testing/notumor/Tr-noTr_0007.jpg,nt7,notumor,notumor,1,0.999935,4,42,0.000002,0.000057,0.999935,0.000006
data_rand_fold4/Testing/notumor/Tr-no_0016.jpg,nt14,notumor,notumor,1,0.999729,4,42,0.000010,0.000246,0.999729,0.000016
data_rand_fold4/Testing/notumor/Tr-no_0038.jpg,nt34,notumor,notumor,1,0.994658,4,42,0.000037,0.005284,0.994658,0.000022
data_rand_fold4/Testing/notumor/Tr-no_0041.jpg,nt37,notumor,notumor,1,0.723757,4,42,0.007083,0.268121,0.723757,0.001039
data_rand_fold4/Testing/notumor/Tr-no_0054.jpg,nt50,notumor,notumor,1,0.999789,4,42,0.000001,0.000199,0.999789,0.000012
data_rand_fold4/Testing/notumor/Tr-no_0057.jpg,nt53,notumor,notumor,1,0.996850,4,42,0.000160,0.002963,0.996850,0.000027
data_rand_fold4/Testing/notumor/Tr-no_0058.jpg,nt54,notumor,meningioma,0,0.599150,4,42,0.002104,0.599150,0.287669,0.111077
data_rand_fold4/Testing/notumor/Tr-no_0060.jpg,nt56,notumor,notumor,1,0.986445,4,42,0.000155,0.002392,0.986445,0.011008
data_rand_fold4/Testing/notumor/Tr-no_0064.jpg,nt60,notumor,notumor,1,0.994044,4,42,0.001789,0.003627,0.994044,0.000540
data_rand_fold4/Testing/notumor/Tr-no_0066.jpg,nt62,notumor,notumor,1,0.999303,4,42,0.000069,0.000602,0.999303,0.000025
data_rand_fold4/Testing/notumor/Tr-no_0068.jpg,nt64,notumor,notumor,1,0.989842,4,42,0.000142,0.009885,0.989842,0.000132
data_rand_fold4/Testing/notumor/Tr-no_0080.jpg,nt51,notumor,notumor,1,0.999258,4,42,0.000000,0.000523,0.999258,0.000219
data_rand_fold4/Testing/notumor/Tr-no_0087.jpg,nt77,notumor,notumor,1,0.965137,4,42,0.000004,0.000514,0.965137,0.034346
data_rand_fold4/Testing/notumor/Tr-no_0090.jpg,nt80,notumor,notumor,1,0.999683,4,42,0.000000,0.000304,0.999683,0.000012
data_rand_fold4/Testing/notumor/Tr-no_0093.jpg,nt83,notumor,notumor,1,0.636359,4,42,0.000189,0.113806,0.636359,0.249646
data_rand_fold4/Testing/notumor/Tr-no_0097.jpg,nt87,notumor,notumor,1,0.999988,4,42,0.000000,0.000011,0.999988,0.000000
data_rand_fold4/Testing/notumor/Tr-no_0101.jpg,nt91,notumor,notumor,1,0.994921,4,42,0.000177,0.004487,0.994921,0.000414
data_rand_fold4/Testing/notumor/Tr-no_0102.jpg,nt92,notumor,notumor,1,0.998994,4,42,0.000008,0.000683,0.998994,0.000315
data_rand_fold4/Testing/notumor/Tr-no_0105.jpg,nt95,notumor,notumor,1,0.999240,4,42,0.000068,0.000606,0.999240,0.000086
data_rand_fold4/Testing/notumor/Tr-no_0107.jpg,nt97,notumor,notumor,1,0.998197,4,42,0.000048,0.001105,0.998197,0.000650
data_rand_fold4/Testing/notumor/Tr-no_0138.jpg,nt119,notumor,notumor,1,0.983076,4,42,0.000121,0.012024,0.983076,0.004779
data_rand_fold4/Testing/notumor/Tr-no_0142.jpg,nt123,notumor,notumor,1,0.999389,4,42,0.000041,0.000119,0.999389,0.000451
data_rand_fold4/Testing/notumor/Tr-no_0144.jpg,nt124,notumor,notumor,1,0.999524,4,42,0.000161,0.000305,0.999524,0.000009
data_rand_fold4/Testing/notumor/Tr-no_0146.jpg,nt126,notumor,notumor,1,0.997695,4,42,0.001062,0.001223,0.997695,0.000020
data_rand_fold4/Testing/notumor/Tr-no_0152.jpg,nt131,notumor,notumor,1,0.999682,4,42,0.000021,0.000283,0.999682,0.000014
data_rand_fold4/Testing/notumor/Tr-no_0156.jpg,nt135,notumor,notumor,1,0.999914,4,42,0.000001,0.000027,0.999914,0.000058
data_rand_fold4/Testing/notumor/Tr-no_0171.jpg,nt148,notumor,notumor,1,0.996709,4,42,0.000122,0.003113,0.996709,0.000055
data_rand_fold4/Testing/notumor/Tr-no_0174.jpg,nt151,notumor,notumor,1,0.994165,4,42,0.000001,0.000047,0.994165,0.005787
data_rand_fold4/Testing/notumor/Tr-no_0193.jpg,nt164,notumor,notumor,1,0.995239,4,42,0.000097,0.000877,0.995239,0.003788
data_rand_fold4/Testing/notumor/Tr-no_0196.jpg,nt167,notumor,notumor,1,0.961566,4,42,0.000924,0.037393,0.961566,0.000117
data_rand_fold4/Testing/notumor/Tr-no_0198.jpg,nt169,notumor,notumor,1,0.969158,4,42,0.001731,0.015176,0.969158,0.013935
data_rand_fold4/Testing/notumor/Tr-no_0207.jpg,nt177,notumor,notumor,1,0.999414,4,42,0.000038,0.000482,0.999414,0.000065
data_rand_fold4/Testing/notumor/Tr-no_0212.jpg,nt182,notumor,notumor,1,0.998523,4,42,0.000154,0.001276,0.998523,0.000047
data_rand_fold4/Testing/notumor/Tr-no_0213.jpg,nt126,notumor,notumor,1,0.995505,4,42,0.002020,0.002427,0.995505,0.000049
data_rand_fold4/Testing/notumor/Tr-no_0220.jpg,nt188,notumor,notumor,1,0.976765,4,42,0.000291,0.021715,0.976765,0.001230
data_rand_fold4/Testing/notumor/Tr-no_0228.jpg,nt193,notumor,notumor,1,0.997477,4,42,0.000084,0.002349,0.997477,0.000090
data_rand_fold4/Testing/notumor/Tr-no_0240.jpg,nt200,notumor,notumor,1,0.998742,4,42,0.000002,0.000453,0.998742,0.000803
data_rand_fold4/Testing/notumor/Tr-no_0241.jpg,nt201,notumor,notumor,1,0.999859,4,42,0.000001,0.000047,0.999859,0.000093
data_rand_fold4/Testing/notumor/Tr-no_0246.jpg,nt204,notumor,notumor,1,0.998592,4,42,0.000002,0.001114,0.998592,0.000291
data_rand_fold4/Testing/notumor/Tr-no_0249.jpg,nt207,notumor,notumor,1,0.978196,4,42,0.003874,0.013589,0.978196,0.004340
data_rand_fold4/Testing/notumor/Tr-no_0263.jpg,nt220,notumor,notumor,1,0.988810,4,42,0.000547,0.009310,0.988810,0.001332
data_rand_fold4/Testing/notumor/Tr-no_0265.jpg,nt222,notumor,notumor,1,0.909527,4,42,0.036460,0.049272,0.909527,0.004740
data_rand_fold4/Testing/notumor/Tr-no_0269.jpg,nt224,notumor,notumor,1,0.997930,4,42,0.000025,0.001688,0.997930,0.000358
data_rand_fold4/Testing/notumor/Tr-no_0271.jpg,nt225,notumor,notumor,1,0.996377,4,42,0.000212,0.001125,0.996377,0.002286
data_rand_fold4/Testing/notumor/Tr-no_0283.jpg,nt234,notumor,notumor,1,0.999909,4,42,0.000001,0.000080,0.999909,0.000010
data_rand_fold4/Testing/notumor/Tr-no_0285.jpg,nt236,notumor,notumor,1,0.999122,4,42,0.000013,0.000798,0.999122,0.000068
data_rand_fold4/Testing/notumor/Tr-no_0288.jpg,nt239,notumor,notumor,1,0.994752,4,42,0.001611,0.003611,0.994752,0.000026
data_rand_fold4/Testing/notumor/Tr-no_0295.jpg,nt244,notumor,notumor,1,0.968378,4,42,0.000016,0.025151,0.968378,0.006455
data_rand_fold4/Testing/notumor/Tr-no_0312.jpg,nt260,notumor,notumor,1,0.996031,4,42,0.000376,0.002189,0.996031,0.001404
data_rand_fold4/Testing/notumor/Tr-no_0340.jpg,nt172,notumor,notumor,1,0.999815,4,42,0.000040,0.000127,0.999815,0.000018
data_rand_fold4/Testing/notumor/Tr-no_0342.jpg,nt273,notumor,notumor,1,0.999582,4,42,0.000010,0.000349,0.999582,0.000059
data_rand_fold4/Testing/notumor/Tr-no_0343.jpg,nt277,notumor,notumor,1,0.999503,4,42,0.000002,0.000423,0.999503,0.000072
data_rand_fold4/Testing/notumor/Tr-no_0348.jpg,nt278,notumor,notumor,1,0.986672,4,42,0.000004,0.013085,0.986672,0.000239
data_rand_fold4/Testing/notumor/Tr-no_0351.jpg,nt280,notumor,notumor,1,0.993127,4,42,0.001497,0.004908,0.993127,0.000468
data_rand_fold4/Testing/notumor/Tr-no_0354.jpg,nt282,notumor,notumor,1,0.620015,4,42,0.000111,0.359484,0.620015,0.020390
data_rand_fold4/Testing/notumor/Tr-no_0355.jpg,nt283,notumor,notumor,1,0.999789,4,42,0.000023,0.000185,0.999789,0.000003
data_rand_fold4/Testing/notumor/Tr-no_0357.jpg,nt285,notumor,notumor,1,0.995186,4,42,0.000000,0.003422,0.995186,0.001392
data_rand_fold4/Testing/notumor/Tr-no_0380.jpg,nt296,notumor,notumor,1,0.999630,4,42,0.000000,0.000235,0.999630,0.000135
data_rand_fold4/Testing/notumor/Tr-no_0397.jpg,nt312,notumor,notumor,1,0.999633,4,42,0.000003,0.000350,0.999633,0.000014
data_rand_fold4/Testing/notumor/Tr-no_0399.jpg,nt314,notumor,notumor,1,0.999644,4,42,0.000022,0.000326,0.999644,0.000007
data_rand_fold4/Testing/notumor/Tr-no_0402.jpg,nt317,notumor,notumor,1,0.999450,4,42,0.000057,0.000275,0.999450,0.000217
data_rand_fold4/Testing/notumor/Tr-no_0406.jpg,nt321,notumor,notumor,1,0.998658,4,42,0.000121,0.001108,0.998658,0.000112
data_rand_fold4/Testing/notumor/Tr-no_0407.jpg,nt322,notumor,notumor,1,0.999854,4,42,0.000028,0.000113,0.999854,0.000005
data_rand_fold4/Testing/notumor/Tr-no_0409.jpg,nt324,notumor,notumor,1,0.999760,4,42,0.000004,0.000099,0.999760,0.000136
data_rand_fold4/Testing/notumor/Tr-no_0411.jpg,nt326,notumor,notumor,1,0.999943,4,42,0.000006,0.000051,0.999943,0.000000
data_rand_fold4/Testing/notumor/Tr-no_0412.jpg,nt327,notumor,notumor,1,0.999522,4,42,0.000005,0.000419,0.999522,0.000055
data_rand_fold4/Testing/notumor/Tr-no_0416.jpg,nt330,notumor,notumor,1,0.998795,4,42,0.000070,0.001099,0.998795,0.000036
data_rand_fold4/Testing/notumor/Tr-no_0419.jpg,nt333,notumor,notumor,1,0.999929,4,42,0.000000,0.000007,0.999929,0.000064
data_rand_fold4/Testing/notumor/Tr-no_0420.jpg,nt334,notumor,notumor,1,0.998470,4,42,0.000520,0.000996,0.998470,0.000014
data_rand_fold4/Testing/notumor/Tr-no_0422.jpg,nt336,notumor,notumor,1,0.999845,4,42,0.000029,0.000104,0.999845,0.000022
data_rand_fold4/Testing/notumor/Tr-no_0425.jpg,nt339,notumor,notumor,1,0.999936,4,42,0.000000,0.000044,0.999936,0.000019
data_rand_fold4/Testing/notumor/Tr-no_0427.jpg,nt341,notumor,notumor,1,0.998995,4,42,0.000287,0.000479,0.998995,0.000239
data_rand_fold4/Testing/notumor/Tr-no_0434.jpg,nt348,notumor,notumor,1,0.999848,4,42,0.000003,0.000091,0.999848,0.000058
data_rand_fold4/Testing/notumor/Tr-no_0437.jpg,nt351,notumor,notumor,1,0.999744,4,42,0.000012,0.000177,0.999744,0.000068
data_rand_fold4/Testing/notumor/Tr-no_0456.jpg,nt370,notumor,notumor,1,0.997472,4,42,0.000136,0.002337,0.997472,0.000054
data_rand_fold4/Testing/notumor/Tr-no_0457.jpg,nt371,notumor,notumor,1,0.998800,4,42,0.000000,0.000730,0.998800,0.000470
data_rand_fold4/Testing/notumor/Tr-no_0459.jpg,nt373,notumor,notumor,1,0.999863,4,42,0.000038,0.000087,0.999863,0.000012
data_rand_fold4/Testing/notumor/Tr-no_0462.jpg,nt376,notumor,notumor,1,0.996544,4,42,0.000187,0.001660,0.996544,0.001609
data_rand_fold4/Testing/notumor/Tr-no_0463.jpg,nt377,notumor,notumor,1,0.999826,4,42,0.000042,0.000120,0.999826,0.000012
data_rand_fold4/Testing/notumor/Tr-no_0464.jpg,nt378,notumor,notumor,1,0.987714,4,42,0.000004,0.010680,0.987714,0.001602
data_rand_fold4/Testing/notumor/Tr-no_0466.jpg,nt380,notumor,notumor,1,0.999522,4,42,0.000011,0.000419,0.999522,0.000048
data_rand_fold4/Testing/notumor/Tr-no_0476.jpg,nt390,notumor,notumor,1,0.999465,4,42,0.000284,0.000195,0.999465,0.000056
data_rand_fold4/Testing/notumor/Tr-no_0478.jpg,nt392,notumor,notumor,1,0.999865,4,42,0.000058,0.000074,0.999865,0.000003
data_rand_fold4/Testing/notumor/Tr-no_0479.jpg,nt393,notumor,notumor,1,0.999785,4,42,0.000023,0.000140,0.999785,0.000052
data_rand_fold4/Testing/notumor/Tr-no_0482.jpg,nt396,notumor,notumor,1,0.998670,4,42,0.000314,0.000641,0.998670,0.000375
data_rand_fold4/Testing/notumor/Tr-no_0491.jpg,nt405,notumor,notumor,1,0.998367,4,42,0.000006,0.001597,0.998367,0.000030
data_rand_fold4/Testing/notumor/Tr-no_0497.jpg,nt411,notumor,notumor,1,0.990094,4,42,0.000639,0.009172,0.990094,0.000095
data_rand_fold4/Testing/notumor/Tr-no_0500.jpg,nt414,notumor,notumor,1,0.991276,4,42,0.000157,0.008352,0.991276,0.000215
data_rand_fold4/Testing/notumor/Tr-no_0502.jpg,nt416,notumor,notumor,1,0.999960,4,42,0.000005,0.000033,0.999960,0.000002
data_rand_fold4/Testing/notumor/Tr-no_0503.jpg,nt417,notumor,notumor,1,0.996729,4,42,0.000026,0.003052,0.996729,0.000193
data_rand_fold4/Testing/notumor/Tr-no_0505.jpg,nt419,notumor,notumor,1,0.999462,4,42,0.000014,0.000291,0.999462,0.000232
data_rand_fold4/Testing/notumor/Tr-no_0512.jpg,nt426,notumor,notumor,1,0.999817,4,42,0.000012,0.000165,0.999817,0.000006
data_rand_fold4/Testing/notumor/Tr-no_0517.jpg,nt431,notumor,notumor,1,0.999643,4,42,0.000056,0.000262,0.999643,0.000039
data_rand_fold4/Testing/notumor/Tr-no_0521.jpg,nt435,notumor,notumor,1,0.999975,4,42,0.000000,0.000009,0.999975,0.000016
data_rand_fold4/Testing/notumor/Tr-no_0523.jpg,nt437,notumor,notumor,1,0.999872,4,42,0.000015,0.000031,0.999872,0.000082
data_rand_fold4/Testing/notumor/Tr-no_0536.jpg,nt448,notumor,notumor,1,0.999845,4,42,0.000039,0.000021,0.999845,0.000094
data_rand_fold4/Testing/notumor/Tr-no_0542.jpg,nt444,notumor,notumor,1,0.999978,4,42,0.000002,0.000015,0.999978,0.000006
data_rand_fold4/Testing/notumor/Tr-no_0544.jpg,nt453,notumor,notumor,1,0.999749,4,42,0.000106,0.000141,0.999749,0.000004
data_rand_fold4/Testing/notumor/Tr-no_0550.jpg,nt143,notumor,notumor,1,0.999947,4,42,0.000001,0.000036,0.999947,0.000016
data_rand_fold4/Testing/notumor/Tr-no_0555.jpg,nt459,notumor,notumor,1,0.999986,4,42,0.000001,0.000005,0.999986,0.000009
data_rand_fold4/Testing/notumor/Tr-no_0560.jpg,nt464,notumor,notumor,1,0.999873,4,42,0.000005,0.000118,0.999873,0.000004
data_rand_fold4/Testing/notumor/Tr-no_0566.jpg,nt190,notumor,notumor,1,0.999650,4,42,0.000016,0.000241,0.999650,0.000093
data_rand_fold4/Testing/notumor/Tr-no_0567.jpg,nt469,notumor,notumor,1,0.999976,4,42,0.000003,0.000017,0.999976,0.000005
data_rand_fold4/Testing/notumor/Tr-no_0568.jpg,nt470,notumor,notumor,1,0.999952,4,42,0.000029,0.000010,0.999952,0.000009
data_rand_fold4/Testing/notumor/Tr-no_0570.jpg,nt137,notumor,notumor,1,0.999966,4,42,0.000005,0.000024,0.999966,0.000005
data_rand_fold4/Testing/notumor/Tr-no_0573.jpg,nt242,notumor,notumor,1,0.999998,4,42,0.000000,0.000001,0.999998,0.000000
data_rand_fold4/Testing/notumor/Tr-no_0574.jpg,nt473,notumor,notumor,1,0.996993,4,42,0.000018,0.002869,0.996993,0.000120
data_rand_fold4/Testing/notumor/Tr-no_0580.jpg,nt477,notumor,notumor,1,0.999990,4,42,0.000000,0.000009,0.999990,0.000001
data_rand_fold4/Testing/notumor/Tr-no_0586.jpg,nt483,notumor,notumor,1,0.999904,4,42,0.000010,0.000058,0.999904,0.000027
data_rand_fold4/Testing/notumor/Tr-no_0590.jpg,nt487,notumor,notumor,1,0.995420,4,42,0.001187,0.002871,0.995420,0.000523
data_rand_fold4/Testing/notumor/Tr-no_0591.jpg,nt488,notumor,notumor,1,0.999968,4,42,0.000002,0.000013,0.999968,0.000017
data_rand_fold4/Testing/notumor/Tr-no_0593.jpg,nt489,notumor,notumor,1,0.999937,4,42,0.000007,0.000052,0.999937,0.000004
data_rand_fold4/Testing/notumor/Tr-no_0599.jpg,nt494,notumor,notumor,1,0.999922,4,42,0.000001,0.000073,0.999922,0.000004
data_rand_fold4/Testing/notumor/Tr-no_0600.jpg,nt495,notumor,notumor,1,0.999940,4,42,0.000011,0.000037,0.999940,0.000012
data_rand_fold4/Testing/notumor/Tr-no_0602.jpg,nt497,notumor,notumor,1,0.999943,4,42,0.000036,0.000015,0.999943,0.000006
data_rand_fold4/Testing/notumor/Tr-no_0606.jpg,nt501,notumor,notumor,1,0.999926,4,42,0.000013,0.000056,0.999926,0.000005
data_rand_fold4/Testing/notumor/Tr-no_0609.jpg,nt504,notumor,notumor,1,0.999975,4,42,0.000001,0.000006,0.999975,0.000018
data_rand_fold4/Testing/notumor/Tr-no_0611.jpg,nt506,notumor,notumor,1,0.999646,4,42,0.000011,0.000334,0.999646,0.000010
data_rand_fold4/Testing/notumor/Tr-no_0616.jpg,nt511,notumor,notumor,1,0.999878,4,42,0.000015,0.000058,0.999878,0.000049
data_rand_fold4/Testing/notumor/Tr-no_0619.jpg,nt514,notumor,notumor,1,0.998999,4,42,0.000072,0.000883,0.998999,0.000046
data_rand_fold4/Testing/notumor/Tr-no_0624.jpg,nt519,notumor,notumor,1,0.999549,4,42,0.000020,0.000329,0.999549,0.000102
data_rand_fold4/Testing/notumor/Tr-no_0625.jpg,nt374,notumor,notumor,1,0.999545,4,42,0.000017,0.000257,0.999545,0.000181
data_rand_fold4/Testing/notumor/Tr-no_0650.jpg,nt540,notumor,notumor,1,0.999945,4,42,0.000015,0.000036,0.999945,0.000005
data_rand_fold4/Testing/notumor/Tr-no_0662.jpg,nt548,notumor,notumor,1,0.999825,4,42,0.000014,0.000130,0.999825,0.000031
data_rand_fold4/Testing/notumor/Tr-no_0665.jpg,nt551,notumor,notumor,1,0.999948,4,42,0.000003,0.000035,0.999948,0.000014
data_rand_fold4/Testing/notumor/Tr-no_0668.jpg,nt554,notumor,notumor,1,0.999408,4,42,0.000013,0.000564,0.999408,0.000015
data_rand_fold4/Testing/notumor/Tr-no_0670.jpg,nt556,notumor,notumor,1,0.999808,4,42,0.000023,0.000164,0.999808,0.000005
data_rand_fold4/Testing/notumor/Tr-no_0682.jpg,nt566,notumor,notumor,1,0.997837,4,42,0.000041,0.002094,0.997837,0.000028
data_rand_fold4/Testing/notumor/Tr-no_0687.jpg,nt571,notumor,notumor,1,0.998930,4,42,0.000005,0.000815,0.998930,0.000250
data_rand_fold4/Testing/notumor/Tr-no_0694.jpg,nt577,notumor,notumor,1,0.996018,4,42,0.000483,0.003062,0.996018,0.000437
data_rand_fold4/Testing/notumor/Tr-no_0699.jpg,nt141,notumor,notumor,1,0.999392,4,42,0.000003,0.000566,0.999392,0.000040
data_rand_fold4/Testing/notumor/Tr-no_0704.jpg,nt579,notumor,notumor,1,0.999783,4,42,0.000073,0.000128,0.999783,0.000016
data_rand_fold4/Testing/notumor/Tr-no_0710.jpg,nt582,notumor,notumor,1,0.999713,4,42,0.000097,0.000177,0.999713,0.000013
data_rand_fold4/Testing/notumor/Tr-no_0719.jpg,nt589,notumor,notumor,1,0.999930,4,42,0.000002,0.000063,0.999930,0.000005
data_rand_fold4/Testing/notumor/Tr-no_0723.jpg,nt590,notumor,notumor,1,0.999124,4,42,0.000008,0.000815,0.999124,0.000053
data_rand_fold4/Testing/notumor/Tr-no_0727.jpg,nt449,notumor,notumor,1,0.999615,4,42,0.000004,0.000355,0.999615,0.000026
data_rand_fold4/Testing/notumor/Tr-no_0729.jpg,nt593,notumor,notumor,1,0.999806,4,42,0.000013,0.000101,0.999806,0.000080
data_rand_fold4/Testing/notumor/Tr-no_0731.jpg,nt594,notumor,notumor,1,0.998428,4,42,0.000775,0.000596,0.998428,0.000201
data_rand_fold4/Testing/notumor/Tr-no_0736.jpg,nt599,notumor,notumor,1,0.999825,4,42,0.000006,0.000046,0.999825,0.000123
data_rand_fold4/Testing/notumor/Tr-no_0739.jpg,nt602,notumor,notumor,1,0.999347,4,42,0.000361,0.000143,0.999347,0.000148
data_rand_fold4/Testing/notumor/Tr-no_0748.jpg,nt610,notumor,notumor,1,0.999842,4,42,0.000053,0.000040,0.999842,0.000066
data_rand_fold4/Testing/notumor/Tr-no_0752.jpg,nt614,notumor,notumor,1,0.998683,4,42,0.000203,0.001041,0.998683,0.000073
data_rand_fold4/Testing/notumor/Tr-no_0760.jpg,nt621,notumor,notumor,1,0.999783,4,42,0.000007,0.000013,0.999783,0.000197
data_rand_fold4/Testing/notumor/Tr-no_0767.jpg,nt626,notumor,notumor,1,0.999698,4,42,0.000050,0.000197,0.999698,0.000055
data_rand_fold4/Testing/notumor/Tr-no_0768.jpg,nt627,notumor,notumor,1,0.999543,4,42,0.000064,0.000257,0.999543,0.000135
data_rand_fold4/Testing/notumor/Tr-no_0790.jpg,nt647,notumor,notumor,1,0.999574,4,42,0.000018,0.000217,0.999574,0.000191
data_rand_fold4/Testing/notumor/Tr-no_0792.jpg,nt648,notumor,notumor,1,0.998334,4,42,0.000678,0.000577,0.998334,0.000411
data_rand_fold4/Testing/notumor/Tr-no_0797.jpg,nt653,notumor,notumor,1,0.999816,4,42,0.000016,0.000092,0.999816,0.000076
data_rand_fold4/Testing/notumor/Tr-no_0798.jpg,nt654,notumor,notumor,1,0.994180,4,42,0.000202,0.004964,0.994180,0.000654
data_rand_fold4/Testing/notumor/Tr-no_0807.jpg,nt662,notumor,notumor,1,0.999929,4,42,0.000001,0.000053,0.999929,0.000016
data_rand_fold4/Testing/notumor/Tr-no_0810.jpg,nt665,notumor,notumor,1,0.999997,4,42,0.000000,0.000002,0.999997,0.000000
data_rand_fold4/Testing/notumor/Tr-no_0820.jpg,nt674,notumor,notumor,1,0.999330,4,42,0.000073,0.000340,0.999330,0.000257
data_rand_fold4/Testing/notumor/Tr-no_0821.jpg,nt675,notumor,notumor,1,0.997752,4,42,0.000007,0.002188,0.997752,0.000052
data_rand_fold4/Testing/notumor/Tr-no_0826.jpg,nt680,notumor,notumor,1,0.998705,4,42,0.000057,0.001112,0.998705,0.000125
data_rand_fold4/Testing/notumor/Tr-no_0833.jpg,nt686,notumor,notumor,1,0.999660,4,42,0.000048,0.000256,0.999660,0.000035
data_rand_fold4/Testing/notumor/Tr-no_0838.jpg,nt691,notumor,notumor,1,0.998139,4,42,0.000444,0.001044,0.998139,0.000373
data_rand_fold4/Testing/notumor/Tr-no_0847.jpg,nt699,notumor,notumor,1,0.996703,4,42,0.000224,0.002636,0.996703,0.000437
data_rand_fold4/Testing/notumor/Tr-no_0850.jpg,nt702,notumor,notumor,1,0.998640,4,42,0.000108,0.001140,0.998640,0.000112
data_rand_fold4/Testing/notumor/Tr-no_0854.jpg,nt706,notumor,notumor,1,0.992452,4,42,0.001921,0.005441,0.992452,0.000186
data_rand_fold4/Testing/notumor/Tr-no_0858.jpg,nt710,notumor,notumor,1,0.999538,4,42,0.000088,0.000268,0.999538,0.000107
data_rand_fold4/Testing/notumor/Tr-no_0866.jpg,nt717,notumor,notumor,1,0.999965,4,42,0.000003,0.000031,0.999965,0.000002
data_rand_fold4/Testing/notumor/Tr-no_0869.jpg,nt720,notumor,notumor,1,0.999862,4,42,0.000040,0.000077,0.999862,0.000021
data_rand_fold4/Testing/notumor/Tr-no_0871.jpg,nt722,notumor,notumor,1,0.999320,4,42,0.000019,0.000584,0.999320,0.000077
data_rand_fold4/Testing/notumor/Tr-no_0876.jpg,nt189,notumor,notumor,1,0.999969,4,42,0.000000,0.000028,0.999969,0.000004
data_rand_fold4/Testing/notumor/Tr-no_0879.jpg,nt728,notumor,notumor,1,0.999816,4,42,0.000004,0.000092,0.999816,0.000088
data_rand_fold4/Testing/notumor/Tr-no_0887.jpg,nt190,notumor,notumor,1,0.999386,4,42,0.000023,0.000474,0.999386,0.000117
data_rand_fold4/Testing/notumor/Tr-no_0891.jpg,nt738,notumor,notumor,1,0.999920,4,42,0.000017,0.000058,0.999920,0.000006
data_rand_fold4/Testing/notumor/Tr-no_0892.jpg,nt739,notumor,notumor,1,0.999949,4,42,0.000001,0.000034,0.999949,0.000016
data_rand_fold4/Testing/notumor/Tr-no_0896.jpg,nt743,notumor,notumor,1,0.999711,4,42,0.000053,0.000209,0.999711,0.000027
data_rand_fold4/Testing/notumor/Tr-no_0903.jpg,nt748,notumor,notumor,1,0.999543,4,42,0.000147,0.000272,0.999543,0.000038
data_rand_fold4/Testing/notumor/Tr-no_0905.jpg,nt750,notumor,notumor,1,0.999835,4,42,0.000062,0.000080,0.999835,0.000023
data_rand_fold4/Testing/notumor/Tr-no_0907.jpg,nt752,notumor,notumor,1,0.999744,4,42,0.000005,0.000189,0.999744,0.000062
data_rand_fold4/Testing/notumor/Tr-no_0910.jpg,nt121,notumor,notumor,1,0.999909,4,42,0.000006,0.000078,0.999909,0.000007
data_rand_fold4/Testing/notumor/Tr-no_0911.jpg,nt755,notumor,notumor,1,0.998038,4,42,0.000070,0.000746,0.998038,0.001145
data_rand_fold4/Testing/notumor/Tr-no_0916.jpg,nt760,notumor,notumor,1,0.999879,4,42,0.000016,0.000078,0.999879,0.000027
data_rand_fold4/Testing/notumor/Tr-no_0919.jpg,nt763,notumor,notumor,1,0.999415,4,42,0.000014,0.000288,0.999415,0.000283
data_rand_fold4/Testing/notumor/Tr-no_0921.jpg,nt168,notumor,notumor,1,0.999949,4,42,0.000028,0.000012,0.999949,0.000011
data_rand_fold4/Testing/notumor/Tr-no_0928.jpg,nt770,notumor,notumor,1,0.998484,4,42,0.000700,0.000621,0.998484,0.000196
data_rand_fold4/Testing/notumor/Tr-no_0930.jpg,nt772,notumor,notumor,1,0.999537,4,42,0.000028,0.000285,0.999537,0.000150
data_rand_fold4/Testing/notumor/Tr-no_0938.jpg,nt779,notumor,notumor,1,0.984054,4,42,0.001528,0.014019,0.984054,0.000400
data_rand_fold4/Testing/notumor/Tr-no_0939.jpg,nt465,notumor,notumor,1,0.997896,4,42,0.000031,0.001952,0.997896,0.000121
data_rand_fold4/Testing/notumor/Tr-no_0941.jpg,nt781,notumor,notumor,1,0.999660,4,42,0.000044,0.000108,0.999660,0.000188
data_rand_fold4/Testing/notumor/Tr-no_0942.jpg,nt782,notumor,notumor,1,0.998775,4,42,0.000517,0.000598,0.998775,0.000110
data_rand_fold4/Testing/notumor/Tr-no_0943.jpg,nt232,notumor,notumor,1,0.998792,4,42,0.000979,0.000214,0.998792,0.000015
data_rand_fold4/Testing/notumor/Tr-no_0944.jpg,nt783,notumor,notumor,1,0.992097,4,42,0.006417,0.001303,0.992097,0.000183
data_rand_fold4/Testing/notumor/Tr-no_0946.jpg,nt785,notumor,notumor,1,0.999792,4,42,0.000012,0.000069,0.999792,0.000127
data_rand_fold4/Testing/notumor/Tr-no_0948.jpg,nt787,notumor,notumor,1,0.999997,4,42,0.000000,0.000001,0.999997,0.000002
data_rand_fold4/Testing/notumor/Tr-no_0951.jpg,nt580,notumor,notumor,1,0.999244,4,42,0.000017,0.000673,0.999244,0.000065
data_rand_fold4/Testing/notumor/Tr-no_0954.jpg,nt792,notumor,notumor,1,0.999814,4,42,0.000049,0.000123,0.999814,0.000013
data_rand_fold4/Testing/notumor/Tr-no_0956.jpg,nt794,notumor,notumor,1,0.999992,4,42,0.000000,0.000004,0.999992,0.000004
data_rand_fold4/Testing/notumor/Tr-no_0959.jpg,nt797,notumor,notumor,1,0.998789,4,42,0.000265,0.000201,0.998789,0.000745
data_rand_fold4/Testing/notumor/Tr-no_0961.jpg,nt798,notumor,notumor,1,0.999788,4,42,0.000025,0.000167,0.999788,0.000020
data_rand_fold4/Testing/notumor/Tr-no_0993.jpg,nt716,notumor,notumor,1,0.998133,4,42,0.000396,0.001202,0.998133,0.000269
data_rand_fold4/Testing/notumor/Tr-no_0995.jpg,nt190,notumor,notumor,1,0.999544,4,42,0.000018,0.000334,0.999544,0.000104
data_rand_fold4/Testing/notumor/Tr-no_1001.jpg,nt128,notumor,notumor,1,0.999676,4,42,0.000055,0.000083,0.999676,0.000187
data_rand_fold4/Testing/notumor/Tr-no_1009.jpg,nt5,notumor,notumor,1,0.999841,4,42,0.000025,0.000122,0.999841,0.000012
data_rand_fold4/Testing/notumor/Tr-no_1010.jpg,nt806,notumor,notumor,1,0.998776,4,42,0.000052,0.001139,0.998776,0.000034
data_rand_fold4/Testing/notumor/Tr-no_1011.jpg,nt251,notumor,notumor,1,0.998634,4,42,0.000194,0.000985,0.998634,0.000188
data_rand_fold4/Testing/notumor/Tr-no_1012.jpg,nt230,notumor,notumor,1,0.995922,4,42,0.000784,0.003068,0.995922,0.000225
data_rand_fold4/Testing/notumor/Tr-no_1015.jpg,nt758,notumor,notumor,1,0.999756,4,42,0.000017,0.000188,0.999756,0.000040
data_rand_fold4/Testing/notumor/Tr-no_1016.jpg,nt137,notumor,notumor,1,0.999971,4,42,0.000004,0.000021,0.999971,0.000004
data_rand_fold4/Testing/notumor/Tr-no_1020.jpg,nt477,notumor,notumor,1,0.999991,4,42,0.000000,0.000009,0.999991,0.000001
data_rand_fold4/Testing/notumor/Tr-no_1022.jpg,nt31,notumor,notumor,1,0.999776,4,42,0.000008,0.000186,0.999776,0.000030
data_rand_fold4/Testing/notumor/Tr-no_1030.jpg,nt132,notumor,notumor,1,0.999889,4,42,0.000011,0.000098,0.999889,0.000003
data_rand_fold4/Testing/notumor/Tr-no_1033.jpg,nt811,notumor,notumor,1,0.997319,4,42,0.000410,0.002240,0.997319,0.000031
data_rand_fold4/Testing/notumor/Tr-no_1036.jpg,nt812,notumor,notumor,1,0.998165,4,42,0.000277,0.001514,0.998165,0.000044
data_rand_fold4/Testing/notumor/Tr-no_1038.jpg,nt141,notumor,notumor,1,0.999404,4,42,0.000002,0.000553,0.999404,0.000041
data_rand_fold4/Testing/notumor/Tr-no_1040.jpg,nt166,notumor,notumor,1,0.999681,4,42,0.000220,0.000092,0.999681,0.000007
data_rand_fold4/Testing/notumor/Tr-no_1045.jpg,nt583,notumor,notumor,1,0.999609,4,42,0.000194,0.000173,0.999609,0.000024
data_rand_fold4/Testing/notumor/Tr-no_1053.jpg,nt815,notumor,notumor,1,0.999958,4,42,0.000003,0.000033,0.999958,0.000007
data_rand_fold4/Testing/notumor/Tr-no_1074.jpg,nt803,notumor,notumor,1,0.994947,4,42,0.000017,0.003621,0.994947,0.001415
data_rand_fold4/Testing/notumor/Tr-no_1075.jpg,nt131,notumor,notumor,1,0.999680,4,42,0.000021,0.000286,0.999680,0.000014
data_rand_fold4/Testing/notumor/Tr-no_1085.jpg,nt146,notumor,notumor,1,0.999239,4,42,0.000006,0.000720,0.999239,0.000035
data_rand_fold4/Testing/notumor/Tr-no_1109.jpg,nt344,notumor,notumor,1,0.997787,4,42,0.000463,0.001581,0.997787,0.000169
data_rand_fold4/Testing/notumor/Tr-no_1124.jpg,nt192,notumor,notumor,1,0.998755,4,42,0.000012,0.001194,0.998755,0.000039
data_rand_fold4/Testing/notumor/Tr-no_1176.jpg,nt824,notumor,notumor,1,0.999239,4,42,0.000534,0.000218,0.999239,0.000009
data_rand_fold4/Testing/notumor/Tr-no_1193.jpg,nt24,notumor,notumor,1,0.999841,4,42,0.000009,0.000144,0.999841,0.000006
data_rand_fold4/Testing/notumor/Tr-no_1198.jpg,nt827,notumor,notumor,1,0.999756,4,42,0.000002,0.000184,0.999756,0.000058
data_rand_fold4/Testing/notumor/Tr-no_1199.jpg,nt477,notumor,notumor,1,0.999993,4,42,0.000000,0.000007,0.999993,0.000001
data_rand_fold4/Testing/notumor/Tr-no_1200.jpg,nt32,notumor,notumor,1,0.999380,4,42,0.000025,0.000290,0.999380,0.000305
data_rand_fold4/Testing/notumor/Tr-no_1206.jpg,nt553,notumor,notumor,1,0.999976,4,42,0.000000,0.000022,0.999976,0.000002
data_rand_fold4/Testing/notumor/Tr-no_1235.jpg,nt843,notumor,notumor,1,0.992972,4,42,0.000162,0.006763,0.992972,0.000102
data_rand_fold4/Testing/notumor/Tr-no_1248.jpg,nt570,notumor,notumor,1,0.996143,4,42,0.000008,0.003824,0.996143,0.000024
data_rand_fold4/Testing/notumor/Tr-no_1249.jpg,nt849,notumor,notumor,1,0.999934,4,42,0.000013,0.000041,0.999934,0.000013
data_rand_fold4/Testing/notumor/Tr-no_1275.jpg,nt865,notumor,notumor,1,0.999827,4,42,0.000020,0.000148,0.999827,0.000005
data_rand_fold4/Testing/notumor/Tr-no_1282.jpg,nt370,notumor,notumor,1,0.998340,4,42,0.000137,0.001477,0.998340,0.000046
data_rand_fold4/Testing/notumor/Tr-no_1283.jpg,nt870,notumor,notumor,1,0.999141,4,42,0.000146,0.000694,0.999141,0.000020
data_rand_fold4/Testing/notumor/Tr-no_1293.jpg,nt878,notumor,notumor,1,0.999233,4,42,0.000017,0.000727,0.999233,0.000023
data_rand_fold4/Testing/notumor/Tr-no_1299.jpg,nt884,notumor,notumor,1,0.999195,4,42,0.000022,0.000758,0.999195,0.000025
data_rand_fold4/Testing/notumor/Tr-no_1302.jpg,nt373,notumor,notumor,1,0.999862,4,42,0.000038,0.000088,0.999862,0.000012
data_rand_fold4/Testing/notumor/Tr-no_1322.jpg,nt899,notumor,notumor,1,0.997455,4,42,0.000283,0.002155,0.997455,0.000108
data_rand_fold4/Testing/notumor/Tr-no_1325.jpg,nt385,notumor,notumor,1,0.998964,4,42,0.000015,0.000954,0.998964,0.000067
data_rand_fold4/Testing/notumor/Tr-no_1332.jpg,nt906,notumor,notumor,1,0.999828,4,42,0.000010,0.000143,0.999828,0.000019
data_rand_fold4/Testing/notumor/Tr-no_1333.jpg,nt907,notumor,notumor,1,0.998996,4,42,0.000010,0.000936,0.998996,0.000058
data_rand_fold4/Testing/notumor/Tr-no_1341.jpg,nt910,notumor,notumor,1,0.999630,4,42,0.000032,0.000323,0.999630,0.000015
data_rand_fold4/Testing/notumor/Tr-no_1346.jpg,nt534,notumor,notumor,1,0.996940,4,42,0.000014,0.003006,0.996940,0.000039
data_rand_fold4/Testing/notumor/Tr-no_1347.jpg,nt912,notumor,notumor,1,0.999814,4,42,0.000000,0.000180,0.999814,0.000006
data_rand_fold4/Testing/notumor/Tr-no_1349.jpg,nt914,notumor,notumor,1,0.999936,4,42,0.000021,0.000038,0.999936,0.000005
data_rand_fold4/Testing/notumor/Tr-no_1378.jpg,nt936,notumor,notumor,1,0.999943,4,42,0.000011,0.000027,0.999943,0.000020
data_rand_fold4/Testing/notumor/Tr-no_1385.jpg,nt940,notumor,notumor,1,0.999930,4,42,0.000006,0.000031,0.999930,0.000033
data_rand_fold4/Testing/notumor/Tr-no_1388.jpg,nt943,notumor,notumor,1,0.999005,4,42,0.000001,0.000748,0.999005,0.000246
data_rand_fold4/Testing/notumor/Tr-no_1389.jpg,nt327,notumor,notumor,1,0.999574,4,42,0.000003,0.000371,0.999574,0.000051
data_rand_fold4/Testing/notumor/Tr-no_1390.jpg,nt944,notumor,notumor,1,0.996000,4,42,0.000492,0.003279,0.996000,0.000230
data_rand_fold4/Testing/notumor/Tr-no_1397.jpg,nt950,notumor,notumor,1,0.999879,4,42,0.000001,0.000073,0.999879,0.000047
data_rand_fold4/Testing/notumor/Tr-no_1398.jpg,nt331,notumor,notumor,1,0.999988,4,42,0.000000,0.000004,0.999988,0.000007
data_rand_fold4/Testing/notumor/Tr-no_1400.jpg,nt951,notumor,notumor,1,0.998533,4,42,0.001204,0.000240,0.998533,0.000023
data_rand_fold4/Testing/notumor/Tr-no_1402.jpg,nt557,notumor,notumor,1,0.997384,4,42,0.001584,0.000834,0.997384,0.000198
data_rand_fold4/Testing/notumor/Tr-no_1404.jpg,nt335,notumor,notumor,1,0.999761,4,42,0.000057,0.000155,0.999761,0.000027
data_rand_fold4/Testing/notumor/Tr-no_1405.jpg,nt337,notumor,notumor,1,0.999824,4,42,0.000005,0.000165,0.999824,0.000007
data_rand_fold4/Testing/notumor/Tr-no_1416.jpg,nt344,notumor,notumor,1,0.998124,4,42,0.000312,0.001464,0.998124,0.000100
data_rand_fold4/Testing/notumor/Tr-no_1430.jpg,nt966,notumor,notumor,1,0.998218,4,42,0.000172,0.001489,0.998218,0.000121
data_rand_fold4/Testing/notumor/Tr-no_1431.jpg,nt967,notumor,notumor,1,0.995093,4,42,0.000137,0.004671,0.995093,0.000100
data_rand_fold4/Testing/notumor/Tr-no_1435.jpg,nt970,notumor,notumor,1,0.999785,4,42,0.000047,0.000093,0.999785,0.000075
data_rand_fold4/Testing/notumor/Tr-no_1440.jpg,nt974,notumor,notumor,1,0.996696,4,42,0.000023,0.003267,0.996696,0.000015
data_rand_fold4/Testing/notumor/Tr-no_1444.jpg,nt976,notumor,notumor,1,0.999538,4,42,0.000329,0.000125,0.999538,0.000007
data_rand_fold4/Testing/notumor/Tr-no_1452.jpg,nt504,notumor,notumor,1,0.999963,4,42,0.000001,0.000006,0.999963,0.000030
data_rand_fold4/Testing/notumor/Tr-no_1453.jpg,nt481,notumor,notumor,1,0.965322,4,42,0.000226,0.033171,0.965322,0.001281
data_rand_fold4/Testing/notumor/Tr-no_1465.jpg,nt489,notumor,notumor,1,0.999932,4,42,0.000008,0.000056,0.999932,0.000004
data_rand_fold4/Testing/notumor/Tr-no_1467.jpg,nt605,notumor,notumor,1,0.999978,4,42,0.000010,0.000011,0.999978,0.000001
data_rand_fold4/Testing/notumor/Tr-no_1476.jpg,nt665,notumor,notumor,1,0.999997,4,42,0.000000,0.000003,0.999997,0.000000
data_rand_fold4/Testing/notumor/Tr-no_1477.jpg,nt585,notumor,notumor,1,0.999954,4,42,0.000003,0.000040,0.999954,0.000002
data_rand_fold4/Testing/notumor/Tr-no_1483.jpg,nt845,notumor,notumor,1,0.999452,4,42,0.000046,0.000251,0.999452,0.000251
data_rand_fold4/Testing/notumor/Tr-no_1484.jpg,nt991,notumor,notumor,1,0.999801,4,42,0.000001,0.000193,0.999801,0.000005
data_rand_fold4/Testing/notumor/Tr-no_1486.jpg,nt393,notumor,notumor,1,0.999438,4,42,0.000044,0.000435,0.999438,0.000083
data_rand_fold4/Testing/notumor/Tr-no_1489.jpg,nt424,notumor,notumor,1,0.999400,4,42,0.000020,0.000552,0.999400,0.000028
data_rand_fold4/Testing/notumor/Tr-no_1490.jpg,nt425,notumor,notumor,1,0.999964,4,42,0.000001,0.000035,0.999964,0.000001
data_rand_fold4/Testing/notumor/Tr-no_1500.jpg,nt884,notumor,notumor,1,0.999368,4,42,0.000014,0.000596,0.999368,0.000022
data_rand_fold4/Testing/notumor/Tr-no_1502.jpg,nt518,notumor,notumor,1,0.990623,4,42,0.000195,0.009120,0.990623,0.000062
data_rand_fold4/Testing/notumor/Tr-no_1504.jpg,nt374,notumor,notumor,1,0.999548,4,42,0.000018,0.000249,0.999548,0.000185
data_rand_fold4/Testing/notumor/Tr-no_1506.jpg,nt434,notumor,notumor,1,0.999993,4,42,0.000000,0.000006,0.999993,0.000000
data_rand_fold4/Testing/notumor/Tr-no_1507.jpg,nt886,notumor,notumor,1,0.999806,4,42,0.000001,0.000185,0.999806,0.000007
data_rand_fold4/Testing/notumor/Tr-no_1508.jpg,nt363,notumor,notumor,1,0.999929,4,42,0.000008,0.000059,0.999929,0.000004
data_rand_fold4/Testing/notumor/Tr-no_1514.jpg,nt998,notumor,notumor,1,0.999594,4,42,0.000174,0.000200,0.999594,0.000032
data_rand_fold4/Testing/notumor/Tr-no_1515.jpg,nt983,notumor,notumor,1,0.999892,4,42,0.000005,0.000040,0.999892,0.000063
data_rand_fold4/Testing/notumor/Tr-no_1519.jpg,nt530,notumor,notumor,1,0.999873,4,42,0.000013,0.000099,0.999873,0.000016
data_rand_fold4/Testing/notumor/Tr-no_1521.jpg,nt910,notumor,notumor,1,0.999705,4,42,0.000024,0.000261,0.999705,0.000011
data_rand_fold4/Testing/notumor/Tr-no_1525.jpg,nt1003,notumor,notumor,1,0.998135,4,42,0.000014,0.001813,0.998135,0.000038
data_rand_fold4/Testing/notumor/Tr-no_1527.jpg,nt537,notumor,notumor,1,0.999945,4,42,0.000002,0.000035,0.999945,0.000019
data_rand_fold4/Testing/notumor/Tr-no_1538.jpg,nt382,notumor,notumor,1,0.999391,4,42,0.000014,0.000566,0.999391,0.000028
data_rand_fold4/Testing/notumor/Tr-no_1539.jpg,nt899,notumor,notumor,1,0.997353,4,42,0.000371,0.002149,0.997353,0.000126
data_rand_fold4/Testing/notumor/Tr-no_1540.jpg,nt1009,notumor,notumor,1,0.999929,4,42,0.000001,0.000060,0.999929,0.000010
data_rand_fold4/Testing/notumor/Tr-no_1544.jpg,nt589,notumor,notumor,1,0.999924,4,42,0.000002,0.000069,0.999924,0.000005
data_rand_fold4/Testing/notumor/Tr-no_1547.jpg,nt323,notumor,notumor,1,0.999526,4,42,0.000320,0.000136,0.999526,0.000018
data_rand_fold4/Testing/notumor/Tr-no_1548.jpg,nt941,notumor,notumor,1,0.985870,4,42,0.000019,0.012863,0.985870,0.001249
data_rand_fold4/Testing/notumor/Tr-no_1552.jpg,nt327,notumor,notumor,1,0.999608,4,42,0.000004,0.000345,0.999608,0.000044
data_rand_fold4/Testing/notumor/Tr-no_1556.jpg,nt329,notumor,notumor,1,0.999098,4,42,0.000006,0.000847,0.999098,0.000049
data_rand_fold4/Testing/notumor/Tr-no_1565.jpg,nt1014,notumor,notumor,1,0.999573,4,42,0.000023,0.000376,0.999573,0.000028
data_rand_fold4/Testing/notumor/Tr-no_1583.jpg,nt921,notumor,notumor,1,0.999928,4,42,0.000000,0.000050,0.999928,0.000021
data_rand_fold4/Testing/notumor/Tr-no_1584.jpg,nt922,notumor,notumor,1,0.999827,4,42,0.000009,0.000150,0.999827,0.000013
data_rand_fold4/Testing/pituitary/Te-piTr_0003.jpg,112746,pituitary,pituitary,1,0.999907,4,42,0.000001,0.000052,0.000040,0.999907
data_rand_fold4/Testing/pituitary/Te-piTr_0007.jpg,114040,pituitary,pituitary,1,0.999523,4,42,0.000030,0.000316,0.000131,0.999523
data_rand_fold4/Testing/pituitary/Te-piTr_0009.jpg,101029,pituitary,pituitary,1,0.983446,4,42,0.001581,0.009229,0.005745,0.983446
data_rand_fold4/Testing/pituitary/Te-pi_0011.jpg,101305,pituitary,pituitary,1,0.999837,4,42,0.000001,0.000160,0.000001,0.999837
data_rand_fold4/Testing/pituitary/Te-pi_0018.jpg,103582,pituitary,pituitary,1,0.989674,4,42,0.000156,0.007700,0.002470,0.989674
data_rand_fold4/Testing/pituitary/Te-pi_0019.jpg,103671,pituitary,pituitary,1,0.770242,4,42,0.098295,0.126047,0.005416,0.770242
data_rand_fold4/Testing/pituitary/Te-pi_0023.jpg,104019,pituitary,pituitary,1,0.994968,4,42,0.000725,0.003144,0.001164,0.994968
data_rand_fold4/Testing/pituitary/Te-pi_0025.jpg,104558,pituitary,pituitary,1,0.868111,4,42,0.000032,0.131782,0.000074,0.868111
data_rand_fold4/Testing/pituitary/Te-pi_0026.jpg,104684,pituitary,pituitary,1,0.999481,4,42,0.000000,0.000029,0.000490,0.999481
data_rand_fold4/Testing/pituitary/Te-pi_0027.jpg,104912,pituitary,pituitary,1,0.997854,4,42,0.000002,0.002133,0.000012,0.997854
data_rand_fold4/Testing/pituitary/Te-pi_0033.jpg,97461,pituitary,pituitary,1,0.990328,4,42,0.000351,0.008709,0.000612,0.990328
data_rand_fold4/Testing/pituitary/Te-pi_0035.jpg,97890,pituitary,pituitary,1,0.997360,4,42,0.000223,0.001650,0.000767,0.997360
data_rand_fold4/Testing/pituitary/Te-pi_0039.jpg,98871,pituitary,pituitary,1,0.993071,4,42,0.000005,0.006824,0.000100,0.993071
data_rand_fold4/Testing/pituitary/Te-pi_0042.jpg,98995,pituitary,pituitary,1,0.996667,4,42,0.000000,0.003249,0.000083,0.996667
data_rand_fold4/Testing/pituitary/Te-pi_0043.jpg,99223,pituitary,pituitary,1,0.814624,4,42,0.028911,0.148513,0.007952,0.814624
data_rand_fold4/Testing/pituitary/Te-pi_0045.jpg,101017,pituitary,pituitary,1,0.999980,4,42,0.000001,0.000015,0.000004,0.999980
data_rand_fold4/Testing/pituitary/Te-pi_0055.jpg,105936,pituitary,pituitary,1,0.999986,4,42,0.000000,0.000006,0.000008,0.999986
data_rand_fold4/Testing/pituitary/Te-pi_0060.jpg,107505,pituitary,pituitary,1,0.998800,4,42,0.000120,0.000418,0.000662,0.998800
data_rand_fold4/Testing/pituitary/Te-pi_0064.jpg,109471,pituitary,pituitary,1,0.998405,4,42,0.000008,0.001196,0.000391,0.998405
data_rand_fold4/Testing/pituitary/Te-pi_0066.jpg,109898,pituitary,pituitary,1,0.990099,4,42,0.000006,0.009791,0.000104,0.990099
data_rand_fold4/Testing/pituitary/Te-pi_0071.jpg,110537,pituitary,pituitary,1,0.999819,4,42,0.000000,0.000095,0.000086,0.999819
data_rand_fold4/Testing/pituitary/Te-pi_0072.jpg,112847,pituitary,pituitary,1,0.997021,4,42,0.000002,0.002966,0.000011,0.997021
data_rand_fold4/Testing/pituitary/Te-pi_0075.jpg,111075,pituitary,pituitary,1,0.999612,4,42,0.000004,0.000374,0.000010,0.999612
data_rand_fold4/Testing/pituitary/Te-pi_0084.jpg,113741,pituitary,pituitary,1,0.999745,4,42,0.000000,0.000252,0.000003,0.999745
data_rand_fold4/Testing/pituitary/Te-pi_0092.jpg,107495,pituitary,pituitary,1,0.999969,4,42,0.000002,0.000003,0.000025,0.999969
data_rand_fold4/Testing/pituitary/Te-pi_0093.jpg,107429,pituitary,pituitary,1,0.999511,4,42,0.000001,0.000119,0.000369,0.999511
data_rand_fold4/Testing/pituitary/Te-pi_0094.jpg,114040,pituitary,pituitary,1,0.998075,4,42,0.000021,0.000786,0.001119,0.998075
data_rand_fold4/Testing/pituitary/Te-pi_0099.jpg,108931,pituitary,pituitary,1,0.999942,4,42,0.000000,0.000000,0.000058,0.999942
data_rand_fold4/Testing/pituitary/Te-pi_0102.jpg,109769,pituitary,pituitary,1,0.999999,4,42,0.000000,0.000000,0.000000,0.999999
data_rand_fold4/Testing/pituitary/Te-pi_0109.jpg,111075,pituitary,pituitary,1,0.999020,4,42,0.000268,0.000410,0.000303,0.999020
data_rand_fold4/Testing/pituitary/Te-pi_0112.jpg,106062,pituitary,pituitary,1,0.994453,4,42,0.000008,0.005139,0.000401,0.994453
data_rand_fold4/Testing/pituitary/Te-pi_0113.jpg,112074,pituitary,pituitary,1,0.999875,4,42,0.000001,0.000117,0.000007,0.999875
data_rand_fold4/Testing/pituitary/Te-pi_0114.jpg,112649,pituitary,pituitary,1,0.999875,4,42,0.000021,0.000069,0.000035,0.999875
data_rand_fold4/Testing/pituitary/Te-pi_0131.jpg,109769,pituitary,pituitary,1,0.990602,4,42,0.000009,0.005704,0.003685,0.990602
data_rand_fold4/Testing/pituitary/Te-pi_0132.jpg,109898,pituitary,pituitary,1,0.927825,4,42,0.000020,0.071513,0.000642,0.927825
data_rand_fold4/Testing/pituitary/Te-pi_0133.jpg,109898,pituitary,pituitary,1,0.991559,4,42,0.000088,0.007173,0.001180,0.991559
data_rand_fold4/Testing/pituitary/Te-pi_0146.jpg,101724,pituitary,pituitary,1,0.999126,4,42,0.000008,0.000799,0.000067,0.999126
data_rand_fold4/Testing/pituitary/Te-pi_0166.jpg,104684,pituitary,pituitary,1,0.998860,4,42,0.000002,0.000061,0.001077,0.998860
data_rand_fold4/Testing/pituitary/Te-pi_0167.jpg,104684,pituitary,pituitary,1,0.995578,4,42,0.000016,0.001367,0.003040,0.995578
data_rand_fold4/Testing/pituitary/Te-pi_0170.jpg,105187,pituitary,pituitary,1,0.993034,4,42,0.000018,0.002153,0.004795,0.993034
data_rand_fold4/Testing/pituitary/Te-pi_0174.jpg,97416,pituitary,pituitary,1,0.975075,4,42,0.000943,0.022904,0.001079,0.975075
data_rand_fold4/Testing/pituitary/Te-pi_0175.jpg,97416,pituitary,pituitary,1,0.556984,4,42,0.001074,0.403119,0.038823,0.556984
data_rand_fold4/Testing/pituitary/Te-pi_0182.jpg,98652,pituitary,pituitary,1,0.996988,4,42,0.000004,0.001057,0.001951,0.996988
data_rand_fold4/Testing/pituitary/Te-pi_0183.jpg,98871,pituitary,pituitary,1,0.983377,4,42,0.001041,0.014999,0.000583,0.983377
data_rand_fold4/Testing/pituitary/Te-pi_0187.jpg,98992,pituitary,pituitary,1,0.938121,4,42,0.000310,0.061478,0.000091,0.938121
data_rand_fold4/Testing/pituitary/Te-pi_0197.jpg,101305,pituitary,pituitary,1,0.999975,4,42,0.000015,0.000003,0.000007,0.999975
data_rand_fold4/Testing/pituitary/Te-pi_0201.jpg,103046,pituitary,pituitary,1,0.999983,4,42,0.000000,0.000009,0.000008,0.999983
data_rand_fold4/Testing/pituitary/Te-pi_0204.jpg,103478,pituitary,pituitary,1,0.999950,4,42,0.000002,0.000006,0.000041,0.999950
data_rand_fold4/Testing/pituitary/Te-pi_0207.jpg,103582,pituitary,pituitary,1,0.999265,4,42,0.000001,0.000601,0.000132,0.999265
data_rand_fold4/Testing/pituitary/Te-pi_0213.jpg,104019,pituitary,pituitary,1,0.999986,4,42,0.000001,0.000002,0.000011,0.999986
data_rand_fold4/Testing/pituitary/Te-pi_0226.jpg,97461,pituitary,pituitary,1,0.998708,4,42,0.000006,0.001270,0.000016,0.998708
data_rand_fold4/Testing/pituitary/Te-pi_0228.jpg,97461,pituitary,pituitary,1,0.999996,4,42,0.000000,0.000003,0.000000,0.999996
data_rand_fold4/Testing/pituitary/Te-pi_0239.jpg,107743,pituitary,pituitary,1,0.999489,4,42,0.000011,0.000360,0.000140,0.999489
data_rand_fold4/Testing/pituitary/Te-pi_0240.jpg,98995,pituitary,pituitary,1,0.999999,4,42,0.000000,0.000001,0.000000,0.999999
data_rand_fold4/Testing/pituitary/Te-pi_0265.jpg,112746,pituitary,pituitary,1,0.998913,4,42,0.000035,0.001026,0.000027,0.998913
data_rand_fold4/Testing/pituitary/Te-pi_0267.jpg,104558,pituitary,pituitary,1,0.998582,4,42,0.000029,0.001312,0.000077,0.998582
data_rand_fold4/Testing/pituitary/Te-pi_0268.jpg,104558,pituitary,pituitary,1,0.997208,4,42,0.000014,0.002020,0.000759,0.997208
data_rand_fold4/Testing/pituitary/Te-pi_0274.jpg,105187,pituitary,pituitary,1,0.999968,4,42,0.000001,0.000019,0.000012,0.999968
data_rand_fold4/Testing/pituitary/Te-pi_0284.jpg,97481,pituitary,pituitary,1,0.999997,4,42,0.000000,0.000001,0.000003,0.999997
data_rand_fold4/Testing/pituitary/Te-pi_0291.jpg,98874,pituitary,pituitary,1,0.999705,4,42,0.000019,0.000056,0.000220,0.999705
data_rand_fold4/Testing/pituitary/Te-pi_0296.jpg,98992,pituitary,pituitary,1,0.999976,4,42,0.000000,0.000021,0.000003,0.999976
data_rand_fold4/Testing/pituitary/Tr-pi_0015.jpg,98992,pituitary,pituitary,1,0.999749,4,42,0.000000,0.000096,0.000155,0.999749
data_rand_fold4/Testing/pituitary/Tr-pi_0050.jpg,104019,pituitary,pituitary,1,0.998930,4,42,0.000002,0.000109,0.000959,0.998930
data_rand_fold4/Testing/pituitary/Tr-pi_0055.jpg,104558,pituitary,pituitary,1,0.995164,4,42,0.000001,0.004810,0.000025,0.995164
data_rand_fold4/Testing/pituitary/Tr-pi_0063.jpg,104684,pituitary,pituitary,1,0.999998,4,42,0.000000,0.000001,0.000001,0.999998
data_rand_fold4/Testing/pituitary/Tr-pi_0070.jpg,104912,pituitary,pituitary,1,0.999752,4,42,0.000060,0.000176,0.000012,0.999752
data_rand_fold4/Testing/pituitary/Tr-pi_0086.jpg,105538,pituitary,meningioma,0,0.905149,4,42,0.066830,0.905149,0.004084,0.023937
data_rand_fold4/Testing/pituitary/Tr-pi_0088.jpg,105638,pituitary,pituitary,1,0.999984,4,42,0.000004,0.000010,0.000003,0.999984
data_rand_fold4/Testing/pituitary/Tr-pi_0089.jpg,114040,pituitary,pituitary,1,0.995114,4,42,0.000019,0.003996,0.000870,0.995114
data_rand_fold4/Testing/pituitary/Tr-pi_0090.jpg,105638,pituitary,pituitary,1,0.999995,4,42,0.000000,0.000003,0.000002,0.999995
data_rand_fold4/Testing/pituitary/Tr-pi_0095.jpg,97416,pituitary,pituitary,1,0.999934,4,42,0.000001,0.000034,0.000031,0.999934
data_rand_fold4/Testing/pituitary/Tr-pi_0098.jpg,97416,pituitary,pituitary,1,0.999992,4,42,0.000000,0.000003,0.000006,0.999992
data_rand_fold4/Testing/pituitary/Tr-pi_0100.jpg,114040,pituitary,pituitary,1,0.996959,4,42,0.000043,0.002564,0.000434,0.996959
data_rand_fold4/Testing/pituitary/Tr-pi_0102.jpg,97461,pituitary,pituitary,1,0.999969,4,42,0.000001,0.000019,0.000011,0.999969
data_rand_fold4/Testing/pituitary/Tr-pi_0104.jpg,97461,pituitary,pituitary,1,0.999443,4,42,0.000002,0.000526,0.000030,0.999443
data_rand_fold4/Testing/pituitary/Tr-pi_0116.jpg,97890,pituitary,pituitary,1,0.999074,4,42,0.000000,0.000036,0.000889,0.999074
data_rand_fold4/Testing/pituitary/Tr-pi_0118.jpg,97890,pituitary,pituitary,1,0.992897,4,42,0.000014,0.001078,0.006010,0.992897
data_rand_fold4/Testing/pituitary/Tr-pi_0121.jpg,98472,pituitary,pituitary,1,0.997962,4,42,0.000001,0.001195,0.000841,0.997962
data_rand_fold4/Testing/pituitary/Tr-pi_0124.jpg,98472,pituitary,pituitary,1,0.999447,4,42,0.000013,0.000465,0.000076,0.999447
data_rand_fold4/Testing/pituitary/Tr-pi_0125.jpg,98472,pituitary,pituitary,1,0.999906,4,42,0.000009,0.000050,0.000035,0.999906
data_rand_fold4/Testing/pituitary/Tr-pi_0136.jpg,98874,pituitary,pituitary,1,0.997676,4,42,0.000056,0.001751,0.000518,0.997676
data_rand_fold4/Testing/pituitary/Tr-pi_0149.jpg,98992,pituitary,pituitary,1,0.999263,4,42,0.000007,0.000451,0.000278,0.999263
data_rand_fold4/Testing/pituitary/Tr-pi_0153.jpg,98992,pituitary,pituitary,1,0.998973,4,42,0.000006,0.000958,0.000064,0.998973
data_rand_fold4/Testing/pituitary/Tr-pi_0161.jpg,99223,pituitary,pituitary,1,0.999723,4,42,0.000001,0.000274,0.000002,0.999723
data_rand_fold4/Testing/pituitary/Tr-pi_0165.jpg,99223,pituitary,pituitary,1,0.995214,4,42,0.000031,0.004560,0.000194,0.995214
data_rand_fold4/Testing/pituitary/Tr-pi_0167.jpg,114094,pituitary,pituitary,1,0.894211,4,42,0.000278,0.099702,0.005809,0.894211
data_rand_fold4/Testing/pituitary/Tr-pi_0175.jpg,101029,pituitary,pituitary,1,0.999957,4,42,0.000000,0.000025,0.000017,0.999957
data_rand_fold4/Testing/pituitary/Tr-pi_0180.jpg,101029,pituitary,pituitary,1,0.999974,4,42,0.000001,0.000008,0.000018,0.999974
data_rand_fold4/Testing/pituitary/Tr-pi_0189.jpg,101017,pituitary,pituitary,1,0.999813,4,42,0.000000,0.000050,0.000137,0.999813
data_rand_fold4/Testing/pituitary/Tr-pi_0191.jpg,101724,pituitary,pituitary,1,0.999796,4,42,0.000007,0.000040,0.000156,0.999796
data_rand_fold4/Testing/pituitary/Tr-pi_0197.jpg,102648,pituitary,pituitary,1,0.992524,4,42,0.004016,0.003275,0.000185,0.992524
data_rand_fold4/Testing/pituitary/Tr-pi_0198.jpg,102648,pituitary,pituitary,1,0.990110,4,42,0.008102,0.001133,0.000655,0.990110
data_rand_fold4/Testing/pituitary/Tr-pi_0199.jpg,102648,pituitary,pituitary,1,0.999027,4,42,0.000083,0.000744,0.000146,0.999027
data_rand_fold4/Testing/pituitary/Tr-pi_0202.jpg,102648,pituitary,pituitary,1,0.973569,4,42,0.000812,0.015725,0.009894,0.973569
data_rand_fold4/Testing/pituitary/Tr-pi_0207.jpg,103257,pituitary,pituitary,1,0.972202,4,42,0.000256,0.014819,0.012723,0.972202
data_rand_fold4/Testing/pituitary/Tr-pi_0211.jpg,101029,pituitary,pituitary,1,0.526257,4,42,0.012556,0.422921,0.038266,0.526257
data_rand_fold4/Testing/pituitary/Tr-pi_0213.jpg,103257,pituitary,pituitary,1,0.996375,4,42,0.000045,0.002584,0.000997,0.996375
data_rand_fold4/Testing/pituitary/Tr-pi_0218.jpg,103478,pituitary,pituitary,1,0.997842,4,42,0.000327,0.001041,0.000789,0.997842
data_rand_fold4/Testing/pituitary/Tr-pi_0225.jpg,103582,pituitary,pituitary,1,0.999942,4,42,0.000000,0.000015,0.000043,0.999942
data_rand_fold4/Testing/pituitary/Tr-pi_0230.jpg,103582,pituitary,pituitary,1,0.999674,4,42,0.000002,0.000209,0.000116,0.999674
data_rand_fold4/Testing/pituitary/Tr-pi_0231.jpg,103582,pituitary,pituitary,1,0.999939,4,42,0.000000,0.000040,0.000021,0.999939
data_rand_fold4/Testing/pituitary/Tr-pi_0240.jpg,103671,pituitary,pituitary,1,0.999305,4,42,0.000001,0.000670,0.000024,0.999305
data_rand_fold4/Testing/pituitary/Tr-pi_0247.jpg,103731,pituitary,pituitary,1,0.997764,4,42,0.000013,0.001582,0.000641,0.997764
data_rand_fold4/Testing/pituitary/Tr-pi_0248.jpg,103731,pituitary,pituitary,1,0.998044,4,42,0.000010,0.001926,0.000020,0.998044
data_rand_fold4/Testing/pituitary/Tr-pi_0249.jpg,103837,pituitary,pituitary,1,0.840795,4,42,0.000093,0.002477,0.156635,0.840795
data_rand_fold4/Testing/pituitary/Tr-pi_0254.jpg,103671,pituitary,pituitary,1,0.999772,4,42,0.000000,0.000129,0.000098,0.999772
data_rand_fold4/Testing/pituitary/Tr-pi_0257.jpg,103731,pituitary,pituitary,1,0.999424,4,42,0.000015,0.000375,0.000186,0.999424
data_rand_fold4/Testing/pituitary/Tr-pi_0263.jpg,103837,pituitary,pituitary,1,0.994947,4,42,0.000004,0.001746,0.003304,0.994947
data_rand_fold4/Testing/pituitary/Tr-pi_0266.jpg,104019,pituitary,pituitary,1,0.999999,4,42,0.000000,0.000001,0.000000,0.999999
data_rand_fold4/Testing/pituitary/Tr-pi_0271.jpg,104558,pituitary,pituitary,1,0.996960,4,42,0.000003,0.002539,0.000498,0.996960
data_rand_fold4/Testing/pituitary/Tr-pi_0279.jpg,104684,pituitary,pituitary,1,0.999950,4,42,0.000003,0.000041,0.000006,0.999950
data_rand_fold4/Testing/pituitary/Tr-pi_0284.jpg,104912,pituitary,pituitary,1,0.999956,4,42,0.000000,0.000038,0.000006,0.999956
data_rand_fold4/Testing/pituitary/Tr-pi_0289.jpg,106062,pituitary,pituitary,1,0.999967,4,42,0.000002,0.000014,0.000017,0.999967
data_rand_fold4/Testing/pituitary/Tr-pi_0296.jpg,105638,pituitary,pituitary,1,0.999936,4,42,0.000004,0.000045,0.000015,0.999936
data_rand_fold4/Testing/pituitary/Tr-pi_0297.jpg,97416,pituitary,pituitary,1,0.999176,4,42,0.000003,0.000700,0.000120,0.999176
data_rand_fold4/Testing/pituitary/Tr-pi_0301.jpg,97416,pituitary,pituitary,1,0.999901,4,42,0.000000,0.000094,0.000005,0.999901
data_rand_fold4/Testing/pituitary/Tr-pi_0304.jpg,97416,pituitary,pituitary,1,0.999044,4,42,0.000003,0.000072,0.000880,0.999044
data_rand_fold4/Testing/pituitary/Tr-pi_0327.jpg,98472,pituitary,pituitary,1,0.998612,4,42,0.000001,0.001276,0.000112,0.998612
data_rand_fold4/Testing/pituitary/Tr-pi_0334.jpg,107495,pituitary,pituitary,1,0.999976,4,42,0.000002,0.000013,0.000008,0.999976
data_rand_fold4/Testing/pituitary/Tr-pi_0335.jpg,98871,pituitary,pituitary,1,0.999991,4,42,0.000000,0.000004,0.000005,0.999991
data_rand_fold4/Testing/pituitary/Tr-pi_0344.jpg,107429,pituitary,pituitary,1,0.999884,4,42,0.000001,0.000091,0.000025,0.999884
data_rand_fold4/Testing/pituitary/Tr-pi_0350.jpg,107429,pituitary,pituitary,1,0.999865,4,42,0.000014,0.000080,0.000042,0.999865
data_rand_fold4/Testing/pituitary/Tr-pi_0352.jpg,107505,pituitary,pituitary,1,0.999659,4,42,0.000059,0.000224,0.000058,0.999659
data_rand_fold4/Testing/pituitary/Tr-pi_0357.jpg,108858,pituitary,pituitary,1,0.999495,4,42,0.000005,0.000481,0.000020,0.999495
data_rand_fold4/Testing/pituitary/Tr-pi_0359.jpg,108858,pituitary,pituitary,1,0.998060,4,42,0.000065,0.001608,0.000266,0.998060
data_rand_fold4/Testing/pituitary/Tr-pi_0366.jpg,109471,pituitary,pituitary,1,0.999891,4,42,0.000001,0.000056,0.000052,0.999891
data_rand_fold4/Testing/pituitary/Tr-pi_0371.jpg,109471,pituitary,pituitary,1,0.999985,4,42,0.000000,0.000011,0.000005,0.999985
data_rand_fold4/Testing/pituitary/Tr-pi_0372.jpg,109471,pituitary,pituitary,1,0.999957,4,42,0.000000,0.000013,0.000031,0.999957
data_rand_fold4/Testing/pituitary/Tr-pi_0384.jpg,110537,pituitary,pituitary,1,0.998828,4,42,0.000023,0.000896,0.000253,0.998828
data_rand_fold4/Testing/pituitary/Tr-pi_0385.jpg,110537,pituitary,pituitary,1,0.983534,4,42,0.000326,0.007547,0.008593,0.983534
data_rand_fold4/Testing/pituitary/Tr-pi_0386.jpg,110537,pituitary,pituitary,1,0.998645,4,42,0.000033,0.001109,0.000213,0.998645
data_rand_fold4/Testing/pituitary/Tr-pi_0389.jpg,112746,pituitary,pituitary,1,0.998365,4,42,0.000004,0.001239,0.000393,0.998365
data_rand_fold4/Testing/pituitary/Tr-pi_0394.jpg,111125,pituitary,pituitary,1,0.998894,4,42,0.000014,0.000219,0.000873,0.998894
data_rand_fold4/Testing/pituitary/Tr-pi_0399.jpg,111785,pituitary,pituitary,1,0.999560,4,42,0.000006,0.000432,0.000001,0.999560
data_rand_fold4/Testing/pituitary/Tr-pi_0405.jpg,112074,pituitary,pituitary,1,0.992088,4,42,0.000059,0.007833,0.000020,0.992088
data_rand_fold4/Testing/pituitary/Tr-pi_0411.jpg,112746,pituitary,pituitary,1,0.999921,4,42,0.000002,0.000042,0.000035,0.999921
data_rand_fold4/Testing/pituitary/Tr-pi_0412.jpg,107495,pituitary,pituitary,1,0.999971,4,42,0.000000,0.000006,0.000022,0.999971
data_rand_fold4/Testing/pituitary/Tr-pi_0419.jpg,107505,pituitary,pituitary,1,0.999710,4,42,0.000005,0.000128,0.000157,0.999710
data_rand_fold4/Testing/pituitary/Tr-pi_0424.jpg,107743,pituitary,pituitary,1,0.999259,4,42,0.000015,0.000564,0.000161,0.999259
data_rand_fold4/Testing/pituitary/Tr-pi_0425.jpg,107743,pituitary,pituitary,1,0.999771,4,42,0.000003,0.000198,0.000028,0.999771
data_rand_fold4/Testing/pituitary/Tr-pi_0437.jpg,109471,pituitary,pituitary,1,0.999255,4,42,0.000010,0.000287,0.000448,0.999255
data_rand_fold4/Testing/pituitary/Tr-pi_0442.jpg,109769,pituitary,pituitary,1,0.999745,4,42,0.000002,0.000029,0.000225,0.999745
data_rand_fold4/Testing/pituitary/Tr-pi_0443.jpg,109769,pituitary,pituitary,1,0.999511,4,42,0.000001,0.000253,0.000235,0.999511
data_rand_fold4/Testing/pituitary/Tr-pi_0462.jpg,110993,pituitary,pituitary,1,0.999983,4,42,0.000000,0.000008,0.000009,0.999983
data_rand_fold4/Testing/pituitary/Tr-pi_0465.jpg,110993,pituitary,pituitary,1,0.999998,4,42,0.000000,0.000001,0.000001,0.999998
data_rand_fold4/Testing/pituitary/Tr-pi_0478.jpg,113274,pituitary,pituitary,1,0.999389,4,42,0.000004,0.000017,0.000590,0.999389
data_rand_fold4/Testing/pituitary/Tr-pi_0486.jpg,112074,pituitary,pituitary,1,0.999429,4,42,0.000032,0.000490,0.000048,0.999429
data_rand_fold4/Testing/pituitary/Tr-pi_0492.jpg,112649,pituitary,pituitary,1,0.999983,4,42,0.000005,0.000007,0.000005,0.999983
data_rand_fold4/Testing/pituitary/Tr-pi_0504.jpg,112746,pituitary,pituitary,1,0.990499,4,42,0.000180,0.009319,0.000003,0.990499
data_rand_fold4/Testing/pituitary/Tr-pi_0509.jpg,112847,pituitary,pituitary,1,0.999604,4,42,0.000004,0.000388,0.000004,0.999604
data_rand_fold4/Testing/pituitary/Tr-pi_0511.jpg,113741,pituitary,pituitary,1,0.999989,4,42,0.000000,0.000007,0.000004,0.999989
data_rand_fold4/Testing/pituitary/Tr-pi_0512.jpg,113274,pituitary,pituitary,1,0.996673,4,42,0.000022,0.002764,0.000540,0.996673
data_rand_fold4/Testing/pituitary/Tr-pi_0519.jpg,113741,pituitary,pituitary,1,0.999888,4,42,0.000000,0.000074,0.000038,0.999888
data_rand_fold4/Testing/pituitary/Tr-pi_0525.jpg,112746,pituitary,pituitary,1,0.997315,4,42,0.000012,0.002642,0.000031,0.997315
data_rand_fold4/Testing/pituitary/Tr-pi_0536.jpg,114040,pituitary,pituitary,1,0.999341,4,42,0.000015,0.000492,0.000152,0.999341
data_rand_fold4/Testing/pituitary/Tr-pi_0537.jpg,114040,pituitary,pituitary,1,0.999222,4,42,0.000117,0.000590,0.000071,0.999222
data_rand_fold4/Testing/pituitary/Tr-pi_0540.jpg,114361,pituitary,pituitary,1,0.999699,4,42,0.000002,0.000056,0.000243,0.999699
data_rand_fold4/Testing/pituitary/Tr-pi_0542.jpg,114094,pituitary,pituitary,1,0.995692,4,42,0.000029,0.003251,0.001029,0.995692
data_rand_fold4/Testing/pituitary/Tr-pi_0546.jpg,114040,pituitary,pituitary,1,0.999545,4,42,0.000041,0.000232,0.000183,0.999545
data_rand_fold4/Testing/pituitary/Tr-pi_0552.jpg,101724,pituitary,pituitary,1,0.999646,4,42,0.000009,0.000308,0.000037,0.999646
data_rand_fold4/Testing/pituitary/Tr-pi_0555.jpg,102648,pituitary,pituitary,1,0.979919,4,42,0.001038,0.019037,0.000006,0.979919
data_rand_fold4/Testing/pituitary/Tr-pi_0557.jpg,102648,pituitary,pituitary,1,0.994552,4,42,0.000066,0.005369,0.000013,0.994552
data_rand_fold4/Testing/pituitary/Tr-pi_0562.jpg,103257,pituitary,pituitary,1,0.997540,4,42,0.000018,0.002386,0.000056,0.997540
data_rand_fold4/Testing/pituitary/Tr-pi_0566.jpg,103478,pituitary,meningioma,0,0.556601,4,42,0.001661,0.556601,0.000448,0.441290
data_rand_fold4/Testing/pituitary/Tr-pi_0574.jpg,103582,pituitary,pituitary,1,0.993977,4,42,0.000027,0.005864,0.000132,0.993977
data_rand_fold4/Testing/pituitary/Tr-pi_0580.jpg,114361,pituitary,pituitary,1,0.999847,4,42,0.000002,0.000069,0.000082,0.999847
data_rand_fold4/Testing/pituitary/Tr-pi_0586.jpg,103731,pituitary,pituitary,1,0.997016,4,42,0.000109,0.002536,0.000340,0.997016
data_rand_fold4/Testing/pituitary/Tr-pi_0588.jpg,114361,pituitary,pituitary,1,0.999748,4,42,0.000002,0.000110,0.000139,0.999748
data_rand_fold4/Testing/pituitary/Tr-pi_0590.jpg,103837,pituitary,pituitary,1,0.999663,4,42,0.000002,0.000175,0.000159,0.999663
data_rand_fold4/Testing/pituitary/Tr-pi_0592.jpg,104019,pituitary,pituitary,1,0.999601,4,42,0.000015,0.000324,0.000060,0.999601
data_rand_fold4/Testing/pituitary/Tr-pi_0594.jpg,104019,pituitary,pituitary,1,0.998557,4,42,0.000037,0.000652,0.000754,0.998557
data_rand_fold4/Testing/pituitary/Tr-pi_0598.jpg,104558,pituitary,pituitary,1,0.752369,4,42,0.000066,0.246289,0.001276,0.752369
data_rand_fold4/Testing/pituitary/Tr-pi_0600.jpg,104558,pituitary,pituitary,1,0.592085,4,42,0.000280,0.402327,0.005308,0.592085
data_rand_fold4/Testing/pituitary/Tr-pi_0604.jpg,104912,pituitary,pituitary,1,0.992156,4,42,0.000011,0.007725,0.000108,0.992156
data_rand_fold4/Testing/pituitary/Tr-pi_0615.jpg,105638,pituitary,pituitary,1,0.996345,4,42,0.000023,0.002623,0.001010,0.996345
data_rand_fold4/Testing/pituitary/Tr-pi_0623.jpg,97461,pituitary,pituitary,1,0.999315,4,42,0.000008,0.000671,0.000006,0.999315
data_rand_fold4/Testing/pituitary/Tr-pi_0625.jpg,97461,pituitary,pituitary,1,0.967266,4,42,0.012170,0.019733,0.000832,0.967266
data_rand_fold4/Testing/pituitary/Tr-pi_0645.jpg,98871,pituitary,pituitary,1,0.999634,4,42,0.000002,0.000360,0.000004,0.999634
data_rand_fold4/Testing/pituitary/Tr-pi_0647.jpg,98874,pituitary,pituitary,1,0.967650,4,42,0.000401,0.031561,0.000388,0.967650
data_rand_fold4/Testing/pituitary/Tr-pi_0655.jpg,98992,pituitary,pituitary,1,0.967959,4,42,0.001445,0.020166,0.010431,0.967959
data_rand_fold4/Testing/pituitary/Tr-pi_0662.jpg,99223,pituitary,pituitary,1,0.767734,4,42,0.004275,0.226189,0.001802,0.767734
data_rand_fold4/Testing/pituitary/Tr-pi_0667.jpg,99223,pituitary,pituitary,1,0.994703,4,42,0.000012,0.004914,0.000371,0.994703
data_rand_fold4/Testing/pituitary/Tr-pi_0668.jpg,101017,pituitary,pituitary,1,0.999980,4,42,0.000001,0.000015,0.000004,0.999980
data_rand_fold4/Testing/pituitary/Tr-pi_0680.jpg,101305,pituitary,pituitary,1,0.999994,4,42,0.000000,0.000006,0.000000,0.999994
data_rand_fold4/Testing/pituitary/Tr-pi_0681.jpg,101305,pituitary,pituitary,1,0.999915,4,42,0.000045,0.000010,0.000030,0.999915
data_rand_fold4/Testing/pituitary/Tr-pi_0701.jpg,105936,pituitary,pituitary,1,0.999986,4,42,0.000000,0.000006,0.000008,0.999986
data_rand_fold4/Testing/pituitary/Tr-pi_0704.jpg,106062,pituitary,pituitary,1,0.990615,4,42,0.000010,0.001878,0.007498,0.990615
data_rand_fold4/Testing/pituitary/Tr-pi_0716.jpg,107505,pituitary,pituitary,1,0.999418,4,42,0.000018,0.000559,0.000004,0.999418
data_rand_fold4/Testing/pituitary/Tr-pi_0717.jpg,111075,pituitary,pituitary,1,0.999971,4,42,0.000000,0.000025,0.000004,0.999971
data_rand_fold4/Testing/pituitary/Tr-pi_0719.jpg,107505,pituitary,pituitary,1,0.997648,4,42,0.000199,0.001961,0.000191,0.997648
data_rand_fold4/Testing/pituitary/Tr-pi_0720.jpg,107505,pituitary,pituitary,1,0.999448,4,42,0.000030,0.000452,0.000070,0.999448
data_rand_fold4/Testing/pituitary/Tr-pi_0724.jpg,107743,pituitary,pituitary,1,0.999345,4,42,0.000004,0.000524,0.000128,0.999345
data_rand_fold4/Testing/pituitary/Tr-pi_0728.jpg,108858,pituitary,pituitary,1,0.997050,4,42,0.000043,0.002421,0.000487,0.997050
data_rand_fold4/Testing/pituitary/Tr-pi_0730.jpg,108931,pituitary,pituitary,1,0.958233,4,42,0.000012,0.000139,0.041616,0.958233
data_rand_fold4/Testing/pituitary/Tr-pi_0732.jpg,109471,pituitary,pituitary,1,0.995606,4,42,0.000028,0.004020,0.000346,0.995606
data_rand_fold4/Testing/pituitary/Tr-pi_0739.jpg,109898,pituitary,pituitary,1,0.988470,4,42,0.000007,0.011368,0.000155,0.988470
data_rand_fold4/Testing/pituitary/Tr-pi_0740.jpg,109898,pituitary,pituitary,1,0.990099,4,42,0.000006,0.009791,0.000104,0.990099
data_rand_fold4/Testing/pituitary/Tr-pi_0742.jpg,103478,pituitary,pituitary,1,0.999876,4,42,0.000010,0.000050,0.000064,0.999876
data_rand_fold4/Testing/pituitary/Tr-pi_0747.jpg,103478,pituitary,pituitary,1,0.999617,4,42,0.000000,0.000004,0.000379,0.999617
data_rand_fold4/Testing/pituitary/Tr-pi_0749.jpg,111125,pituitary,pituitary,1,0.999699,4,42,0.000002,0.000212,0.000088,0.999699
data_rand_fold4/Testing/pituitary/Tr-pi_0755.jpg,103670,pituitary,pituitary,1,0.999465,4,42,0.000001,0.000060,0.000474,0.999465
data_rand_fold4/Testing/pituitary/Tr-pi_0759.jpg,103671,pituitary,pituitary,1,0.999964,4,42,0.000000,0.000027,0.000008,0.999964
data_rand_fold4/Testing/pituitary/Tr-pi_0765.jpg,110518,pituitary,pituitary,1,0.999905,4,42,0.000008,0.000066,0.000021,0.999905
data_rand_fold4/Testing/pituitary/Tr-pi_0767.jpg,110518,pituitary,pituitary,1,0.999973,4,42,0.000000,0.000014,0.000013,0.999973
data_rand_fold4/Testing/pituitary/Tr-pi_0778.jpg,110993,pituitary,pituitary,1,0.999955,4,42,0.000000,0.000007,0.000037,0.999955
data_rand_fold4/Testing/pituitary/Tr-pi_0783.jpg,111125,pituitary,pituitary,1,0.999992,4,42,0.000000,0.000007,0.000001,0.999992
data_rand_fold4/Testing/pituitary/Tr-pi_0785.jpg,111125,pituitary,pituitary,1,0.999994,4,42,0.000000,0.000000,0.000005,0.999994
data_rand_fold4/Testing/pituitary/Tr-pi_0807.jpg,112847,pituitary,pituitary,1,0.956293,4,42,0.000005,0.004534,0.039169,0.956293
data_rand_fold4/Testing/pituitary/Tr-pi_0810.jpg,113274,pituitary,pituitary,1,0.999059,4,42,0.000336,0.000556,0.000049,0.999059
data_rand_fold4/Testing/pituitary/Tr-pi_0815.jpg,114040,pituitary,pituitary,1,0.998694,4,42,0.000016,0.001162,0.000128,0.998694
data_rand_fold4/Testing/pituitary/Tr-pi_0822.jpg,105936,pituitary,pituitary,1,0.999844,4,42,0.000006,0.000148,0.000002,0.999844
data_rand_fold4/Testing/pituitary/Tr-pi_0826.jpg,106062,pituitary,pituitary,1,0.999965,4,42,0.000000,0.000032,0.000003,0.999965
data_rand_fold4/Testing/pituitary/Tr-pi_0827.jpg,106062,pituitary,pituitary,1,0.999973,4,42,0.000000,0.000020,0.000007,0.999973
data_rand_fold4/Testing/pituitary/Tr-pi_0831.jpg,107495,pituitary,pituitary,1,0.999991,4,42,0.000000,0.000004,0.000004,0.999991
data_rand_fold4/Testing/pituitary/Tr-pi_0834.jpg,107495,pituitary,pituitary,1,0.999960,4,42,0.000011,0.000006,0.000022,0.999960
data_rand_fold4/Testing/pituitary/Tr-pi_0848.jpg,107743,pituitary,pituitary,1,0.999951,4,42,0.000000,0.000001,0.000047,0.999951
data_rand_fold4/Testing/pituitary/Tr-pi_0851.jpg,108858,pituitary,pituitary,1,0.999961,4,42,0.000004,0.000032,0.000003,0.999961
data_rand_fold4/Testing/pituitary/Tr-pi_0852.jpg,108858,pituitary,pituitary,1,0.999967,4,42,0.000001,0.000016,0.000017,0.999967
data_rand_fold4/Testing/pituitary/Tr-pi_0858.jpg,109471,pituitary,pituitary,1,0.999690,4,42,0.000001,0.000026,0.000283,0.999690
data_rand_fold4/Testing/pituitary/Tr-pi_0859.jpg,109471,pituitary,pituitary,1,0.999969,4,42,0.000001,0.000022,0.000007,0.999969
data_rand_fold4/Testing/pituitary/Tr-pi_0869.jpg,110518,pituitary,pituitary,1,0.999820,4,42,0.000001,0.000128,0.000052,0.999820
data_rand_fold4/Testing/pituitary/Tr-pi_0873.jpg,110537,pituitary,pituitary,1,0.999615,4,42,0.000001,0.000042,0.000342,0.999615
data_rand_fold4/Testing/pituitary/Tr-pi_0878.jpg,110993,pituitary,pituitary,1,0.999657,4,42,0.000001,0.000006,0.000336,0.999657
data_rand_fold4/Testing/pituitary/Tr-pi_0887.jpg,111785,pituitary,pituitary,1,0.999873,4,42,0.000018,0.000106,0.000003,0.999873
data_rand_fold4/Testing/pituitary/Tr-pi_0893.jpg,112074,pituitary,pituitary,1,0.999072,4,42,0.000031,0.000886,0.000011,0.999072
data_rand_fold4/Testing/pituitary/Tr-pi_0895.jpg,112074,pituitary,pituitary,1,0.973143,4,42,0.001188,0.025353,0.000315,0.973143
data_rand_fold4/Testing/pituitary/Tr-pi_0910.jpg,105936,pituitary,pituitary,1,0.999999,4,42,0.000000,0.000000,0.000000,0.999999
data_rand_fold4/Testing/pituitary/Tr-pi_0911.jpg,105936,pituitary,pituitary,1,0.999997,4,42,0.000000,0.000002,0.000001,0.999997
data_rand_fold4/Testing/pituitary/Tr-pi_0914.jpg,113274,pituitary,pituitary,1,0.999974,4,42,0.000008,0.000002,0.000016,0.999974
data_rand_fold4/Testing/pituitary/Tr-pi_0915.jpg,106062,pituitary,pituitary,1,0.993287,4,42,0.000049,0.004298,0.002366,0.993287
data_rand_fold4/Testing/pituitary/Tr-pi_0918.jpg,107495,pituitary,pituitary,1,0.998347,4,42,0.000002,0.000563,0.001088,0.998347
data_rand_fold4/Testing/pituitary/Tr-pi_0927.jpg,107429,pituitary,pituitary,1,0.999464,4,42,0.000005,0.000413,0.000118,0.999464
data_rand_fold4/Testing/pituitary/Tr-pi_0929.jpg,113274,pituitary,pituitary,1,0.999795,4,42,0.000006,0.000030,0.000170,0.999795
data_rand_fold4/Testing/pituitary/Tr-pi_0931.jpg,107505,pituitary,pituitary,1,0.999825,4,42,0.000008,0.000166,0.000001,0.999825
data_rand_fold4/Testing/pituitary/Tr-pi_0932.jpg,107505,pituitary,pituitary,1,0.999393,4,42,0.000042,0.000454,0.000111,0.999393
data_rand_fold4/Testing/pituitary/Tr-pi_0936.jpg,107743,pituitary,pituitary,1,0.999332,4,42,0.000001,0.000476,0.000191,0.999332
data_rand_fold4/Testing/pituitary/Tr-pi_0950.jpg,109898,pituitary,pituitary,1,0.996172,4,42,0.000004,0.003768,0.000057,0.996172
data_rand_fold4/Testing/pituitary/Tr-pi_0958.jpg,110993,pituitary,pituitary,1,0.961546,4,42,0.000244,0.025837,0.012372,0.961546
data_rand_fold4/Testing/pituitary/Tr-pi_0960.jpg,113741,pituitary,pituitary,1,0.999983,4,42,0.000001,0.000004,0.000012,0.999983
data_rand_fold4/Testing/pituitary/Tr-pi_0965.jpg,111075,pituitary,pituitary,1,0.999954,4,42,0.000000,0.000045,0.000001,0.999954
data_rand_fold4/Testing/pituitary/Tr-pi_0966.jpg,111075,pituitary,pituitary,1,0.998883,4,42,0.000004,0.000963,0.000150,0.998883
data_rand_fold4/Testing/pituitary/Tr-pi_0972.jpg,111785,pituitary,pituitary,1,0.996129,4,42,0.000067,0.003264,0.000539,0.996129
data_rand_fold4/Testing/pituitary/Tr-pi_0974.jpg,112074,pituitary,pituitary,1,0.946435,4,42,0.000990,0.049439,0.003135,0.946435
data_rand_fold4/Testing/pituitary/Tr-pi_0982.jpg,114094,pituitary,pituitary,1,0.961321,4,42,0.000612,0.006547,0.031521,0.961321
data_rand_fold4/Testing/pituitary/Tr-pi_0988.jpg,101017,pituitary,pituitary,1,0.999279,4,42,0.000000,0.000063,0.000658,0.999279
data_rand_fold4/Testing/pituitary/Tr-pi_0993.jpg,101305,pituitary,pituitary,1,0.998379,4,42,0.000022,0.001552,0.000047,0.998379
data_rand_fold4/Testing/pituitary/Tr-pi_0994.jpg,101724,pituitary,pituitary,1,0.998802,4,42,0.000014,0.001102,0.000082,0.998802
data_rand_fold4/Testing/pituitary/Tr-pi_1001.jpg,103046,pituitary,pituitary,1,0.998498,4,42,0.000003,0.001299,0.000200,0.998498
data_rand_fold4/Testing/pituitary/Tr-pi_1003.jpg,101017,pituitary,pituitary,1,0.997474,4,42,0.000003,0.000100,0.002423,0.997474
data_rand_fold4/Testing/pituitary/Tr-pi_1005.jpg,103257,pituitary,pituitary,1,0.998874,4,42,0.000004,0.001032,0.000089,0.998874
data_rand_fold4/Testing/pituitary/Tr-pi_1011.jpg,103478,pituitary,pituitary,1,0.992459,4,42,0.000075,0.006203,0.001263,0.992459
data_rand_fold4/Testing/pituitary/Tr-pi_1014.jpg,103582,pituitary,pituitary,1,0.987237,4,42,0.000089,0.012640,0.000034,0.987237
data_rand_fold4/Testing/pituitary/Tr-pi_1017.jpg,103582,pituitary,pituitary,1,0.951530,4,42,0.001085,0.011379,0.036006,0.951530
data_rand_fold4/Testing/pituitary/Tr-pi_1024.jpg,101029,pituitary,pituitary,1,0.553415,4,42,0.003882,0.364892,0.077812,0.553415
data_rand_fold4/Testing/pituitary/Tr-pi_1028.jpg,103731,pituitary,pituitary,1,0.999949,4,42,0.000001,0.000043,0.000007,0.999949
data_rand_fold4/Testing/pituitary/Tr-pi_1031.jpg,103731,pituitary,pituitary,1,0.999045,4,42,0.000034,0.000293,0.000629,0.999045
data_rand_fold4/Testing/pituitary/Tr-pi_1048.jpg,112649,pituitary,pituitary,1,0.997903,4,42,0.000082,0.001913,0.000102,0.997903
data_rand_fold4/Testing/pituitary/Tr-pi_1049.jpg,104558,pituitary,pituitary,1,0.950019,4,42,0.000051,0.048332,0.001599,0.950019
data_rand_fold4/Testing/pituitary/Tr-pi_1054.jpg,104684,pituitary,pituitary,1,0.970985,4,42,0.000062,0.001454,0.027500,0.970985
data_rand_fold4/Testing/pituitary/Tr-pi_1060.jpg,104912,pituitary,pituitary,1,0.985109,4,42,0.000005,0.014831,0.000056,0.985109
data_rand_fold4/Testing/pituitary/Tr-pi_1062.jpg,105187,pituitary,pituitary,1,0.995946,4,42,0.000024,0.003438,0.000592,0.995946
data_rand_fold4/Testing/pituitary/Tr-pi_1070.jpg,105638,pituitary,pituitary,1,0.999735,4,42,0.000001,0.000183,0.000082,0.999735
data_rand_fold4/Testing/pituitary/Tr-pi_1074.jpg,97416,pituitary,pituitary,1,0.993578,4,42,0.000096,0.006023,0.000303,0.993578
data_rand_fold4/Testing/pituitary/Tr-pi_1079.jpg,97461,pituitary,meningioma,0,0.622519,4,42,0.012668,0.622519,0.071019,0.293794
data_rand_fold4/Testing/pituitary/Tr-pi_1089.jpg,97481,pituitary,pituitary,1,0.999704,4,42,0.000019,0.000271,0.000007,0.999704
data_rand_fold4/Testing/pituitary/Tr-pi_1095.jpg,98472,pituitary,pituitary,1,0.921158,4,42,0.000005,0.078597,0.000240,0.921158
data_rand_fold4/Testing/pituitary/Tr-pi_1100.jpg,98472,pituitary,pituitary,1,0.996744,4,42,0.000010,0.002569,0.000677,0.996744
data_rand_fold4/Testing/pituitary/Tr-pi_1101.jpg,98652,pituitary,pituitary,1,0.998659,4,42,0.000001,0.000668,0.000673,0.998659
data_rand_fold4/Testing/pituitary/Tr-pi_1109.jpg,98874,pituitary,pituitary,1,0.977778,4,42,0.000040,0.022088,0.000094,0.977778
data_rand_fold4/Testing/pituitary/Tr-pi_1115.jpg,98992,pituitary,pituitary,1,0.684506,4,42,0.060226,0.246485,0.008784,0.684506
data_rand_fold4/Testing/pituitary/Tr-pi_1119.jpg,98995,pituitary,pituitary,1,0.994863,4,42,0.000004,0.004166,0.000966,0.994863
data_rand_fold4/Testing/pituitary/Tr-pi_1121.jpg,99223,pituitary,pituitary,1,0.468150,4,42,0.041948,0.432008,0.057894,0.468150
data_rand_fold4/Testing/pituitary/Tr-pi_1124.jpg,99223,pituitary,pituitary,1,0.946906,4,42,0.000495,0.047457,0.005143,0.946906
data_rand_fold4/Testing/pituitary/Tr-pi_1130.jpg,107495,pituitary,pituitary,1,0.999989,4,42,0.000001,0.000004,0.000006,0.999989
data_rand_fold4/Testing/pituitary/Tr-pi_1135.jpg,101029,pituitary,pituitary,1,0.999982,4,42,0.000000,0.000000,0.000018,0.999982
data_rand_fold4/Testing/pituitary/Tr-pi_1144.jpg,101305,pituitary,pituitary,1,0.999996,4,42,0.000001,0.000002,0.000001,0.999996
data_rand_fold4/Testing/pituitary/Tr-pi_1147.jpg,101305,pituitary,pituitary,1,0.999941,4,42,0.000043,0.000001,0.000015,0.999941
data_rand_fold4/Testing/pituitary/Tr-pi_1156.jpg,102669,pituitary,pituitary,1,0.999933,4,42,0.000016,0.000024,0.000026,0.999933
data_rand_fold4/Testing/pituitary/Tr-pi_1160.jpg,107429,pituitary,pituitary,1,0.999915,4,42,0.000002,0.000064,0.000020,0.999915
data_rand_fold4/Testing/pituitary/Tr-pi_1166.jpg,103478,pituitary,pituitary,1,0.999955,4,42,0.000001,0.000003,0.000041,0.999955
data_rand_fold4/Testing/pituitary/Tr-pi_1167.jpg,107429,pituitary,pituitary,1,0.999997,4,42,0.000000,0.000002,0.000000,0.999997
data_rand_fold4/Testing/pituitary/Tr-pi_1169.jpg,103478,pituitary,pituitary,1,0.999878,4,42,0.000005,0.000019,0.000098,0.999878
data_rand_fold4/Testing/pituitary/Tr-pi_1174.jpg,103582,pituitary,pituitary,1,0.999945,4,42,0.000000,0.000050,0.000004,0.999945
data_rand_fold4/Testing/pituitary/Tr-pi_1181.jpg,103671,pituitary,pituitary,1,0.999969,4,42,0.000001,0.000016,0.000013,0.999969
data_rand_fold4/Testing/pituitary/Tr-pi_1183.jpg,103731,pituitary,pituitary,1,0.999295,4,42,0.000015,0.000657,0.000033,0.999295
data_rand_fold4/Testing/pituitary/Tr-pi_1193.jpg,104019,pituitary,pituitary,1,0.999998,4,42,0.000000,0.000001,0.000001,0.999998
data_rand_fold4/Testing/pituitary/Tr-pi_1198.jpg,112649,pituitary,pituitary,1,0.998997,4,42,0.000015,0.000970,0.000018,0.998997
data_rand_fold4/Testing/pituitary/Tr-pi_1206.jpg,107429,pituitary,pituitary,1,0.999725,4,42,0.000000,0.000182,0.000092,0.999725
data_rand_fold4/Testing/pituitary/Tr-pi_1209.jpg,104684,pituitary,pituitary,1,0.999801,4,42,0.000005,0.000112,0.000083,0.999801
data_rand_fold4/Testing/pituitary/Tr-pi_1211.jpg,104912,pituitary,pituitary,1,0.996502,4,42,0.000004,0.003426,0.000068,0.996502
data_rand_fold4/Testing/pituitary/Tr-pi_1212.jpg,104912,pituitary,pituitary,1,0.999983,4,42,0.000000,0.000013,0.000003,0.999983
data_rand_fold4/Testing/pituitary/Tr-pi_1216.jpg,105187,pituitary,pituitary,1,0.999872,4,42,0.000000,0.000010,0.000118,0.999872
data_rand_fold4/Testing/pituitary/Tr-pi_1217.jpg,105187,pituitary,pituitary,1,0.997178,4,42,0.000009,0.000106,0.002707,0.997178
data_rand_fold4/Testing/pituitary/Tr-pi_1219.jpg,105475,pituitary,pituitary,1,0.999199,4,42,0.000027,0.000373,0.000401,0.999199
data_rand_fold4/Testing/pituitary/Tr-pi_1225.jpg,105638,pituitary,pituitary,1,0.999993,4,42,0.000001,0.000002,0.000004,0.999993
data_rand_fold4/Testing/pituitary/Tr-pi_1227.jpg,97416,pituitary,pituitary,1,0.998112,4,42,0.000006,0.000979,0.000904,0.998112
data_rand_fold4/Testing/pituitary/Tr-pi_1231.jpg,97416,pituitary,pituitary,1,0.998160,4,42,0.000000,0.001804,0.000036,0.998160
data_rand_fold4/Testing/pituitary/Tr-pi_1236.jpg,107505,pituitary,pituitary,1,0.999578,4,42,0.000013,0.000231,0.000177,0.999578
data_rand_fold4/Testing/pituitary/Tr-pi_1238.jpg,97461,pituitary,pituitary,1,0.999946,4,42,0.000001,0.000052,0.000001,0.999946
data_rand_fold4/Testing/pituitary/Tr-pi_1241.jpg,97481,pituitary,pituitary,1,0.999801,4,42,0.000008,0.000065,0.000125,0.999801
data_rand_fold4/Testing/pituitary/Tr-pi_1253.jpg,98472,pituitary,pituitary,1,0.999469,4,42,0.000002,0.000165,0.000364,0.999469
data_rand_fold4/Testing/pituitary/Tr-pi_1257.jpg,107743,pituitary,pituitary,1,0.999971,4,42,0.000000,0.000028,0.000001,0.999971
data_rand_fold4/Testing/pituitary/Tr-pi_1265.jpg,98874,pituitary,pituitary,1,0.999752,4,42,0.000004,0.000242,0.000002,0.999752
data_rand_fold4/Testing/pituitary/Tr-pi_1268.jpg,98992,pituitary,pituitary,1,0.999714,4,42,0.000001,0.000268,0.000017,0.999714
data_rand_fold4/Testing/pituitary/Tr-pi_1271.jpg,98992,pituitary,pituitary,1,0.998318,4,42,0.000009,0.001476,0.000197,0.998318
data_rand_fold4/Testing/pituitary/Tr-pi_1272.jpg,98995,pituitary,pituitary,1,0.999996,4,42,0.000000,0.000003,0.000000,0.999996
data_rand_fold4/Testing/pituitary/Tr-pi_1274.jpg,112746,pituitary,pituitary,1,0.988589,4,42,0.000067,0.011336,0.000007,0.988589
data_rand_fold4/Testing/pituitary/Tr-pi_1277.jpg,98995,pituitary,pituitary,1,0.999978,4,42,0.000000,0.000022,0.000000,0.999978
data_rand_fold4/Testing/pituitary/Tr-pi_1281.jpg,99223,pituitary,pituitary,1,0.982721,4,42,0.000053,0.016373,0.000853,0.982721
data_rand_fold4/Testing/pituitary/Tr-pi_1283.jpg,101017,pituitary,pituitary,1,0.999990,4,42,0.000000,0.000007,0.000003,0.999990
data_rand_fold4/Testing/pituitary/Tr-pi_1288.jpg,107743,pituitary,pituitary,1,0.998830,4,42,0.000009,0.001051,0.000111,0.998830
data_rand_fold4/Testing/pituitary/Tr-pi_1294.jpg,101145,pituitary,pituitary,1,0.999161,4,42,0.000002,0.000816,0.000021,0.999161
data_rand_fold4/Testing/pituitary/Tr-pi_1296.jpg,107743,pituitary,pituitary,1,0.999064,4,42,0.000012,0.000805,0.000119,0.999064
data_rand_fold4/Testing/pituitary/Tr-pi_1305.jpg,102648,pituitary,pituitary,1,0.999811,4,42,0.000123,0.000037,0.000028,0.999811
data_rand_fold4/Testing/pituitary/Tr-pi_1308.jpg,102648,pituitary,pituitary,1,0.990166,4,42,0.000398,0.008165,0.001272,0.990166
data_rand_fold4/Testing/pituitary/Tr-pi_1309.jpg,102648,pituitary,pituitary,1,0.994615,4,42,0.000270,0.002088,0.003027,0.994615
data_rand_fold4/Testing/pituitary/Tr-pi_1310.jpg,102669,pituitary,pituitary,1,0.999973,4,42,0.000000,0.000024,0.000003,0.999973
data_rand_fold4/Testing/pituitary/Tr-pi_1314.jpg,103257,pituitary,pituitary,1,0.998711,4,42,0.000003,0.000634,0.000652,0.998711
data_rand_fold4/Testing/pituitary/Tr-pi_1323.jpg,103478,pituitary,pituitary,1,0.999977,4,42,0.000000,0.000010,0.000013,0.999977
data_rand_fold4/Testing/pituitary/Tr-pi_1337.jpg,103671,pituitary,pituitary,1,0.999994,4,42,0.000000,0.000002,0.000004,0.999994
data_rand_fold4/Testing/pituitary/Tr-pi_1342.jpg,103731,pituitary,pituitary,1,0.996923,4,42,0.000009,0.000305,0.002763,0.996923
data_rand_fold4/Testing/pituitary/Tr-pi_1343.jpg,103731,pituitary,pituitary,1,0.993771,4,42,0.000038,0.001308,0.004883,0.993771
data_rand_fold4/Testing/pituitary/Tr-pi_1345.jpg,103837,pituitary,pituitary,1,0.976149,4,42,0.000006,0.000606,0.023239,0.976149
data_rand_fold4/Testing/pituitary/Tr-pi_1356.jpg,108931,pituitary,pituitary,1,0.999999,4,42,0.000000,0.000000,0.000001,0.999999
data_rand_fold4/Testing/pituitary/Tr-pi_1357.jpg,104558,pituitary,pituitary,1,0.999889,4,42,0.000001,0.000075,0.000034,0.999889
data_rand_fold4/Testing/pituitary/Tr-pi_1359.jpg,104558,pituitary,pituitary,1,0.999742,4,42,0.000000,0.000209,0.000049,0.999742
data_rand_fold4/Testing/pituitary/Tr-pi_1365.jpg,104684,pituitary,pituitary,1,0.999995,4,42,0.000000,0.000001,0.000004,0.999995
data_rand_fold4/Testing/pituitary/Tr-pi_1369.jpg,104912,pituitary,pituitary,1,0.999964,4,42,0.000006,0.000015,0.000015,0.999964
data_rand_fold4/Testing/pituitary/Tr-pi_1372.jpg,104912,pituitary,pituitary,1,0.999984,4,42,0.000002,0.000014,0.000000,0.999984
data_rand_fold4/Testing/pituitary/Tr-pi_1376.jpg,105187,pituitary,pituitary,1,0.999993,4,42,0.000001,0.000002,0.000005,0.999993
data_rand_fold4/Testing/pituitary/Tr-pi_1378.jpg,105475,pituitary,pituitary,1,0.999724,4,42,0.000004,0.000022,0.000249,0.999724
data_rand_fold4/Testing/pituitary/Tr-pi_1379.jpg,105475,pituitary,pituitary,1,0.999931,4,42,0.000002,0.000025,0.000041,0.999931
data_rand_fold4/Testing/pituitary/Tr-pi_1381.jpg,105475,pituitary,pituitary,1,0.999835,4,42,0.000001,0.000066,0.000099,0.999835
data_rand_fold4/Testing/pituitary/Tr-pi_1384.jpg,105638,pituitary,pituitary,1,0.999978,4,42,0.000001,0.000004,0.000016,0.999978
data_rand_fold4/Testing/pituitary/Tr-pi_1392.jpg,97416,pituitary,pituitary,1,0.999985,4,42,0.000000,0.000010,0.000004,0.999985
data_rand_fold4/Testing/pituitary/Tr-pi_1394.jpg,108931,pituitary,pituitary,1,0.998742,4,42,0.000002,0.000081,0.001175,0.998742
data_rand_fold4/Testing/pituitary/Tr-pi_1397.jpg,97461,pituitary,pituitary,1,0.999930,4,42,0.000004,0.000046,0.000021,0.999930
data_rand_fold4/Testing/pituitary/Tr-pi_1398.jpg,97461,pituitary,pituitary,1,0.999992,4,42,0.000000,0.000007,0.000001,0.999992
data_rand_fold4/Testing/pituitary/Tr-pi_1409.jpg,97890,pituitary,pituitary,1,0.997598,4,42,0.000000,0.000093,0.002309,0.997598
data_rand_fold4/Testing/pituitary/Tr-pi_1410.jpg,97890,pituitary,pituitary,1,0.999345,4,42,0.000001,0.000292,0.000361,0.999345
data_rand_fold4/Testing/pituitary/Tr-pi_1412.jpg,98472,pituitary,pituitary,1,0.999172,4,42,0.000001,0.000050,0.000777,0.999172
data_rand_fold4/Testing/pituitary/Tr-pi_1419.jpg,98652,pituitary,pituitary,1,0.999725,4,42,0.000007,0.000042,0.000227,0.999725
data_rand_fold4/Testing/pituitary/Tr-pi_1426.jpg,98871,pituitary,pituitary,1,0.999984,4,42,0.000000,0.000012,0.000004,0.999984
data_rand_fold4/Testing/pituitary/Tr-pi_1446.jpg,99223,pituitary,pituitary,1,0.999966,4,42,0.000000,0.000032,0.000002,0.999966
data_rand_fold4/Testing/pituitary/Tr-pi_1451.jpg,109769,pituitary,pituitary,1,0.999982,4,42,0.000000,0.000001,0.000017,0.999982
