path,group,true,pred,correct,confidence,fold,seed,p_glioma,p_meningioma,p_notumor,p_pituitary
data_cv_fold4/Testing/glioma/Te-gl_0020.jpg,MR039473B,glioma,glioma,1,0.999986,4,0,0.999986,0.000001,0.000002,0.000011
data_cv_fold4/Testing/glioma/Te-gl_0021.jpg,MR039473B,glioma,glioma,1,0.999974,4,0,0.999974,0.000013,0.000004,0.000009
data_cv_fold4/Testing/glioma/Te-gl_0035.jpg,MR029209I,glioma,glioma,1,0.999983,4,0,0.999983,0.000003,0.000013,0.000001
data_cv_fold4/Testing/glioma/Te-gl_0036.jpg,MR048294,glioma,glioma,1,0.997330,4,0,0.997330,0.000298,0.002253,0.000120
data_cv_fold4/Testing/glioma/Te-gl_0039.jpg,MR048621B,glioma,glioma,1,0.999612,4,0,0.999612,0.000063,0.000053,0.000272
data_cv_fold4/Testing/glioma/Te-gl_0049.jpg,MR040240,glioma,glioma,1,0.999965,4,0,0.999965,0.000006,0.000025,0.000004
data_cv_fold4/Testing/glioma/Te-gl_0058.jpg,MR048944B,glioma,glioma,1,0.999873,4,0,0.999873,0.000010,0.000070,0.000047
data_cv_fold4/Testing/glioma/Te-gl_0059.jpg,MR048944B,glioma,glioma,1,0.999858,4,0,0.999858,0.000026,0.000071,0.000045
data_cv_fold4/Testing/glioma/Te-gl_0060.jpg,MR049358,glioma,glioma,1,0.999881,4,0,0.999881,0.000055,0.000030,0.000034
data_cv_fold4/Testing/glioma/Te-gl_0061.jpg,MR049358,glioma,glioma,1,0.999957,4,0,0.999957,0.000005,0.000006,0.000032
data_cv_fold4/Testing/glioma/Te-gl_0069.jpg,MR049019C,glioma,glioma,1,0.994019,4,0,0.994019,0.000282,0.002128,0.003572
data_cv_fold4/Testing/glioma/Te-gl_0072.jpg,MR033389B,glioma,glioma,1,0.999987,4,0,0.999987,0.000006,0.000006,0.000000
data_cv_fold4/Testing/glioma/Te-gl_0074.jpg,MR049358,glioma,glioma,1,0.999984,4,0,0.999984,0.000006,0.000008,0.000002
data_cv_fold4/Testing/glioma/Te-gl_0075.jpg,MR049358,glioma,glioma,1,0.999965,4,0,0.999965,0.000007,0.000026,0.000001
data_cv_fold4/Testing/glioma/Te-gl_0081.jpg,MR048621B,glioma,glioma,1,0.996050,4,0,0.996050,0.003364,0.000425,0.000161
data_cv_fold4/Testing/glioma/Te-gl_0087.jpg,MR051461B,glioma,glioma,1,0.999907,4,0,0.999907,0.000080,0.000011,0.000002
data_cv_fold4/Testing/glioma/Te-gl_0088.jpg,MR051461B,glioma,glioma,1,0.999931,4,0,0.999931,0.000053,0.000013,0.000002
data_cv_fold4/Testing/glioma/Te-gl_0094.jpg,100820,glioma,meningioma,0,0.522142,4,0,0.449985,0.522142,0.023730,0.004144
data_cv_fold4/Testing/glioma/Te-gl_0109.jpg,MR039473B,glioma,glioma,1,0.993318,4,0,0.993318,0.001872,0.002535,0.002275
data_cv_fold4/Testing/glioma/Te-gl_0110.jpg,MR039473B,glioma,glioma,1,0.999974,4,0,0.999974,0.000004,0.000006,0.000016
data_cv_fold4/Testing/glioma/Te-gl_0111.jpg,MR039473B,glioma,glioma,1,0.999988,4,0,0.999988,0.000006,0.000003,0.000004
data_cv_fold4/Testing/glioma/Te-gl_0112.jpg,MR039473B,glioma,glioma,1,0.999995,4,0,0.999995,0.000003,0.000001,0.000001
data_cv_fold4/Testing/glioma/Te-gl_0115.jpg,MR040240,glioma,glioma,1,0.999905,4,0,0.999905,0.000028,0.000022,0.000045
data_cv_fold4/Testing/glioma/Te-gl_0116.jpg,MR040240,glioma,glioma,1,0.999966,4,0,0.999966,0.000002,0.000027,0.000005
data_cv_fold4/Testing/glioma/Te-gl_0117.jpg,MR040240,glioma,glioma,1,0.999974,4,0,0.999974,0.000004,0.000019,0.000003
data_cv_fold4/Testing/glioma/Te-gl_0118.jpg,MR040240,glioma,glioma,1,0.999643,4,0,0.999643,0.000143,0.000201,0.000013
data_cv_fold4/Testing/glioma/Te-gl_0127.jpg,MR048994B,glioma,glioma,1,0.999862,4,0,0.999862,0.000031,0.000077,0.000029
data_cv_fold4/Testing/glioma/Te-gl_0128.jpg,MR048944B,glioma,glioma,1,0.999754,4,0,0.999754,0.000091,0.000098,0.000056
data_cv_fold4/Testing/glioma/Te-gl_0129.jpg,MR049358,glioma,glioma,1,0.999911,4,0,0.999911,0.000006,0.000046,0.000037
data_cv_fold4/Testing/glioma/Te-gl_0130.jpg,MR049358,glioma,glioma,1,0.999890,4,0,0.999890,0.000015,0.000072,0.000023
data_cv_fold4/Testing/glioma/Te-gl_0135.jpg,MR029209I,glioma,glioma,1,0.999990,4,0,0.999990,0.000002,0.000007,0.000001
data_cv_fold4/Testing/glioma/Te-gl_0136.jpg,MR029209I,glioma,glioma,1,0.999975,4,0,0.999975,0.000004,0.000019,0.000001
data_cv_fold4/Testing/glioma/Te-gl_0137.jpg,MR048294,glioma,glioma,1,0.999258,4,0,0.999258,0.000253,0.000246,0.000243
data_cv_fold4/Testing/glioma/Te-gl_0138.jpg,MR048294,glioma,glioma,1,0.996362,4,0,0.996362,0.000423,0.002380,0.000835
data_cv_fold4/Testing/glioma/Te-gl_0140.jpg,MR048621B,glioma,glioma,1,0.999894,4,0,0.999894,0.000022,0.000039,0.000044
data_cv_fold4/Testing/glioma/Te-gl_0141.jpg,MR048621B,glioma,glioma,1,0.999881,4,0,0.999881,0.000013,0.000019,0.000087
data_cv_fold4/Testing/glioma/Te-gl_0143.jpg,MR040240,glioma,glioma,1,0.998731,4,0,0.998731,0.000463,0.000667,0.000139
data_cv_fold4/Testing/glioma/Te-gl_0144.jpg,MR040240,glioma,glioma,1,0.999902,4,0,0.999902,0.000047,0.000024,0.000027
data_cv_fold4/Testing/glioma/Te-gl_0147.jpg,MR033389B,glioma,glioma,1,0.999901,4,0,0.999901,0.000050,0.000020,0.000028
data_cv_fold4/Testing/glioma/Te-gl_0148.jpg,MR029209I,glioma,glioma,1,0.998743,4,0,0.998743,0.000184,0.000887,0.000186
data_cv_fold4/Testing/glioma/Te-gl_0149.jpg,MR029209I,glioma,glioma,1,0.999888,4,0,0.999888,0.000018,0.000037,0.000057
data_cv_fold4/Testing/glioma/Te-gl_0150.jpg,MR048294,glioma,glioma,1,0.984381,4,0,0.984381,0.012082,0.001098,0.002439
data_cv_fold4/Testing/glioma/Te-gl_0152.jpg,MR051461B,glioma,glioma,1,0.973693,4,0,0.973693,0.024257,0.000727,0.001323
data_cv_fold4/Testing/glioma/Te-gl_0171.jpg,MR039473B,glioma,glioma,1,0.999862,4,0,0.999862,0.000031,0.000008,0.000099
data_cv_fold4/Testing/glioma/Te-gl_0180.jpg,MR048994B,glioma,glioma,1,0.999676,4,0,0.999676,0.000200,0.000053,0.000071
data_cv_fold4/Testing/glioma/Te-gl_0182.jpg,MR048994B,glioma,glioma,1,0.999957,4,0,0.999957,0.000029,0.000004,0.000009
data_cv_fold4/Testing/glioma/Te-gl_0183.jpg,MR049358,glioma,glioma,1,0.999893,4,0,0.999893,0.000030,0.000022,0.000055
data_cv_fold4/Testing/glioma/Te-gl_0184.jpg,MR049358,glioma,glioma,1,0.989150,4,0,0.989150,0.003773,0.002543,0.004534
data_cv_fold4/Testing/glioma/Te-gl_0193.jpg,MR049019C,glioma,glioma,1,0.999271,4,0,0.999271,0.000266,0.000138,0.000325
data_cv_fold4/Testing/glioma/Te-gl_0225.jpg,MR033389B,glioma,glioma,1,0.999844,4,0,0.999844,0.000065,0.000043,0.000049
data_cv_fold4/Testing/glioma/Te-gl_0226.jpg,MR033389B,glioma,glioma,1,0.999443,4,0,0.999443,0.000014,0.000088,0.000455
data_cv_fold4/Testing/glioma/Te-gl_0228.jpg,MR029209I,glioma,glioma,1,0.999836,4,0,0.999836,0.000028,0.000019,0.000117
data_cv_fold4/Testing/glioma/Te-gl_0232.jpg,100820,glioma,meningioma,0,0.997639,4,0,0.002150,0.997639,0.000152,0.000059
data_cv_fold4/Testing/glioma/Te-gl_0233.jpg,100820,glioma,glioma,1,0.620120,4,0,0.620120,0.357148,0.020122,0.002610
data_cv_fold4/Testing/glioma/Te-gl_0234.jpg,100820,glioma,meningioma,0,0.707895,4,0,0.112586,0.707895,0.171478,0.008041
data_cv_fold4/Testing/glioma/Te-gl_0252.jpg,93825,glioma,meningioma,0,0.660423,4,0,0.238375,0.660423,0.087723,0.013479
data_cv_fold4/Testing/glioma/Te-gl_0258.jpg,100820,glioma,meningioma,0,0.981995,4,0,0.016221,0.981995,0.001759,0.000026
data_cv_fold4/Testing/glioma/Te-gl_0259.jpg,100820,glioma,meningioma,0,0.887904,4,0,0.064079,0.887904,0.046703,0.001314
data_cv_fold4/Testing/glioma/Te-gl_0268.jpg,108479,glioma,glioma,1,0.779413,4,0,0.779413,0.079985,0.000814,0.139789
data_cv_fold4/Testing/glioma/Te-gl_0275.jpg,93329,glioma,glioma,1,0.990366,4,0,0.990366,0.008748,0.000165,0.000721
data_cv_fold4/Testing/glioma/Te-gl_0276.jpg,93329,glioma,glioma,1,0.975899,4,0,0.975899,0.022303,0.000094,0.001704
data_cv_fold4/Testing/glioma/Te-gl_0277.jpg,93329,glioma,glioma,1,0.986642,4,0,0.986642,0.010333,0.000395,0.002630
data_cv_fold4/Testing/glioma/Te-gl_0278.jpg,93825,glioma,glioma,1,0.987576,4,0,0.987576,0.010746,0.000786,0.000892
data_cv_fold4/Testing/glioma/Te-gl_0279.jpg,94731,glioma,pituitary,0,0.503360,4,0,0.119272,0.376780,0.000587,0.503360
data_cv_fold4/Testing/glioma/Te-gl_0285.jpg,98889,glioma,glioma,1,0.995002,4,0,0.995002,0.003929,0.000195,0.000873
data_cv_fold4/Testing/glioma/Te-gl_0286.jpg,MR048294,glioma,glioma,1,0.999942,4,0,0.999942,0.000010,0.000047,0.000002
data_cv_fold4/Testing/glioma/Te-gl_0287.jpg,MR048294,glioma,glioma,1,0.999639,4,0,0.999639,0.000080,0.000273,0.000008
data_cv_fold4/Testing/glioma/Te-gl_0289.jpg,MR048621B,glioma,glioma,1,0.999785,4,0,0.999785,0.000071,0.000007,0.000136
data_cv_fold4/Testing/glioma/Te-gl_0296.jpg,MR048994B,glioma,glioma,1,0.999982,4,0,0.999982,0.000006,0.000011,0.000001
data_cv_fold4/Testing/glioma/Te-gl_0298.jpg,MR048944B,glioma,glioma,1,0.999958,4,0,0.999958,0.000006,0.000033,0.000003
data_cv_fold4/Testing/glioma/Te-gl_0299.jpg,MR049358,glioma,glioma,1,0.997586,4,0,0.997586,0.000219,0.002054,0.000141
data_cv_fold4/Testing/glioma/Tr-gl_0019.jpg,MR039473B,glioma,glioma,1,0.999961,4,0,0.999961,0.000020,0.000011,0.000009
data_cv_fold4/Testing/glioma/Tr-gl_0023.jpg,MR029209I,glioma,glioma,1,0.999787,4,0,0.999787,0.000020,0.000072,0.000120
data_cv_fold4/Testing/glioma/Tr-gl_0026.jpg,MR040240,glioma,glioma,1,0.999749,4,0,0.999749,0.000128,0.000072,0.000051
data_cv_fold4/Testing/glioma/Tr-gl_0029.jpg,MR029209G,glioma,glioma,1,0.999994,4,0,0.999994,0.000003,0.000001,0.000002
data_cv_fold4/Testing/glioma/Tr-gl_0032.jpg,MR033389B,glioma,glioma,1,0.999140,4,0,0.999140,0.000317,0.000468,0.000075
data_cv_fold4/Testing/glioma/Tr-gl_0037.jpg,MR029209I,glioma,glioma,1,0.999777,4,0,0.999777,0.000019,0.000132,0.000071
data_cv_fold4/Testing/glioma/Tr-gl_0043.jpg,100820,glioma,meningioma,0,0.978117,4,0,0.018521,0.978117,0.002158,0.001203
data_cv_fold4/Testing/glioma/Tr-gl_0045.jpg,94731,glioma,meningioma,0,0.662099,4,0,0.266982,0.662099,0.000217,0.070702
data_cv_fold4/Testing/glioma/Tr-gl_0049.jpg,98889,glioma,glioma,1,0.999683,4,0,0.999683,0.000093,0.000110,0.000114
data_cv_fold4/Testing/glioma/Tr-gl_0050.jpg,98889,glioma,glioma,1,0.946759,4,0,0.946759,0.052098,0.000105,0.001038
data_cv_fold4/Testing/glioma/Tr-gl_0051.jpg,MR048294,glioma,glioma,1,0.999880,4,0,0.999880,0.000027,0.000091,0.000002
data_cv_fold4/Testing/glioma/Tr-gl_0058.jpg,MR048944B,glioma,glioma,1,0.999976,4,0,0.999976,0.000001,0.000021,0.000001
data_cv_fold4/Testing/glioma/Tr-gl_0059.jpg,MR049358,glioma,glioma,1,0.995999,4,0,0.995999,0.000588,0.003255,0.000158
data_cv_fold4/Testing/glioma/Tr-gl_0060.jpg,MR049358,glioma,glioma,1,0.999949,4,0,0.999949,0.000020,0.000020,0.000011
data_cv_fold4/Testing/glioma/Tr-gl_0061.jpg,MR049358,glioma,glioma,1,0.999968,4,0,0.999968,0.000008,0.000022,0.000002
data_cv_fold4/Testing/glioma/Tr-gl_0067.jpg,MR051461B,glioma,glioma,1,0.999972,4,0,0.999972,0.000015,0.000011,0.000002
data_cv_fold4/Testing/glioma/Tr-gl_0083.jpg,MR040240,glioma,glioma,1,0.999971,4,0,0.999971,0.000008,0.000014,0.000008
data_cv_fold4/Testing/glioma/Tr-gl_0087.jpg,93825,glioma,glioma,1,0.976233,4,0,0.976233,0.022653,0.000121,0.000994
data_cv_fold4/Testing/glioma/Tr-gl_0092.jpg,MR048294,glioma,glioma,1,0.998622,4,0,0.998622,0.000178,0.001005,0.000195
data_cv_fold4/Testing/glioma/Tr-gl_0102.jpg,MR040240,glioma,glioma,1,0.999961,4,0,0.999961,0.000005,0.000032,0.000003
data_cv_fold4/Testing/glioma/Tr-gl_0108.jpg,MR048994B,glioma,glioma,1,0.999902,4,0,0.999902,0.000021,0.000037,0.000039
data_cv_fold4/Testing/glioma/Tr-gl_0109.jpg,MR048944B,glioma,glioma,1,0.999326,4,0,0.999326,0.000141,0.000236,0.000296
data_cv_fold4/Testing/glioma/Tr-gl_0110.jpg,MR049358,glioma,glioma,1,0.999934,4,0,0.999934,0.000030,0.000025,0.000011
data_cv_fold4/Testing/glioma/Tr-gl_0111.jpg,MR049358,glioma,glioma,1,0.999900,4,0,0.999900,0.000020,0.000021,0.000060
data_cv_fold4/Testing/glioma/Tr-gl_0117.jpg,MR049019C,glioma,glioma,1,0.996265,4,0,0.996265,0.000355,0.001808,0.001572
data_cv_fold4/Testing/glioma/Tr-gl_0119.jpg,MR033389B,glioma,glioma,1,0.999936,4,0,0.999936,0.000024,0.000037,0.000003
data_cv_fold4/Testing/glioma/Tr-gl_0121.jpg,MR049358,glioma,glioma,1,0.995703,4,0,0.995703,0.000918,0.001809,0.001570
data_cv_fold4/Testing/glioma/Tr-gl_0122.jpg,MR049358,glioma,glioma,1,0.999287,4,0,0.999287,0.000259,0.000312,0.000142
data_cv_fold4/Testing/glioma/Tr-gl_0123.jpg,MR049358,glioma,glioma,1,0.999985,4,0,0.999985,0.000008,0.000006,0.000001
data_cv_fold4/Testing/glioma/Tr-gl_0124.jpg,MR049358,glioma,glioma,1,0.999981,4,0,0.999981,0.000007,0.000007,0.000005
data_cv_fold4/Testing/glioma/Tr-gl_0125.jpg,MR049358,glioma,glioma,1,0.999935,4,0,0.999935,0.000027,0.000021,0.000017
data_cv_fold4/Testing/glioma/Tr-gl_0126.jpg,MR049358,glioma,glioma,1,0.999983,4,0,0.999983,0.000002,0.000012,0.000002
data_cv_fold4/Testing/glioma/Tr-gl_0127.jpg,MR049358,glioma,glioma,1,0.999939,4,0,0.999939,0.000023,0.000034,0.000004
data_cv_fold4/Testing/glioma/Tr-gl_0162.jpg,MR048621B,glioma,meningioma,0,0.832177,4,0,0.134926,0.832177,0.007583,0.025314
data_cv_fold4/Testing/glioma/Tr-gl_0194.jpg,MR049019C,glioma,glioma,1,0.998996,4,0,0.998996,0.000493,0.000430,0.000081
data_cv_fold4/Testing/glioma/Tr-gl_0195.jpg,MR049019C,glioma,glioma,1,0.995610,4,0,0.995610,0.003215,0.001033,0.000142
data_cv_fold4/Testing/glioma/Tr-gl_0196.jpg,MR049019C,glioma,glioma,1,0.998797,4,0,0.998797,0.000795,0.000358,0.000049
data_cv_fold4/Testing/glioma/Tr-gl_0220.jpg,MR051461B,glioma,glioma,1,0.999967,4,0,0.999967,0.000019,0.000012,0.000002
data_cv_fold4/Testing/glioma/Tr-gl_0221.jpg,MR051461B,glioma,glioma,1,0.999972,4,0,0.999972,0.000019,0.000006,0.000003
data_cv_fold4/Testing/glioma/Tr-gl_0222.jpg,MR051461B,glioma,glioma,1,0.999991,4,0,0.999991,0.000003,0.000005,0.000001
data_cv_fold4/Testing/glioma/Tr-gl_0300.jpg,100820,glioma,meningioma,0,0.973915,4,0,0.005885,0.973915,0.018854,0.001345
data_cv_fold4/Testing/glioma/Tr-gl_0367.jpg,MR039473B,glioma,glioma,1,0.999986,4,0,0.999986,0.000002,0.000002,0.000010
data_cv_fold4/Testing/glioma/Tr-gl_0368.jpg,MR039473B,glioma,glioma,1,0.999991,4,0,0.999991,0.000001,0.000002,0.000006
data_cv_fold4/Testing/glioma/Tr-gl_0369.jpg,MR039473B,glioma,glioma,1,0.999969,4,0,0.999969,0.000012,0.000009,0.000011
data_cv_fold4/Testing/glioma/Tr-gl_0378.jpg,MR040240,glioma,glioma,1,0.999951,4,0,0.999951,0.000015,0.000009,0.000025
data_cv_fold4/Testing/glioma/Tr-gl_0379.jpg,MR040240,glioma,glioma,1,0.999972,4,0,0.999972,0.000004,0.000022,0.000002
data_cv_fold4/Testing/glioma/Tr-gl_0380.jpg,MR040240,glioma,glioma,1,0.999853,4,0,0.999853,0.000051,0.000078,0.000018
data_cv_fold4/Testing/glioma/Tr-gl_0381.jpg,MR040240,glioma,glioma,1,0.999928,4,0,0.999928,0.000015,0.000052,0.000004
data_cv_fold4/Testing/glioma/Tr-gl_0382.jpg,MR040240,glioma,glioma,1,0.999790,4,0,0.999790,0.000053,0.000137,0.000020
data_cv_fold4/Testing/glioma/Tr-gl_0383.jpg,MR040240,glioma,glioma,1,0.999659,4,0,0.999659,0.000172,0.000142,0.000027
data_cv_fold4/Testing/glioma/Tr-gl_0392.jpg,MR029209G,glioma,glioma,1,0.999761,4,0,0.999761,0.000056,0.000163,0.000020
data_cv_fold4/Testing/glioma/Tr-gl_0393.jpg,MR029209G,glioma,glioma,1,0.999904,4,0,0.999904,0.000015,0.000079,0.000003
data_cv_fold4/Testing/glioma/Tr-gl_0394.jpg,MR029209G,glioma,glioma,1,0.999798,4,0,0.999798,0.000063,0.000128,0.000010
data_cv_fold4/Testing/glioma/Tr-gl_0395.jpg,MR029209G,glioma,glioma,1,0.999933,4,0,0.999933,0.000012,0.000053,0.000003
data_cv_fold4/Testing/glioma/Tr-gl_0396.jpg,MR029209G,glioma,glioma,1,0.999974,4,0,0.999974,0.000012,0.000012,0.000003
data_cv_fold4/Testing/glioma/Tr-gl_0397.jpg,MR029209G,glioma,glioma,1,0.999947,4,0,0.999947,0.000021,0.000030,0.000002
data_cv_fold4/Testing/glioma/Tr-gl_0398.jpg,MR029209G,glioma,glioma,1,0.999941,4,0,0.999941,0.000015,0.000040,0.000004
data_cv_fold4/Testing/glioma/Tr-gl_0399.jpg,MR029209G,glioma,glioma,1,0.999873,4,0,0.999873,0.000040,0.000079,0.000008
data_cv_fold4/Testing/glioma/Tr-gl_0416.jpg,MR033389B,glioma,glioma,1,0.999986,4,0,0.999986,0.000002,0.000009,0.000002
data_cv_fold4/Testing/glioma/Tr-gl_0420.jpg,MR048994B,glioma,glioma,1,0.999802,4,0,0.999802,0.000097,0.000062,0.000040
data_cv_fold4/Testing/glioma/Tr-gl_0421.jpg,MR048994B,glioma,glioma,1,0.999752,4,0,0.999752,0.000068,0.000097,0.000083
data_cv_fold4/Testing/glioma/Tr-gl_0422.jpg,MR048994B,glioma,glioma,1,0.999945,4,0,0.999945,0.000010,0.000020,0.000026
data_cv_fold4/Testing/glioma/Tr-gl_0423.jpg,MR048944B,glioma,glioma,1,0.999950,4,0,0.999950,0.000003,0.000021,0.000026
data_cv_fold4/Testing/glioma/Tr-gl_0424.jpg,MR048944B,glioma,glioma,1,0.999858,4,0,0.999858,0.000032,0.000071,0.000039
data_cv_fold4/Testing/glioma/Tr-gl_0425.jpg,MR048944B,glioma,glioma,1,0.999632,4,0,0.999632,0.000093,0.000094,0.000181
data_cv_fold4/Testing/glioma/Tr-gl_0426.jpg,MR048944B,glioma,glioma,1,0.999702,4,0,0.999702,0.000060,0.000179,0.000060
data_cv_fold4/Testing/glioma/Tr-gl_0427.jpg,MR048944B,glioma,glioma,1,0.999937,4,0,0.999937,0.000017,0.000022,0.000024
data_cv_fold4/Testing/glioma/Tr-gl_0428.jpg,MR048944B,glioma,glioma,1,0.999936,4,0,0.999936,0.000023,0.000018,0.000023
data_cv_fold4/Testing/glioma/Tr-gl_0429.jpg,MR049358,glioma,glioma,1,0.999900,4,0,0.999900,0.000061,0.000023,0.000016
data_cv_fold4/Testing/glioma/Tr-gl_0430.jpg,MR049358,glioma,glioma,1,0.999880,4,0,0.999880,0.000078,0.000020,0.000022
data_cv_fold4/Testing/glioma/Tr-gl_0431.jpg,MR049358,glioma,glioma,1,0.999939,4,0,0.999939,0.000026,0.000023,0.000013
data_cv_fold4/Testing/glioma/Tr-gl_0432.jpg,MR049358,glioma,glioma,1,0.999771,4,0,0.999771,0.000127,0.000061,0.000042
data_cv_fold4/Testing/glioma/Tr-gl_0433.jpg,MR049358,glioma,glioma,1,0.999879,4,0,0.999879,0.000044,0.000018,0.000059
data_cv_fold4/Testing/glioma/Tr-gl_0434.jpg,MR049358,glioma,glioma,1,0.999856,4,0,0.999856,0.000065,0.000042,0.000037
data_cv_fold4/Testing/glioma/Tr-gl_0435.jpg,MR049358,glioma,glioma,1,0.999580,4,0,0.999580,0.000171,0.000188,0.000061
data_cv_fold4/Testing/glioma/Tr-gl_0483.jpg,MR049019C,glioma,glioma,1,0.994266,4,0,0.994266,0.000731,0.002373,0.002629
data_cv_fold4/Testing/glioma/Tr-gl_0484.jpg,MR049019C,glioma,glioma,1,0.998556,4,0,0.998556,0.000142,0.000480,0.000822
data_cv_fold4/Testing/glioma/Tr-gl_0485.jpg,MR049019C,glioma,glioma,1,0.988952,4,0,0.988952,0.000451,0.000638,0.009958
data_cv_fold4/Testing/glioma/Tr-gl_0486.jpg,MR049019C,glioma,glioma,1,0.993888,4,0,0.993888,0.000160,0.000363,0.005589
data_cv_fold4/Testing/glioma/Tr-gl_0487.jpg,MR049019C,glioma,glioma,1,0.996868,4,0,0.996868,0.000251,0.000406,0.002474
data_cv_fold4/Testing/glioma/Tr-gl_0506.jpg,MR033389B,glioma,glioma,1,0.999958,4,0,0.999958,0.000017,0.000022,0.000003
data_cv_fold4/Testing/glioma/Tr-gl_0507.jpg,MR033389B,glioma,glioma,1,0.999980,4,0,0.999980,0.000012,0.000006,0.000001
data_cv_fold4/Testing/glioma/Tr-gl_0508.jpg,MR033389B,glioma,glioma,1,0.999957,4,0,0.999957,0.000021,0.000021,0.000001
data_cv_fold4/Testing/glioma/Tr-gl_0509.jpg,MR033389B,glioma,glioma,1,0.999996,4,0,0.999996,0.000001,0.000003,0.000000
data_cv_fold4/Testing/glioma/Tr-gl_0510.jpg,MR033389B,glioma,glioma,1,0.999935,4,0,0.999935,0.000031,0.000033,0.000002
data_cv_fold4/Testing/glioma/Tr-gl_0556.jpg,MR029209I,glioma,glioma,1,0.999972,4,0,0.999972,0.000005,0.000020,0.000003
data_cv_fold4/Testing/glioma/Tr-gl_0557.jpg,MR029209I,glioma,glioma,1,0.999981,4,0,0.999981,0.000003,0.000014,0.000001
data_cv_fold4/Testing/glioma/Tr-gl_0558.jpg,MR029209I,glioma,glioma,1,0.999960,4,0,0.999960,0.000012,0.000026,0.000002
data_cv_fold4/Testing/glioma/Tr-gl_0559.jpg,MR029209I,glioma,glioma,1,0.999973,4,0,0.999973,0.000007,0.000020,0.000001
data_cv_fold4/Testing/glioma/Tr-gl_0560.jpg,MR029209I,glioma,glioma,1,0.999995,4,0,0.999995,0.000001,0.000004,0.000000
data_cv_fold4/Testing/glioma/Tr-gl_0561.jpg,MR029209I,glioma,glioma,1,0.999986,4,0,0.999986,0.000002,0.000010,0.000001
data_cv_fold4/Testing/glioma/Tr-gl_0562.jpg,MR029209I,glioma,glioma,1,0.999958,4,0,0.999958,0.000011,0.000029,0.000002
data_cv_fold4/Testing/glioma/Tr-gl_0563.jpg,MR048294,glioma,glioma,1,0.999564,4,0,0.999564,0.000111,0.000143,0.000182
data_cv_fold4/Testing/glioma/Tr-gl_0564.jpg,MR048294,glioma,glioma,1,0.999210,4,0,0.999210,0.000169,0.000206,0.000415
data_cv_fold4/Testing/glioma/Tr-gl_0565.jpg,MR048294,glioma,glioma,1,0.999147,4,0,0.999147,0.000138,0.000465,0.000250
data_cv_fold4/Testing/glioma/Tr-gl_0566.jpg,MR048294,glioma,glioma,1,0.998052,4,0,0.998052,0.000467,0.001287,0.000195
data_cv_fold4/Testing/glioma/Tr-gl_0567.jpg,MR048294,glioma,glioma,1,0.998577,4,0,0.998577,0.000108,0.000574,0.000740
data_cv_fold4/Testing/glioma/Tr-gl_0577.jpg,MR048621B,glioma,glioma,1,0.999757,4,0,0.999757,0.000063,0.000067,0.000114
data_cv_fold4/Testing/glioma/Tr-gl_0578.jpg,MR048621B,glioma,glioma,1,0.999781,4,0,0.999781,0.000036,0.000041,0.000142
data_cv_fold4/Testing/glioma/Tr-gl_0579.jpg,MR048621B,glioma,glioma,1,0.999780,4,0,0.999780,0.000021,0.000024,0.000175
data_cv_fold4/Testing/glioma/Tr-gl_0580.jpg,MR048621B,glioma,glioma,1,0.999816,4,0,0.999816,0.000008,0.000034,0.000142
data_cv_fold4/Testing/glioma/Tr-gl_0597.jpg,MR040240,glioma,glioma,1,0.999193,4,0,0.999193,0.000266,0.000045,0.000495
data_cv_fold4/Testing/glioma/Tr-gl_0598.jpg,MR040240,glioma,glioma,1,0.999170,4,0,0.999170,0.000149,0.000178,0.000502
data_cv_fold4/Testing/glioma/Tr-gl_0599.jpg,MR040240,glioma,glioma,1,0.998749,4,0,0.998749,0.000209,0.000698,0.000344
data_cv_fold4/Testing/glioma/Tr-gl_0600.jpg,MR040240,glioma,glioma,1,0.999342,4,0,0.999342,0.000090,0.000401,0.000168
data_cv_fold4/Testing/glioma/Tr-gl_0601.jpg,MR040240,glioma,glioma,1,0.999705,4,0,0.999705,0.000098,0.000174,0.000023
data_cv_fold4/Testing/glioma/Tr-gl_0602.jpg,MR040240,glioma,glioma,1,0.996367,4,0,0.996367,0.000888,0.002240,0.000506
data_cv_fold4/Testing/glioma/Tr-gl_0603.jpg,MR040240,glioma,glioma,1,0.999327,4,0,0.999327,0.000067,0.000530,0.000076
data_cv_fold4/Testing/glioma/Tr-gl_0604.jpg,MR040240,glioma,glioma,1,0.999660,4,0,0.999660,0.000040,0.000267,0.000033
data_cv_fold4/Testing/glioma/Tr-gl_0614.jpg,MR029209G,glioma,glioma,1,0.999988,4,0,0.999988,0.000005,0.000005,0.000002
data_cv_fold4/Testing/glioma/Tr-gl_0615.jpg,MR029209G,glioma,glioma,1,0.999986,4,0,0.999986,0.000007,0.000003,0.000003
data_cv_fold4/Testing/glioma/Tr-gl_0616.jpg,MR029209G,glioma,glioma,1,0.999945,4,0,0.999945,0.000035,0.000014,0.000005
data_cv_fold4/Testing/glioma/Tr-gl_0617.jpg,MR029209G,glioma,glioma,1,0.999993,4,0,0.999993,0.000004,0.000001,0.000001
data_cv_fold4/Testing/glioma/Tr-gl_0618.jpg,MR029209G,glioma,glioma,1,0.999982,4,0,0.999982,0.000011,0.000006,0.000002
data_cv_fold4/Testing/glioma/Tr-gl_0619.jpg,MR029209G,glioma,glioma,1,0.999917,4,0,0.999917,0.000052,0.000025,0.000006
data_cv_fold4/Testing/glioma/Tr-gl_0620.jpg,MR029209G,glioma,glioma,1,0.999913,4,0,0.999913,0.000029,0.000052,0.000006
data_cv_fold4/Testing/glioma/Tr-gl_0638.jpg,MR033389B,glioma,glioma,1,0.999986,4,0,0.999986,0.000007,0.000004,0.000003
data_cv_fold4/Testing/glioma/Tr-gl_0639.jpg,MR033389B,glioma,glioma,1,0.999427,4,0,0.999427,0.000336,0.000152,0.000084
data_cv_fold4/Testing/glioma/Tr-gl_0640.jpg,MR033389B,glioma,glioma,1,0.999665,4,0,0.999665,0.000133,0.000067,0.000135
data_cv_fold4/Testing/glioma/Tr-gl_0641.jpg,MR033389B,glioma,glioma,1,0.999326,4,0,0.999326,0.000381,0.000103,0.000191
data_cv_fold4/Testing/glioma/Tr-gl_0642.jpg,MR033389B,glioma,glioma,1,0.999921,4,0,0.999921,0.000004,0.000010,0.000066
data_cv_fold4/Testing/glioma/Tr-gl_0643.jpg,MR033389B,glioma,glioma,1,0.999970,4,0,0.999970,0.000001,0.000001,0.000028
data_cv_fold4/Testing/glioma/Tr-gl_0644.jpg,MR033389B,glioma,glioma,1,0.999904,4,0,0.999904,0.000009,0.000018,0.000069
data_cv_fold4/Testing/glioma/Tr-gl_0679.jpg,MR029209I,glioma,glioma,1,0.998602,4,0,0.998602,0.000333,0.000862,0.000203
data_cv_fold4/Testing/glioma/Tr-gl_0680.jpg,MR029209I,glioma,glioma,1,0.998940,4,0,0.998940,0.000146,0.000643,0.000271
data_cv_fold4/Testing/glioma/Tr-gl_0681.jpg,MR029209I,glioma,glioma,1,0.999248,4,0,0.999248,0.000109,0.000374,0.000269
data_cv_fold4/Testing/glioma/Tr-gl_0682.jpg,MR029209I,glioma,glioma,1,0.999488,4,0,0.999488,0.000062,0.000346,0.000104
data_cv_fold4/Testing/glioma/Tr-gl_0683.jpg,MR029209I,glioma,glioma,1,0.999656,4,0,0.999656,0.000047,0.000156,0.000141
data_cv_fold4/Testing/glioma/Tr-gl_0684.jpg,MR029209I,glioma,glioma,1,0.999970,4,0,0.999970,0.000002,0.000014,0.000014
data_cv_fold4/Testing/glioma/Tr-gl_0685.jpg,MR029209I,glioma,glioma,1,0.999735,4,0,0.999735,0.000101,0.000097,0.000067
data_cv_fold4/Testing/glioma/Tr-gl_0686.jpg,MR029209I,glioma,glioma,1,0.999072,4,0,0.999072,0.000651,0.000056,0.000221
data_cv_fold4/Testing/glioma/Tr-gl_0687.jpg,MR048294,glioma,glioma,1,0.998322,4,0,0.998322,0.000291,0.001279,0.000108
data_cv_fold4/Testing/glioma/Tr-gl_0688.jpg,MR048294,glioma,glioma,1,0.999327,4,0,0.999327,0.000487,0.000139,0.000047
data_cv_fold4/Testing/glioma/Tr-gl_0689.jpg,MR048294,glioma,glioma,1,0.999837,4,0,0.999837,0.000069,0.000078,0.000016
data_cv_fold4/Testing/glioma/Tr-gl_0690.jpg,MR048294,glioma,glioma,1,0.998806,4,0,0.998806,0.000767,0.000196,0.000232
data_cv_fold4/Testing/glioma/Tr-gl_0691.jpg,MR048294,glioma,glioma,1,0.998632,4,0,0.998632,0.001074,0.000205,0.000089
data_cv_fold4/Testing/glioma/Tr-gl_0695.jpg,MR051461B,glioma,glioma,1,0.999596,4,0,0.999596,0.000285,0.000012,0.000106
data_cv_fold4/Testing/glioma/Tr-gl_0696.jpg,MR051461B,glioma,glioma,1,0.995496,4,0,0.995496,0.003947,0.000046,0.000511
data_cv_fold4/Testing/glioma/Tr-gl_0697.jpg,MR051461B,glioma,glioma,1,0.983092,4,0,0.983092,0.016025,0.000240,0.000643
data_cv_fold4/Testing/glioma/Tr-gl_0850.jpg,MR039473B,glioma,glioma,1,0.999894,4,0,0.999894,0.000049,0.000029,0.000028
data_cv_fold4/Testing/glioma/Tr-gl_0854.jpg,MR039473B,glioma,glioma,1,0.999934,4,0,0.999934,0.000015,0.000011,0.000039
data_cv_fold4/Testing/glioma/Tr-gl_0855.jpg,MR039473B,glioma,glioma,1,0.999936,4,0,0.999936,0.000026,0.000016,0.000022
data_cv_fold4/Testing/glioma/Tr-gl_0856.jpg,MR039473B,glioma,glioma,1,0.999945,4,0,0.999945,0.000006,0.000009,0.000041
data_cv_fold4/Testing/glioma/Tr-gl_0857.jpg,MR039473B,glioma,glioma,1,0.999959,4,0,0.999959,0.000014,0.000015,0.000012
data_cv_fold4/Testing/glioma/Tr-gl_0858.jpg,MR039473B,glioma,glioma,1,0.999851,4,0,0.999851,0.000036,0.000033,0.000081
data_cv_fold4/Testing/glioma/Tr-gl_0906.jpg,MR039473B,glioma,glioma,1,0.999767,4,0,0.999767,0.000128,0.000042,0.000062
data_cv_fold4/Testing/glioma/Tr-gl_0907.jpg,MR039473B,glioma,glioma,1,0.999679,4,0,0.999679,0.000044,0.000008,0.000269
data_cv_fold4/Testing/glioma/Tr-gl_0908.jpg,MR039473B,glioma,glioma,1,0.998153,4,0,0.998153,0.000507,0.000049,0.001291
data_cv_fold4/Testing/glioma/Tr-gl_0909.jpg,MR039473B,glioma,glioma,1,0.996565,4,0,0.996565,0.000264,0.000048,0.003123
data_cv_fold4/Testing/glioma/Tr-gl_0910.jpg,MR039473B,glioma,glioma,1,0.997539,4,0,0.997539,0.000438,0.000066,0.001957
data_cv_fold4/Testing/glioma/Tr-gl_0911.jpg,MR039473B,glioma,glioma,1,0.997186,4,0,0.997186,0.000154,0.000050,0.002610
data_cv_fold4/Testing/glioma/Tr-gl_0912.jpg,MR040240,glioma,glioma,1,0.996997,4,0,0.996997,0.000360,0.000415,0.002228
data_cv_fold4/Testing/glioma/Tr-gl_0913.jpg,MR040240,glioma,glioma,1,0.977254,4,0,0.977254,0.002404,0.000581,0.019761
data_cv_fold4/Testing/glioma/Tr-gl_0914.jpg,MR040240,glioma,glioma,1,0.969177,4,0,0.969177,0.004899,0.011950,0.013974
data_cv_fold4/Testing/glioma/Tr-gl_0915.jpg,MR040240,glioma,glioma,1,0.997123,4,0,0.997123,0.001077,0.000503,0.001297
data_cv_fold4/Testing/glioma/Tr-gl_0916.jpg,MR040240,glioma,glioma,1,0.998382,4,0,0.998382,0.000665,0.000142,0.000811
data_cv_fold4/Testing/glioma/Tr-gl_0917.jpg,MR040240,glioma,glioma,1,0.996052,4,0,0.996052,0.002801,0.000392,0.000756
data_cv_fold4/Testing/glioma/Tr-gl_0918.jpg,MR040240,glioma,glioma,1,0.997428,4,0,0.997428,0.000548,0.000391,0.001632
data_cv_fold4/Testing/glioma/Tr-gl_0919.jpg,MR040240,glioma,glioma,1,0.994506,4,0,0.994506,0.000163,0.000145,0.005185
data_cv_fold4/Testing/glioma/Tr-gl_0925.jpg,MR029209G,glioma,glioma,1,0.999987,4,0,0.999987,0.000004,0.000001,0.000008
data_cv_fold4/Testing/glioma/Tr-gl_0926.jpg,MR029209G,glioma,glioma,1,0.999777,4,0,0.999777,0.000065,0.000004,0.000154
data_cv_fold4/Testing/glioma/Tr-gl_0927.jpg,MR029209G,glioma,glioma,1,0.999903,4,0,0.999903,0.000043,0.000006,0.000049
data_cv_fold4/Testing/glioma/Tr-gl_0928.jpg,MR029209G,glioma,glioma,1,0.999934,4,0,0.999934,0.000049,0.000008,0.000009
data_cv_fold4/Testing/glioma/Tr-gl_0929.jpg,MR029209G,glioma,glioma,1,0.999937,4,0,0.999937,0.000048,0.000004,0.000011
data_cv_fold4/Testing/glioma/Tr-gl_0945.jpg,MR033389B,glioma,glioma,1,0.999612,4,0,0.999612,0.000131,0.000076,0.000181
data_cv_fold4/Testing/glioma/Tr-gl_0946.jpg,MR048294,glioma,glioma,1,0.997963,4,0,0.997963,0.001105,0.000666,0.000266
data_cv_fold4/Testing/glioma/Tr-gl_0959.jpg,MR048621B,glioma,glioma,1,0.999128,4,0,0.999128,0.000574,0.000158,0.000141
data_cv_fold4/Testing/glioma/Tr-gl_0960.jpg,MR048621B,glioma,glioma,1,0.999830,4,0,0.999830,0.000106,0.000042,0.000023
data_cv_fold4/Testing/glioma/Tr-gl_0961.jpg,MR048621B,glioma,glioma,1,0.999775,4,0,0.999775,0.000153,0.000052,0.000019
data_cv_fold4/Testing/glioma/Tr-gl_0978.jpg,MR048994B,glioma,glioma,1,0.998987,4,0,0.998987,0.000812,0.000076,0.000124
data_cv_fold4/Testing/glioma/Tr-gl_0980.jpg,MR049358,glioma,glioma,1,0.999931,4,0,0.999931,0.000013,0.000010,0.000045
data_cv_fold4/Testing/glioma/Tr-gl_0981.jpg,MR049358,glioma,glioma,1,0.999949,4,0,0.999949,0.000018,0.000009,0.000023
data_cv_fold4/Testing/glioma/Tr-gl_0982.jpg,MR049358,glioma,glioma,1,0.999057,4,0,0.999057,0.000166,0.000144,0.000633
data_cv_fold4/Testing/glioma/Tr-gl_0983.jpg,MR049358,glioma,glioma,1,0.998476,4,0,0.998476,0.000730,0.000200,0.000595
data_cv_fold4/Testing/glioma/Tr-gl_0984.jpg,MR049358,glioma,glioma,1,0.999392,4,0,0.999392,0.000044,0.000355,0.000210
data_cv_fold4/Testing/glioma/Tr-gl_1018.jpg,MR049019C,glioma,glioma,1,0.998051,4,0,0.998051,0.001210,0.000109,0.000631
data_cv_fold4/Testing/glioma/Tr-gl_1019.jpg,MR049019C,glioma,glioma,1,0.998197,4,0,0.998197,0.001023,0.000144,0.000636
data_cv_fold4/Testing/glioma/Tr-gl_1020.jpg,MR049019C,glioma,glioma,1,0.993191,4,0,0.993191,0.002062,0.000505,0.004243
data_cv_fold4/Testing/glioma/Tr-gl_1102.jpg,MR033389B,glioma,glioma,1,0.996210,4,0,0.996210,0.003276,0.000126,0.000388
data_cv_fold4/Testing/glioma/Tr-gl_1103.jpg,MR033389B,glioma,meningioma,0,0.578100,4,0,0.419185,0.578100,0.000620,0.002096
data_cv_fold4/Testing/glioma/Tr-gl_1104.jpg,MR033389B,glioma,glioma,1,0.994471,4,0,0.994471,0.005210,0.000117,0.000202
data_cv_fold4/Testing/glioma/Tr-gl_1105.jpg,MR033389B,glioma,glioma,1,0.999901,4,0,0.999901,0.000008,0.000043,0.000048
data_cv_fold4/Testing/glioma/Tr-gl_1106.jpg,MR033389B,glioma,glioma,1,0.999250,4,0,0.999250,0.000377,0.000144,0.000229
data_cv_fold4/Testing/glioma/Tr-gl_1107.jpg,MR033389B,glioma,glioma,1,0.998985,4,0,0.998985,0.000391,0.000355,0.000268
data_cv_fold4/Testing/glioma/Tr-gl_1124.jpg,MR029209I,glioma,glioma,1,0.999990,4,0,0.999990,0.000001,0.000004,0.000005
data_cv_fold4/Testing/glioma/Tr-gl_1125.jpg,MR029209I,glioma,glioma,1,0.999964,4,0,0.999964,0.000002,0.000023,0.000010
data_cv_fold4/Testing/glioma/Tr-gl_1126.jpg,MR029209I,glioma,glioma,1,0.999989,4,0,0.999989,0.000001,0.000005,0.000006
data_cv_fold4/Testing/glioma/Tr-gl_1127.jpg,MR029209I,glioma,glioma,1,0.999572,4,0,0.999572,0.000036,0.000063,0.000329
data_cv_fold4/Testing/glioma/Tr-gl_1128.jpg,MR029209I,glioma,glioma,1,0.999893,4,0,0.999893,0.000044,0.000024,0.000040
data_cv_fold4/Testing/glioma/Tr-gl_1129.jpg,MR029209I,glioma,glioma,1,0.999826,4,0,0.999826,0.000030,0.000045,0.000100
data_cv_fold4/Testing/glioma/Tr-gl_1130.jpg,100820,glioma,glioma,1,0.811683,4,0,0.811683,0.159981,0.027235,0.001102
data_cv_fold4/Testing/glioma/Tr-gl_1131.jpg,100820,glioma,meningioma,0,0.973170,4,0,0.004572,0.973170,0.022030,0.000228
data_cv_fold4/Testing/glioma/Tr-gl_1132.jpg,100820,glioma,meningioma,0,0.988708,4,0,0.004455,0.988708,0.006733,0.000104
data_cv_fold4/Testing/glioma/Tr-gl_1159.jpg,100820,glioma,meningioma,0,0.968701,4,0,0.026380,0.968701,0.004690,0.000230
data_cv_fold4/Testing/glioma/Tr-gl_1160.jpg,100820,glioma,meningioma,0,0.998047,4,0,0.001529,0.998047,0.000341,0.000082
data_cv_fold4/Testing/glioma/Tr-gl_1161.jpg,100820,glioma,meningioma,0,0.983189,4,0,0.012726,0.983189,0.003770,0.000315
data_cv_fold4/Testing/glioma/Tr-gl_1201.jpg,93825,glioma,glioma,1,0.786296,4,0,0.786296,0.210145,0.001015,0.002544
data_cv_fold4/Testing/glioma/Tr-gl_1202.jpg,93825,glioma,meningioma,0,0.566694,4,0,0.429134,0.566694,0.001225,0.002947
data_cv_fold4/Testing/glioma/Tr-gl_1208.jpg,100820,glioma,glioma,1,0.873185,4,0,0.873185,0.106082,0.020213,0.000520
data_cv_fold4/Testing/glioma/Tr-gl_1209.jpg,100820,glioma,glioma,1,0.547921,4,0,0.547921,0.449963,0.001926,0.000190
data_cv_fold4/Testing/glioma/Tr-gl_1210.jpg,100820,glioma,meningioma,0,0.993980,4,0,0.005136,0.993980,0.000770,0.000113
data_cv_fold4/Testing/glioma/Tr-gl_1211.jpg,100820,glioma,meningioma,0,0.992434,4,0,0.006888,0.992434,0.000534,0.000144
data_cv_fold4/Testing/glioma/Tr-gl_1233.jpg,108479,glioma,glioma,1,0.607204,4,0,0.607204,0.027434,0.001534,0.363828
data_cv_fold4/Testing/glioma/Tr-gl_1252.jpg,93329,glioma,glioma,1,0.932417,4,0,0.932417,0.064260,0.001960,0.001364
data_cv_fold4/Testing/glioma/Tr-gl_1253.jpg,93329,glioma,glioma,1,0.994116,4,0,0.994116,0.003074,0.000104,0.002706
data_cv_fold4/Testing/glioma/Tr-gl_1254.jpg,93825,glioma,meningioma,0,0.648905,4,0,0.346269,0.648905,0.001364,0.003462
data_cv_fold4/Testing/glioma/Tr-gl_1255.jpg,93825,glioma,glioma,1,0.998984,4,0,0.998984,0.000855,0.000007,0.000155
data_cv_fold4/Testing/glioma/Tr-gl_1256.jpg,93825,glioma,glioma,1,0.999599,4,0,0.999599,0.000247,0.000016,0.000137
data_cv_fold4/Testing/glioma/Tr-gl_1257.jpg,94731,glioma,glioma,1,0.957525,4,0,0.957525,0.022634,0.000534,0.019308
data_cv_fold4/Testing/glioma/Tr-gl_1258.jpg,94731,glioma,meningioma,0,0.999490,4,0,0.000133,0.999490,0.000073,0.000303
data_cv_fold4/Testing/glioma/Tr-gl_1272.jpg,98889,glioma,glioma,1,0.999317,4,0,0.999317,0.000455,0.000131,0.000096
data_cv_fold4/Testing/glioma/Tr-gl_1273.jpg,98889,glioma,glioma,1,0.997846,4,0,0.997846,0.000810,0.000598,0.000746
data_cv_fold4/Testing/glioma/Tr-gl_1274.jpg,98889,glioma,glioma,1,0.977507,4,0,0.977507,0.018676,0.002357,0.001460
data_cv_fold4/Testing/glioma/Tr-gl_1275.jpg,98889,glioma,glioma,1,0.932703,4,0,0.932703,0.063308,0.001598,0.002391
data_cv_fold4/Testing/glioma/Tr-gl_1276.jpg,MR048294,glioma,glioma,1,0.999845,4,0,0.999845,0.000076,0.000067,0.000012
data_cv_fold4/Testing/glioma/Tr-gl_1277.jpg,MR048294,glioma,glioma,1,0.999311,4,0,0.999311,0.000218,0.000436,0.000034
data_cv_fold4/Testing/glioma/Tr-gl_1278.jpg,MR048294,glioma,glioma,1,0.999925,4,0,0.999925,0.000014,0.000054,0.000007
data_cv_fold4/Testing/glioma/Tr-gl_1279.jpg,MR048294,glioma,glioma,1,0.999846,4,0,0.999846,0.000028,0.000124,0.000002
data_cv_fold4/Testing/glioma/Tr-gl_1280.jpg,MR048294,glioma,glioma,1,0.999602,4,0,0.999602,0.000188,0.000207,0.000003
data_cv_fold4/Testing/glioma/Tr-gl_1281.jpg,MR048294,glioma,glioma,1,0.999768,4,0,0.999768,0.000061,0.000169,0.000002
data_cv_fold4/Testing/glioma/Tr-gl_1286.jpg,MR048621B,glioma,glioma,1,0.993929,4,0,0.993929,0.003374,0.000189,0.002507
data_cv_fold4/Testing/glioma/Tr-gl_1287.jpg,MR048621B,glioma,glioma,1,0.999718,4,0,0.999718,0.000078,0.000029,0.000175
data_cv_fold4/Testing/glioma/Tr-gl_1288.jpg,MR048621B,glioma,glioma,1,0.999896,4,0,0.999896,0.000006,0.000004,0.000094
data_cv_fold4/Testing/glioma/Tr-gl_1289.jpg,MR048621B,glioma,glioma,1,0.999817,4,0,0.999817,0.000017,0.000008,0.000158
data_cv_fold4/Testing/glioma/Tr-gl_1290.jpg,MR048621B,glioma,glioma,1,0.999742,4,0,0.999742,0.000022,0.000018,0.000218
data_cv_fold4/Testing/glioma/Tr-gl_1291.jpg,MR048621B,glioma,glioma,1,0.999098,4,0,0.999098,0.000294,0.000089,0.000519
data_cv_fold4/Testing/glioma/Tr-gl_1292.jpg,MR048621B,glioma,glioma,1,0.999699,4,0,0.999699,0.000145,0.000038,0.000118
data_cv_fold4/Testing/glioma/Tr-gl_1310.jpg,MR048994B,glioma,glioma,1,0.999993,4,0,0.999993,0.000003,0.000004,0.000001
data_cv_fold4/Testing/glioma/Tr-gl_1311.jpg,MR048994B,glioma,glioma,1,0.999960,4,0,0.999960,0.000022,0.000016,0.000002
data_cv_fold4/Testing/glioma/Tr-gl_1312.jpg,MR048994B,glioma,glioma,1,0.999908,4,0,0.999908,0.000054,0.000033,0.000005
data_cv_fold4/Testing/glioma/Tr-gl_1313.jpg,MR048994B,glioma,glioma,1,0.999976,4,0,0.999976,0.000010,0.000013,0.000001
data_cv_fold4/Testing/glioma/Tr-gl_1315.jpg,MR048994B,glioma,glioma,1,0.999955,4,0,0.999955,0.000030,0.000014,0.000001
data_cv_fold4/Testing/glioma/Tr-gl_1316.jpg,MR048944B,glioma,glioma,1,0.999532,4,0,0.999532,0.000022,0.000431,0.000014
data_cv_fold4/Testing/glioma/Tr-gl_1317.jpg,MR048944B,glioma,glioma,1,0.999910,4,0,0.999910,0.000007,0.000080,0.000002
data_cv_fold4/Testing/glioma/Tr-gl_1318.jpg,MR048944B,glioma,glioma,1,0.999651,4,0,0.999651,0.000117,0.000209,0.000023
data_cv_fold4/Testing/glioma/Tr-gl_1319.jpg,MR048944B,glioma,glioma,1,0.999894,4,0,0.999894,0.000028,0.000072,0.000006
data_cv_fold4/Testing/glioma/Tr-gl_1320.jpg,MR048944B,glioma,glioma,1,0.999633,4,0,0.999633,0.000094,0.000265,0.000009
data_cv_fold4/Testing/meningioma/Te-me_0117.jpg,108514,meningioma,meningioma,1,0.994880,4,0,0.004980,0.994880,0.000124,0.000016
data_cv_fold4/Testing/meningioma/Te-me_0122.jpg,111077,meningioma,glioma,0,0.692526,4,0,0.692526,0.265533,0.040054,0.001887
data_cv_fold4/Testing/meningioma/Te-me_0126.jpg,112252,meningioma,meningioma,1,0.998540,4,0,0.000820,0.998540,0.000576,0.000064
data_cv_fold4/Testing/meningioma/Te-me_0128.jpg,112648,meningioma,meningioma,1,0.999969,4,0,0.000006,0.999969,0.000009,0.000015
data_cv_fold4/Testing/meningioma/Te-me_0137.jpg,97943,meningioma,meningioma,1,0.995810,4,0,0.004118,0.995810,0.000060,0.000012
data_cv_fold4/Testing/meningioma/Te-me_0146.jpg,97943,meningioma,meningioma,1,0.934308,4,0,0.065409,0.934308,0.000231,0.000052
data_cv_fold4/Testing/meningioma/Te-me_0158.jpg,102420,meningioma,meningioma,1,0.999962,4,0,0.000015,0.999962,0.000002,0.000021
data_cv_fold4/Testing/meningioma/Te-me_0159.jpg,102420,meningioma,meningioma,1,0.999936,4,0,0.000019,0.999936,0.000036,0.000009
data_cv_fold4/Testing/meningioma/Te-me_0163.jpg,103673,meningioma,pituitary,0,0.999488,4,0,0.000003,0.000500,0.000008,0.999488
data_cv_fold4/Testing/meningioma/Te-me_0164.jpg,103673,meningioma,pituitary,0,0.999464,4,0,0.000004,0.000469,0.000063,0.999464
data_cv_fold4/Testing/meningioma/Te-me_0165.jpg,103925,meningioma,meningioma,1,0.894964,4,0,0.055963,0.894964,0.001503,0.047571
data_cv_fold4/Testing/meningioma/Te-me_0166.jpg,103925,meningioma,meningioma,1,0.921574,4,0,0.075005,0.921574,0.000482,0.002939
data_cv_fold4/Testing/meningioma/Te-me_0180.jpg,106914,meningioma,meningioma,1,0.999967,4,0,0.000030,0.999967,0.000002,0.000001
data_cv_fold4/Testing/meningioma/Te-me_0184.jpg,108514,meningioma,meningioma,1,0.995717,4,0,0.004099,0.995717,0.000119,0.000065
data_cv_fold4/Testing/meningioma/Te-me_0185.jpg,108514,meningioma,meningioma,1,0.911363,4,0,0.087782,0.911363,0.000630,0.000225
data_cv_fold4/Testing/meningioma/Te-me_0186.jpg,108590,meningioma,meningioma,1,0.999976,4,0,0.000000,0.999976,0.000017,0.000007
data_cv_fold4/Testing/meningioma/Te-me_0190.jpg,111077,meningioma,meningioma,1,0.999453,4,0,0.000230,0.999453,0.000283,0.000033
data_cv_fold4/Testing/meningioma/Te-me_0191.jpg,111077,meningioma,meningioma,1,0.997003,4,0,0.001300,0.997003,0.001264,0.000433
data_cv_fold4/Testing/meningioma/Te-me_0193.jpg,103673,meningioma,pituitary,0,0.999841,4,0,0.000000,0.000135,0.000024,0.999841
data_cv_fold4/Testing/meningioma/Te-me_0196.jpg,112252,meningioma,meningioma,1,0.990825,4,0,0.003979,0.990825,0.001569,0.003627
data_cv_fold4/Testing/meningioma/Te-me_0199.jpg,112648,meningioma,meningioma,1,0.999952,4,0,0.000007,0.999952,0.000025,0.000017
data_cv_fold4/Testing/meningioma/Te-me_0207.jpg,103673,meningioma,meningioma,1,0.998898,4,0,0.000009,0.998898,0.000039,0.001054
data_cv_fold4/Testing/meningioma/Te-me_0210.jpg,97943,meningioma,meningioma,1,0.999988,4,0,0.000005,0.999988,0.000006,0.000001
data_cv_fold4/Testing/meningioma/Te-me_0221.jpg,101082,meningioma,meningioma,1,0.999791,4,0,0.000096,0.999791,0.000063,0.000051
data_cv_fold4/Testing/meningioma/Te-me_0225.jpg,102420,meningioma,meningioma,1,0.982464,4,0,0.014285,0.982464,0.000166,0.003085
data_cv_fold4/Testing/meningioma/Te-me_0231.jpg,103673,meningioma,pituitary,0,0.996834,4,0,0.000010,0.003127,0.000030,0.996834
data_cv_fold4/Testing/meningioma/Te-me_0233.jpg,103925,meningioma,meningioma,1,0.990218,4,0,0.000939,0.990218,0.000081,0.008763
data_cv_fold4/Testing/meningioma/Te-me_0244.jpg,106914,meningioma,meningioma,1,0.999135,4,0,0.000394,0.999135,0.000390,0.000081
data_cv_fold4/Testing/meningioma/Te-me_0245.jpg,106914,meningioma,meningioma,1,0.999996,4,0,0.000001,0.999996,0.000001,0.000002
data_cv_fold4/Testing/meningioma/Te-me_0250.jpg,108514,meningioma,meningioma,1,0.976103,4,0,0.023156,0.976103,0.000564,0.000177
data_cv_fold4/Testing/meningioma/Te-me_0252.jpg,108590,meningioma,meningioma,1,0.999977,4,0,0.000006,0.999977,0.000013,0.000004
data_cv_fold4/Testing/meningioma/Te-me_0256.jpg,111077,meningioma,meningioma,1,0.999962,4,0,0.000024,0.999962,0.000007,0.000007
data_cv_fold4/Testing/meningioma/Te-me_0264.jpg,112648,meningioma,meningioma,1,0.999736,4,0,0.000031,0.999736,0.000155,0.000078
data_cv_fold4/Testing/meningioma/Te-me_0266.jpg,113098,meningioma,meningioma,1,0.972275,4,0,0.026984,0.972275,0.000030,0.000711
data_cv_fold4/Testing/meningioma/Te-me_0270.jpg,113614,meningioma,meningioma,1,0.999350,4,0,0.000614,0.999350,0.000013,0.000024
data_cv_fold4/Testing/meningioma/Te-me_0281.jpg,97943,meningioma,meningioma,1,0.999816,4,0,0.000123,0.999816,0.000047,0.000014
data_cv_fold4/Testing/meningioma/Te-me_0286.jpg,99288,meningioma,meningioma,1,0.857273,4,0,0.086135,0.857273,0.006144,0.050448
data_cv_fold4/Testing/meningioma/Te-me_0294.jpg,106914,meningioma,meningioma,1,0.999978,4,0,0.000012,0.999978,0.000004,0.000006
data_cv_fold4/Testing/meningioma/Te-me_0295.jpg,106914,meningioma,meningioma,1,0.999904,4,0,0.000091,0.999904,0.000002,0.000002
data_cv_fold4/Testing/meningioma/Te-me_0305.jpg,97943,meningioma,meningioma,1,0.999990,4,0,0.000004,0.999990,0.000004,0.000002
data_cv_fold4/Testing/meningioma/Tr-meTr_0006.jpg,108514,meningioma,glioma,0,0.854951,4,0,0.854951,0.144075,0.000794,0.000180
data_cv_fold4/Testing/meningioma/Tr-meTr_0007.jpg,108514,meningioma,meningioma,1,0.982931,4,0,0.016815,0.982931,0.000228,0.000026
data_cv_fold4/Testing/meningioma/Tr-meTr_0008.jpg,108514,meningioma,glioma,0,0.590511,4,0,0.590511,0.405850,0.003363,0.000276
data_cv_fold4/Testing/meningioma/Tr-me_0010.jpg,108514,meningioma,meningioma,1,0.998720,4,0,0.001249,0.998720,0.000016,0.000014
data_cv_fold4/Testing/meningioma/Tr-me_0011.jpg,108514,meningioma,meningioma,1,0.999955,4,0,0.000035,0.999955,0.000007,0.000003
data_cv_fold4/Testing/meningioma/Tr-me_0012.jpg,108514,meningioma,meningioma,1,0.996082,4,0,0.002352,0.996082,0.001514,0.000051
data_cv_fold4/Testing/meningioma/Tr-me_0014.jpg,108590,meningioma,meningioma,1,0.999582,4,0,0.000006,0.999582,0.000406,0.000006
data_cv_fold4/Testing/meningioma/Tr-me_0015.jpg,108590,meningioma,meningioma,1,0.999389,4,0,0.000038,0.999389,0.000557,0.000016
data_cv_fold4/Testing/meningioma/Tr-me_0024.jpg,111077,meningioma,meningioma,1,0.991847,4,0,0.006162,0.991847,0.000994,0.000997
data_cv_fold4/Testing/meningioma/Tr-me_0025.jpg,111077,meningioma,glioma,0,0.802185,4,0,0.802185,0.179053,0.017323,0.001439
data_cv_fold4/Testing/meningioma/Tr-me_0039.jpg,112252,meningioma,meningioma,1,0.995221,4,0,0.002488,0.995221,0.002195,0.000096
data_cv_fold4/Testing/meningioma/Tr-me_0047.jpg,112648,meningioma,meningioma,1,0.999998,4,0,0.000000,0.999998,0.000000,0.000002
data_cv_fold4/Testing/meningioma/Tr-me_0048.jpg,112648,meningioma,meningioma,1,0.999981,4,0,0.000006,0.999981,0.000007,0.000007
data_cv_fold4/Testing/meningioma/Tr-me_0075.jpg,97943,meningioma,meningioma,1,0.999946,4,0,0.000008,0.999946,0.000037,0.000010
data_cv_fold4/Testing/meningioma/Tr-me_0076.jpg,97943,meningioma,meningioma,1,0.999984,4,0,0.000008,0.999984,0.000005,0.000004
data_cv_fold4/Testing/meningioma/Tr-me_0078.jpg,97943,meningioma,meningioma,1,0.999011,4,0,0.000976,0.999011,0.000009,0.000004
data_cv_fold4/Testing/meningioma/Tr-me_0079.jpg,97943,meningioma,meningioma,1,0.984462,4,0,0.014984,0.984462,0.000479,0.000074
data_cv_fold4/Testing/meningioma/Tr-me_0100.jpg,102420,meningioma,meningioma,1,0.999967,4,0,0.000025,0.999967,0.000002,0.000006
data_cv_fold4/Testing/meningioma/Tr-me_0101.jpg,102420,meningioma,meningioma,1,0.999882,4,0,0.000107,0.999882,0.000004,0.000007
data_cv_fold4/Testing/meningioma/Tr-me_0102.jpg,102420,meningioma,meningioma,1,0.998836,4,0,0.001152,0.998836,0.000003,0.000009
data_cv_fold4/Testing/meningioma/Tr-me_0109.jpg,99288,meningioma,meningioma,1,0.990648,4,0,0.007844,0.990648,0.001455,0.000053
data_cv_fold4/Testing/meningioma/Tr-me_0119.jpg,103673,meningioma,pituitary,0,0.998134,4,0,0.000013,0.001808,0.000045,0.998134
data_cv_fold4/Testing/meningioma/Tr-me_0121.jpg,103673,meningioma,pituitary,0,0.999223,4,0,0.000008,0.000735,0.000034,0.999223
data_cv_fold4/Testing/meningioma/Tr-me_0122.jpg,103673,meningioma,pituitary,0,0.999889,4,0,0.000001,0.000106,0.000004,0.999889
data_cv_fold4/Testing/meningioma/Tr-me_0123.jpg,103673,meningioma,pituitary,0,0.999479,4,0,0.000005,0.000493,0.000023,0.999479
data_cv_fold4/Testing/meningioma/Tr-me_0124.jpg,103673,meningioma,pituitary,0,0.999819,4,0,0.000002,0.000159,0.000020,0.999819
data_cv_fold4/Testing/meningioma/Tr-me_0125.jpg,103673,meningioma,pituitary,0,0.999924,4,0,0.000000,0.000069,0.000006,0.999924
data_cv_fold4/Testing/meningioma/Tr-me_0126.jpg,103673,meningioma,pituitary,0,0.999996,4,0,0.000000,0.000001,0.000003,0.999996
data_cv_fold4/Testing/meningioma/Tr-me_0127.jpg,103925,meningioma,meningioma,1,0.903031,4,0,0.078147,0.903031,0.000589,0.018233
data_cv_fold4/Testing/meningioma/Tr-me_0128.jpg,103925,meningioma,meningioma,1,0.992094,4,0,0.006806,0.992094,0.000036,0.001064
data_cv_fold4/Testing/meningioma/Tr-me_0129.jpg,103925,meningioma,meningioma,1,0.722497,4,0,0.257724,0.722497,0.000502,0.019277
data_cv_fold4/Testing/meningioma/Tr-me_0130.jpg,103925,meningioma,meningioma,1,0.991837,4,0,0.007707,0.991837,0.000033,0.000424
data_cv_fold4/Testing/meningioma/Tr-me_0133.jpg,103925,meningioma,glioma,0,0.543871,4,0,0.543871,0.451376,0.002045,0.002708
data_cv_fold4/Testing/meningioma/Tr-me_0134.jpg,103925,meningioma,meningioma,1,0.976466,4,0,0.020626,0.976466,0.000157,0.002751
data_cv_fold4/Testing/meningioma/Tr-me_0135.jpg,103925,meningioma,glioma,0,0.979248,4,0,0.979248,0.018439,0.000823,0.001490
data_cv_fold4/Testing/meningioma/Tr-me_0166.jpg,106914,meningioma,meningioma,1,0.999881,4,0,0.000078,0.999881,0.000016,0.000026
data_cv_fold4/Testing/meningioma/Tr-me_0167.jpg,106914,meningioma,meningioma,1,0.999983,4,0,0.000011,0.999983,0.000002,0.000005
data_cv_fold4/Testing/meningioma/Tr-me_0168.jpg,106914,meningioma,meningioma,1,0.999996,4,0,0.000003,0.999996,0.000001,0.000000
data_cv_fold4/Testing/meningioma/Tr-me_0169.jpg,106914,meningioma,meningioma,1,0.998763,4,0,0.001179,0.998763,0.000019,0.000039
data_cv_fold4/Testing/meningioma/Tr-me_0297.jpg,102420,meningioma,meningioma,1,0.999926,4,0,0.000015,0.999926,0.000039,0.000020
data_cv_fold4/Testing/meningioma/Tr-me_0298.jpg,102420,meningioma,meningioma,1,0.999497,4,0,0.000083,0.999497,0.000321,0.000100
data_cv_fold4/Testing/meningioma/Tr-me_0308.jpg,103673,meningioma,pituitary,0,0.999994,4,0,0.000000,0.000006,0.000000,0.999994
data_cv_fold4/Testing/meningioma/Tr-me_0309.jpg,103673,meningioma,pituitary,0,0.999960,4,0,0.000000,0.000038,0.000002,0.999960
data_cv_fold4/Testing/meningioma/Tr-me_0310.jpg,103673,meningioma,pituitary,0,0.995845,4,0,0.000001,0.004132,0.000022,0.995845
data_cv_fold4/Testing/meningioma/Tr-me_0311.jpg,103673,meningioma,pituitary,0,0.758736,4,0,0.000032,0.239999,0.001234,0.758736
data_cv_fold4/Testing/meningioma/Tr-me_0312.jpg,103673,meningioma,meningioma,1,0.927116,4,0,0.000014,0.927116,0.000160,0.072710
data_cv_fold4/Testing/meningioma/Tr-me_0315.jpg,103925,meningioma,meningioma,1,0.638412,4,0,0.001001,0.638412,0.014720,0.345867
data_cv_fold4/Testing/meningioma/Tr-me_0316.jpg,103925,meningioma,meningioma,1,0.832843,4,0,0.001185,0.832843,0.003129,0.162843
data_cv_fold4/Testing/meningioma/Tr-me_0317.jpg,103925,meningioma,pituitary,0,0.968703,4,0,0.000185,0.025652,0.005460,0.968703
data_cv_fold4/Testing/meningioma/Tr-me_0382.jpg,108514,meningioma,meningioma,1,0.943422,4,0,0.053352,0.943422,0.001352,0.001873
data_cv_fold4/Testing/meningioma/Tr-me_0383.jpg,108514,meningioma,meningioma,1,0.999922,4,0,0.000034,0.999922,0.000015,0.000029
data_cv_fold4/Testing/meningioma/Tr-me_0384.jpg,108514,meningioma,meningioma,1,0.999664,4,0,0.000297,0.999664,0.000026,0.000013
data_cv_fold4/Testing/meningioma/Tr-me_0385.jpg,108514,meningioma,meningioma,1,0.995588,4,0,0.004070,0.995588,0.000211,0.000132
data_cv_fold4/Testing/meningioma/Tr-me_0386.jpg,108514,meningioma,meningioma,1,0.998385,4,0,0.001467,0.998385,0.000105,0.000043
data_cv_fold4/Testing/meningioma/Tr-me_0387.jpg,108514,meningioma,meningioma,1,0.999410,4,0,0.000274,0.999410,0.000288,0.000028
data_cv_fold4/Testing/meningioma/Tr-me_0390.jpg,108590,meningioma,meningioma,1,0.998753,4,0,0.000004,0.998753,0.001141,0.000102
data_cv_fold4/Testing/meningioma/Tr-me_0392.jpg,108590,meningioma,meningioma,1,0.997598,4,0,0.000198,0.997598,0.001432,0.000772
data_cv_fold4/Testing/meningioma/Tr-me_0407.jpg,111077,meningioma,meningioma,1,0.998403,4,0,0.000812,0.998403,0.000604,0.000182
data_cv_fold4/Testing/meningioma/Tr-me_0408.jpg,111077,meningioma,meningioma,1,0.925769,4,0,0.063335,0.925769,0.008473,0.002423
data_cv_fold4/Testing/meningioma/Tr-me_0409.jpg,111077,meningioma,meningioma,1,0.989544,4,0,0.009019,0.989544,0.000518,0.000920
data_cv_fold4/Testing/meningioma/Tr-me_0410.jpg,111077,meningioma,meningioma,1,0.974578,4,0,0.006697,0.974578,0.014401,0.004325
data_cv_fold4/Testing/meningioma/Tr-me_0430.jpg,112252,meningioma,meningioma,1,0.998924,4,0,0.000152,0.998924,0.000230,0.000695
data_cv_fold4/Testing/meningioma/Tr-me_0431.jpg,112252,meningioma,meningioma,1,0.999947,4,0,0.000014,0.999947,0.000012,0.000026
data_cv_fold4/Testing/meningioma/Tr-me_0440.jpg,112648,meningioma,meningioma,1,0.999886,4,0,0.000109,0.999886,0.000004,0.000001
data_cv_fold4/Testing/meningioma/Tr-me_0441.jpg,112648,meningioma,meningioma,1,0.999997,4,0,0.000001,0.999997,0.000001,0.000000
data_cv_fold4/Testing/meningioma/Tr-me_0442.jpg,112648,meningioma,meningioma,1,0.999985,4,0,0.000006,0.999985,0.000007,0.000002
data_cv_fold4/Testing/meningioma/Tr-me_0465.jpg,97943,meningioma,meningioma,1,0.999987,4,0,0.000003,0.999987,0.000005,0.000004
data_cv_fold4/Testing/meningioma/Tr-me_0466.jpg,97943,meningioma,meningioma,1,0.999983,4,0,0.000001,0.999983,0.000014,0.000002
data_cv_fold4/Testing/meningioma/Tr-me_0467.jpg,97943,meningioma,meningioma,1,0.998703,4,0,0.000018,0.998703,0.001257,0.000022
data_cv_fold4/Testing/meningioma/Tr-me_0484.jpg,99288,meningioma,meningioma,1,0.997446,4,0,0.001734,0.997446,0.000426,0.000395
data_cv_fold4/Testing/meningioma/Tr-me_0507.jpg,101082,meningioma,meningioma,1,0.999997,4,0,0.000001,0.999997,0.000002,0.000000
data_cv_fold4/Testing/meningioma/Tr-me_0508.jpg,101082,meningioma,meningioma,1,0.999983,4,0,0.000006,0.999983,0.000006,0.000005
data_cv_fold4/Testing/meningioma/Tr-me_0541.jpg,106914,meningioma,meningioma,1,0.999834,4,0,0.000162,0.999834,0.000003,0.000001
data_cv_fold4/Testing/meningioma/Tr-me_0542.jpg,106914,meningioma,meningioma,1,0.999971,4,0,0.000026,0.999971,0.000002,0.000001
data_cv_fold4/Testing/meningioma/Tr-me_0543.jpg,106914,meningioma,meningioma,1,0.999863,4,0,0.000121,0.999863,0.000003,0.000013
data_cv_fold4/Testing/meningioma/Tr-me_0544.jpg,106914,meningioma,meningioma,1,0.999534,4,0,0.000183,0.999534,0.000041,0.000242
data_cv_fold4/Testing/meningioma/Tr-me_0546.jpg,111077,meningioma,meningioma,1,0.999011,4,0,0.000343,0.999011,0.000263,0.000383
data_cv_fold4/Testing/meningioma/Tr-me_0563.jpg,99288,meningioma,meningioma,1,0.987286,4,0,0.003079,0.987286,0.000307,0.009328
data_cv_fold4/Testing/meningioma/Tr-me_0601.jpg,102420,meningioma,meningioma,1,0.999162,4,0,0.000656,0.999162,0.000020,0.000163
data_cv_fold4/Testing/meningioma/Tr-me_0602.jpg,102420,meningioma,meningioma,1,0.998164,4,0,0.000705,0.998164,0.000028,0.001103
data_cv_fold4/Testing/meningioma/Tr-me_0623.jpg,103673,meningioma,pituitary,0,0.993110,4,0,0.000004,0.006870,0.000016,0.993110
data_cv_fold4/Testing/meningioma/Tr-me_0624.jpg,103673,meningioma,pituitary,0,0.993940,4,0,0.000002,0.006053,0.000004,0.993940
data_cv_fold4/Testing/meningioma/Tr-me_0625.jpg,103673,meningioma,pituitary,0,0.918507,4,0,0.000043,0.081395,0.000055,0.918507
data_cv_fold4/Testing/meningioma/Tr-me_0626.jpg,103673,meningioma,pituitary,0,0.990673,4,0,0.000023,0.009283,0.000021,0.990673
data_cv_fold4/Testing/meningioma/Tr-me_0627.jpg,103673,meningioma,pituitary,0,0.999591,4,0,0.000001,0.000406,0.000001,0.999591
data_cv_fold4/Testing/meningioma/Tr-me_0628.jpg,103925,meningioma,meningioma,1,0.502613,4,0,0.068642,0.502613,0.014149,0.414595
data_cv_fold4/Testing/meningioma/Tr-me_0629.jpg,103925,meningioma,meningioma,1,0.994482,4,0,0.003006,0.994482,0.000090,0.002422
data_cv_fold4/Testing/meningioma/Tr-me_0630.jpg,103925,meningioma,meningioma,1,0.999384,4,0,0.000204,0.999384,0.000015,0.000398
data_cv_fold4/Testing/meningioma/Tr-me_0631.jpg,103925,meningioma,meningioma,1,0.995134,4,0,0.002520,0.995134,0.000086,0.002259
data_cv_fold4/Testing/meningioma/Tr-me_0633.jpg,111696,meningioma,meningioma,1,0.996951,4,0,0.000025,0.996951,0.000142,0.002881
data_cv_fold4/Testing/meningioma/Tr-me_0644.jpg,111710,meningioma,meningioma,1,0.998924,4,0,0.000161,0.998924,0.000805,0.000110
data_cv_fold4/Testing/meningioma/Tr-me_0656.jpg,111710,meningioma,meningioma,1,0.999918,4,0,0.000018,0.999918,0.000044,0.000021
data_cv_fold4/Testing/meningioma/Tr-me_0672.jpg,106914,meningioma,meningioma,1,0.999820,4,0,0.000043,0.999820,0.000110,0.000027
data_cv_fold4/Testing/meningioma/Tr-me_0673.jpg,106914,meningioma,meningioma,1,0.999979,4,0,0.000014,0.999979,0.000004,0.000002
data_cv_fold4/Testing/meningioma/Tr-me_0674.jpg,106914,meningioma,meningioma,1,0.999997,4,0,0.000002,0.999997,0.000001,0.000000
data_cv_fold4/Testing/meningioma/Tr-me_0675.jpg,106914,meningioma,meningioma,1,1.000000,4,0,0.000000,1.000000,0.000000,0.000000
data_cv_fold4/Testing/meningioma/Tr-me_0676.jpg,106914,meningioma,meningioma,1,0.999998,4,0,0.000001,0.999998,0.000000,0.000001
data_cv_fold4/Testing/meningioma/Tr-me_0677.jpg,106914,meningioma,meningioma,1,0.999997,4,0,0.000001,0.999997,0.000000,0.000001
data_cv_fold4/Testing/meningioma/Tr-me_0679.jpg,106914,meningioma,meningioma,1,0.999573,4,0,0.000233,0.999573,0.000144,0.000050
data_cv_fold4/Testing/meningioma/Tr-me_0695.jpg,108514,meningioma,meningioma,1,0.979684,4,0,0.019818,0.979684,0.000289,0.000208
data_cv_fold4/Testing/meningioma/Tr-me_0696.jpg,108514,meningioma,meningioma,1,0.944392,4,0,0.054405,0.944392,0.000469,0.000734
data_cv_fold4/Testing/meningioma/Tr-me_0697.jpg,108514,meningioma,meningioma,1,0.999779,4,0,0.000130,0.999779,0.000016,0.000075
data_cv_fold4/Testing/meningioma/Tr-me_0698.jpg,108514,meningioma,meningioma,1,0.961870,4,0,0.037919,0.961870,0.000147,0.000065
data_cv_fold4/Testing/meningioma/Tr-me_0702.jpg,108590,meningioma,meningioma,1,0.999987,4,0,0.000001,0.999987,0.000005,0.000007
data_cv_fold4/Testing/meningioma/Tr-me_0703.jpg,108590,meningioma,meningioma,1,0.999979,4,0,0.000009,0.999979,0.000009,0.000004
data_cv_fold4/Testing/meningioma/Tr-me_0712.jpg,112252,meningioma,meningioma,1,0.999989,4,0,0.000001,0.999989,0.000003,0.000007
data_cv_fold4/Testing/meningioma/Tr-me_0713.jpg,112252,meningioma,meningioma,1,0.999683,4,0,0.000034,0.999683,0.000113,0.000170
data_cv_fold4/Testing/meningioma/Tr-me_0722.jpg,112648,meningioma,meningioma,1,0.999984,4,0,0.000001,0.999984,0.000005,0.000009
data_cv_fold4/Testing/meningioma/Tr-me_0723.jpg,112648,meningioma,meningioma,1,0.999981,4,0,0.000005,0.999981,0.000009,0.000005
data_cv_fold4/Testing/meningioma/Tr-me_0724.jpg,112648,meningioma,meningioma,1,0.999596,4,0,0.000128,0.999596,0.000220,0.000057
data_cv_fold4/Testing/meningioma/Tr-me_0728.jpg,113098,meningioma,meningioma,1,0.999970,4,0,0.000004,0.999970,0.000003,0.000022
data_cv_fold4/Testing/meningioma/Tr-me_0729.jpg,113098,meningioma,meningioma,1,0.999933,4,0,0.000015,0.999933,0.000001,0.000050
data_cv_fold4/Testing/meningioma/Tr-me_0730.jpg,113098,meningioma,meningioma,1,0.994388,4,0,0.005444,0.994388,0.000004,0.000164
data_cv_fold4/Testing/meningioma/Tr-me_0731.jpg,113098,meningioma,meningioma,1,0.998567,4,0,0.001185,0.998567,0.000006,0.000242
data_cv_fold4/Testing/meningioma/Tr-me_0743.jpg,113614,meningioma,meningioma,1,0.999970,4,0,0.000010,0.999970,0.000001,0.000018
data_cv_fold4/Testing/meningioma/Tr-me_0744.jpg,113614,meningioma,meningioma,1,0.999992,4,0,0.000004,0.999992,0.000002,0.000003
data_cv_fold4/Testing/meningioma/Tr-me_0745.jpg,113614,meningioma,meningioma,1,0.999997,4,0,0.000002,0.999997,0.000000,0.000000
data_cv_fold4/Testing/meningioma/Tr-me_0769.jpg,111077,meningioma,meningioma,1,0.999785,4,0,0.000013,0.999785,0.000009,0.000193
data_cv_fold4/Testing/meningioma/Tr-me_0780.jpg,111077,meningioma,meningioma,1,0.999802,4,0,0.000042,0.999802,0.000013,0.000143
data_cv_fold4/Testing/meningioma/Tr-me_0785.jpg,97943,meningioma,meningioma,1,0.999975,4,0,0.000009,0.999975,0.000010,0.000006
data_cv_fold4/Testing/meningioma/Tr-me_0786.jpg,97943,meningioma,meningioma,1,0.999999,4,0,0.000000,0.999999,0.000000,0.000001
data_cv_fold4/Testing/meningioma/Tr-me_0787.jpg,97943,meningioma,meningioma,1,0.999994,4,0,0.000000,0.999994,0.000005,0.000001
data_cv_fold4/Testing/meningioma/Tr-me_0788.jpg,97943,meningioma,meningioma,1,0.999984,4,0,0.000008,0.999984,0.000007,0.000001
data_cv_fold4/Testing/meningioma/Tr-me_0789.jpg,97943,meningioma,meningioma,1,0.995335,4,0,0.001847,0.995335,0.002751,0.000067
data_cv_fold4/Testing/meningioma/Tr-me_0793.jpg,97943,meningioma,meningioma,1,0.998735,4,0,0.001242,0.998735,0.000021,0.000002
data_cv_fold4/Testing/meningioma/Tr-me_0794.jpg,108514,meningioma,meningioma,1,0.999785,4,0,0.000194,0.999785,0.000012,0.000008
data_cv_fold4/Testing/meningioma/Tr-me_0806.jpg,108514,meningioma,meningioma,1,0.987684,4,0,0.010439,0.987684,0.001660,0.000217
data_cv_fold4/Testing/meningioma/Tr-me_0807.jpg,99288,meningioma,meningioma,1,0.991561,4,0,0.007252,0.991561,0.001138,0.000049
data_cv_fold4/Testing/meningioma/Tr-me_0833.jpg,108590,meningioma,meningioma,1,0.999764,4,0,0.000003,0.999764,0.000228,0.000005
data_cv_fold4/Testing/meningioma/Tr-me_0837.jpg,102420,meningioma,meningioma,1,0.999956,4,0,0.000034,0.999956,0.000004,0.000006
data_cv_fold4/Testing/meningioma/Tr-me_0838.jpg,102420,meningioma,meningioma,1,0.999619,4,0,0.000335,0.999619,0.000033,0.000013
data_cv_fold4/Testing/meningioma/Tr-me_0843.jpg,108590,meningioma,meningioma,1,0.999950,4,0,0.000002,0.999950,0.000044,0.000004
data_cv_fold4/Testing/meningioma/Tr-me_0849.jpg,102420,meningioma,meningioma,1,0.999964,4,0,0.000005,0.999964,0.000025,0.000007
data_cv_fold4/Testing/meningioma/Tr-me_0854.jpg,103673,meningioma,pituitary,0,0.999774,4,0,0.000003,0.000206,0.000017,0.999774
data_cv_fold4/Testing/meningioma/Tr-me_0855.jpg,103673,meningioma,pituitary,0,0.999898,4,0,0.000001,0.000093,0.000008,0.999898
data_cv_fold4/Testing/meningioma/Tr-me_0856.jpg,103673,meningioma,pituitary,0,0.998450,4,0,0.000003,0.001502,0.000046,0.998450
data_cv_fold4/Testing/meningioma/Tr-me_0857.jpg,103673,meningioma,pituitary,0,0.999909,4,0,0.000000,0.000064,0.000026,0.999909
data_cv_fold4/Testing/meningioma/Tr-me_0859.jpg,103673,meningioma,pituitary,0,0.999995,4,0,0.000000,0.000001,0.000004,0.999995
data_cv_fold4/Testing/meningioma/Tr-me_0861.jpg,103925,meningioma,meningioma,1,0.991194,4,0,0.007669,0.991194,0.000036,0.001101
data_cv_fold4/Testing/meningioma/Tr-me_0862.jpg,103925,meningioma,meningioma,1,0.944286,4,0,0.031205,0.944286,0.001266,0.023243
data_cv_fold4/Testing/meningioma/Tr-me_0863.jpg,103925,meningioma,meningioma,1,0.996540,4,0,0.003145,0.996540,0.000024,0.000292
data_cv_fold4/Testing/meningioma/Tr-me_0864.jpg,103925,meningioma,glioma,0,0.832091,4,0,0.832091,0.163202,0.002855,0.001852
data_cv_fold4/Testing/meningioma/Tr-me_0865.jpg,103925,meningioma,meningioma,1,0.670377,4,0,0.315977,0.670377,0.002850,0.010797
data_cv_fold4/Testing/meningioma/Tr-me_0866.jpg,103925,meningioma,glioma,0,0.981953,4,0,0.981953,0.015361,0.001157,0.001529
data_cv_fold4/Testing/meningioma/Tr-me_0911.jpg,106914,meningioma,meningioma,1,0.999925,4,0,0.000072,0.999925,0.000002,0.000001
data_cv_fold4/Testing/meningioma/Tr-me_0912.jpg,106914,meningioma,meningioma,1,0.999957,4,0,0.000038,0.999957,0.000001,0.000004
data_cv_fold4/Testing/meningioma/Tr-me_0913.jpg,106914,meningioma,meningioma,1,0.999967,4,0,0.000017,0.999967,0.000004,0.000012
data_cv_fold4/Testing/meningioma/Tr-me_0923.jpg,108514,meningioma,meningioma,1,0.980201,4,0,0.019235,0.980201,0.000282,0.000282
data_cv_fold4/Testing/meningioma/Tr-me_0924.jpg,108514,meningioma,meningioma,1,0.958711,4,0,0.040572,0.958711,0.000541,0.000175
data_cv_fold4/Testing/meningioma/Tr-me_0925.jpg,108514,meningioma,meningioma,1,0.898886,4,0,0.099975,0.898886,0.000353,0.000786
data_cv_fold4/Testing/meningioma/Tr-me_0927.jpg,108514,meningioma,meningioma,1,0.984577,4,0,0.014522,0.984577,0.000820,0.000081
data_cv_fold4/Testing/meningioma/Tr-me_0930.jpg,108590,meningioma,meningioma,1,0.999552,4,0,0.000060,0.999552,0.000233,0.000155
data_cv_fold4/Testing/meningioma/Tr-me_0943.jpg,111077,meningioma,meningioma,1,0.991570,4,0,0.006479,0.991570,0.001765,0.000187
data_cv_fold4/Testing/meningioma/Tr-me_0944.jpg,111077,meningioma,meningioma,1,0.980712,4,0,0.017363,0.980712,0.001562,0.000363
data_cv_fold4/Testing/meningioma/Tr-me_0960.jpg,103673,meningioma,pituitary,0,0.999830,4,0,0.000000,0.000154,0.000016,0.999830
data_cv_fold4/Testing/meningioma/Tr-me_0961.jpg,112252,meningioma,meningioma,1,0.999955,4,0,0.000021,0.999955,0.000008,0.000015
data_cv_fold4/Testing/meningioma/Tr-me_0967.jpg,112648,meningioma,meningioma,1,0.999951,4,0,0.000046,0.999951,0.000003,0.000000
data_cv_fold4/Testing/meningioma/Tr-me_0968.jpg,103673,meningioma,pituitary,0,0.997537,4,0,0.000001,0.002437,0.000025,0.997537
data_cv_fold4/Testing/meningioma/Tr-me_0969.jpg,112648,meningioma,meningioma,1,0.999983,4,0,0.000012,0.999983,0.000004,0.000001
data_cv_fold4/Testing/meningioma/Tr-me_0976.jpg,103673,meningioma,pituitary,0,0.591516,4,0,0.000173,0.407135,0.001175,0.591516
data_cv_fold4/Testing/meningioma/Tr-me_0985.jpg,103673,meningioma,meningioma,1,0.868082,4,0,0.000020,0.868082,0.000278,0.131620
data_cv_fold4/Testing/meningioma/Tr-me_1001.jpg,97943,meningioma,meningioma,1,0.999984,4,0,0.000006,0.999984,0.000007,0.000002
data_cv_fold4/Testing/meningioma/Tr-me_1002.jpg,103925,meningioma,meningioma,1,0.508141,4,0,0.006788,0.508141,0.029755,0.455316
data_cv_fold4/Testing/meningioma/Tr-me_1003.jpg,97943,meningioma,meningioma,1,0.997857,4,0,0.000100,0.997857,0.002028,0.000015
data_cv_fold4/Testing/meningioma/Tr-me_1004.jpg,97943,meningioma,notumor,0,0.409454,4,0,0.387659,0.202854,0.409454,0.000033
data_cv_fold4/Testing/meningioma/Tr-me_1010.jpg,103925,meningioma,meningioma,1,0.975740,4,0,0.000624,0.975740,0.000933,0.022703
data_cv_fold4/Testing/meningioma/Tr-me_1016.jpg,99288,meningioma,meningioma,1,0.981773,4,0,0.014370,0.981773,0.002152,0.001706
data_cv_fold4/Testing/meningioma/Tr-me_1018.jpg,103925,meningioma,pituitary,0,0.954846,4,0,0.011409,0.027193,0.006552,0.954846
data_cv_fold4/Testing/meningioma/Tr-me_1034.jpg,101082,meningioma,meningioma,1,0.999970,4,0,0.000010,0.999970,0.000016,0.000004
data_cv_fold4/Testing/meningioma/Tr-me_1048.jpg,102420,meningioma,meningioma,1,0.999768,4,0,0.000108,0.999768,0.000003,0.000121
data_cv_fold4/Testing/meningioma/Tr-me_1067.jpg,103673,meningioma,pituitary,0,0.998085,4,0,0.000006,0.001889,0.000021,0.998085
data_cv_fold4/Testing/meningioma/Tr-me_1068.jpg,103673,meningioma,pituitary,0,0.977770,4,0,0.000080,0.022016,0.000134,0.977770
data_cv_fold4/Testing/meningioma/Tr-me_1069.jpg,103673,meningioma,pituitary,0,0.999363,4,0,0.000017,0.000590,0.000030,0.999363
data_cv_fold4/Testing/meningioma/Tr-me_1071.jpg,103673,meningioma,pituitary,0,0.992079,4,0,0.000066,0.007803,0.000052,0.992079
data_cv_fold4/Testing/meningioma/Tr-me_1072.jpg,103925,meningioma,pituitary,0,0.726964,4,0,0.022388,0.220539,0.030109,0.726964
data_cv_fold4/Testing/meningioma/Tr-me_1073.jpg,103925,meningioma,meningioma,1,0.973791,4,0,0.011476,0.973791,0.000852,0.013881
data_cv_fold4/Testing/meningioma/Tr-me_1074.jpg,103925,meningioma,meningioma,1,0.998582,4,0,0.000634,0.998582,0.000088,0.000696
data_cv_fold4/Testing/meningioma/Tr-me_1107.jpg,106914,meningioma,meningioma,1,0.999930,4,0,0.000049,0.999930,0.000016,0.000005
data_cv_fold4/Testing/meningioma/Tr-me_1108.jpg,106914,meningioma,meningioma,1,0.999992,4,0,0.000005,0.999992,0.000003,0.000001
data_cv_fold4/Testing/meningioma/Tr-me_1109.jpg,106914,meningioma,meningioma,1,0.999998,4,0,0.000001,0.999998,0.000001,0.000000
data_cv_fold4/Testing/meningioma/Tr-me_1110.jpg,106914,meningioma,meningioma,1,0.999991,4,0,0.000003,0.999991,0.000004,0.000002
data_cv_fold4/Testing/meningioma/Tr-me_1111.jpg,106914,meningioma,meningioma,1,0.999477,4,0,0.000140,0.999477,0.000348,0.000034
data_cv_fold4/Testing/meningioma/Tr-me_1125.jpg,108514,meningioma,glioma,0,0.919304,4,0,0.919304,0.079904,0.000143,0.000650
data_cv_fold4/Testing/meningioma/Tr-me_1126.jpg,108514,meningioma,meningioma,1,0.650907,4,0,0.345751,0.650907,0.002298,0.001045
data_cv_fold4/Testing/meningioma/Tr-me_1127.jpg,108514,meningioma,meningioma,1,0.999911,4,0,0.000036,0.999911,0.000035,0.000019
data_cv_fold4/Testing/meningioma/Tr-me_1128.jpg,108514,meningioma,meningioma,1,0.923875,4,0,0.075047,0.923875,0.000862,0.000216
data_cv_fold4/Testing/meningioma/Tr-me_1131.jpg,108590,meningioma,meningioma,1,0.999918,4,0,0.000002,0.999918,0.000038,0.000041
data_cv_fold4/Testing/meningioma/Tr-me_1143.jpg,111077,meningioma,meningioma,1,0.999885,4,0,0.000060,0.999885,0.000026,0.000029
data_cv_fold4/Testing/meningioma/Tr-me_1144.jpg,111077,meningioma,meningioma,1,0.999837,4,0,0.000075,0.999837,0.000070,0.000017
data_cv_fold4/Testing/meningioma/Tr-me_1150.jpg,111696,meningioma,meningioma,1,0.989839,4,0,0.000090,0.989839,0.000378,0.009693
data_cv_fold4/Testing/meningioma/Tr-me_1151.jpg,111710,meningioma,meningioma,1,0.999206,4,0,0.000205,0.999206,0.000520,0.000069
data_cv_fold4/Testing/meningioma/Tr-me_1152.jpg,111710,meningioma,meningioma,1,0.999880,4,0,0.000027,0.999880,0.000053,0.000040
data_cv_fold4/Testing/meningioma/Tr-me_1159.jpg,112252,meningioma,meningioma,1,0.999684,4,0,0.000047,0.999684,0.000049,0.000219
data_cv_fold4/Testing/meningioma/Tr-me_1160.jpg,112252,meningioma,meningioma,1,0.991875,4,0,0.001690,0.991875,0.003164,0.003270
data_cv_fold4/Testing/meningioma/Tr-me_1167.jpg,112648,meningioma,glioma,0,0.831684,4,0,0.831684,0.133576,0.032691,0.002048
data_cv_fold4/Testing/meningioma/Tr-me_1168.jpg,112648,meningioma,meningioma,1,0.999981,4,0,0.000006,0.999981,0.000006,0.000007
data_cv_fold4/Testing/meningioma/Tr-me_1169.jpg,112648,meningioma,meningioma,1,0.999658,4,0,0.000061,0.999658,0.000245,0.000036
data_cv_fold4/Testing/meningioma/Tr-me_1172.jpg,113098,meningioma,meningioma,1,0.999808,4,0,0.000026,0.999808,0.000012,0.000154
data_cv_fold4/Testing/meningioma/Tr-me_1173.jpg,113098,meningioma,meningioma,1,0.999894,4,0,0.000022,0.999894,0.000009,0.000076
data_cv_fold4/Testing/meningioma/Tr-me_1174.jpg,113098,meningioma,meningioma,1,0.998241,4,0,0.001587,0.998241,0.000004,0.000167
data_cv_fold4/Testing/meningioma/Tr-me_1183.jpg,113614,meningioma,meningioma,1,0.999026,4,0,0.000154,0.999026,0.000011,0.000809
data_cv_fold4/Testing/meningioma/Tr-me_1184.jpg,113614,meningioma,meningioma,1,0.999990,4,0,0.000003,0.999990,0.000002,0.000005
data_cv_fold4/Testing/meningioma/Tr-me_1185.jpg,113614,meningioma,meningioma,1,0.999998,4,0,0.000001,0.999998,0.000000,0.000001
data_cv_fold4/Testing/meningioma/Tr-me_1217.jpg,97943,meningioma,meningioma,1,0.999914,4,0,0.000026,0.999914,0.000036,0.000024
data_cv_fold4/Testing/meningioma/Tr-me_1218.jpg,97943,meningioma,meningioma,1,0.999995,4,0,0.000001,0.999995,0.000002,0.000001
data_cv_fold4/Testing/meningioma/Tr-me_1219.jpg,97943,meningioma,meningioma,1,0.999878,4,0,0.000002,0.999878,0.000116,0.000004
data_cv_fold4/Testing/meningioma/Tr-me_1220.jpg,97943,meningioma,meningioma,1,0.987365,4,0,0.006132,0.987365,0.006068,0.000436
data_cv_fold4/Testing/meningioma/Tr-me_1250.jpg,111077,meningioma,meningioma,1,0.993244,4,0,0.004982,0.993244,0.001260,0.000514
data_cv_fold4/Testing/meningioma/Tr-me_1260.jpg,111077,meningioma,meningioma,1,0.764703,4,0,0.229293,0.764703,0.004591,0.001412
data_cv_fold4/Testing/meningioma/Tr-me_1261.jpg,106914,meningioma,meningioma,1,0.999998,4,0,0.000002,0.999998,0.000000,0.000000
data_cv_fold4/Testing/meningioma/Tr-me_1262.jpg,106914,meningioma,meningioma,1,0.999998,4,0,0.000001,0.999998,0.000000,0.000000
data_cv_fold4/Testing/meningioma/Tr-me_1269.jpg,111077,meningioma,glioma,0,0.856110,4,0,0.856110,0.129371,0.012806,0.001713
data_cv_fold4/Testing/meningioma/Tr-me_1290.jpg,112252,meningioma,meningioma,1,0.995930,4,0,0.000884,0.995930,0.003038,0.000148
data_cv_fold4/Testing/meningioma/Tr-me_1291.jpg,108514,meningioma,glioma,0,0.987339,4,0,0.987339,0.012303,0.000286,0.000072
data_cv_fold4/Testing/meningioma/Tr-me_1301.jpg,112648,meningioma,meningioma,1,0.999976,4,0,0.000004,0.999976,0.000007,0.000014
data_cv_fold4/Testing/meningioma/Tr-me_1302.jpg,112648,meningioma,meningioma,1,0.999996,4,0,0.000000,0.999996,0.000000,0.000004
data_cv_fold4/Testing/meningioma/Tr-me_1303.jpg,108514,meningioma,meningioma,1,0.660135,4,0,0.339026,0.660135,0.000765,0.000075
data_cv_fold4/Testing/meningioma/Tr-me_1304.jpg,112648,meningioma,meningioma,1,0.999976,4,0,0.000008,0.999976,0.000003,0.000013
data_cv_fold4/Testing/meningioma/Tr-me_1314.jpg,108514,meningioma,glioma,0,0.579041,4,0,0.579041,0.419191,0.001577,0.000192
data_cv_fold4/Testing/meningioma/Tr-me_1323.jpg,108514,meningioma,meningioma,1,0.990594,4,0,0.009252,0.990594,0.000139,0.000014
data_cv_fold4/Testing/meningioma/Tr-me_1332.jpg,108514,meningioma,meningioma,1,0.999401,4,0,0.000585,0.999401,0.000010,0.000004
data_cv_fold4/Testing/meningioma/Tr-me_1337.jpg,97943,meningioma,meningioma,1,0.999925,4,0,0.000019,0.999925,0.000049,0.000007
data_cv_fold4/Testing/meningioma/Tr-me_1338.jpg,97943,meningioma,meningioma,1,0.996424,4,0,0.003470,0.996424,0.000091,0.000015
data_cv_fold4/Testing/notumor/Te-no_0106.jpg,nt1027,notumor,notumor,1,1.000000,4,0,0.000000,0.000000,1.000000,0.000000
data_cv_fold4/Testing/notumor/Te-no_0111.jpg,nt937,notumor,notumor,1,0.999989,4,0,0.000003,0.000008,0.999989,0.000000
data_cv_fold4/Testing/notumor/Te-no_0117.jpg,nt946,notumor,notumor,1,0.999997,4,0,0.000001,0.000002,0.999997,0.000000
data_cv_fold4/Testing/notumor/Te-no_0118.jpg,nt949,notumor,notumor,1,0.999703,4,0,0.000045,0.000236,0.999703,0.000015
data_cv_fold4/Testing/notumor/Te-no_0125.jpg,nt1031,notumor,notumor,1,0.999945,4,0,0.000022,0.000011,0.999945,0.000021
data_cv_fold4/Testing/notumor/Te-no_0135.jpg,nt852,notumor,notumor,1,0.999697,4,0,0.000161,0.000077,0.999697,0.000064
data_cv_fold4/Testing/notumor/Te-no_0138.jpg,nt969,notumor,notumor,1,0.999998,4,0,0.000000,0.000001,0.999998,0.000001
data_cv_fold4/Testing/notumor/Te-no_0141.jpg,nt867,notumor,notumor,1,0.999998,4,0,0.000001,0.000001,0.999998,0.000000
data_cv_fold4/Testing/notumor/Te-no_0145.jpg,nt513,notumor,notumor,1,0.999998,4,0,0.000000,0.000001,0.999998,0.000001
data_cv_fold4/Testing/notumor/Te-no_0147.jpg,nt885,notumor,notumor,1,0.999984,4,0,0.000003,0.000009,0.999984,0.000004
data_cv_fold4/Testing/notumor/Te-no_0154.jpg,nt449,notumor,notumor,1,0.999813,4,0,0.000033,0.000151,0.999813,0.000004
data_cv_fold4/Testing/notumor/Te-no_0156.jpg,nt907,notumor,notumor,1,0.999982,4,0,0.000004,0.000008,0.999982,0.000006
data_cv_fold4/Testing/notumor/Te-no_0159.jpg,nt556,notumor,notumor,1,0.999997,4,0,0.000002,0.000001,0.999997,0.000000
data_cv_fold4/Testing/notumor/Te-no_0164.jpg,nt1044,notumor,notumor,1,0.999991,4,0,0.000001,0.000004,0.999991,0.000004
data_cv_fold4/Testing/notumor/Te-no_0176.jpg,nt1048,notumor,notumor,1,0.999943,4,0,0.000041,0.000009,0.999943,0.000007
data_cv_fold4/Testing/notumor/Te-no_0179.jpg,nt833,notumor,notumor,1,0.999999,4,0,0.000000,0.000001,0.999999,0.000000
data_cv_fold4/Testing/notumor/Te-no_0181.jpg,nt1052,notumor,notumor,1,0.999998,4,0,0.000002,0.000000,0.999998,0.000000
data_cv_fold4/Testing/notumor/Te-no_0186.jpg,nt586,notumor,notumor,1,0.999733,4,0,0.000051,0.000204,0.999733,0.000013
data_cv_fold4/Testing/notumor/Te-no_0193.jpg,nt332,notumor,notumor,1,0.999997,4,0,0.000003,0.000000,0.999997,0.000000
data_cv_fold4/Testing/notumor/Te-no_0194.jpg,nt347,notumor,notumor,1,0.998756,4,0,0.001238,0.000001,0.998756,0.000005
data_cv_fold4/Testing/notumor/Te-no_0205.jpg,nt142,notumor,notumor,1,0.999993,4,0,0.000001,0.000005,0.999993,0.000001
data_cv_fold4/Testing/notumor/Te-no_0207.jpg,nt1058,notumor,notumor,1,0.999998,4,0,0.000000,0.000001,0.999998,0.000001
data_cv_fold4/Testing/notumor/Te-no_0209.jpg,nt1059,notumor,notumor,1,0.999981,4,0,0.000003,0.000003,0.999981,0.000013
data_cv_fold4/Testing/notumor/Te-no_0215.jpg,nt1063,notumor,notumor,1,0.999993,4,0,0.000002,0.000001,0.999993,0.000004
data_cv_fold4/Testing/notumor/Te-no_0217.jpg,nt310,notumor,notumor,1,1.000000,4,0,0.000000,0.000000,1.000000,0.000000
data_cv_fold4/Testing/notumor/Te-no_0231.jpg,nt983,notumor,notumor,1,0.999994,4,0,0.000001,0.000003,0.999994,0.000003
data_cv_fold4/Testing/notumor/Te-no_0232.jpg,nt985,notumor,notumor,1,0.999978,4,0,0.000019,0.000003,0.999978,0.000000
data_cv_fold4/Testing/notumor/Te-no_0240.jpg,nt976,notumor,notumor,1,0.999973,4,0,0.000022,0.000005,0.999973,0.000000
data_cv_fold4/Testing/notumor/Te-no_0246.jpg,nt1069,notumor,notumor,1,0.999997,4,0,0.000000,0.000002,0.999997,0.000000
data_cv_fold4/Testing/notumor/Te-no_0254.jpg,nt373,notumor,notumor,1,0.999993,4,0,0.000000,0.000006,0.999993,0.000001
data_cv_fold4/Testing/notumor/Te-no_0255.jpg,nt1073,notumor,notumor,1,0.999991,4,0,0.000001,0.000008,0.999991,0.000001
data_cv_fold4/Testing/notumor/Te-no_0258.jpg,nt867,notumor,notumor,1,0.999998,4,0,0.000001,0.000001,0.999998,0.000000
data_cv_fold4/Testing/notumor/Te-no_0267.jpg,nt1079,notumor,notumor,1,0.999994,4,0,0.000003,0.000003,0.999994,0.000000
data_cv_fold4/Testing/notumor/Te-no_0272.jpg,nt1083,notumor,notumor,1,0.999952,4,0,0.000000,0.000046,0.999952,0.000002
data_cv_fold4/Testing/notumor/Te-no_0275.jpg,nt1058,notumor,notumor,1,0.999999,4,0,0.000000,0.000001,0.999999,0.000000
data_cv_fold4/Testing/notumor/Te-no_0280.jpg,nt1088,notumor,notumor,1,0.999851,4,0,0.000100,0.000041,0.999851,0.000008
data_cv_fold4/Testing/notumor/Te-no_0286.jpg,nt1048,notumor,notumor,1,0.999952,4,0,0.000035,0.000008,0.999952,0.000006
data_cv_fold4/Testing/notumor/Te-no_0291.jpg,nt428,notumor,notumor,1,0.999994,4,0,0.000005,0.000001,0.999994,0.000000
data_cv_fold4/Testing/notumor/Te-no_0292.jpg,nt1093,notumor,notumor,1,0.999998,4,0,0.000000,0.000002,0.999998,0.000000
data_cv_fold4/Testing/notumor/Te-no_0302.jpg,nt142,notumor,notumor,1,0.999995,4,0,0.000001,0.000003,0.999995,0.000000
data_cv_fold4/Testing/notumor/Te-no_0308.jpg,nt464,notumor,notumor,1,0.999999,4,0,0.000000,0.000000,0.999999,0.000000
data_cv_fold4/Testing/notumor/Te-no_0311.jpg,nt815,notumor,notumor,1,0.999993,4,0,0.000001,0.000004,0.999993,0.000002
data_cv_fold4/Testing/notumor/Te-no_0316.jpg,nt439,notumor,notumor,1,1.000000,4,0,0.000000,0.000000,1.000000,0.000000
data_cv_fold4/Testing/notumor/Te-no_0318.jpg,nt347,notumor,notumor,1,0.999206,4,0,0.000788,0.000001,0.999206,0.000005
data_cv_fold4/Testing/notumor/Te-no_0325.jpg,nt1098,notumor,notumor,1,0.999807,4,0,0.000014,0.000165,0.999807,0.000014
data_cv_fold4/Testing/notumor/Te-no_0332.jpg,nt1027,notumor,notumor,1,1.000000,4,0,0.000000,0.000000,1.000000,0.000000
data_cv_fold4/Testing/notumor/Te-no_0338.jpg,nt330,notumor,notumor,1,0.999999,4,0,0.000001,0.000001,0.999999,0.000000
data_cv_fold4/Testing/notumor/Te-no_0343.jpg,nt1031,notumor,notumor,1,0.999958,4,0,0.000018,0.000010,0.999958,0.000015
data_cv_fold4/Testing/notumor/Te-no_0351.jpg,nt1106,notumor,notumor,1,0.999903,4,0,0.000011,0.000078,0.999903,0.000008
data_cv_fold4/Testing/notumor/Te-no_0353.jpg,nt500,notumor,notumor,1,0.999996,4,0,0.000000,0.000002,0.999996,0.000002
data_cv_fold4/Testing/notumor/Te-no_0366.jpg,nt426,notumor,notumor,1,0.999998,4,0,0.000001,0.000001,0.999998,0.000000
data_cv_fold4/Testing/notumor/Te-no_0369.jpg,nt372,notumor,notumor,1,0.999996,4,0,0.000001,0.000002,0.999996,0.000001
data_cv_fold4/Testing/notumor/Te-no_0370.jpg,nt373,notumor,notumor,1,0.999993,4,0,0.000000,0.000005,0.999993,0.000001
data_cv_fold4/Testing/notumor/Te-no_0379.jpg,nt1110,notumor,notumor,1,0.999995,4,0,0.000000,0.000001,0.999995,0.000004
data_cv_fold4/Testing/notumor/Te-no_0385.jpg,nt946,notumor,notumor,1,0.999993,4,0,0.000002,0.000005,0.999993,0.000000
data_cv_fold4/Testing/notumor/Te-no_0389.jpg,nt1031,notumor,notumor,1,0.999913,4,0,0.000038,0.000023,0.999913,0.000025
data_cv_fold4/Testing/notumor/Te-no_0391.jpg,nt440,notumor,notumor,1,0.999995,4,0,0.000000,0.000004,0.999995,0.000001
data_cv_fold4/Testing/notumor/Te-no_0394.jpg,nt1098,notumor,notumor,1,0.999839,4,0,0.000012,0.000138,0.999839,0.000012
data_cv_fold4/Testing/notumor/Te-no_0397.jpg,nt920,notumor,notumor,1,0.999993,4,0,0.000003,0.000002,0.999993,0.000003
data_cv_fold4/Testing/notumor/Tr-noTr_0001.jpg,nt1,notumor,notumor,1,0.981688,4,0,0.001921,0.015154,0.981688,0.001237
data_cv_fold4/Testing/notumor/Tr-noTr_0002.jpg,nt2,notumor,notumor,1,0.999469,4,0,0.000008,0.000380,0.999469,0.000143
data_cv_fold4/Testing/notumor/Tr-noTr_0004.jpg,nt4,notumor,notumor,1,0.999123,4,0,0.000004,0.000795,0.999123,0.000079
data_cv_fold4/Testing/notumor/Tr-noTr_0005.jpg,nt5,notumor,notumor,1,0.999995,4,0,0.000001,0.000003,0.999995,0.000000
data_cv_fold4/Testing/notumor/Tr-noTr_0006.jpg,nt6,notumor,notumor,1,1.000000,4,0,0.000000,0.000000,1.000000,0.000000
data_cv_fold4/Testing/notumor/Tr-no_0017.jpg,nt15,notumor,notumor,1,0.999999,4,0,0.000000,0.000001,0.999999,0.000000
data_cv_fold4/Testing/notumor/Tr-no_0019.jpg,nt17,notumor,notumor,1,0.999986,4,0,0.000000,0.000012,0.999986,0.000002
data_cv_fold4/Testing/notumor/Tr-no_0026.jpg,nt23,notumor,notumor,1,0.999880,4,0,0.000044,0.000009,0.999880,0.000067
data_cv_fold4/Testing/notumor/Tr-no_0038.jpg,nt34,notumor,notumor,1,0.999408,4,0,0.000060,0.000528,0.999408,0.000004
data_cv_fold4/Testing/notumor/Tr-no_0048.jpg,nt44,notumor,notumor,1,0.999872,4,0,0.000120,0.000008,0.999872,0.000000
data_cv_fold4/Testing/notumor/Tr-no_0051.jpg,nt47,notumor,notumor,1,0.999974,4,0,0.000015,0.000011,0.999974,0.000001
data_cv_fold4/Testing/notumor/Tr-no_0054.jpg,nt50,notumor,notumor,1,0.999948,4,0,0.000012,0.000030,0.999948,0.000010
data_cv_fold4/Testing/notumor/Tr-no_0055.jpg,nt51,notumor,notumor,1,0.978802,4,0,0.000111,0.020733,0.978802,0.000353
data_cv_fold4/Testing/notumor/Tr-no_0064.jpg,nt60,notumor,notumor,1,0.997843,4,0,0.000898,0.001139,0.997843,0.000119
data_cv_fold4/Testing/notumor/Tr-no_0065.jpg,nt61,notumor,notumor,1,0.991463,4,0,0.007974,0.000479,0.991463,0.000084
data_cv_fold4/Testing/notumor/Tr-no_0067.jpg,nt63,notumor,notumor,1,0.581479,4,0,0.000003,0.418514,0.581479,0.000003
data_cv_fold4/Testing/notumor/Tr-no_0068.jpg,nt64,notumor,notumor,1,0.999920,4,0,0.000001,0.000076,0.999920,0.000004
data_cv_fold4/Testing/notumor/Tr-no_0069.jpg,nt65,notumor,notumor,1,0.987208,4,0,0.000546,0.010999,0.987208,0.001247
data_cv_fold4/Testing/notumor/Tr-no_0070.jpg,nt66,notumor,notumor,1,0.997668,4,0,0.001796,0.000452,0.997668,0.000084
data_cv_fold4/Testing/notumor/Tr-no_0071.jpg,nt67,notumor,notumor,1,0.999997,4,0,0.000000,0.000002,0.999997,0.000001
data_cv_fold4/Testing/notumor/Tr-no_0080.jpg,nt51,notumor,notumor,1,0.967753,4,0,0.000160,0.031554,0.967753,0.000533
data_cv_fold4/Testing/notumor/Tr-no_0085.jpg,nt75,notumor,notumor,1,0.999383,4,0,0.000007,0.000031,0.999383,0.000579
data_cv_fold4/Testing/notumor/Tr-no_0086.jpg,nt76,notumor,notumor,1,0.465808,4,0,0.061785,0.012297,0.465808,0.460109
data_cv_fold4/Testing/notumor/Tr-no_0091.jpg,nt81,notumor,glioma,0,0.914120,4,0,0.914120,0.039081,0.041862,0.004937
data_cv_fold4/Testing/notumor/Tr-no_0093.jpg,nt83,notumor,notumor,1,0.918391,4,0,0.000011,0.061736,0.918391,0.019863
data_cv_fold4/Testing/notumor/Tr-no_0094.jpg,nt84,notumor,notumor,1,0.999987,4,0,0.000000,0.000013,0.999987,0.000001
data_cv_fold4/Testing/notumor/Tr-no_0098.jpg,nt88,notumor,notumor,1,0.933467,4,0,0.000014,0.066211,0.933467,0.000308
data_cv_fold4/Testing/notumor/Tr-no_0102.jpg,nt92,notumor,notumor,1,0.998940,4,0,0.000240,0.000768,0.998940,0.000052
data_cv_fold4/Testing/notumor/Tr-no_0111.jpg,nt101,notumor,notumor,1,0.999987,4,0,0.000002,0.000011,0.999987,0.000000
data_cv_fold4/Testing/notumor/Tr-no_0114.jpg,nt103,notumor,notumor,1,0.999996,4,0,0.000000,0.000003,0.999996,0.000000
data_cv_fold4/Testing/notumor/Tr-no_0115.jpg,nt104,notumor,notumor,1,0.999999,4,0,0.000000,0.000000,0.999999,0.000001
data_cv_fold4/Testing/notumor/Tr-no_0121.jpg,nt110,notumor,notumor,1,0.999994,4,0,0.000000,0.000005,0.999994,0.000001
data_cv_fold4/Testing/notumor/Tr-no_0128.jpg,nt114,notumor,notumor,1,0.999897,4,0,0.000002,0.000056,0.999897,0.000044
data_cv_fold4/Testing/notumor/Tr-no_0134.jpg,nt117,notumor,notumor,1,0.999987,4,0,0.000004,0.000005,0.999987,0.000004
data_cv_fold4/Testing/notumor/Tr-no_0147.jpg,nt127,notumor,notumor,1,0.999813,4,0,0.000103,0.000084,0.999813,0.000000
data_cv_fold4/Testing/notumor/Tr-no_0155.jpg,nt134,notumor,notumor,1,0.997011,4,0,0.001256,0.001318,0.997011,0.000416
data_cv_fold4/Testing/notumor/Tr-no_0162.jpg,nt140,notumor,notumor,1,0.999971,4,0,0.000004,0.000019,0.999971,0.000006
data_cv_fold4/Testing/notumor/Tr-no_0165.jpg,nt142,notumor,notumor,1,0.999993,4,0,0.000001,0.000005,0.999993,0.000001
data_cv_fold4/Testing/notumor/Tr-no_0167.jpg,nt144,notumor,notumor,1,1.000000,4,0,0.000000,0.000000,1.000000,0.000000
data_cv_fold4/Testing/notumor/Tr-no_0175.jpg,nt152,notumor,notumor,1,0.999988,4,0,0.000010,0.000001,0.999988,0.000000
data_cv_fold4/Testing/notumor/Tr-no_0184.jpg,nt158,notumor,notumor,1,0.999990,4,0,0.000000,0.000009,0.999990,0.000001
data_cv_fold4/Testing/notumor/Tr-no_0191.jpg,nt162,notumor,glioma,0,0.958085,4,0,0.958085,0.006865,0.034737,0.000314
data_cv_fold4/Testing/notumor/Tr-no_0197.jpg,nt168,notumor,notumor,1,0.999971,4,0,0.000019,0.000005,0.999971,0.000005
data_cv_fold4/Testing/notumor/Tr-no_0206.jpg,nt176,notumor,notumor,1,0.999995,4,0,0.000003,0.000002,0.999995,0.000000
data_cv_fold4/Testing/notumor/Tr-no_0211.jpg,nt181,notumor,notumor,1,0.999998,4,0,0.000000,0.000001,0.999998,0.000001
data_cv_fold4/Testing/notumor/Tr-no_0217.jpg,nt186,notumor,notumor,1,0.999929,4,0,0.000008,0.000060,0.999929,0.000004
data_cv_fold4/Testing/notumor/Tr-no_0226.jpg,nt191,notumor,notumor,1,0.999998,4,0,0.000001,0.000001,0.999998,0.000001
data_cv_fold4/Testing/notumor/Tr-no_0230.jpg,nt194,notumor,notumor,1,0.996519,4,0,0.000110,0.003366,0.996519,0.000005
data_cv_fold4/Testing/notumor/Tr-no_0246.jpg,nt204,notumor,notumor,1,0.995768,4,0,0.000676,0.003468,0.995768,0.000088
data_cv_fold4/Testing/notumor/Tr-no_0251.jpg,nt209,notumor,notumor,1,0.999932,4,0,0.000025,0.000035,0.999932,0.000009
data_cv_fold4/Testing/notumor/Tr-no_0256.jpg,nt214,notumor,notumor,1,0.513412,4,0,0.445282,0.039987,0.513412,0.001319
data_cv_fold4/Testing/notumor/Tr-no_0262.jpg,nt219,notumor,notumor,1,0.911539,4,0,0.000027,0.000077,0.911539,0.088357
data_cv_fold4/Testing/notumor/Tr-no_0269.jpg,nt224,notumor,notumor,1,0.999697,4,0,0.000018,0.000062,0.999697,0.000224
data_cv_fold4/Testing/notumor/Tr-no_0275.jpg,nt229,notumor,notumor,1,0.999481,4,0,0.000023,0.000042,0.999481,0.000454
data_cv_fold4/Testing/notumor/Tr-no_0284.jpg,nt235,notumor,notumor,1,0.999997,4,0,0.000001,0.000001,0.999997,0.000001
data_cv_fold4/Testing/notumor/Tr-no_0287.jpg,nt238,notumor,notumor,1,0.999474,4,0,0.000021,0.000493,0.999474,0.000011
data_cv_fold4/Testing/notumor/Tr-no_0292.jpg,nt242,notumor,notumor,1,0.999993,4,0,0.000001,0.000004,0.999993,0.000002
data_cv_fold4/Testing/notumor/Tr-no_0295.jpg,nt244,notumor,notumor,1,0.999637,4,0,0.000001,0.000296,0.999637,0.000066
data_cv_fold4/Testing/notumor/Tr-no_0302.jpg,nt250,notumor,notumor,1,0.996078,4,0,0.003440,0.000449,0.996078,0.000033
data_cv_fold4/Testing/notumor/Tr-no_0310.jpg,nt258,notumor,notumor,1,0.999656,4,0,0.000069,0.000243,0.999656,0.000032
data_cv_fold4/Testing/notumor/Tr-no_0315.jpg,nt263,notumor,notumor,1,0.997413,4,0,0.000027,0.002529,0.997413,0.000032
data_cv_fold4/Testing/notumor/Tr-no_0321.jpg,nt268,notumor,notumor,1,0.979392,4,0,0.000054,0.020437,0.979392,0.000117
data_cv_fold4/Testing/notumor/Tr-no_0329.jpg,nt272,notumor,notumor,1,0.999999,4,0,0.000000,0.000001,0.999999,0.000000
data_cv_fold4/Testing/notumor/Tr-no_0330.jpg,nt273,notumor,notumor,1,0.999851,4,0,0.000023,0.000117,0.999851,0.000009
data_cv_fold4/Testing/notumor/Tr-no_0342.jpg,nt273,notumor,notumor,1,0.999814,4,0,0.000030,0.000145,0.999814,0.000011
data_cv_fold4/Testing/notumor/Tr-no_0348.jpg,nt278,notumor,notumor,1,0.999353,4,0,0.000024,0.000277,0.999353,0.000347
data_cv_fold4/Testing/notumor/Tr-no_0354.jpg,nt282,notumor,meningioma,0,0.524062,4,0,0.000042,0.524062,0.470237,0.005659
data_cv_fold4/Testing/notumor/Tr-no_0359.jpg,nt287,notumor,notumor,1,0.843001,4,0,0.143106,0.013732,0.843001,0.000161
data_cv_fold4/Testing/notumor/Tr-no_0367.jpg,nt117,notumor,notumor,1,0.999974,4,0,0.000007,0.000012,0.999974,0.000007
data_cv_fold4/Testing/notumor/Tr-no_0376.jpg,nt292,notumor,notumor,1,0.999994,4,0,0.000001,0.000003,0.999994,0.000002
data_cv_fold4/Testing/notumor/Tr-no_0381.jpg,nt297,notumor,notumor,1,0.999998,4,0,0.000000,0.000002,0.999998,0.000000
data_cv_fold4/Testing/notumor/Tr-no_0384.jpg,nt300,notumor,notumor,1,0.999998,4,0,0.000001,0.000001,0.999998,0.000001
data_cv_fold4/Testing/notumor/Tr-no_0389.jpg,nt305,notumor,notumor,1,0.982037,4,0,0.000130,0.000220,0.982037,0.017614
data_cv_fold4/Testing/notumor/Tr-no_0395.jpg,nt310,notumor,notumor,1,1.000000,4,0,0.000000,0.000000,1.000000,0.000000
data_cv_fold4/Testing/notumor/Tr-no_0400.jpg,nt315,notumor,notumor,1,0.999990,4,0,0.000004,0.000001,0.999990,0.000005
data_cv_fold4/Testing/notumor/Tr-no_0402.jpg,nt317,notumor,notumor,1,0.999991,4,0,0.000003,0.000004,0.999991,0.000002
data_cv_fold4/Testing/notumor/Tr-no_0408.jpg,nt323,notumor,notumor,1,0.999989,4,0,0.000004,0.000003,0.999989,0.000003
data_cv_fold4/Testing/notumor/Tr-no_0416.jpg,nt330,notumor,notumor,1,0.999998,4,0,0.000001,0.000001,0.999998,0.000000
data_cv_fold4/Testing/notumor/Tr-no_0418.jpg,nt332,notumor,notumor,1,0.999996,4,0,0.000003,0.000000,0.999996,0.000000
data_cv_fold4/Testing/notumor/Tr-no_0425.jpg,nt339,notumor,notumor,1,0.999952,4,0,0.000015,0.000010,0.999952,0.000023
data_cv_fold4/Testing/notumor/Tr-no_0433.jpg,nt347,notumor,notumor,1,0.999592,4,0,0.000405,0.000001,0.999592,0.000003
data_cv_fold4/Testing/notumor/Tr-no_0437.jpg,nt351,notumor,notumor,1,0.999978,4,0,0.000004,0.000011,0.999978,0.000007
data_cv_fold4/Testing/notumor/Tr-no_0443.jpg,nt357,notumor,notumor,1,0.999980,4,0,0.000007,0.000008,0.999980,0.000005
data_cv_fold4/Testing/notumor/Tr-no_0452.jpg,nt366,notumor,notumor,1,1.000000,4,0,0.000000,0.000000,1.000000,0.000000
data_cv_fold4/Testing/notumor/Tr-no_0455.jpg,nt369,notumor,notumor,1,1.000000,4,0,0.000000,0.000000,1.000000,0.000000
data_cv_fold4/Testing/notumor/Tr-no_0458.jpg,nt372,notumor,notumor,1,0.999998,4,0,0.000001,0.000001,0.999998,0.000000
data_cv_fold4/Testing/notumor/Tr-no_0459.jpg,nt373,notumor,notumor,1,0.999993,4,0,0.000000,0.000005,0.999993,0.000001
data_cv_fold4/Testing/notumor/Tr-no_0468.jpg,nt382,notumor,notumor,1,0.999999,4,0,0.000000,0.000001,0.999999,0.000000
data_cv_fold4/Testing/notumor/Tr-no_0469.jpg,nt383,notumor,notumor,1,0.999986,4,0,0.000000,0.000008,0.999986,0.000006
data_cv_fold4/Testing/notumor/Tr-no_0471.jpg,nt385,notumor,notumor,1,0.999987,4,0,0.000006,0.000005,0.999987,0.000002
data_cv_fold4/Testing/notumor/Tr-no_0480.jpg,nt394,notumor,notumor,1,1.000000,4,0,0.000000,0.000000,1.000000,0.000000
data_cv_fold4/Testing/notumor/Tr-no_0490.jpg,nt404,notumor,notumor,1,0.999860,4,0,0.000001,0.000136,0.999860,0.000003
data_cv_fold4/Testing/notumor/Tr-no_0492.jpg,nt406,notumor,notumor,1,0.999989,4,0,0.000009,0.000002,0.999989,0.000001
data_cv_fold4/Testing/notumor/Tr-no_0498.jpg,nt412,notumor,notumor,1,0.999844,4,0,0.000067,0.000078,0.999844,0.000011
data_cv_fold4/Testing/notumor/Tr-no_0505.jpg,nt419,notumor,notumor,1,0.999999,4,0,0.000000,0.000001,0.999999,0.000000
data_cv_fold4/Testing/notumor/Tr-no_0508.jpg,nt422,notumor,notumor,1,0.999763,4,0,0.000097,0.000135,0.999763,0.000005
data_cv_fold4/Testing/notumor/Tr-no_0512.jpg,nt426,notumor,notumor,1,0.999997,4,0,0.000001,0.000001,0.999997,0.000001
data_cv_fold4/Testing/notumor/Tr-no_0514.jpg,nt428,notumor,notumor,1,0.999996,4,0,0.000003,0.000001,0.999996,0.000000
data_cv_fold4/Testing/notumor/Tr-no_0525.jpg,nt439,notumor,notumor,1,1.000000,4,0,0.000000,0.000000,1.000000,0.000000
data_cv_fold4/Testing/notumor/Tr-no_0526.jpg,nt440,notumor,notumor,1,0.999994,4,0,0.000000,0.000005,0.999994,0.000001
data_cv_fold4/Testing/notumor/Tr-no_0532.jpg,nt339,notumor,notumor,1,0.999930,4,0,0.000037,0.000003,0.999930,0.000031
data_cv_fold4/Testing/notumor/Tr-no_0537.jpg,nt449,notumor,notumor,1,0.999759,4,0,0.000045,0.000192,0.999759,0.000004
data_cv_fold4/Testing/notumor/Tr-no_0540.jpg,nt406,notumor,notumor,1,0.999989,4,0,0.000009,0.000001,0.999989,0.000001
data_cv_fold4/Testing/notumor/Tr-no_0543.jpg,nt452,notumor,notumor,1,0.999976,4,0,0.000005,0.000002,0.999976,0.000018
data_cv_fold4/Testing/notumor/Tr-no_0553.jpg,nt457,notumor,notumor,1,0.999964,4,0,0.000022,0.000009,0.999964,0.000006
data_cv_fold4/Testing/notumor/Tr-no_0557.jpg,nt461,notumor,notumor,1,0.999995,4,0,0.000000,0.000002,0.999995,0.000002
data_cv_fold4/Testing/notumor/Tr-no_0560.jpg,nt464,notumor,notumor,1,0.999999,4,0,0.000000,0.000000,0.999999,0.000000
data_cv_fold4/Testing/notumor/Tr-no_0572.jpg,nt5,notumor,notumor,1,0.999997,4,0,0.000001,0.000002,0.999997,0.000000
data_cv_fold4/Testing/notumor/Tr-no_0573.jpg,nt242,notumor,notumor,1,0.999994,4,0,0.000001,0.000003,0.999994,0.000002
data_cv_fold4/Testing/notumor/Tr-no_0576.jpg,nt475,notumor,notumor,1,0.999755,4,0,0.000089,0.000126,0.999755,0.000030
data_cv_fold4/Testing/notumor/Tr-no_0580.jpg,nt477,notumor,notumor,1,0.999989,4,0,0.000001,0.000008,0.999989,0.000003
data_cv_fold4/Testing/notumor/Tr-no_0584.jpg,nt481,notumor,notumor,1,0.999756,4,0,0.000015,0.000183,0.999756,0.000046
data_cv_fold4/Testing/notumor/Tr-no_0591.jpg,nt488,notumor,notumor,1,0.999831,4,0,0.000154,0.000003,0.999831,0.000012
data_cv_fold4/Testing/notumor/Tr-no_0595.jpg,nt491,notumor,notumor,1,0.999951,4,0,0.000014,0.000022,0.999951,0.000013
data_cv_fold4/Testing/notumor/Tr-no_0605.jpg,nt500,notumor,notumor,1,0.999995,4,0,0.000000,0.000002,0.999995,0.000002
data_cv_fold4/Testing/notumor/Tr-no_0614.jpg,nt509,notumor,notumor,1,0.999992,4,0,0.000001,0.000004,0.999992,0.000002
data_cv_fold4/Testing/notumor/Tr-no_0618.jpg,nt513,notumor,notumor,1,0.999998,4,0,0.000000,0.000001,0.999998,0.000001
data_cv_fold4/Testing/notumor/Tr-no_0621.jpg,nt516,notumor,notumor,1,0.998457,4,0,0.000060,0.001435,0.998457,0.000049
data_cv_fold4/Testing/notumor/Tr-no_0627.jpg,nt521,notumor,notumor,1,0.999980,4,0,0.000005,0.000014,0.999980,0.000002
data_cv_fold4/Testing/notumor/Tr-no_0632.jpg,nt366,notumor,notumor,1,1.000000,4,0,0.000000,0.000000,1.000000,0.000000
data_cv_fold4/Testing/notumor/Tr-no_0637.jpg,nt529,notumor,notumor,1,0.999654,4,0,0.000157,0.000142,0.999654,0.000047
data_cv_fold4/Testing/notumor/Tr-no_0641.jpg,nt532,notumor,notumor,1,1.000000,4,0,0.000000,0.000000,1.000000,0.000000
data_cv_fold4/Testing/notumor/Tr-no_0647.jpg,nt537,notumor,notumor,1,0.999996,4,0,0.000000,0.000003,0.999996,0.000001
data_cv_fold4/Testing/notumor/Tr-no_0651.jpg,nt541,notumor,notumor,1,0.999984,4,0,0.000004,0.000008,0.999984,0.000004
data_cv_fold4/Testing/notumor/Tr-no_0662.jpg,nt548,notumor,notumor,1,1.000000,4,0,0.000000,0.000000,1.000000,0.000000
data_cv_fold4/Testing/notumor/Tr-no_0668.jpg,nt554,notumor,notumor,1,0.999999,4,0,0.000000,0.000000,0.999999,0.000000
data_cv_fold4/Testing/notumor/Tr-no_0670.jpg,nt556,notumor,notumor,1,0.999996,4,0,0.000002,0.000001,0.999996,0.000000
data_cv_fold4/Testing/notumor/Tr-no_0679.jpg,nt564,notumor,notumor,1,1.000000,4,0,0.000000,0.000000,1.000000,0.000000
data_cv_fold4/Testing/notumor/Tr-no_0680.jpg,nt565,notumor,notumor,1,1.000000,4,0,0.000000,0.000000,1.000000,0.000000
data_cv_fold4/Testing/notumor/Tr-no_0681.jpg,nt426,notumor,notumor,1,0.999998,4,0,0.000001,0.000001,0.999998,0.000000
data_cv_fold4/Testing/notumor/Tr-no_0688.jpg,nt572,notumor,notumor,1,0.999993,4,0,0.000002,0.000004,0.999993,0.000001
data_cv_fold4/Testing/notumor/Tr-no_0697.jpg,nt578,notumor,notumor,1,0.999997,4,0,0.000001,0.000001,0.999997,0.000002
data_cv_fold4/Testing/notumor/Tr-no_0698.jpg,nt140,notumor,notumor,1,0.999979,4,0,0.000003,0.000014,0.999979,0.000004
data_cv_fold4/Testing/notumor/Tr-no_0704.jpg,nt579,notumor,notumor,1,0.999995,4,0,0.000004,0.000000,0.999995,0.000000
data_cv_fold4/Testing/notumor/Tr-no_0715.jpg,nt586,notumor,notumor,1,0.999634,4,0,0.000043,0.000311,0.999634,0.000012
data_cv_fold4/Testing/notumor/Tr-no_0717.jpg,nt140,notumor,notumor,1,0.999973,4,0,0.000004,0.000016,0.999973,0.000007
data_cv_fold4/Testing/notumor/Tr-no_0722.jpg,nt339,notumor,notumor,1,0.999966,4,0,0.000011,0.000003,0.999966,0.000020
data_cv_fold4/Testing/notumor/Tr-no_0723.jpg,nt590,notumor,notumor,1,0.999947,4,0,0.000010,0.000039,0.999947,0.000004
data_cv_fold4/Testing/notumor/Tr-no_0727.jpg,nt449,notumor,notumor,1,0.999767,4,0,0.000037,0.000192,0.999767,0.000004
data_cv_fold4/Testing/notumor/Tr-no_0728.jpg,nt406,notumor,notumor,1,0.999993,4,0,0.000005,0.000001,0.999993,0.000001
data_cv_fold4/Testing/notumor/Tr-no_0731.jpg,nt594,notumor,notumor,1,0.999713,4,0,0.000031,0.000215,0.999713,0.000040
data_cv_fold4/Testing/notumor/Tr-no_0742.jpg,nt604,notumor,notumor,1,0.999985,4,0,0.000007,0.000008,0.999985,0.000001
data_cv_fold4/Testing/notumor/Tr-no_0752.jpg,nt614,notumor,notumor,1,0.999988,4,0,0.000007,0.000005,0.999988,0.000001
data_cv_fold4/Testing/notumor/Tr-no_0753.jpg,nt142,notumor,notumor,1,0.999992,4,0,0.000002,0.000006,0.999992,0.000001
data_cv_fold4/Testing/notumor/Tr-no_0759.jpg,nt620,notumor,notumor,1,0.999977,4,0,0.000008,0.000005,0.999977,0.000011
data_cv_fold4/Testing/notumor/Tr-no_0764.jpg,nt625,notumor,notumor,1,0.999191,4,0,0.000181,0.000400,0.999191,0.000228
data_cv_fold4/Testing/notumor/Tr-no_0775.jpg,nt634,notumor,notumor,1,0.999993,4,0,0.000002,0.000001,0.999993,0.000005
data_cv_fold4/Testing/notumor/Tr-no_0786.jpg,nt644,notumor,notumor,1,0.999824,4,0,0.000026,0.000137,0.999824,0.000013
data_cv_fold4/Testing/notumor/Tr-no_0798.jpg,nt654,notumor,notumor,1,0.999958,4,0,0.000008,0.000021,0.999958,0.000012
data_cv_fold4/Testing/notumor/Tr-no_0799.jpg,nt655,notumor,notumor,1,0.999999,4,0,0.000000,0.000001,0.999999,0.000000
data_cv_fold4/Testing/notumor/Tr-no_0809.jpg,nt664,notumor,notumor,1,0.999997,4,0,0.000000,0.000001,0.999997,0.000002
data_cv_fold4/Testing/notumor/Tr-no_0816.jpg,nt457,notumor,notumor,1,0.999944,4,0,0.000029,0.000019,0.999944,0.000008
data_cv_fold4/Testing/notumor/Tr-no_0820.jpg,nt674,notumor,notumor,1,0.999968,4,0,0.000001,0.000009,0.999968,0.000022
data_cv_fold4/Testing/notumor/Tr-no_0825.jpg,nt679,notumor,notumor,1,0.999989,4,0,0.000002,0.000009,0.999989,0.000000
data_cv_fold4/Testing/notumor/Tr-no_0830.jpg,nt683,notumor,notumor,1,0.999976,4,0,0.000012,0.000010,0.999976,0.000002
data_cv_fold4/Testing/notumor/Tr-no_0836.jpg,nt689,notumor,notumor,1,0.999979,4,0,0.000010,0.000007,0.999979,0.000004
data_cv_fold4/Testing/notumor/Tr-no_0841.jpg,nt693,notumor,notumor,1,0.999987,4,0,0.000008,0.000005,0.999987,0.000000
data_cv_fold4/Testing/notumor/Tr-no_0847.jpg,nt699,notumor,notumor,1,0.999747,4,0,0.000065,0.000141,0.999747,0.000048
data_cv_fold4/Testing/notumor/Tr-no_0850.jpg,nt702,notumor,notumor,1,0.999979,4,0,0.000011,0.000009,0.999979,0.000001
data_cv_fold4/Testing/notumor/Tr-no_0856.jpg,nt708,notumor,notumor,1,0.999994,4,0,0.000002,0.000002,0.999994,0.000001
data_cv_fold4/Testing/notumor/Tr-no_0860.jpg,nt712,notumor,notumor,1,0.999952,4,0,0.000012,0.000031,0.999952,0.000005
data_cv_fold4/Testing/notumor/Tr-no_0864.jpg,nt152,notumor,notumor,1,0.999990,4,0,0.000009,0.000000,0.999990,0.000000
data_cv_fold4/Testing/notumor/Tr-no_0867.jpg,nt718,notumor,notumor,1,0.999995,4,0,0.000002,0.000002,0.999995,0.000001
data_cv_fold4/Testing/notumor/Tr-no_0871.jpg,nt722,notumor,notumor,1,0.999847,4,0,0.000030,0.000097,0.999847,0.000026
data_cv_fold4/Testing/notumor/Tr-no_0878.jpg,nt727,notumor,notumor,1,0.999997,4,0,0.000001,0.000001,0.999997,0.000001
data_cv_fold4/Testing/notumor/Tr-no_0882.jpg,nt731,notumor,notumor,1,0.999987,4,0,0.000007,0.000003,0.999987,0.000003
data_cv_fold4/Testing/notumor/Tr-no_0888.jpg,nt736,notumor,notumor,1,1.000000,4,0,0.000000,0.000000,1.000000,0.000000
data_cv_fold4/Testing/notumor/Tr-no_0893.jpg,nt740,notumor,notumor,1,0.999978,4,0,0.000015,0.000005,0.999978,0.000001
data_cv_fold4/Testing/notumor/Tr-no_0899.jpg,nt745,notumor,notumor,1,1.000000,4,0,0.000000,0.000000,1.000000,0.000000
data_cv_fold4/Testing/notumor/Tr-no_0909.jpg,nt754,notumor,notumor,1,0.999993,4,0,0.000001,0.000001,0.999993,0.000005
data_cv_fold4/Testing/notumor/Tr-no_0920.jpg,nt764,notumor,notumor,1,0.999996,4,0,0.000001,0.000002,0.999996,0.000001
data_cv_fold4/Testing/notumor/Tr-no_0921.jpg,nt168,notumor,notumor,1,0.999977,4,0,0.000015,0.000003,0.999977,0.000004
data_cv_fold4/Testing/notumor/Tr-no_0926.jpg,nt464,notumor,notumor,1,1.000000,4,0,0.000000,0.000000,1.000000,0.000000
data_cv_fold4/Testing/notumor/Tr-no_0927.jpg,nt769,notumor,notumor,1,0.999899,4,0,0.000062,0.000038,0.999899,0.000002
data_cv_fold4/Testing/notumor/Tr-no_0931.jpg,nt773,notumor,notumor,1,0.999982,4,0,0.000016,0.000002,0.999982,0.000001
data_cv_fold4/Testing/notumor/Tr-no_0932.jpg,nt23,notumor,notumor,1,0.999851,4,0,0.000051,0.000012,0.999851,0.000086
data_cv_fold4/Testing/notumor/Tr-no_0937.jpg,nt778,notumor,notumor,1,0.999951,4,0,0.000008,0.000015,0.999951,0.000026
data_cv_fold4/Testing/notumor/Tr-no_0942.jpg,nt782,notumor,notumor,1,0.999924,4,0,0.000020,0.000015,0.999924,0.000041
data_cv_fold4/Testing/notumor/Tr-no_0948.jpg,nt787,notumor,notumor,1,0.999946,4,0,0.000018,0.000023,0.999946,0.000013
data_cv_fold4/Testing/notumor/Tr-no_0953.jpg,nt791,notumor,notumor,1,0.999991,4,0,0.000006,0.000003,0.999991,0.000000
data_cv_fold4/Testing/notumor/Tr-no_0954.jpg,nt792,notumor,notumor,1,0.999999,4,0,0.000000,0.000001,0.999999,0.000000
data_cv_fold4/Testing/notumor/Tr-no_0959.jpg,nt797,notumor,notumor,1,0.999989,4,0,0.000006,0.000001,0.999989,0.000004
data_cv_fold4/Testing/notumor/Tr-no_0972.jpg,nt140,notumor,notumor,1,0.999968,4,0,0.000004,0.000022,0.999968,0.000006
data_cv_fold4/Testing/notumor/Tr-no_0990.jpg,nt801,notumor,notumor,1,0.990900,4,0,0.000076,0.008528,0.990900,0.000496
data_cv_fold4/Testing/notumor/Tr-no_0992.jpg,nt803,notumor,notumor,1,0.999418,4,0,0.000024,0.000481,0.999418,0.000077
data_cv_fold4/Testing/notumor/Tr-no_0996.jpg,nt191,notumor,notumor,1,0.999999,4,0,0.000000,0.000001,0.999999,0.000001
data_cv_fold4/Testing/notumor/Tr-no_0998.jpg,nt235,notumor,notumor,1,0.999996,4,0,0.000001,0.000002,0.999996,0.000002
data_cv_fold4/Testing/notumor/Tr-no_0999.jpg,nt792,notumor,notumor,1,0.999999,4,0,0.000000,0.000001,0.999999,0.000000
data_cv_fold4/Testing/notumor/Tr-no_1002.jpg,nt235,notumor,notumor,1,0.999996,4,0,0.000001,0.000002,0.999996,0.000001
data_cv_fold4/Testing/notumor/Tr-no_1003.jpg,nt5,notumor,notumor,1,0.999995,4,0,0.000001,0.000003,0.999995,0.000000
data_cv_fold4/Testing/notumor/Tr-no_1009.jpg,nt5,notumor,notumor,1,0.999995,4,0,0.000001,0.000003,0.999995,0.000000
data_cv_fold4/Testing/notumor/Tr-no_1020.jpg,nt477,notumor,notumor,1,0.999982,4,0,0.000001,0.000013,0.999982,0.000004
data_cv_fold4/Testing/notumor/Tr-no_1026.jpg,nt464,notumor,notumor,1,1.000000,4,0,0.000000,0.000000,1.000000,0.000000
data_cv_fold4/Testing/notumor/Tr-no_1032.jpg,nt242,notumor,notumor,1,0.999993,4,0,0.000002,0.000004,0.999993,0.000002
data_cv_fold4/Testing/notumor/Tr-no_1037.jpg,nt310,notumor,notumor,1,1.000000,4,0,0.000000,0.000000,1.000000,0.000000
data_cv_fold4/Testing/notumor/Tr-no_1041.jpg,nt168,notumor,notumor,1,0.999977,4,0,0.000015,0.000004,0.999977,0.000004
data_cv_fold4/Testing/notumor/Tr-no_1051.jpg,nt142,notumor,notumor,1,0.999993,4,0,0.000001,0.000005,0.999993,0.000001
data_cv_fold4/Testing/notumor/Tr-no_1053.jpg,nt815,notumor,notumor,1,0.999995,4,0,0.000000,0.000004,0.999995,0.000001
data_cv_fold4/Testing/notumor/Tr-no_1054.jpg,nt6,notumor,notumor,1,1.000000,4,0,0.000000,0.000000,1.000000,0.000000
data_cv_fold4/Testing/notumor/Tr-no_1062.jpg,nt817,notumor,notumor,1,0.999998,4,0,0.000000,0.000001,0.999998,0.000000
data_cv_fold4/Testing/notumor/Tr-no_1074.jpg,nt803,notumor,notumor,1,0.999714,4,0,0.000012,0.000222,0.999714,0.000051
data_cv_fold4/Testing/notumor/Tr-no_1143.jpg,nt823,notumor,notumor,1,0.999999,4,0,0.000000,0.000000,0.999999,0.000000
data_cv_fold4/Testing/notumor/Tr-no_1160.jpg,nt168,notumor,notumor,1,0.999979,4,0,0.000014,0.000003,0.999979,0.000004
data_cv_fold4/Testing/notumor/Tr-no_1167.jpg,nt152,notumor,notumor,1,0.999987,4,0,0.000011,0.000001,0.999987,0.000000
data_cv_fold4/Testing/notumor/Tr-no_1185.jpg,nt792,notumor,notumor,1,0.999998,4,0,0.000001,0.000001,0.999998,0.000000
data_cv_fold4/Testing/notumor/Tr-no_1186.jpg,nt235,notumor,notumor,1,0.999995,4,0,0.000001,0.000002,0.999995,0.000002
data_cv_fold4/Testing/notumor/Tr-no_1188.jpg,nt5,notumor,notumor,1,0.999997,4,0,0.000001,0.000002,0.999997,0.000000
data_cv_fold4/Testing/notumor/Tr-no_1191.jpg,nt6,notumor,notumor,1,0.999999,4,0,0.000000,0.000000,0.999999,0.000000
data_cv_fold4/Testing/notumor/Tr-no_1199.jpg,nt477,notumor,notumor,1,0.999981,4,0,0.000001,0.000013,0.999981,0.000005
data_cv_fold4/Testing/notumor/Tr-no_1204.jpg,nt548,notumor,notumor,1,1.000000,4,0,0.000000,0.000000,1.000000,0.000000
data_cv_fold4/Testing/notumor/Tr-no_1208.jpg,nt565,notumor,notumor,1,1.000000,4,0,0.000000,0.000000,1.000000,0.000000
data_cv_fold4/Testing/notumor/Tr-no_1215.jpg,nt833,notumor,notumor,1,0.999999,4,0,0.000000,0.000001,0.999999,0.000000
data_cv_fold4/Testing/notumor/Tr-no_1218.jpg,nt394,notumor,notumor,1,1.000000,4,0,0.000000,0.000000,1.000000,0.000000
data_cv_fold4/Testing/notumor/Tr-no_1221.jpg,nt835,notumor,notumor,1,0.999982,4,0,0.000002,0.000013,0.999982,0.000003
data_cv_fold4/Testing/notumor/Tr-no_1238.jpg,nt844,notumor,notumor,1,0.999992,4,0,0.000001,0.000004,0.999992,0.000003
data_cv_fold4/Testing/notumor/Tr-no_1245.jpg,nt404,notumor,notumor,1,0.999918,4,0,0.000001,0.000079,0.999918,0.000002
data_cv_fold4/Testing/notumor/Tr-no_1254.jpg,nt852,notumor,notumor,1,0.999785,4,0,0.000097,0.000074,0.999785,0.000044
data_cv_fold4/Testing/notumor/Tr-no_1259.jpg,nt854,notumor,notumor,1,0.999999,4,0,0.000000,0.000001,0.999999,0.000000
data_cv_fold4/Testing/notumor/Tr-no_1264.jpg,nt419,notumor,notumor,1,0.999999,4,0,0.000000,0.000001,0.999999,0.000000
data_cv_fold4/Testing/notumor/Tr-no_1270.jpg,nt860,notumor,notumor,1,0.999996,4,0,0.000003,0.000001,0.999996,0.000000
data_cv_fold4/Testing/notumor/Tr-no_1272.jpg,nt862,notumor,notumor,1,1.000000,4,0,0.000000,0.000000,1.000000,0.000000
data_cv_fold4/Testing/notumor/Tr-no_1277.jpg,nt867,notumor,notumor,1,0.999997,4,0,0.000002,0.000001,0.999997,0.000000
data_cv_fold4/Testing/notumor/Tr-no_1281.jpg,nt869,notumor,notumor,1,0.999999,4,0,0.000000,0.000001,0.999999,0.000000
data_cv_fold4/Testing/notumor/Tr-no_1287.jpg,nt874,notumor,notumor,1,0.999996,4,0,0.000000,0.000003,0.999996,0.000000
data_cv_fold4/Testing/notumor/Tr-no_1301.jpg,nt885,notumor,notumor,1,0.999984,4,0,0.000003,0.000009,0.999984,0.000003
data_cv_fold4/Testing/notumor/Tr-no_1302.jpg,nt373,notumor,notumor,1,0.999994,4,0,0.000000,0.000005,0.999994,0.000001
data_cv_fold4/Testing/notumor/Tr-no_1311.jpg,nt889,notumor,notumor,1,0.999992,4,0,0.000001,0.000004,0.999992,0.000003
data_cv_fold4/Testing/notumor/Tr-no_1317.jpg,nt382,notumor,notumor,1,0.999999,4,0,0.000000,0.000001,0.999999,0.000000
data_cv_fold4/Testing/notumor/Tr-no_1319.jpg,nt896,notumor,notumor,1,0.999999,4,0,0.000000,0.000000,0.999999,0.000000
data_cv_fold4/Testing/notumor/Tr-no_1323.jpg,nt900,notumor,notumor,1,0.998582,4,0,0.000764,0.000586,0.998582,0.000068
data_cv_fold4/Testing/notumor/Tr-no_1325.jpg,nt385,notumor,notumor,1,0.999982,4,0,0.000008,0.000008,0.999982,0.000002
data_cv_fold4/Testing/notumor/Tr-no_1332.jpg,nt906,notumor,notumor,1,0.999999,4,0,0.000000,0.000000,0.999999,0.000000
data_cv_fold4/Testing/notumor/Tr-no_1333.jpg,nt907,notumor,notumor,1,0.999980,4,0,0.000005,0.000009,0.999980,0.000006
data_cv_fold4/Testing/notumor/Tr-no_1340.jpg,nt532,notumor,notumor,1,1.000000,4,0,0.000000,0.000000,1.000000,0.000000
data_cv_fold4/Testing/notumor/Tr-no_1350.jpg,nt915,notumor,notumor,1,1.000000,4,0,0.000000,0.000000,1.000000,0.000000
data_cv_fold4/Testing/notumor/Tr-no_1356.jpg,nt920,notumor,notumor,1,0.999995,4,0,0.000001,0.000001,0.999995,0.000002
data_cv_fold4/Testing/notumor/Tr-no_1362.jpg,nt926,notumor,notumor,1,1.000000,4,0,0.000000,0.000000,1.000000,0.000000
data_cv_fold4/Testing/notumor/Tr-no_1369.jpg,nt931,notumor,notumor,1,1.000000,4,0,0.000000,0.000000,1.000000,0.000000
data_cv_fold4/Testing/notumor/Tr-no_1376.jpg,nt315,notumor,notumor,1,0.999995,4,0,0.000002,0.000000,0.999995,0.000003
data_cv_fold4/Testing/notumor/Tr-no_1380.jpg,nt937,notumor,notumor,1,0.999990,4,0,0.000003,0.000007,0.999990,0.000000
data_cv_fold4/Testing/notumor/Tr-no_1382.jpg,nt938,notumor,notumor,1,0.999979,4,0,0.000003,0.000016,0.999979,0.000003
data_cv_fold4/Testing/notumor/Tr-no_1384.jpg,nt323,notumor,notumor,1,0.999989,4,0,0.000004,0.000004,0.999989,0.000003
data_cv_fold4/Testing/notumor/Tr-no_1392.jpg,nt946,notumor,notumor,1,0.999995,4,0,0.000002,0.000003,0.999995,0.000000
data_cv_fold4/Testing/notumor/Tr-no_1395.jpg,nt948,notumor,notumor,1,0.999923,4,0,0.000034,0.000027,0.999923,0.000015
data_cv_fold4/Testing/notumor/Tr-no_1396.jpg,nt949,notumor,notumor,1,0.999668,4,0,0.000049,0.000266,0.999668,0.000017
data_cv_fold4/Testing/notumor/Tr-no_1415.jpg,nt958,notumor,notumor,1,0.998488,4,0,0.000042,0.000940,0.998488,0.000530
data_cv_fold4/Testing/notumor/Tr-no_1423.jpg,nt351,notumor,notumor,1,0.999981,4,0,0.000004,0.000009,0.999981,0.000007
data_cv_fold4/Testing/notumor/Tr-no_1426.jpg,nt963,notumor,notumor,1,0.999730,4,0,0.000119,0.000069,0.999730,0.000082
data_cv_fold4/Testing/notumor/Tr-no_1433.jpg,nt969,notumor,notumor,1,0.999998,4,0,0.000000,0.000001,0.999998,0.000001
data_cv_fold4/Testing/notumor/Tr-no_1436.jpg,nt971,notumor,notumor,1,0.998944,4,0,0.000013,0.000774,0.998944,0.000269
data_cv_fold4/Testing/notumor/Tr-no_1444.jpg,nt976,notumor,notumor,1,0.999958,4,0,0.000034,0.000008,0.999958,0.000000
data_cv_fold4/Testing/notumor/Tr-no_1446.jpg,nt578,notumor,notumor,1,0.999997,4,0,0.000001,0.000001,0.999997,0.000001
data_cv_fold4/Testing/notumor/Tr-no_1453.jpg,nt481,notumor,notumor,1,0.999854,4,0,0.000009,0.000108,0.999854,0.000029
data_cv_fold4/Testing/notumor/Tr-no_1454.jpg,nt981,notumor,notumor,1,0.999945,4,0,0.000017,0.000027,0.999945,0.000012
data_cv_fold4/Testing/notumor/Tr-no_1460.jpg,nt983,notumor,notumor,1,0.999988,4,0,0.000001,0.000007,0.999988,0.000004
data_cv_fold4/Testing/notumor/Tr-no_1462.jpg,nt985,notumor,notumor,1,0.999974,4,0,0.000021,0.000005,0.999974,0.000000
data_cv_fold4/Testing/notumor/Tr-no_1469.jpg,nt491,notumor,notumor,1,0.999932,4,0,0.000023,0.000030,0.999932,0.000015
data_cv_fold4/Testing/notumor/Tr-no_1475.jpg,nt655,notumor,notumor,1,0.999999,4,0,0.000000,0.000001,0.999999,0.000000
data_cv_fold4/Testing/notumor/Tr-no_1482.jpg,nt990,notumor,notumor,1,0.999978,4,0,0.000001,0.000018,0.999978,0.000002
data_cv_fold4/Testing/notumor/Tr-no_1487.jpg,nt833,notumor,notumor,1,0.999998,4,0,0.000001,0.000001,0.999998,0.000000
data_cv_fold4/Testing/notumor/Tr-no_1488.jpg,nt594,notumor,notumor,1,0.999896,4,0,0.000014,0.000075,0.999896,0.000016
data_cv_fold4/Testing/notumor/Tr-no_1495.jpg,nt513,notumor,notumor,1,0.999998,4,0,0.000000,0.000001,0.999998,0.000001
data_cv_fold4/Testing/notumor/Tr-no_1496.jpg,nt586,notumor,notumor,1,0.999630,4,0,0.000030,0.000329,0.999630,0.000011
data_cv_fold4/Testing/notumor/Tr-no_1501.jpg,nt516,notumor,notumor,1,0.998321,4,0,0.000091,0.001531,0.998321,0.000057
data_cv_fold4/Testing/notumor/Tr-no_1509.jpg,nt997,notumor,notumor,1,0.999860,4,0,0.000055,0.000077,0.999860,0.000008
data_cv_fold4/Testing/notumor/Tr-no_1510.jpg,nt860,notumor,notumor,1,0.999995,4,0,0.000004,0.000001,0.999995,0.000000
data_cv_fold4/Testing/notumor/Tr-no_1511.jpg,nt867,notumor,notumor,1,0.999997,4,0,0.000002,0.000001,0.999997,0.000000
data_cv_fold4/Testing/notumor/Tr-no_1513.jpg,nt366,notumor,notumor,1,1.000000,4,0,0.000000,0.000000,1.000000,0.000000
data_cv_fold4/Testing/notumor/Tr-no_1515.jpg,nt983,notumor,notumor,1,0.999985,4,0,0.000002,0.000007,0.999985,0.000006
data_cv_fold4/Testing/notumor/Tr-no_1520.jpg,nt1000,notumor,notumor,1,0.999999,4,0,0.000000,0.000000,0.999999,0.000000
data_cv_fold4/Testing/notumor/Tr-no_1527.jpg,nt537,notumor,notumor,1,0.999996,4,0,0.000000,0.000002,0.999996,0.000001
data_cv_fold4/Testing/notumor/Tr-no_1529.jpg,nt1005,notumor,notumor,1,0.999987,4,0,0.000000,0.000012,0.999987,0.000000
data_cv_fold4/Testing/notumor/Tr-no_1538.jpg,nt382,notumor,notumor,1,0.999999,4,0,0.000000,0.000001,0.999999,0.000000
data_cv_fold4/Testing/notumor/Tr-no_1543.jpg,nt937,notumor,notumor,1,0.999987,4,0,0.000003,0.000010,0.999987,0.000000
data_cv_fold4/Testing/notumor/Tr-no_1547.jpg,nt323,notumor,notumor,1,0.999991,4,0,0.000004,0.000003,0.999991,0.000002
data_cv_fold4/Testing/notumor/Tr-no_1558.jpg,nt330,notumor,notumor,1,0.999997,4,0,0.000001,0.000002,0.999997,0.000000
data_cv_fold4/Testing/notumor/Tr-no_1563.jpg,nt439,notumor,notumor,1,1.000000,4,0,0.000000,0.000000,1.000000,0.000000
data_cv_fold4/Testing/notumor/Tr-no_1568.jpg,nt1016,notumor,notumor,1,0.913477,4,0,0.041112,0.038839,0.913477,0.006572
data_cv_fold4/Testing/notumor/Tr-no_1578.jpg,nt915,notumor,notumor,1,1.000000,4,0,0.000000,0.000000,1.000000,0.000000
data_cv_fold4/Testing/notumor/Tr-no_1580.jpg,nt1021,notumor,notumor,1,0.999993,4,0,0.000001,0.000002,0.999993,0.000004
data_cv_fold4/Testing/notumor/Tr-no_1588.jpg,nt926,notumor,notumor,1,1.000000,4,0,0.000000,0.000000,1.000000,0.000000
data_cv_fold4/Testing/notumor/Tr-no_1591.jpg,nt931,notumor,notumor,1,1.000000,4,0,0.000000,0.000000,1.000000,0.000000
data_cv_fold4/Testing/pituitary/Te-piTr_0001.jpg,58392,pituitary,pituitary,1,0.999620,4,0,0.000005,0.000260,0.000115,0.999620
data_cv_fold4/Testing/pituitary/Te-piTr_0009.jpg,101029,pituitary,pituitary,1,0.994289,4,0,0.001122,0.000342,0.004247,0.994289
data_cv_fold4/Testing/pituitary/Te-pi_0011.jpg,101305,pituitary,pituitary,1,0.999994,4,0,0.000000,0.000005,0.000001,0.999994
data_cv_fold4/Testing/pituitary/Te-pi_0012.jpg,102648,pituitary,glioma,0,0.706679,4,0,0.706679,0.084600,0.000850,0.207871
data_cv_fold4/Testing/pituitary/Te-pi_0013.jpg,102648,pituitary,pituitary,1,0.707371,4,0,0.227041,0.033805,0.031783,0.707371
data_cv_fold4/Testing/pituitary/Te-pi_0019.jpg,103671,pituitary,pituitary,1,0.992363,4,0,0.000050,0.007440,0.000147,0.992363
data_cv_fold4/Testing/pituitary/Te-pi_0020.jpg,103731,pituitary,pituitary,1,0.999756,4,0,0.000000,0.000212,0.000032,0.999756
data_cv_fold4/Testing/pituitary/Te-pi_0021.jpg,103731,pituitary,pituitary,1,0.999993,4,0,0.000001,0.000003,0.000003,0.999993
data_cv_fold4/Testing/pituitary/Te-pi_0022.jpg,103731,pituitary,pituitary,1,0.999829,4,0,0.000019,0.000108,0.000044,0.999829
data_cv_fold4/Testing/pituitary/Te-pi_0024.jpg,104558,pituitary,pituitary,1,0.999976,4,0,0.000000,0.000015,0.000010,0.999976
data_cv_fold4/Testing/pituitary/Te-pi_0025.jpg,104558,pituitary,pituitary,1,0.904811,4,0,0.000000,0.095173,0.000015,0.904811
data_cv_fold4/Testing/pituitary/Te-pi_0035.jpg,97890,pituitary,pituitary,1,0.998406,4,0,0.000041,0.000306,0.001248,0.998406
data_cv_fold4/Testing/pituitary/Te-pi_0047.jpg,101029,pituitary,pituitary,1,0.999997,4,0,0.000000,0.000001,0.000002,0.999997
data_cv_fold4/Testing/pituitary/Te-pi_0048.jpg,101305,pituitary,pituitary,1,0.999997,4,0,0.000000,0.000002,0.000001,0.999997
data_cv_fold4/Testing/pituitary/Te-pi_0049.jpg,101305,pituitary,pituitary,1,0.999808,4,0,0.000009,0.000016,0.000167,0.999808
data_cv_fold4/Testing/pituitary/Te-pi_0050.jpg,101724,pituitary,pituitary,1,0.999730,4,0,0.000077,0.000088,0.000106,0.999730
data_cv_fold4/Testing/pituitary/Te-pi_0051.jpg,102648,pituitary,pituitary,1,0.989512,4,0,0.010148,0.000112,0.000228,0.989512
data_cv_fold4/Testing/pituitary/Te-pi_0061.jpg,107743,pituitary,pituitary,1,0.999995,4,0,0.000000,0.000004,0.000002,0.999995
data_cv_fold4/Testing/pituitary/Te-pi_0069.jpg,110518,pituitary,pituitary,1,0.999971,4,0,0.000000,0.000012,0.000017,0.999971
data_cv_fold4/Testing/pituitary/Te-pi_0070.jpg,110537,pituitary,pituitary,1,0.999787,4,0,0.000007,0.000078,0.000128,0.999787
data_cv_fold4/Testing/pituitary/Te-pi_0071.jpg,110537,pituitary,pituitary,1,0.995191,4,0,0.000006,0.003162,0.001641,0.995191
data_cv_fold4/Testing/pituitary/Te-pi_0097.jpg,107743,pituitary,pituitary,1,0.999998,4,0,0.000001,0.000000,0.000001,0.999998
data_cv_fold4/Testing/pituitary/Te-pi_0104.jpg,110518,pituitary,pituitary,1,0.999211,4,0,0.000047,0.000467,0.000274,0.999211
data_cv_fold4/Testing/pituitary/Te-pi_0105.jpg,110537,pituitary,pituitary,1,0.998323,4,0,0.000075,0.000063,0.001538,0.998323
data_cv_fold4/Testing/pituitary/Te-pi_0107.jpg,58392,pituitary,pituitary,1,0.999543,4,0,0.000007,0.000273,0.000177,0.999543
data_cv_fold4/Testing/pituitary/Te-pi_0127.jpg,107743,pituitary,pituitary,1,0.999994,4,0,0.000000,0.000006,0.000000,0.999994
data_cv_fold4/Testing/pituitary/Te-pi_0134.jpg,110537,pituitary,pituitary,1,0.999974,4,0,0.000001,0.000006,0.000019,0.999974
data_cv_fold4/Testing/pituitary/Te-pi_0145.jpg,101305,pituitary,pituitary,1,0.999948,4,0,0.000000,0.000051,0.000001,0.999948
data_cv_fold4/Testing/pituitary/Te-pi_0146.jpg,101724,pituitary,pituitary,1,0.996214,4,0,0.000032,0.003244,0.000511,0.996214
data_cv_fold4/Testing/pituitary/Te-pi_0147.jpg,102648,pituitary,pituitary,1,0.498081,4,0,0.347665,0.152301,0.001953,0.498081
data_cv_fold4/Testing/pituitary/Te-pi_0156.jpg,103671,pituitary,pituitary,1,0.949795,4,0,0.013426,0.032478,0.004302,0.949795
data_cv_fold4/Testing/pituitary/Te-pi_0157.jpg,103731,pituitary,pituitary,1,0.999991,4,0,0.000001,0.000004,0.000004,0.999991
data_cv_fold4/Testing/pituitary/Te-pi_0158.jpg,103731,pituitary,pituitary,1,0.998555,4,0,0.000127,0.001202,0.000115,0.998555
data_cv_fold4/Testing/pituitary/Te-pi_0162.jpg,101029,pituitary,pituitary,1,0.998976,4,0,0.000139,0.000088,0.000796,0.998976
data_cv_fold4/Testing/pituitary/Te-pi_0163.jpg,104558,pituitary,pituitary,1,0.999963,4,0,0.000000,0.000034,0.000003,0.999963
data_cv_fold4/Testing/pituitary/Te-pi_0164.jpg,104558,pituitary,meningioma,0,0.636708,4,0,0.000001,0.636708,0.000008,0.363283
data_cv_fold4/Testing/pituitary/Te-pi_0179.jpg,97599,pituitary,meningioma,0,0.520512,4,0,0.001245,0.520512,0.014361,0.463882
data_cv_fold4/Testing/pituitary/Te-pi_0180.jpg,97890,pituitary,pituitary,1,0.969816,4,0,0.001110,0.009173,0.019902,0.969816
data_cv_fold4/Testing/pituitary/Te-pi_0194.jpg,101029,pituitary,pituitary,1,0.999976,4,0,0.000001,0.000006,0.000017,0.999976
data_cv_fold4/Testing/pituitary/Te-pi_0197.jpg,101305,pituitary,pituitary,1,0.999997,4,0,0.000002,0.000000,0.000001,0.999997
data_cv_fold4/Testing/pituitary/Te-pi_0198.jpg,101305,pituitary,pituitary,1,0.999898,4,0,0.000011,0.000010,0.000081,0.999898
data_cv_fold4/Testing/pituitary/Te-pi_0199.jpg,101724,pituitary,pituitary,1,0.999822,4,0,0.000046,0.000070,0.000062,0.999822
data_cv_fold4/Testing/pituitary/Te-pi_0200.jpg,102648,pituitary,pituitary,1,0.997984,4,0,0.001708,0.000035,0.000274,0.997984
data_cv_fold4/Testing/pituitary/Te-pi_0209.jpg,103671,pituitary,pituitary,1,0.999975,4,0,0.000015,0.000008,0.000002,0.999975
data_cv_fold4/Testing/pituitary/Te-pi_0210.jpg,103731,pituitary,pituitary,1,0.999332,4,0,0.000017,0.000455,0.000196,0.999332
data_cv_fold4/Testing/pituitary/Te-pi_0211.jpg,103731,pituitary,pituitary,1,0.999895,4,0,0.000011,0.000026,0.000068,0.999895
data_cv_fold4/Testing/pituitary/Te-pi_0215.jpg,104558,pituitary,pituitary,1,0.999734,4,0,0.000008,0.000251,0.000007,0.999734
data_cv_fold4/Testing/pituitary/Te-pi_0231.jpg,97890,pituitary,pituitary,1,0.999994,4,0,0.000001,0.000002,0.000002,0.999994
data_cv_fold4/Testing/pituitary/Te-pi_0239.jpg,107743,pituitary,pituitary,1,0.999989,4,0,0.000001,0.000002,0.000008,0.999989
data_cv_fold4/Testing/pituitary/Te-pi_0244.jpg,101029,pituitary,pituitary,1,0.999988,4,0,0.000000,0.000000,0.000012,0.999988
data_cv_fold4/Testing/pituitary/Te-pi_0245.jpg,101029,pituitary,pituitary,1,0.999993,4,0,0.000000,0.000000,0.000007,0.999993
data_cv_fold4/Testing/pituitary/Te-pi_0247.jpg,101305,pituitary,pituitary,1,0.999975,4,0,0.000012,0.000002,0.000010,0.999975
data_cv_fold4/Testing/pituitary/Te-pi_0248.jpg,101724,pituitary,pituitary,1,0.959254,4,0,0.000779,0.000195,0.039772,0.959254
data_cv_fold4/Testing/pituitary/Te-pi_0250.jpg,102648,pituitary,pituitary,1,0.936703,4,0,0.058472,0.002688,0.002137,0.936703
data_cv_fold4/Testing/pituitary/Te-pi_0251.jpg,102648,pituitary,glioma,0,0.365393,4,0,0.365393,0.100463,0.191026,0.343117
data_cv_fold4/Testing/pituitary/Te-pi_0261.jpg,103671,pituitary,pituitary,1,0.999941,4,0,0.000001,0.000035,0.000024,0.999941
data_cv_fold4/Testing/pituitary/Te-pi_0262.jpg,103731,pituitary,pituitary,1,0.999998,4,0,0.000000,0.000001,0.000001,0.999998
data_cv_fold4/Testing/pituitary/Te-pi_0263.jpg,103731,pituitary,pituitary,1,0.999997,4,0,0.000000,0.000001,0.000002,0.999997
data_cv_fold4/Testing/pituitary/Te-pi_0267.jpg,104558,pituitary,pituitary,1,0.972850,4,0,0.000475,0.026594,0.000080,0.972850
data_cv_fold4/Testing/pituitary/Te-pi_0268.jpg,104558,pituitary,pituitary,1,0.971435,4,0,0.000009,0.028485,0.000072,0.971435
data_cv_fold4/Testing/pituitary/Te-pi_0269.jpg,104558,pituitary,pituitary,1,0.787054,4,0,0.000472,0.210386,0.002088,0.787054
data_cv_fold4/Testing/pituitary/Te-pi_0285.jpg,97890,pituitary,pituitary,1,0.997440,4,0,0.000016,0.000016,0.002529,0.997440
data_cv_fold4/Testing/pituitary/Te-pi_0286.jpg,97890,pituitary,pituitary,1,0.999463,4,0,0.000001,0.000003,0.000533,0.999463
data_cv_fold4/Testing/pituitary/Tr-piTr_0000.jpg,110537,pituitary,pituitary,1,0.999617,4,0,0.000005,0.000065,0.000312,0.999617
data_cv_fold4/Testing/pituitary/Tr-piTr_0002.jpg,103671,pituitary,pituitary,1,0.999998,4,0,0.000001,0.000001,0.000001,0.999998
data_cv_fold4/Testing/pituitary/Tr-pi_0051.jpg,104558,pituitary,pituitary,1,0.855173,4,0,0.000216,0.144375,0.000236,0.855173
data_cv_fold4/Testing/pituitary/Tr-pi_0052.jpg,104558,pituitary,meningioma,0,0.830038,4,0,0.000239,0.830038,0.000916,0.168807
data_cv_fold4/Testing/pituitary/Tr-pi_0053.jpg,104558,pituitary,pituitary,1,0.984756,4,0,0.000070,0.015135,0.000039,0.984756
data_cv_fold4/Testing/pituitary/Tr-pi_0054.jpg,104558,pituitary,pituitary,1,0.977289,4,0,0.000015,0.022581,0.000115,0.977289
data_cv_fold4/Testing/pituitary/Tr-pi_0055.jpg,104558,pituitary,pituitary,1,0.998327,4,0,0.000005,0.001650,0.000019,0.998327
data_cv_fold4/Testing/pituitary/Tr-pi_0057.jpg,104558,pituitary,pituitary,1,0.975549,4,0,0.000068,0.024214,0.000170,0.975549
data_cv_fold4/Testing/pituitary/Tr-pi_0058.jpg,104558,pituitary,pituitary,1,0.993252,4,0,0.000125,0.006475,0.000149,0.993252
data_cv_fold4/Testing/pituitary/Tr-pi_0110.jpg,97599,pituitary,notumor,0,0.697013,4,0,0.000113,0.091108,0.697013,0.211765
data_cv_fold4/Testing/pituitary/Tr-pi_0113.jpg,97599,pituitary,pituitary,1,0.834702,4,0,0.002874,0.010126,0.152298,0.834702
data_cv_fold4/Testing/pituitary/Tr-pi_0114.jpg,97890,pituitary,pituitary,1,0.998821,4,0,0.000005,0.000039,0.001136,0.998821
data_cv_fold4/Testing/pituitary/Tr-pi_0115.jpg,97890,pituitary,pituitary,1,0.998946,4,0,0.000002,0.000110,0.000941,0.998946
data_cv_fold4/Testing/pituitary/Tr-pi_0116.jpg,97890,pituitary,pituitary,1,0.999398,4,0,0.000002,0.000338,0.000262,0.999398
data_cv_fold4/Testing/pituitary/Tr-pi_0117.jpg,97890,pituitary,pituitary,1,0.993207,4,0,0.000050,0.000752,0.005990,0.993207
data_cv_fold4/Testing/pituitary/Tr-pi_0118.jpg,97890,pituitary,pituitary,1,0.999920,4,0,0.000000,0.000028,0.000051,0.999920
data_cv_fold4/Testing/pituitary/Tr-pi_0119.jpg,97890,pituitary,pituitary,1,0.999853,4,0,0.000001,0.000026,0.000120,0.999853
data_cv_fold4/Testing/pituitary/Tr-pi_0173.jpg,101029,pituitary,pituitary,1,0.999984,4,0,0.000000,0.000001,0.000015,0.999984
data_cv_fold4/Testing/pituitary/Tr-pi_0174.jpg,101029,pituitary,pituitary,1,0.999966,4,0,0.000000,0.000005,0.000028,0.999966
data_cv_fold4/Testing/pituitary/Tr-pi_0175.jpg,101029,pituitary,pituitary,1,0.999990,4,0,0.000000,0.000000,0.000009,0.999990
data_cv_fold4/Testing/pituitary/Tr-pi_0176.jpg,101029,pituitary,pituitary,1,0.999998,4,0,0.000000,0.000001,0.000002,0.999998
data_cv_fold4/Testing/pituitary/Tr-pi_0177.jpg,101029,pituitary,pituitary,1,0.999991,4,0,0.000001,0.000000,0.000007,0.999991
data_cv_fold4/Testing/pituitary/Tr-pi_0179.jpg,101029,pituitary,pituitary,1,0.999967,4,0,0.000001,0.000002,0.000030,0.999967
data_cv_fold4/Testing/pituitary/Tr-pi_0180.jpg,101029,pituitary,pituitary,1,0.999984,4,0,0.000000,0.000001,0.000014,0.999984
data_cv_fold4/Testing/pituitary/Tr-pi_0185.jpg,101305,pituitary,pituitary,1,0.999966,4,0,0.000002,0.000024,0.000008,0.999966
data_cv_fold4/Testing/pituitary/Tr-pi_0186.jpg,101305,pituitary,pituitary,1,0.999947,4,0,0.000003,0.000040,0.000010,0.999947
data_cv_fold4/Testing/pituitary/Tr-pi_0187.jpg,101305,pituitary,pituitary,1,0.999878,4,0,0.000017,0.000065,0.000040,0.999878
data_cv_fold4/Testing/pituitary/Tr-pi_0188.jpg,101305,pituitary,pituitary,1,0.998892,4,0,0.000086,0.000874,0.000149,0.998892
data_cv_fold4/Testing/pituitary/Tr-pi_0190.jpg,101724,pituitary,pituitary,1,0.999241,4,0,0.000376,0.000328,0.000055,0.999241
data_cv_fold4/Testing/pituitary/Tr-pi_0191.jpg,101724,pituitary,pituitary,1,0.999946,4,0,0.000013,0.000013,0.000029,0.999946
data_cv_fold4/Testing/pituitary/Tr-pi_0192.jpg,101724,pituitary,pituitary,1,0.994873,4,0,0.000394,0.002052,0.002681,0.994873
data_cv_fold4/Testing/pituitary/Tr-pi_0193.jpg,101724,pituitary,pituitary,1,0.999192,4,0,0.000441,0.000199,0.000168,0.999192
data_cv_fold4/Testing/pituitary/Tr-pi_0194.jpg,101724,pituitary,pituitary,1,0.995969,4,0,0.000138,0.003264,0.000628,0.995969
data_cv_fold4/Testing/pituitary/Tr-pi_0195.jpg,101724,pituitary,pituitary,1,0.999025,4,0,0.000036,0.000903,0.000036,0.999025
data_cv_fold4/Testing/pituitary/Tr-pi_0196.jpg,102648,pituitary,pituitary,1,0.855332,4,0,0.092005,0.043336,0.009327,0.855332
data_cv_fold4/Testing/pituitary/Tr-pi_0197.jpg,102648,pituitary,glioma,0,0.510589,4,0,0.510589,0.099167,0.031886,0.358358
data_cv_fold4/Testing/pituitary/Tr-pi_0198.jpg,102648,pituitary,glioma,0,0.811501,4,0,0.811501,0.010855,0.012787,0.164856
data_cv_fold4/Testing/pituitary/Tr-pi_0199.jpg,102648,pituitary,pituitary,1,0.823974,4,0,0.069711,0.039595,0.066719,0.823974
data_cv_fold4/Testing/pituitary/Tr-pi_0201.jpg,102648,pituitary,pituitary,1,0.635232,4,0,0.010263,0.158550,0.195955,0.635232
data_cv_fold4/Testing/pituitary/Tr-pi_0202.jpg,102648,pituitary,pituitary,1,0.890103,4,0,0.001709,0.103175,0.005013,0.890103
data_cv_fold4/Testing/pituitary/Tr-pi_0203.jpg,102648,pituitary,pituitary,1,0.700158,4,0,0.015311,0.282520,0.002011,0.700158
data_cv_fold4/Testing/pituitary/Tr-pi_0211.jpg,101029,pituitary,pituitary,1,0.997330,4,0,0.001899,0.000187,0.000584,0.997330
data_cv_fold4/Testing/pituitary/Tr-pi_0223.jpg,101029,pituitary,pituitary,1,0.999300,4,0,0.000440,0.000015,0.000244,0.999300
data_cv_fold4/Testing/pituitary/Tr-pi_0234.jpg,101029,pituitary,pituitary,1,0.999981,4,0,0.000012,0.000002,0.000006,0.999981
data_cv_fold4/Testing/pituitary/Tr-pi_0238.jpg,103671,pituitary,pituitary,1,0.999800,4,0,0.000001,0.000173,0.000026,0.999800
data_cv_fold4/Testing/pituitary/Tr-pi_0239.jpg,103671,pituitary,pituitary,1,0.999726,4,0,0.000000,0.000271,0.000003,0.999726
data_cv_fold4/Testing/pituitary/Tr-pi_0240.jpg,103671,pituitary,pituitary,1,0.997157,4,0,0.000027,0.002617,0.000199,0.997157
data_cv_fold4/Testing/pituitary/Tr-pi_0241.jpg,103671,pituitary,pituitary,1,0.998930,4,0,0.000003,0.001047,0.000020,0.998930
data_cv_fold4/Testing/pituitary/Tr-pi_0242.jpg,103671,pituitary,pituitary,1,0.999166,4,0,0.000019,0.000805,0.000010,0.999166
data_cv_fold4/Testing/pituitary/Tr-pi_0243.jpg,103731,pituitary,pituitary,1,0.999994,4,0,0.000000,0.000006,0.000000,0.999994
data_cv_fold4/Testing/pituitary/Tr-pi_0244.jpg,103731,pituitary,pituitary,1,0.999956,4,0,0.000005,0.000037,0.000003,0.999956
data_cv_fold4/Testing/pituitary/Tr-pi_0245.jpg,101029,pituitary,pituitary,1,0.993325,4,0,0.001220,0.000381,0.005074,0.993325
data_cv_fold4/Testing/pituitary/Tr-pi_0246.jpg,103731,pituitary,pituitary,1,0.999962,4,0,0.000013,0.000013,0.000012,0.999962
data_cv_fold4/Testing/pituitary/Tr-pi_0247.jpg,103731,pituitary,pituitary,1,0.999994,4,0,0.000000,0.000006,0.000000,0.999994
data_cv_fold4/Testing/pituitary/Tr-pi_0248.jpg,103731,pituitary,pituitary,1,0.999769,4,0,0.000002,0.000216,0.000013,0.999769
data_cv_fold4/Testing/pituitary/Tr-pi_0253.jpg,103671,pituitary,pituitary,1,0.999995,4,0,0.000001,0.000002,0.000001,0.999995
data_cv_fold4/Testing/pituitary/Tr-pi_0254.jpg,103671,pituitary,pituitary,1,0.999983,4,0,0.000004,0.000002,0.000010,0.999983
data_cv_fold4/Testing/pituitary/Tr-pi_0255.jpg,103731,pituitary,pituitary,1,0.999947,4,0,0.000008,0.000025,0.000020,0.999947
data_cv_fold4/Testing/pituitary/Tr-pi_0257.jpg,103731,pituitary,pituitary,1,0.999976,4,0,0.000004,0.000015,0.000005,0.999976
data_cv_fold4/Testing/pituitary/Tr-pi_0258.jpg,103731,pituitary,pituitary,1,0.999888,4,0,0.000007,0.000062,0.000043,0.999888
data_cv_fold4/Testing/pituitary/Tr-pi_0259.jpg,103731,pituitary,pituitary,1,0.999959,4,0,0.000003,0.000016,0.000022,0.999959
data_cv_fold4/Testing/pituitary/Tr-pi_0260.jpg,103731,pituitary,pituitary,1,0.999970,4,0,0.000003,0.000019,0.000008,0.999970
data_cv_fold4/Testing/pituitary/Tr-pi_0261.jpg,103731,pituitary,pituitary,1,0.999975,4,0,0.000000,0.000010,0.000014,0.999975
data_cv_fold4/Testing/pituitary/Tr-pi_0268.jpg,104558,pituitary,pituitary,1,0.985406,4,0,0.000174,0.014177,0.000243,0.985406
data_cv_fold4/Testing/pituitary/Tr-pi_0269.jpg,104558,pituitary,pituitary,1,0.998233,4,0,0.000034,0.001719,0.000013,0.998233
data_cv_fold4/Testing/pituitary/Tr-pi_0271.jpg,104558,pituitary,pituitary,1,0.999755,4,0,0.000011,0.000227,0.000008,0.999755
data_cv_fold4/Testing/pituitary/Tr-pi_0272.jpg,104558,pituitary,pituitary,1,0.993866,4,0,0.000008,0.006098,0.000029,0.993866
data_cv_fold4/Testing/pituitary/Tr-pi_0273.jpg,104558,pituitary,pituitary,1,0.998788,4,0,0.000008,0.001197,0.000007,0.998788
data_cv_fold4/Testing/pituitary/Tr-pi_0318.jpg,97599,pituitary,pituitary,1,0.997501,4,0,0.000006,0.000095,0.002398,0.997501
data_cv_fold4/Testing/pituitary/Tr-pi_0319.jpg,97890,pituitary,pituitary,1,0.999981,4,0,0.000008,0.000005,0.000007,0.999981
data_cv_fold4/Testing/pituitary/Tr-pi_0320.jpg,97890,pituitary,pituitary,1,0.999988,4,0,0.000005,0.000004,0.000003,0.999988
data_cv_fold4/Testing/pituitary/Tr-pi_0321.jpg,97890,pituitary,pituitary,1,0.999988,4,0,0.000005,0.000004,0.000003,0.999988
data_cv_fold4/Testing/pituitary/Tr-pi_0323.jpg,97890,pituitary,pituitary,1,0.999958,4,0,0.000028,0.000008,0.000006,0.999958
data_cv_fold4/Testing/pituitary/Tr-pi_0380.jpg,110518,pituitary,pituitary,1,0.998529,4,0,0.000001,0.001404,0.000066,0.998529
data_cv_fold4/Testing/pituitary/Tr-pi_0381.jpg,110518,pituitary,pituitary,1,0.998177,4,0,0.000002,0.001780,0.000042,0.998177
data_cv_fold4/Testing/pituitary/Tr-pi_0382.jpg,110518,pituitary,pituitary,1,0.999657,4,0,0.000037,0.000272,0.000034,0.999657
data_cv_fold4/Testing/pituitary/Tr-pi_0383.jpg,110537,pituitary,pituitary,1,0.998306,4,0,0.000061,0.000498,0.001134,0.998306
data_cv_fold4/Testing/pituitary/Tr-pi_0384.jpg,110537,pituitary,pituitary,1,0.998262,4,0,0.000170,0.000907,0.000661,0.998262
data_cv_fold4/Testing/pituitary/Tr-pi_0385.jpg,110537,pituitary,pituitary,1,0.980145,4,0,0.001794,0.005406,0.012654,0.980145
data_cv_fold4/Testing/pituitary/Tr-pi_0386.jpg,110537,pituitary,pituitary,1,0.999175,4,0,0.000131,0.000364,0.000331,0.999175
data_cv_fold4/Testing/pituitary/Tr-pi_0423.jpg,107743,pituitary,pituitary,1,0.999982,4,0,0.000002,0.000010,0.000006,0.999982
data_cv_fold4/Testing/pituitary/Tr-pi_0424.jpg,107743,pituitary,pituitary,1,0.999932,4,0,0.000002,0.000023,0.000043,0.999932
data_cv_fold4/Testing/pituitary/Tr-pi_0425.jpg,107743,pituitary,pituitary,1,0.999987,4,0,0.000000,0.000003,0.000010,0.999987
data_cv_fold4/Testing/pituitary/Tr-pi_0426.jpg,107743,pituitary,pituitary,1,0.999737,4,0,0.000005,0.000050,0.000208,0.999737
data_cv_fold4/Testing/pituitary/Tr-pi_0427.jpg,107743,pituitary,pituitary,1,0.999964,4,0,0.000001,0.000005,0.000030,0.999964
data_cv_fold4/Testing/pituitary/Tr-pi_0450.jpg,110518,pituitary,pituitary,1,0.999988,4,0,0.000001,0.000010,0.000002,0.999988
data_cv_fold4/Testing/pituitary/Tr-pi_0451.jpg,110518,pituitary,pituitary,1,0.999990,4,0,0.000000,0.000004,0.000006,0.999990
data_cv_fold4/Testing/pituitary/Tr-pi_0452.jpg,110518,pituitary,pituitary,1,0.999966,4,0,0.000000,0.000015,0.000019,0.999966
data_cv_fold4/Testing/pituitary/Tr-pi_0453.jpg,110518,pituitary,pituitary,1,0.999947,4,0,0.000000,0.000038,0.000015,0.999947
data_cv_fold4/Testing/pituitary/Tr-pi_0454.jpg,110537,pituitary,pituitary,1,0.999983,4,0,0.000001,0.000003,0.000013,0.999983
data_cv_fold4/Testing/pituitary/Tr-pi_0455.jpg,110537,pituitary,pituitary,1,0.999725,4,0,0.000007,0.000065,0.000203,0.999725
data_cv_fold4/Testing/pituitary/Tr-pi_0457.jpg,110537,pituitary,pituitary,1,0.999965,4,0,0.000002,0.000008,0.000025,0.999965
data_cv_fold4/Testing/pituitary/Tr-pi_0458.jpg,110537,pituitary,pituitary,1,0.999730,4,0,0.000000,0.000048,0.000222,0.999730
data_cv_fold4/Testing/pituitary/Tr-pi_0459.jpg,110537,pituitary,pituitary,1,0.999239,4,0,0.000003,0.000043,0.000715,0.999239
data_cv_fold4/Testing/pituitary/Tr-pi_0460.jpg,110537,pituitary,pituitary,1,0.994130,4,0,0.000005,0.004519,0.001346,0.994130
data_cv_fold4/Testing/pituitary/Tr-pi_0461.jpg,110537,pituitary,pituitary,1,0.976736,4,0,0.000011,0.022732,0.000522,0.976736
data_cv_fold4/Testing/pituitary/Tr-pi_0516.jpg,58392,pituitary,pituitary,1,0.999620,4,0,0.000005,0.000260,0.000115,0.999620
data_cv_fold4/Testing/pituitary/Tr-pi_0517.jpg,58392,pituitary,pituitary,1,0.999620,4,0,0.000005,0.000260,0.000115,0.999620
data_cv_fold4/Testing/pituitary/Tr-pi_0518.jpg,58392,pituitary,pituitary,1,0.999620,4,0,0.000005,0.000260,0.000115,0.999620
data_cv_fold4/Testing/pituitary/Tr-pi_0543.jpg,101029,pituitary,pituitary,1,0.994633,4,0,0.000025,0.000161,0.005180,0.994633
data_cv_fold4/Testing/pituitary/Tr-pi_0549.jpg,101305,pituitary,pituitary,1,0.999988,4,0,0.000000,0.000012,0.000000,0.999988
data_cv_fold4/Testing/pituitary/Tr-pi_0550.jpg,101305,pituitary,pituitary,1,0.999999,4,0,0.000000,0.000001,0.000000,0.999999
data_cv_fold4/Testing/pituitary/Tr-pi_0551.jpg,101724,pituitary,pituitary,1,0.999357,4,0,0.000004,0.000477,0.000162,0.999357
data_cv_fold4/Testing/pituitary/Tr-pi_0552.jpg,101724,pituitary,pituitary,1,0.998986,4,0,0.000003,0.000925,0.000085,0.998986
data_cv_fold4/Testing/pituitary/Tr-pi_0553.jpg,102648,pituitary,glioma,0,0.931599,4,0,0.931599,0.006264,0.000309,0.061828
data_cv_fold4/Testing/pituitary/Tr-pi_0555.jpg,102648,pituitary,glioma,0,0.865984,4,0,0.865984,0.001877,0.000214,0.131925
data_cv_fold4/Testing/pituitary/Tr-pi_0556.jpg,102648,pituitary,glioma,0,0.989942,4,0,0.989942,0.000574,0.000191,0.009293
data_cv_fold4/Testing/pituitary/Tr-pi_0557.jpg,102648,pituitary,pituitary,1,0.781906,4,0,0.177456,0.032835,0.007803,0.781906
data_cv_fold4/Testing/pituitary/Tr-pi_0578.jpg,103671,pituitary,pituitary,1,0.998792,4,0,0.000116,0.000673,0.000419,0.998792
data_cv_fold4/Testing/pituitary/Tr-pi_0579.jpg,103671,pituitary,pituitary,1,0.997646,4,0,0.000166,0.001673,0.000515,0.997646
data_cv_fold4/Testing/pituitary/Tr-pi_0581.jpg,103671,pituitary,pituitary,1,0.996379,4,0,0.001563,0.001325,0.000733,0.996379
data_cv_fold4/Testing/pituitary/Tr-pi_0582.jpg,103731,pituitary,pituitary,1,0.999980,4,0,0.000000,0.000019,0.000001,0.999980
data_cv_fold4/Testing/pituitary/Tr-pi_0583.jpg,103731,pituitary,pituitary,1,0.999988,4,0,0.000000,0.000011,0.000001,0.999988
data_cv_fold4/Testing/pituitary/Tr-pi_0584.jpg,103731,pituitary,pituitary,1,0.999992,4,0,0.000002,0.000005,0.000002,0.999992
data_cv_fold4/Testing/pituitary/Tr-pi_0585.jpg,103731,pituitary,pituitary,1,0.999998,4,0,0.000000,0.000001,0.000001,0.999998
data_cv_fold4/Testing/pituitary/Tr-pi_0586.jpg,103731,pituitary,pituitary,1,0.999982,4,0,0.000002,0.000012,0.000003,0.999982
data_cv_fold4/Testing/pituitary/Tr-pi_0587.jpg,103731,pituitary,pituitary,1,0.999441,4,0,0.000086,0.000401,0.000071,0.999441
data_cv_fold4/Testing/pituitary/Tr-pi_0595.jpg,104558,pituitary,pituitary,1,0.999999,4,0,0.000000,0.000001,0.000000,0.999999
data_cv_fold4/Testing/pituitary/Tr-pi_0596.jpg,104558,pituitary,pituitary,1,0.999854,4,0,0.000001,0.000144,0.000001,0.999854
data_cv_fold4/Testing/pituitary/Tr-pi_0598.jpg,104558,pituitary,pituitary,1,0.988478,4,0,0.000000,0.011512,0.000010,0.988478
data_cv_fold4/Testing/pituitary/Tr-pi_0599.jpg,104558,pituitary,meningioma,0,0.998419,4,0,0.000001,0.998419,0.000024,0.001556
data_cv_fold4/Testing/pituitary/Tr-pi_0600.jpg,104558,pituitary,meningioma,0,0.709349,4,0,0.000037,0.709349,0.001339,0.289274
data_cv_fold4/Testing/pituitary/Tr-pi_0629.jpg,97599,pituitary,meningioma,0,0.745479,4,0,0.003585,0.745479,0.028946,0.221990
data_cv_fold4/Testing/pituitary/Tr-pi_0630.jpg,97890,pituitary,pituitary,1,0.998459,4,0,0.000106,0.001388,0.000047,0.998459
data_cv_fold4/Testing/pituitary/Tr-pi_0633.jpg,97890,pituitary,pituitary,1,0.999822,4,0,0.000139,0.000034,0.000006,0.999822
data_cv_fold4/Testing/pituitary/Tr-pi_0672.jpg,101029,pituitary,pituitary,1,0.999815,4,0,0.000001,0.000002,0.000182,0.999815
data_cv_fold4/Testing/pituitary/Tr-pi_0673.jpg,101029,pituitary,pituitary,1,0.999982,4,0,0.000001,0.000002,0.000015,0.999982
data_cv_fold4/Testing/pituitary/Tr-pi_0675.jpg,101029,pituitary,pituitary,1,0.999980,4,0,0.000000,0.000003,0.000017,0.999980
data_cv_fold4/Testing/pituitary/Tr-pi_0678.jpg,101305,pituitary,pituitary,1,0.999999,4,0,0.000000,0.000000,0.000000,0.999999
data_cv_fold4/Testing/pituitary/Tr-pi_0679.jpg,101305,pituitary,pituitary,1,0.999998,4,0,0.000001,0.000000,0.000001,0.999998
data_cv_fold4/Testing/pituitary/Tr-pi_0680.jpg,101305,pituitary,pituitary,1,0.999993,4,0,0.000003,0.000001,0.000003,0.999993
data_cv_fold4/Testing/pituitary/Tr-pi_0681.jpg,101305,pituitary,pituitary,1,0.999971,4,0,0.000002,0.000001,0.000025,0.999971
data_cv_fold4/Testing/pituitary/Tr-pi_0682.jpg,101305,pituitary,pituitary,1,0.999986,4,0,0.000003,0.000000,0.000011,0.999986
data_cv_fold4/Testing/pituitary/Tr-pi_0684.jpg,101724,pituitary,pituitary,1,0.999942,4,0,0.000015,0.000024,0.000019,0.999942
data_cv_fold4/Testing/pituitary/Tr-pi_0685.jpg,101724,pituitary,pituitary,1,0.999863,4,0,0.000062,0.000050,0.000025,0.999863
data_cv_fold4/Testing/pituitary/Tr-pi_0686.jpg,102648,pituitary,pituitary,1,0.935123,4,0,0.063100,0.000308,0.001469,0.935123
data_cv_fold4/Testing/pituitary/Tr-pi_0687.jpg,102648,pituitary,pituitary,1,0.992674,4,0,0.007047,0.000055,0.000223,0.992674
data_cv_fold4/Testing/pituitary/Tr-pi_0688.jpg,102648,pituitary,pituitary,1,0.994362,4,0,0.005247,0.000147,0.000244,0.994362
data_cv_fold4/Testing/pituitary/Tr-pi_0722.jpg,107743,pituitary,pituitary,1,0.999985,4,0,0.000000,0.000010,0.000005,0.999985
data_cv_fold4/Testing/pituitary/Tr-pi_0723.jpg,107743,pituitary,pituitary,1,0.999998,4,0,0.000000,0.000002,0.000001,0.999998
data_cv_fold4/Testing/pituitary/Tr-pi_0724.jpg,107743,pituitary,pituitary,1,0.999892,4,0,0.000000,0.000027,0.000080,0.999892
data_cv_fold4/Testing/pituitary/Tr-pi_0758.jpg,103671,pituitary,pituitary,1,0.999991,4,0,0.000006,0.000001,0.000003,0.999991
data_cv_fold4/Testing/pituitary/Tr-pi_0759.jpg,103671,pituitary,pituitary,1,0.999997,4,0,0.000002,0.000001,0.000001,0.999997
data_cv_fold4/Testing/pituitary/Tr-pi_0763.jpg,110518,pituitary,pituitary,1,0.999897,4,0,0.000022,0.000050,0.000031,0.999897
data_cv_fold4/Testing/pituitary/Tr-pi_0764.jpg,110518,pituitary,pituitary,1,0.999888,4,0,0.000018,0.000046,0.000048,0.999888
data_cv_fold4/Testing/pituitary/Tr-pi_0765.jpg,110518,pituitary,pituitary,1,0.999980,4,0,0.000002,0.000007,0.000011,0.999980
data_cv_fold4/Testing/pituitary/Tr-pi_0767.jpg,110518,pituitary,pituitary,1,0.999873,4,0,0.000001,0.000093,0.000033,0.999873
data_cv_fold4/Testing/pituitary/Tr-pi_0768.jpg,110518,pituitary,pituitary,1,0.999895,4,0,0.000003,0.000065,0.000037,0.999895
data_cv_fold4/Testing/pituitary/Tr-pi_0769.jpg,110537,pituitary,pituitary,1,0.999883,4,0,0.000003,0.000038,0.000076,0.999883
data_cv_fold4/Testing/pituitary/Tr-pi_0770.jpg,110537,pituitary,pituitary,1,0.999941,4,0,0.000002,0.000022,0.000035,0.999941
data_cv_fold4/Testing/pituitary/Tr-pi_0771.jpg,110537,pituitary,pituitary,1,0.999681,4,0,0.000001,0.000107,0.000211,0.999681
data_cv_fold4/Testing/pituitary/Tr-pi_0772.jpg,110537,pituitary,pituitary,1,0.998128,4,0,0.000004,0.000223,0.001646,0.998128
data_cv_fold4/Testing/pituitary/Tr-pi_0774.jpg,110537,pituitary,pituitary,1,0.849893,4,0,0.000065,0.148253,0.001789,0.849893
data_cv_fold4/Testing/pituitary/Tr-pi_0846.jpg,107743,pituitary,pituitary,1,0.999975,4,0,0.000004,0.000000,0.000021,0.999975
data_cv_fold4/Testing/pituitary/Tr-pi_0847.jpg,107743,pituitary,pituitary,1,0.999983,4,0,0.000001,0.000000,0.000015,0.999983
data_cv_fold4/Testing/pituitary/Tr-pi_0848.jpg,107743,pituitary,pituitary,1,1.000000,4,0,0.000000,0.000000,0.000000,1.000000
data_cv_fold4/Testing/pituitary/Tr-pi_0869.jpg,110518,pituitary,meningioma,0,0.624723,4,0,0.000041,0.624723,0.002211,0.373025
data_cv_fold4/Testing/pituitary/Tr-pi_0870.jpg,110518,pituitary,pituitary,1,0.996023,4,0,0.000005,0.003364,0.000608,0.996023
data_cv_fold4/Testing/pituitary/Tr-pi_0871.jpg,110518,pituitary,pituitary,1,0.998623,4,0,0.000003,0.001263,0.000110,0.998623
data_cv_fold4/Testing/pituitary/Tr-pi_0872.jpg,110537,pituitary,pituitary,1,0.999387,4,0,0.000016,0.000039,0.000558,0.999387
data_cv_fold4/Testing/pituitary/Tr-pi_0873.jpg,110537,pituitary,pituitary,1,0.998602,4,0,0.000043,0.000182,0.001174,0.998602
data_cv_fold4/Testing/pituitary/Tr-pi_0874.jpg,110537,pituitary,pituitary,1,0.996815,4,0,0.000381,0.000127,0.002677,0.996815
data_cv_fold4/Testing/pituitary/Tr-pi_0935.jpg,107743,pituitary,pituitary,1,0.999873,4,0,0.000002,0.000099,0.000026,0.999873
data_cv_fold4/Testing/pituitary/Tr-pi_0936.jpg,107743,pituitary,pituitary,1,0.999990,4,0,0.000000,0.000007,0.000003,0.999990
data_cv_fold4/Testing/pituitary/Tr-pi_0937.jpg,107743,pituitary,pituitary,1,0.999983,4,0,0.000000,0.000011,0.000006,0.999983
data_cv_fold4/Testing/pituitary/Tr-pi_0955.jpg,110518,pituitary,meningioma,0,0.965423,4,0,0.000129,0.965423,0.000631,0.033818
data_cv_fold4/Testing/pituitary/Tr-pi_0956.jpg,110518,pituitary,meningioma,0,0.978988,4,0,0.000186,0.978988,0.000194,0.020632
data_cv_fold4/Testing/pituitary/Tr-pi_0957.jpg,110537,pituitary,pituitary,1,0.999630,4,0,0.000012,0.000190,0.000167,0.999630
data_cv_fold4/Testing/pituitary/Tr-pi_0985.jpg,101029,pituitary,pituitary,1,0.996478,4,0,0.000649,0.000186,0.002687,0.996478
data_cv_fold4/Testing/pituitary/Tr-pi_0986.jpg,101029,pituitary,pituitary,1,0.988746,4,0,0.000081,0.000182,0.010991,0.988746
data_cv_fold4/Testing/pituitary/Tr-pi_0991.jpg,101305,pituitary,pituitary,1,0.999996,4,0,0.000000,0.000004,0.000000,0.999996
data_cv_fold4/Testing/pituitary/Tr-pi_0992.jpg,101305,pituitary,pituitary,1,0.999993,4,0,0.000000,0.000006,0.000001,0.999993
data_cv_fold4/Testing/pituitary/Tr-pi_0993.jpg,101305,pituitary,pituitary,1,0.999388,4,0,0.000020,0.000581,0.000011,0.999388
data_cv_fold4/Testing/pituitary/Tr-pi_0994.jpg,101724,pituitary,pituitary,1,0.995787,4,0,0.000010,0.004098,0.000104,0.995787
data_cv_fold4/Testing/pituitary/Tr-pi_0995.jpg,102648,pituitary,glioma,0,0.831283,4,0,0.831283,0.014606,0.000186,0.153924
data_cv_fold4/Testing/pituitary/Tr-pi_0997.jpg,102648,pituitary,glioma,0,0.497150,4,0,0.497150,0.097369,0.001103,0.404379
data_cv_fold4/Testing/pituitary/Tr-pi_0998.jpg,102648,pituitary,glioma,0,0.968338,4,0,0.968338,0.009629,0.000584,0.021450
data_cv_fold4/Testing/pituitary/Tr-pi_0999.jpg,102648,pituitary,glioma,0,0.451673,4,0,0.451673,0.221805,0.006810,0.319712
data_cv_fold4/Testing/pituitary/Tr-pi_1000.jpg,102648,pituitary,glioma,0,0.534337,4,0,0.534337,0.186964,0.081764,0.196935
data_cv_fold4/Testing/pituitary/Tr-pi_1020.jpg,103671,pituitary,pituitary,1,0.975362,4,0,0.000250,0.023793,0.000595,0.975362
data_cv_fold4/Testing/pituitary/Tr-pi_1021.jpg,103671,pituitary,pituitary,1,0.991971,4,0,0.000171,0.006275,0.001583,0.991971
data_cv_fold4/Testing/pituitary/Tr-pi_1022.jpg,103671,pituitary,pituitary,1,0.977072,4,0,0.000707,0.018799,0.003421,0.977072
data_cv_fold4/Testing/pituitary/Tr-pi_1023.jpg,103731,pituitary,pituitary,1,0.999861,4,0,0.000000,0.000097,0.000042,0.999861
data_cv_fold4/Testing/pituitary/Tr-pi_1024.jpg,101029,pituitary,pituitary,1,0.998990,4,0,0.000861,0.000122,0.000026,0.998990
data_cv_fold4/Testing/pituitary/Tr-pi_1025.jpg,103731,pituitary,pituitary,1,0.999992,4,0,0.000000,0.000008,0.000000,0.999992
data_cv_fold4/Testing/pituitary/Tr-pi_1026.jpg,103731,pituitary,pituitary,1,0.999989,4,0,0.000000,0.000010,0.000001,0.999989
data_cv_fold4/Testing/pituitary/Tr-pi_1027.jpg,103731,pituitary,pituitary,1,0.999999,4,0,0.000000,0.000000,0.000001,0.999999
data_cv_fold4/Testing/pituitary/Tr-pi_1028.jpg,103731,pituitary,pituitary,1,0.999995,4,0,0.000000,0.000002,0.000003,0.999995
data_cv_fold4/Testing/pituitary/Tr-pi_1029.jpg,103731,pituitary,pituitary,1,0.999981,4,0,0.000006,0.000012,0.000002,0.999981
data_cv_fold4/Testing/pituitary/Tr-pi_1030.jpg,103731,pituitary,pituitary,1,0.999799,4,0,0.000010,0.000140,0.000051,0.999799
data_cv_fold4/Testing/pituitary/Tr-pi_1031.jpg,103731,pituitary,pituitary,1,0.999766,4,0,0.000021,0.000010,0.000203,0.999766
data_cv_fold4/Testing/pituitary/Tr-pi_1032.jpg,101029,pituitary,pituitary,1,0.999940,4,0,0.000040,0.000006,0.000014,0.999940
data_cv_fold4/Testing/pituitary/Tr-pi_1040.jpg,101029,pituitary,pituitary,1,0.999999,4,0,0.000000,0.000000,0.000001,0.999999
data_cv_fold4/Testing/pituitary/Tr-pi_1043.jpg,104558,pituitary,pituitary,1,0.996963,4,0,0.000882,0.000302,0.001853,0.996963
data_cv_fold4/Testing/pituitary/Tr-pi_1044.jpg,104558,pituitary,pituitary,1,0.999998,4,0,0.000000,0.000001,0.000000,0.999998
data_cv_fold4/Testing/pituitary/Tr-pi_1045.jpg,104558,pituitary,pituitary,1,0.999968,4,0,0.000000,0.000030,0.000001,0.999968
data_cv_fold4/Testing/pituitary/Tr-pi_1046.jpg,104558,pituitary,pituitary,1,0.986325,4,0,0.000004,0.013652,0.000019,0.986325
data_cv_fold4/Testing/pituitary/Tr-pi_1047.jpg,104558,pituitary,meningioma,0,0.998221,4,0,0.000001,0.998221,0.000006,0.001773
data_cv_fold4/Testing/pituitary/Tr-pi_1049.jpg,104558,pituitary,pituitary,1,0.908042,4,0,0.000026,0.090656,0.001276,0.908042
data_cv_fold4/Testing/pituitary/Tr-pi_1090.jpg,97599,pituitary,meningioma,0,0.910190,4,0,0.000157,0.910190,0.066406,0.023247
data_cv_fold4/Testing/pituitary/Tr-pi_1091.jpg,97890,pituitary,pituitary,1,0.998670,4,0,0.000129,0.001108,0.000093,0.998670
data_cv_fold4/Testing/pituitary/Tr-pi_1092.jpg,97890,pituitary,pituitary,1,0.999835,4,0,0.000071,0.000087,0.000006,0.999835
data_cv_fold4/Testing/pituitary/Tr-pi_1094.jpg,97890,pituitary,pituitary,1,0.998215,4,0,0.000050,0.000176,0.001559,0.998215
data_cv_fold4/Testing/pituitary/Tr-pi_1134.jpg,101029,pituitary,pituitary,1,0.999752,4,0,0.000000,0.000005,0.000242,0.999752
data_cv_fold4/Testing/pituitary/Tr-pi_1135.jpg,101029,pituitary,pituitary,1,0.999990,4,0,0.000000,0.000001,0.000009,0.999990
data_cv_fold4/Testing/pituitary/Tr-pi_1136.jpg,101029,pituitary,pituitary,1,0.999986,4,0,0.000001,0.000002,0.000011,0.999986
data_cv_fold4/Testing/pituitary/Tr-pi_1137.jpg,101029,pituitary,pituitary,1,0.999999,4,0,0.000000,0.000000,0.000001,0.999999
data_cv_fold4/Testing/pituitary/Tr-pi_1139.jpg,101029,pituitary,pituitary,1,0.999947,4,0,0.000001,0.000003,0.000050,0.999947
data_cv_fold4/Testing/pituitary/Tr-pi_1143.jpg,101305,pituitary,pituitary,1,0.999998,4,0,0.000000,0.000000,0.000002,0.999998
data_cv_fold4/Testing/pituitary/Tr-pi_1144.jpg,101305,pituitary,pituitary,1,0.999998,4,0,0.000001,0.000000,0.000001,0.999998
data_cv_fold4/Testing/pituitary/Tr-pi_1145.jpg,101305,pituitary,pituitary,1,1.000000,4,0,0.000000,0.000000,0.000000,1.000000
data_cv_fold4/Testing/pituitary/Tr-pi_1146.jpg,101305,pituitary,pituitary,1,0.999429,4,0,0.000019,0.000017,0.000535,0.999429
data_cv_fold4/Testing/pituitary/Tr-pi_1147.jpg,101305,pituitary,pituitary,1,0.999959,4,0,0.000004,0.000002,0.000035,0.999959
data_cv_fold4/Testing/pituitary/Tr-pi_1148.jpg,101305,pituitary,pituitary,1,0.999279,4,0,0.000045,0.000113,0.000562,0.999279
data_cv_fold4/Testing/pituitary/Tr-pi_1149.jpg,101724,pituitary,pituitary,1,0.999915,4,0,0.000011,0.000058,0.000016,0.999915
data_cv_fold4/Testing/pituitary/Tr-pi_1150.jpg,101724,pituitary,pituitary,1,0.999968,4,0,0.000008,0.000019,0.000005,0.999968
data_cv_fold4/Testing/pituitary/Tr-pi_1151.jpg,102648,pituitary,pituitary,1,0.975551,4,0,0.021897,0.000434,0.002118,0.975551
data_cv_fold4/Testing/pituitary/Tr-pi_1152.jpg,102648,pituitary,pituitary,1,0.996115,4,0,0.003170,0.000046,0.000668,0.996115
data_cv_fold4/Testing/pituitary/Tr-pi_1154.jpg,102648,pituitary,pituitary,1,0.983228,4,0,0.016255,0.000047,0.000470,0.983228
data_cv_fold4/Testing/pituitary/Tr-pi_1178.jpg,103671,pituitary,pituitary,1,0.999979,4,0,0.000012,0.000005,0.000003,0.999979
data_cv_fold4/Testing/pituitary/Tr-pi_1179.jpg,103671,pituitary,pituitary,1,0.999981,4,0,0.000010,0.000005,0.000003,0.999981
data_cv_fold4/Testing/pituitary/Tr-pi_1180.jpg,103671,pituitary,pituitary,1,0.999987,4,0,0.000004,0.000005,0.000004,0.999987
data_cv_fold4/Testing/pituitary/Tr-pi_1181.jpg,103671,pituitary,pituitary,1,0.999992,4,0,0.000001,0.000006,0.000001,0.999992
data_cv_fold4/Testing/pituitary/Tr-pi_1182.jpg,103671,pituitary,pituitary,1,0.999979,4,0,0.000005,0.000009,0.000008,0.999979
data_cv_fold4/Testing/pituitary/Tr-pi_1183.jpg,103731,pituitary,pituitary,1,0.999984,4,0,0.000002,0.000010,0.000004,0.999984
data_cv_fold4/Testing/pituitary/Tr-pi_1184.jpg,103731,pituitary,pituitary,1,0.999991,4,0,0.000001,0.000006,0.000001,0.999991
data_cv_fold4/Testing/pituitary/Tr-pi_1185.jpg,103731,pituitary,pituitary,1,0.999909,4,0,0.000011,0.000052,0.000028,0.999909
data_cv_fold4/Testing/pituitary/Tr-pi_1186.jpg,103731,pituitary,pituitary,1,0.999977,4,0,0.000002,0.000015,0.000005,0.999977
data_cv_fold4/Testing/pituitary/Tr-pi_1187.jpg,103731,pituitary,pituitary,1,0.999946,4,0,0.000001,0.000035,0.000018,0.999946
data_cv_fold4/Testing/pituitary/Tr-pi_1196.jpg,104558,pituitary,pituitary,1,0.992146,4,0,0.000047,0.007678,0.000129,0.992146
data_cv_fold4/Testing/pituitary/Tr-pi_1199.jpg,104558,pituitary,pituitary,1,0.999646,4,0,0.000009,0.000342,0.000004,0.999646
data_cv_fold4/Testing/pituitary/Tr-pi_1201.jpg,104558,pituitary,pituitary,1,0.999045,4,0,0.000009,0.000930,0.000016,0.999045
data_cv_fold4/Testing/pituitary/Tr-pi_1202.jpg,104558,pituitary,pituitary,1,0.996926,4,0,0.000034,0.003006,0.000034,0.996926
data_cv_fold4/Testing/pituitary/Tr-pi_1203.jpg,104558,pituitary,pituitary,1,0.992393,4,0,0.001235,0.005803,0.000569,0.992393
data_cv_fold4/Testing/pituitary/Tr-pi_1244.jpg,97599,pituitary,pituitary,1,0.995399,4,0,0.000008,0.000012,0.004581,0.995399
data_cv_fold4/Testing/pituitary/Tr-pi_1245.jpg,97599,pituitary,pituitary,1,0.986325,4,0,0.000028,0.000409,0.013238,0.986325
data_cv_fold4/Testing/pituitary/Tr-pi_1246.jpg,97890,pituitary,pituitary,1,0.999976,4,0,0.000011,0.000006,0.000007,0.999976
data_cv_fold4/Testing/pituitary/Tr-pi_1247.jpg,97890,pituitary,pituitary,1,0.999973,4,0,0.000005,0.000010,0.000012,0.999973
data_cv_fold4/Testing/pituitary/Tr-pi_1248.jpg,97890,pituitary,pituitary,1,0.999850,4,0,0.000099,0.000040,0.000011,0.999850
data_cv_fold4/Testing/pituitary/Tr-pi_1257.jpg,107743,pituitary,pituitary,1,0.999978,4,0,0.000005,0.000013,0.000005,0.999978
data_cv_fold4/Testing/pituitary/Tr-pi_1273.jpg,107743,pituitary,pituitary,1,0.999885,4,0,0.000008,0.000041,0.000066,0.999885
data_cv_fold4/Testing/pituitary/Tr-pi_1286.jpg,101029,pituitary,pituitary,1,0.999990,4,0,0.000000,0.000000,0.000010,0.999990
data_cv_fold4/Testing/pituitary/Tr-pi_1287.jpg,101029,pituitary,pituitary,1,0.999998,4,0,0.000000,0.000000,0.000002,0.999998
data_cv_fold4/Testing/pituitary/Tr-pi_1288.jpg,107743,pituitary,pituitary,1,0.999288,4,0,0.000007,0.000207,0.000499,0.999288
data_cv_fold4/Testing/pituitary/Tr-pi_1289.jpg,101029,pituitary,pituitary,1,1.000000,4,0,0.000000,0.000000,0.000000,1.000000
data_cv_fold4/Testing/pituitary/Tr-pi_1290.jpg,101029,pituitary,pituitary,1,0.999981,4,0,0.000001,0.000000,0.000018,0.999981
data_cv_fold4/Testing/pituitary/Tr-pi_1291.jpg,101029,pituitary,pituitary,1,0.999995,4,0,0.000000,0.000000,0.000005,0.999995
data_cv_fold4/Testing/pituitary/Tr-pi_1295.jpg,101305,pituitary,pituitary,1,0.999999,4,0,0.000000,0.000000,0.000001,0.999999
data_cv_fold4/Testing/pituitary/Tr-pi_1296.jpg,107743,pituitary,pituitary,1,0.999936,4,0,0.000002,0.000006,0.000057,0.999936
data_cv_fold4/Testing/pituitary/Tr-pi_1297.jpg,101305,pituitary,pituitary,1,0.999994,4,0,0.000002,0.000001,0.000004,0.999994
data_cv_fold4/Testing/pituitary/Tr-pi_1298.jpg,101305,pituitary,pituitary,1,0.999829,4,0,0.000018,0.000122,0.000032,0.999829
data_cv_fold4/Testing/pituitary/Tr-pi_1299.jpg,101724,pituitary,pituitary,1,0.997663,4,0,0.001306,0.000670,0.000362,0.997663
data_cv_fold4/Testing/pituitary/Tr-pi_1300.jpg,101724,pituitary,pituitary,1,0.999430,4,0,0.000041,0.000073,0.000456,0.999430
data_cv_fold4/Testing/pituitary/Tr-pi_1301.jpg,101724,pituitary,pituitary,1,0.998715,4,0,0.000770,0.000061,0.000454,0.998715
data_cv_fold4/Testing/pituitary/Tr-pi_1302.jpg,101724,pituitary,pituitary,1,0.998783,4,0,0.000077,0.000397,0.000743,0.998783
data_cv_fold4/Testing/pituitary/Tr-pi_1303.jpg,101724,pituitary,pituitary,1,0.998594,4,0,0.000081,0.001165,0.000159,0.998594
data_cv_fold4/Testing/pituitary/Tr-pi_1304.jpg,107743,pituitary,pituitary,1,0.997239,4,0,0.000015,0.000200,0.002546,0.997239
data_cv_fold4/Testing/pituitary/Tr-pi_1305.jpg,102648,pituitary,glioma,0,0.525545,4,0,0.525545,0.004810,0.005329,0.464316
data_cv_fold4/Testing/pituitary/Tr-pi_1306.jpg,102648,pituitary,glioma,0,0.635111,4,0,0.635111,0.012987,0.033691,0.318211
data_cv_fold4/Testing/pituitary/Tr-pi_1307.jpg,102648,pituitary,pituitary,1,0.956770,4,0,0.026453,0.002762,0.014015,0.956770
data_cv_fold4/Testing/pituitary/Tr-pi_1308.jpg,102648,pituitary,pituitary,1,0.857701,4,0,0.037404,0.056722,0.048173,0.857701
data_cv_fold4/Testing/pituitary/Tr-pi_1309.jpg,102648,pituitary,pituitary,1,0.659730,4,0,0.240169,0.091200,0.008901,0.659730
data_cv_fold4/Testing/pituitary/Tr-pi_1337.jpg,103671,pituitary,pituitary,1,0.999961,4,0,0.000001,0.000010,0.000027,0.999961
data_cv_fold4/Testing/pituitary/Tr-pi_1338.jpg,103671,pituitary,pituitary,1,0.999892,4,0,0.000004,0.000080,0.000025,0.999892
data_cv_fold4/Testing/pituitary/Tr-pi_1339.jpg,103671,pituitary,pituitary,1,0.999893,4,0,0.000000,0.000064,0.000043,0.999893
data_cv_fold4/Testing/pituitary/Tr-pi_1340.jpg,103671,pituitary,pituitary,1,0.999958,4,0,0.000003,0.000014,0.000025,0.999958
data_cv_fold4/Testing/pituitary/Tr-pi_1341.jpg,103731,pituitary,pituitary,1,0.999993,4,0,0.000004,0.000002,0.000001,0.999993
data_cv_fold4/Testing/pituitary/Tr-pi_1342.jpg,103731,pituitary,pituitary,1,0.999999,4,0,0.000000,0.000000,0.000001,0.999999
data_cv_fold4/Testing/pituitary/Tr-pi_1343.jpg,103731,pituitary,pituitary,1,0.999972,4,0,0.000004,0.000022,0.000002,0.999972
data_cv_fold4/Testing/pituitary/Tr-pi_1354.jpg,104558,pituitary,pituitary,1,0.945517,4,0,0.000095,0.053977,0.000411,0.945517
data_cv_fold4/Testing/pituitary/Tr-pi_1355.jpg,104558,pituitary,pituitary,1,0.874925,4,0,0.000040,0.124965,0.000070,0.874925
data_cv_fold4/Testing/pituitary/Tr-pi_1357.jpg,104558,pituitary,pituitary,1,0.999880,4,0,0.000001,0.000119,0.000001,0.999880
data_cv_fold4/Testing/pituitary/Tr-pi_1358.jpg,104558,pituitary,pituitary,1,0.955366,4,0,0.000004,0.044547,0.000082,0.955366
data_cv_fold4/Testing/pituitary/Tr-pi_1359.jpg,104558,pituitary,pituitary,1,0.991768,4,0,0.000005,0.008188,0.000040,0.991768
data_cv_fold4/Testing/pituitary/Tr-pi_1360.jpg,104558,pituitary,pituitary,1,0.997534,4,0,0.000015,0.002402,0.000050,0.997534
data_cv_fold4/Testing/pituitary/Tr-pi_1405.jpg,97599,pituitary,notumor,0,0.752492,4,0,0.000310,0.015248,0.752492,0.231949
data_cv_fold4/Testing/pituitary/Tr-pi_1406.jpg,97599,pituitary,pituitary,1,0.921151,4,0,0.000708,0.002516,0.075625,0.921151
data_cv_fold4/Testing/pituitary/Tr-pi_1407.jpg,97599,pituitary,pituitary,1,0.921436,4,0,0.000096,0.015308,0.063160,0.921436
data_cv_fold4/Testing/pituitary/Tr-pi_1408.jpg,97890,pituitary,pituitary,1,0.998344,4,0,0.000002,0.000003,0.001652,0.998344
data_cv_fold4/Testing/pituitary/Tr-pi_1409.jpg,97890,pituitary,pituitary,1,0.998801,4,0,0.000000,0.000011,0.001188,0.998801
data_cv_fold4/Testing/pituitary/Tr-pi_1410.jpg,97890,pituitary,pituitary,1,0.986781,4,0,0.000154,0.003519,0.009546,0.986781
data_cv_fold4/Testing/pituitary/Tr-pi_1411.jpg,97890,pituitary,pituitary,1,0.999577,4,0,0.000001,0.000001,0.000421,0.999577
