path,group,true,pred,correct,confidence,fold,seed,p_glioma,p_meningioma,p_notumor,p_pituitary
data/Testing/glioma/Te-glTr_0000.jpg,MR050791B,glioma,glioma,1,0.999974,,1,0.999974,0.000006,0.000020,0.000000
data/Testing/glioma/Te-glTr_0001.jpg,MR026175C,glioma,glioma,1,0.998926,,1,0.998926,0.000582,0.000487,0.000005
data/Testing/glioma/Te-glTr_0002.jpg,MR051586,glioma,glioma,1,0.999814,,1,0.999814,0.000085,0.000099,0.000002
data/Testing/glioma/Te-glTr_0003.jpg,MR051644,glioma,glioma,1,0.901920,,1,0.901920,0.082515,0.014648,0.000917
data/Testing/glioma/Te-glTr_0004.jpg,MR051644,glioma,glioma,1,0.999253,,1,0.999253,0.000428,0.000032,0.000288
data/Testing/glioma/Te-glTr_0005.jpg,MR051651,glioma,glioma,1,0.998704,,1,0.998704,0.000374,0.000908,0.000014
data/Testing/glioma/Te-glTr_0006.jpg,MR051796B,glioma,glioma,1,0.999842,,1,0.999842,0.000138,0.000012,0.000008
data/Testing/glioma/Te-glTr_0007.jpg,MR052550,glioma,glioma,1,0.999995,,1,0.999995,0.000002,0.000003,0.000000
data/Testing/glioma/Te-glTr_0008.jpg,MR051644C,glioma,glioma,1,0.999993,,1,0.999993,0.000002,0.000003,0.000002
data/Testing/glioma/Te-glTr_0009.jpg,MR051644C,glioma,glioma,1,0.999947,,1,0.999947,0.000011,0.000040,0.000002
data/Testing/glioma/Te-gl_0010.jpg,MR049942B,glioma,glioma,1,0.999986,,1,0.999986,0.000004,0.000005,0.000006
data/Testing/glioma/Te-gl_0011.jpg,MR053110B,glioma,glioma,1,0.999983,,1,0.999983,0.000009,0.000008,0.000000
data/Testing/glioma/Te-gl_0012.jpg,MR054683,glioma,glioma,1,0.999915,,1,0.999915,0.000024,0.000053,0.000008
data/Testing/glioma/Te-gl_0013.jpg,MR034997,glioma,glioma,1,0.999988,,1,0.999988,0.000007,0.000005,0.000000
data/Testing/glioma/Te-gl_0014.jpg,MR034997,glioma,glioma,1,0.999984,,1,0.999984,0.000005,0.000012,0.000000
data/Testing/glioma/Te-gl_0015.jpg,MR053110E,glioma,glioma,1,0.998855,,1,0.998855,0.000375,0.000707,0.000063
data/Testing/glioma/Te-gl_0016.jpg,MR049019G,glioma,glioma,1,0.999876,,1,0.999876,0.000038,0.000083,0.000003
data/Testing/glioma/Te-gl_0017.jpg,MR049019G,glioma,glioma,1,0.999975,,1,0.999975,0.000017,0.000007,0.000001
data/Testing/glioma/Te-gl_0018.jpg,MR032322C,glioma,glioma,1,0.999963,,1,0.999963,0.000031,0.000004,0.000002
data/Testing/glioma/Te-gl_0019.jpg,MR037458B,glioma,glioma,1,0.999920,,1,0.999920,0.000074,0.000005,0.000001
data/Testing/glioma/Te-gl_0020.jpg,MR039473B,glioma,glioma,1,0.999998,,1,0.999998,0.000001,0.000000,0.000001
data/Testing/glioma/Te-gl_0021.jpg,MR039473B,glioma,glioma,1,0.999902,,1,0.999902,0.000037,0.000042,0.000019
data/Testing/glioma/Te-gl_0022.jpg,MR037458C,glioma,glioma,1,0.999965,,1,0.999965,0.000025,0.000009,0.000001
data/Testing/glioma/Te-gl_0023.jpg,MR037458C,glioma,glioma,1,0.978521,,1,0.978521,0.021268,0.000206,0.000005
data/Testing/glioma/Te-gl_0024.jpg,unmatched::data/Testing/glioma/Te-gl_0024.jpg,glioma,glioma,1,0.975701,,1,0.975701,0.001813,0.022438,0.000048
data/Testing/glioma/Te-gl_0025.jpg,MR050135B,glioma,glioma,1,0.999958,,1,0.999958,0.000033,0.000008,0.000000
data/Testing/glioma/Te-gl_0026.jpg,MR050135B,glioma,glioma,1,0.999989,,1,0.999989,0.000005,0.000003,0.000003
data/Testing/glioma/Te-gl_0027.jpg,MR050135B,glioma,glioma,1,0.999959,,1,0.999959,0.000038,0.000003,0.000000
data/Testing/glioma/Te-gl_0028.jpg,MR050687,glioma,glioma,1,0.999958,,1,0.999958,0.000010,0.000029,0.000003
data/Testing/glioma/Te-gl_0029.jpg,unmatched::data/Testing/glioma/Te-gl_0029.jpg,glioma,glioma,1,0.975701,,1,0.975701,0.001813,0.022438,0.000048
data/Testing/glioma/Te-gl_0030.jpg,101020,glioma,glioma,1,0.987215,,1,0.987215,0.012232,0.000474,0.000080
data/Testing/glioma/Te-gl_0031.jpg,MR040240D,glioma,glioma,1,0.999999,,1,0.999999,0.000001,0.000000,0.000000
data/Testing/glioma/Te-gl_0032.jpg,MR040240D,glioma,glioma,1,0.999979,,1,0.999979,0.000015,0.000005,0.000001
data/Testing/glioma/Te-gl_0033.jpg,MR017260F,glioma,glioma,1,0.999950,,1,0.999950,0.000031,0.000017,0.000002
data/Testing/glioma/Te-gl_0034.jpg,MR017260F,glioma,glioma,1,0.996982,,1,0.996982,0.002620,0.000395,0.000003
data/Testing/glioma/Te-gl_0035.jpg,MR029209I,glioma,glioma,1,0.999848,,1,0.999848,0.000086,0.000060,0.000006
data/Testing/glioma/Te-gl_0036.jpg,MR048294,glioma,glioma,1,0.998694,,1,0.998694,0.000787,0.000439,0.000081
data/Testing/glioma/Te-gl_0037.jpg,MR048297,glioma,glioma,1,0.992464,,1,0.992464,0.007315,0.000219,0.000003
data/Testing/glioma/Te-gl_0038.jpg,MR048294B,glioma,glioma,1,0.999947,,1,0.999947,0.000007,0.000028,0.000018
data/Testing/glioma/Te-gl_0039.jpg,MR048621B,glioma,glioma,1,0.999956,,1,0.999956,0.000018,0.000023,0.000003
data/Testing/glioma/Te-gl_0040.jpg,MR048944,glioma,glioma,1,0.999982,,1,0.999982,0.000010,0.000008,0.000001
data/Testing/glioma/Te-gl_0041.jpg,unmatched::data/Testing/glioma/Te-gl_0041.jpg,glioma,glioma,1,0.999992,,1,0.999992,0.000003,0.000005,0.000000
data/Testing/glioma/Te-gl_0042.jpg,MR048994,glioma,glioma,1,0.999928,,1,0.999928,0.000050,0.000020,0.000001
data/Testing/glioma/Te-gl_0043.jpg,101020,glioma,glioma,1,0.997760,,1,0.997760,0.001618,0.000537,0.000085
data/Testing/glioma/Te-gl_0044.jpg,103148,glioma,glioma,1,0.992885,,1,0.992885,0.006989,0.000113,0.000014
data/Testing/glioma/Te-gl_0045.jpg,106494,glioma,glioma,1,0.999835,,1,0.999835,0.000072,0.000090,0.000003
data/Testing/glioma/Te-gl_0046.jpg,106494,glioma,glioma,1,0.989190,,1,0.989190,0.009328,0.001443,0.000039
data/Testing/glioma/Te-gl_0047.jpg,unmatched::data/Testing/glioma/Te-gl_0047.jpg,glioma,glioma,1,0.997102,,1,0.997102,0.002610,0.000259,0.000029
data/Testing/glioma/Te-gl_0048.jpg,112105,glioma,glioma,1,0.999512,,1,0.999512,0.000385,0.000094,0.000009
data/Testing/glioma/Te-gl_0049.jpg,MR040240,glioma,glioma,1,0.999981,,1,0.999981,0.000007,0.000006,0.000006
data/Testing/glioma/Te-gl_0050.jpg,MR040240B,glioma,glioma,1,0.999575,,1,0.999575,0.000277,0.000112,0.000036
data/Testing/glioma/Te-gl_0051.jpg,MR040240B,glioma,glioma,1,0.999994,,1,0.999994,0.000004,0.000002,0.000000
data/Testing/glioma/Te-gl_0052.jpg,MR036496B,glioma,glioma,1,0.999937,,1,0.999937,0.000010,0.000053,0.000000
data/Testing/glioma/Te-gl_0053.jpg,MR033420,glioma,glioma,1,0.999976,,1,0.999976,0.000005,0.000018,0.000001
data/Testing/glioma/Te-gl_0054.jpg,MR033420,glioma,glioma,1,0.999962,,1,0.999962,0.000025,0.000013,0.000000
data/Testing/glioma/Te-gl_0055.jpg,MR024780B,glioma,glioma,1,0.999696,,1,0.999696,0.000200,0.000095,0.000009
data/Testing/glioma/Te-gl_0056.jpg,MR049104,glioma,glioma,1,0.999949,,1,0.999949,0.000010,0.000040,0.000001
data/Testing/glioma/Te-gl_0057.jpg,MR049142,glioma,glioma,1,0.997629,,1,0.997629,0.001550,0.000723,0.000098
data/Testing/glioma/Te-gl_0058.jpg,MR048944B,glioma,glioma,1,0.999914,,1,0.999914,0.000050,0.000030,0.000005
data/Testing/glioma/Te-gl_0059.jpg,MR048944B,glioma,glioma,1,0.999988,,1,0.999988,0.000008,0.000003,0.000001
data/Testing/glioma/Te-gl_0060.jpg,MR049358,glioma,glioma,1,0.999978,,1,0.999978,0.000017,0.000004,0.000000
data/Testing/glioma/Te-gl_0061.jpg,MR049358,glioma,glioma,1,0.999997,,1,0.999997,0.000002,0.000001,0.000000
data/Testing/glioma/Te-gl_0062.jpg,MR049453,glioma,glioma,1,0.999968,,1,0.999968,0.000011,0.000022,0.000000
data/Testing/glioma/Te-gl_0063.jpg,MR049453,glioma,glioma,1,0.999992,,1,0.999992,0.000002,0.000006,0.000000
data/Testing/glioma/Te-gl_0064.jpg,MR049453B,glioma,glioma,1,0.999983,,1,0.999983,0.000014,0.000002,0.000001
data/Testing/glioma/Te-gl_0065.jpg,MR049453B,glioma,glioma,1,0.999985,,1,0.999985,0.000008,0.000006,0.000001
data/Testing/glioma/Te-gl_0066.jpg,MR050135B,glioma,glioma,1,0.999983,,1,0.999983,0.000005,0.000010,0.000001
data/Testing/glioma/Te-gl_0067.jpg,MR050135B,glioma,glioma,1,0.999987,,1,0.999987,0.000005,0.000007,0.000001
data/Testing/glioma/Te-gl_0068.jpg,MR050687,glioma,glioma,1,0.999930,,1,0.999930,0.000057,0.000013,0.000000
data/Testing/glioma/Te-gl_0069.jpg,MR049019C,glioma,glioma,1,0.999948,,1,0.999948,0.000024,0.000016,0.000011
data/Testing/glioma/Te-gl_0070.jpg,unmatched::data/Testing/glioma/Te-gl_0070.jpg,glioma,glioma,1,0.999990,,1,0.999990,0.000001,0.000008,0.000000
data/Testing/glioma/Te-gl_0071.jpg,MR051461,glioma,glioma,1,0.999996,,1,0.999996,0.000002,0.000002,0.000000
data/Testing/glioma/Te-gl_0072.jpg,MR033389B,glioma,glioma,1,0.999996,,1,0.999996,0.000002,0.000001,0.000000
data/Testing/glioma/Te-gl_0073.jpg,MR026175E,glioma,glioma,1,0.999601,,1,0.999601,0.000179,0.000201,0.000020
data/Testing/glioma/Te-gl_0074.jpg,MR049358,glioma,glioma,1,0.999954,,1,0.999954,0.000031,0.000011,0.000004
data/Testing/glioma/Te-gl_0075.jpg,MR049358,glioma,glioma,1,0.999999,,1,0.999999,0.000001,0.000001,0.000000
data/Testing/glioma/Te-gl_0076.jpg,MR024780G,glioma,glioma,1,0.999656,,1,0.999656,0.000096,0.000231,0.000017
data/Testing/glioma/Te-gl_0077.jpg,MR024780G,glioma,glioma,1,0.999731,,1,0.999731,0.000132,0.000134,0.000002
data/Testing/glioma/Te-gl_0078.jpg,MR024780G,glioma,glioma,1,0.999966,,1,0.999966,0.000015,0.000014,0.000004
data/Testing/glioma/Te-gl_0079.jpg,MR024780G,glioma,glioma,1,0.999673,,1,0.999673,0.000105,0.000214,0.000008
data/Testing/glioma/Te-gl_0080.jpg,MR049453B,glioma,glioma,1,0.999622,,1,0.999622,0.000112,0.000250,0.000016
data/Testing/glioma/Te-gl_0081.jpg,MR048621B,glioma,glioma,1,0.809224,,1,0.809224,0.101921,0.087621,0.001234
data/Testing/glioma/Te-gl_0082.jpg,MR050135B,glioma,glioma,1,0.999952,,1,0.999952,0.000037,0.000011,0.000000
data/Testing/glioma/Te-gl_0083.jpg,MR050791B,glioma,glioma,1,0.997484,,1,0.997484,0.000504,0.001994,0.000018
data/Testing/glioma/Te-gl_0084.jpg,MR050791B,glioma,glioma,1,0.999708,,1,0.999708,0.000151,0.000141,0.000000
data/Testing/glioma/Te-gl_0085.jpg,MR026175C,glioma,glioma,1,0.999966,,1,0.999966,0.000003,0.000030,0.000001
data/Testing/glioma/Te-gl_0086.jpg,MR026175C,glioma,glioma,1,0.999652,,1,0.999652,0.000013,0.000331,0.000003
data/Testing/glioma/Te-gl_0087.jpg,MR051461B,glioma,glioma,1,0.999601,,1,0.999601,0.000361,0.000033,0.000005
data/Testing/glioma/Te-gl_0088.jpg,MR051461B,glioma,glioma,1,0.999665,,1,0.999665,0.000261,0.000065,0.000009
data/Testing/glioma/Te-gl_0089.jpg,MR051644,glioma,glioma,1,0.977089,,1,0.977089,0.009365,0.013254,0.000292
data/Testing/glioma/Te-gl_0090.jpg,MR051796B,glioma,glioma,1,0.999906,,1,0.999906,0.000071,0.000018,0.000005
data/Testing/glioma/Te-gl_0091.jpg,MR052550,glioma,glioma,1,0.992817,,1,0.992817,0.000287,0.006857,0.000039
data/Testing/glioma/Te-gl_0092.jpg,MR049942B,glioma,glioma,1,0.999967,,1,0.999967,0.000010,0.000022,0.000001
data/Testing/glioma/Te-gl_0093.jpg,MR047953C,glioma,glioma,1,0.999939,,1,0.999939,0.000042,0.000010,0.000010
data/Testing/glioma/Te-gl_0094.jpg,100820,glioma,glioma,1,0.971929,,1,0.971929,0.016098,0.004850,0.007123
data/Testing/glioma/Te-gl_0095.jpg,MR053110B,glioma,glioma,1,0.999946,,1,0.999946,0.000023,0.000030,0.000001
data/Testing/glioma/Te-gl_0096.jpg,MR050687C,glioma,glioma,1,0.999981,,1,0.999981,0.000014,0.000003,0.000002
data/Testing/glioma/Te-gl_0097.jpg,MR034997,glioma,glioma,1,0.999983,,1,0.999983,0.000011,0.000006,0.000000
data/Testing/glioma/Te-gl_0098.jpg,MR029209E,glioma,glioma,1,0.999937,,1,0.999937,0.000020,0.000039,0.000003
data/Testing/glioma/Te-gl_0099.jpg,MR053110E,glioma,glioma,1,0.999831,,1,0.999831,0.000113,0.000040,0.000016
data/Testing/glioma/Te-gl_0100.jpg,MR024780D,glioma,glioma,1,0.998818,,1,0.998818,0.000575,0.000583,0.000024
data/Testing/glioma/Te-gl_0101.jpg,MR038469,glioma,glioma,1,0.999656,,1,0.999656,0.000185,0.000152,0.000007
data/Testing/glioma/Te-gl_0102.jpg,MR032322C,glioma,glioma,1,0.998848,,1,0.998848,0.000052,0.001084,0.000016
data/Testing/glioma/Te-gl_0103.jpg,MR032322C,glioma,glioma,1,0.999554,,1,0.999554,0.000075,0.000354,0.000017
data/Testing/glioma/Te-gl_0104.jpg,MR032322C,glioma,glioma,1,0.999946,,1,0.999946,0.000008,0.000044,0.000003
data/Testing/glioma/Te-gl_0105.jpg,MR032322C,glioma,glioma,1,0.999849,,1,0.999849,0.000033,0.000105,0.000013
data/Testing/glioma/Te-gl_0106.jpg,MR037458B,glioma,glioma,1,0.999017,,1,0.999017,0.000776,0.000063,0.000144
data/Testing/glioma/Te-gl_0107.jpg,MR037458B,glioma,glioma,1,0.989582,,1,0.989582,0.008808,0.001296,0.000313
data/Testing/glioma/Te-gl_0108.jpg,MR039473,glioma,glioma,1,0.999986,,1,0.999986,0.000009,0.000005,0.000001
data/Testing/glioma/Te-gl_0109.jpg,MR039473B,glioma,glioma,1,0.996297,,1,0.996297,0.001126,0.002029,0.000548
data/Testing/glioma/Te-gl_0110.jpg,MR039473B,glioma,glioma,1,0.999992,,1,0.999992,0.000002,0.000001,0.000004
data/Testing/glioma/Te-gl_0111.jpg,MR039473B,glioma,glioma,1,0.999972,,1,0.999972,0.000015,0.000008,0.000005
data/Testing/glioma/Te-gl_0112.jpg,MR039473B,glioma,glioma,1,0.999992,,1,0.999992,0.000003,0.000003,0.000001
data/Testing/glioma/Te-gl_0113.jpg,MR037458C,glioma,glioma,1,0.999969,,1,0.999969,0.000027,0.000004,0.000000
data/Testing/glioma/Te-gl_0114.jpg,MR037458C,glioma,glioma,1,0.789947,,1,0.789947,0.209537,0.000479,0.000037
data/Testing/glioma/Te-gl_0115.jpg,MR040240,glioma,glioma,1,0.999366,,1,0.999366,0.000600,0.000016,0.000019
data/Testing/glioma/Te-gl_0116.jpg,MR040240,glioma,glioma,1,0.999997,,1,0.999997,0.000002,0.000000,0.000000
data/Testing/glioma/Te-gl_0117.jpg,MR040240,glioma,glioma,1,0.999996,,1,0.999996,0.000002,0.000002,0.000001
data/Testing/glioma/Te-gl_0118.jpg,MR040240,glioma,glioma,1,0.995681,,1,0.995681,0.003675,0.000595,0.000050
data/Testing/glioma/Te-gl_0119.jpg,MR040240B,glioma,glioma,1,0.997573,,1,0.997573,0.002076,0.000324,0.000027
data/Testing/glioma/Te-gl_0120.jpg,MR040240B,glioma,glioma,1,0.999999,,1,0.999999,0.000000,0.000000,0.000000
data/Testing/glioma/Te-gl_0121.jpg,MR024780B,glioma,glioma,1,0.992465,,1,0.992465,0.005028,0.002398,0.000109
data/Testing/glioma/Te-gl_0122.jpg,MR048994,glioma,glioma,1,0.999778,,1,0.999778,0.000042,0.000179,0.000001
data/Testing/glioma/Te-gl_0123.jpg,MR049104,glioma,glioma,1,0.999955,,1,0.999955,0.000017,0.000027,0.000001
data/Testing/glioma/Te-gl_0124.jpg,MR049104,glioma,glioma,1,0.999924,,1,0.999924,0.000012,0.000062,0.000002
data/Testing/glioma/Te-gl_0125.jpg,MR049142,glioma,glioma,1,0.999689,,1,0.999689,0.000234,0.000057,0.000020
data/Testing/glioma/Te-gl_0126.jpg,MR049142,glioma,glioma,1,0.998472,,1,0.998472,0.000748,0.000664,0.000116
data/Testing/glioma/Te-gl_0127.jpg,MR048994B,glioma,glioma,1,0.999774,,1,0.999774,0.000016,0.000207,0.000003
data/Testing/glioma/Te-gl_0128.jpg,MR048944B,glioma,glioma,1,0.999811,,1,0.999811,0.000126,0.000059,0.000004
data/Testing/glioma/Te-gl_0129.jpg,MR049358,glioma,glioma,1,0.999994,,1,0.999994,0.000001,0.000005,0.000001
data/Testing/glioma/Te-gl_0130.jpg,MR049358,glioma,glioma,1,0.999961,,1,0.999961,0.000004,0.000034,0.000000
data/Testing/glioma/Te-gl_0131.jpg,MR049453,glioma,glioma,1,0.999988,,1,0.999988,0.000002,0.000009,0.000001
data/Testing/glioma/Te-gl_0132.jpg,MR049453,glioma,glioma,1,0.999998,,1,0.999998,0.000001,0.000001,0.000000
data/Testing/glioma/Te-gl_0133.jpg,MR049453,glioma,glioma,1,0.999955,,1,0.999955,0.000032,0.000012,0.000001
data/Testing/glioma/Te-gl_0134.jpg,MR024780G,glioma,glioma,1,0.999737,,1,0.999737,0.000098,0.000162,0.000003
data/Testing/glioma/Te-gl_0135.jpg,MR029209I,glioma,glioma,1,0.999934,,1,0.999934,0.000011,0.000055,0.000001
data/Testing/glioma/Te-gl_0136.jpg,MR029209I,glioma,glioma,1,0.999918,,1,0.999918,0.000027,0.000055,0.000001
data/Testing/glioma/Te-gl_0137.jpg,MR048294,glioma,glioma,1,0.999034,,1,0.999034,0.000797,0.000157,0.000012
data/Testing/glioma/Te-gl_0138.jpg,MR048294,glioma,glioma,1,0.999385,,1,0.999385,0.000236,0.000350,0.000030
data/Testing/glioma/Te-gl_0139.jpg,MR048297,glioma,glioma,1,0.999954,,1,0.999954,0.000017,0.000027,0.000001
data/Testing/glioma/Te-gl_0140.jpg,MR048621B,glioma,glioma,1,0.999778,,1,0.999778,0.000047,0.000165,0.000010
data/Testing/glioma/Te-gl_0141.jpg,MR048621B,glioma,glioma,1,0.999984,,1,0.999984,0.000006,0.000009,0.000002
data/Testing/glioma/Te-gl_0142.jpg,MR048944,glioma,glioma,1,0.999994,,1,0.999994,0.000004,0.000002,0.000000
data/Testing/glioma/Te-gl_0143.jpg,MR040240,glioma,glioma,1,0.999982,,1,0.999982,0.000010,0.000008,0.000001
data/Testing/glioma/Te-gl_0144.jpg,MR040240,glioma,glioma,1,0.999903,,1,0.999903,0.000089,0.000003,0.000004
data/Testing/glioma/Te-gl_0145.jpg,MR040240B,glioma,glioma,1,0.999896,,1,0.999896,0.000088,0.000012,0.000004
data/Testing/glioma/Te-gl_0146.jpg,MR036496B,glioma,glioma,1,0.999927,,1,0.999927,0.000045,0.000028,0.000000
data/Testing/glioma/Te-gl_0147.jpg,MR033389B,glioma,glioma,1,0.999954,,1,0.999954,0.000032,0.000013,0.000001
data/Testing/glioma/Te-gl_0148.jpg,MR029209I,glioma,glioma,1,0.983495,,1,0.983495,0.001243,0.015240,0.000022
data/Testing/glioma/Te-gl_0149.jpg,MR029209I,glioma,glioma,1,0.999996,,1,0.999996,0.000002,0.000002,0.000001
data/Testing/glioma/Te-gl_0150.jpg,MR048294,glioma,glioma,1,0.999120,,1,0.999120,0.000798,0.000064,0.000018
data/Testing/glioma/Te-gl_0151.jpg,unmatched::data/Testing/glioma/Te-gl_0151.jpg,glioma,glioma,1,0.999983,,1,0.999983,0.000007,0.000010,0.000000
data/Testing/glioma/Te-gl_0152.jpg,MR051461B,glioma,glioma,1,0.999645,,1,0.999645,0.000272,0.000062,0.000022
data/Testing/glioma/Te-gl_0153.jpg,MR051644,glioma,glioma,1,0.999990,,1,0.999990,0.000003,0.000007,0.000001
data/Testing/glioma/Te-gl_0154.jpg,MR051644,glioma,glioma,1,0.999986,,1,0.999986,0.000002,0.000011,0.000000
data/Testing/glioma/Te-gl_0155.jpg,MR052550,glioma,glioma,1,0.999982,,1,0.999982,0.000005,0.000012,0.000000
data/Testing/glioma/Te-gl_0156.jpg,MR047953C,glioma,glioma,1,0.999968,,1,0.999968,0.000003,0.000026,0.000002
data/Testing/glioma/Te-gl_0157.jpg,MR029209E,glioma,glioma,1,0.999984,,1,0.999984,0.000007,0.000009,0.000000
data/Testing/glioma/Te-gl_0158.jpg,MR037458B,glioma,glioma,1,0.999645,,1,0.999645,0.000210,0.000144,0.000001
data/Testing/glioma/Te-gl_0159.jpg,MR037458B,glioma,glioma,1,0.999328,,1,0.999328,0.000649,0.000021,0.000003
data/Testing/glioma/Te-gl_0160.jpg,MR039473,glioma,glioma,1,0.999714,,1,0.999714,0.000188,0.000083,0.000015
data/Testing/glioma/Te-gl_0161.jpg,MR053110E,glioma,glioma,1,0.997950,,1,0.997950,0.001839,0.000187,0.000024
data/Testing/glioma/Te-gl_0162.jpg,MR053110E,glioma,glioma,1,0.999933,,1,0.999933,0.000016,0.000049,0.000002
data/Testing/glioma/Te-gl_0163.jpg,MR053110E,glioma,glioma,1,0.999822,,1,0.999822,0.000064,0.000111,0.000002
data/Testing/glioma/Te-gl_0164.jpg,MR049019G,glioma,glioma,1,0.999991,,1,0.999991,0.000003,0.000003,0.000002
data/Testing/glioma/Te-gl_0165.jpg,MR049019G,glioma,glioma,1,0.999908,,1,0.999908,0.000065,0.000010,0.000017
data/Testing/glioma/Te-gl_0166.jpg,MR024780D,glioma,glioma,1,0.999769,,1,0.999769,0.000189,0.000039,0.000002
data/Testing/glioma/Te-gl_0167.jpg,MR038469,glioma,glioma,1,0.993746,,1,0.993746,0.003998,0.000462,0.001794
data/Testing/glioma/Te-gl_0168.jpg,MR037458B,glioma,glioma,1,0.999940,,1,0.999940,0.000045,0.000015,0.000000
data/Testing/glioma/Te-gl_0169.jpg,MR039473,glioma,glioma,1,0.999058,,1,0.999058,0.000688,0.000233,0.000022
data/Testing/glioma/Te-gl_0170.jpg,MR039473,glioma,glioma,1,0.999997,,1,0.999997,0.000002,0.000000,0.000001
data/Testing/glioma/Te-gl_0171.jpg,MR039473B,glioma,glioma,1,0.999998,,1,0.999998,0.000001,0.000000,0.000000
data/Testing/glioma/Te-gl_0172.jpg,unmatched::data/Testing/glioma/Te-gl_0172.jpg,glioma,glioma,1,0.999701,,1,0.999701,0.000251,0.000045,0.000002
data/Testing/glioma/Te-gl_0173.jpg,MR048297,glioma,glioma,1,0.999978,,1,0.999978,0.000004,0.000017,0.000000
data/Testing/glioma/Te-gl_0174.jpg,MR048297,glioma,meningioma,0,0.548851,,1,0.450528,0.548851,0.000613,0.000008
data/Testing/glioma/Te-gl_0175.jpg,MR048944,glioma,glioma,1,0.999999,,1,0.999999,0.000001,0.000001,0.000000
data/Testing/glioma/Te-gl_0176.jpg,MR048944,glioma,glioma,1,0.999989,,1,0.999989,0.000003,0.000007,0.000001
data/Testing/glioma/Te-gl_0177.jpg,MR048994,glioma,glioma,1,0.999925,,1,0.999925,0.000066,0.000009,0.000000
data/Testing/glioma/Te-gl_0178.jpg,MR048994,glioma,glioma,1,0.999062,,1,0.999062,0.000464,0.000471,0.000003
data/Testing/glioma/Te-gl_0179.jpg,MR049104,glioma,glioma,1,0.999990,,1,0.999990,0.000007,0.000002,0.000001
data/Testing/glioma/Te-gl_0180.jpg,MR048994B,glioma,glioma,1,0.999778,,1,0.999778,0.000133,0.000057,0.000032
data/Testing/glioma/Te-gl_0181.jpg,unmatched::data/Testing/glioma/Te-gl_0181.jpg,glioma,glioma,1,0.999964,,1,0.999964,0.000019,0.000016,0.000001
data/Testing/glioma/Te-gl_0182.jpg,MR048994B,glioma,glioma,1,0.999955,,1,0.999955,0.000033,0.000012,0.000000
data/Testing/glioma/Te-gl_0183.jpg,MR049358,glioma,glioma,1,0.999996,,1,0.999996,0.000002,0.000002,0.000000
data/Testing/glioma/Te-gl_0184.jpg,MR049358,glioma,glioma,1,0.999990,,1,0.999990,0.000006,0.000003,0.000000
data/Testing/glioma/Te-gl_0185.jpg,MR049104B,glioma,glioma,1,0.999734,,1,0.999734,0.000140,0.000060,0.000066
data/Testing/glioma/Te-gl_0186.jpg,MR049453,glioma,glioma,1,0.999504,,1,0.999504,0.000115,0.000052,0.000328
data/Testing/glioma/Te-gl_0187.jpg,MR049453,glioma,glioma,1,0.999984,,1,0.999984,0.000006,0.000009,0.000000
data/Testing/glioma/Te-gl_0188.jpg,MR024780G,glioma,glioma,1,0.999960,,1,0.999960,0.000017,0.000021,0.000002
data/Testing/glioma/Te-gl_0189.jpg,MR050135B,glioma,glioma,1,0.999994,,1,0.999994,0.000003,0.000002,0.000001
data/Testing/glioma/Te-gl_0190.jpg,MR050135B,glioma,glioma,1,0.999856,,1,0.999856,0.000110,0.000006,0.000028
data/Testing/glioma/Te-gl_0191.jpg,MR050687,glioma,glioma,1,0.999974,,1,0.999974,0.000009,0.000017,0.000000
data/Testing/glioma/Te-gl_0192.jpg,MR050791B,glioma,glioma,1,0.996952,,1,0.996952,0.002575,0.000455,0.000018
data/Testing/glioma/Te-gl_0193.jpg,MR049019C,glioma,glioma,1,0.999992,,1,0.999992,0.000005,0.000002,0.000001
data/Testing/glioma/Te-gl_0194.jpg,MR051461,glioma,glioma,1,0.999954,,1,0.999954,0.000037,0.000009,0.000001
data/Testing/glioma/Te-gl_0195.jpg,MR051461,glioma,glioma,1,0.994155,,1,0.994155,0.004868,0.000819,0.000158
data/Testing/glioma/Te-gl_0196.jpg,MR051461,glioma,glioma,1,0.999964,,1,0.999964,0.000024,0.000011,0.000001
data/Testing/glioma/Te-gl_0197.jpg,MR051586,glioma,glioma,1,0.999641,,1,0.999641,0.000114,0.000243,0.000002
data/Testing/glioma/Te-gl_0198.jpg,MR051586,glioma,glioma,1,0.988044,,1,0.988044,0.010718,0.001231,0.000008
data/Testing/glioma/Te-gl_0199.jpg,MR051586,glioma,glioma,1,0.999881,,1,0.999881,0.000033,0.000084,0.000001
data/Testing/glioma/Te-gl_0200.jpg,MR051644,glioma,glioma,1,0.999979,,1,0.999979,0.000003,0.000018,0.000000
data/Testing/glioma/Te-gl_0201.jpg,MR051644,glioma,glioma,1,0.999885,,1,0.999885,0.000072,0.000039,0.000003
data/Testing/glioma/Te-gl_0202.jpg,MR051644,glioma,glioma,1,0.999981,,1,0.999981,0.000013,0.000005,0.000001
data/Testing/glioma/Te-gl_0203.jpg,MR051644,glioma,glioma,1,0.999921,,1,0.999921,0.000007,0.000071,0.000001
data/Testing/glioma/Te-gl_0204.jpg,MR051651,glioma,glioma,1,0.999835,,1,0.999835,0.000140,0.000023,0.000002
data/Testing/glioma/Te-gl_0205.jpg,MR051796,glioma,glioma,1,0.999852,,1,0.999852,0.000138,0.000003,0.000007
data/Testing/glioma/Te-gl_0206.jpg,MR051796,glioma,glioma,1,0.999950,,1,0.999950,0.000040,0.000005,0.000005
data/Testing/glioma/Te-gl_0207.jpg,MR051651B,glioma,glioma,1,0.999924,,1,0.999924,0.000064,0.000004,0.000008
data/Testing/glioma/Te-gl_0208.jpg,MR051651B,glioma,glioma,1,0.999840,,1,0.999840,0.000149,0.000010,0.000001
data/Testing/glioma/Te-gl_0209.jpg,MR051644B,glioma,glioma,1,0.999361,,1,0.999361,0.000052,0.000405,0.000183
data/Testing/glioma/Te-gl_0210.jpg,MR051644B,glioma,glioma,1,0.999960,,1,0.999960,0.000020,0.000017,0.000003
data/Testing/glioma/Te-gl_0211.jpg,MR051796B,glioma,glioma,1,0.999921,,1,0.999921,0.000051,0.000003,0.000025
data/Testing/glioma/Te-gl_0212.jpg,MR052550,glioma,glioma,1,0.999990,,1,0.999990,0.000003,0.000005,0.000001
data/Testing/glioma/Te-gl_0213.jpg,MR052550,glioma,glioma,1,0.999889,,1,0.999889,0.000092,0.000013,0.000006
data/Testing/glioma/Te-gl_0214.jpg,MR052550,glioma,glioma,1,0.999944,,1,0.999944,0.000016,0.000028,0.000011
data/Testing/glioma/Te-gl_0215.jpg,MR052550,glioma,glioma,1,0.999882,,1,0.999882,0.000093,0.000020,0.000005
data/Testing/glioma/Te-gl_0216.jpg,MR051644C,glioma,glioma,1,0.999970,,1,0.999970,0.000006,0.000006,0.000018
data/Testing/glioma/Te-gl_0217.jpg,MR051644C,glioma,glioma,1,0.999452,,1,0.999452,0.000534,0.000011,0.000003
data/Testing/glioma/Te-gl_0218.jpg,MR051644C,glioma,glioma,1,0.999790,,1,0.999790,0.000199,0.000008,0.000003
data/Testing/glioma/Te-gl_0219.jpg,MR049942B,glioma,glioma,1,0.999972,,1,0.999972,0.000003,0.000003,0.000022
data/Testing/glioma/Te-gl_0220.jpg,unmatched::data/Testing/glioma/Te-gl_0220.jpg,glioma,glioma,1,0.999254,,1,0.999254,0.000694,0.000048,0.000004
data/Testing/glioma/Te-gl_0221.jpg,MR034694,glioma,glioma,1,0.999963,,1,0.999963,0.000011,0.000016,0.000010
data/Testing/glioma/Te-gl_0222.jpg,MR054875,glioma,glioma,1,0.996498,,1,0.996498,0.000960,0.000958,0.001584
data/Testing/glioma/Te-gl_0223.jpg,MR050687C,glioma,glioma,1,0.999887,,1,0.999887,0.000083,0.000011,0.000018
data/Testing/glioma/Te-gl_0224.jpg,MR034997,glioma,glioma,1,0.999843,,1,0.999843,0.000079,0.000072,0.000006
data/Testing/glioma/Te-gl_0225.jpg,MR033389B,glioma,glioma,1,0.999845,,1,0.999845,0.000051,0.000100,0.000003
data/Testing/glioma/Te-gl_0226.jpg,MR033389B,glioma,glioma,1,0.999911,,1,0.999911,0.000006,0.000065,0.000018
data/Testing/glioma/Te-gl_0227.jpg,unmatched::data/Testing/glioma/Te-gl_0227.jpg,glioma,glioma,1,0.999280,,1,0.999280,0.000680,0.000030,0.000010
data/Testing/glioma/Te-gl_0228.jpg,MR029209I,glioma,glioma,1,0.999949,,1,0.999949,0.000036,0.000014,0.000001
data/Testing/glioma/Te-gl_0229.jpg,107747,glioma,glioma,1,0.998031,,1,0.998031,0.001825,0.000120,0.000025
data/Testing/glioma/Te-gl_0230.jpg,112105,glioma,glioma,1,0.999891,,1,0.999891,0.000030,0.000038,0.000041
data/Testing/glioma/Te-gl_0231.jpg,112105,glioma,glioma,1,0.999828,,1,0.999828,0.000037,0.000028,0.000106
data/Testing/glioma/Te-gl_0232.jpg,100820,glioma,meningioma,0,0.588426,,1,0.374763,0.588426,0.034911,0.001900
data/Testing/glioma/Te-gl_0233.jpg,100820,glioma,glioma,1,0.993261,,1,0.993261,0.001136,0.005117,0.000486
data/Testing/glioma/Te-gl_0234.jpg,100820,glioma,glioma,1,0.974566,,1,0.974566,0.012977,0.011037,0.001420
data/Testing/glioma/Te-gl_0235.jpg,101020,glioma,glioma,1,0.998793,,1,0.998793,0.001137,0.000059,0.000011
data/Testing/glioma/Te-gl_0236.jpg,101020,glioma,glioma,1,0.992781,,1,0.992781,0.006964,0.000226,0.000029
data/Testing/glioma/Te-gl_0237.jpg,102075,glioma,meningioma,0,0.902082,,1,0.081798,0.902082,0.001474,0.014645
data/Testing/glioma/Te-gl_0238.jpg,103148,glioma,glioma,1,0.992258,,1,0.992258,0.007291,0.000425,0.000027
data/Testing/glioma/Te-gl_0239.jpg,103148,glioma,glioma,1,0.924627,,1,0.924627,0.075052,0.000160,0.000161
data/Testing/glioma/Te-gl_0240.jpg,unmatched::data/Testing/glioma/Te-gl_0240.jpg,glioma,glioma,1,0.999828,,1,0.999828,0.000076,0.000094,0.000002
data/Testing/glioma/Te-gl_0241.jpg,107747,glioma,glioma,1,0.999937,,1,0.999937,0.000059,0.000002,0.000002
data/Testing/glioma/Te-gl_0242.jpg,112027,glioma,glioma,1,0.979439,,1,0.979439,0.020264,0.000262,0.000034
data/Testing/glioma/Te-gl_0243.jpg,112105,glioma,glioma,1,0.999987,,1,0.999987,0.000008,0.000005,0.000000
data/Testing/glioma/Te-gl_0244.jpg,112105,glioma,glioma,1,0.999988,,1,0.999988,0.000009,0.000002,0.000001
data/Testing/glioma/Te-gl_0245.jpg,112105,glioma,glioma,1,0.999947,,1,0.999947,0.000041,0.000011,0.000001
data/Testing/glioma/Te-gl_0246.jpg,88670,glioma,glioma,1,0.998896,,1,0.998896,0.000677,0.000403,0.000024
data/Testing/glioma/Te-gl_0247.jpg,88670,glioma,glioma,1,0.939484,,1,0.939484,0.048939,0.011451,0.000126
data/Testing/glioma/Te-gl_0248.jpg,90284,glioma,glioma,1,0.999715,,1,0.999715,0.000238,0.000030,0.000017
data/Testing/glioma/Te-gl_0249.jpg,90284,glioma,glioma,1,0.999269,,1,0.999269,0.000564,0.000075,0.000092
data/Testing/glioma/Te-gl_0250.jpg,90284,glioma,glioma,1,0.999598,,1,0.999598,0.000136,0.000242,0.000024
data/Testing/glioma/Te-gl_0251.jpg,90284,glioma,glioma,1,0.993982,,1,0.993982,0.004141,0.001856,0.000021
data/Testing/glioma/Te-gl_0252.jpg,93825,glioma,glioma,1,0.980516,,1,0.980516,0.012006,0.007236,0.000242
data/Testing/glioma/Te-gl_0253.jpg,97609,glioma,glioma,1,0.995190,,1,0.995190,0.004591,0.000181,0.000038
data/Testing/glioma/Te-gl_0254.jpg,97609,glioma,glioma,1,0.998840,,1,0.998840,0.001069,0.000073,0.000018
data/Testing/glioma/Te-gl_0255.jpg,97609,glioma,glioma,1,0.963223,,1,0.963223,0.036458,0.000182,0.000137
data/Testing/glioma/Te-gl_0256.jpg,100416,glioma,glioma,1,0.999321,,1,0.999321,0.000496,0.000172,0.000012
data/Testing/glioma/Te-gl_0257.jpg,100416,glioma,glioma,1,0.998647,,1,0.998647,0.001175,0.000148,0.000030
data/Testing/glioma/Te-gl_0258.jpg,100820,glioma,glioma,1,0.955938,,1,0.955938,0.042543,0.001504,0.000015
data/Testing/glioma/Te-gl_0259.jpg,100820,glioma,meningioma,0,0.838942,,1,0.046430,0.838942,0.103206,0.011421
data/Testing/glioma/Te-gl_0260.jpg,101020,glioma,glioma,1,0.999897,,1,0.999897,0.000082,0.000018,0.000002
data/Testing/glioma/Te-gl_0261.jpg,101020,glioma,meningioma,0,0.617587,,1,0.382203,0.617587,0.000198,0.000012
data/Testing/glioma/Te-gl_0262.jpg,101020,glioma,glioma,1,0.999918,,1,0.999918,0.000062,0.000019,0.000000
data/Testing/glioma/Te-gl_0263.jpg,103148,glioma,glioma,1,0.999698,,1,0.999698,0.000237,0.000056,0.000009
data/Testing/glioma/Te-gl_0264.jpg,103148,glioma,glioma,1,0.885594,,1,0.885594,0.112700,0.001517,0.000188
data/Testing/glioma/Te-gl_0265.jpg,105653,glioma,meningioma,0,0.909976,,1,0.082681,0.909976,0.001842,0.005501
data/Testing/glioma/Te-gl_0266.jpg,107747,glioma,glioma,1,0.999883,,1,0.999883,0.000103,0.000010,0.000004
data/Testing/glioma/Te-gl_0267.jpg,107747,glioma,glioma,1,0.993223,,1,0.993223,0.006253,0.000240,0.000284
data/Testing/glioma/Te-gl_0268.jpg,108479,glioma,glioma,1,0.686641,,1,0.686641,0.305595,0.000149,0.007615
data/Testing/glioma/Te-gl_0269.jpg,112105,glioma,glioma,1,0.999971,,1,0.999971,0.000020,0.000007,0.000001
data/Testing/glioma/Te-gl_0270.jpg,88670,glioma,glioma,1,0.999864,,1,0.999864,0.000084,0.000048,0.000005
data/Testing/glioma/Te-gl_0271.jpg,90284,glioma,glioma,1,0.999962,,1,0.999962,0.000030,0.000003,0.000005
data/Testing/glioma/Te-gl_0272.jpg,90284,glioma,glioma,1,0.991677,,1,0.991677,0.002542,0.000477,0.005304
data/Testing/glioma/Te-gl_0273.jpg,90284,glioma,glioma,1,0.999997,,1,0.999997,0.000001,0.000001,0.000001
data/Testing/glioma/Te-gl_0274.jpg,90284,glioma,glioma,1,0.999996,,1,0.999996,0.000002,0.000001,0.000001
data/Testing/glioma/Te-gl_0275.jpg,93329,glioma,glioma,1,0.996828,,1,0.996828,0.003068,0.000055,0.000049
data/Testing/glioma/Te-gl_0276.jpg,93329,glioma,glioma,1,0.999733,,1,0.999733,0.000246,0.000012,0.000009
data/Testing/glioma/Te-gl_0277.jpg,93329,glioma,glioma,1,0.882565,,1,0.882565,0.111924,0.003963,0.001548
data/Testing/glioma/Te-gl_0278.jpg,93825,glioma,glioma,1,0.999943,,1,0.999943,0.000026,0.000028,0.000002
data/Testing/glioma/Te-gl_0279.jpg,94731,glioma,glioma,1,0.999910,,1,0.999910,0.000055,0.000002,0.000033
data/Testing/glioma/Te-gl_0280.jpg,95142,glioma,glioma,1,0.999764,,1,0.999764,0.000160,0.000011,0.000065
data/Testing/glioma/Te-gl_0281.jpg,95142,glioma,glioma,1,0.996621,,1,0.996621,0.003219,0.000132,0.000028
data/Testing/glioma/Te-gl_0282.jpg,96587,glioma,glioma,1,0.997730,,1,0.997730,0.002253,0.000015,0.000001
data/Testing/glioma/Te-gl_0283.jpg,97609,glioma,glioma,1,0.998288,,1,0.998288,0.001567,0.000133,0.000013
data/Testing/glioma/Te-gl_0284.jpg,unmatched::data/Testing/glioma/Te-gl_0284.jpg,glioma,glioma,1,0.998404,,1,0.998404,0.001567,0.000018,0.000010
data/Testing/glioma/Te-gl_0285.jpg,98889,glioma,glioma,1,0.996857,,1,0.996857,0.002670,0.000357,0.000116
data/Testing/glioma/Te-gl_0286.jpg,MR048294,glioma,glioma,1,0.999890,,1,0.999890,0.000055,0.000050,0.000004
data/Testing/glioma/Te-gl_0287.jpg,MR048294,glioma,glioma,1,0.999542,,1,0.999542,0.000226,0.000223,0.000009
data/Testing/glioma/Te-gl_0288.jpg,MR048297,glioma,glioma,1,0.962761,,1,0.962761,0.035479,0.001750,0.000010
data/Testing/glioma/Te-gl_0289.jpg,MR048621B,glioma,glioma,1,0.997702,,1,0.997702,0.001535,0.000508,0.000255
data/Testing/glioma/Te-gl_0290.jpg,MR048944,glioma,glioma,1,0.999771,,1,0.999771,0.000036,0.000167,0.000026
data/Testing/glioma/Te-gl_0291.jpg,MR048944,glioma,glioma,1,0.999693,,1,0.999693,0.000252,0.000040,0.000015
data/Testing/glioma/Te-gl_0292.jpg,MR048994,glioma,glioma,1,0.999994,,1,0.999994,0.000001,0.000004,0.000000
data/Testing/glioma/Te-gl_0293.jpg,MR048994,glioma,glioma,1,0.999956,,1,0.999956,0.000032,0.000012,0.000000
data/Testing/glioma/Te-gl_0294.jpg,MR049104,glioma,glioma,1,0.999982,,1,0.999982,0.000008,0.000006,0.000004
data/Testing/glioma/Te-gl_0295.jpg,MR049142,glioma,glioma,1,0.989372,,1,0.989372,0.006141,0.004076,0.000412
data/Testing/glioma/Te-gl_0296.jpg,MR048994B,glioma,glioma,1,0.999968,,1,0.999968,0.000015,0.000016,0.000001
data/Testing/glioma/Te-gl_0297.jpg,unmatched::data/Testing/glioma/Te-gl_0297.jpg,glioma,glioma,1,0.999946,,1,0.999946,0.000042,0.000010,0.000001
data/Testing/glioma/Te-gl_0298.jpg,MR048944B,glioma,glioma,1,0.999748,,1,0.999748,0.000125,0.000107,0.000020
data/Testing/glioma/Te-gl_0299.jpg,MR049358,glioma,glioma,1,0.999459,,1,0.999459,0.000145,0.000344,0.000052
data/Testing/meningioma/Te-meTr_0000.jpg,unmatched::data/Testing/meningioma/Te-meTr_0000.jpg,meningioma,meningioma,1,0.968263,,1,0.000067,0.968263,0.031651,0.000019
data/Testing/meningioma/Te-meTr_0001.jpg,unmatched::data/Testing/meningioma/Te-meTr_0001.jpg,meningioma,meningioma,1,0.999847,,1,0.000093,0.999847,0.000047,0.000012
data/Testing/meningioma/Te-meTr_0002.jpg,unmatched::data/Testing/meningioma/Te-meTr_0002.jpg,meningioma,meningioma,1,0.559661,,1,0.000043,0.559661,0.439648,0.000648
data/Testing/meningioma/Te-meTr_0003.jpg,unmatched::data/Testing/meningioma/Te-meTr_0003.jpg,meningioma,meningioma,1,0.999623,,1,0.000026,0.999623,0.000312,0.000039
data/Testing/meningioma/Te-meTr_0004.jpg,unmatched::data/Testing/meningioma/Te-meTr_0004.jpg,meningioma,meningioma,1,0.997781,,1,0.000000,0.997781,0.002215,0.000004
data/Testing/meningioma/Te-meTr_0005.jpg,unmatched::data/Testing/meningioma/Te-meTr_0005.jpg,meningioma,meningioma,1,0.999928,,1,0.000000,0.999928,0.000070,0.000002
data/Testing/meningioma/Te-meTr_0006.jpg,unmatched::data/Testing/meningioma/Te-meTr_0006.jpg,meningioma,meningioma,1,0.890104,,1,0.000012,0.890104,0.109648,0.000236
data/Testing/meningioma/Te-meTr_0007.jpg,unmatched::data/Testing/meningioma/Te-meTr_0007.jpg,meningioma,meningioma,1,0.995376,,1,0.003218,0.995376,0.000641,0.000765
data/Testing/meningioma/Te-meTr_0008.jpg,unmatched::data/Testing/meningioma/Te-meTr_0008.jpg,meningioma,meningioma,1,0.999989,,1,0.000006,0.999989,0.000002,0.000003
data/Testing/meningioma/Te-meTr_0009.jpg,unmatched::data/Testing/meningioma/Te-meTr_0009.jpg,meningioma,meningioma,1,0.999988,,1,0.000001,0.999988,0.000011,0.000000
data/Testing/meningioma/Te-me_0010.jpg,unmatched::data/Testing/meningioma/Te-me_0010.jpg,meningioma,meningioma,1,0.997262,,1,0.000179,0.997262,0.001678,0.000880
data/Testing/meningioma/Te-me_0011.jpg,unmatched::data/Testing/meningioma/Te-me_0011.jpg,meningioma,meningioma,1,0.690813,,1,0.000741,0.690813,0.307894,0.000553
data/Testing/meningioma/Te-me_0012.jpg,unmatched::data/Testing/meningioma/Te-me_0012.jpg,meningioma,meningioma,1,0.999998,,1,0.000000,0.999998,0.000000,0.000002
data/Testing/meningioma/Te-me_0013.jpg,unmatched::data/Testing/meningioma/Te-me_0013.jpg,meningioma,meningioma,1,0.999825,,1,0.000027,0.999825,0.000145,0.000003
data/Testing/meningioma/Te-me_0014.jpg,unmatched::data/Testing/meningioma/Te-me_0014.jpg,meningioma,meningioma,1,0.999640,,1,0.000002,0.999640,0.000357,0.000001
data/Testing/meningioma/Te-me_0015.jpg,unmatched::data/Testing/meningioma/Te-me_0015.jpg,meningioma,meningioma,1,0.999976,,1,0.000001,0.999976,0.000019,0.000004
data/Testing/meningioma/Te-me_0016.jpg,unmatched::data/Testing/meningioma/Te-me_0016.jpg,meningioma,meningioma,1,0.973822,,1,0.000530,0.973822,0.025504,0.000143
data/Testing/meningioma/Te-me_0017.jpg,unmatched::data/Testing/meningioma/Te-me_0017.jpg,meningioma,meningioma,1,0.997461,,1,0.000001,0.997461,0.002534,0.000005
data/Testing/meningioma/Te-me_0018.jpg,unmatched::data/Testing/meningioma/Te-me_0018.jpg,meningioma,meningioma,1,0.998171,,1,0.000063,0.998171,0.000491,0.001275
data/Testing/meningioma/Te-me_0019.jpg,unmatched::data/Testing/meningioma/Te-me_0019.jpg,meningioma,meningioma,1,0.999670,,1,0.000006,0.999670,0.000139,0.000185
data/Testing/meningioma/Te-me_0020.jpg,unmatched::data/Testing/meningioma/Te-me_0020.jpg,meningioma,meningioma,1,0.999885,,1,0.000001,0.999885,0.000111,0.000003
data/Testing/meningioma/Te-me_0021.jpg,unmatched::data/Testing/meningioma/Te-me_0021.jpg,meningioma,meningioma,1,0.998799,,1,0.000121,0.998799,0.001048,0.000032
data/Testing/meningioma/Te-me_0022.jpg,unmatched::data/Testing/meningioma/Te-me_0022.jpg,meningioma,meningioma,1,0.997863,,1,0.000661,0.997863,0.000981,0.000495
data/Testing/meningioma/Te-me_0023.jpg,unmatched::data/Testing/meningioma/Te-me_0023.jpg,meningioma,meningioma,1,0.999558,,1,0.000002,0.999558,0.000405,0.000035
data/Testing/meningioma/Te-me_0024.jpg,unmatched::data/Testing/meningioma/Te-me_0024.jpg,meningioma,meningioma,1,0.948789,,1,0.000002,0.948789,0.051123,0.000086
data/Testing/meningioma/Te-me_0025.jpg,unmatched::data/Testing/meningioma/Te-me_0025.jpg,meningioma,meningioma,1,0.999701,,1,0.000011,0.999701,0.000088,0.000200
data/Testing/meningioma/Te-me_0026.jpg,unmatched::data/Testing/meningioma/Te-me_0026.jpg,meningioma,meningioma,1,0.999948,,1,0.000022,0.999948,0.000014,0.000015
data/Testing/meningioma/Te-me_0027.jpg,unmatched::data/Testing/meningioma/Te-me_0027.jpg,meningioma,meningioma,1,0.999996,,1,0.000001,0.999996,0.000001,0.000002
data/Testing/meningioma/Te-me_0028.jpg,unmatched::data/Testing/meningioma/Te-me_0028.jpg,meningioma,meningioma,1,0.999878,,1,0.000014,0.999878,0.000090,0.000018
data/Testing/meningioma/Te-me_0029.jpg,unmatched::data/Testing/meningioma/Te-me_0029.jpg,meningioma,meningioma,1,0.999987,,1,0.000000,0.999987,0.000011,0.000001
data/Testing/meningioma/Te-me_0030.jpg,unmatched::data/Testing/meningioma/Te-me_0030.jpg,meningioma,meningioma,1,0.999424,,1,0.000003,0.999424,0.000571,0.000002
data/Testing/meningioma/Te-me_0031.jpg,unmatched::data/Testing/meningioma/Te-me_0031.jpg,meningioma,meningioma,1,0.997262,,1,0.000179,0.997262,0.001678,0.000880
data/Testing/meningioma/Te-me_0032.jpg,unmatched::data/Testing/meningioma/Te-me_0032.jpg,meningioma,meningioma,1,0.997631,,1,0.000350,0.997631,0.001874,0.000146
data/Testing/meningioma/Te-me_0033.jpg,unmatched::data/Testing/meningioma/Te-me_0033.jpg,meningioma,meningioma,1,0.997912,,1,0.000001,0.997912,0.002040,0.000047
data/Testing/meningioma/Te-me_0034.jpg,unmatched::data/Testing/meningioma/Te-me_0034.jpg,meningioma,meningioma,1,0.999944,,1,0.000000,0.999944,0.000054,0.000002
data/Testing/meningioma/Te-me_0035.jpg,unmatched::data/Testing/meningioma/Te-me_0035.jpg,meningioma,meningioma,1,0.999997,,1,0.000000,0.999997,0.000002,0.000000
data/Testing/meningioma/Te-me_0036.jpg,unmatched::data/Testing/meningioma/Te-me_0036.jpg,meningioma,meningioma,1,0.993863,,1,0.000051,0.993863,0.006003,0.000083
data/Testing/meningioma/Te-me_0037.jpg,unmatched::data/Testing/meningioma/Te-me_0037.jpg,meningioma,meningioma,1,0.974873,,1,0.003561,0.974873,0.021275,0.000291
data/Testing/meningioma/Te-me_0038.jpg,unmatched::data/Testing/meningioma/Te-me_0038.jpg,meningioma,meningioma,1,0.999995,,1,0.000002,0.999995,0.000001,0.000002
data/Testing/meningioma/Te-me_0039.jpg,unmatched::data/Testing/meningioma/Te-me_0039.jpg,meningioma,meningioma,1,0.999967,,1,0.000000,0.999967,0.000014,0.000019
data/Testing/meningioma/Te-me_0040.jpg,unmatched::data/Testing/meningioma/Te-me_0040.jpg,meningioma,meningioma,1,0.999939,,1,0.000027,0.999939,0.000029,0.000005
data/Testing/meningioma/Te-me_0041.jpg,unmatched::data/Testing/meningioma/Te-me_0041.jpg,meningioma,meningioma,1,0.975452,,1,0.001707,0.975452,0.022622,0.000219
data/Testing/meningioma/Te-me_0042.jpg,unmatched::data/Testing/meningioma/Te-me_0042.jpg,meningioma,meningioma,1,0.999995,,1,0.000000,0.999995,0.000001,0.000004
data/Testing/meningioma/Te-me_0043.jpg,unmatched::data/Testing/meningioma/Te-me_0043.jpg,meningioma,meningioma,1,0.999986,,1,0.000003,0.999986,0.000004,0.000006
data/Testing/meningioma/Te-me_0044.jpg,unmatched::data/Testing/meningioma/Te-me_0044.jpg,meningioma,meningioma,1,0.996494,,1,0.000000,0.996494,0.003488,0.000017
data/Testing/meningioma/Te-me_0045.jpg,unmatched::data/Testing/meningioma/Te-me_0045.jpg,meningioma,meningioma,1,0.997248,,1,0.000038,0.997248,0.002262,0.000451
data/Testing/meningioma/Te-me_0046.jpg,unmatched::data/Testing/meningioma/Te-me_0046.jpg,meningioma,meningioma,1,0.996701,,1,0.000081,0.996701,0.000766,0.002452
data/Testing/meningioma/Te-me_0047.jpg,unmatched::data/Testing/meningioma/Te-me_0047.jpg,meningioma,meningioma,1,0.999517,,1,0.000143,0.999517,0.000335,0.000005
data/Testing/meningioma/Te-me_0048.jpg,unmatched::data/Testing/meningioma/Te-me_0048.jpg,meningioma,meningioma,1,0.992237,,1,0.000021,0.992237,0.007381,0.000360
data/Testing/meningioma/Te-me_0049.jpg,unmatched::data/Testing/meningioma/Te-me_0049.jpg,meningioma,meningioma,1,0.999811,,1,0.000002,0.999811,0.000183,0.000004
data/Testing/meningioma/Te-me_0050.jpg,unmatched::data/Testing/meningioma/Te-me_0050.jpg,meningioma,meningioma,1,0.999447,,1,0.000038,0.999447,0.000379,0.000137
data/Testing/meningioma/Te-me_0051.jpg,unmatched::data/Testing/meningioma/Te-me_0051.jpg,meningioma,meningioma,1,0.999682,,1,0.000094,0.999682,0.000126,0.000098
data/Testing/meningioma/Te-me_0052.jpg,unmatched::data/Testing/meningioma/Te-me_0052.jpg,meningioma,meningioma,1,0.999643,,1,0.000010,0.999643,0.000085,0.000261
data/Testing/meningioma/Te-me_0053.jpg,unmatched::data/Testing/meningioma/Te-me_0053.jpg,meningioma,meningioma,1,0.999346,,1,0.000284,0.999346,0.000332,0.000037
data/Testing/meningioma/Te-me_0054.jpg,unmatched::data/Testing/meningioma/Te-me_0054.jpg,meningioma,meningioma,1,0.999995,,1,0.000000,0.999995,0.000002,0.000003
data/Testing/meningioma/Te-me_0055.jpg,unmatched::data/Testing/meningioma/Te-me_0055.jpg,meningioma,meningioma,1,0.999978,,1,0.000004,0.999978,0.000008,0.000010
data/Testing/meningioma/Te-me_0056.jpg,unmatched::data/Testing/meningioma/Te-me_0056.jpg,meningioma,meningioma,1,0.999806,,1,0.000005,0.999806,0.000135,0.000054
data/Testing/meningioma/Te-me_0057.jpg,unmatched::data/Testing/meningioma/Te-me_0057.jpg,meningioma,meningioma,1,0.999742,,1,0.000067,0.999742,0.000145,0.000046
data/Testing/meningioma/Te-me_0058.jpg,unmatched::data/Testing/meningioma/Te-me_0058.jpg,meningioma,meningioma,1,0.999968,,1,0.000001,0.999968,0.000008,0.000023
data/Testing/meningioma/Te-me_0059.jpg,unmatched::data/Testing/meningioma/Te-me_0059.jpg,meningioma,notumor,0,0.963852,,1,0.000181,0.035907,0.963852,0.000059
data/Testing/meningioma/Te-me_0060.jpg,unmatched::data/Testing/meningioma/Te-me_0060.jpg,meningioma,meningioma,1,0.990017,,1,0.005669,0.990017,0.004004,0.000309
data/Testing/meningioma/Te-me_0061.jpg,unmatched::data/Testing/meningioma/Te-me_0061.jpg,meningioma,meningioma,1,0.999999,,1,0.000000,0.999999,0.000001,0.000000
data/Testing/meningioma/Te-me_0062.jpg,unmatched::data/Testing/meningioma/Te-me_0062.jpg,meningioma,meningioma,1,0.999127,,1,0.000002,0.999127,0.000857,0.000014
data/Testing/meningioma/Te-me_0063.jpg,unmatched::data/Testing/meningioma/Te-me_0063.jpg,meningioma,meningioma,1,0.999600,,1,0.000103,0.999600,0.000100,0.000197
data/Testing/meningioma/Te-me_0064.jpg,unmatched::data/Testing/meningioma/Te-me_0064.jpg,meningioma,meningioma,1,0.835317,,1,0.000483,0.835317,0.161060,0.003141
data/Testing/meningioma/Te-me_0065.jpg,unmatched::data/Testing/meningioma/Te-me_0065.jpg,meningioma,meningioma,1,0.994796,,1,0.000070,0.994796,0.005097,0.000036
data/Testing/meningioma/Te-me_0066.jpg,unmatched::data/Testing/meningioma/Te-me_0066.jpg,meningioma,meningioma,1,0.999877,,1,0.000093,0.999877,0.000012,0.000018
data/Testing/meningioma/Te-me_0067.jpg,unmatched::data/Testing/meningioma/Te-me_0067.jpg,meningioma,meningioma,1,0.999639,,1,0.000238,0.999639,0.000109,0.000013
data/Testing/meningioma/Te-me_0068.jpg,unmatched::data/Testing/meningioma/Te-me_0068.jpg,meningioma,meningioma,1,0.999932,,1,0.000028,0.999932,0.000020,0.000020
data/Testing/meningioma/Te-me_0069.jpg,unmatched::data/Testing/meningioma/Te-me_0069.jpg,meningioma,meningioma,1,0.946465,,1,0.000087,0.946465,0.049626,0.003822
data/Testing/meningioma/Te-me_0070.jpg,unmatched::data/Testing/meningioma/Te-me_0070.jpg,meningioma,meningioma,1,0.927332,,1,0.000014,0.927332,0.072393,0.000261
data/Testing/meningioma/Te-me_0071.jpg,unmatched::data/Testing/meningioma/Te-me_0071.jpg,meningioma,meningioma,1,0.883626,,1,0.001158,0.883626,0.106479,0.008737
data/Testing/meningioma/Te-me_0072.jpg,unmatched::data/Testing/meningioma/Te-me_0072.jpg,meningioma,meningioma,1,0.994907,,1,0.000044,0.994907,0.004529,0.000519
data/Testing/meningioma/Te-me_0073.jpg,unmatched::data/Testing/meningioma/Te-me_0073.jpg,meningioma,meningioma,1,0.883626,,1,0.001158,0.883626,0.106479,0.008737
data/Testing/meningioma/Te-me_0074.jpg,unmatched::data/Testing/meningioma/Te-me_0074.jpg,meningioma,meningioma,1,1.000000,,1,0.000000,1.000000,0.000000,0.000000
data/Testing/meningioma/Te-me_0075.jpg,unmatched::data/Testing/meningioma/Te-me_0075.jpg,meningioma,meningioma,1,0.997854,,1,0.000943,0.997854,0.001184,0.000019
data/Testing/meningioma/Te-me_0076.jpg,unmatched::data/Testing/meningioma/Te-me_0076.jpg,meningioma,meningioma,1,0.999902,,1,0.000010,0.999902,0.000071,0.000017
data/Testing/meningioma/Te-me_0077.jpg,unmatched::data/Testing/meningioma/Te-me_0077.jpg,meningioma,meningioma,1,0.999998,,1,0.000000,0.999998,0.000001,0.000001
data/Testing/meningioma/Te-me_0078.jpg,unmatched::data/Testing/meningioma/Te-me_0078.jpg,meningioma,meningioma,1,0.999998,,1,0.000000,0.999998,0.000002,0.000000
data/Testing/meningioma/Te-me_0079.jpg,unmatched::data/Testing/meningioma/Te-me_0079.jpg,meningioma,meningioma,1,0.981656,,1,0.000242,0.981656,0.015929,0.002173
data/Testing/meningioma/Te-me_0080.jpg,unmatched::data/Testing/meningioma/Te-me_0080.jpg,meningioma,meningioma,1,0.944455,,1,0.000406,0.944455,0.051367,0.003773
data/Testing/meningioma/Te-me_0081.jpg,unmatched::data/Testing/meningioma/Te-me_0081.jpg,meningioma,meningioma,1,0.998664,,1,0.000003,0.998664,0.001240,0.000093
data/Testing/meningioma/Te-me_0082.jpg,unmatched::data/Testing/meningioma/Te-me_0082.jpg,meningioma,meningioma,1,0.998534,,1,0.000021,0.998534,0.001398,0.000046
data/Testing/meningioma/Te-me_0083.jpg,unmatched::data/Testing/meningioma/Te-me_0083.jpg,meningioma,meningioma,1,0.999550,,1,0.000151,0.999550,0.000238,0.000062
data/Testing/meningioma/Te-me_0084.jpg,unmatched::data/Testing/meningioma/Te-me_0084.jpg,meningioma,meningioma,1,0.941615,,1,0.000006,0.941615,0.058270,0.000109
data/Testing/meningioma/Te-me_0085.jpg,unmatched::data/Testing/meningioma/Te-me_0085.jpg,meningioma,meningioma,1,0.999994,,1,0.000001,0.999994,0.000002,0.000004
data/Testing/meningioma/Te-me_0086.jpg,unmatched::data/Testing/meningioma/Te-me_0086.jpg,meningioma,meningioma,1,0.999961,,1,0.000016,0.999961,0.000015,0.000008
data/Testing/meningioma/Te-me_0087.jpg,unmatched::data/Testing/meningioma/Te-me_0087.jpg,meningioma,meningioma,1,0.999956,,1,0.000000,0.999956,0.000018,0.000025
data/Testing/meningioma/Te-me_0088.jpg,unmatched::data/Testing/meningioma/Te-me_0088.jpg,meningioma,meningioma,1,0.999868,,1,0.000000,0.999868,0.000130,0.000001
data/Testing/meningioma/Te-me_0089.jpg,unmatched::data/Testing/meningioma/Te-me_0089.jpg,meningioma,meningioma,1,0.999990,,1,0.000008,0.999990,0.000000,0.000002
data/Testing/meningioma/Te-me_0090.jpg,unmatched::data/Testing/meningioma/Te-me_0090.jpg,meningioma,meningioma,1,0.999965,,1,0.000005,0.999965,0.000024,0.000006
data/Testing/meningioma/Te-me_0091.jpg,unmatched::data/Testing/meningioma/Te-me_0091.jpg,meningioma,meningioma,1,0.999997,,1,0.000000,0.999997,0.000002,0.000001
data/Testing/meningioma/Te-me_0092.jpg,unmatched::data/Testing/meningioma/Te-me_0092.jpg,meningioma,meningioma,1,0.999914,,1,0.000018,0.999914,0.000060,0.000009
data/Testing/meningioma/Te-me_0093.jpg,unmatched::data/Testing/meningioma/Te-me_0093.jpg,meningioma,meningioma,1,0.998897,,1,0.000075,0.998897,0.000990,0.000038
data/Testing/meningioma/Te-me_0094.jpg,unmatched::data/Testing/meningioma/Te-me_0094.jpg,meningioma,meningioma,1,0.999646,,1,0.000081,0.999646,0.000237,0.000036
data/Testing/meningioma/Te-me_0095.jpg,unmatched::data/Testing/meningioma/Te-me_0095.jpg,meningioma,meningioma,1,0.999967,,1,0.000016,0.999967,0.000008,0.000009
data/Testing/meningioma/Te-me_0096.jpg,unmatched::data/Testing/meningioma/Te-me_0096.jpg,meningioma,meningioma,1,0.998813,,1,0.000006,0.998813,0.001180,0.000001
data/Testing/meningioma/Te-me_0097.jpg,unmatched::data/Testing/meningioma/Te-me_0097.jpg,meningioma,meningioma,1,0.999654,,1,0.000003,0.999654,0.000069,0.000274
data/Testing/meningioma/Te-me_0098.jpg,unmatched::data/Testing/meningioma/Te-me_0098.jpg,meningioma,meningioma,1,0.999996,,1,0.000000,0.999996,0.000001,0.000002
data/Testing/meningioma/Te-me_0099.jpg,unmatched::data/Testing/meningioma/Te-me_0099.jpg,meningioma,meningioma,1,0.975849,,1,0.000013,0.975849,0.024112,0.000026
data/Testing/meningioma/Te-me_0100.jpg,unmatched::data/Testing/meningioma/Te-me_0100.jpg,meningioma,meningioma,1,0.982989,,1,0.000086,0.982989,0.016083,0.000842
data/Testing/meningioma/Te-me_0101.jpg,unmatched::data/Testing/meningioma/Te-me_0101.jpg,meningioma,meningioma,1,0.999984,,1,0.000000,0.999984,0.000015,0.000001
data/Testing/meningioma/Te-me_0102.jpg,unmatched::data/Testing/meningioma/Te-me_0102.jpg,meningioma,meningioma,1,0.999900,,1,0.000068,0.999900,0.000032,0.000001
data/Testing/meningioma/Te-me_0103.jpg,unmatched::data/Testing/meningioma/Te-me_0103.jpg,meningioma,meningioma,1,0.999267,,1,0.000013,0.999267,0.000563,0.000157
data/Testing/meningioma/Te-me_0104.jpg,unmatched::data/Testing/meningioma/Te-me_0104.jpg,meningioma,meningioma,1,0.999586,,1,0.000016,0.999586,0.000193,0.000206
data/Testing/meningioma/Te-me_0105.jpg,unmatched::data/Testing/meningioma/Te-me_0105.jpg,meningioma,meningioma,1,0.999985,,1,0.000001,0.999985,0.000014,0.000000
data/Testing/meningioma/Te-me_0106.jpg,unmatched::data/Testing/meningioma/Te-me_0106.jpg,meningioma,meningioma,1,0.922878,,1,0.000002,0.922878,0.077099,0.000021
data/Testing/meningioma/Te-me_0107.jpg,unmatched::data/Testing/meningioma/Te-me_0107.jpg,meningioma,meningioma,1,0.998285,,1,0.000000,0.998285,0.001710,0.000004
data/Testing/meningioma/Te-me_0108.jpg,unmatched::data/Testing/meningioma/Te-me_0108.jpg,meningioma,meningioma,1,0.996300,,1,0.000016,0.996300,0.003418,0.000266
data/Testing/meningioma/Te-me_0109.jpg,unmatched::data/Testing/meningioma/Te-me_0109.jpg,meningioma,meningioma,1,0.999996,,1,0.000001,0.999996,0.000002,0.000001
data/Testing/meningioma/Te-me_0110.jpg,unmatched::data/Testing/meningioma/Te-me_0110.jpg,meningioma,meningioma,1,0.990716,,1,0.000035,0.990716,0.007056,0.002193
data/Testing/meningioma/Te-me_0111.jpg,unmatched::data/Testing/meningioma/Te-me_0111.jpg,meningioma,meningioma,1,0.992702,,1,0.000054,0.992702,0.007230,0.000015
data/Testing/meningioma/Te-me_0112.jpg,unmatched::data/Testing/meningioma/Te-me_0112.jpg,meningioma,meningioma,1,0.999965,,1,0.000003,0.999965,0.000031,0.000001
data/Testing/meningioma/Te-me_0113.jpg,unmatched::data/Testing/meningioma/Te-me_0113.jpg,meningioma,meningioma,1,0.999194,,1,0.000000,0.999194,0.000797,0.000009
data/Testing/meningioma/Te-me_0114.jpg,unmatched::data/Testing/meningioma/Te-me_0114.jpg,meningioma,meningioma,1,0.999936,,1,0.000027,0.999936,0.000033,0.000004
data/Testing/meningioma/Te-me_0115.jpg,107494,meningioma,meningioma,1,0.994222,,1,0.001374,0.994222,0.003973,0.000431
data/Testing/meningioma/Te-me_0116.jpg,107494,meningioma,meningioma,1,0.999747,,1,0.000194,0.999747,0.000030,0.000029
data/Testing/meningioma/Te-me_0117.jpg,108514,meningioma,meningioma,1,0.999981,,1,0.000014,0.999981,0.000003,0.000002
data/Testing/meningioma/Te-me_0118.jpg,108550,meningioma,meningioma,1,0.997693,,1,0.000565,0.997693,0.000122,0.001619
data/Testing/meningioma/Te-me_0119.jpg,108945,meningioma,meningioma,1,0.999866,,1,0.000054,0.999866,0.000057,0.000023
data/Testing/meningioma/Te-me_0120.jpg,109411,meningioma,meningioma,1,0.996581,,1,0.001324,0.996581,0.000947,0.001148
data/Testing/meningioma/Te-me_0121.jpg,109968,meningioma,meningioma,1,0.998817,,1,0.000357,0.998817,0.000338,0.000488
data/Testing/meningioma/Te-me_0122.jpg,111077,meningioma,meningioma,1,0.955187,,1,0.027150,0.955187,0.009443,0.008220
data/Testing/meningioma/Te-me_0123.jpg,111366,meningioma,meningioma,1,0.997975,,1,0.000293,0.997975,0.000128,0.001604
data/Testing/meningioma/Te-me_0124.jpg,112002,meningioma,meningioma,1,0.998684,,1,0.000767,0.998684,0.000435,0.000114
data/Testing/meningioma/Te-me_0125.jpg,112062,meningioma,meningioma,1,0.999988,,1,0.000001,0.999988,0.000001,0.000010
data/Testing/meningioma/Te-me_0126.jpg,112252,meningioma,meningioma,1,0.999359,,1,0.000335,0.999359,0.000289,0.000016
data/Testing/meningioma/Te-me_0127.jpg,112552,meningioma,meningioma,1,0.999982,,1,0.000010,0.999982,0.000002,0.000006
data/Testing/meningioma/Te-me_0128.jpg,112648,meningioma,meningioma,1,0.999980,,1,0.000006,0.999980,0.000007,0.000007
data/Testing/meningioma/Te-me_0129.jpg,113435,meningioma,meningioma,1,0.999965,,1,0.000015,0.999965,0.000007,0.000013
data/Testing/meningioma/Te-me_0130.jpg,unmatched::data/Testing/meningioma/Te-me_0130.jpg,meningioma,meningioma,1,0.999691,,1,0.000113,0.999691,0.000168,0.000028
data/Testing/meningioma/Te-me_0131.jpg,113805,meningioma,meningioma,1,0.998457,,1,0.000153,0.998457,0.000842,0.000548
data/Testing/meningioma/Te-me_0132.jpg,114018,meningioma,meningioma,1,0.999992,,1,0.000000,0.999992,0.000000,0.000007
data/Testing/meningioma/Te-me_0133.jpg,114359,meningioma,meningioma,1,0.999538,,1,0.000404,0.999538,0.000039,0.000019
data/Testing/meningioma/Te-me_0134.jpg,97607,meningioma,meningioma,1,0.999776,,1,0.000084,0.999776,0.000096,0.000044
data/Testing/meningioma/Te-me_0135.jpg,unmatched::data/Testing/meningioma/Te-me_0135.jpg,meningioma,meningioma,1,0.999953,,1,0.000018,0.999953,0.000014,0.000015
data/Testing/meningioma/Te-me_0136.jpg,97875,meningioma,meningioma,1,0.971071,,1,0.025753,0.971071,0.000962,0.002214
data/Testing/meningioma/Te-me_0137.jpg,97943,meningioma,meningioma,1,0.999474,,1,0.000316,0.999474,0.000100,0.000109
data/Testing/meningioma/Te-me_0138.jpg,98241,meningioma,meningioma,1,0.999976,,1,0.000010,0.999976,0.000010,0.000003
data/Testing/meningioma/Te-me_0139.jpg,unmatched::data/Testing/meningioma/Te-me_0139.jpg,meningioma,meningioma,1,0.999668,,1,0.000013,0.999668,0.000313,0.000006
data/Testing/meningioma/Te-me_0140.jpg,unmatched::data/Testing/meningioma/Te-me_0140.jpg,meningioma,meningioma,1,0.559661,,1,0.000043,0.559661,0.439648,0.000648
data/Testing/meningioma/Te-me_0141.jpg,100360,meningioma,meningioma,1,0.999912,,1,0.000005,0.999912,0.000041,0.000042
data/Testing/meningioma/Te-me_0142.jpg,100360,meningioma,meningioma,1,0.999956,,1,0.000022,0.999956,0.000019,0.000003
data/Testing/meningioma/Te-me_0143.jpg,unmatched::data/Testing/meningioma/Te-me_0143.jpg,meningioma,meningioma,1,0.922878,,1,0.000002,0.922878,0.077099,0.000021
data/Testing/meningioma/Te-me_0144.jpg,101016,meningioma,meningioma,1,0.999963,,1,0.000006,0.999963,0.000029,0.000002
data/Testing/meningioma/Te-me_0145.jpg,unmatched::data/Testing/meningioma/Te-me_0145.jpg,meningioma,meningioma,1,0.990716,,1,0.000035,0.990716,0.007056,0.002193
data/Testing/meningioma/Te-me_0146.jpg,97943,meningioma,meningioma,1,0.998367,,1,0.000488,0.998367,0.000901,0.000245
data/Testing/meningioma/Te-me_0147.jpg,98241,meningioma,meningioma,1,0.999997,,1,0.000000,0.999997,0.000001,0.000002
data/Testing/meningioma/Te-me_0148.jpg,99017,meningioma,meningioma,1,0.999647,,1,0.000006,0.999647,0.000004,0.000342
data/Testing/meningioma/Te-me_0149.jpg,unmatched::data/Testing/meningioma/Te-me_0149.jpg,meningioma,meningioma,1,0.999984,,1,0.000001,0.999984,0.000005,0.000010
data/Testing/meningioma/Te-me_0150.jpg,99308,meningioma,meningioma,1,0.999984,,1,0.000005,0.999984,0.000001,0.000011
data/Testing/meningioma/Te-me_0151.jpg,101797,meningioma,meningioma,1,0.999982,,1,0.000008,0.999982,0.000010,0.000000
data/Testing/meningioma/Te-me_0152.jpg,100360,meningioma,meningioma,1,0.999977,,1,0.000014,0.999977,0.000002,0.000007
data/Testing/meningioma/Te-me_0153.jpg,100572,meningioma,meningioma,1,0.999972,,1,0.000014,0.999972,0.000001,0.000013
data/Testing/meningioma/Te-me_0154.jpg,101016,meningioma,meningioma,1,0.999458,,1,0.000100,0.999458,0.000415,0.000027
data/Testing/meningioma/Te-me_0155.jpg,101016,meningioma,meningioma,1,0.999942,,1,0.000045,0.999942,0.000009,0.000005
data/Testing/meningioma/Te-me_0156.jpg,101127,meningioma,meningioma,1,0.994546,,1,0.000199,0.994546,0.000891,0.004364
data/Testing/meningioma/Te-me_0157.jpg,101797,meningioma,meningioma,1,0.999923,,1,0.000008,0.999923,0.000012,0.000058
data/Testing/meningioma/Te-me_0158.jpg,102420,meningioma,meningioma,1,0.999997,,1,0.000001,0.999997,0.000000,0.000002
data/Testing/meningioma/Te-me_0159.jpg,102420,meningioma,meningioma,1,0.999480,,1,0.000105,0.999480,0.000160,0.000255
data/Testing/meningioma/Te-me_0160.jpg,102714,meningioma,meningioma,1,0.999963,,1,0.000010,0.999963,0.000026,0.000001
data/Testing/meningioma/Te-me_0161.jpg,102929,meningioma,meningioma,1,0.999682,,1,0.000158,0.999682,0.000011,0.000149
data/Testing/meningioma/Te-me_0162.jpg,102929,meningioma,meningioma,1,0.999828,,1,0.000032,0.999828,0.000003,0.000137
data/Testing/meningioma/Te-me_0163.jpg,103673,meningioma,meningioma,1,0.997530,,1,0.000026,0.997530,0.000015,0.002429
data/Testing/meningioma/Te-me_0164.jpg,103673,meningioma,meningioma,1,0.999424,,1,0.000039,0.999424,0.000025,0.000512
data/Testing/meningioma/Te-me_0165.jpg,103925,meningioma,meningioma,1,0.997427,,1,0.002242,0.997427,0.000106,0.000226
data/Testing/meningioma/Te-me_0166.jpg,103925,meningioma,meningioma,1,0.999975,,1,0.000024,0.999975,0.000000,0.000001
data/Testing/meningioma/Te-me_0167.jpg,104167,meningioma,meningioma,1,0.999811,,1,0.000021,0.999811,0.000130,0.000038
data/Testing/meningioma/Te-me_0168.jpg,104167,meningioma,meningioma,1,0.999841,,1,0.000004,0.999841,0.000130,0.000026
data/Testing/meningioma/Te-me_0169.jpg,104281,meningioma,meningioma,1,0.999982,,1,0.000012,0.999982,0.000004,0.000003
data/Testing/meningioma/Te-me_0170.jpg,102714,meningioma,meningioma,1,0.997499,,1,0.000592,0.997499,0.000254,0.001655
data/Testing/meningioma/Te-me_0171.jpg,105555,meningioma,meningioma,1,0.999724,,1,0.000113,0.999724,0.000034,0.000129
data/Testing/meningioma/Te-me_0172.jpg,105937,meningioma,meningioma,1,0.999996,,1,0.000000,0.999996,0.000001,0.000004
data/Testing/meningioma/Te-me_0173.jpg,106284,meningioma,meningioma,1,0.999496,,1,0.000014,0.999496,0.000480,0.000010
data/Testing/meningioma/Te-me_0174.jpg,106442,meningioma,meningioma,1,0.999720,,1,0.000084,0.999720,0.000193,0.000003
data/Testing/meningioma/Te-me_0175.jpg,106534,meningioma,meningioma,1,0.996068,,1,0.001808,0.996068,0.002095,0.000029
data/Testing/meningioma/Te-me_0176.jpg,106665,meningioma,meningioma,1,0.999735,,1,0.000224,0.999735,0.000014,0.000027
data/Testing/meningioma/Te-me_0177.jpg,53669,meningioma,meningioma,1,0.999997,,1,0.000001,0.999997,0.000000,0.000002
data/Testing/meningioma/Te-me_0178.jpg,95969,meningioma,meningioma,1,0.954980,,1,0.017327,0.954980,0.027533,0.000160
data/Testing/meningioma/Te-me_0179.jpg,106720,meningioma,meningioma,1,0.999961,,1,0.000035,0.999961,0.000003,0.000001
data/Testing/meningioma/Te-me_0180.jpg,106914,meningioma,meningioma,1,0.999999,,1,0.000000,0.999999,0.000000,0.000000
data/Testing/meningioma/Te-me_0181.jpg,107248,meningioma,meningioma,1,0.996388,,1,0.003333,0.996388,0.000117,0.000162
data/Testing/meningioma/Te-me_0182.jpg,102929,meningioma,meningioma,1,0.999875,,1,0.000003,0.999875,0.000054,0.000067
data/Testing/meningioma/Te-me_0183.jpg,107494,meningioma,meningioma,1,0.999818,,1,0.000105,0.999818,0.000037,0.000041
data/Testing/meningioma/Te-me_0184.jpg,108514,meningioma,meningioma,1,0.999625,,1,0.000244,0.999625,0.000124,0.000007
data/Testing/meningioma/Te-me_0185.jpg,108514,meningioma,meningioma,1,0.999824,,1,0.000075,0.999824,0.000095,0.000006
data/Testing/meningioma/Te-me_0186.jpg,108590,meningioma,meningioma,1,0.999907,,1,0.000015,0.999907,0.000062,0.000016
data/Testing/meningioma/Te-me_0187.jpg,108945,meningioma,meningioma,1,0.999861,,1,0.000095,0.999861,0.000026,0.000018
data/Testing/meningioma/Te-me_0188.jpg,109968,meningioma,meningioma,1,0.997504,,1,0.002426,0.997504,0.000018,0.000052
data/Testing/meningioma/Te-me_0189.jpg,110116,meningioma,meningioma,1,0.999403,,1,0.000016,0.999403,0.000252,0.000329
data/Testing/meningioma/Te-me_0190.jpg,111077,meningioma,meningioma,1,0.999814,,1,0.000057,0.999814,0.000125,0.000005
data/Testing/meningioma/Te-me_0191.jpg,111077,meningioma,meningioma,1,0.999974,,1,0.000003,0.999974,0.000013,0.000010
data/Testing/meningioma/Te-me_0192.jpg,111366,meningioma,meningioma,1,0.999985,,1,0.000003,0.999985,0.000003,0.000008
data/Testing/meningioma/Te-me_0193.jpg,103673,meningioma,pituitary,0,0.998348,,1,0.000111,0.000790,0.000751,0.998348
data/Testing/meningioma/Te-me_0194.jpg,112002,meningioma,meningioma,1,0.997825,,1,0.000817,0.997825,0.001225,0.000133
data/Testing/meningioma/Te-me_0195.jpg,112062,meningioma,meningioma,1,0.999975,,1,0.000013,0.999975,0.000011,0.000001
data/Testing/meningioma/Te-me_0196.jpg,112252,meningioma,meningioma,1,0.999408,,1,0.000468,0.999408,0.000073,0.000051
data/Testing/meningioma/Te-me_0197.jpg,112552,meningioma,meningioma,1,0.999986,,1,0.000003,0.999986,0.000002,0.000009
data/Testing/meningioma/Te-me_0198.jpg,112552,meningioma,meningioma,1,0.999806,,1,0.000191,0.999806,0.000003,0.000001
data/Testing/meningioma/Te-me_0199.jpg,112648,meningioma,meningioma,1,0.999884,,1,0.000069,0.999884,0.000036,0.000010
data/Testing/meningioma/Te-me_0200.jpg,113435,meningioma,meningioma,1,0.999940,,1,0.000031,0.999940,0.000017,0.000013
data/Testing/meningioma/Te-me_0201.jpg,113435,meningioma,meningioma,1,0.999733,,1,0.000094,0.999733,0.000018,0.000155
data/Testing/meningioma/Te-me_0202.jpg,113554,meningioma,meningioma,1,0.998902,,1,0.001083,0.998902,0.000009,0.000005
data/Testing/meningioma/Te-me_0203.jpg,114018,meningioma,meningioma,1,0.999930,,1,0.000005,0.999930,0.000005,0.000060
data/Testing/meningioma/Te-me_0204.jpg,100360,meningioma,meningioma,1,0.999938,,1,0.000049,0.999938,0.000005,0.000008
data/Testing/meningioma/Te-me_0205.jpg,114359,meningioma,meningioma,1,0.999997,,1,0.000002,0.999997,0.000000,0.000001
data/Testing/meningioma/Te-me_0206.jpg,97607,meningioma,meningioma,1,0.999978,,1,0.000012,0.999978,0.000005,0.000006
data/Testing/meningioma/Te-me_0207.jpg,103673,meningioma,meningioma,1,0.868596,,1,0.000578,0.868596,0.001808,0.129018
data/Testing/meningioma/Te-me_0208.jpg,97737,meningioma,meningioma,1,0.999956,,1,0.000003,0.999956,0.000039,0.000002
data/Testing/meningioma/Te-me_0209.jpg,97875,meningioma,meningioma,1,0.999972,,1,0.000005,0.999972,0.000004,0.000019
data/Testing/meningioma/Te-me_0210.jpg,97943,meningioma,meningioma,1,0.999951,,1,0.000004,0.999951,0.000041,0.000004
data/Testing/meningioma/Te-me_0211.jpg,98241,meningioma,meningioma,1,0.999992,,1,0.000001,0.999992,0.000001,0.000007
data/Testing/meningioma/Te-me_0212.jpg,98241,meningioma,meningioma,1,0.999973,,1,0.000006,0.999973,0.000010,0.000011
data/Testing/meningioma/Te-me_0213.jpg,99017,meningioma,meningioma,1,0.996978,,1,0.001464,0.996978,0.000214,0.001343
data/Testing/meningioma/Te-me_0214.jpg,99089,meningioma,meningioma,1,0.999937,,1,0.000016,0.999937,0.000010,0.000037
data/Testing/meningioma/Te-me_0215.jpg,99308,meningioma,meningioma,1,0.999722,,1,0.000147,0.999722,0.000049,0.000082
data/Testing/meningioma/Te-me_0216.jpg,unmatched::data/Testing/meningioma/Te-me_0216.jpg,meningioma,meningioma,1,0.998131,,1,0.001790,0.998131,0.000067,0.000012
data/Testing/meningioma/Te-me_0217.jpg,100360,meningioma,meningioma,1,0.999068,,1,0.000886,0.999068,0.000006,0.000040
data/Testing/meningioma/Te-me_0218.jpg,104167,meningioma,meningioma,1,0.999978,,1,0.000009,0.999978,0.000007,0.000006
data/Testing/meningioma/Te-me_0219.jpg,100920,meningioma,meningioma,1,0.999961,,1,0.000004,0.999961,0.000010,0.000025
data/Testing/meningioma/Te-me_0220.jpg,101016,meningioma,meningioma,1,0.999986,,1,0.000010,0.999986,0.000001,0.000003
data/Testing/meningioma/Te-me_0221.jpg,101082,meningioma,meningioma,1,0.999886,,1,0.000082,0.999886,0.000007,0.000024
data/Testing/meningioma/Te-me_0222.jpg,101127,meningioma,meningioma,1,0.996621,,1,0.000987,0.996621,0.000045,0.002347
data/Testing/meningioma/Te-me_0223.jpg,101797,meningioma,meningioma,1,0.999985,,1,0.000006,0.999985,0.000001,0.000008
data/Testing/meningioma/Te-me_0224.jpg,unmatched::data/Testing/meningioma/Te-me_0224.jpg,meningioma,meningioma,1,0.999957,,1,0.000004,0.999957,0.000008,0.000031
data/Testing/meningioma/Te-me_0225.jpg,102420,meningioma,meningioma,1,0.994691,,1,0.004387,0.994691,0.000052,0.000870
data/Testing/meningioma/Te-me_0226.jpg,102675,meningioma,meningioma,1,0.974459,,1,0.025410,0.974459,0.000109,0.000022
data/Testing/meningioma/Te-me_0227.jpg,102714,meningioma,meningioma,1,0.999848,,1,0.000052,0.999848,0.000063,0.000036
data/Testing/meningioma/Te-me_0228.jpg,102818,meningioma,meningioma,1,0.999906,,1,0.000045,0.999906,0.000008,0.000040
data/Testing/meningioma/Te-me_0229.jpg,104281,meningioma,meningioma,1,0.998933,,1,0.000185,0.998933,0.000841,0.000041
data/Testing/meningioma/Te-me_0230.jpg,102960,meningioma,meningioma,1,0.999255,,1,0.000052,0.999255,0.000019,0.000675
data/Testing/meningioma/Te-me_0231.jpg,103673,meningioma,meningioma,1,0.991513,,1,0.000018,0.991513,0.000217,0.008252
data/Testing/meningioma/Te-me_0232.jpg,104281,meningioma,meningioma,1,0.999954,,1,0.000004,0.999954,0.000039,0.000004
data/Testing/meningioma/Te-me_0233.jpg,103925,meningioma,meningioma,1,0.999763,,1,0.000120,0.999763,0.000007,0.000110
data/Testing/meningioma/Te-me_0234.jpg,104167,meningioma,meningioma,1,0.998785,,1,0.001198,0.998785,0.000012,0.000006
data/Testing/meningioma/Te-me_0235.jpg,104281,meningioma,meningioma,1,0.999986,,1,0.000003,0.999986,0.000005,0.000006
data/Testing/meningioma/Te-me_0236.jpg,104695,meningioma,meningioma,1,0.787888,,1,0.211848,0.787888,0.000189,0.000075
data/Testing/meningioma/Te-me_0237.jpg,105555,meningioma,meningioma,1,0.999824,,1,0.000073,0.999824,0.000020,0.000083
data/Testing/meningioma/Te-me_0238.jpg,105937,meningioma,meningioma,1,0.999949,,1,0.000001,0.999949,0.000000,0.000051
data/Testing/meningioma/Te-me_0239.jpg,106284,meningioma,meningioma,1,0.999750,,1,0.000050,0.999750,0.000050,0.000150
data/Testing/meningioma/Te-me_0240.jpg,106442,meningioma,meningioma,1,0.999948,,1,0.000007,0.999948,0.000036,0.000009
data/Testing/meningioma/Te-me_0241.jpg,106592,meningioma,meningioma,1,0.999390,,1,0.000332,0.999390,0.000118,0.000160
data/Testing/meningioma/Te-me_0242.jpg,106665,meningioma,meningioma,1,0.999873,,1,0.000068,0.999873,0.000008,0.000052
data/Testing/meningioma/Te-me_0243.jpg,104281,meningioma,meningioma,1,0.999547,,1,0.000092,0.999547,0.000232,0.000130
data/Testing/meningioma/Te-me_0244.jpg,106914,meningioma,meningioma,1,0.999054,,1,0.000462,0.999054,0.000074,0.000411
data/Testing/meningioma/Te-me_0245.jpg,106914,meningioma,meningioma,1,0.999995,,1,0.000003,0.999995,0.000001,0.000001
data/Testing/meningioma/Te-me_0246.jpg,107190,meningioma,meningioma,1,0.999732,,1,0.000023,0.999732,0.000004,0.000241
data/Testing/meningioma/Te-me_0247.jpg,107248,meningioma,meningioma,1,0.999708,,1,0.000139,0.999708,0.000036,0.000117
data/Testing/meningioma/Te-me_0248.jpg,107494,meningioma,meningioma,1,0.998487,,1,0.000017,0.998487,0.000011,0.001485
data/Testing/meningioma/Te-me_0249.jpg,unmatched::data/Testing/meningioma/Te-me_0249.jpg,meningioma,meningioma,1,0.999971,,1,0.000027,0.999971,0.000001,0.000002
data/Testing/meningioma/Te-me_0250.jpg,108514,meningioma,meningioma,1,0.999704,,1,0.000239,0.999704,0.000039,0.000017
data/Testing/meningioma/Te-me_0251.jpg,108550,meningioma,meningioma,1,0.999736,,1,0.000058,0.999736,0.000003,0.000202
data/Testing/meningioma/Te-me_0252.jpg,108590,meningioma,meningioma,1,0.999908,,1,0.000058,0.999908,0.000008,0.000026
data/Testing/meningioma/Te-me_0253.jpg,108945,meningioma,meningioma,1,0.999801,,1,0.000169,0.999801,0.000014,0.000016
data/Testing/meningioma/Te-me_0254.jpg,unmatched::data/Testing/meningioma/Te-me_0254.jpg,meningioma,meningioma,1,0.999089,,1,0.000279,0.999089,0.000597,0.000036
data/Testing/meningioma/Te-me_0255.jpg,109968,meningioma,meningioma,1,0.999974,,1,0.000003,0.999974,0.000001,0.000022
data/Testing/meningioma/Te-me_0256.jpg,111077,meningioma,meningioma,1,0.999998,,1,0.000001,0.999998,0.000000,0.000001
data/Testing/meningioma/Te-me_0257.jpg,111366,meningioma,meningioma,1,0.999991,,1,0.000001,0.999991,0.000003,0.000005
data/Testing/meningioma/Te-me_0258.jpg,111532,meningioma,meningioma,1,0.999949,,1,0.000033,0.999949,0.000004,0.000014
data/Testing/meningioma/Te-me_0259.jpg,112002,meningioma,meningioma,1,0.994849,,1,0.005096,0.994849,0.000019,0.000036
data/Testing/meningioma/Te-me_0260.jpg,112002,meningioma,meningioma,1,0.996249,,1,0.003612,0.996249,0.000099,0.000040
data/Testing/meningioma/Te-me_0261.jpg,112062,meningioma,meningioma,1,0.999909,,1,0.000040,0.999909,0.000039,0.000013
data/Testing/meningioma/Te-me_0262.jpg,112552,meningioma,meningioma,1,0.996840,,1,0.002889,0.996840,0.000069,0.000202
data/Testing/meningioma/Te-me_0263.jpg,112552,meningioma,meningioma,1,0.999954,,1,0.000028,0.999954,0.000009,0.000009
data/Testing/meningioma/Te-me_0264.jpg,112648,meningioma,meningioma,1,0.999850,,1,0.000072,0.999850,0.000072,0.000007
data/Testing/meningioma/Te-me_0265.jpg,106284,meningioma,meningioma,1,0.999931,,1,0.000046,0.999931,0.000014,0.000008
data/Testing/meningioma/Te-me_0266.jpg,113098,meningioma,meningioma,1,0.997538,,1,0.001011,0.997538,0.000041,0.001410
data/Testing/meningioma/Te-me_0267.jpg,113435,meningioma,meningioma,1,0.999983,,1,0.000010,0.999983,0.000001,0.000005
data/Testing/meningioma/Te-me_0268.jpg,113435,meningioma,meningioma,1,0.988178,,1,0.010849,0.988178,0.000398,0.000575
data/Testing/meningioma/Te-me_0269.jpg,113554,meningioma,meningioma,1,0.981453,,1,0.004916,0.981453,0.006731,0.006900
data/Testing/meningioma/Te-me_0270.jpg,113614,meningioma,meningioma,1,0.999380,,1,0.000526,0.999380,0.000091,0.000002
data/Testing/meningioma/Te-me_0271.jpg,113971,meningioma,meningioma,1,0.998620,,1,0.000348,0.998620,0.000067,0.000965
data/Testing/meningioma/Te-me_0272.jpg,114018,meningioma,meningioma,1,0.999901,,1,0.000003,0.999901,0.000010,0.000086
data/Testing/meningioma/Te-me_0273.jpg,114359,meningioma,meningioma,1,0.999967,,1,0.000028,0.999967,0.000005,0.000001
data/Testing/meningioma/Te-me_0274.jpg,114359,meningioma,meningioma,1,0.999816,,1,0.000170,0.999816,0.000010,0.000004
data/Testing/meningioma/Te-me_0275.jpg,114417,meningioma,meningioma,1,0.999996,,1,0.000003,0.999996,0.000000,0.000000
data/Testing/meningioma/Te-me_0276.jpg,106284,meningioma,meningioma,1,0.999957,,1,0.000016,0.999957,0.000015,0.000012
data/Testing/meningioma/Te-me_0277.jpg,unmatched::data/Testing/meningioma/Te-me_0277.jpg,meningioma,meningioma,1,0.999995,,1,0.000003,0.999995,0.000001,0.000001
data/Testing/meningioma/Te-me_0278.jpg,97607,meningioma,meningioma,1,0.999981,,1,0.000009,0.999981,0.000005,0.000005
data/Testing/meningioma/Te-me_0279.jpg,97737,meningioma,meningioma,1,0.999966,,1,0.000010,0.999966,0.000002,0.000022
data/Testing/meningioma/Te-me_0280.jpg,97875,meningioma,meningioma,1,0.989303,,1,0.009755,0.989303,0.000163,0.000779
data/Testing/meningioma/Te-me_0281.jpg,97943,meningioma,meningioma,1,0.999949,,1,0.000029,0.999949,0.000009,0.000014
data/Testing/meningioma/Te-me_0282.jpg,98241,meningioma,meningioma,1,0.999998,,1,0.000001,0.999998,0.000000,0.000001
data/Testing/meningioma/Te-me_0283.jpg,98241,meningioma,meningioma,1,0.999886,,1,0.000012,0.999886,0.000002,0.000100
data/Testing/meningioma/Te-me_0284.jpg,99089,meningioma,meningioma,1,0.999877,,1,0.000010,0.999877,0.000019,0.000094
data/Testing/meningioma/Te-me_0285.jpg,99089,meningioma,meningioma,1,0.999491,,1,0.000338,0.999491,0.000127,0.000044
data/Testing/meningioma/Te-me_0286.jpg,99288,meningioma,meningioma,1,0.977759,,1,0.010555,0.977759,0.000286,0.011400
data/Testing/meningioma/Te-me_0287.jpg,100572,meningioma,meningioma,1,0.999638,,1,0.000034,0.999638,0.000029,0.000300
data/Testing/meningioma/Te-me_0288.jpg,99308,meningioma,meningioma,1,0.999938,,1,0.000055,0.999938,0.000003,0.000004
data/Testing/meningioma/Te-me_0289.jpg,99815,meningioma,meningioma,1,0.999995,,1,0.000001,0.999995,0.000000,0.000004
data/Testing/meningioma/Te-me_0290.jpg,106534,meningioma,meningioma,1,0.999926,,1,0.000019,0.999926,0.000013,0.000042
data/Testing/meningioma/Te-me_0291.jpg,106665,meningioma,meningioma,1,0.998353,,1,0.001138,0.998353,0.000410,0.000099
data/Testing/meningioma/Te-me_0292.jpg,100572,meningioma,meningioma,1,0.999715,,1,0.000012,0.999715,0.000021,0.000252
data/Testing/meningioma/Te-me_0293.jpg,106720,meningioma,meningioma,1,0.999977,,1,0.000002,0.999977,0.000018,0.000003
data/Testing/meningioma/Te-me_0294.jpg,106914,meningioma,meningioma,1,0.999938,,1,0.000011,0.999938,0.000019,0.000032
data/Testing/meningioma/Te-me_0295.jpg,106914,meningioma,meningioma,1,0.999995,,1,0.000002,0.999995,0.000001,0.000002
data/Testing/meningioma/Te-me_0296.jpg,107248,meningioma,meningioma,1,0.999638,,1,0.000068,0.999638,0.000080,0.000214
data/Testing/meningioma/Te-me_0297.jpg,107248,meningioma,meningioma,1,0.999963,,1,0.000003,0.999963,0.000024,0.000009
data/Testing/meningioma/Te-me_0298.jpg,113554,meningioma,meningioma,1,0.999995,,1,0.000001,0.999995,0.000002,0.000002
data/Testing/meningioma/Te-me_0299.jpg,114018,meningioma,meningioma,1,0.999987,,1,0.000000,0.999987,0.000000,0.000013
data/Testing/meningioma/Te-me_0300.jpg,101127,meningioma,meningioma,1,0.999523,,1,0.000054,0.999523,0.000170,0.000253
data/Testing/meningioma/Te-me_0301.jpg,114359,meningioma,meningioma,1,0.999980,,1,0.000011,0.999980,0.000007,0.000002
data/Testing/meningioma/Te-me_0302.jpg,97607,meningioma,meningioma,1,0.999998,,1,0.000000,0.999998,0.000000,0.000001
data/Testing/meningioma/Te-me_0303.jpg,unmatched::data/Testing/meningioma/Te-me_0303.jpg,meningioma,meningioma,1,0.999995,,1,0.000001,0.999995,0.000002,0.000001
data/Testing/meningioma/Te-me_0304.jpg,97875,meningioma,meningioma,1,0.995933,,1,0.001563,0.995933,0.000313,0.002191
data/Testing/meningioma/Te-me_0305.jpg,97943,meningioma,meningioma,1,0.999980,,1,0.000008,0.999980,0.000009,0.000003
data/Testing/notumor/Te-noTr_0000.jpg,nt37,notumor,notumor,1,0.997310,,1,0.000457,0.002183,0.997310,0.000051
data/Testing/notumor/Te-noTr_0001.jpg,nt47,notumor,notumor,1,0.999994,,1,0.000002,0.000003,0.999994,0.000001
data/Testing/notumor/Te-noTr_0002.jpg,nt211,notumor,notumor,1,0.999975,,1,0.000004,0.000019,0.999975,0.000001
data/Testing/notumor/Te-noTr_0003.jpg,nt267,notumor,notumor,1,0.999971,,1,0.000008,0.000022,0.999971,0.000000
data/Testing/notumor/Te-noTr_0004.jpg,nt213,notumor,notumor,1,0.999997,,1,0.000000,0.000003,0.999997,0.000000
data/Testing/notumor/Te-noTr_0005.jpg,nt215,notumor,notumor,1,0.999579,,1,0.000068,0.000292,0.999579,0.000062
data/Testing/notumor/Te-noTr_0006.jpg,nt217,notumor,notumor,1,0.999925,,1,0.000062,0.000010,0.999925,0.000002
data/Testing/notumor/Te-noTr_0007.jpg,nt48,notumor,notumor,1,0.999640,,1,0.000053,0.000261,0.999640,0.000047
data/Testing/notumor/Te-noTr_0008.jpg,nt49,notumor,notumor,1,0.999948,,1,0.000005,0.000036,0.999948,0.000011
data/Testing/notumor/Te-noTr_0009.jpg,nt50,notumor,notumor,1,0.999991,,1,0.000000,0.000006,0.999991,0.000002
data/Testing/notumor/Te-no_0010.jpg,nt51,notumor,notumor,1,0.999984,,1,0.000000,0.000013,0.999984,0.000003
data/Testing/notumor/Te-no_0011.jpg,nt52,notumor,notumor,1,0.999998,,1,0.000000,0.000001,0.999998,0.000000
data/Testing/notumor/Te-no_0012.jpg,nt53,notumor,notumor,1,0.999986,,1,0.000002,0.000011,0.999986,0.000000
data/Testing/notumor/Te-no_0013.jpg,nt54,notumor,notumor,1,0.996388,,1,0.000064,0.002847,0.996388,0.000701
data/Testing/notumor/Te-no_0014.jpg,nt55,notumor,notumor,1,0.999999,,1,0.000000,0.000001,0.999999,0.000000
data/Testing/notumor/Te-no_0015.jpg,nt57,notumor,notumor,1,0.996669,,1,0.000037,0.003279,0.996669,0.000015
data/Testing/notumor/Te-no_0016.jpg,nt38,notumor,notumor,1,0.999997,,1,0.000001,0.000001,0.999997,0.000000
data/Testing/notumor/Te-no_0017.jpg,nt58,notumor,notumor,1,0.999901,,1,0.000002,0.000006,0.999901,0.000091
data/Testing/notumor/Te-no_0018.jpg,nt59,notumor,notumor,1,0.999984,,1,0.000003,0.000011,0.999984,0.000002
data/Testing/notumor/Te-no_0019.jpg,nt60,notumor,notumor,1,0.999928,,1,0.000039,0.000025,0.999928,0.000008
data/Testing/notumor/Te-no_0020.jpg,nt61,notumor,notumor,1,0.999971,,1,0.000002,0.000026,0.999971,0.000000
data/Testing/notumor/Te-no_0021.jpg,nt275,notumor,notumor,1,0.999995,,1,0.000003,0.000002,0.999995,0.000000
data/Testing/notumor/Te-no_0022.jpg,nt65,notumor,notumor,1,0.999507,,1,0.000124,0.000222,0.999507,0.000147
data/Testing/notumor/Te-no_0023.jpg,nt156,notumor,notumor,1,0.999971,,1,0.000008,0.000020,0.999971,0.000001
data/Testing/notumor/Te-no_0024.jpg,nt241,notumor,notumor,1,0.999774,,1,0.000007,0.000016,0.999774,0.000203
data/Testing/notumor/Te-no_0025.jpg,nt272,notumor,notumor,1,0.999999,,1,0.000000,0.000001,0.999999,0.000000
data/Testing/notumor/Te-no_0026.jpg,nt172,notumor,notumor,1,0.999997,,1,0.000001,0.000002,0.999997,0.000000
data/Testing/notumor/Te-no_0027.jpg,nt39,notumor,notumor,1,0.999949,,1,0.000000,0.000007,0.999949,0.000044
data/Testing/notumor/Te-no_0028.jpg,nt280,notumor,notumor,1,0.996897,,1,0.000065,0.003021,0.996897,0.000017
data/Testing/notumor/Te-no_0029.jpg,nt274,notumor,notumor,1,0.999987,,1,0.000004,0.000008,0.999987,0.000000
data/Testing/notumor/Te-no_0030.jpg,nt271,notumor,notumor,1,0.999997,,1,0.000000,0.000002,0.999997,0.000001
data/Testing/notumor/Te-no_0031.jpg,nt47,notumor,notumor,1,0.999994,,1,0.000002,0.000003,0.999994,0.000001
data/Testing/notumor/Te-no_0032.jpg,nt300,notumor,notumor,1,0.999998,,1,0.000000,0.000001,0.999998,0.000000
data/Testing/notumor/Te-no_0033.jpg,nt66,notumor,notumor,1,0.999526,,1,0.000220,0.000133,0.999526,0.000121
data/Testing/notumor/Te-no_0034.jpg,nt51,notumor,notumor,1,0.999980,,1,0.000000,0.000017,0.999980,0.000003
data/Testing/notumor/Te-no_0035.jpg,nt81,notumor,notumor,1,0.995006,,1,0.002383,0.002249,0.995006,0.000361
data/Testing/notumor/Te-no_0036.jpg,nt92,notumor,notumor,1,0.999989,,1,0.000001,0.000006,0.999989,0.000004
data/Testing/notumor/Te-no_0037.jpg,nt42,notumor,notumor,1,0.999997,,1,0.000002,0.000001,0.999997,0.000000
data/Testing/notumor/Te-no_0038.jpg,nt40,notumor,notumor,1,0.999947,,1,0.000018,0.000024,0.999947,0.000010
data/Testing/notumor/Te-no_0039.jpg,nt111,notumor,notumor,1,0.999997,,1,0.000000,0.000002,0.999997,0.000001
data/Testing/notumor/Te-no_0040.jpg,nt118,notumor,notumor,1,0.999999,,1,0.000000,0.000001,0.999999,0.000000
data/Testing/notumor/Te-no_0041.jpg,nt126,notumor,notumor,1,0.999973,,1,0.000016,0.000010,0.999973,0.000001
data/Testing/notumor/Te-no_0042.jpg,nt136,notumor,notumor,1,0.999990,,1,0.000000,0.000008,0.999990,0.000001
data/Testing/notumor/Te-no_0043.jpg,nt145,notumor,notumor,1,0.999972,,1,0.000002,0.000014,0.999972,0.000013
data/Testing/notumor/Te-no_0044.jpg,nt53,notumor,notumor,1,0.999986,,1,0.000002,0.000011,0.999986,0.000000
data/Testing/notumor/Te-no_0045.jpg,nt162,notumor,notumor,1,0.988184,,1,0.006632,0.004669,0.988184,0.000515
data/Testing/notumor/Te-no_0046.jpg,nt172,notumor,notumor,1,0.999994,,1,0.000002,0.000003,0.999994,0.000000
data/Testing/notumor/Te-no_0047.jpg,nt126,notumor,notumor,1,0.999977,,1,0.000013,0.000009,0.999977,0.000001
data/Testing/notumor/Te-no_0048.jpg,nt52,notumor,notumor,1,0.999998,,1,0.000000,0.000001,0.999998,0.000000
data/Testing/notumor/Te-no_0049.jpg,nt41,notumor,notumor,1,0.999815,,1,0.000003,0.000173,0.999815,0.000009
data/Testing/notumor/Te-no_0050.jpg,nt162,notumor,notumor,1,0.988184,,1,0.006632,0.004669,0.988184,0.000515
data/Testing/notumor/Te-no_0051.jpg,nt204,notumor,notumor,1,0.999960,,1,0.000001,0.000026,0.999960,0.000014
data/Testing/notumor/Te-no_0052.jpg,nt118,notumor,notumor,1,0.999999,,1,0.000000,0.000001,0.999999,0.000000
data/Testing/notumor/Te-no_0053.jpg,nt52,notumor,notumor,1,0.999998,,1,0.000000,0.000001,0.999998,0.000000
data/Testing/notumor/Te-no_0054.jpg,nt162,notumor,notumor,1,0.988184,,1,0.006632,0.004669,0.988184,0.000515
data/Testing/notumor/Te-no_0055.jpg,nt53,notumor,notumor,1,0.999986,,1,0.000002,0.000011,0.999986,0.000000
data/Testing/notumor/Te-no_0056.jpg,nt250,notumor,notumor,1,0.999886,,1,0.000047,0.000053,0.999886,0.000014
data/Testing/notumor/Te-no_0057.jpg,nt261,notumor,notumor,1,0.999980,,1,0.000000,0.000017,0.999980,0.000003
data/Testing/notumor/Te-no_0058.jpg,nt269,notumor,notumor,1,0.999929,,1,0.000004,0.000066,0.999929,0.000001
data/Testing/notumor/Te-no_0059.jpg,nt270,notumor,notumor,1,0.999977,,1,0.000000,0.000017,0.999977,0.000005
data/Testing/notumor/Te-no_0060.jpg,nt42,notumor,notumor,1,0.999997,,1,0.000001,0.000001,0.999997,0.000000
data/Testing/notumor/Te-no_0061.jpg,nt53,notumor,notumor,1,0.999986,,1,0.000002,0.000011,0.999986,0.000000
data/Testing/notumor/Te-no_0062.jpg,nt60,notumor,notumor,1,0.999928,,1,0.000039,0.000025,0.999928,0.000008
data/Testing/notumor/Te-no_0063.jpg,nt261,notumor,notumor,1,0.999978,,1,0.000000,0.000017,0.999978,0.000005
data/Testing/notumor/Te-no_0064.jpg,nt172,notumor,notumor,1,0.999996,,1,0.000001,0.000003,0.999996,0.000000
data/Testing/notumor/Te-no_0065.jpg,nt271,notumor,notumor,1,0.999997,,1,0.000000,0.000002,0.999997,0.000001
data/Testing/notumor/Te-no_0066.jpg,nt273,notumor,notumor,1,0.999965,,1,0.000002,0.000028,0.999965,0.000005
data/Testing/notumor/Te-no_0067.jpg,nt47,notumor,notumor,1,0.999994,,1,0.000002,0.000003,0.999994,0.000001
data/Testing/notumor/Te-no_0068.jpg,nt52,notumor,notumor,1,0.999998,,1,0.000000,0.000001,0.999998,0.000000
data/Testing/notumor/Te-no_0069.jpg,nt274,notumor,notumor,1,0.999987,,1,0.000004,0.000008,0.999987,0.000000
data/Testing/notumor/Te-no_0070.jpg,nt59,notumor,notumor,1,0.999984,,1,0.000003,0.000011,0.999984,0.000002
data/Testing/notumor/Te-no_0071.jpg,nt43,notumor,notumor,1,0.985936,,1,0.000077,0.013975,0.985936,0.000012
data/Testing/notumor/Te-no_0072.jpg,nt275,notumor,notumor,1,0.999995,,1,0.000003,0.000002,0.999995,0.000000
data/Testing/notumor/Te-no_0073.jpg,nt60,notumor,notumor,1,0.999928,,1,0.000039,0.000025,0.999928,0.000008
data/Testing/notumor/Te-no_0074.jpg,nt58,notumor,notumor,1,0.999835,,1,0.000002,0.000008,0.999835,0.000154
data/Testing/notumor/Te-no_0075.jpg,nt65,notumor,notumor,1,0.999507,,1,0.000124,0.000222,0.999507,0.000147
data/Testing/notumor/Te-no_0076.jpg,nt276,notumor,notumor,1,0.999967,,1,0.000007,0.000026,0.999967,0.000001
data/Testing/notumor/Te-no_0077.jpg,nt126,notumor,notumor,1,0.999977,,1,0.000013,0.000009,0.999977,0.000001
data/Testing/notumor/Te-no_0078.jpg,nt273,notumor,notumor,1,0.999963,,1,0.000002,0.000030,0.999963,0.000005
data/Testing/notumor/Te-no_0079.jpg,nt277,notumor,notumor,1,0.999768,,1,0.000004,0.000015,0.999768,0.000213
data/Testing/notumor/Te-no_0080.jpg,nt128,notumor,notumor,1,0.999999,,1,0.000000,0.000001,0.999999,0.000001
data/Testing/notumor/Te-no_0081.jpg,nt81,notumor,notumor,1,0.995006,,1,0.002383,0.002249,0.995006,0.000361
data/Testing/notumor/Te-no_0082.jpg,nt44,notumor,notumor,1,0.999988,,1,0.000008,0.000004,0.999988,0.000000
data/Testing/notumor/Te-no_0083.jpg,nt46,notumor,notumor,1,0.999991,,1,0.000000,0.000009,0.999991,0.000000
data/Testing/notumor/Te-no_0084.jpg,nt47,notumor,notumor,1,0.999994,,1,0.000002,0.000003,0.999994,0.000001
data/Testing/notumor/Te-no_0085.jpg,nt278,notumor,notumor,1,0.999015,,1,0.000009,0.000744,0.999015,0.000232
data/Testing/notumor/Te-no_0086.jpg,nt279,notumor,notumor,1,0.999669,,1,0.000014,0.000290,0.999669,0.000027
data/Testing/notumor/Te-no_0087.jpg,nt52,notumor,notumor,1,0.999998,,1,0.000000,0.000001,0.999998,0.000000
data/Testing/notumor/Te-no_0088.jpg,nt48,notumor,notumor,1,0.999640,,1,0.000053,0.000261,0.999640,0.000047
data/Testing/notumor/Te-no_0089.jpg,nt281,notumor,notumor,1,0.999112,,1,0.000037,0.000267,0.999112,0.000584
data/Testing/notumor/Te-no_0090.jpg,nt282,notumor,notumor,1,0.999758,,1,0.000006,0.000158,0.999758,0.000078
data/Testing/notumor/Te-no_0091.jpg,nt283,notumor,notumor,1,0.999905,,1,0.000015,0.000077,0.999905,0.000004
data/Testing/notumor/Te-no_0092.jpg,nt284,notumor,notumor,1,0.993868,,1,0.000016,0.005922,0.993868,0.000194
data/Testing/notumor/Te-no_0093.jpg,nt46,notumor,notumor,1,0.999991,,1,0.000000,0.000009,0.999991,0.000000
data/Testing/notumor/Te-no_0094.jpg,nt285,notumor,notumor,1,0.999635,,1,0.000001,0.000209,0.999635,0.000155
data/Testing/notumor/Te-no_0095.jpg,nt286,notumor,notumor,1,0.995885,,1,0.003668,0.000432,0.995885,0.000015
data/Testing/notumor/Te-no_0096.jpg,nt287,notumor,notumor,1,0.999618,,1,0.000109,0.000233,0.999618,0.000040
data/Testing/notumor/Te-no_0097.jpg,nt288,notumor,notumor,1,0.999976,,1,0.000001,0.000021,0.999976,0.000002
data/Testing/notumor/Te-no_0098.jpg,nt289,notumor,notumor,1,0.999996,,1,0.000000,0.000003,0.999996,0.000000
data/Testing/notumor/Te-no_0099.jpg,nt290,notumor,notumor,1,0.999343,,1,0.000254,0.000174,0.999343,0.000230
data/Testing/notumor/Te-no_0100.jpg,nt62,notumor,notumor,1,0.999971,,1,0.000006,0.000021,0.999971,0.000002
data/Testing/notumor/Te-no_0101.jpg,nt207,notumor,notumor,1,0.999772,,1,0.000042,0.000167,0.999772,0.000019
data/Testing/notumor/Te-no_0102.jpg,nt209,notumor,notumor,1,0.999991,,1,0.000001,0.000006,0.999991,0.000001
data/Testing/notumor/Te-no_0103.jpg,nt266,notumor,notumor,1,1.000000,,1,0.000000,0.000000,1.000000,0.000000
data/Testing/notumor/Te-no_0104.jpg,nt36,notumor,notumor,1,0.999807,,1,0.000113,0.000068,0.999807,0.000011
data/Testing/notumor/Te-no_0105.jpg,nt1026,notumor,notumor,1,0.999799,,1,0.000004,0.000195,0.999799,0.000002
data/Testing/notumor/Te-no_0106.jpg,nt1027,notumor,notumor,1,0.999999,,1,0.000000,0.000001,0.999999,0.000000
data/Testing/notumor/Te-no_0107.jpg,nt934,notumor,notumor,1,0.999997,,1,0.000001,0.000002,0.999997,0.000000
data/Testing/notumor/Te-no_0108.jpg,nt1028,notumor,notumor,1,0.999996,,1,0.000003,0.000001,0.999996,0.000000
data/Testing/notumor/Te-no_0109.jpg,nt936,notumor,notumor,1,0.999989,,1,0.000000,0.000004,0.999989,0.000006
data/Testing/notumor/Te-no_0110.jpg,nt441,notumor,notumor,1,0.999847,,1,0.000006,0.000021,0.999847,0.000126
data/Testing/notumor/Te-no_0111.jpg,nt937,notumor,notumor,1,0.999974,,1,0.000006,0.000020,0.999974,0.000000
data/Testing/notumor/Te-no_0112.jpg,nt1029,notumor,notumor,1,0.999996,,1,0.000001,0.000002,0.999996,0.000000
data/Testing/notumor/Te-no_0113.jpg,nt941,notumor,notumor,1,0.999933,,1,0.000001,0.000058,0.999933,0.000008
data/Testing/notumor/Te-no_0114.jpg,nt942,notumor,notumor,1,0.999996,,1,0.000000,0.000003,0.999996,0.000000
data/Testing/notumor/Te-no_0115.jpg,nt943,notumor,notumor,1,0.999987,,1,0.000001,0.000002,0.999987,0.000010
data/Testing/notumor/Te-no_0116.jpg,nt944,notumor,notumor,1,0.999992,,1,0.000001,0.000007,0.999992,0.000000
data/Testing/notumor/Te-no_0117.jpg,nt946,notumor,notumor,1,0.999975,,1,0.000002,0.000019,0.999975,0.000004
data/Testing/notumor/Te-no_0118.jpg,nt949,notumor,notumor,1,0.999990,,1,0.000000,0.000001,0.999990,0.000009
data/Testing/notumor/Te-no_0119.jpg,nt1030,notumor,notumor,1,0.999999,,1,0.000000,0.000001,0.999999,0.000000
data/Testing/notumor/Te-no_0120.jpg,nt951,notumor,notumor,1,0.999993,,1,0.000003,0.000003,0.999993,0.000001
data/Testing/notumor/Te-no_0121.jpg,nt1013,notumor,notumor,1,0.999994,,1,0.000001,0.000005,0.999994,0.000000
data/Testing/notumor/Te-no_0122.jpg,nt1014,notumor,notumor,1,0.999930,,1,0.000016,0.000053,0.999930,0.000001
data/Testing/notumor/Te-no_0123.jpg,nt953,notumor,notumor,1,0.999985,,1,0.000001,0.000012,0.999985,0.000003
data/Testing/notumor/Te-no_0124.jpg,nt955,notumor,notumor,1,0.999975,,1,0.000009,0.000015,0.999975,0.000001
data/Testing/notumor/Te-no_0125.jpg,nt1031,notumor,notumor,1,0.999989,,1,0.000005,0.000005,0.999989,0.000001
data/Testing/notumor/Te-no_0126.jpg,nt957,notumor,notumor,1,0.999986,,1,0.000007,0.000004,0.999986,0.000003
data/Testing/notumor/Te-no_0127.jpg,nt822,notumor,notumor,1,0.999936,,1,0.000028,0.000008,0.999936,0.000028
data/Testing/notumor/Te-no_0128.jpg,nt1032,notumor,notumor,1,0.999882,,1,0.000000,0.000116,0.999882,0.000001
data/Testing/notumor/Te-no_0129.jpg,nt1033,notumor,notumor,1,0.999922,,1,0.000011,0.000053,0.999922,0.000014
data/Testing/notumor/Te-no_0130.jpg,nt1034,notumor,notumor,1,0.999989,,1,0.000005,0.000004,0.999989,0.000002
data/Testing/notumor/Te-no_0131.jpg,nt824,notumor,notumor,1,0.999996,,1,0.000002,0.000002,0.999996,0.000000
data/Testing/notumor/Te-no_0132.jpg,nt962,notumor,notumor,1,0.999999,,1,0.000000,0.000001,0.999999,0.000000
data/Testing/notumor/Te-no_0133.jpg,nt1035,notumor,notumor,1,0.999724,,1,0.000014,0.000251,0.999724,0.000011
data/Testing/notumor/Te-no_0134.jpg,nt445,notumor,notumor,1,0.999986,,1,0.000008,0.000006,0.999986,0.000000
data/Testing/notumor/Te-no_0135.jpg,nt852,notumor,notumor,1,0.999991,,1,0.000005,0.000004,0.999991,0.000001
data/Testing/notumor/Te-no_0136.jpg,nt1036,notumor,notumor,1,0.999977,,1,0.000005,0.000015,0.999977,0.000003
data/Testing/notumor/Te-no_0137.jpg,nt968,notumor,notumor,1,0.999987,,1,0.000002,0.000006,0.999987,0.000005
data/Testing/notumor/Te-no_0138.jpg,nt969,notumor,notumor,1,0.999987,,1,0.000001,0.000007,0.999987,0.000005
data/Testing/notumor/Te-no_0139.jpg,nt446,notumor,notumor,1,0.999998,,1,0.000000,0.000002,0.999998,0.000000
data/Testing/notumor/Te-no_0140.jpg,nt970,notumor,notumor,1,0.999994,,1,0.000000,0.000004,0.999994,0.000002
data/Testing/notumor/Te-no_0141.jpg,nt867,notumor,notumor,1,0.999993,,1,0.000001,0.000006,0.999993,0.000000
data/Testing/notumor/Te-no_0142.jpg,nt868,notumor,notumor,1,0.999982,,1,0.000001,0.000017,0.999982,0.000000
data/Testing/notumor/Te-no_0143.jpg,nt526,notumor,notumor,1,0.999997,,1,0.000000,0.000002,0.999997,0.000001
data/Testing/notumor/Te-no_0144.jpg,nt592,notumor,notumor,1,1.000000,,1,0.000000,0.000000,1.000000,0.000000
data/Testing/notumor/Te-no_0145.jpg,nt513,notumor,notumor,1,0.999997,,1,0.000000,0.000001,0.999997,0.000001
data/Testing/notumor/Te-no_0146.jpg,nt518,notumor,notumor,1,0.999998,,1,0.000000,0.000002,0.999998,0.000000
data/Testing/notumor/Te-no_0147.jpg,nt885,notumor,notumor,1,0.999980,,1,0.000007,0.000010,0.999980,0.000003
data/Testing/notumor/Te-no_0148.jpg,nt886,notumor,notumor,1,0.999998,,1,0.000000,0.000002,0.999998,0.000000
data/Testing/notumor/Te-no_0149.jpg,nt1037,notumor,notumor,1,0.999947,,1,0.000002,0.000049,0.999947,0.000001
data/Testing/notumor/Te-no_0150.jpg,nt1038,notumor,notumor,1,0.999858,,1,0.000006,0.000122,0.999858,0.000014
data/Testing/notumor/Te-no_0151.jpg,nt517,notumor,notumor,1,1.000000,,1,0.000000,0.000000,1.000000,0.000000
data/Testing/notumor/Te-no_0152.jpg,nt894,notumor,notumor,1,0.999997,,1,0.000000,0.000002,0.999997,0.000000
data/Testing/notumor/Te-no_0153.jpg,nt901,notumor,notumor,1,0.999981,,1,0.000001,0.000016,0.999981,0.000002
data/Testing/notumor/Te-no_0154.jpg,nt449,notumor,notumor,1,0.999723,,1,0.000024,0.000250,0.999723,0.000002
data/Testing/notumor/Te-no_0155.jpg,nt1039,notumor,notumor,1,0.999988,,1,0.000002,0.000008,0.999988,0.000003
data/Testing/notumor/Te-no_0156.jpg,nt907,notumor,notumor,1,0.999586,,1,0.000051,0.000264,0.999586,0.000099
data/Testing/notumor/Te-no_0157.jpg,nt1040,notumor,notumor,1,0.999995,,1,0.000000,0.000003,0.999995,0.000002
data/Testing/notumor/Te-no_0158.jpg,nt1041,notumor,notumor,1,0.999999,,1,0.000000,0.000001,0.999999,0.000000
data/Testing/notumor/Te-no_0159.jpg,nt556,notumor,notumor,1,0.999995,,1,0.000001,0.000004,0.999995,0.000000
data/Testing/notumor/Te-no_0160.jpg,nt559,notumor,notumor,1,0.999999,,1,0.000000,0.000000,0.999999,0.000001
data/Testing/notumor/Te-no_0161.jpg,nt560,notumor,notumor,1,1.000000,,1,0.000000,0.000000,1.000000,0.000000
data/Testing/notumor/Te-no_0162.jpg,nt1042,notumor,notumor,1,0.999983,,1,0.000000,0.000003,0.999983,0.000013
data/Testing/notumor/Te-no_0163.jpg,nt1043,notumor,notumor,1,0.999999,,1,0.000000,0.000001,0.999999,0.000000
data/Testing/notumor/Te-no_0164.jpg,nt1044,notumor,notumor,1,0.999981,,1,0.000007,0.000010,0.999981,0.000002
data/Testing/notumor/Te-no_0165.jpg,nt546,notumor,notumor,1,0.999999,,1,0.000000,0.000001,0.999999,0.000001
data/Testing/notumor/Te-no_0166.jpg,nt847,notumor,notumor,1,0.999994,,1,0.000001,0.000004,0.999994,0.000001
data/Testing/notumor/Te-no_0167.jpg,nt1045,notumor,notumor,1,1.000000,,1,0.000000,0.000000,1.000000,0.000000
data/Testing/notumor/Te-no_0168.jpg,nt850,notumor,notumor,1,0.999984,,1,0.000000,0.000009,0.999984,0.000006
data/Testing/notumor/Te-no_0169.jpg,nt1046,notumor,notumor,1,0.999996,,1,0.000000,0.000003,0.999996,0.000000
data/Testing/notumor/Te-no_0170.jpg,nt1047,notumor,notumor,1,0.999860,,1,0.000004,0.000132,0.999860,0.000005
data/Testing/notumor/Te-no_0171.jpg,nt576,notumor,notumor,1,0.999996,,1,0.000000,0.000002,0.999996,0.000002
data/Testing/notumor/Te-no_0172.jpg,nt853,notumor,notumor,1,0.999993,,1,0.000000,0.000006,0.999993,0.000001
data/Testing/notumor/Te-no_0173.jpg,nt593,notumor,notumor,1,0.999809,,1,0.000030,0.000154,0.999809,0.000007
data/Testing/notumor/Te-no_0174.jpg,nt856,notumor,notumor,1,0.999990,,1,0.000000,0.000008,0.999990,0.000002
data/Testing/notumor/Te-no_0175.jpg,nt857,notumor,notumor,1,0.999946,,1,0.000002,0.000038,0.999946,0.000015
data/Testing/notumor/Te-no_0176.jpg,nt1048,notumor,notumor,1,0.999996,,1,0.000001,0.000003,0.999996,0.000001
data/Testing/notumor/Te-no_0177.jpg,nt1049,notumor,notumor,1,0.999975,,1,0.000000,0.000025,0.999975,0.000000
data/Testing/notumor/Te-no_0178.jpg,nt1050,notumor,notumor,1,0.999990,,1,0.000006,0.000004,0.999990,0.000000
data/Testing/notumor/Te-no_0179.jpg,nt833,notumor,notumor,1,1.000000,,1,0.000000,0.000000,1.000000,0.000000
data/Testing/notumor/Te-no_0180.jpg,nt1051,notumor,notumor,1,1.000000,,1,0.000000,0.000000,1.000000,0.000000
data/Testing/notumor/Te-no_0181.jpg,nt1052,notumor,notumor,1,0.999952,,1,0.000004,0.000043,0.999952,0.000001
data/Testing/notumor/Te-no_0182.jpg,nt1053,notumor,notumor,1,0.999990,,1,0.000000,0.000006,0.999990,0.000004
data/Testing/notumor/Te-no_0183.jpg,nt584,notumor,notumor,1,0.999831,,1,0.000021,0.000147,0.999831,0.000001
data/Testing/notumor/Te-no_0184.jpg,nt1054,notumor,notumor,1,0.999993,,1,0.000003,0.000003,0.999993,0.000000
data/Testing/notumor/Te-no_0185.jpg,nt585,notumor,notumor,1,0.999982,,1,0.000010,0.000007,0.999982,0.000001
data/Testing/notumor/Te-no_0186.jpg,nt586,notumor,notumor,1,0.999998,,1,0.000000,0.000002,0.999998,0.000000
data/Testing/notumor/Te-no_0187.jpg,nt999,notumor,notumor,1,0.999999,,1,0.000000,0.000001,0.999999,0.000000
data/Testing/notumor/Te-no_0188.jpg,nt588,notumor,notumor,1,0.999999,,1,0.000000,0.000001,0.999999,0.000000
data/Testing/notumor/Te-no_0189.jpg,nt589,notumor,notumor,1,0.999994,,1,0.000000,0.000005,0.999994,0.000000
data/Testing/notumor/Te-no_0190.jpg,nt1020,notumor,notumor,1,0.999669,,1,0.000005,0.000308,0.999669,0.000017
data/Testing/notumor/Te-no_0191.jpg,nt1023,notumor,notumor,1,0.999954,,1,0.000010,0.000034,0.999954,0.000002
data/Testing/notumor/Te-no_0192.jpg,nt326,notumor,notumor,1,1.000000,,1,0.000000,0.000000,1.000000,0.000000
data/Testing/notumor/Te-no_0193.jpg,nt332,notumor,notumor,1,0.999994,,1,0.000001,0.000005,0.999994,0.000000
data/Testing/notumor/Te-no_0194.jpg,nt347,notumor,notumor,1,0.999977,,1,0.000017,0.000004,0.999977,0.000001
data/Testing/notumor/Te-no_0195.jpg,nt592,notumor,notumor,1,1.000000,,1,0.000000,0.000000,1.000000,0.000000
data/Testing/notumor/Te-no_0196.jpg,nt1037,notumor,notumor,1,0.999938,,1,0.000005,0.000055,0.999938,0.000003
data/Testing/notumor/Te-no_0197.jpg,nt1055,notumor,notumor,1,0.999995,,1,0.000001,0.000004,0.999995,0.000000
data/Testing/notumor/Te-no_0198.jpg,nt392,notumor,notumor,1,0.999999,,1,0.000000,0.000001,0.999999,0.000000
data/Testing/notumor/Te-no_0199.jpg,nt593,notumor,notumor,1,0.999858,,1,0.000029,0.000106,0.999858,0.000007
data/Testing/notumor/Te-no_0200.jpg,nt437,notumor,notumor,1,0.999991,,1,0.000001,0.000002,0.999991,0.000007
data/Testing/notumor/Te-no_0201.jpg,nt395,notumor,notumor,1,0.999980,,1,0.000001,0.000019,0.999980,0.000000
data/Testing/notumor/Te-no_0202.jpg,nt1056,notumor,notumor,1,0.999997,,1,0.000000,0.000003,0.999997,0.000000
data/Testing/notumor/Te-no_0203.jpg,nt12,notumor,notumor,1,0.999973,,1,0.000008,0.000017,0.999973,0.000002
data/Testing/notumor/Te-no_0204.jpg,nt1057,notumor,notumor,1,0.999888,,1,0.000003,0.000088,0.999888,0.000021
data/Testing/notumor/Te-no_0205.jpg,nt142,notumor,notumor,1,0.999984,,1,0.000001,0.000014,0.999984,0.000001
data/Testing/notumor/Te-no_0206.jpg,nt146,notumor,notumor,1,0.999965,,1,0.000001,0.000031,0.999965,0.000003
data/Testing/notumor/Te-no_0207.jpg,nt1058,notumor,notumor,1,0.999955,,1,0.000002,0.000043,0.999955,0.000000
data/Testing/notumor/Te-no_0208.jpg,nt820,notumor,notumor,1,0.999701,,1,0.000009,0.000115,0.999701,0.000174
data/Testing/notumor/Te-no_0209.jpg,nt1059,notumor,notumor,1,0.999940,,1,0.000003,0.000003,0.999940,0.000055
data/Testing/notumor/Te-no_0210.jpg,nt1060,notumor,notumor,1,0.999989,,1,0.000007,0.000003,0.999989,0.000001
data/Testing/notumor/Te-no_0211.jpg,nt758,notumor,notumor,1,0.999953,,1,0.000018,0.000029,0.999953,0.000001
data/Testing/notumor/Te-no_0212.jpg,nt403,notumor,notumor,1,0.999988,,1,0.000001,0.000011,0.999988,0.000000
data/Testing/notumor/Te-no_0213.jpg,nt1061,notumor,notumor,1,0.999984,,1,0.000007,0.000009,0.999984,0.000000
data/Testing/notumor/Te-no_0214.jpg,nt1062,notumor,notumor,1,0.999971,,1,0.000012,0.000014,0.999971,0.000003
data/Testing/notumor/Te-no_0215.jpg,nt1063,notumor,notumor,1,0.999998,,1,0.000000,0.000001,0.999998,0.000001
data/Testing/notumor/Te-no_0216.jpg,nt192,notumor,notumor,1,0.999846,,1,0.000001,0.000148,0.999846,0.000005
data/Testing/notumor/Te-no_0217.jpg,nt310,notumor,notumor,1,1.000000,,1,0.000000,0.000000,1.000000,0.000000
data/Testing/notumor/Te-no_0218.jpg,nt232,notumor,notumor,1,0.999995,,1,0.000004,0.000001,0.999995,0.000000
data/Testing/notumor/Te-no_0219.jpg,nt1064,notumor,notumor,1,0.999998,,1,0.000001,0.000002,0.999998,0.000000
data/Testing/notumor/Te-no_0220.jpg,nt237,notumor,notumor,1,0.999896,,1,0.000026,0.000071,0.999896,0.000007
data/Testing/notumor/Te-no_0221.jpg,nt124,notumor,notumor,1,0.999990,,1,0.000005,0.000004,0.999990,0.000001
data/Testing/notumor/Te-no_0222.jpg,nt1065,notumor,notumor,1,0.999989,,1,0.000004,0.000005,0.999989,0.000003
data/Testing/notumor/Te-no_0223.jpg,nt252,notumor,notumor,1,0.999837,,1,0.000017,0.000135,0.999837,0.000011
data/Testing/notumor/Te-no_0224.jpg,nt25,notumor,notumor,1,0.999979,,1,0.000003,0.000017,0.999979,0.000002
data/Testing/notumor/Te-no_0225.jpg,nt31,notumor,notumor,1,0.999735,,1,0.000038,0.000129,0.999735,0.000098
data/Testing/notumor/Te-no_0226.jpg,nt32,notumor,notumor,1,0.999418,,1,0.000186,0.000229,0.999418,0.000167
data/Testing/notumor/Te-no_0227.jpg,nt35,notumor,notumor,1,0.999999,,1,0.000000,0.000000,0.999999,0.000000
data/Testing/notumor/Te-no_0228.jpg,nt982,notumor,notumor,1,0.999990,,1,0.000000,0.000003,0.999990,0.000006
data/Testing/notumor/Te-no_0229.jpg,nt1066,notumor,notumor,1,0.999995,,1,0.000000,0.000005,0.999995,0.000000
data/Testing/notumor/Te-no_0230.jpg,nt965,notumor,notumor,1,0.999975,,1,0.000002,0.000008,0.999975,0.000015
data/Testing/notumor/Te-no_0231.jpg,nt983,notumor,notumor,1,0.999996,,1,0.000000,0.000001,0.999996,0.000002
data/Testing/notumor/Te-no_0232.jpg,nt985,notumor,notumor,1,0.999999,,1,0.000001,0.000000,0.999999,0.000000
data/Testing/notumor/Te-no_0233.jpg,nt377,notumor,notumor,1,0.999997,,1,0.000001,0.000001,0.999997,0.000001
data/Testing/notumor/Te-no_0234.jpg,nt550,notumor,notumor,1,0.999926,,1,0.000037,0.000037,0.999926,0.000000
data/Testing/notumor/Te-no_0235.jpg,nt605,notumor,notumor,1,0.999989,,1,0.000006,0.000005,0.999989,0.000000
data/Testing/notumor/Te-no_0236.jpg,nt615,notumor,notumor,1,0.999526,,1,0.000325,0.000133,0.999526,0.000017
data/Testing/notumor/Te-no_0237.jpg,nt972,notumor,notumor,1,0.999797,,1,0.000037,0.000106,0.999797,0.000060
data/Testing/notumor/Te-no_0238.jpg,nt973,notumor,notumor,1,0.999961,,1,0.000021,0.000003,0.999961,0.000015
data/Testing/notumor/Te-no_0239.jpg,nt975,notumor,notumor,1,0.999972,,1,0.000016,0.000010,0.999972,0.000001
data/Testing/notumor/Te-no_0240.jpg,nt976,notumor,notumor,1,0.999999,,1,0.000001,0.000000,0.999999,0.000000
data/Testing/notumor/Te-no_0241.jpg,nt1033,notumor,notumor,1,0.999916,,1,0.000014,0.000056,0.999916,0.000015
data/Testing/notumor/Te-no_0242.jpg,nt978,notumor,notumor,1,0.999947,,1,0.000020,0.000033,0.999947,0.000000
data/Testing/notumor/Te-no_0243.jpg,nt980,notumor,notumor,1,0.999990,,1,0.000004,0.000006,0.999990,0.000000
data/Testing/notumor/Te-no_0244.jpg,nt1067,notumor,notumor,1,0.999997,,1,0.000000,0.000003,0.999997,0.000000
data/Testing/notumor/Te-no_0245.jpg,nt1068,notumor,notumor,1,0.999835,,1,0.000033,0.000126,0.999835,0.000006
data/Testing/notumor/Te-no_0246.jpg,nt1069,notumor,notumor,1,0.999993,,1,0.000001,0.000005,0.999993,0.000000
data/Testing/notumor/Te-no_0247.jpg,nt1070,notumor,notumor,1,0.999994,,1,0.000000,0.000004,0.999994,0.000002
data/Testing/notumor/Te-no_0248.jpg,nt1071,notumor,notumor,1,0.999998,,1,0.000000,0.000001,0.999998,0.000001
data/Testing/notumor/Te-no_0249.jpg,nt1072,notumor,notumor,1,0.999996,,1,0.000000,0.000004,0.999996,0.000000
data/Testing/notumor/Te-no_0250.jpg,nt873,notumor,notumor,1,0.999965,,1,0.000001,0.000028,0.999965,0.000007
data/Testing/notumor/Te-no_0251.jpg,nt875,notumor,notumor,1,0.999998,,1,0.000000,0.000002,0.999998,0.000000
data/Testing/notumor/Te-no_0252.jpg,nt371,notumor,notumor,1,0.999992,,1,0.000000,0.000002,0.999992,0.000006
data/Testing/notumor/Te-no_0253.jpg,nt995,notumor,notumor,1,0.999966,,1,0.000011,0.000018,0.999966,0.000005
data/Testing/notumor/Te-no_0254.jpg,nt373,notumor,notumor,1,0.999998,,1,0.000000,0.000001,0.999998,0.000000
data/Testing/notumor/Te-no_0255.jpg,nt1073,notumor,notumor,1,0.999998,,1,0.000000,0.000002,0.999998,0.000000
data/Testing/notumor/Te-no_0256.jpg,nt363,notumor,notumor,1,0.999998,,1,0.000000,0.000001,0.999998,0.000001
data/Testing/notumor/Te-no_0257.jpg,nt1074,notumor,notumor,1,0.999995,,1,0.000000,0.000004,0.999995,0.000000
data/Testing/notumor/Te-no_0258.jpg,nt867,notumor,notumor,1,0.999996,,1,0.000001,0.000004,0.999996,0.000000
data/Testing/notumor/Te-no_0259.jpg,nt868,notumor,notumor,1,0.999982,,1,0.000001,0.000016,0.999982,0.000000
data/Testing/notumor/Te-no_0260.jpg,nt1075,notumor,notumor,1,0.999966,,1,0.000002,0.000029,0.999966,0.000002
data/Testing/notumor/Te-no_0261.jpg,nt368,notumor,notumor,1,1.000000,,1,0.000000,0.000000,1.000000,0.000000
data/Testing/notumor/Te-no_0262.jpg,nt1076,notumor,notumor,1,0.999997,,1,0.000000,0.000003,0.999997,0.000000
data/Testing/notumor/Te-no_0263.jpg,nt365,notumor,notumor,1,1.000000,,1,0.000000,0.000000,1.000000,0.000000
data/Testing/notumor/Te-no_0264.jpg,nt909,notumor,notumor,1,0.999999,,1,0.000000,0.000001,0.999999,0.000000
data/Testing/notumor/Te-no_0265.jpg,nt1077,notumor,notumor,1,0.999999,,1,0.000000,0.000001,0.999999,0.000000
data/Testing/notumor/Te-no_0266.jpg,nt1078,notumor,notumor,1,0.999998,,1,0.000000,0.000002,0.999998,0.000000
data/Testing/notumor/Te-no_0267.jpg,nt1079,notumor,notumor,1,0.999979,,1,0.000001,0.000019,0.999979,0.000001
data/Testing/notumor/Te-no_0268.jpg,nt1080,notumor,notumor,1,0.999995,,1,0.000000,0.000004,0.999995,0.000000
data/Testing/notumor/Te-no_0269.jpg,nt397,notumor,notumor,1,0.999999,,1,0.000000,0.000000,0.999999,0.000000
data/Testing/notumor/Te-no_0270.jpg,nt1081,notumor,notumor,1,0.999972,,1,0.000002,0.000025,0.999972,0.000001
data/Testing/notumor/Te-no_0271.jpg,nt1082,notumor,notumor,1,0.999209,,1,0.000010,0.000756,0.999209,0.000025
data/Testing/notumor/Te-no_0272.jpg,nt1083,notumor,notumor,1,0.999999,,1,0.000000,0.000001,0.999999,0.000000
data/Testing/notumor/Te-no_0273.jpg,nt1084,notumor,notumor,1,0.999970,,1,0.000001,0.000028,0.999970,0.000001
data/Testing/notumor/Te-no_0274.jpg,nt1085,notumor,notumor,1,0.999927,,1,0.000036,0.000028,0.999927,0.000009
data/Testing/notumor/Te-no_0275.jpg,nt1058,notumor,notumor,1,0.999961,,1,0.000002,0.000037,0.999961,0.000000
data/Testing/notumor/Te-no_0276.jpg,nt845,notumor,notumor,1,0.999983,,1,0.000007,0.000005,0.999983,0.000005
data/Testing/notumor/Te-no_0277.jpg,nt991,notumor,notumor,1,0.999998,,1,0.000000,0.000001,0.999998,0.000000
data/Testing/notumor/Te-no_0278.jpg,nt1086,notumor,notumor,1,0.999999,,1,0.000000,0.000001,0.999999,0.000000
data/Testing/notumor/Te-no_0279.jpg,nt1087,notumor,notumor,1,0.999987,,1,0.000000,0.000011,0.999987,0.000001
data/Testing/notumor/Te-no_0280.jpg,nt1088,notumor,notumor,1,0.999978,,1,0.000001,0.000017,0.999978,0.000004
data/Testing/notumor/Te-no_0281.jpg,nt1089,notumor,notumor,1,0.999994,,1,0.000000,0.000003,0.999994,0.000002
data/Testing/notumor/Te-no_0282.jpg,nt391,notumor,notumor,1,0.999998,,1,0.000001,0.000001,0.999998,0.000000
data/Testing/notumor/Te-no_0283.jpg,nt1090,notumor,notumor,1,0.999996,,1,0.000000,0.000003,0.999996,0.000000
data/Testing/notumor/Te-no_0284.jpg,nt393,notumor,notumor,1,0.999926,,1,0.000007,0.000065,0.999926,0.000002
data/Testing/notumor/Te-no_0285.jpg,nt1091,notumor,notumor,1,0.999999,,1,0.000000,0.000001,0.999999,0.000000
data/Testing/notumor/Te-no_0286.jpg,nt1048,notumor,notumor,1,0.999997,,1,0.000000,0.000002,0.999997,0.000001
data/Testing/notumor/Te-no_0287.jpg,nt1049,notumor,notumor,1,0.999962,,1,0.000000,0.000038,0.999962,0.000000
data/Testing/notumor/Te-no_0288.jpg,nt1051,notumor,notumor,1,1.000000,,1,0.000000,0.000000,1.000000,0.000000
data/Testing/notumor/Te-no_0289.jpg,nt1092,notumor,notumor,1,0.999998,,1,0.000000,0.000001,0.999998,0.000001
data/Testing/notumor/Te-no_0290.jpg,nt425,notumor,notumor,1,0.999991,,1,0.000001,0.000008,0.999991,0.000000
data/Testing/notumor/Te-no_0291.jpg,nt428,notumor,notumor,1,0.999997,,1,0.000000,0.000003,0.999997,0.000000
data/Testing/notumor/Te-no_0292.jpg,nt1093,notumor,notumor,1,0.999999,,1,0.000000,0.000001,0.999999,0.000000
data/Testing/notumor/Te-no_0293.jpg,nt1094,notumor,notumor,1,0.999999,,1,0.000000,0.000000,0.999999,0.000000
data/Testing/notumor/Te-no_0294.jpg,nt1095,notumor,notumor,1,0.999996,,1,0.000001,0.000003,0.999996,0.000000
data/Testing/notumor/Te-no_0295.jpg,nt849,notumor,notumor,1,1.000000,,1,0.000000,0.000000,1.000000,0.000000
data/Testing/notumor/Te-no_0296.jpg,nt407,notumor,notumor,1,0.999999,,1,0.000000,0.000001,0.999999,0.000000
data/Testing/notumor/Te-no_0297.jpg,nt410,notumor,notumor,1,0.999985,,1,0.000000,0.000011,0.999985,0.000004
data/Testing/notumor/Te-no_0298.jpg,nt1096,notumor,notumor,1,0.999971,,1,0.000004,0.000022,0.999971,0.000003
data/Testing/notumor/Te-no_0299.jpg,nt809,notumor,notumor,1,0.999999,,1,0.000000,0.000001,0.999999,0.000000
data/Testing/notumor/Te-no_0300.jpg,nt409,notumor,notumor,1,0.999983,,1,0.000000,0.000014,0.999983,0.000003
data/Testing/notumor/Te-no_0301.jpg,nt137,notumor,notumor,1,0.999994,,1,0.000000,0.000006,0.999994,0.000000
data/Testing/notumor/Te-no_0302.jpg,nt142,notumor,notumor,1,0.999983,,1,0.000001,0.000014,0.999983,0.000002
data/Testing/notumor/Te-no_0303.jpg,nt143,notumor,notumor,1,0.999969,,1,0.000001,0.000008,0.999969,0.000022
data/Testing/notumor/Te-no_0304.jpg,nt880,notumor,notumor,1,0.999916,,1,0.000014,0.000056,0.999916,0.000013
data/Testing/notumor/Te-no_0305.jpg,nt820,notumor,notumor,1,0.999439,,1,0.000018,0.000173,0.999439,0.000371
data/Testing/notumor/Te-no_0306.jpg,nt704,notumor,notumor,1,0.999902,,1,0.000003,0.000004,0.999902,0.000091
data/Testing/notumor/Te-no_0307.jpg,nt758,notumor,notumor,1,0.999893,,1,0.000031,0.000073,0.999893,0.000003
data/Testing/notumor/Te-no_0308.jpg,nt464,notumor,notumor,1,0.999958,,1,0.000012,0.000030,0.999958,0.000001
data/Testing/notumor/Te-no_0309.jpg,nt813,notumor,notumor,1,0.999997,,1,0.000001,0.000001,0.999997,0.000000
data/Testing/notumor/Te-no_0310.jpg,nt170,notumor,notumor,1,0.999954,,1,0.000020,0.000021,0.999954,0.000004
data/Testing/notumor/Te-no_0311.jpg,nt815,notumor,notumor,1,0.999909,,1,0.000004,0.000080,0.999909,0.000007
data/Testing/notumor/Te-no_0312.jpg,nt1054,notumor,notumor,1,0.999991,,1,0.000004,0.000005,0.999991,0.000000
data/Testing/notumor/Te-no_0313.jpg,nt433,notumor,notumor,1,0.999961,,1,0.000009,0.000024,0.999961,0.000006
data/Testing/notumor/Te-no_0314.jpg,nt434,notumor,notumor,1,0.999999,,1,0.000000,0.000000,0.999999,0.000000
data/Testing/notumor/Te-no_0315.jpg,nt999,notumor,notumor,1,0.999999,,1,0.000000,0.000001,0.999999,0.000000
data/Testing/notumor/Te-no_0316.jpg,nt439,notumor,notumor,1,0.999998,,1,0.000000,0.000002,0.999998,0.000000
data/Testing/notumor/Te-no_0317.jpg,nt1020,notumor,notumor,1,0.999186,,1,0.000018,0.000754,0.999186,0.000042
data/Testing/notumor/Te-no_0318.jpg,nt347,notumor,notumor,1,0.999962,,1,0.000030,0.000007,0.999962,0.000002
data/Testing/notumor/Te-no_0319.jpg,nt445,notumor,notumor,1,0.999983,,1,0.000009,0.000007,0.999983,0.000000
data/Testing/notumor/Te-no_0320.jpg,nt1037,notumor,notumor,1,0.999922,,1,0.000004,0.000072,0.999922,0.000003
data/Testing/notumor/Te-no_0321.jpg,nt450,notumor,notumor,1,0.999996,,1,0.000000,0.000003,0.999996,0.000001
data/Testing/notumor/Te-no_0322.jpg,nt392,notumor,notumor,1,0.999999,,1,0.000000,0.000000,0.999999,0.000000
data/Testing/notumor/Te-no_0323.jpg,nt1078,notumor,notumor,1,0.999998,,1,0.000000,0.000002,0.999998,0.000000
data/Testing/notumor/Te-no_0324.jpg,nt1097,notumor,notumor,1,0.999999,,1,0.000000,0.000001,0.999999,0.000000
data/Testing/notumor/Te-no_0325.jpg,nt1098,notumor,notumor,1,0.999994,,1,0.000000,0.000005,0.999994,0.000001
data/Testing/notumor/Te-no_0326.jpg,nt551,notumor,notumor,1,0.999976,,1,0.000003,0.000020,0.999976,0.000001
data/Testing/notumor/Te-no_0327.jpg,nt1099,notumor,notumor,1,0.999984,,1,0.000002,0.000010,0.999984,0.000004
data/Testing/notumor/Te-no_0328.jpg,nt1100,notumor,notumor,1,0.999985,,1,0.000000,0.000001,0.999985,0.000014
data/Testing/notumor/Te-no_0329.jpg,nt1091,notumor,notumor,1,0.999998,,1,0.000000,0.000002,0.999998,0.000000
data/Testing/notumor/Te-no_0330.jpg,nt1024,notumor,notumor,1,0.999986,,1,0.000009,0.000005,0.999986,0.000000
data/Testing/notumor/Te-no_0331.jpg,nt1101,notumor,notumor,1,0.999958,,1,0.000020,0.000021,0.999958,0.000000
data/Testing/notumor/Te-no_0332.jpg,nt1027,notumor,notumor,1,0.999999,,1,0.000000,0.000001,0.999999,0.000000
data/Testing/notumor/Te-no_0333.jpg,nt316,notumor,notumor,1,0.999980,,1,0.000003,0.000015,0.999980,0.000002
data/Testing/notumor/Te-no_0334.jpg,nt1029,notumor,notumor,1,0.999998,,1,0.000001,0.000001,0.999998,0.000000
data/Testing/notumor/Te-no_0335.jpg,nt322,notumor,notumor,1,0.999997,,1,0.000002,0.000001,0.999997,0.000000
data/Testing/notumor/Te-no_0336.jpg,nt325,notumor,notumor,1,0.999994,,1,0.000001,0.000003,0.999994,0.000001
data/Testing/notumor/Te-no_0337.jpg,nt328,notumor,notumor,1,0.999916,,1,0.000001,0.000015,0.999916,0.000068
data/Testing/notumor/Te-no_0338.jpg,nt330,notumor,notumor,1,0.999977,,1,0.000003,0.000016,0.999977,0.000004
data/Testing/notumor/Te-no_0339.jpg,nt1030,notumor,notumor,1,0.999999,,1,0.000000,0.000001,0.999999,0.000000
data/Testing/notumor/Te-no_0340.jpg,nt1102,notumor,notumor,1,1.000000,,1,0.000000,0.000000,1.000000,0.000000
data/Testing/notumor/Te-no_0341.jpg,nt1014,notumor,notumor,1,0.999919,,1,0.000021,0.000059,0.999919,0.000002
data/Testing/notumor/Te-no_0342.jpg,nt338,notumor,notumor,1,0.999993,,1,0.000001,0.000005,0.999993,0.000001
data/Testing/notumor/Te-no_0343.jpg,nt1031,notumor,notumor,1,0.999992,,1,0.000003,0.000004,0.999992,0.000001
data/Testing/notumor/Te-no_0344.jpg,nt1103,notumor,notumor,1,0.999987,,1,0.000000,0.000009,0.999987,0.000004
data/Testing/notumor/Te-no_0345.jpg,nt1104,notumor,notumor,1,0.999962,,1,0.000004,0.000010,0.999962,0.000024
data/Testing/notumor/Te-no_0346.jpg,nt824,notumor,notumor,1,0.999996,,1,0.000002,0.000002,0.999996,0.000000
data/Testing/notumor/Te-no_0347.jpg,nt1035,notumor,notumor,1,0.999737,,1,0.000014,0.000240,0.999737,0.000010
data/Testing/notumor/Te-no_0348.jpg,nt1036,notumor,notumor,1,0.999972,,1,0.000006,0.000018,0.999972,0.000003
data/Testing/notumor/Te-no_0349.jpg,nt359,notumor,notumor,1,0.999985,,1,0.000001,0.000012,0.999985,0.000002
data/Testing/notumor/Te-no_0350.jpg,nt1105,notumor,notumor,1,0.999992,,1,0.000000,0.000006,0.999992,0.000002
data/Testing/notumor/Te-no_0351.jpg,nt1106,notumor,notumor,1,0.999989,,1,0.000001,0.000010,0.999989,0.000000
data/Testing/notumor/Te-no_0352.jpg,nt497,notumor,notumor,1,0.999995,,1,0.000003,0.000002,0.999995,0.000000
data/Testing/notumor/Te-no_0353.jpg,nt500,notumor,notumor,1,0.999991,,1,0.000003,0.000003,0.999991,0.000003
data/Testing/notumor/Te-no_0354.jpg,nt502,notumor,notumor,1,0.999971,,1,0.000002,0.000019,0.999971,0.000008
data/Testing/notumor/Te-no_0355.jpg,nt1067,notumor,notumor,1,0.999996,,1,0.000000,0.000003,0.999996,0.000000
data/Testing/notumor/Te-no_0356.jpg,nt483,notumor,notumor,1,0.999921,,1,0.000063,0.000002,0.999921,0.000014
data/Testing/notumor/Te-no_0357.jpg,nt965,notumor,notumor,1,0.999986,,1,0.000001,0.000006,0.999986,0.000007
data/Testing/notumor/Te-no_0358.jpg,nt377,notumor,notumor,1,0.999995,,1,0.000003,0.000002,0.999995,0.000001
data/Testing/notumor/Te-no_0359.jpg,nt490,notumor,notumor,1,0.999970,,1,0.000006,0.000020,0.999970,0.000005
data/Testing/notumor/Te-no_0360.jpg,nt615,notumor,notumor,1,0.999763,,1,0.000154,0.000072,0.999763,0.000012
data/Testing/notumor/Te-no_0361.jpg,nt1107,notumor,notumor,1,0.999987,,1,0.000001,0.000010,0.999987,0.000001
data/Testing/notumor/Te-no_0362.jpg,nt685,notumor,notumor,1,0.996385,,1,0.002791,0.000634,0.996385,0.000190
data/Testing/notumor/Te-no_0363.jpg,nt397,notumor,notumor,1,0.999999,,1,0.000000,0.000000,0.999999,0.000000
data/Testing/notumor/Te-no_0364.jpg,nt546,notumor,notumor,1,0.999998,,1,0.000000,0.000001,0.999998,0.000001
data/Testing/notumor/Te-no_0365.jpg,nt433,notumor,notumor,1,0.999961,,1,0.000009,0.000025,0.999961,0.000005
data/Testing/notumor/Te-no_0366.jpg,nt426,notumor,notumor,1,0.999895,,1,0.000005,0.000086,0.999895,0.000014
data/Testing/notumor/Te-no_0367.jpg,nt1094,notumor,notumor,1,1.000000,,1,0.000000,0.000000,1.000000,0.000000
data/Testing/notumor/Te-no_0368.jpg,nt1108,notumor,notumor,1,0.999988,,1,0.000000,0.000003,0.999988,0.000009
data/Testing/notumor/Te-no_0369.jpg,nt372,notumor,notumor,1,0.999998,,1,0.000000,0.000001,0.999998,0.000000
data/Testing/notumor/Te-no_0370.jpg,nt373,notumor,notumor,1,0.999999,,1,0.000000,0.000001,0.999999,0.000000
data/Testing/notumor/Te-no_0371.jpg,nt858,notumor,notumor,1,0.999855,,1,0.000002,0.000143,0.999855,0.000000
data/Testing/notumor/Te-no_0372.jpg,nt1109,notumor,notumor,1,1.000000,,1,0.000000,0.000000,1.000000,0.000000
data/Testing/notumor/Te-no_0373.jpg,nt367,notumor,notumor,1,0.999990,,1,0.000001,0.000008,0.999990,0.000001
data/Testing/notumor/Te-no_0374.jpg,nt365,notumor,notumor,1,1.000000,,1,0.000000,0.000000,1.000000,0.000000
data/Testing/notumor/Te-no_0375.jpg,nt533,notumor,notumor,1,0.999961,,1,0.000005,0.000034,0.999961,0.000001
data/Testing/notumor/Te-no_0376.jpg,nt435,notumor,notumor,1,0.999994,,1,0.000000,0.000003,0.999994,0.000003
data/Testing/notumor/Te-no_0377.jpg,nt888,notumor,notumor,1,0.999997,,1,0.000000,0.000002,0.999997,0.000000
data/Testing/notumor/Te-no_0378.jpg,nt891,notumor,notumor,1,0.999998,,1,0.000000,0.000001,0.999998,0.000000
data/Testing/notumor/Te-no_0379.jpg,nt1110,notumor,notumor,1,0.999983,,1,0.000000,0.000006,0.999983,0.000010
data/Testing/notumor/Te-no_0380.jpg,nt895,notumor,notumor,1,0.999981,,1,0.000000,0.000013,0.999981,0.000006
data/Testing/notumor/Te-no_0381.jpg,nt511,notumor,notumor,1,0.999999,,1,0.000000,0.000000,0.999999,0.000001
data/Testing/notumor/Te-no_0382.jpg,nt939,notumor,notumor,1,0.999990,,1,0.000000,0.000006,0.999990,0.000005
data/Testing/notumor/Te-no_0383.jpg,nt942,notumor,notumor,1,0.999994,,1,0.000000,0.000005,0.999994,0.000000
data/Testing/notumor/Te-no_0384.jpg,nt944,notumor,notumor,1,0.999993,,1,0.000001,0.000006,0.999993,0.000000
data/Testing/notumor/Te-no_0385.jpg,nt946,notumor,notumor,1,0.999986,,1,0.000002,0.000010,0.999986,0.000003
data/Testing/notumor/Te-no_0386.jpg,nt1030,notumor,notumor,1,0.999999,,1,0.000000,0.000000,0.999999,0.000000
data/Testing/notumor/Te-no_0387.jpg,nt334,notumor,notumor,1,0.999998,,1,0.000001,0.000001,0.999998,0.000000
data/Testing/notumor/Te-no_0388.jpg,nt337,notumor,notumor,1,0.999801,,1,0.000010,0.000185,0.999801,0.000003
data/Testing/notumor/Te-no_0389.jpg,nt1031,notumor,notumor,1,0.999973,,1,0.000013,0.000011,0.999973,0.000003
data/Testing/notumor/Te-no_0390.jpg,nt341,notumor,notumor,1,0.999996,,1,0.000000,0.000003,0.999996,0.000001
data/Testing/notumor/Te-no_0391.jpg,nt440,notumor,notumor,1,0.999977,,1,0.000000,0.000021,0.999977,0.000002
data/Testing/notumor/Te-no_0392.jpg,nt1111,notumor,notumor,1,0.999812,,1,0.000023,0.000164,0.999812,0.000001
data/Testing/notumor/Te-no_0393.jpg,nt1112,notumor,notumor,1,0.999995,,1,0.000001,0.000004,0.999995,0.000000
data/Testing/notumor/Te-no_0394.jpg,nt1098,notumor,notumor,1,0.999993,,1,0.000000,0.000006,0.999993,0.000001
data/Testing/notumor/Te-no_0395.jpg,nt916,notumor,notumor,1,0.999999,,1,0.000000,0.000001,0.999999,0.000000
data/Testing/notumor/Te-no_0396.jpg,nt917,notumor,notumor,1,0.999995,,1,0.000000,0.000002,0.999995,0.000003
data/Testing/notumor/Te-no_0397.jpg,nt920,notumor,notumor,1,0.999974,,1,0.000000,0.000006,0.999974,0.000020
data/Testing/notumor/Te-no_0398.jpg,nt1099,notumor,notumor,1,0.999988,,1,0.000002,0.000007,0.999988,0.000003
data/Testing/notumor/Te-no_0399.jpg,nt1100,notumor,notumor,1,0.999986,,1,0.000000,0.000001,0.999986,0.000013
data/Testing/notumor/Te-no_0400.jpg,nt925,notumor,notumor,1,0.999921,,1,0.000002,0.000007,0.999921,0.000070
data/Testing/notumor/Te-no_0401.jpg,nt927,notumor,notumor,1,0.999986,,1,0.000002,0.000011,0.999986,0.000001
data/Testing/notumor/Te-no_0402.jpg,nt929,notumor,notumor,1,0.999974,,1,0.000016,0.000009,0.999974,0.000001
data/Testing/notumor/Te-no_0403.jpg,nt930,notumor,notumor,1,0.999988,,1,0.000001,0.000010,0.999988,0.000000
data/Testing/notumor/Te-no_0404.jpg,nt1101,notumor,notumor,1,0.999956,,1,0.000019,0.000024,0.999956,0.000000
data/Testing/pituitary/Te-piTr_0000.jpg,113274,pituitary,pituitary,1,0.999618,,1,0.000015,0.000145,0.000221,0.999618
data/Testing/pituitary/Te-piTr_0001.jpg,58392,pituitary,pituitary,1,0.999680,,1,0.000031,0.000046,0.000243,0.999680
data/Testing/pituitary/Te-piTr_0002.jpg,101127,pituitary,meningioma,0,0.954565,,1,0.000486,0.954565,0.005052,0.039897
data/Testing/pituitary/Te-piTr_0003.jpg,112746,pituitary,pituitary,1,0.999994,,1,0.000001,0.000003,0.000002,0.999994
data/Testing/pituitary/Te-piTr_0004.jpg,112746,pituitary,pituitary,1,0.999990,,1,0.000004,0.000001,0.000006,0.999990
data/Testing/pituitary/Te-piTr_0005.jpg,112847,pituitary,pituitary,1,0.999961,,1,0.000029,0.000003,0.000007,0.999961
data/Testing/pituitary/Te-piTr_0006.jpg,113274,pituitary,pituitary,1,0.998059,,1,0.001267,0.000500,0.000174,0.998059
data/Testing/pituitary/Te-piTr_0007.jpg,114040,pituitary,pituitary,1,0.999848,,1,0.000116,0.000024,0.000013,0.999848
data/Testing/pituitary/Te-piTr_0008.jpg,114361,pituitary,pituitary,1,0.999863,,1,0.000003,0.000131,0.000003,0.999863
data/Testing/pituitary/Te-piTr_0009.jpg,101029,pituitary,pituitary,1,0.959049,,1,0.000605,0.000550,0.039796,0.959049
data/Testing/pituitary/Te-pi_0010.jpg,101145,pituitary,pituitary,1,0.999556,,1,0.000004,0.000347,0.000093,0.999556
data/Testing/pituitary/Te-pi_0011.jpg,101305,pituitary,pituitary,1,0.999832,,1,0.000045,0.000100,0.000023,0.999832
data/Testing/pituitary/Te-pi_0012.jpg,102648,pituitary,pituitary,1,0.995574,,1,0.000980,0.003440,0.000006,0.995574
data/Testing/pituitary/Te-pi_0013.jpg,102648,pituitary,pituitary,1,0.995678,,1,0.002304,0.001695,0.000323,0.995678
data/Testing/pituitary/Te-pi_0014.jpg,103257,pituitary,pituitary,1,0.999182,,1,0.000003,0.000795,0.000021,0.999182
data/Testing/pituitary/Te-pi_0015.jpg,103257,pituitary,pituitary,1,0.999838,,1,0.000001,0.000145,0.000016,0.999838
data/Testing/pituitary/Te-pi_0016.jpg,103478,pituitary,pituitary,1,0.999674,,1,0.000007,0.000270,0.000049,0.999674
data/Testing/pituitary/Te-pi_0017.jpg,103582,pituitary,pituitary,1,0.997640,,1,0.001146,0.001056,0.000158,0.997640
data/Testing/pituitary/Te-pi_0018.jpg,103582,pituitary,pituitary,1,0.997417,,1,0.000063,0.000851,0.001669,0.997417
data/Testing/pituitary/Te-pi_0019.jpg,103671,pituitary,pituitary,1,0.991169,,1,0.002932,0.005149,0.000750,0.991169
data/Testing/pituitary/Te-pi_0020.jpg,103731,pituitary,pituitary,1,0.997571,,1,0.000353,0.000211,0.001865,0.997571
data/Testing/pituitary/Te-pi_0021.jpg,103731,pituitary,pituitary,1,0.999886,,1,0.000026,0.000065,0.000024,0.999886
data/Testing/pituitary/Te-pi_0022.jpg,103731,pituitary,pituitary,1,0.999160,,1,0.000089,0.000071,0.000681,0.999160
data/Testing/pituitary/Te-pi_0023.jpg,104019,pituitary,pituitary,1,0.999066,,1,0.000175,0.000331,0.000428,0.999066
data/Testing/pituitary/Te-pi_0024.jpg,104558,pituitary,pituitary,1,0.999092,,1,0.000081,0.000179,0.000648,0.999092
data/Testing/pituitary/Te-pi_0025.jpg,104558,pituitary,pituitary,1,0.993743,,1,0.000009,0.006044,0.000203,0.993743
data/Testing/pituitary/Te-pi_0026.jpg,104684,pituitary,pituitary,1,0.999488,,1,0.000002,0.000164,0.000347,0.999488
data/Testing/pituitary/Te-pi_0027.jpg,104912,pituitary,pituitary,1,0.999927,,1,0.000002,0.000067,0.000004,0.999927
data/Testing/pituitary/Te-pi_0028.jpg,105187,pituitary,pituitary,1,0.998797,,1,0.000006,0.000116,0.001081,0.998797
data/Testing/pituitary/Te-pi_0029.jpg,105538,pituitary,meningioma,0,0.898592,,1,0.007551,0.898592,0.001099,0.092757
data/Testing/pituitary/Te-pi_0030.jpg,105638,pituitary,pituitary,1,0.999248,,1,0.000004,0.000625,0.000123,0.999248
data/Testing/pituitary/Te-pi_0031.jpg,97416,pituitary,pituitary,1,0.999316,,1,0.000004,0.000673,0.000008,0.999316
data/Testing/pituitary/Te-pi_0032.jpg,97416,pituitary,pituitary,1,0.987597,,1,0.000052,0.010752,0.001599,0.987597
data/Testing/pituitary/Te-pi_0033.jpg,97461,pituitary,pituitary,1,0.999785,,1,0.000040,0.000043,0.000133,0.999785
data/Testing/pituitary/Te-pi_0034.jpg,97481,pituitary,pituitary,1,0.998147,,1,0.000197,0.001625,0.000031,0.998147
data/Testing/pituitary/Te-pi_0035.jpg,97890,pituitary,pituitary,1,0.995528,,1,0.001520,0.000128,0.002824,0.995528
data/Testing/pituitary/Te-pi_0036.jpg,98472,pituitary,pituitary,1,0.999784,,1,0.000008,0.000051,0.000157,0.999784
data/Testing/pituitary/Te-pi_0037.jpg,98652,pituitary,pituitary,1,0.995396,,1,0.000148,0.001518,0.002937,0.995396
data/Testing/pituitary/Te-pi_0038.jpg,98871,pituitary,pituitary,1,0.999613,,1,0.000057,0.000275,0.000055,0.999613
data/Testing/pituitary/Te-pi_0039.jpg,98871,pituitary,pituitary,1,0.999919,,1,0.000017,0.000014,0.000049,0.999919
data/Testing/pituitary/Te-pi_0040.jpg,98874,pituitary,pituitary,1,0.999325,,1,0.000006,0.000267,0.000402,0.999325
data/Testing/pituitary/Te-pi_0041.jpg,98992,pituitary,pituitary,1,0.999990,,1,0.000000,0.000005,0.000005,0.999990
data/Testing/pituitary/Te-pi_0042.jpg,98995,pituitary,pituitary,1,0.999739,,1,0.000002,0.000189,0.000070,0.999739
data/Testing/pituitary/Te-pi_0043.jpg,99223,pituitary,pituitary,1,0.999726,,1,0.000032,0.000234,0.000008,0.999726
data/Testing/pituitary/Te-pi_0044.jpg,99223,pituitary,pituitary,1,0.999912,,1,0.000012,0.000048,0.000028,0.999912
data/Testing/pituitary/Te-pi_0045.jpg,101017,pituitary,pituitary,1,0.999989,,1,0.000010,0.000000,0.000001,0.999989
data/Testing/pituitary/Te-pi_0046.jpg,101017,pituitary,pituitary,1,0.999916,,1,0.000029,0.000014,0.000041,0.999916
data/Testing/pituitary/Te-pi_0047.jpg,101029,pituitary,pituitary,1,0.999842,,1,0.000001,0.000000,0.000157,0.999842
data/Testing/pituitary/Te-pi_0048.jpg,101305,pituitary,pituitary,1,0.999914,,1,0.000006,0.000053,0.000027,0.999914
data/Testing/pituitary/Te-pi_0049.jpg,101305,pituitary,pituitary,1,0.994983,,1,0.000556,0.002218,0.002242,0.994983
data/Testing/pituitary/Te-pi_0050.jpg,101724,pituitary,pituitary,1,0.995264,,1,0.003554,0.000201,0.000981,0.995264
data/Testing/pituitary/Te-pi_0051.jpg,102648,pituitary,pituitary,1,0.999926,,1,0.000048,0.000006,0.000021,0.999926
data/Testing/pituitary/Te-pi_0052.jpg,104684,pituitary,pituitary,1,0.999716,,1,0.000003,0.000086,0.000195,0.999716
data/Testing/pituitary/Te-pi_0053.jpg,104912,pituitary,pituitary,1,0.997106,,1,0.000035,0.002818,0.000041,0.997106
data/Testing/pituitary/Te-pi_0054.jpg,106062,pituitary,pituitary,1,0.998658,,1,0.000026,0.000662,0.000654,0.998658
data/Testing/pituitary/Te-pi_0055.jpg,105936,pituitary,pituitary,1,0.999966,,1,0.000022,0.000003,0.000008,0.999966
data/Testing/pituitary/Te-pi_0056.jpg,107495,pituitary,pituitary,1,0.997911,,1,0.000019,0.000354,0.001716,0.997911
data/Testing/pituitary/Te-pi_0057.jpg,107495,pituitary,pituitary,1,0.999637,,1,0.000027,0.000028,0.000308,0.999637
data/Testing/pituitary/Te-pi_0058.jpg,107429,pituitary,pituitary,1,0.999827,,1,0.000007,0.000081,0.000085,0.999827
data/Testing/pituitary/Te-pi_0059.jpg,107505,pituitary,pituitary,1,0.999635,,1,0.000210,0.000016,0.000138,0.999635
data/Testing/pituitary/Te-pi_0060.jpg,107505,pituitary,pituitary,1,0.998402,,1,0.001138,0.000215,0.000245,0.998402
data/Testing/pituitary/Te-pi_0061.jpg,107743,pituitary,pituitary,1,0.998251,,1,0.000010,0.000569,0.001171,0.998251
data/Testing/pituitary/Te-pi_0062.jpg,unmatched::data/Testing/pituitary/Te-pi_0062.jpg,pituitary,pituitary,1,0.997154,,1,0.000496,0.001201,0.001150,0.997154
data/Testing/pituitary/Te-pi_0063.jpg,108931,pituitary,pituitary,1,0.998693,,1,0.000011,0.000014,0.001282,0.998693
data/Testing/pituitary/Te-pi_0064.jpg,109471,pituitary,pituitary,1,0.999236,,1,0.000006,0.000142,0.000617,0.999236
data/Testing/pituitary/Te-pi_0065.jpg,109769,pituitary,pituitary,1,0.999813,,1,0.000029,0.000113,0.000045,0.999813
data/Testing/pituitary/Te-pi_0066.jpg,109898,pituitary,pituitary,1,0.998840,,1,0.000009,0.001114,0.000037,0.998840
data/Testing/pituitary/Te-pi_0067.jpg,109898,pituitary,pituitary,1,0.999717,,1,0.000086,0.000135,0.000062,0.999717
data/Testing/pituitary/Te-pi_0068.jpg,109898,pituitary,pituitary,1,0.991706,,1,0.000134,0.008022,0.000138,0.991706
data/Testing/pituitary/Te-pi_0069.jpg,110518,pituitary,pituitary,1,0.999697,,1,0.000011,0.000088,0.000204,0.999697
data/Testing/pituitary/Te-pi_0070.jpg,110537,pituitary,pituitary,1,0.996626,,1,0.000199,0.001191,0.001985,0.996626
data/Testing/pituitary/Te-pi_0071.jpg,110537,pituitary,pituitary,1,0.999591,,1,0.000001,0.000279,0.000128,0.999591
data/Testing/pituitary/Te-pi_0072.jpg,112847,pituitary,pituitary,1,0.999635,,1,0.000019,0.000308,0.000039,0.999635
data/Testing/pituitary/Te-pi_0073.jpg,110993,pituitary,pituitary,1,0.999925,,1,0.000038,0.000009,0.000028,0.999925
data/Testing/pituitary/Te-pi_0074.jpg,111075,pituitary,pituitary,1,0.999549,,1,0.000295,0.000029,0.000127,0.999549
data/Testing/pituitary/Te-pi_0075.jpg,111075,pituitary,pituitary,1,0.991068,,1,0.000122,0.008767,0.000044,0.991068
data/Testing/pituitary/Te-pi_0076.jpg,111125,pituitary,pituitary,1,0.999981,,1,0.000007,0.000002,0.000010,0.999981
data/Testing/pituitary/Te-pi_0077.jpg,111785,pituitary,pituitary,1,0.999684,,1,0.000229,0.000062,0.000025,0.999684
data/Testing/pituitary/Te-pi_0078.jpg,112074,pituitary,pituitary,1,0.999547,,1,0.000083,0.000113,0.000257,0.999547
data/Testing/pituitary/Te-pi_0079.jpg,unmatched::data/Testing/pituitary/Te-pi_0079.jpg,pituitary,pituitary,1,0.940172,,1,0.003403,0.004468,0.051958,0.940172
data/Testing/pituitary/Te-pi_0080.jpg,112649,pituitary,pituitary,1,0.999821,,1,0.000130,0.000003,0.000046,0.999821
data/Testing/pituitary/Te-pi_0081.jpg,112746,pituitary,pituitary,1,0.999953,,1,0.000008,0.000016,0.000022,0.999953
data/Testing/pituitary/Te-pi_0082.jpg,112847,pituitary,pituitary,1,0.999652,,1,0.000050,0.000099,0.000199,0.999652
data/Testing/pituitary/Te-pi_0083.jpg,113274,pituitary,pituitary,1,0.999959,,1,0.000016,0.000000,0.000025,0.999959
data/Testing/pituitary/Te-pi_0084.jpg,113741,pituitary,pituitary,1,0.999756,,1,0.000009,0.000211,0.000024,0.999756
data/Testing/pituitary/Te-pi_0085.jpg,113741,pituitary,pituitary,1,0.999578,,1,0.000045,0.000062,0.000315,0.999578
data/Testing/pituitary/Te-pi_0086.jpg,114361,pituitary,pituitary,1,0.999858,,1,0.000003,0.000054,0.000085,0.999858
data/Testing/pituitary/Te-pi_0087.jpg,114094,pituitary,pituitary,1,0.995732,,1,0.000070,0.002512,0.001685,0.995732
data/Testing/pituitary/Te-pi_0088.jpg,114094,pituitary,pituitary,1,0.998815,,1,0.000067,0.000510,0.000607,0.998815
data/Testing/pituitary/Te-pi_0089.jpg,106062,pituitary,pituitary,1,0.999952,,1,0.000033,0.000007,0.000008,0.999952
data/Testing/pituitary/Te-pi_0090.jpg,106062,pituitary,pituitary,1,0.999983,,1,0.000001,0.000015,0.000001,0.999983
data/Testing/pituitary/Te-pi_0091.jpg,107495,pituitary,pituitary,1,0.999985,,1,0.000001,0.000001,0.000013,0.999985
data/Testing/pituitary/Te-pi_0092.jpg,107495,pituitary,pituitary,1,0.999889,,1,0.000028,0.000017,0.000066,0.999889
data/Testing/pituitary/Te-pi_0093.jpg,107429,pituitary,pituitary,1,0.999921,,1,0.000001,0.000005,0.000074,0.999921
data/Testing/pituitary/Te-pi_0094.jpg,114040,pituitary,pituitary,1,0.994989,,1,0.001043,0.002903,0.001065,0.994989
data/Testing/pituitary/Te-pi_0095.jpg,107505,pituitary,pituitary,1,0.999422,,1,0.000450,0.000098,0.000030,0.999422
data/Testing/pituitary/Te-pi_0096.jpg,107505,pituitary,pituitary,1,0.999972,,1,0.000002,0.000023,0.000002,0.999972
data/Testing/pituitary/Te-pi_0097.jpg,107743,pituitary,pituitary,1,0.999933,,1,0.000007,0.000019,0.000041,0.999933
data/Testing/pituitary/Te-pi_0098.jpg,108858,pituitary,pituitary,1,0.999252,,1,0.000003,0.000652,0.000093,0.999252
data/Testing/pituitary/Te-pi_0099.jpg,108931,pituitary,pituitary,1,0.999845,,1,0.000004,0.000028,0.000122,0.999845
data/Testing/pituitary/Te-pi_0100.jpg,109471,pituitary,pituitary,1,0.999995,,1,0.000000,0.000000,0.000005,0.999995
data/Testing/pituitary/Te-pi_0101.jpg,109471,pituitary,pituitary,1,0.999998,,1,0.000000,0.000000,0.000002,0.999998
data/Testing/pituitary/Te-pi_0102.jpg,109769,pituitary,pituitary,1,0.999974,,1,0.000010,0.000007,0.000009,0.999974
data/Testing/pituitary/Te-pi_0103.jpg,109898,pituitary,pituitary,1,0.986257,,1,0.004102,0.009285,0.000357,0.986257
data/Testing/pituitary/Te-pi_0104.jpg,110518,pituitary,pituitary,1,0.999792,,1,0.000050,0.000067,0.000092,0.999792
data/Testing/pituitary/Te-pi_0105.jpg,110537,pituitary,pituitary,1,0.999974,,1,0.000007,0.000004,0.000014,0.999974
data/Testing/pituitary/Te-pi_0106.jpg,114094,pituitary,pituitary,1,0.972897,,1,0.001420,0.021738,0.003945,0.972897
data/Testing/pituitary/Te-pi_0107.jpg,58392,pituitary,pituitary,1,0.999772,,1,0.000013,0.000026,0.000190,0.999772
data/Testing/pituitary/Te-pi_0108.jpg,111075,pituitary,pituitary,1,0.999650,,1,0.000020,0.000327,0.000003,0.999650
data/Testing/pituitary/Te-pi_0109.jpg,111075,pituitary,pituitary,1,0.999719,,1,0.000032,0.000244,0.000005,0.999719
data/Testing/pituitary/Te-pi_0110.jpg,111125,pituitary,pituitary,1,0.999931,,1,0.000015,0.000017,0.000037,0.999931
data/Testing/pituitary/Te-pi_0111.jpg,111785,pituitary,pituitary,1,0.999713,,1,0.000020,0.000262,0.000005,0.999713
data/Testing/pituitary/Te-pi_0112.jpg,106062,pituitary,pituitary,1,0.999506,,1,0.000005,0.000430,0.000059,0.999506
data/Testing/pituitary/Te-pi_0113.jpg,112074,pituitary,pituitary,1,0.994979,,1,0.000087,0.004757,0.000177,0.994979
data/Testing/pituitary/Te-pi_0114.jpg,112649,pituitary,pituitary,1,0.996879,,1,0.002544,0.000416,0.000160,0.996879
data/Testing/pituitary/Te-pi_0115.jpg,112746,pituitary,pituitary,1,0.999988,,1,0.000000,0.000006,0.000005,0.999988
data/Testing/pituitary/Te-pi_0116.jpg,112847,pituitary,pituitary,1,0.999999,,1,0.000000,0.000000,0.000001,0.999999
data/Testing/pituitary/Te-pi_0117.jpg,112847,pituitary,pituitary,1,0.999997,,1,0.000000,0.000000,0.000003,0.999997
data/Testing/pituitary/Te-pi_0118.jpg,105936,pituitary,pituitary,1,0.999953,,1,0.000018,0.000003,0.000026,0.999953
data/Testing/pituitary/Te-pi_0119.jpg,106062,pituitary,pituitary,1,0.999112,,1,0.000013,0.000686,0.000189,0.999112
data/Testing/pituitary/Te-pi_0120.jpg,107495,pituitary,pituitary,1,0.987838,,1,0.000012,0.000293,0.011857,0.987838
data/Testing/pituitary/Te-pi_0121.jpg,107495,pituitary,pituitary,1,0.999582,,1,0.000026,0.000152,0.000241,0.999582
data/Testing/pituitary/Te-pi_0122.jpg,107429,pituitary,pituitary,1,0.999911,,1,0.000005,0.000062,0.000022,0.999911
data/Testing/pituitary/Te-pi_0123.jpg,107505,pituitary,pituitary,1,0.999660,,1,0.000177,0.000062,0.000101,0.999660
data/Testing/pituitary/Te-pi_0124.jpg,101017,pituitary,pituitary,1,0.998492,,1,0.000013,0.000555,0.000940,0.998492
data/Testing/pituitary/Te-pi_0125.jpg,113274,pituitary,pituitary,1,0.999622,,1,0.000053,0.000020,0.000305,0.999622
data/Testing/pituitary/Te-pi_0126.jpg,107505,pituitary,pituitary,1,0.996507,,1,0.002451,0.000396,0.000646,0.996507
data/Testing/pituitary/Te-pi_0127.jpg,107743,pituitary,pituitary,1,0.999047,,1,0.000008,0.000592,0.000354,0.999047
data/Testing/pituitary/Te-pi_0128.jpg,108858,pituitary,pituitary,1,0.992931,,1,0.002677,0.002762,0.001630,0.992931
data/Testing/pituitary/Te-pi_0129.jpg,108931,pituitary,pituitary,1,0.999573,,1,0.000020,0.000015,0.000391,0.999573
data/Testing/pituitary/Te-pi_0130.jpg,109471,pituitary,pituitary,1,0.997684,,1,0.000004,0.001996,0.000317,0.997684
data/Testing/pituitary/Te-pi_0131.jpg,109769,pituitary,pituitary,1,0.999220,,1,0.000038,0.000509,0.000234,0.999220
data/Testing/pituitary/Te-pi_0132.jpg,109898,pituitary,pituitary,1,0.999159,,1,0.000014,0.000803,0.000025,0.999159
data/Testing/pituitary/Te-pi_0133.jpg,109898,pituitary,pituitary,1,0.998560,,1,0.000078,0.000492,0.000870,0.998560
data/Testing/pituitary/Te-pi_0134.jpg,110537,pituitary,pituitary,1,0.998921,,1,0.000170,0.000700,0.000209,0.998921
data/Testing/pituitary/Te-pi_0135.jpg,110993,pituitary,pituitary,1,0.999577,,1,0.000007,0.000023,0.000394,0.999577
data/Testing/pituitary/Te-pi_0136.jpg,111075,pituitary,pituitary,1,0.999963,,1,0.000023,0.000007,0.000007,0.999963
data/Testing/pituitary/Te-pi_0137.jpg,114040,pituitary,pituitary,1,0.999732,,1,0.000118,0.000088,0.000061,0.999732
data/Testing/pituitary/Te-pi_0138.jpg,111125,pituitary,pituitary,1,0.989134,,1,0.000228,0.001270,0.009368,0.989134
data/Testing/pituitary/Te-pi_0139.jpg,111785,pituitary,pituitary,1,0.999216,,1,0.000100,0.000491,0.000193,0.999216
data/Testing/pituitary/Te-pi_0140.jpg,112074,pituitary,pituitary,1,0.982772,,1,0.004630,0.008909,0.003689,0.982772
data/Testing/pituitary/Te-pi_0141.jpg,112649,pituitary,pituitary,1,0.992520,,1,0.002230,0.000483,0.004767,0.992520
data/Testing/pituitary/Te-pi_0142.jpg,114361,pituitary,pituitary,1,0.999994,,1,0.000001,0.000004,0.000001,0.999994
data/Testing/pituitary/Te-pi_0143.jpg,114094,pituitary,pituitary,1,0.999841,,1,0.000002,0.000012,0.000144,0.999841
data/Testing/pituitary/Te-pi_0144.jpg,unmatched::data/Testing/pituitary/Te-pi_0144.jpg,pituitary,pituitary,1,0.999457,,1,0.000004,0.000526,0.000013,0.999457
data/Testing/pituitary/Te-pi_0145.jpg,101305,pituitary,pituitary,1,0.999310,,1,0.000086,0.000299,0.000305,0.999310
data/Testing/pituitary/Te-pi_0146.jpg,101724,pituitary,pituitary,1,0.998817,,1,0.000246,0.000359,0.000577,0.998817
data/Testing/pituitary/Te-pi_0147.jpg,102648,pituitary,pituitary,1,0.999214,,1,0.000026,0.000731,0.000029,0.999214
data/Testing/pituitary/Te-pi_0148.jpg,103046,pituitary,pituitary,1,0.998399,,1,0.000046,0.000470,0.001085,0.998399
data/Testing/pituitary/Te-pi_0149.jpg,101017,pituitary,pituitary,1,0.993124,,1,0.000078,0.000503,0.006295,0.993124
data/Testing/pituitary/Te-pi_0150.jpg,103257,pituitary,pituitary,1,0.999004,,1,0.000040,0.000856,0.000100,0.999004
data/Testing/pituitary/Te-pi_0151.jpg,103257,pituitary,pituitary,1,0.999806,,1,0.000000,0.000176,0.000017,0.999806
data/Testing/pituitary/Te-pi_0152.jpg,103478,pituitary,pituitary,1,0.993536,,1,0.000083,0.001715,0.004666,0.993536
data/Testing/pituitary/Te-pi_0153.jpg,103582,pituitary,pituitary,1,0.975960,,1,0.004695,0.018832,0.000513,0.975960
data/Testing/pituitary/Te-pi_0154.jpg,103582,pituitary,pituitary,1,0.992840,,1,0.000118,0.000765,0.006277,0.992840
data/Testing/pituitary/Te-pi_0155.jpg,103670,pituitary,pituitary,1,0.999605,,1,0.000003,0.000039,0.000353,0.999605
data/Testing/pituitary/Te-pi_0156.jpg,103671,pituitary,pituitary,1,0.994953,,1,0.002400,0.002123,0.000524,0.994953
data/Testing/pituitary/Te-pi_0157.jpg,103731,pituitary,pituitary,1,0.999802,,1,0.000142,0.000036,0.000020,0.999802
data/Testing/pituitary/Te-pi_0158.jpg,103731,pituitary,pituitary,1,0.998131,,1,0.001392,0.000020,0.000457,0.998131
data/Testing/pituitary/Te-pi_0159.jpg,103837,pituitary,pituitary,1,0.980423,,1,0.000002,0.015347,0.004228,0.980423
data/Testing/pituitary/Te-pi_0160.jpg,103837,pituitary,pituitary,1,0.996882,,1,0.000004,0.000132,0.002982,0.996882
data/Testing/pituitary/Te-pi_0161.jpg,104019,pituitary,pituitary,1,0.999956,,1,0.000004,0.000034,0.000006,0.999956
data/Testing/pituitary/Te-pi_0162.jpg,101029,pituitary,pituitary,1,0.995945,,1,0.001038,0.000211,0.002806,0.995945
data/Testing/pituitary/Te-pi_0163.jpg,104558,pituitary,pituitary,1,0.997879,,1,0.000108,0.001899,0.000115,0.997879
data/Testing/pituitary/Te-pi_0164.jpg,104558,pituitary,pituitary,1,0.987475,,1,0.000007,0.012446,0.000073,0.987475
data/Testing/pituitary/Te-pi_0165.jpg,112649,pituitary,pituitary,1,0.997675,,1,0.001341,0.000210,0.000774,0.997675
data/Testing/pituitary/Te-pi_0166.jpg,104684,pituitary,pituitary,1,0.999956,,1,0.000001,0.000006,0.000036,0.999956
data/Testing/pituitary/Te-pi_0167.jpg,104684,pituitary,pituitary,1,0.998759,,1,0.000022,0.000380,0.000839,0.998759
data/Testing/pituitary/Te-pi_0168.jpg,104912,pituitary,pituitary,1,0.998282,,1,0.000092,0.001394,0.000231,0.998282
data/Testing/pituitary/Te-pi_0169.jpg,104912,pituitary,pituitary,1,0.999992,,1,0.000001,0.000006,0.000001,0.999992
data/Testing/pituitary/Te-pi_0170.jpg,105187,pituitary,pituitary,1,0.982580,,1,0.000038,0.000543,0.016839,0.982580
data/Testing/pituitary/Te-pi_0171.jpg,105538,pituitary,pituitary,1,0.962745,,1,0.000335,0.034853,0.002067,0.962745
data/Testing/pituitary/Te-pi_0172.jpg,105638,pituitary,pituitary,1,0.999922,,1,0.000002,0.000042,0.000035,0.999922
data/Testing/pituitary/Te-pi_0173.jpg,106062,pituitary,pituitary,1,0.999789,,1,0.000140,0.000037,0.000034,0.999789
data/Testing/pituitary/Te-pi_0174.jpg,97416,pituitary,pituitary,1,0.996076,,1,0.000011,0.003825,0.000088,0.996076
data/Testing/pituitary/Te-pi_0175.jpg,97416,pituitary,pituitary,1,0.953094,,1,0.000181,0.042990,0.003734,0.953094
data/Testing/pituitary/Te-pi_0176.jpg,97461,pituitary,pituitary,1,0.999865,,1,0.000003,0.000122,0.000010,0.999865
data/Testing/pituitary/Te-pi_0177.jpg,97461,pituitary,pituitary,1,0.999776,,1,0.000015,0.000023,0.000186,0.999776
data/Testing/pituitary/Te-pi_0178.jpg,97481,pituitary,pituitary,1,0.999636,,1,0.000062,0.000296,0.000006,0.999636
data/Testing/pituitary/Te-pi_0179.jpg,97599,pituitary,pituitary,1,0.989412,,1,0.000163,0.009133,0.001292,0.989412
data/Testing/pituitary/Te-pi_0180.jpg,97890,pituitary,pituitary,1,0.994947,,1,0.000243,0.003359,0.001450,0.994947
data/Testing/pituitary/Te-pi_0181.jpg,98472,pituitary,pituitary,1,0.999543,,1,0.000021,0.000071,0.000365,0.999543
data/Testing/pituitary/Te-pi_0182.jpg,98652,pituitary,pituitary,1,0.994673,,1,0.000141,0.002610,0.002575,0.994673
data/Testing/pituitary/Te-pi_0183.jpg,98871,pituitary,pituitary,1,0.999859,,1,0.000014,0.000111,0.000016,0.999859
data/Testing/pituitary/Te-pi_0184.jpg,98871,pituitary,pituitary,1,0.999900,,1,0.000043,0.000017,0.000040,0.999900
data/Testing/pituitary/Te-pi_0185.jpg,106062,pituitary,pituitary,1,0.997906,,1,0.001924,0.000050,0.000120,0.997906
data/Testing/pituitary/Te-pi_0186.jpg,98874,pituitary,pituitary,1,0.999558,,1,0.000000,0.000354,0.000088,0.999558
data/Testing/pituitary/Te-pi_0187.jpg,98992,pituitary,pituitary,1,0.998804,,1,0.000419,0.000426,0.000351,0.998804
data/Testing/pituitary/Te-pi_0188.jpg,98992,pituitary,pituitary,1,0.832225,,1,0.063885,0.091678,0.012211,0.832225
data/Testing/pituitary/Te-pi_0189.jpg,98995,pituitary,pituitary,1,0.999664,,1,0.000004,0.000218,0.000115,0.999664
data/Testing/pituitary/Te-pi_0190.jpg,99223,pituitary,pituitary,1,0.996119,,1,0.000108,0.003714,0.000060,0.996119
data/Testing/pituitary/Te-pi_0191.jpg,99223,pituitary,pituitary,1,0.999987,,1,0.000003,0.000007,0.000004,0.999987
data/Testing/pituitary/Te-pi_0192.jpg,101017,pituitary,pituitary,1,0.999934,,1,0.000046,0.000001,0.000019,0.999934
data/Testing/pituitary/Te-pi_0193.jpg,101017,pituitary,pituitary,1,0.999045,,1,0.000152,0.000488,0.000314,0.999045
data/Testing/pituitary/Te-pi_0194.jpg,101029,pituitary,pituitary,1,0.995925,,1,0.000007,0.000003,0.004066,0.995925
data/Testing/pituitary/Te-pi_0195.jpg,107495,pituitary,pituitary,1,0.999831,,1,0.000001,0.000002,0.000166,0.999831
data/Testing/pituitary/Te-pi_0196.jpg,unmatched::data/Testing/pituitary/Te-pi_0196.jpg,pituitary,pituitary,1,0.998538,,1,0.000320,0.000167,0.000975,0.998538
data/Testing/pituitary/Te-pi_0197.jpg,101305,pituitary,pituitary,1,0.998866,,1,0.000541,0.000134,0.000459,0.998866
data/Testing/pituitary/Te-pi_0198.jpg,101305,pituitary,pituitary,1,0.992598,,1,0.001164,0.000228,0.006010,0.992598
data/Testing/pituitary/Te-pi_0199.jpg,101724,pituitary,pituitary,1,0.997557,,1,0.001764,0.000248,0.000431,0.997557
data/Testing/pituitary/Te-pi_0200.jpg,102648,pituitary,pituitary,1,0.999547,,1,0.000336,0.000016,0.000102,0.999547
data/Testing/pituitary/Te-pi_0201.jpg,103046,pituitary,pituitary,1,0.999586,,1,0.000146,0.000019,0.000249,0.999586
data/Testing/pituitary/Te-pi_0202.jpg,103257,pituitary,pituitary,1,0.999952,,1,0.000014,0.000021,0.000013,0.999952
data/Testing/pituitary/Te-pi_0203.jpg,103257,pituitary,pituitary,1,0.999890,,1,0.000004,0.000001,0.000104,0.999890
data/Testing/pituitary/Te-pi_0204.jpg,103478,pituitary,pituitary,1,0.999887,,1,0.000032,0.000026,0.000054,0.999887
data/Testing/pituitary/Te-pi_0205.jpg,107429,pituitary,pituitary,1,0.999789,,1,0.000097,0.000020,0.000094,0.999789
data/Testing/pituitary/Te-pi_0206.jpg,103478,pituitary,pituitary,1,0.998438,,1,0.000212,0.001135,0.000215,0.998438
data/Testing/pituitary/Te-pi_0207.jpg,103582,pituitary,pituitary,1,0.995464,,1,0.000082,0.004031,0.000423,0.995464
data/Testing/pituitary/Te-pi_0208.jpg,103670,pituitary,pituitary,1,0.999921,,1,0.000005,0.000005,0.000069,0.999921
data/Testing/pituitary/Te-pi_0209.jpg,103671,pituitary,pituitary,1,0.999978,,1,0.000009,0.000010,0.000003,0.999978
data/Testing/pituitary/Te-pi_0210.jpg,103731,pituitary,pituitary,1,0.998518,,1,0.001183,0.000062,0.000237,0.998518
data/Testing/pituitary/Te-pi_0211.jpg,103731,pituitary,pituitary,1,0.999757,,1,0.000159,0.000022,0.000061,0.999757
data/Testing/pituitary/Te-pi_0212.jpg,103837,pituitary,pituitary,1,0.997534,,1,0.000034,0.000146,0.002286,0.997534
data/Testing/pituitary/Te-pi_0213.jpg,104019,pituitary,pituitary,1,0.999982,,1,0.000017,0.000000,0.000001,0.999982
data/Testing/pituitary/Te-pi_0214.jpg,104019,pituitary,pituitary,1,0.998419,,1,0.001495,0.000019,0.000066,0.998419
data/Testing/pituitary/Te-pi_0215.jpg,104558,pituitary,pituitary,1,0.995789,,1,0.000017,0.003702,0.000493,0.995789
data/Testing/pituitary/Te-pi_0216.jpg,104684,pituitary,pituitary,1,0.971676,,1,0.000266,0.000642,0.027416,0.971676
data/Testing/pituitary/Te-pi_0217.jpg,107429,pituitary,pituitary,1,0.921119,,1,0.000045,0.078417,0.000419,0.921119
data/Testing/pituitary/Te-pi_0218.jpg,104684,pituitary,pituitary,1,0.999470,,1,0.000016,0.000004,0.000509,0.999470
data/Testing/pituitary/Te-pi_0219.jpg,104912,pituitary,pituitary,1,0.999884,,1,0.000055,0.000005,0.000056,0.999884
data/Testing/pituitary/Te-pi_0220.jpg,105187,pituitary,pituitary,1,0.999033,,1,0.000007,0.000045,0.000915,0.999033
data/Testing/pituitary/Te-pi_0221.jpg,105187,pituitary,pituitary,1,0.999935,,1,0.000032,0.000001,0.000032,0.999935
data/Testing/pituitary/Te-pi_0222.jpg,105475,pituitary,pituitary,1,0.998210,,1,0.000643,0.000986,0.000160,0.998210
data/Testing/pituitary/Te-pi_0223.jpg,105638,pituitary,pituitary,1,0.999696,,1,0.000254,0.000005,0.000045,0.999696
data/Testing/pituitary/Te-pi_0224.jpg,97416,pituitary,pituitary,1,0.927433,,1,0.071385,0.000495,0.000687,0.927433
data/Testing/pituitary/Te-pi_0225.jpg,97416,pituitary,pituitary,1,0.999997,,1,0.000000,0.000001,0.000002,0.999997
data/Testing/pituitary/Te-pi_0226.jpg,97461,pituitary,pituitary,1,0.997971,,1,0.000264,0.000576,0.001188,0.997971
data/Testing/pituitary/Te-pi_0227.jpg,107505,pituitary,pituitary,1,0.999779,,1,0.000098,0.000030,0.000093,0.999779
data/Testing/pituitary/Te-pi_0228.jpg,97461,pituitary,pituitary,1,0.999896,,1,0.000012,0.000074,0.000018,0.999896
data/Testing/pituitary/Te-pi_0229.jpg,97481,pituitary,pituitary,1,0.999673,,1,0.000263,0.000012,0.000053,0.999673
data/Testing/pituitary/Te-pi_0230.jpg,97481,pituitary,pituitary,1,0.999974,,1,0.000004,0.000020,0.000002,0.999974
data/Testing/pituitary/Te-pi_0231.jpg,97890,pituitary,pituitary,1,0.999388,,1,0.000169,0.000042,0.000401,0.999388
data/Testing/pituitary/Te-pi_0232.jpg,98472,pituitary,pituitary,1,0.999975,,1,0.000013,0.000008,0.000004,0.999975
data/Testing/pituitary/Te-pi_0233.jpg,98652,pituitary,pituitary,1,0.999854,,1,0.000067,0.000003,0.000075,0.999854
data/Testing/pituitary/Te-pi_0234.jpg,98871,pituitary,pituitary,1,0.999642,,1,0.000041,0.000004,0.000314,0.999642
data/Testing/pituitary/Te-pi_0235.jpg,98871,pituitary,pituitary,1,0.999782,,1,0.000015,0.000003,0.000199,0.999782
data/Testing/pituitary/Te-pi_0236.jpg,98874,pituitary,pituitary,1,0.999834,,1,0.000015,0.000097,0.000054,0.999834
data/Testing/pituitary/Te-pi_0237.jpg,98992,pituitary,pituitary,1,0.951305,,1,0.008123,0.040003,0.000569,0.951305
data/Testing/pituitary/Te-pi_0238.jpg,98992,pituitary,pituitary,1,0.999209,,1,0.000013,0.000174,0.000604,0.999209
data/Testing/pituitary/Te-pi_0239.jpg,107743,pituitary,pituitary,1,0.999700,,1,0.000056,0.000050,0.000194,0.999700
data/Testing/pituitary/Te-pi_0240.jpg,98995,pituitary,pituitary,1,0.999849,,1,0.000098,0.000018,0.000035,0.999849
data/Testing/pituitary/Te-pi_0241.jpg,98995,pituitary,pituitary,1,0.999843,,1,0.000009,0.000135,0.000012,0.999843
data/Testing/pituitary/Te-pi_0242.jpg,99223,pituitary,pituitary,1,0.999318,,1,0.000012,0.000489,0.000180,0.999318
data/Testing/pituitary/Te-pi_0243.jpg,101017,pituitary,pituitary,1,0.999998,,1,0.000000,0.000002,0.000000,0.999998
data/Testing/pituitary/Te-pi_0244.jpg,101029,pituitary,pituitary,1,0.999961,,1,0.000001,0.000000,0.000038,0.999961
data/Testing/pituitary/Te-pi_0245.jpg,101029,pituitary,pituitary,1,0.999988,,1,0.000001,0.000000,0.000011,0.999988
data/Testing/pituitary/Te-pi_0246.jpg,101145,pituitary,pituitary,1,0.999968,,1,0.000009,0.000016,0.000007,0.999968
data/Testing/pituitary/Te-pi_0247.jpg,101305,pituitary,pituitary,1,0.999907,,1,0.000014,0.000076,0.000003,0.999907
data/Testing/pituitary/Te-pi_0248.jpg,101724,pituitary,pituitary,1,0.999733,,1,0.000012,0.000035,0.000220,0.999733
data/Testing/pituitary/Te-pi_0249.jpg,108858,pituitary,pituitary,1,0.999568,,1,0.000176,0.000015,0.000242,0.999568
data/Testing/pituitary/Te-pi_0250.jpg,102648,pituitary,pituitary,1,0.988404,,1,0.008849,0.002433,0.000314,0.988404
data/Testing/pituitary/Te-pi_0251.jpg,102648,pituitary,pituitary,1,0.997686,,1,0.000680,0.001546,0.000089,0.997686
data/Testing/pituitary/Te-pi_0252.jpg,103046,pituitary,pituitary,1,0.999991,,1,0.000000,0.000001,0.000007,0.999991
data/Testing/pituitary/Te-pi_0253.jpg,103257,pituitary,pituitary,1,0.999876,,1,0.000012,0.000080,0.000032,0.999876
data/Testing/pituitary/Te-pi_0254.jpg,103257,pituitary,pituitary,1,0.999609,,1,0.000114,0.000129,0.000147,0.999609
data/Testing/pituitary/Te-pi_0255.jpg,103478,pituitary,pituitary,1,0.999967,,1,0.000001,0.000001,0.000031,0.999967
data/Testing/pituitary/Te-pi_0256.jpg,103478,pituitary,pituitary,1,0.999999,,1,0.000000,0.000000,0.000001,0.999999
data/Testing/pituitary/Te-pi_0257.jpg,103582,pituitary,pituitary,1,0.999999,,1,0.000000,0.000000,0.000001,0.999999
data/Testing/pituitary/Te-pi_0258.jpg,103582,pituitary,pituitary,1,0.999988,,1,0.000001,0.000000,0.000011,0.999988
data/Testing/pituitary/Te-pi_0259.jpg,108858,pituitary,pituitary,1,0.993632,,1,0.001207,0.004764,0.000397,0.993632
data/Testing/pituitary/Te-pi_0260.jpg,103670,pituitary,pituitary,1,0.999622,,1,0.000030,0.000340,0.000007,0.999622
data/Testing/pituitary/Te-pi_0261.jpg,103671,pituitary,pituitary,1,0.999997,,1,0.000000,0.000001,0.000002,0.999997
data/Testing/pituitary/Te-pi_0262.jpg,103731,pituitary,pituitary,1,0.999982,,1,0.000000,0.000011,0.000007,0.999982
data/Testing/pituitary/Te-pi_0263.jpg,103731,pituitary,pituitary,1,0.999980,,1,0.000004,0.000008,0.000008,0.999980
data/Testing/pituitary/Te-pi_0264.jpg,103837,pituitary,pituitary,1,0.998681,,1,0.000003,0.000143,0.001173,0.998681
data/Testing/pituitary/Te-pi_0265.jpg,112746,pituitary,pituitary,1,0.998146,,1,0.000403,0.001269,0.000182,0.998146
data/Testing/pituitary/Te-pi_0266.jpg,104019,pituitary,pituitary,1,0.999987,,1,0.000001,0.000001,0.000010,0.999987
data/Testing/pituitary/Te-pi_0267.jpg,104558,pituitary,pituitary,1,0.999653,,1,0.000030,0.000017,0.000300,0.999653
data/Testing/pituitary/Te-pi_0268.jpg,104558,pituitary,pituitary,1,0.999897,,1,0.000002,0.000003,0.000097,0.999897
data/Testing/pituitary/Te-pi_0269.jpg,104558,pituitary,pituitary,1,0.990881,,1,0.001231,0.000584,0.007304,0.990881
data/Testing/pituitary/Te-pi_0270.jpg,104684,pituitary,pituitary,1,0.999996,,1,0.000000,0.000001,0.000003,0.999996
data/Testing/pituitary/Te-pi_0271.jpg,104912,pituitary,pituitary,1,0.999916,,1,0.000060,0.000008,0.000016,0.999916
data/Testing/pituitary/Te-pi_0272.jpg,104912,pituitary,pituitary,1,0.999923,,1,0.000067,0.000007,0.000002,0.999923
data/Testing/pituitary/Te-pi_0273.jpg,108931,pituitary,pituitary,1,0.999691,,1,0.000007,0.000000,0.000302,0.999691
data/Testing/pituitary/Te-pi_0274.jpg,105187,pituitary,pituitary,1,0.999971,,1,0.000002,0.000003,0.000024,0.999971
data/Testing/pituitary/Te-pi_0275.jpg,105187,pituitary,pituitary,1,0.999916,,1,0.000004,0.000006,0.000074,0.999916
data/Testing/pituitary/Te-pi_0276.jpg,105475,pituitary,pituitary,1,0.999962,,1,0.000001,0.000012,0.000025,0.999962
data/Testing/pituitary/Te-pi_0277.jpg,105638,pituitary,pituitary,1,0.999908,,1,0.000006,0.000001,0.000085,0.999908
data/Testing/pituitary/Te-pi_0278.jpg,105638,pituitary,pituitary,1,0.999941,,1,0.000020,0.000018,0.000021,0.999941
data/Testing/pituitary/Te-pi_0279.jpg,97416,pituitary,pituitary,1,0.999945,,1,0.000002,0.000019,0.000033,0.999945
data/Testing/pituitary/Te-pi_0280.jpg,97461,pituitary,pituitary,1,0.999934,,1,0.000008,0.000004,0.000053,0.999934
data/Testing/pituitary/Te-pi_0281.jpg,97461,pituitary,pituitary,1,0.999866,,1,0.000047,0.000027,0.000061,0.999866
data/Testing/pituitary/Te-pi_0282.jpg,97481,pituitary,pituitary,1,0.999985,,1,0.000001,0.000001,0.000014,0.999985
data/Testing/pituitary/Te-pi_0283.jpg,109471,pituitary,pituitary,1,0.999580,,1,0.000125,0.000068,0.000227,0.999580
data/Testing/pituitary/Te-pi_0284.jpg,97481,pituitary,pituitary,1,0.999973,,1,0.000015,0.000000,0.000012,0.999973
data/Testing/pituitary/Te-pi_0285.jpg,97890,pituitary,pituitary,1,0.999952,,1,0.000001,0.000003,0.000044,0.999952
data/Testing/pituitary/Te-pi_0286.jpg,97890,pituitary,pituitary,1,0.999991,,1,0.000000,0.000001,0.000009,0.999991
data/Testing/pituitary/Te-pi_0287.jpg,98472,pituitary,pituitary,1,0.991191,,1,0.000149,0.008250,0.000410,0.991191
data/Testing/pituitary/Te-pi_0288.jpg,98652,pituitary,pituitary,1,0.999869,,1,0.000011,0.000024,0.000096,0.999869
data/Testing/pituitary/Te-pi_0289.jpg,98652,pituitary,pituitary,1,0.997593,,1,0.000593,0.001284,0.000530,0.997593
data/Testing/pituitary/Te-pi_0290.jpg,98871,pituitary,pituitary,1,0.999925,,1,0.000035,0.000007,0.000033,0.999925
data/Testing/pituitary/Te-pi_0291.jpg,98874,pituitary,pituitary,1,0.999776,,1,0.000025,0.000007,0.000191,0.999776
data/Testing/pituitary/Te-pi_0292.jpg,98874,pituitary,pituitary,1,0.999987,,1,0.000002,0.000007,0.000004,0.999987
data/Testing/pituitary/Te-pi_0293.jpg,98992,pituitary,pituitary,1,0.999864,,1,0.000054,0.000039,0.000043,0.999864
data/Testing/pituitary/Te-pi_0294.jpg,98992,pituitary,pituitary,1,0.999979,,1,0.000001,0.000001,0.000019,0.999979
data/Testing/pituitary/Te-pi_0295.jpg,109471,pituitary,pituitary,1,0.999257,,1,0.000456,0.000149,0.000137,0.999257
data/Testing/pituitary/Te-pi_0296.jpg,98992,pituitary,pituitary,1,0.999975,,1,0.000006,0.000001,0.000018,0.999975
data/Testing/pituitary/Te-pi_0297.jpg,98995,pituitary,pituitary,1,0.999220,,1,0.000003,0.000748,0.000029,0.999220
data/Testing/pituitary/Te-pi_0298.jpg,99223,pituitary,pituitary,1,0.999930,,1,0.000010,0.000011,0.000049,0.999930
data/Testing/pituitary/Te-pi_0299.jpg,109769,pituitary,pituitary,1,0.999897,,1,0.000038,0.000002,0.000062,0.999897
