path,group,true,pred,correct,confidence,fold,seed,p_glioma,p_meningioma,p_notumor,p_pituitary
data/Testing/glioma/Te-glTr_0000.jpg,MR050791B,glioma,glioma,1,0.999999,,7,0.999999,0.000000,0.000000,0.000001
data/Testing/glioma/Te-glTr_0001.jpg,MR026175C,glioma,glioma,1,0.999985,,7,0.999985,0.000008,0.000000,0.000007
data/Testing/glioma/Te-glTr_0002.jpg,MR051586,glioma,glioma,1,0.999969,,7,0.999969,0.000016,0.000008,0.000007
data/Testing/glioma/Te-glTr_0003.jpg,MR051644,glioma,glioma,1,0.999839,,7,0.999839,0.000119,0.000010,0.000032
data/Testing/glioma/Te-glTr_0004.jpg,MR051644,glioma,glioma,1,0.999987,,7,0.999987,0.000012,0.000000,0.000001
data/Testing/glioma/Te-glTr_0005.jpg,MR051651,glioma,glioma,1,0.998830,,7,0.998830,0.000519,0.000645,0.000007
data/Testing/glioma/Te-glTr_0006.jpg,MR051796B,glioma,glioma,1,0.999993,,7,0.999993,0.000002,0.000000,0.000004
data/Testing/glioma/Te-glTr_0007.jpg,MR052550,glioma,glioma,1,1.000000,,7,1.000000,0.000000,0.000000,0.000000
data/Testing/glioma/Te-glTr_0008.jpg,MR051644C,glioma,glioma,1,0.999996,,7,0.999996,0.000002,0.000000,0.000002
data/Testing/glioma/Te-glTr_0009.jpg,MR051644C,glioma,glioma,1,0.999997,,7,0.999997,0.000000,0.000000,0.000003
data/Testing/glioma/Te-gl_0010.jpg,MR049942B,glioma,glioma,1,0.999995,,7,0.999995,0.000001,0.000000,0.000004
data/Testing/glioma/Te-gl_0011.jpg,MR053110B,glioma,glioma,1,0.999955,,7,0.999955,0.000014,0.000006,0.000025
data/Testing/glioma/Te-gl_0012.jpg,MR054683,glioma,glioma,1,0.999998,,7,0.999998,0.000000,0.000000,0.000001
data/Testing/glioma/Te-gl_0013.jpg,MR034997,glioma,glioma,1,0.999825,,7,0.999825,0.000160,0.000004,0.000011
data/Testing/glioma/Te-gl_0014.jpg,MR034997,glioma,glioma,1,0.999998,,7,0.999998,0.000001,0.000000,0.000000
data/Testing/glioma/Te-gl_0015.jpg,MR053110E,glioma,glioma,1,0.999953,,7,0.999953,0.000033,0.000002,0.000012
data/Testing/glioma/Te-gl_0016.jpg,MR049019G,glioma,glioma,1,0.999987,,7,0.999987,0.000002,0.000002,0.000009
data/Testing/glioma/Te-gl_0017.jpg,MR049019G,glioma,glioma,1,0.999996,,7,0.999996,0.000001,0.000001,0.000002
data/Testing/glioma/Te-gl_0018.jpg,MR032322C,glioma,glioma,1,0.999977,,7,0.999977,0.000012,0.000001,0.000010
data/Testing/glioma/Te-gl_0019.jpg,MR037458B,glioma,glioma,1,0.999380,,7,0.999380,0.000538,0.000053,0.000029
data/Testing/glioma/Te-gl_0020.jpg,MR039473B,glioma,glioma,1,0.999998,,7,0.999998,0.000000,0.000000,0.000001
data/Testing/glioma/Te-gl_0021.jpg,MR039473B,glioma,glioma,1,0.999992,,7,0.999992,0.000000,0.000000,0.000008
data/Testing/glioma/Te-gl_0022.jpg,MR037458C,glioma,glioma,1,0.999889,,7,0.999889,0.000105,0.000003,0.000003
data/Testing/glioma/Te-gl_0023.jpg,MR037458C,glioma,glioma,1,0.978912,,7,0.978912,0.021046,0.000018,0.000024
data/Testing/glioma/Te-gl_0024.jpg,unmatched::data/Testing/glioma/Te-gl_0024.jpg,glioma,glioma,1,0.999953,,7,0.999953,0.000030,0.000008,0.000008
data/Testing/glioma/Te-gl_0025.jpg,MR050135B,glioma,glioma,1,0.999998,,7,0.999998,0.000000,0.000000,0.000001
data/Testing/glioma/Te-gl_0026.jpg,MR050135B,glioma,glioma,1,1.000000,,7,1.000000,0.000000,0.000000,0.000000
data/Testing/glioma/Te-gl_0027.jpg,MR050135B,glioma,glioma,1,0.999999,,7,0.999999,0.000001,0.000000,0.000000
data/Testing/glioma/Te-gl_0028.jpg,MR050687,glioma,glioma,1,0.999772,,7,0.999772,0.000220,0.000006,0.000002
data/Testing/glioma/Te-gl_0029.jpg,unmatched::data/Testing/glioma/Te-gl_0029.jpg,glioma,glioma,1,0.999953,,7,0.999953,0.000030,0.000008,0.000008
data/Testing/glioma/Te-gl_0030.jpg,101020,glioma,glioma,1,0.997932,,7,0.997932,0.002016,0.000018,0.000034
data/Testing/glioma/Te-gl_0031.jpg,MR040240D,glioma,glioma,1,0.999999,,7,0.999999,0.000000,0.000000,0.000001
data/Testing/glioma/Te-gl_0032.jpg,MR040240D,glioma,glioma,1,0.999996,,7,0.999996,0.000001,0.000000,0.000002
data/Testing/glioma/Te-gl_0033.jpg,MR017260F,glioma,glioma,1,0.999985,,7,0.999985,0.000012,0.000002,0.000002
data/Testing/glioma/Te-gl_0034.jpg,MR017260F,glioma,glioma,1,0.999977,,7,0.999977,0.000018,0.000002,0.000003
data/Testing/glioma/Te-gl_0035.jpg,MR029209I,glioma,glioma,1,0.999996,,7,0.999996,0.000001,0.000001,0.000002
data/Testing/glioma/Te-gl_0036.jpg,MR048294,glioma,glioma,1,0.999968,,7,0.999968,0.000004,0.000003,0.000025
data/Testing/glioma/Te-gl_0037.jpg,MR048297,glioma,glioma,1,0.999932,,7,0.999932,0.000055,0.000009,0.000004
data/Testing/glioma/Te-gl_0038.jpg,MR048294B,glioma,glioma,1,0.999936,,7,0.999936,0.000001,0.000001,0.000062
data/Testing/glioma/Te-gl_0039.jpg,MR048621B,glioma,glioma,1,0.999982,,7,0.999982,0.000002,0.000001,0.000016
data/Testing/glioma/Te-gl_0040.jpg,MR048944,glioma,glioma,1,0.999993,,7,0.999993,0.000003,0.000001,0.000004
data/Testing/glioma/Te-gl_0041.jpg,unmatched::data/Testing/glioma/Te-gl_0041.jpg,glioma,glioma,1,0.999995,,7,0.999995,0.000000,0.000000,0.000005
data/Testing/glioma/Te-gl_0042.jpg,MR048994,glioma,glioma,1,0.999991,,7,0.999991,0.000005,0.000001,0.000004
data/Testing/glioma/Te-gl_0043.jpg,101020,glioma,glioma,1,0.999924,,7,0.999924,0.000052,0.000004,0.000020
data/Testing/glioma/Te-gl_0044.jpg,103148,glioma,glioma,1,0.947956,,7,0.947956,0.051966,0.000028,0.000050
data/Testing/glioma/Te-gl_0045.jpg,106494,glioma,glioma,1,0.999579,,7,0.999579,0.000404,0.000013,0.000005
data/Testing/glioma/Te-gl_0046.jpg,106494,glioma,glioma,1,0.970999,,7,0.970999,0.028702,0.000253,0.000046
data/Testing/glioma/Te-gl_0047.jpg,unmatched::data/Testing/glioma/Te-gl_0047.jpg,glioma,glioma,1,0.997698,,7,0.997698,0.001713,0.000337,0.000251
data/Testing/glioma/Te-gl_0048.jpg,112105,glioma,glioma,1,0.999628,,7,0.999628,0.000364,0.000004,0.000004
data/Testing/glioma/Te-gl_0049.jpg,MR040240,glioma,glioma,1,0.999989,,7,0.999989,0.000000,0.000000,0.000011
data/Testing/glioma/Te-gl_0050.jpg,MR040240B,glioma,glioma,1,0.999965,,7,0.999965,0.000004,0.000002,0.000029
data/Testing/glioma/Te-gl_0051.jpg,MR040240B,glioma,glioma,1,0.999999,,7,0.999999,0.000000,0.000000,0.000001
data/Testing/glioma/Te-gl_0052.jpg,MR036496B,glioma,glioma,1,1.000000,,7,1.000000,0.000000,0.000000,0.000000
data/Testing/glioma/Te-gl_0053.jpg,MR033420,glioma,glioma,1,1.000000,,7,1.000000,0.000000,0.000000,0.000000
data/Testing/glioma/Te-gl_0054.jpg,MR033420,glioma,glioma,1,0.999983,,7,0.999983,0.000006,0.000003,0.000007
data/Testing/glioma/Te-gl_0055.jpg,MR024780B,glioma,glioma,1,0.999989,,7,0.999989,0.000007,0.000001,0.000004
data/Testing/glioma/Te-gl_0056.jpg,MR049104,glioma,glioma,1,0.999999,,7,0.999999,0.000000,0.000000,0.000001
data/Testing/glioma/Te-gl_0057.jpg,MR049142,glioma,glioma,1,0.999911,,7,0.999911,0.000035,0.000001,0.000053
data/Testing/glioma/Te-gl_0058.jpg,MR048944B,glioma,glioma,1,0.999980,,7,0.999980,0.000000,0.000000,0.000019
data/Testing/glioma/Te-gl_0059.jpg,MR048944B,glioma,glioma,1,0.999992,,7,0.999992,0.000000,0.000000,0.000007
data/Testing/glioma/Te-gl_0060.jpg,MR049358,glioma,glioma,1,0.999998,,7,0.999998,0.000001,0.000000,0.000001
data/Testing/glioma/Te-gl_0061.jpg,MR049358,glioma,glioma,1,0.999870,,7,0.999870,0.000060,0.000001,0.000069
data/Testing/glioma/Te-gl_0062.jpg,MR049453,glioma,glioma,1,0.999999,,7,0.999999,0.000000,0.000000,0.000001
data/Testing/glioma/Te-gl_0063.jpg,MR049453,glioma,glioma,1,0.999996,,7,0.999996,0.000000,0.000000,0.000003
data/Testing/glioma/Te-gl_0064.jpg,MR049453B,glioma,glioma,1,0.999989,,7,0.999989,0.000001,0.000000,0.000009
data/Testing/glioma/Te-gl_0065.jpg,MR049453B,glioma,glioma,1,0.999974,,7,0.999974,0.000001,0.000000,0.000025
data/Testing/glioma/Te-gl_0066.jpg,MR050135B,glioma,glioma,1,0.999974,,7,0.999974,0.000001,0.000000,0.000025
data/Testing/glioma/Te-gl_0067.jpg,MR050135B,glioma,glioma,1,0.999959,,7,0.999959,0.000002,0.000001,0.000038
data/Testing/glioma/Te-gl_0068.jpg,MR050687,glioma,glioma,1,0.999931,,7,0.999931,0.000057,0.000005,0.000006
data/Testing/glioma/Te-gl_0069.jpg,MR049019C,glioma,glioma,1,0.999564,,7,0.999564,0.000002,0.000001,0.000434
data/Testing/glioma/Te-gl_0070.jpg,unmatched::data/Testing/glioma/Te-gl_0070.jpg,glioma,glioma,1,1.000000,,7,1.000000,0.000000,0.000000,0.000000
data/Testing/glioma/Te-gl_0071.jpg,MR051461,glioma,glioma,1,0.999972,,7,0.999972,0.000004,0.000001,0.000022
data/Testing/glioma/Te-gl_0072.jpg,MR033389B,glioma,glioma,1,0.999999,,7,0.999999,0.000001,0.000000,0.000000
data/Testing/glioma/Te-gl_0073.jpg,MR026175E,glioma,glioma,1,0.999992,,7,0.999992,0.000005,0.000000,0.000003
data/Testing/glioma/Te-gl_0074.jpg,MR049358,glioma,glioma,1,0.999997,,7,0.999997,0.000002,0.000000,0.000001
data/Testing/glioma/Te-gl_0075.jpg,MR049358,glioma,glioma,1,0.999998,,7,0.999998,0.000001,0.000000,0.000001
data/Testing/glioma/Te-gl_0076.jpg,MR024780G,glioma,glioma,1,0.999994,,7,0.999994,0.000001,0.000003,0.000002
data/Testing/glioma/Te-gl_0077.jpg,MR024780G,glioma,glioma,1,0.999987,,7,0.999987,0.000001,0.000006,0.000005
data/Testing/glioma/Te-gl_0078.jpg,MR024780G,glioma,glioma,1,0.999999,,7,0.999999,0.000000,0.000000,0.000001
data/Testing/glioma/Te-gl_0079.jpg,MR024780G,glioma,glioma,1,0.999999,,7,0.999999,0.000000,0.000000,0.000001
data/Testing/glioma/Te-gl_0080.jpg,MR049453B,glioma,glioma,1,0.999969,,7,0.999969,0.000000,0.000001,0.000030
data/Testing/glioma/Te-gl_0081.jpg,MR048621B,glioma,glioma,1,0.999408,,7,0.999408,0.000521,0.000029,0.000043
data/Testing/glioma/Te-gl_0082.jpg,MR050135B,glioma,glioma,1,0.999999,,7,0.999999,0.000001,0.000000,0.000001
data/Testing/glioma/Te-gl_0083.jpg,MR050791B,glioma,glioma,1,0.999886,,7,0.999886,0.000059,0.000017,0.000038
data/Testing/glioma/Te-gl_0084.jpg,MR050791B,glioma,glioma,1,0.999985,,7,0.999985,0.000008,0.000002,0.000005
data/Testing/glioma/Te-gl_0085.jpg,MR026175C,glioma,glioma,1,1.000000,,7,1.000000,0.000000,0.000000,0.000000
data/Testing/glioma/Te-gl_0086.jpg,MR026175C,glioma,glioma,1,0.999993,,7,0.999993,0.000004,0.000001,0.000002
data/Testing/glioma/Te-gl_0087.jpg,MR051461B,glioma,glioma,1,0.999386,,7,0.999386,0.000472,0.000118,0.000023
data/Testing/glioma/Te-gl_0088.jpg,MR051461B,glioma,glioma,1,0.999950,,7,0.999950,0.000030,0.000014,0.000006
data/Testing/glioma/Te-gl_0089.jpg,MR051644,glioma,glioma,1,0.998943,,7,0.998943,0.001009,0.000013,0.000036
data/Testing/glioma/Te-gl_0090.jpg,MR051796B,glioma,glioma,1,0.999992,,7,0.999992,0.000001,0.000001,0.000007
data/Testing/glioma/Te-gl_0091.jpg,MR052550,glioma,glioma,1,0.999965,,7,0.999965,0.000011,0.000013,0.000012
data/Testing/glioma/Te-gl_0092.jpg,MR049942B,glioma,glioma,1,0.999995,,7,0.999995,0.000001,0.000000,0.000003
data/Testing/glioma/Te-gl_0093.jpg,MR047953C,glioma,glioma,1,0.999980,,7,0.999980,0.000000,0.000000,0.000019
data/Testing/glioma/Te-gl_0094.jpg,100820,glioma,glioma,1,0.911054,,7,0.911054,0.039817,0.048214,0.000915
data/Testing/glioma/Te-gl_0095.jpg,MR053110B,glioma,glioma,1,0.999995,,7,0.999995,0.000002,0.000001,0.000002
data/Testing/glioma/Te-gl_0096.jpg,MR050687C,glioma,glioma,1,0.999979,,7,0.999979,0.000009,0.000000,0.000012
data/Testing/glioma/Te-gl_0097.jpg,MR034997,glioma,glioma,1,0.999564,,7,0.999564,0.000405,0.000004,0.000028
data/Testing/glioma/Te-gl_0098.jpg,MR029209E,glioma,glioma,1,0.999832,,7,0.999832,0.000068,0.000017,0.000083
data/Testing/glioma/Te-gl_0099.jpg,MR053110E,glioma,glioma,1,0.999870,,7,0.999870,0.000083,0.000003,0.000044
data/Testing/glioma/Te-gl_0100.jpg,MR024780D,glioma,glioma,1,0.999973,,7,0.999973,0.000009,0.000010,0.000008
data/Testing/glioma/Te-gl_0101.jpg,MR038469,glioma,glioma,1,0.999869,,7,0.999869,0.000097,0.000006,0.000028
data/Testing/glioma/Te-gl_0102.jpg,MR032322C,glioma,glioma,1,0.999987,,7,0.999987,0.000010,0.000001,0.000002
data/Testing/glioma/Te-gl_0103.jpg,MR032322C,glioma,glioma,1,0.999977,,7,0.999977,0.000017,0.000000,0.000006
data/Testing/glioma/Te-gl_0104.jpg,MR032322C,glioma,glioma,1,0.999987,,7,0.999987,0.000005,0.000000,0.000009
data/Testing/glioma/Te-gl_0105.jpg,MR032322C,glioma,glioma,1,0.999984,,7,0.999984,0.000002,0.000000,0.000014
data/Testing/glioma/Te-gl_0106.jpg,MR037458B,glioma,glioma,1,0.999893,,7,0.999893,0.000057,0.000004,0.000046
data/Testing/glioma/Te-gl_0107.jpg,MR037458B,glioma,glioma,1,0.981041,,7,0.981041,0.018530,0.000310,0.000118
data/Testing/glioma/Te-gl_0108.jpg,MR039473,glioma,glioma,1,0.999987,,7,0.999987,0.000004,0.000000,0.000009
data/Testing/glioma/Te-gl_0109.jpg,MR039473B,glioma,glioma,1,0.983950,,7,0.983950,0.002603,0.000037,0.013410
data/Testing/glioma/Te-gl_0110.jpg,MR039473B,glioma,glioma,1,0.999992,,7,0.999992,0.000000,0.000000,0.000008
data/Testing/glioma/Te-gl_0111.jpg,MR039473B,glioma,glioma,1,0.999994,,7,0.999994,0.000000,0.000000,0.000005
data/Testing/glioma/Te-gl_0112.jpg,MR039473B,glioma,glioma,1,0.999999,,7,0.999999,0.000000,0.000000,0.000001
data/Testing/glioma/Te-gl_0113.jpg,MR037458C,glioma,glioma,1,0.999989,,7,0.999989,0.000010,0.000001,0.000001
data/Testing/glioma/Te-gl_0114.jpg,MR037458C,glioma,glioma,1,0.996363,,7,0.996363,0.003590,0.000026,0.000021
data/Testing/glioma/Te-gl_0115.jpg,MR040240,glioma,glioma,1,0.999983,,7,0.999983,0.000001,0.000000,0.000016
data/Testing/glioma/Te-gl_0116.jpg,MR040240,glioma,glioma,1,0.999999,,7,0.999999,0.000000,0.000000,0.000001
data/Testing/glioma/Te-gl_0117.jpg,MR040240,glioma,glioma,1,0.999998,,7,0.999998,0.000000,0.000000,0.000002
data/Testing/glioma/Te-gl_0118.jpg,MR040240,glioma,glioma,1,0.998657,,7,0.998657,0.000544,0.000080,0.000719
data/Testing/glioma/Te-gl_0119.jpg,MR040240B,glioma,glioma,1,0.999951,,7,0.999951,0.000005,0.000002,0.000042
data/Testing/glioma/Te-gl_0120.jpg,MR040240B,glioma,glioma,1,1.000000,,7,1.000000,0.000000,0.000000,0.000000
data/Testing/glioma/Te-gl_0121.jpg,MR024780B,glioma,glioma,1,0.999961,,7,0.999961,0.000018,0.000007,0.000013
data/Testing/glioma/Te-gl_0122.jpg,MR048994,glioma,glioma,1,0.999992,,7,0.999992,0.000002,0.000003,0.000003
data/Testing/glioma/Te-gl_0123.jpg,MR049104,glioma,glioma,1,0.999999,,7,0.999999,0.000000,0.000000,0.000000
data/Testing/glioma/Te-gl_0124.jpg,MR049104,glioma,glioma,1,0.999999,,7,0.999999,0.000000,0.000000,0.000001
data/Testing/glioma/Te-gl_0125.jpg,MR049142,glioma,glioma,1,0.999720,,7,0.999720,0.000120,0.000001,0.000159
data/Testing/glioma/Te-gl_0126.jpg,MR049142,glioma,glioma,1,0.999826,,7,0.999826,0.000105,0.000000,0.000068
data/Testing/glioma/Te-gl_0127.jpg,MR048994B,glioma,glioma,1,0.999984,,7,0.999984,0.000001,0.000001,0.000014
data/Testing/glioma/Te-gl_0128.jpg,MR048944B,glioma,glioma,1,0.999989,,7,0.999989,0.000002,0.000001,0.000009
data/Testing/glioma/Te-gl_0129.jpg,MR049358,glioma,glioma,1,0.999953,,7,0.999953,0.000010,0.000001,0.000036
data/Testing/glioma/Te-gl_0130.jpg,MR049358,glioma,glioma,1,0.999981,,7,0.999981,0.000011,0.000002,0.000007
data/Testing/glioma/Te-gl_0131.jpg,MR049453,glioma,glioma,1,0.999991,,7,0.999991,0.000000,0.000000,0.000009
data/Testing/glioma/Te-gl_0132.jpg,MR049453,glioma,glioma,1,0.999996,,7,0.999996,0.000000,0.000000,0.000003
data/Testing/glioma/Te-gl_0133.jpg,MR049453,glioma,glioma,1,0.999990,,7,0.999990,0.000000,0.000001,0.000008
data/Testing/glioma/Te-gl_0134.jpg,MR024780G,glioma,glioma,1,0.999992,,7,0.999992,0.000001,0.000001,0.000007
data/Testing/glioma/Te-gl_0135.jpg,MR029209I,glioma,glioma,1,0.999999,,7,0.999999,0.000000,0.000000,0.000000
data/Testing/glioma/Te-gl_0136.jpg,MR029209I,glioma,glioma,1,0.999997,,7,0.999997,0.000001,0.000001,0.000002
data/Testing/glioma/Te-gl_0137.jpg,MR048294,glioma,glioma,1,0.999977,,7,0.999977,0.000015,0.000001,0.000007
data/Testing/glioma/Te-gl_0138.jpg,MR048294,glioma,glioma,1,0.999904,,7,0.999904,0.000040,0.000003,0.000053
data/Testing/glioma/Te-gl_0139.jpg,MR048297,glioma,glioma,1,0.999994,,7,0.999994,0.000000,0.000001,0.000004
data/Testing/glioma/Te-gl_0140.jpg,MR048621B,glioma,glioma,1,0.999990,,7,0.999990,0.000001,0.000000,0.000009
data/Testing/glioma/Te-gl_0141.jpg,MR048621B,glioma,glioma,1,0.999961,,7,0.999961,0.000006,0.000000,0.000034
data/Testing/glioma/Te-gl_0142.jpg,MR048944,glioma,glioma,1,0.999991,,7,0.999991,0.000008,0.000000,0.000002
data/Testing/glioma/Te-gl_0143.jpg,MR040240,glioma,glioma,1,0.999932,,7,0.999932,0.000038,0.000002,0.000028
data/Testing/glioma/Te-gl_0144.jpg,MR040240,glioma,glioma,1,0.999985,,7,0.999985,0.000004,0.000000,0.000011
data/Testing/glioma/Te-gl_0145.jpg,MR040240B,glioma,glioma,1,0.999948,,7,0.999948,0.000002,0.000001,0.000049
data/Testing/glioma/Te-gl_0146.jpg,MR036496B,glioma,glioma,1,0.999999,,7,0.999999,0.000000,0.000000,0.000001
data/Testing/glioma/Te-gl_0147.jpg,MR033389B,glioma,glioma,1,0.999993,,7,0.999993,0.000005,0.000000,0.000002
data/Testing/glioma/Te-gl_0148.jpg,MR029209I,glioma,glioma,1,0.999986,,7,0.999986,0.000001,0.000003,0.000010
data/Testing/glioma/Te-gl_0149.jpg,MR029209I,glioma,glioma,1,0.999987,,7,0.999987,0.000001,0.000001,0.000012
data/Testing/glioma/Te-gl_0150.jpg,MR048294,glioma,glioma,1,0.999087,,7,0.999087,0.000666,0.000013,0.000234
data/Testing/glioma/Te-gl_0151.jpg,unmatched::data/Testing/glioma/Te-gl_0151.jpg,glioma,glioma,1,0.999989,,7,0.999989,0.000001,0.000001,0.000009
data/Testing/glioma/Te-gl_0152.jpg,MR051461B,glioma,glioma,1,0.999766,,7,0.999766,0.000051,0.000004,0.000180
data/Testing/glioma/Te-gl_0153.jpg,MR051644,glioma,glioma,1,0.999990,,7,0.999990,0.000001,0.000001,0.000009
data/Testing/glioma/Te-gl_0154.jpg,MR051644,glioma,glioma,1,0.999998,,7,0.999998,0.000001,0.000000,0.000001
data/Testing/glioma/Te-gl_0155.jpg,MR052550,glioma,glioma,1,0.999996,,7,0.999996,0.000000,0.000000,0.000003
data/Testing/glioma/Te-gl_0156.jpg,MR047953C,glioma,glioma,1,0.999912,,7,0.999912,0.000005,0.000001,0.000083
data/Testing/glioma/Te-gl_0157.jpg,MR029209E,glioma,glioma,1,0.999998,,7,0.999998,0.000001,0.000000,0.000001
data/Testing/glioma/Te-gl_0158.jpg,MR037458B,glioma,glioma,1,0.999971,,7,0.999971,0.000020,0.000003,0.000006
data/Testing/glioma/Te-gl_0159.jpg,MR037458B,glioma,glioma,1,0.998528,,7,0.998528,0.001109,0.000043,0.000320
data/Testing/glioma/Te-gl_0160.jpg,MR039473,glioma,glioma,1,0.999873,,7,0.999873,0.000028,0.000011,0.000087
data/Testing/glioma/Te-gl_0161.jpg,MR053110E,glioma,glioma,1,0.999881,,7,0.999881,0.000054,0.000001,0.000064
data/Testing/glioma/Te-gl_0162.jpg,MR053110E,glioma,glioma,1,0.999972,,7,0.999972,0.000006,0.000002,0.000021
data/Testing/glioma/Te-gl_0163.jpg,MR053110E,glioma,glioma,1,0.999994,,7,0.999994,0.000001,0.000000,0.000005
data/Testing/glioma/Te-gl_0164.jpg,MR049019G,glioma,glioma,1,0.999705,,7,0.999705,0.000000,0.000002,0.000293
data/Testing/glioma/Te-gl_0165.jpg,MR049019G,glioma,glioma,1,0.999426,,7,0.999426,0.000003,0.000001,0.000571
data/Testing/glioma/Te-gl_0166.jpg,MR024780D,glioma,glioma,1,0.999982,,7,0.999982,0.000004,0.000002,0.000012
data/Testing/glioma/Te-gl_0167.jpg,MR038469,glioma,glioma,1,0.999978,,7,0.999978,0.000009,0.000000,0.000013
data/Testing/glioma/Te-gl_0168.jpg,MR037458B,glioma,glioma,1,0.999995,,7,0.999995,0.000002,0.000001,0.000002
data/Testing/glioma/Te-gl_0169.jpg,MR039473,glioma,glioma,1,0.968699,,7,0.968699,0.000059,0.000014,0.031227
data/Testing/glioma/Te-gl_0170.jpg,MR039473,glioma,glioma,1,0.999205,,7,0.999205,0.000001,0.000000,0.000793
data/Testing/glioma/Te-gl_0171.jpg,MR039473B,glioma,glioma,1,0.999976,,7,0.999976,0.000000,0.000000,0.000024
data/Testing/glioma/Te-gl_0172.jpg,unmatched::data/Testing/glioma/Te-gl_0172.jpg,glioma,glioma,1,0.999995,,7,0.999995,0.000002,0.000001,0.000002
data/Testing/glioma/Te-gl_0173.jpg,MR048297,glioma,glioma,1,0.999998,,7,0.999998,0.000000,0.000000,0.000001
data/Testing/glioma/Te-gl_0174.jpg,MR048297,glioma,glioma,1,0.999332,,7,0.999332,0.000556,0.000090,0.000022
data/Testing/glioma/Te-gl_0175.jpg,MR048944,glioma,glioma,1,0.999989,,7,0.999989,0.000003,0.000006,0.000002
data/Testing/glioma/Te-gl_0176.jpg,MR048944,glioma,glioma,1,0.999995,,7,0.999995,0.000000,0.000001,0.000004
data/Testing/glioma/Te-gl_0177.jpg,MR048994,glioma,glioma,1,0.999942,,7,0.999942,0.000037,0.000002,0.000019
data/Testing/glioma/Te-gl_0178.jpg,MR048994,glioma,glioma,1,0.999986,,7,0.999986,0.000011,0.000001,0.000002
data/Testing/glioma/Te-gl_0179.jpg,MR049104,glioma,glioma,1,0.999998,,7,0.999998,0.000000,0.000000,0.000002
data/Testing/glioma/Te-gl_0180.jpg,MR048994B,glioma,glioma,1,0.999922,,7,0.999922,0.000010,0.000001,0.000066
data/Testing/glioma/Te-gl_0181.jpg,unmatched::data/Testing/glioma/Te-gl_0181.jpg,glioma,glioma,1,0.999895,,7,0.999895,0.000014,0.000009,0.000083
data/Testing/glioma/Te-gl_0182.jpg,MR048994B,glioma,glioma,1,0.999899,,7,0.999899,0.000009,0.000002,0.000091
data/Testing/glioma/Te-gl_0183.jpg,MR049358,glioma,glioma,1,0.999966,,7,0.999966,0.000002,0.000000,0.000031
data/Testing/glioma/Te-gl_0184.jpg,MR049358,glioma,glioma,1,0.978718,,7,0.978718,0.012455,0.000046,0.008781
data/Testing/glioma/Te-gl_0185.jpg,MR049104B,glioma,glioma,1,0.999578,,7,0.999578,0.000000,0.000002,0.000419
data/Testing/glioma/Te-gl_0186.jpg,MR049453,glioma,glioma,1,0.995129,,7,0.995129,0.000001,0.000000,0.004870
data/Testing/glioma/Te-gl_0187.jpg,MR049453,glioma,glioma,1,0.999951,,7,0.999951,0.000000,0.000000,0.000049
data/Testing/glioma/Te-gl_0188.jpg,MR024780G,glioma,glioma,1,0.999997,,7,0.999997,0.000000,0.000000,0.000002
data/Testing/glioma/Te-gl_0189.jpg,MR050135B,glioma,glioma,1,0.999986,,7,0.999986,0.000001,0.000001,0.000012
data/Testing/glioma/Te-gl_0190.jpg,MR050135B,glioma,glioma,1,0.999724,,7,0.999724,0.000003,0.000000,0.000272
data/Testing/glioma/Te-gl_0191.jpg,MR050687,glioma,glioma,1,0.999992,,7,0.999992,0.000003,0.000001,0.000004
data/Testing/glioma/Te-gl_0192.jpg,MR050791B,glioma,glioma,1,0.999928,,7,0.999928,0.000053,0.000001,0.000017
data/Testing/glioma/Te-gl_0193.jpg,MR049019C,glioma,glioma,1,0.999533,,7,0.999533,0.000004,0.000004,0.000459
data/Testing/glioma/Te-gl_0194.jpg,MR051461,glioma,glioma,1,0.999989,,7,0.999989,0.000003,0.000000,0.000008
data/Testing/glioma/Te-gl_0195.jpg,MR051461,glioma,glioma,1,0.999770,,7,0.999770,0.000156,0.000005,0.000069
data/Testing/glioma/Te-gl_0196.jpg,MR051461,glioma,glioma,1,0.999994,,7,0.999994,0.000002,0.000000,0.000004
data/Testing/glioma/Te-gl_0197.jpg,MR051586,glioma,glioma,1,0.999987,,7,0.999987,0.000001,0.000002,0.000010
data/Testing/glioma/Te-gl_0198.jpg,MR051586,glioma,glioma,1,0.999541,,7,0.999541,0.000394,0.000021,0.000043
data/Testing/glioma/Te-gl_0199.jpg,MR051586,glioma,glioma,1,0.999925,,7,0.999925,0.000019,0.000008,0.000048
data/Testing/glioma/Te-gl_0200.jpg,MR051644,glioma,glioma,1,0.999993,,7,0.999993,0.000003,0.000002,0.000003
data/Testing/glioma/Te-gl_0201.jpg,MR051644,glioma,glioma,1,0.999775,,7,0.999775,0.000209,0.000001,0.000015
data/Testing/glioma/Te-gl_0202.jpg,MR051644,glioma,glioma,1,0.999958,,7,0.999958,0.000036,0.000001,0.000005
data/Testing/glioma/Te-gl_0203.jpg,MR051644,glioma,glioma,1,0.999996,,7,0.999996,0.000001,0.000001,0.000002
data/Testing/glioma/Te-gl_0204.jpg,MR051651,glioma,glioma,1,0.999200,,7,0.999200,0.000621,0.000016,0.000163
data/Testing/glioma/Te-gl_0205.jpg,MR051796,glioma,glioma,1,0.998602,,7,0.998602,0.000023,0.000001,0.001374
data/Testing/glioma/Te-gl_0206.jpg,MR051796,glioma,glioma,1,0.998006,,7,0.998006,0.000054,0.000003,0.001937
data/Testing/glioma/Te-gl_0207.jpg,MR051651B,glioma,glioma,1,0.999982,,7,0.999982,0.000006,0.000000,0.000012
data/Testing/glioma/Te-gl_0208.jpg,MR051651B,glioma,glioma,1,0.994057,,7,0.994057,0.005729,0.000012,0.000201
data/Testing/glioma/Te-gl_0209.jpg,MR051644B,glioma,glioma,1,0.999894,,7,0.999894,0.000000,0.000006,0.000100
data/Testing/glioma/Te-gl_0210.jpg,MR051644B,glioma,glioma,1,0.999965,,7,0.999965,0.000002,0.000002,0.000031
data/Testing/glioma/Te-gl_0211.jpg,MR051796B,glioma,glioma,1,0.999859,,7,0.999859,0.000002,0.000001,0.000138
data/Testing/glioma/Te-gl_0212.jpg,MR052550,glioma,glioma,1,0.999977,,7,0.999977,0.000000,0.000000,0.000022
data/Testing/glioma/Te-gl_0213.jpg,MR052550,glioma,glioma,1,0.999951,,7,0.999951,0.000000,0.000000,0.000048
data/Testing/glioma/Te-gl_0214.jpg,MR052550,glioma,glioma,1,0.999999,,7,0.999999,0.000000,0.000000,0.000001
data/Testing/glioma/Te-gl_0215.jpg,MR052550,glioma,glioma,1,0.999993,,7,0.999993,0.000003,0.000000,0.000004
data/Testing/glioma/Te-gl_0216.jpg,MR051644C,glioma,glioma,1,0.999989,,7,0.999989,0.000000,0.000000,0.000011
data/Testing/glioma/Te-gl_0217.jpg,MR051644C,glioma,glioma,1,0.999450,,7,0.999450,0.000361,0.000000,0.000188
data/Testing/glioma/Te-gl_0218.jpg,MR051644C,glioma,glioma,1,0.999916,,7,0.999916,0.000041,0.000000,0.000042
data/Testing/glioma/Te-gl_0219.jpg,MR049942B,glioma,glioma,1,0.999348,,7,0.999348,0.000000,0.000001,0.000651
data/Testing/glioma/Te-gl_0220.jpg,unmatched::data/Testing/glioma/Te-gl_0220.jpg,glioma,glioma,1,0.999710,,7,0.999710,0.000041,0.000000,0.000248
data/Testing/glioma/Te-gl_0221.jpg,MR034694,glioma,glioma,1,0.999682,,7,0.999682,0.000005,0.000011,0.000303
data/Testing/glioma/Te-gl_0222.jpg,MR054875,glioma,glioma,1,0.999054,,7,0.999054,0.000002,0.000003,0.000942
data/Testing/glioma/Te-gl_0223.jpg,MR050687C,glioma,glioma,1,0.999394,,7,0.999394,0.000115,0.000002,0.000489
data/Testing/glioma/Te-gl_0224.jpg,MR034997,glioma,glioma,1,0.999947,,7,0.999947,0.000026,0.000007,0.000020
data/Testing/glioma/Te-gl_0225.jpg,MR033389B,glioma,glioma,1,0.999949,,7,0.999949,0.000002,0.000007,0.000042
data/Testing/glioma/Te-gl_0226.jpg,MR033389B,glioma,glioma,1,0.999948,,7,0.999948,0.000000,0.000007,0.000044
data/Testing/glioma/Te-gl_0227.jpg,unmatched::data/Testing/glioma/Te-gl_0227.jpg,glioma,glioma,1,0.999827,,7,0.999827,0.000008,0.000002,0.000163
data/Testing/glioma/Te-gl_0228.jpg,MR029209I,glioma,glioma,1,0.999968,,7,0.999968,0.000000,0.000000,0.000031
data/Testing/glioma/Te-gl_0229.jpg,107747,glioma,glioma,1,0.999483,,7,0.999483,0.000499,0.000016,0.000002
data/Testing/glioma/Te-gl_0230.jpg,112105,glioma,glioma,1,0.999944,,7,0.999944,0.000019,0.000020,0.000017
data/Testing/glioma/Te-gl_0231.jpg,112105,glioma,glioma,1,0.999700,,7,0.999700,0.000152,0.000005,0.000143
data/Testing/glioma/Te-gl_0232.jpg,100820,glioma,meningioma,0,0.661750,,7,0.335746,0.661750,0.001660,0.000844
data/Testing/glioma/Te-gl_0233.jpg,100820,glioma,glioma,1,0.998849,,7,0.998849,0.000332,0.000091,0.000728
data/Testing/glioma/Te-gl_0234.jpg,100820,glioma,glioma,1,0.977816,,7,0.977816,0.001935,0.008370,0.011879
data/Testing/glioma/Te-gl_0235.jpg,101020,glioma,glioma,1,0.999660,,7,0.999660,0.000294,0.000003,0.000043
data/Testing/glioma/Te-gl_0236.jpg,101020,glioma,glioma,1,0.999548,,7,0.999548,0.000398,0.000006,0.000048
data/Testing/glioma/Te-gl_0237.jpg,102075,glioma,meningioma,0,0.677280,,7,0.281052,0.677280,0.000180,0.041489
data/Testing/glioma/Te-gl_0238.jpg,103148,glioma,glioma,1,0.872012,,7,0.872012,0.127807,0.000055,0.000126
data/Testing/glioma/Te-gl_0239.jpg,103148,glioma,glioma,1,0.933599,,7,0.933599,0.066017,0.000218,0.000167
data/Testing/glioma/Te-gl_0240.jpg,unmatched::data/Testing/glioma/Te-gl_0240.jpg,glioma,glioma,1,0.999992,,7,0.999992,0.000004,0.000001,0.000002
data/Testing/glioma/Te-gl_0241.jpg,107747,glioma,glioma,1,0.999371,,7,0.999371,0.000017,0.000002,0.000611
data/Testing/glioma/Te-gl_0242.jpg,112027,glioma,glioma,1,0.998942,,7,0.998942,0.000997,0.000053,0.000008
data/Testing/glioma/Te-gl_0243.jpg,112105,glioma,glioma,1,0.999985,,7,0.999985,0.000010,0.000002,0.000004
data/Testing/glioma/Te-gl_0244.jpg,112105,glioma,glioma,1,0.999910,,7,0.999910,0.000031,0.000001,0.000058
data/Testing/glioma/Te-gl_0245.jpg,112105,glioma,glioma,1,0.999949,,7,0.999949,0.000037,0.000004,0.000010
data/Testing/glioma/Te-gl_0246.jpg,88670,glioma,glioma,1,0.997795,,7,0.997795,0.002008,0.000180,0.000017
data/Testing/glioma/Te-gl_0247.jpg,88670,glioma,glioma,1,0.705415,,7,0.705415,0.293255,0.001009,0.000320
data/Testing/glioma/Te-gl_0248.jpg,90284,glioma,glioma,1,0.999576,,7,0.999576,0.000060,0.000003,0.000361
data/Testing/glioma/Te-gl_0249.jpg,90284,glioma,glioma,1,0.997295,,7,0.997295,0.000297,0.000069,0.002339
data/Testing/glioma/Te-gl_0250.jpg,90284,glioma,glioma,1,0.999414,,7,0.999414,0.000137,0.000271,0.000177
data/Testing/glioma/Te-gl_0251.jpg,90284,glioma,glioma,1,0.998921,,7,0.998921,0.000901,0.000175,0.000004
data/Testing/glioma/Te-gl_0252.jpg,93825,glioma,glioma,1,0.988172,,7,0.988172,0.003414,0.000240,0.008174
data/Testing/glioma/Te-gl_0253.jpg,97609,glioma,glioma,1,0.999613,,7,0.999613,0.000335,0.000015,0.000037
data/Testing/glioma/Te-gl_0254.jpg,97609,glioma,glioma,1,0.999938,,7,0.999938,0.000055,0.000001,0.000005
data/Testing/glioma/Te-gl_0255.jpg,97609,glioma,glioma,1,0.850601,,7,0.850601,0.148724,0.000059,0.000617
data/Testing/glioma/Te-gl_0256.jpg,100416,glioma,glioma,1,0.999889,,7,0.999889,0.000077,0.000030,0.000004
data/Testing/glioma/Te-gl_0257.jpg,100416,glioma,glioma,1,0.999910,,7,0.999910,0.000084,0.000002,0.000003
data/Testing/glioma/Te-gl_0258.jpg,100820,glioma,glioma,1,0.985202,,7,0.985202,0.014438,0.000194,0.000167
data/Testing/glioma/Te-gl_0259.jpg,100820,glioma,glioma,1,0.838993,,7,0.838993,0.134977,0.024598,0.001433
data/Testing/glioma/Te-gl_0260.jpg,101020,glioma,glioma,1,0.999964,,7,0.999964,0.000030,0.000001,0.000005
data/Testing/glioma/Te-gl_0261.jpg,101020,glioma,glioma,1,0.987026,,7,0.987026,0.012838,0.000108,0.000028
data/Testing/glioma/Te-gl_0262.jpg,101020,glioma,glioma,1,0.999921,,7,0.999921,0.000074,0.000003,0.000001
data/Testing/glioma/Te-gl_0263.jpg,103148,glioma,glioma,1,0.997611,,7,0.997611,0.002310,0.000030,0.000048
data/Testing/glioma/Te-gl_0264.jpg,103148,glioma,glioma,1,0.819571,,7,0.819571,0.179287,0.000797,0.000345
data/Testing/glioma/Te-gl_0265.jpg,105653,glioma,meningioma,0,0.972549,,7,0.015273,0.972549,0.000110,0.012068
data/Testing/glioma/Te-gl_0266.jpg,107747,glioma,glioma,1,0.999928,,7,0.999928,0.000003,0.000001,0.000068
data/Testing/glioma/Te-gl_0267.jpg,107747,glioma,glioma,1,0.995689,,7,0.995689,0.000285,0.002186,0.001840
data/Testing/glioma/Te-gl_0268.jpg,108479,glioma,meningioma,0,0.943787,,7,0.014783,0.943787,0.000066,0.041363
data/Testing/glioma/Te-gl_0269.jpg,112105,glioma,glioma,1,0.999990,,7,0.999990,0.000002,0.000003,0.000005
data/Testing/glioma/Te-gl_0270.jpg,88670,glioma,glioma,1,0.999979,,7,0.999979,0.000008,0.000009,0.000005
data/Testing/glioma/Te-gl_0271.jpg,90284,glioma,glioma,1,0.973274,,7,0.973274,0.020087,0.000188,0.006451
data/Testing/glioma/Te-gl_0272.jpg,90284,glioma,glioma,1,0.998262,,7,0.998262,0.001118,0.000149,0.000471
data/Testing/glioma/Te-gl_0273.jpg,90284,glioma,glioma,1,0.999971,,7,0.999971,0.000001,0.000000,0.000027
data/Testing/glioma/Te-gl_0274.jpg,90284,glioma,glioma,1,0.999989,,7,0.999989,0.000006,0.000000,0.000005
data/Testing/glioma/Te-gl_0275.jpg,93329,glioma,glioma,1,0.993217,,7,0.993217,0.006380,0.000033,0.000370
data/Testing/glioma/Te-gl_0276.jpg,93329,glioma,glioma,1,0.998648,,7,0.998648,0.001213,0.000007,0.000131
data/Testing/glioma/Te-gl_0277.jpg,93329,glioma,glioma,1,0.996535,,7,0.996535,0.003272,0.000048,0.000145
data/Testing/glioma/Te-gl_0278.jpg,93825,glioma,glioma,1,0.999545,,7,0.999545,0.000253,0.000036,0.000166
data/Testing/glioma/Te-gl_0279.jpg,94731,glioma,glioma,1,0.975443,,7,0.975443,0.024125,0.000001,0.000430
data/Testing/glioma/Te-gl_0280.jpg,95142,glioma,glioma,1,0.999586,,7,0.999586,0.000033,0.000011,0.000371
data/Testing/glioma/Te-gl_0281.jpg,95142,glioma,glioma,1,0.998971,,7,0.998971,0.000564,0.000022,0.000444
data/Testing/glioma/Te-gl_0282.jpg,96587,glioma,glioma,1,0.993769,,7,0.993769,0.006130,0.000067,0.000034
data/Testing/glioma/Te-gl_0283.jpg,97609,glioma,glioma,1,0.994890,,7,0.994890,0.004659,0.000051,0.000400
data/Testing/glioma/Te-gl_0284.jpg,unmatched::data/Testing/glioma/Te-gl_0284.jpg,glioma,glioma,1,0.999968,,7,0.999968,0.000006,0.000002,0.000024
data/Testing/glioma/Te-gl_0285.jpg,98889,glioma,glioma,1,0.996929,,7,0.996929,0.002921,0.000050,0.000100
data/Testing/glioma/Te-gl_0286.jpg,MR048294,glioma,glioma,1,0.999998,,7,0.999998,0.000001,0.000000,0.000001
data/Testing/glioma/Te-gl_0287.jpg,MR048294,glioma,glioma,1,0.999993,,7,0.999993,0.000005,0.000000,0.000001
data/Testing/glioma/Te-gl_0288.jpg,MR048297,glioma,glioma,1,0.999890,,7,0.999890,0.000106,0.000002,0.000002
data/Testing/glioma/Te-gl_0289.jpg,MR048621B,glioma,glioma,1,0.999891,,7,0.999891,0.000086,0.000007,0.000015
data/Testing/glioma/Te-gl_0290.jpg,MR048944,glioma,glioma,1,0.999734,,7,0.999734,0.000085,0.000009,0.000173
data/Testing/glioma/Te-gl_0291.jpg,MR048944,glioma,glioma,1,0.999658,,7,0.999658,0.000285,0.000002,0.000056
data/Testing/glioma/Te-gl_0292.jpg,MR048994,glioma,glioma,1,0.999999,,7,0.999999,0.000001,0.000000,0.000000
data/Testing/glioma/Te-gl_0293.jpg,MR048994,glioma,glioma,1,0.997165,,7,0.997165,0.002798,0.000021,0.000016
data/Testing/glioma/Te-gl_0294.jpg,MR049104,glioma,glioma,1,0.999976,,7,0.999976,0.000000,0.000000,0.000023
data/Testing/glioma/Te-gl_0295.jpg,MR049142,glioma,glioma,1,0.993111,,7,0.993111,0.005820,0.000978,0.000090
data/Testing/glioma/Te-gl_0296.jpg,MR048994B,glioma,glioma,1,0.999991,,7,0.999991,0.000002,0.000002,0.000006
data/Testing/glioma/Te-gl_0297.jpg,unmatched::data/Testing/glioma/Te-gl_0297.jpg,glioma,glioma,1,0.999991,,7,0.999991,0.000002,0.000003,0.000003
data/Testing/glioma/Te-gl_0298.jpg,MR048944B,glioma,glioma,1,0.999999,,7,0.999999,0.000000,0.000000,0.000001
data/Testing/glioma/Te-gl_0299.jpg,MR049358,glioma,glioma,1,0.999835,,7,0.999835,0.000030,0.000027,0.000108
data/Testing/meningioma/Te-meTr_0000.jpg,unmatched::data/Testing/meningioma/Te-meTr_0000.jpg,meningioma,meningioma,1,0.999976,,7,0.000015,0.999976,0.000004,0.000005
data/Testing/meningioma/Te-meTr_0001.jpg,unmatched::data/Testing/meningioma/Te-meTr_0001.jpg,meningioma,meningioma,1,0.999913,,7,0.000028,0.999913,0.000031,0.000028
data/Testing/meningioma/Te-meTr_0002.jpg,unmatched::data/Testing/meningioma/Te-meTr_0002.jpg,meningioma,meningioma,1,0.975729,,7,0.000078,0.975729,0.015804,0.008390
data/Testing/meningioma/Te-meTr_0003.jpg,unmatched::data/Testing/meningioma/Te-meTr_0003.jpg,meningioma,meningioma,1,0.999906,,7,0.000069,0.999906,0.000006,0.000019
data/Testing/meningioma/Te-meTr_0004.jpg,unmatched::data/Testing/meningioma/Te-meTr_0004.jpg,meningioma,meningioma,1,0.999987,,7,0.000000,0.999987,0.000011,0.000001
data/Testing/meningioma/Te-meTr_0005.jpg,unmatched::data/Testing/meningioma/Te-meTr_0005.jpg,meningioma,meningioma,1,1.000000,,7,0.000000,1.000000,0.000000,0.000000
data/Testing/meningioma/Te-meTr_0006.jpg,unmatched::data/Testing/meningioma/Te-meTr_0006.jpg,meningioma,notumor,0,0.539078,,7,0.000018,0.459478,0.539078,0.001426
data/Testing/meningioma/Te-meTr_0007.jpg,unmatched::data/Testing/meningioma/Te-meTr_0007.jpg,meningioma,meningioma,1,0.999798,,7,0.000028,0.999798,0.000009,0.000165
data/Testing/meningioma/Te-meTr_0008.jpg,unmatched::data/Testing/meningioma/Te-meTr_0008.jpg,meningioma,meningioma,1,1.000000,,7,0.000000,1.000000,0.000000,0.000000
data/Testing/meningioma/Te-meTr_0009.jpg,unmatched::data/Testing/meningioma/Te-meTr_0009.jpg,meningioma,meningioma,1,1.000000,,7,0.000000,1.000000,0.000000,0.000000
data/Testing/meningioma/Te-me_0010.jpg,unmatched::data/Testing/meningioma/Te-me_0010.jpg,meningioma,meningioma,1,0.999783,,7,0.000001,0.999783,0.000010,0.000206
data/Testing/meningioma/Te-me_0011.jpg,unmatched::data/Testing/meningioma/Te-me_0011.jpg,meningioma,meningioma,1,0.999872,,7,0.000046,0.999872,0.000021,0.000061
data/Testing/meningioma/Te-me_0012.jpg,unmatched::data/Testing/meningioma/Te-me_0012.jpg,meningioma,meningioma,1,1.000000,,7,0.000000,1.000000,0.000000,0.000000
data/Testing/meningioma/Te-me_0013.jpg,unmatched::data/Testing/meningioma/Te-me_0013.jpg,meningioma,meningioma,1,0.999997,,7,0.000002,0.999997,0.000000,0.000001
data/Testing/meningioma/Te-me_0014.jpg,unmatched::data/Testing/meningioma/Te-me_0014.jpg,meningioma,meningioma,1,0.999998,,7,0.000001,0.999998,0.000000,0.000001
data/Testing/meningioma/Te-me_0015.jpg,unmatched::data/Testing/meningioma/Te-me_0015.jpg,meningioma,meningioma,1,1.000000,,7,0.000000,1.000000,0.000000,0.000000
data/Testing/meningioma/Te-me_0016.jpg,unmatched::data/Testing/meningioma/Te-me_0016.jpg,meningioma,meningioma,1,0.999509,,7,0.000041,0.999509,0.000162,0.000288
data/Testing/meningioma/Te-me_0017.jpg,unmatched::data/Testing/meningioma/Te-me_0017.jpg,meningioma,meningioma,1,0.999985,,7,0.000000,0.999985,0.000014,0.000001
data/Testing/meningioma/Te-me_0018.jpg,unmatched::data/Testing/meningioma/Te-me_0018.jpg,meningioma,meningioma,1,0.999697,,7,0.000000,0.999697,0.000001,0.000302
data/Testing/meningioma/Te-me_0019.jpg,unmatched::data/Testing/meningioma/Te-me_0019.jpg,meningioma,meningioma,1,0.999960,,7,0.000000,0.999960,0.000000,0.000039
data/Testing/meningioma/Te-me_0020.jpg,unmatched::data/Testing/meningioma/Te-me_0020.jpg,meningioma,meningioma,1,1.000000,,7,0.000000,1.000000,0.000000,0.000000
data/Testing/meningioma/Te-me_0021.jpg,unmatched::data/Testing/meningioma/Te-me_0021.jpg,meningioma,meningioma,1,0.999849,,7,0.000029,0.999849,0.000035,0.000086
data/Testing/meningioma/Te-me_0022.jpg,unmatched::data/Testing/meningioma/Te-me_0022.jpg,meningioma,meningioma,1,0.875057,,7,0.005583,0.875057,0.012821,0.106539
data/Testing/meningioma/Te-me_0023.jpg,unmatched::data/Testing/meningioma/Te-me_0023.jpg,meningioma,meningioma,1,0.999946,,7,0.000000,0.999946,0.000051,0.000004
data/Testing/meningioma/Te-me_0024.jpg,unmatched::data/Testing/meningioma/Te-me_0024.jpg,meningioma,meningioma,1,0.999825,,7,0.000001,0.999825,0.000090,0.000083
data/Testing/meningioma/Te-me_0025.jpg,unmatched::data/Testing/meningioma/Te-me_0025.jpg,meningioma,meningioma,1,0.999984,,7,0.000000,0.999984,0.000000,0.000016
data/Testing/meningioma/Te-me_0026.jpg,unmatched::data/Testing/meningioma/Te-me_0026.jpg,meningioma,meningioma,1,1.000000,,7,0.000000,1.000000,0.000000,0.000000
data/Testing/meningioma/Te-me_0027.jpg,unmatched::data/Testing/meningioma/Te-me_0027.jpg,meningioma,meningioma,1,1.000000,,7,0.000000,1.000000,0.000000,0.000000
data/Testing/meningioma/Te-me_0028.jpg,unmatched::data/Testing/meningioma/Te-me_0028.jpg,meningioma,meningioma,1,0.999996,,7,0.000002,0.999996,0.000000,0.000002
data/Testing/meningioma/Te-me_0029.jpg,unmatched::data/Testing/meningioma/Te-me_0029.jpg,meningioma,meningioma,1,0.999997,,7,0.000000,0.999997,0.000002,0.000000
data/Testing/meningioma/Te-me_0030.jpg,unmatched::data/Testing/meningioma/Te-me_0030.jpg,meningioma,meningioma,1,0.999950,,7,0.000012,0.999950,0.000036,0.000001
data/Testing/meningioma/Te-me_0031.jpg,unmatched::data/Testing/meningioma/Te-me_0031.jpg,meningioma,meningioma,1,0.999783,,7,0.000001,0.999783,0.000010,0.000206
data/Testing/meningioma/Te-me_0032.jpg,unmatched::data/Testing/meningioma/Te-me_0032.jpg,meningioma,meningioma,1,0.999876,,7,0.000101,0.999876,0.000017,0.000007
data/Testing/meningioma/Te-me_0033.jpg,unmatched::data/Testing/meningioma/Te-me_0033.jpg,meningioma,meningioma,1,0.999912,,7,0.000003,0.999912,0.000023,0.000062
data/Testing/meningioma/Te-me_0034.jpg,unmatched::data/Testing/meningioma/Te-me_0034.jpg,meningioma,meningioma,1,1.000000,,7,0.000000,1.000000,0.000000,0.000000
data/Testing/meningioma/Te-me_0035.jpg,unmatched::data/Testing/meningioma/Te-me_0035.jpg,meningioma,meningioma,1,1.000000,,7,0.000000,1.000000,0.000000,0.000000
data/Testing/meningioma/Te-me_0036.jpg,unmatched::data/Testing/meningioma/Te-me_0036.jpg,meningioma,meningioma,1,0.999984,,7,0.000014,0.999984,0.000001,0.000000
data/Testing/meningioma/Te-me_0037.jpg,unmatched::data/Testing/meningioma/Te-me_0037.jpg,meningioma,meningioma,1,0.999979,,7,0.000014,0.999979,0.000002,0.000005
data/Testing/meningioma/Te-me_0038.jpg,unmatched::data/Testing/meningioma/Te-me_0038.jpg,meningioma,meningioma,1,1.000000,,7,0.000000,1.000000,0.000000,0.000000
data/Testing/meningioma/Te-me_0039.jpg,unmatched::data/Testing/meningioma/Te-me_0039.jpg,meningioma,meningioma,1,0.999980,,7,0.000000,0.999980,0.000000,0.000019
data/Testing/meningioma/Te-me_0040.jpg,unmatched::data/Testing/meningioma/Te-me_0040.jpg,meningioma,meningioma,1,1.000000,,7,0.000000,1.000000,0.000000,0.000000
data/Testing/meningioma/Te-me_0041.jpg,unmatched::data/Testing/meningioma/Te-me_0041.jpg,meningioma,meningioma,1,0.999171,,7,0.000083,0.999171,0.000251,0.000495
data/Testing/meningioma/Te-me_0042.jpg,unmatched::data/Testing/meningioma/Te-me_0042.jpg,meningioma,meningioma,1,0.999981,,7,0.000001,0.999981,0.000001,0.000017
data/Testing/meningioma/Te-me_0043.jpg,unmatched::data/Testing/meningioma/Te-me_0043.jpg,meningioma,meningioma,1,0.999992,,7,0.000005,0.999992,0.000001,0.000002
data/Testing/meningioma/Te-me_0044.jpg,unmatched::data/Testing/meningioma/Te-me_0044.jpg,meningioma,meningioma,1,0.999838,,7,0.000002,0.999838,0.000113,0.000047
data/Testing/meningioma/Te-me_0045.jpg,unmatched::data/Testing/meningioma/Te-me_0045.jpg,meningioma,meningioma,1,0.999998,,7,0.000000,0.999998,0.000001,0.000001
data/Testing/meningioma/Te-me_0046.jpg,unmatched::data/Testing/meningioma/Te-me_0046.jpg,meningioma,meningioma,1,0.997259,,7,0.000284,0.997259,0.000144,0.002313
data/Testing/meningioma/Te-me_0047.jpg,unmatched::data/Testing/meningioma/Te-me_0047.jpg,meningioma,meningioma,1,0.999722,,7,0.000120,0.999722,0.000154,0.000004
data/Testing/meningioma/Te-me_0048.jpg,unmatched::data/Testing/meningioma/Te-me_0048.jpg,meningioma,meningioma,1,0.999263,,7,0.000019,0.999263,0.000040,0.000678
data/Testing/meningioma/Te-me_0049.jpg,unmatched::data/Testing/meningioma/Te-me_0049.jpg,meningioma,meningioma,1,0.999995,,7,0.000002,0.999995,0.000003,0.000001
data/Testing/meningioma/Te-me_0050.jpg,unmatched::data/Testing/meningioma/Te-me_0050.jpg,meningioma,meningioma,1,0.999961,,7,0.000009,0.999961,0.000010,0.000021
data/Testing/meningioma/Te-me_0051.jpg,unmatched::data/Testing/meningioma/Te-me_0051.jpg,meningioma,meningioma,1,0.997671,,7,0.000141,0.997671,0.001764,0.000424
data/Testing/meningioma/Te-me_0052.jpg,unmatched::data/Testing/meningioma/Te-me_0052.jpg,meningioma,meningioma,1,0.999980,,7,0.000002,0.999980,0.000001,0.000017
data/Testing/meningioma/Te-me_0053.jpg,unmatched::data/Testing/meningioma/Te-me_0053.jpg,meningioma,meningioma,1,0.999793,,7,0.000186,0.999793,0.000013,0.000008
data/Testing/meningioma/Te-me_0054.jpg,unmatched::data/Testing/meningioma/Te-me_0054.jpg,meningioma,meningioma,1,0.999980,,7,0.000001,0.999980,0.000001,0.000018
data/Testing/meningioma/Te-me_0055.jpg,unmatched::data/Testing/meningioma/Te-me_0055.jpg,meningioma,meningioma,1,0.999981,,7,0.000013,0.999981,0.000002,0.000004
data/Testing/meningioma/Te-me_0056.jpg,unmatched::data/Testing/meningioma/Te-me_0056.jpg,meningioma,meningioma,1,0.999317,,7,0.000021,0.999317,0.000096,0.000566
data/Testing/meningioma/Te-me_0057.jpg,unmatched::data/Testing/meningioma/Te-me_0057.jpg,meningioma,meningioma,1,0.999720,,7,0.000086,0.999720,0.000010,0.000184
data/Testing/meningioma/Te-me_0058.jpg,unmatched::data/Testing/meningioma/Te-me_0058.jpg,meningioma,meningioma,1,0.997516,,7,0.000009,0.997516,0.000035,0.002440
data/Testing/meningioma/Te-me_0059.jpg,unmatched::data/Testing/meningioma/Te-me_0059.jpg,meningioma,meningioma,1,0.993538,,7,0.000680,0.993538,0.004507,0.001275
data/Testing/meningioma/Te-me_0060.jpg,unmatched::data/Testing/meningioma/Te-me_0060.jpg,meningioma,meningioma,1,0.997090,,7,0.000290,0.997090,0.000456,0.002163
data/Testing/meningioma/Te-me_0061.jpg,unmatched::data/Testing/meningioma/Te-me_0061.jpg,meningioma,meningioma,1,1.000000,,7,0.000000,1.000000,0.000000,0.000000
data/Testing/meningioma/Te-me_0062.jpg,unmatched::data/Testing/meningioma/Te-me_0062.jpg,meningioma,meningioma,1,0.999683,,7,0.000014,0.999683,0.000165,0.000138
data/Testing/meningioma/Te-me_0063.jpg,unmatched::data/Testing/meningioma/Te-me_0063.jpg,meningioma,meningioma,1,0.999921,,7,0.000032,0.999921,0.000003,0.000044
data/Testing/meningioma/Te-me_0064.jpg,unmatched::data/Testing/meningioma/Te-me_0064.jpg,meningioma,meningioma,1,0.999421,,7,0.000036,0.999421,0.000372,0.000170
data/Testing/meningioma/Te-me_0065.jpg,unmatched::data/Testing/meningioma/Te-me_0065.jpg,meningioma,notumor,0,0.875874,,7,0.000097,0.123884,0.875874,0.000144
data/Testing/meningioma/Te-me_0066.jpg,unmatched::data/Testing/meningioma/Te-me_0066.jpg,meningioma,meningioma,1,0.455267,,7,0.053105,0.455267,0.050191,0.441437
data/Testing/meningioma/Te-me_0067.jpg,unmatched::data/Testing/meningioma/Te-me_0067.jpg,meningioma,meningioma,1,0.999998,,7,0.000002,0.999998,0.000000,0.000000
data/Testing/meningioma/Te-me_0068.jpg,unmatched::data/Testing/meningioma/Te-me_0068.jpg,meningioma,meningioma,1,1.000000,,7,0.000000,1.000000,0.000000,0.000000
data/Testing/meningioma/Te-me_0069.jpg,unmatched::data/Testing/meningioma/Te-me_0069.jpg,meningioma,meningioma,1,0.999998,,7,0.000000,0.999998,0.000000,0.000002
data/Testing/meningioma/Te-me_0070.jpg,unmatched::data/Testing/meningioma/Te-me_0070.jpg,meningioma,meningioma,1,0.999997,,7,0.000001,0.999997,0.000000,0.000002
data/Testing/meningioma/Te-me_0071.jpg,unmatched::data/Testing/meningioma/Te-me_0071.jpg,meningioma,meningioma,1,1.000000,,7,0.000000,1.000000,0.000000,0.000000
data/Testing/meningioma/Te-me_0072.jpg,unmatched::data/Testing/meningioma/Te-me_0072.jpg,meningioma,meningioma,1,0.999989,,7,0.000003,0.999989,0.000001,0.000007
data/Testing/meningioma/Te-me_0073.jpg,unmatched::data/Testing/meningioma/Te-me_0073.jpg,meningioma,meningioma,1,1.000000,,7,0.000000,1.000000,0.000000,0.000000
data/Testing/meningioma/Te-me_0074.jpg,unmatched::data/Testing/meningioma/Te-me_0074.jpg,meningioma,meningioma,1,1.000000,,7,0.000000,1.000000,0.000000,0.000000
data/Testing/meningioma/Te-me_0075.jpg,unmatched::data/Testing/meningioma/Te-me_0075.jpg,meningioma,meningioma,1,0.999386,,7,0.000607,0.999386,0.000003,0.000004
data/Testing/meningioma/Te-me_0076.jpg,unmatched::data/Testing/meningioma/Te-me_0076.jpg,meningioma,meningioma,1,0.999996,,7,0.000002,0.999996,0.000000,0.000002
data/Testing/meningioma/Te-me_0077.jpg,unmatched::data/Testing/meningioma/Te-me_0077.jpg,meningioma,meningioma,1,1.000000,,7,0.000000,1.000000,0.000000,0.000000
data/Testing/meningioma/Te-me_0078.jpg,unmatched::data/Testing/meningioma/Te-me_0078.jpg,meningioma,meningioma,1,1.000000,,7,0.000000,1.000000,0.000000,0.000000
data/Testing/meningioma/Te-me_0079.jpg,unmatched::data/Testing/meningioma/Te-me_0079.jpg,meningioma,meningioma,1,0.999721,,7,0.000021,0.999721,0.000113,0.000145
data/Testing/meningioma/Te-me_0080.jpg,unmatched::data/Testing/meningioma/Te-me_0080.jpg,meningioma,pituitary,0,0.945779,,7,0.041210,0.001427,0.011584,0.945779
data/Testing/meningioma/Te-me_0081.jpg,unmatched::data/Testing/meningioma/Te-me_0081.jpg,meningioma,meningioma,1,0.999899,,7,0.000002,0.999899,0.000005,0.000094
data/Testing/meningioma/Te-me_0082.jpg,unmatched::data/Testing/meningioma/Te-me_0082.jpg,meningioma,meningioma,1,1.000000,,7,0.000000,1.000000,0.000000,0.000000
data/Testing/meningioma/Te-me_0083.jpg,unmatched::data/Testing/meningioma/Te-me_0083.jpg,meningioma,meningioma,1,0.733180,,7,0.003160,0.733180,0.263541,0.000119
data/Testing/meningioma/Te-me_0084.jpg,unmatched::data/Testing/meningioma/Te-me_0084.jpg,meningioma,meningioma,1,0.999998,,7,0.000000,0.999998,0.000000,0.000001
data/Testing/meningioma/Te-me_0085.jpg,unmatched::data/Testing/meningioma/Te-me_0085.jpg,meningioma,meningioma,1,0.999999,,7,0.000000,0.999999,0.000000,0.000001
data/Testing/meningioma/Te-me_0086.jpg,unmatched::data/Testing/meningioma/Te-me_0086.jpg,meningioma,meningioma,1,0.999998,,7,0.000000,0.999998,0.000000,0.000002
data/Testing/meningioma/Te-me_0087.jpg,unmatched::data/Testing/meningioma/Te-me_0087.jpg,meningioma,meningioma,1,0.996850,,7,0.000041,0.996850,0.000204,0.002905
data/Testing/meningioma/Te-me_0088.jpg,unmatched::data/Testing/meningioma/Te-me_0088.jpg,meningioma,meningioma,1,1.000000,,7,0.000000,1.000000,0.000000,0.000000
data/Testing/meningioma/Te-me_0089.jpg,unmatched::data/Testing/meningioma/Te-me_0089.jpg,meningioma,meningioma,1,1.000000,,7,0.000000,1.000000,0.000000,0.000000
data/Testing/meningioma/Te-me_0090.jpg,unmatched::data/Testing/meningioma/Te-me_0090.jpg,meningioma,meningioma,1,1.000000,,7,0.000000,1.000000,0.000000,0.000000
data/Testing/meningioma/Te-me_0091.jpg,unmatched::data/Testing/meningioma/Te-me_0091.jpg,meningioma,meningioma,1,1.000000,,7,0.000000,1.000000,0.000000,0.000000
data/Testing/meningioma/Te-me_0092.jpg,unmatched::data/Testing/meningioma/Te-me_0092.jpg,meningioma,meningioma,1,0.972942,,7,0.000413,0.972942,0.000027,0.026619
data/Testing/meningioma/Te-me_0093.jpg,unmatched::data/Testing/meningioma/Te-me_0093.jpg,meningioma,meningioma,1,0.999954,,7,0.000031,0.999954,0.000011,0.000003
data/Testing/meningioma/Te-me_0094.jpg,unmatched::data/Testing/meningioma/Te-me_0094.jpg,meningioma,meningioma,1,0.999915,,7,0.000032,0.999915,0.000023,0.000031
data/Testing/meningioma/Te-me_0095.jpg,unmatched::data/Testing/meningioma/Te-me_0095.jpg,meningioma,meningioma,1,1.000000,,7,0.000000,1.000000,0.000000,0.000000
data/Testing/meningioma/Te-me_0096.jpg,unmatched::data/Testing/meningioma/Te-me_0096.jpg,meningioma,meningioma,1,0.999997,,7,0.000002,0.999997,0.000000,0.000000
data/Testing/meningioma/Te-me_0097.jpg,unmatched::data/Testing/meningioma/Te-me_0097.jpg,meningioma,meningioma,1,0.999590,,7,0.000001,0.999590,0.000003,0.000406
data/Testing/meningioma/Te-me_0098.jpg,unmatched::data/Testing/meningioma/Te-me_0098.jpg,meningioma,meningioma,1,1.000000,,7,0.000000,1.000000,0.000000,0.000000
data/Testing/meningioma/Te-me_0099.jpg,unmatched::data/Testing/meningioma/Te-me_0099.jpg,meningioma,meningioma,1,0.997489,,7,0.000024,0.997489,0.002480,0.000007
data/Testing/meningioma/Te-me_0100.jpg,unmatched::data/Testing/meningioma/Te-me_0100.jpg,meningioma,meningioma,1,0.999087,,7,0.000010,0.999087,0.000218,0.000684
data/Testing/meningioma/Te-me_0101.jpg,unmatched::data/Testing/meningioma/Te-me_0101.jpg,meningioma,meningioma,1,1.000000,,7,0.000000,1.000000,0.000000,0.000000
data/Testing/meningioma/Te-me_0102.jpg,unmatched::data/Testing/meningioma/Te-me_0102.jpg,meningioma,meningioma,1,0.998699,,7,0.001061,0.998699,0.000204,0.000036
data/Testing/meningioma/Te-me_0103.jpg,unmatched::data/Testing/meningioma/Te-me_0103.jpg,meningioma,meningioma,1,0.999977,,7,0.000001,0.999977,0.000001,0.000021
data/Testing/meningioma/Te-me_0104.jpg,unmatched::data/Testing/meningioma/Te-me_0104.jpg,meningioma,meningioma,1,0.999990,,7,0.000000,0.999990,0.000000,0.000010
data/Testing/meningioma/Te-me_0105.jpg,unmatched::data/Testing/meningioma/Te-me_0105.jpg,meningioma,meningioma,1,1.000000,,7,0.000000,1.000000,0.000000,0.000000
data/Testing/meningioma/Te-me_0106.jpg,unmatched::data/Testing/meningioma/Te-me_0106.jpg,meningioma,meningioma,1,0.999838,,7,0.000001,0.999838,0.000144,0.000017
data/Testing/meningioma/Te-me_0107.jpg,unmatched::data/Testing/meningioma/Te-me_0107.jpg,meningioma,meningioma,1,0.999996,,7,0.000000,0.999996,0.000004,0.000001
data/Testing/meningioma/Te-me_0108.jpg,unmatched::data/Testing/meningioma/Te-me_0108.jpg,meningioma,meningioma,1,0.997742,,7,0.000102,0.997742,0.001004,0.001151
data/Testing/meningioma/Te-me_0109.jpg,unmatched::data/Testing/meningioma/Te-me_0109.jpg,meningioma,meningioma,1,1.000000,,7,0.000000,1.000000,0.000000,0.000000
data/Testing/meningioma/Te-me_0110.jpg,unmatched::data/Testing/meningioma/Te-me_0110.jpg,meningioma,meningioma,1,0.940755,,7,0.000085,0.940755,0.003986,0.055175
data/Testing/meningioma/Te-me_0111.jpg,unmatched::data/Testing/meningioma/Te-me_0111.jpg,meningioma,meningioma,1,0.994263,,7,0.000234,0.994263,0.005104,0.000399
data/Testing/meningioma/Te-me_0112.jpg,unmatched::data/Testing/meningioma/Te-me_0112.jpg,meningioma,meningioma,1,0.805595,,7,0.001313,0.805595,0.192626,0.000466
data/Testing/meningioma/Te-me_0113.jpg,unmatched::data/Testing/meningioma/Te-me_0113.jpg,meningioma,meningioma,1,0.999931,,7,0.000005,0.999931,0.000024,0.000040
data/Testing/meningioma/Te-me_0114.jpg,unmatched::data/Testing/meningioma/Te-me_0114.jpg,meningioma,meningioma,1,0.999999,,7,0.000000,0.999999,0.000000,0.000001
data/Testing/meningioma/Te-me_0115.jpg,107494,meningioma,meningioma,1,0.999900,,7,0.000007,0.999900,0.000005,0.000089
data/Testing/meningioma/Te-me_0116.jpg,107494,meningioma,meningioma,1,0.999430,,7,0.000493,0.999430,0.000004,0.000073
data/Testing/meningioma/Te-me_0117.jpg,108514,meningioma,meningioma,1,0.999833,,7,0.000120,0.999833,0.000022,0.000025
data/Testing/meningioma/Te-me_0118.jpg,108550,meningioma,meningioma,1,0.999605,,7,0.000020,0.999605,0.000013,0.000362
data/Testing/meningioma/Te-me_0119.jpg,108945,meningioma,meningioma,1,0.999991,,7,0.000005,0.999991,0.000002,0.000002
data/Testing/meningioma/Te-me_0120.jpg,109411,meningioma,meningioma,1,0.997774,,7,0.000345,0.997774,0.001543,0.000338
data/Testing/meningioma/Te-me_0121.jpg,109968,meningioma,meningioma,1,0.999968,,7,0.000015,0.999968,0.000007,0.000009
data/Testing/meningioma/Te-me_0122.jpg,111077,meningioma,meningioma,1,0.993561,,7,0.003168,0.993561,0.000453,0.002817
data/Testing/meningioma/Te-me_0123.jpg,111366,meningioma,meningioma,1,0.999575,,7,0.000099,0.999575,0.000001,0.000326
data/Testing/meningioma/Te-me_0124.jpg,112002,meningioma,meningioma,1,0.971608,,7,0.022724,0.971608,0.001068,0.004600
data/Testing/meningioma/Te-me_0125.jpg,112062,meningioma,meningioma,1,0.999881,,7,0.000055,0.999881,0.000014,0.000051
data/Testing/meningioma/Te-me_0126.jpg,112252,meningioma,meningioma,1,0.784042,,7,0.213669,0.784042,0.000736,0.001554
data/Testing/meningioma/Te-me_0127.jpg,112552,meningioma,meningioma,1,1.000000,,7,0.000000,1.000000,0.000000,0.000000
data/Testing/meningioma/Te-me_0128.jpg,112648,meningioma,meningioma,1,0.999844,,7,0.000102,0.999844,0.000009,0.000045
data/Testing/meningioma/Te-me_0129.jpg,113435,meningioma,meningioma,1,0.999998,,7,0.000000,0.999998,0.000000,0.000002
data/Testing/meningioma/Te-me_0130.jpg,unmatched::data/Testing/meningioma/Te-me_0130.jpg,meningioma,meningioma,1,0.995141,,7,0.003813,0.995141,0.000381,0.000665
data/Testing/meningioma/Te-me_0131.jpg,113805,meningioma,meningioma,1,0.998260,,7,0.000334,0.998260,0.000347,0.001060
data/Testing/meningioma/Te-me_0132.jpg,114018,meningioma,meningioma,1,0.999999,,7,0.000000,0.999999,0.000000,0.000001
data/Testing/meningioma/Te-me_0133.jpg,114359,meningioma,meningioma,1,0.999958,,7,0.000039,0.999958,0.000001,0.000002
data/Testing/meningioma/Te-me_0134.jpg,97607,meningioma,meningioma,1,0.999906,,7,0.000025,0.999906,0.000050,0.000018
data/Testing/meningioma/Te-me_0135.jpg,unmatched::data/Testing/meningioma/Te-me_0135.jpg,meningioma,meningioma,1,0.999969,,7,0.000018,0.999969,0.000001,0.000012
data/Testing/meningioma/Te-me_0136.jpg,97875,meningioma,meningioma,1,0.996451,,7,0.001332,0.996451,0.000123,0.002094
data/Testing/meningioma/Te-me_0137.jpg,97943,meningioma,meningioma,1,0.986420,,7,0.013510,0.986420,0.000016,0.000054
data/Testing/meningioma/Te-me_0138.jpg,98241,meningioma,meningioma,1,0.999999,,7,0.000000,0.999999,0.000000,0.000000
data/Testing/meningioma/Te-me_0139.jpg,unmatched::data/Testing/meningioma/Te-me_0139.jpg,meningioma,meningioma,1,0.999490,,7,0.000051,0.999490,0.000081,0.000377
data/Testing/meningioma/Te-me_0140.jpg,unmatched::data/Testing/meningioma/Te-me_0140.jpg,meningioma,meningioma,1,0.975729,,7,0.000078,0.975729,0.015804,0.008390
data/Testing/meningioma/Te-me_0141.jpg,100360,meningioma,meningioma,1,0.999967,,7,0.000027,0.999967,0.000001,0.000005
data/Testing/meningioma/Te-me_0142.jpg,100360,meningioma,meningioma,1,0.999943,,7,0.000046,0.999943,0.000001,0.000009
data/Testing/meningioma/Te-me_0143.jpg,unmatched::data/Testing/meningioma/Te-me_0143.jpg,meningioma,meningioma,1,0.999838,,7,0.000001,0.999838,0.000144,0.000017
data/Testing/meningioma/Te-me_0144.jpg,101016,meningioma,meningioma,1,0.999994,,7,0.000004,0.999994,0.000001,0.000002
data/Testing/meningioma/Te-me_0145.jpg,unmatched::data/Testing/meningioma/Te-me_0145.jpg,meningioma,meningioma,1,0.940755,,7,0.000085,0.940755,0.003986,0.055175
data/Testing/meningioma/Te-me_0146.jpg,97943,meningioma,meningioma,1,0.999951,,7,0.000034,0.999951,0.000006,0.000009
data/Testing/meningioma/Te-me_0147.jpg,98241,meningioma,meningioma,1,1.000000,,7,0.000000,1.000000,0.000000,0.000000
data/Testing/meningioma/Te-me_0148.jpg,99017,meningioma,meningioma,1,0.995716,,7,0.002002,0.995716,0.000077,0.002206
data/Testing/meningioma/Te-me_0149.jpg,unmatched::data/Testing/meningioma/Te-me_0149.jpg,meningioma,meningioma,1,0.999846,,7,0.000040,0.999846,0.000015,0.000099
data/Testing/meningioma/Te-me_0150.jpg,99308,meningioma,meningioma,1,0.999999,,7,0.000000,0.999999,0.000000,0.000001
data/Testing/meningioma/Te-me_0151.jpg,101797,meningioma,meningioma,1,0.999983,,7,0.000011,0.999983,0.000004,0.000002
data/Testing/meningioma/Te-me_0152.jpg,100360,meningioma,meningioma,1,0.999980,,7,0.000004,0.999980,0.000000,0.000016
data/Testing/meningioma/Te-me_0153.jpg,100572,meningioma,meningioma,1,0.999871,,7,0.000006,0.999871,0.000002,0.000122
data/Testing/meningioma/Te-me_0154.jpg,101016,meningioma,meningioma,1,0.999877,,7,0.000079,0.999877,0.000024,0.000019
data/Testing/meningioma/Te-me_0155.jpg,101016,meningioma,meningioma,1,0.999959,,7,0.000030,0.999959,0.000001,0.000009
data/Testing/meningioma/Te-me_0156.jpg,101127,meningioma,meningioma,1,0.884938,,7,0.001039,0.884938,0.000331,0.113692
data/Testing/meningioma/Te-me_0157.jpg,101797,meningioma,meningioma,1,0.999637,,7,0.000023,0.999637,0.000002,0.000337
data/Testing/meningioma/Te-me_0158.jpg,102420,meningioma,meningioma,1,0.999997,,7,0.000002,0.999997,0.000000,0.000001
data/Testing/meningioma/Te-me_0159.jpg,102420,meningioma,meningioma,1,0.999962,,7,0.000006,0.999962,0.000015,0.000017
data/Testing/meningioma/Te-me_0160.jpg,102714,meningioma,meningioma,1,0.999975,,7,0.000016,0.999975,0.000002,0.000007
data/Testing/meningioma/Te-me_0161.jpg,102929,meningioma,meningioma,1,1.000000,,7,0.000000,1.000000,0.000000,0.000000
data/Testing/meningioma/Te-me_0162.jpg,102929,meningioma,meningioma,1,0.999989,,7,0.000000,0.999989,0.000000,0.000011
data/Testing/meningioma/Te-me_0163.jpg,103673,meningioma,meningioma,1,0.999992,,7,0.000005,0.999992,0.000001,0.000003
data/Testing/meningioma/Te-me_0164.jpg,103673,meningioma,meningioma,1,0.999957,,7,0.000013,0.999957,0.000001,0.000028
data/Testing/meningioma/Te-me_0165.jpg,103925,meningioma,meningioma,1,0.999930,,7,0.000001,0.999930,0.000005,0.000064
data/Testing/meningioma/Te-me_0166.jpg,103925,meningioma,meningioma,1,0.999995,,7,0.000000,0.999995,0.000001,0.000003
data/Testing/meningioma/Te-me_0167.jpg,104167,meningioma,meningioma,1,0.998360,,7,0.000025,0.998360,0.000011,0.001604
data/Testing/meningioma/Te-me_0168.jpg,104167,meningioma,meningioma,1,0.999744,,7,0.000021,0.999744,0.000009,0.000225
data/Testing/meningioma/Te-me_0169.jpg,104281,meningioma,meningioma,1,0.999754,,7,0.000144,0.999754,0.000003,0.000099
data/Testing/meningioma/Te-me_0170.jpg,102714,meningioma,meningioma,1,0.988231,,7,0.007695,0.988231,0.000068,0.004006
data/Testing/meningioma/Te-me_0171.jpg,105555,meningioma,meningioma,1,0.999858,,7,0.000025,0.999858,0.000008,0.000109
data/Testing/meningioma/Te-me_0172.jpg,105937,meningioma,meningioma,1,0.999876,,7,0.000001,0.999876,0.000000,0.000122
data/Testing/meningioma/Te-me_0173.jpg,106284,meningioma,meningioma,1,0.999813,,7,0.000014,0.999813,0.000058,0.000116
data/Testing/meningioma/Te-me_0174.jpg,106442,meningioma,meningioma,1,0.999611,,7,0.000294,0.999611,0.000039,0.000056
data/Testing/meningioma/Te-me_0175.jpg,106534,meningioma,meningioma,1,0.994555,,7,0.001867,0.994555,0.000234,0.003344
data/Testing/meningioma/Te-me_0176.jpg,106665,meningioma,meningioma,1,0.999878,,7,0.000084,0.999878,0.000001,0.000038
data/Testing/meningioma/Te-me_0177.jpg,53669,meningioma,meningioma,1,0.999998,,7,0.000000,0.999998,0.000000,0.000002
data/Testing/meningioma/Te-me_0178.jpg,95969,meningioma,meningioma,1,0.956340,,7,0.041425,0.956340,0.001801,0.000434
data/Testing/meningioma/Te-me_0179.jpg,106720,meningioma,meningioma,1,0.999989,,7,0.000005,0.999989,0.000000,0.000005
data/Testing/meningioma/Te-me_0180.jpg,106914,meningioma,meningioma,1,0.999992,,7,0.000001,0.999992,0.000000,0.000007
data/Testing/meningioma/Te-me_0181.jpg,107248,meningioma,meningioma,1,0.999887,,7,0.000027,0.999887,0.000006,0.000081
data/Testing/meningioma/Te-me_0182.jpg,102929,meningioma,meningioma,1,0.999979,,7,0.000005,0.999979,0.000007,0.000008
data/Testing/meningioma/Te-me_0183.jpg,107494,meningioma,meningioma,1,0.999788,,7,0.000060,0.999788,0.000005,0.000147
data/Testing/meningioma/Te-me_0184.jpg,108514,meningioma,meningioma,1,0.999035,,7,0.000811,0.999035,0.000012,0.000141
data/Testing/meningioma/Te-me_0185.jpg,108514,meningioma,meningioma,1,0.998401,,7,0.000326,0.998401,0.000038,0.001235
data/Testing/meningioma/Te-me_0186.jpg,108590,meningioma,meningioma,1,0.999136,,7,0.000090,0.999136,0.000366,0.000407
data/Testing/meningioma/Te-me_0187.jpg,108945,meningioma,meningioma,1,0.999846,,7,0.000138,0.999846,0.000003,0.000013
data/Testing/meningioma/Te-me_0188.jpg,109968,meningioma,meningioma,1,0.999752,,7,0.000219,0.999752,0.000002,0.000026
data/Testing/meningioma/Te-me_0189.jpg,110116,meningioma,pituitary,0,0.904780,,7,0.000005,0.095149,0.000066,0.904780
data/Testing/meningioma/Te-me_0190.jpg,111077,meningioma,meningioma,1,0.999288,,7,0.000324,0.999288,0.000051,0.000337
data/Testing/meningioma/Te-me_0191.jpg,111077,meningioma,meningioma,1,0.992903,,7,0.001023,0.992903,0.000279,0.005795
data/Testing/meningioma/Te-me_0192.jpg,111366,meningioma,meningioma,1,0.999676,,7,0.000011,0.999676,0.000006,0.000307
data/Testing/meningioma/Te-me_0193.jpg,103673,meningioma,meningioma,1,0.994496,,7,0.000017,0.994496,0.000003,0.005484
data/Testing/meningioma/Te-me_0194.jpg,112002,meningioma,meningioma,1,0.974674,,7,0.024148,0.974674,0.000374,0.000804
data/Testing/meningioma/Te-me_0195.jpg,112062,meningioma,meningioma,1,0.999943,,7,0.000034,0.999943,0.000009,0.000014
data/Testing/meningioma/Te-me_0196.jpg,112252,meningioma,meningioma,1,0.999358,,7,0.000272,0.999358,0.000004,0.000365
data/Testing/meningioma/Te-me_0197.jpg,112552,meningioma,meningioma,1,0.999996,,7,0.000002,0.999996,0.000000,0.000002
data/Testing/meningioma/Te-me_0198.jpg,112552,meningioma,meningioma,1,0.999867,,7,0.000124,0.999867,0.000001,0.000008
data/Testing/meningioma/Te-me_0199.jpg,112648,meningioma,meningioma,1,0.999973,,7,0.000009,0.999973,0.000001,0.000017
data/Testing/meningioma/Te-me_0200.jpg,113435,meningioma,meningioma,1,0.999922,,7,0.000047,0.999922,0.000002,0.000029
data/Testing/meningioma/Te-me_0201.jpg,113435,meningioma,meningioma,1,0.999914,,7,0.000014,0.999914,0.000001,0.000071
data/Testing/meningioma/Te-me_0202.jpg,113554,meningioma,meningioma,1,0.999846,,7,0.000128,0.999846,0.000002,0.000024
data/Testing/meningioma/Te-me_0203.jpg,114018,meningioma,meningioma,1,0.999959,,7,0.000000,0.999959,0.000000,0.000041
data/Testing/meningioma/Te-me_0204.jpg,100360,meningioma,meningioma,1,0.999990,,7,0.000007,0.999990,0.000000,0.000003
data/Testing/meningioma/Te-me_0205.jpg,114359,meningioma,meningioma,1,0.999954,,7,0.000036,0.999954,0.000001,0.000009
data/Testing/meningioma/Te-me_0206.jpg,97607,meningioma,meningioma,1,0.999971,,7,0.000005,0.999971,0.000001,0.000023
data/Testing/meningioma/Te-me_0207.jpg,103673,meningioma,meningioma,1,0.939011,,7,0.000014,0.939011,0.000005,0.060970
data/Testing/meningioma/Te-me_0208.jpg,97737,meningioma,meningioma,1,0.999958,,7,0.000004,0.999958,0.000003,0.000035
data/Testing/meningioma/Te-me_0209.jpg,97875,meningioma,meningioma,1,0.999977,,7,0.000001,0.999977,0.000001,0.000021
data/Testing/meningioma/Te-me_0210.jpg,97943,meningioma,meningioma,1,0.999965,,7,0.000006,0.999965,0.000002,0.000027
data/Testing/meningioma/Te-me_0211.jpg,98241,meningioma,meningioma,1,0.999972,,7,0.000003,0.999972,0.000000,0.000024
data/Testing/meningioma/Te-me_0212.jpg,98241,meningioma,meningioma,1,0.999943,,7,0.000015,0.999943,0.000001,0.000041
data/Testing/meningioma/Te-me_0213.jpg,99017,meningioma,meningioma,1,0.998787,,7,0.000012,0.998787,0.000008,0.001193
data/Testing/meningioma/Te-me_0214.jpg,99089,meningioma,meningioma,1,0.999874,,7,0.000007,0.999874,0.000001,0.000118
data/Testing/meningioma/Te-me_0215.jpg,99308,meningioma,meningioma,1,0.999978,,7,0.000017,0.999978,0.000000,0.000006
data/Testing/meningioma/Te-me_0216.jpg,unmatched::data/Testing/meningioma/Te-me_0216.jpg,meningioma,meningioma,1,0.999998,,7,0.000002,0.999998,0.000000,0.000000
data/Testing/meningioma/Te-me_0217.jpg,100360,meningioma,meningioma,1,0.999979,,7,0.000002,0.999979,0.000000,0.000020
data/Testing/meningioma/Te-me_0218.jpg,104167,meningioma,meningioma,1,0.999948,,7,0.000019,0.999948,0.000005,0.000028
data/Testing/meningioma/Te-me_0219.jpg,100920,meningioma,meningioma,1,0.999991,,7,0.000000,0.999991,0.000000,0.000008
data/Testing/meningioma/Te-me_0220.jpg,101016,meningioma,meningioma,1,0.999984,,7,0.000015,0.999984,0.000000,0.000001
data/Testing/meningioma/Te-me_0221.jpg,101082,meningioma,meningioma,1,0.999963,,7,0.000017,0.999963,0.000001,0.000019
data/Testing/meningioma/Te-me_0222.jpg,101127,meningioma,meningioma,1,0.999941,,7,0.000017,0.999941,0.000001,0.000042
data/Testing/meningioma/Te-me_0223.jpg,101797,meningioma,meningioma,1,0.999989,,7,0.000006,0.999989,0.000000,0.000005
data/Testing/meningioma/Te-me_0224.jpg,unmatched::data/Testing/meningioma/Te-me_0224.jpg,meningioma,meningioma,1,0.999906,,7,0.000000,0.999906,0.000003,0.000091
data/Testing/meningioma/Te-me_0225.jpg,102420,meningioma,meningioma,1,0.999992,,7,0.000001,0.999992,0.000000,0.000008
data/Testing/meningioma/Te-me_0226.jpg,102675,meningioma,meningioma,1,0.895373,,7,0.104309,0.895373,0.000109,0.000209
data/Testing/meningioma/Te-me_0227.jpg,102714,meningioma,meningioma,1,0.999936,,7,0.000003,0.999936,0.000004,0.000058
data/Testing/meningioma/Te-me_0228.jpg,102818,meningioma,meningioma,1,0.999997,,7,0.000000,0.999997,0.000000,0.000003
data/Testing/meningioma/Te-me_0229.jpg,104281,meningioma,meningioma,1,0.999854,,7,0.000014,0.999854,0.000104,0.000027
data/Testing/meningioma/Te-me_0230.jpg,102960,meningioma,meningioma,1,0.999705,,7,0.000122,0.999705,0.000010,0.000163
data/Testing/meningioma/Te-me_0231.jpg,103673,meningioma,meningioma,1,0.999788,,7,0.000007,0.999788,0.000001,0.000204
data/Testing/meningioma/Te-me_0232.jpg,104281,meningioma,meningioma,1,0.999888,,7,0.000010,0.999888,0.000091,0.000011
data/Testing/meningioma/Te-me_0233.jpg,103925,meningioma,meningioma,1,0.999598,,7,0.000074,0.999598,0.000002,0.000325
data/Testing/meningioma/Te-me_0234.jpg,104167,meningioma,meningioma,1,0.999719,,7,0.000276,0.999719,0.000001,0.000005
data/Testing/meningioma/Te-me_0235.jpg,104281,meningioma,meningioma,1,0.999907,,7,0.000042,0.999907,0.000003,0.000049
data/Testing/meningioma/Te-me_0236.jpg,104695,meningioma,meningioma,1,0.999405,,7,0.000588,0.999405,0.000003,0.000004
data/Testing/meningioma/Te-me_0237.jpg,105555,meningioma,meningioma,1,0.998809,,7,0.000421,0.998809,0.000002,0.000769
data/Testing/meningioma/Te-me_0238.jpg,105937,meningioma,meningioma,1,0.999820,,7,0.000001,0.999820,0.000000,0.000178
data/Testing/meningioma/Te-me_0239.jpg,106284,meningioma,meningioma,1,0.999701,,7,0.000003,0.999701,0.000012,0.000284
data/Testing/meningioma/Te-me_0240.jpg,106442,meningioma,meningioma,1,0.999978,,7,0.000003,0.999978,0.000001,0.000018
data/Testing/meningioma/Te-me_0241.jpg,106592,meningioma,meningioma,1,0.999904,,7,0.000020,0.999904,0.000004,0.000072
data/Testing/meningioma/Te-me_0242.jpg,106665,meningioma,meningioma,1,0.999994,,7,0.000002,0.999994,0.000000,0.000004
data/Testing/meningioma/Te-me_0243.jpg,104281,meningioma,meningioma,1,0.999879,,7,0.000064,0.999879,0.000024,0.000033
data/Testing/meningioma/Te-me_0244.jpg,106914,meningioma,meningioma,1,0.999956,,7,0.000004,0.999956,0.000006,0.000033
data/Testing/meningioma/Te-me_0245.jpg,106914,meningioma,meningioma,1,0.999995,,7,0.000002,0.999995,0.000000,0.000002
data/Testing/meningioma/Te-me_0246.jpg,107190,meningioma,meningioma,1,0.999765,,7,0.000028,0.999765,0.000001,0.000205
data/Testing/meningioma/Te-me_0247.jpg,107248,meningioma,meningioma,1,0.999333,,7,0.000028,0.999333,0.000007,0.000631
data/Testing/meningioma/Te-me_0248.jpg,107494,meningioma,meningioma,1,0.999964,,7,0.000000,0.999964,0.000000,0.000036
data/Testing/meningioma/Te-me_0249.jpg,unmatched::data/Testing/meningioma/Te-me_0249.jpg,meningioma,meningioma,1,0.999990,,7,0.000001,0.999990,0.000000,0.000009
data/Testing/meningioma/Te-me_0250.jpg,108514,meningioma,meningioma,1,0.997280,,7,0.001369,0.997280,0.000068,0.001284
data/Testing/meningioma/Te-me_0251.jpg,108550,meningioma,meningioma,1,0.999484,,7,0.000000,0.999484,0.000000,0.000516
data/Testing/meningioma/Te-me_0252.jpg,108590,meningioma,meningioma,1,0.999907,,7,0.000020,0.999907,0.000007,0.000066
data/Testing/meningioma/Te-me_0253.jpg,108945,meningioma,meningioma,1,0.999866,,7,0.000125,0.999866,0.000004,0.000006
data/Testing/meningioma/Te-me_0254.jpg,unmatched::data/Testing/meningioma/Te-me_0254.jpg,meningioma,meningioma,1,0.999501,,7,0.000316,0.999501,0.000028,0.000155
data/Testing/meningioma/Te-me_0255.jpg,109968,meningioma,meningioma,1,0.999973,,7,0.000001,0.999973,0.000000,0.000026
data/Testing/meningioma/Te-me_0256.jpg,111077,meningioma,meningioma,1,0.999995,,7,0.000002,0.999995,0.000000,0.000003
data/Testing/meningioma/Te-me_0257.jpg,111366,meningioma,meningioma,1,0.999993,,7,0.000000,0.999993,0.000000,0.000007
data/Testing/meningioma/Te-me_0258.jpg,111532,meningioma,meningioma,1,0.999913,,7,0.000071,0.999913,0.000002,0.000014
data/Testing/meningioma/Te-me_0259.jpg,112002,meningioma,meningioma,1,0.999838,,7,0.000068,0.999838,0.000002,0.000092
data/Testing/meningioma/Te-me_0260.jpg,112002,meningioma,meningioma,1,0.997680,,7,0.000675,0.997680,0.000007,0.001638
data/Testing/meningioma/Te-me_0261.jpg,112062,meningioma,meningioma,1,0.999966,,7,0.000017,0.999966,0.000003,0.000014
data/Testing/meningioma/Te-me_0262.jpg,112552,meningioma,meningioma,1,0.999967,,7,0.000025,0.999967,0.000000,0.000008
data/Testing/meningioma/Te-me_0263.jpg,112552,meningioma,meningioma,1,0.999997,,7,0.000001,0.999997,0.000000,0.000002
data/Testing/meningioma/Te-me_0264.jpg,112648,meningioma,meningioma,1,0.999972,,7,0.000002,0.999972,0.000002,0.000023
data/Testing/meningioma/Te-me_0265.jpg,106284,meningioma,meningioma,1,0.999645,,7,0.000269,0.999645,0.000013,0.000073
data/Testing/meningioma/Te-me_0266.jpg,113098,meningioma,meningioma,1,0.999946,,7,0.000045,0.999946,0.000000,0.000009
data/Testing/meningioma/Te-me_0267.jpg,113435,meningioma,meningioma,1,0.999974,,7,0.000002,0.999974,0.000000,0.000023
data/Testing/meningioma/Te-me_0268.jpg,113435,meningioma,meningioma,1,0.999993,,7,0.000003,0.999993,0.000000,0.000004
data/Testing/meningioma/Te-me_0269.jpg,113554,meningioma,meningioma,1,0.998403,,7,0.000395,0.998403,0.000214,0.000988
data/Testing/meningioma/Te-me_0270.jpg,113614,meningioma,meningioma,1,0.990432,,7,0.009419,0.990432,0.000046,0.000103
data/Testing/meningioma/Te-me_0271.jpg,113971,meningioma,meningioma,1,0.999889,,7,0.000001,0.999889,0.000001,0.000109
data/Testing/meningioma/Te-me_0272.jpg,114018,meningioma,meningioma,1,0.999956,,7,0.000000,0.999956,0.000001,0.000042
data/Testing/meningioma/Te-me_0273.jpg,114359,meningioma,meningioma,1,0.999976,,7,0.000024,0.999976,0.000000,0.000001
data/Testing/meningioma/Te-me_0274.jpg,114359,meningioma,meningioma,1,0.999984,,7,0.000015,0.999984,0.000000,0.000001
data/Testing/meningioma/Te-me_0275.jpg,114417,meningioma,meningioma,1,0.999978,,7,0.000019,0.999978,0.000000,0.000002
data/Testing/meningioma/Te-me_0276.jpg,106284,meningioma,meningioma,1,0.999786,,7,0.000078,0.999786,0.000006,0.000130
data/Testing/meningioma/Te-me_0277.jpg,unmatched::data/Testing/meningioma/Te-me_0277.jpg,meningioma,meningioma,1,0.999999,,7,0.000000,0.999999,0.000000,0.000001
data/Testing/meningioma/Te-me_0278.jpg,97607,meningioma,meningioma,1,0.999942,,7,0.000026,0.999942,0.000011,0.000021
data/Testing/meningioma/Te-me_0279.jpg,97737,meningioma,meningioma,1,0.999946,,7,0.000028,0.999946,0.000000,0.000025
data/Testing/meningioma/Te-me_0280.jpg,97875,meningioma,meningioma,1,0.999824,,7,0.000025,0.999824,0.000000,0.000151
data/Testing/meningioma/Te-me_0281.jpg,97943,meningioma,meningioma,1,0.999983,,7,0.000013,0.999983,0.000001,0.000003
data/Testing/meningioma/Te-me_0282.jpg,98241,meningioma,meningioma,1,1.000000,,7,0.000000,1.000000,0.000000,0.000000
data/Testing/meningioma/Te-me_0283.jpg,98241,meningioma,meningioma,1,0.999956,,7,0.000014,0.999956,0.000000,0.000029
data/Testing/meningioma/Te-me_0284.jpg,99089,meningioma,meningioma,1,0.999992,,7,0.000000,0.999992,0.000000,0.000007
data/Testing/meningioma/Te-me_0285.jpg,99089,meningioma,meningioma,1,0.999499,,7,0.000476,0.999499,0.000007,0.000018
data/Testing/meningioma/Te-me_0286.jpg,99288,meningioma,meningioma,1,0.999282,,7,0.000515,0.999282,0.000003,0.000199
data/Testing/meningioma/Te-me_0287.jpg,100572,meningioma,meningioma,1,0.999908,,7,0.000023,0.999908,0.000001,0.000068
data/Testing/meningioma/Te-me_0288.jpg,99308,meningioma,meningioma,1,0.997075,,7,0.001935,0.997075,0.000021,0.000968
data/Testing/meningioma/Te-me_0289.jpg,99815,meningioma,meningioma,1,0.999996,,7,0.000002,0.999996,0.000000,0.000002
data/Testing/meningioma/Te-me_0290.jpg,106534,meningioma,meningioma,1,0.999910,,7,0.000043,0.999910,0.000005,0.000041
data/Testing/meningioma/Te-me_0291.jpg,106665,meningioma,meningioma,1,0.999892,,7,0.000091,0.999892,0.000001,0.000016
data/Testing/meningioma/Te-me_0292.jpg,100572,meningioma,meningioma,1,0.999060,,7,0.000056,0.999060,0.000003,0.000881
data/Testing/meningioma/Te-me_0293.jpg,106720,meningioma,meningioma,1,0.999946,,7,0.000000,0.999946,0.000001,0.000052
data/Testing/meningioma/Te-me_0294.jpg,106914,meningioma,meningioma,1,0.999830,,7,0.000126,0.999830,0.000002,0.000042
data/Testing/meningioma/Te-me_0295.jpg,106914,meningioma,meningioma,1,0.999985,,7,0.000009,0.999985,0.000001,0.000005
data/Testing/meningioma/Te-me_0296.jpg,107248,meningioma,meningioma,1,0.999624,,7,0.000046,0.999624,0.000215,0.000115
data/Testing/meningioma/Te-me_0297.jpg,107248,meningioma,meningioma,1,0.999390,,7,0.000090,0.999390,0.000091,0.000429
data/Testing/meningioma/Te-me_0298.jpg,113554,meningioma,meningioma,1,0.999958,,7,0.000006,0.999958,0.000011,0.000025
data/Testing/meningioma/Te-me_0299.jpg,114018,meningioma,meningioma,1,0.999963,,7,0.000001,0.999963,0.000000,0.000036
data/Testing/meningioma/Te-me_0300.jpg,101127,meningioma,meningioma,1,0.999167,,7,0.000447,0.999167,0.000173,0.000213
data/Testing/meningioma/Te-me_0301.jpg,114359,meningioma,meningioma,1,0.999989,,7,0.000010,0.999989,0.000000,0.000001
data/Testing/meningioma/Te-me_0302.jpg,97607,meningioma,meningioma,1,0.999997,,7,0.000002,0.999997,0.000000,0.000001
data/Testing/meningioma/Te-me_0303.jpg,unmatched::data/Testing/meningioma/Te-me_0303.jpg,meningioma,meningioma,1,0.999997,,7,0.000001,0.999997,0.000000,0.000002
data/Testing/meningioma/Te-me_0304.jpg,97875,meningioma,meningioma,1,0.999488,,7,0.000200,0.999488,0.000079,0.000233
data/Testing/meningioma/Te-me_0305.jpg,97943,meningioma,meningioma,1,0.999982,,7,0.000016,0.999982,0.000000,0.000001
data/Testing/notumor/Te-noTr_0000.jpg,nt37,notumor,notumor,1,0.989560,,7,0.006233,0.004065,0.989560,0.000142
data/Testing/notumor/Te-noTr_0001.jpg,nt47,notumor,notumor,1,0.999897,,7,0.000010,0.000075,0.999897,0.000018
data/Testing/notumor/Te-noTr_0002.jpg,nt211,notumor,notumor,1,0.999879,,7,0.000001,0.000120,0.999879,0.000000
data/Testing/notumor/Te-noTr_0003.jpg,nt267,notumor,notumor,1,0.998854,,7,0.000346,0.000779,0.998854,0.000022
data/Testing/notumor/Te-noTr_0004.jpg,nt213,notumor,notumor,1,0.999937,,7,0.000001,0.000040,0.999937,0.000022
data/Testing/notumor/Te-noTr_0005.jpg,nt215,notumor,notumor,1,0.998578,,7,0.000056,0.001027,0.998578,0.000339
data/Testing/notumor/Te-noTr_0006.jpg,nt217,notumor,glioma,0,0.692028,,7,0.692028,0.000036,0.307274,0.000662
data/Testing/notumor/Te-noTr_0007.jpg,nt48,notumor,notumor,1,0.998460,,7,0.000011,0.001513,0.998460,0.000017
data/Testing/notumor/Te-noTr_0008.jpg,nt49,notumor,notumor,1,0.999480,,7,0.000038,0.000416,0.999480,0.000066
data/Testing/notumor/Te-noTr_0009.jpg,nt50,notumor,notumor,1,0.999623,,7,0.000008,0.000161,0.999623,0.000209
data/Testing/notumor/Te-no_0010.jpg,nt51,notumor,notumor,1,0.997103,,7,0.000006,0.001422,0.997103,0.001470
data/Testing/notumor/Te-no_0011.jpg,nt52,notumor,notumor,1,0.987665,,7,0.001510,0.010687,0.987665,0.000139
data/Testing/notumor/Te-no_0012.jpg,nt53,notumor,notumor,1,0.998148,,7,0.000383,0.001319,0.998148,0.000150
data/Testing/notumor/Te-no_0013.jpg,nt54,notumor,meningioma,0,0.897440,,7,0.008212,0.897440,0.089347,0.005000
data/Testing/notumor/Te-no_0014.jpg,nt55,notumor,notumor,1,0.999982,,7,0.000000,0.000001,0.999982,0.000017
data/Testing/notumor/Te-no_0015.jpg,nt57,notumor,notumor,1,0.999894,,7,0.000024,0.000027,0.999894,0.000055
data/Testing/notumor/Te-no_0016.jpg,nt38,notumor,notumor,1,0.999997,,7,0.000001,0.000000,0.999997,0.000001
data/Testing/notumor/Te-no_0017.jpg,nt58,notumor,notumor,1,0.998947,,7,0.000016,0.000250,0.998947,0.000787
data/Testing/notumor/Te-no_0018.jpg,nt59,notumor,notumor,1,0.999970,,7,0.000012,0.000016,0.999970,0.000002
data/Testing/notumor/Te-no_0019.jpg,nt60,notumor,notumor,1,0.999949,,7,0.000023,0.000024,0.999949,0.000004
data/Testing/notumor/Te-no_0020.jpg,nt61,notumor,notumor,1,0.990783,,7,0.002991,0.006223,0.990783,0.000003
data/Testing/notumor/Te-no_0021.jpg,nt275,notumor,notumor,1,0.999977,,7,0.000010,0.000012,0.999977,0.000000
data/Testing/notumor/Te-no_0022.jpg,nt65,notumor,notumor,1,0.999621,,7,0.000005,0.000349,0.999621,0.000025
data/Testing/notumor/Te-no_0023.jpg,nt156,notumor,notumor,1,0.999793,,7,0.000010,0.000196,0.999793,0.000002
data/Testing/notumor/Te-no_0024.jpg,nt241,notumor,notumor,1,0.540495,,7,0.000010,0.018753,0.540495,0.440742
data/Testing/notumor/Te-no_0025.jpg,nt272,notumor,notumor,1,0.999947,,7,0.000000,0.000053,0.999947,0.000000
data/Testing/notumor/Te-no_0026.jpg,nt172,notumor,notumor,1,0.999960,,7,0.000022,0.000017,0.999960,0.000000
data/Testing/notumor/Te-no_0027.jpg,nt39,notumor,notumor,1,0.999922,,7,0.000000,0.000060,0.999922,0.000018
data/Testing/notumor/Te-no_0028.jpg,nt280,notumor,notumor,1,0.998965,,7,0.000746,0.000141,0.998965,0.000148
data/Testing/notumor/Te-no_0029.jpg,nt274,notumor,notumor,1,0.999281,,7,0.000067,0.000625,0.999281,0.000027
data/Testing/notumor/Te-no_0030.jpg,nt271,notumor,notumor,1,0.999789,,7,0.000001,0.000201,0.999789,0.000009
data/Testing/notumor/Te-no_0031.jpg,nt47,notumor,notumor,1,0.999897,,7,0.000010,0.000075,0.999897,0.000018
data/Testing/notumor/Te-no_0032.jpg,nt300,notumor,notumor,1,0.999988,,7,0.000004,0.000002,0.999988,0.000006
data/Testing/notumor/Te-no_0033.jpg,nt66,notumor,notumor,1,0.999777,,7,0.000060,0.000161,0.999777,0.000002
data/Testing/notumor/Te-no_0034.jpg,nt51,notumor,notumor,1,0.996844,,7,0.000010,0.001985,0.996844,0.001161
data/Testing/notumor/Te-no_0035.jpg,nt81,notumor,notumor,1,0.999757,,7,0.000034,0.000169,0.999757,0.000040
data/Testing/notumor/Te-no_0036.jpg,nt92,notumor,notumor,1,0.997967,,7,0.000024,0.001779,0.997967,0.000229
data/Testing/notumor/Te-no_0037.jpg,nt42,notumor,notumor,1,0.999969,,7,0.000019,0.000011,0.999969,0.000000
data/Testing/notumor/Te-no_0038.jpg,nt40,notumor,notumor,1,0.999406,,7,0.000011,0.000535,0.999406,0.000049
data/Testing/notumor/Te-no_0039.jpg,nt111,notumor,notumor,1,0.999833,,7,0.000000,0.000022,0.999833,0.000144
data/Testing/notumor/Te-no_0040.jpg,nt118,notumor,notumor,1,0.999077,,7,0.000387,0.000520,0.999077,0.000016
data/Testing/notumor/Te-no_0041.jpg,nt126,notumor,notumor,1,0.999963,,7,0.000022,0.000011,0.999963,0.000004
data/Testing/notumor/Te-no_0042.jpg,nt136,notumor,notumor,1,0.998098,,7,0.000007,0.001237,0.998098,0.000658
data/Testing/notumor/Te-no_0043.jpg,nt145,notumor,notumor,1,0.999823,,7,0.000019,0.000108,0.999823,0.000050
data/Testing/notumor/Te-no_0044.jpg,nt53,notumor,notumor,1,0.998148,,7,0.000383,0.001319,0.998148,0.000150
data/Testing/notumor/Te-no_0045.jpg,nt162,notumor,notumor,1,0.999981,,7,0.000002,0.000001,0.999981,0.000016
data/Testing/notumor/Te-no_0046.jpg,nt172,notumor,notumor,1,0.999975,,7,0.000015,0.000009,0.999975,0.000000
data/Testing/notumor/Te-no_0047.jpg,nt126,notumor,notumor,1,0.999946,,7,0.000035,0.000014,0.999946,0.000005
data/Testing/notumor/Te-no_0048.jpg,nt52,notumor,notumor,1,0.987665,,7,0.001510,0.010687,0.987665,0.000139
data/Testing/notumor/Te-no_0049.jpg,nt41,notumor,notumor,1,0.999999,,7,0.000000,0.000000,0.999999,0.000000
data/Testing/notumor/Te-no_0050.jpg,nt162,notumor,notumor,1,0.999981,,7,0.000002,0.000001,0.999981,0.000016
data/Testing/notumor/Te-no_0051.jpg,nt204,notumor,notumor,1,0.998167,,7,0.000004,0.000704,0.998167,0.001125
data/Testing/notumor/Te-no_0052.jpg,nt118,notumor,notumor,1,0.999077,,7,0.000387,0.000520,0.999077,0.000016
data/Testing/notumor/Te-no_0053.jpg,nt52,notumor,notumor,1,0.987665,,7,0.001510,0.010687,0.987665,0.000139
data/Testing/notumor/Te-no_0054.jpg,nt162,notumor,notumor,1,0.999981,,7,0.000002,0.000001,0.999981,0.000016
data/Testing/notumor/Te-no_0055.jpg,nt53,notumor,notumor,1,0.998148,,7,0.000383,0.001319,0.998148,0.000150
data/Testing/notumor/Te-no_0056.jpg,nt250,notumor,notumor,1,0.952348,,7,0.003566,0.041853,0.952348,0.002233
data/Testing/notumor/Te-no_0057.jpg,nt261,notumor,notumor,1,0.995186,,7,0.000012,0.002520,0.995186,0.002283
data/Testing/notumor/Te-no_0058.jpg,nt269,notumor,notumor,1,0.995681,,7,0.000838,0.003427,0.995681,0.000054
data/Testing/notumor/Te-no_0059.jpg,nt270,notumor,notumor,1,0.997897,,7,0.000004,0.001329,0.997897,0.000770
data/Testing/notumor/Te-no_0060.jpg,nt42,notumor,notumor,1,0.999978,,7,0.000015,0.000007,0.999978,0.000000
data/Testing/notumor/Te-no_0061.jpg,nt53,notumor,notumor,1,0.998148,,7,0.000383,0.001319,0.998148,0.000150
data/Testing/notumor/Te-no_0062.jpg,nt60,notumor,notumor,1,0.999949,,7,0.000023,0.000024,0.999949,0.000004
data/Testing/notumor/Te-no_0063.jpg,nt261,notumor,notumor,1,0.994526,,7,0.000016,0.003040,0.994526,0.002418
data/Testing/notumor/Te-no_0064.jpg,nt172,notumor,notumor,1,0.999988,,7,0.000007,0.000004,0.999988,0.000000
data/Testing/notumor/Te-no_0065.jpg,nt271,notumor,notumor,1,0.999789,,7,0.000001,0.000201,0.999789,0.000009
data/Testing/notumor/Te-no_0066.jpg,nt273,notumor,notumor,1,0.999486,,7,0.000045,0.000433,0.999486,0.000036
data/Testing/notumor/Te-no_0067.jpg,nt47,notumor,notumor,1,0.999897,,7,0.000010,0.000075,0.999897,0.000018
data/Testing/notumor/Te-no_0068.jpg,nt52,notumor,notumor,1,0.987665,,7,0.001510,0.010687,0.987665,0.000139
data/Testing/notumor/Te-no_0069.jpg,nt274,notumor,notumor,1,0.999281,,7,0.000067,0.000625,0.999281,0.000027
data/Testing/notumor/Te-no_0070.jpg,nt59,notumor,notumor,1,0.999970,,7,0.000012,0.000016,0.999970,0.000002
data/Testing/notumor/Te-no_0071.jpg,nt43,notumor,notumor,1,0.998700,,7,0.000868,0.000169,0.998700,0.000263
data/Testing/notumor/Te-no_0072.jpg,nt275,notumor,notumor,1,0.999977,,7,0.000010,0.000012,0.999977,0.000000
data/Testing/notumor/Te-no_0073.jpg,nt60,notumor,notumor,1,0.999949,,7,0.000023,0.000024,0.999949,0.000004
data/Testing/notumor/Te-no_0074.jpg,nt58,notumor,notumor,1,0.998094,,7,0.000017,0.000264,0.998094,0.001625
data/Testing/notumor/Te-no_0075.jpg,nt65,notumor,notumor,1,0.999621,,7,0.000005,0.000349,0.999621,0.000025
data/Testing/notumor/Te-no_0076.jpg,nt276,notumor,notumor,1,0.999778,,7,0.000010,0.000209,0.999778,0.000003
data/Testing/notumor/Te-no_0077.jpg,nt126,notumor,notumor,1,0.999946,,7,0.000035,0.000014,0.999946,0.000005
data/Testing/notumor/Te-no_0078.jpg,nt273,notumor,notumor,1,0.999595,,7,0.000032,0.000343,0.999595,0.000030
data/Testing/notumor/Te-no_0079.jpg,nt277,notumor,notumor,1,0.638763,,7,0.000010,0.025129,0.638763,0.336099
data/Testing/notumor/Te-no_0080.jpg,nt128,notumor,notumor,1,0.999972,,7,0.000000,0.000000,0.999972,0.000028
data/Testing/notumor/Te-no_0081.jpg,nt81,notumor,notumor,1,0.999757,,7,0.000034,0.000169,0.999757,0.000040
data/Testing/notumor/Te-no_0082.jpg,nt44,notumor,notumor,1,0.999853,,7,0.000114,0.000024,0.999853,0.000009
data/Testing/notumor/Te-no_0083.jpg,nt46,notumor,notumor,1,0.999992,,7,0.000004,0.000000,0.999992,0.000004
data/Testing/notumor/Te-no_0084.jpg,nt47,notumor,notumor,1,0.999897,,7,0.000010,0.000075,0.999897,0.000018
data/Testing/notumor/Te-no_0085.jpg,nt278,notumor,notumor,1,0.999573,,7,0.000000,0.000046,0.999573,0.000381
data/Testing/notumor/Te-no_0086.jpg,nt279,notumor,notumor,1,0.932219,,7,0.004277,0.019178,0.932219,0.044326
data/Testing/notumor/Te-no_0087.jpg,nt52,notumor,notumor,1,0.987665,,7,0.001510,0.010687,0.987665,0.000139
data/Testing/notumor/Te-no_0088.jpg,nt48,notumor,notumor,1,0.998460,,7,0.000011,0.001513,0.998460,0.000017
data/Testing/notumor/Te-no_0089.jpg,nt281,notumor,notumor,1,0.998011,,7,0.000012,0.000045,0.998011,0.001933
data/Testing/notumor/Te-no_0090.jpg,nt282,notumor,notumor,1,0.724848,,7,0.001295,0.197378,0.724848,0.076479
data/Testing/notumor/Te-no_0091.jpg,nt283,notumor,notumor,1,0.999837,,7,0.000000,0.000163,0.999837,0.000000
data/Testing/notumor/Te-no_0092.jpg,nt284,notumor,notumor,1,0.946266,,7,0.000523,0.041990,0.946266,0.011221
data/Testing/notumor/Te-no_0093.jpg,nt46,notumor,notumor,1,0.999992,,7,0.000004,0.000000,0.999992,0.000004
data/Testing/notumor/Te-no_0094.jpg,nt285,notumor,notumor,1,0.942610,,7,0.000011,0.049682,0.942610,0.007696
data/Testing/notumor/Te-no_0095.jpg,nt286,notumor,notumor,1,0.999549,,7,0.000412,0.000034,0.999549,0.000005
data/Testing/notumor/Te-no_0096.jpg,nt287,notumor,notumor,1,0.996604,,7,0.001091,0.002022,0.996604,0.000283
data/Testing/notumor/Te-no_0097.jpg,nt288,notumor,notumor,1,0.998662,,7,0.000086,0.001222,0.998662,0.000030
data/Testing/notumor/Te-no_0098.jpg,nt289,notumor,notumor,1,0.997690,,7,0.000157,0.002116,0.997690,0.000037
data/Testing/notumor/Te-no_0099.jpg,nt290,notumor,notumor,1,0.999627,,7,0.000046,0.000324,0.999627,0.000003
data/Testing/notumor/Te-no_0100.jpg,nt62,notumor,notumor,1,0.999856,,7,0.000058,0.000079,0.999856,0.000007
data/Testing/notumor/Te-no_0101.jpg,nt207,notumor,notumor,1,0.999249,,7,0.000037,0.000007,0.999249,0.000707
data/Testing/notumor/Te-no_0102.jpg,nt209,notumor,notumor,1,1.000000,,7,0.000000,0.000000,1.000000,0.000000
data/Testing/notumor/Te-no_0103.jpg,nt266,notumor,notumor,1,0.999998,,7,0.000000,0.000000,0.999998,0.000002
data/Testing/notumor/Te-no_0104.jpg,nt36,notumor,glioma,0,0.952518,,7,0.952518,0.013879,0.019191,0.014412
data/Testing/notumor/Te-no_0105.jpg,nt1026,notumor,notumor,1,0.986615,,7,0.000280,0.013058,0.986615,0.000047
data/Testing/notumor/Te-no_0106.jpg,nt1027,notumor,notumor,1,0.999998,,7,0.000001,0.000000,0.999998,0.000001
data/Testing/notumor/Te-no_0107.jpg,nt934,notumor,notumor,1,0.999983,,7,0.000016,0.000000,0.999983,0.000001
data/Testing/notumor/Te-no_0108.jpg,nt1028,notumor,notumor,1,1.000000,,7,0.000000,0.000000,1.000000,0.000000
data/Testing/notumor/Te-no_0109.jpg,nt936,notumor,notumor,1,0.999996,,7,0.000000,0.000000,0.999996,0.000004
data/Testing/notumor/Te-no_0110.jpg,nt441,notumor,notumor,1,0.999933,,7,0.000000,0.000007,0.999933,0.000060
data/Testing/notumor/Te-no_0111.jpg,nt937,notumor,notumor,1,0.999822,,7,0.000027,0.000148,0.999822,0.000004
data/Testing/notumor/Te-no_0112.jpg,nt1029,notumor,notumor,1,0.999998,,7,0.000001,0.000001,0.999998,0.000000
data/Testing/notumor/Te-no_0113.jpg,nt941,notumor,notumor,1,0.999983,,7,0.000000,0.000006,0.999983,0.000011
data/Testing/notumor/Te-no_0114.jpg,nt942,notumor,notumor,1,1.000000,,7,0.000000,0.000000,1.000000,0.000000
data/Testing/notumor/Te-no_0115.jpg,nt943,notumor,notumor,1,0.998685,,7,0.000001,0.000155,0.998685,0.001159
data/Testing/notumor/Te-no_0116.jpg,nt944,notumor,notumor,1,0.999925,,7,0.000007,0.000059,0.999925,0.000009
data/Testing/notumor/Te-no_0117.jpg,nt946,notumor,notumor,1,0.999988,,7,0.000002,0.000008,0.999988,0.000001
data/Testing/notumor/Te-no_0118.jpg,nt949,notumor,notumor,1,0.997596,,7,0.000001,0.001011,0.997596,0.001392
data/Testing/notumor/Te-no_0119.jpg,nt1030,notumor,notumor,1,0.999985,,7,0.000005,0.000009,0.999985,0.000002
data/Testing/notumor/Te-no_0120.jpg,nt951,notumor,notumor,1,0.999906,,7,0.000087,0.000000,0.999906,0.000007
data/Testing/notumor/Te-no_0121.jpg,nt1013,notumor,notumor,1,0.999993,,7,0.000005,0.000001,0.999993,0.000001
data/Testing/notumor/Te-no_0122.jpg,nt1014,notumor,notumor,1,0.999976,,7,0.000002,0.000022,0.999976,0.000001
data/Testing/notumor/Te-no_0123.jpg,nt953,notumor,notumor,1,0.999946,,7,0.000001,0.000032,0.999946,0.000021
data/Testing/notumor/Te-no_0124.jpg,nt955,notumor,notumor,1,0.999974,,7,0.000022,0.000001,0.999974,0.000002
data/Testing/notumor/Te-no_0125.jpg,nt1031,notumor,notumor,1,0.999964,,7,0.000007,0.000009,0.999964,0.000021
data/Testing/notumor/Te-no_0126.jpg,nt957,notumor,notumor,1,0.999882,,7,0.000004,0.000009,0.999882,0.000105
data/Testing/notumor/Te-no_0127.jpg,nt822,notumor,notumor,1,0.999991,,7,0.000000,0.000002,0.999991,0.000007
data/Testing/notumor/Te-no_0128.jpg,nt1032,notumor,notumor,1,1.000000,,7,0.000000,0.000000,1.000000,0.000000
data/Testing/notumor/Te-no_0129.jpg,nt1033,notumor,notumor,1,0.999055,,7,0.000027,0.000316,0.999055,0.000602
data/Testing/notumor/Te-no_0130.jpg,nt1034,notumor,notumor,1,0.999999,,7,0.000000,0.000000,0.999999,0.000001
data/Testing/notumor/Te-no_0131.jpg,nt824,notumor,notumor,1,0.999963,,7,0.000035,0.000001,0.999963,0.000002
data/Testing/notumor/Te-no_0132.jpg,nt962,notumor,notumor,1,1.000000,,7,0.000000,0.000000,1.000000,0.000000
data/Testing/notumor/Te-no_0133.jpg,nt1035,notumor,notumor,1,0.999807,,7,0.000003,0.000167,0.999807,0.000023
data/Testing/notumor/Te-no_0134.jpg,nt445,notumor,notumor,1,0.999996,,7,0.000001,0.000001,0.999996,0.000002
data/Testing/notumor/Te-no_0135.jpg,nt852,notumor,notumor,1,0.999977,,7,0.000005,0.000010,0.999977,0.000008
data/Testing/notumor/Te-no_0136.jpg,nt1036,notumor,notumor,1,0.999331,,7,0.000004,0.000649,0.999331,0.000016
data/Testing/notumor/Te-no_0137.jpg,nt968,notumor,notumor,1,0.999987,,7,0.000004,0.000000,0.999987,0.000009
data/Testing/notumor/Te-no_0138.jpg,nt969,notumor,notumor,1,0.999970,,7,0.000000,0.000028,0.999970,0.000002
data/Testing/notumor/Te-no_0139.jpg,nt446,notumor,notumor,1,0.999999,,7,0.000000,0.000001,0.999999,0.000000
data/Testing/notumor/Te-no_0140.jpg,nt970,notumor,notumor,1,0.999995,,7,0.000000,0.000000,0.999995,0.000005
data/Testing/notumor/Te-no_0141.jpg,nt867,notumor,notumor,1,0.999739,,7,0.000019,0.000193,0.999739,0.000049
data/Testing/notumor/Te-no_0142.jpg,nt868,notumor,notumor,1,0.999899,,7,0.000002,0.000017,0.999899,0.000082
data/Testing/notumor/Te-no_0143.jpg,nt526,notumor,notumor,1,0.999987,,7,0.000000,0.000000,0.999987,0.000013
data/Testing/notumor/Te-no_0144.jpg,nt592,notumor,notumor,1,1.000000,,7,0.000000,0.000000,1.000000,0.000000
data/Testing/notumor/Te-no_0145.jpg,nt513,notumor,notumor,1,0.999812,,7,0.000002,0.000001,0.999812,0.000185
data/Testing/notumor/Te-no_0146.jpg,nt518,notumor,notumor,1,0.999880,,7,0.000013,0.000087,0.999880,0.000020
data/Testing/notumor/Te-no_0147.jpg,nt885,notumor,notumor,1,0.999934,,7,0.000003,0.000017,0.999934,0.000046
data/Testing/notumor/Te-no_0148.jpg,nt886,notumor,notumor,1,0.999778,,7,0.000003,0.000208,0.999778,0.000011
data/Testing/notumor/Te-no_0149.jpg,nt1037,notumor,notumor,1,0.999897,,7,0.000002,0.000095,0.999897,0.000006
data/Testing/notumor/Te-no_0150.jpg,nt1038,notumor,notumor,1,0.965888,,7,0.000040,0.033768,0.965888,0.000304
data/Testing/notumor/Te-no_0151.jpg,nt517,notumor,notumor,1,0.999999,,7,0.000000,0.000000,0.999999,0.000001
data/Testing/notumor/Te-no_0152.jpg,nt894,notumor,notumor,1,0.999989,,7,0.000000,0.000001,0.999989,0.000010
data/Testing/notumor/Te-no_0153.jpg,nt901,notumor,notumor,1,0.999681,,7,0.000011,0.000291,0.999681,0.000017
data/Testing/notumor/Te-no_0154.jpg,nt449,notumor,notumor,1,0.999937,,7,0.000002,0.000047,0.999937,0.000014
data/Testing/notumor/Te-no_0155.jpg,nt1039,notumor,notumor,1,0.999453,,7,0.000008,0.000458,0.999453,0.000081
data/Testing/notumor/Te-no_0156.jpg,nt907,notumor,notumor,1,0.999971,,7,0.000000,0.000011,0.999971,0.000019
data/Testing/notumor/Te-no_0157.jpg,nt1040,notumor,notumor,1,0.999616,,7,0.000000,0.000036,0.999616,0.000348
data/Testing/notumor/Te-no_0158.jpg,nt1041,notumor,notumor,1,0.999962,,7,0.000001,0.000021,0.999962,0.000016
data/Testing/notumor/Te-no_0159.jpg,nt556,notumor,notumor,1,0.999806,,7,0.000017,0.000143,0.999806,0.000034
data/Testing/notumor/Te-no_0160.jpg,nt559,notumor,notumor,1,0.999990,,7,0.000000,0.000000,0.999990,0.000010
data/Testing/notumor/Te-no_0161.jpg,nt560,notumor,notumor,1,1.000000,,7,0.000000,0.000000,1.000000,0.000000
data/Testing/notumor/Te-no_0162.jpg,nt1042,notumor,notumor,1,0.999944,,7,0.000001,0.000019,0.999944,0.000036
data/Testing/notumor/Te-no_0163.jpg,nt1043,notumor,notumor,1,0.999995,,7,0.000000,0.000000,0.999995,0.000005
data/Testing/notumor/Te-no_0164.jpg,nt1044,notumor,notumor,1,0.999986,,7,0.000001,0.000005,0.999986,0.000009
data/Testing/notumor/Te-no_0165.jpg,nt546,notumor,notumor,1,0.999951,,7,0.000000,0.000000,0.999951,0.000049
data/Testing/notumor/Te-no_0166.jpg,nt847,notumor,notumor,1,0.999959,,7,0.000004,0.000022,0.999959,0.000015
data/Testing/notumor/Te-no_0167.jpg,nt1045,notumor,notumor,1,0.999992,,7,0.000000,0.000000,0.999992,0.000007
data/Testing/notumor/Te-no_0168.jpg,nt850,notumor,notumor,1,0.999999,,7,0.000000,0.000001,0.999999,0.000001
data/Testing/notumor/Te-no_0169.jpg,nt1046,notumor,notumor,1,0.999997,,7,0.000000,0.000000,0.999997,0.000003
data/Testing/notumor/Te-no_0170.jpg,nt1047,notumor,notumor,1,0.998101,,7,0.000017,0.001759,0.998101,0.000123
data/Testing/notumor/Te-no_0171.jpg,nt576,notumor,notumor,1,0.999830,,7,0.000003,0.000138,0.999830,0.000029
data/Testing/notumor/Te-no_0172.jpg,nt853,notumor,notumor,1,0.999561,,7,0.000019,0.000408,0.999561,0.000011
data/Testing/notumor/Te-no_0173.jpg,nt593,notumor,notumor,1,0.999725,,7,0.000041,0.000061,0.999725,0.000173
data/Testing/notumor/Te-no_0174.jpg,nt856,notumor,notumor,1,0.999885,,7,0.000000,0.000011,0.999885,0.000104
data/Testing/notumor/Te-no_0175.jpg,nt857,notumor,notumor,1,0.999622,,7,0.000000,0.000355,0.999622,0.000022
data/Testing/notumor/Te-no_0176.jpg,nt1048,notumor,notumor,1,0.999986,,7,0.000003,0.000009,0.999986,0.000002
data/Testing/notumor/Te-no_0177.jpg,nt1049,notumor,notumor,1,1.000000,,7,0.000000,0.000000,1.000000,0.000000
data/Testing/notumor/Te-no_0178.jpg,nt1050,notumor,notumor,1,1.000000,,7,0.000000,0.000000,1.000000,0.000000
data/Testing/notumor/Te-no_0179.jpg,nt833,notumor,notumor,1,1.000000,,7,0.000000,0.000000,1.000000,0.000000
data/Testing/notumor/Te-no_0180.jpg,nt1051,notumor,notumor,1,0.999999,,7,0.000001,0.000000,0.999999,0.000000
data/Testing/notumor/Te-no_0181.jpg,nt1052,notumor,notumor,1,0.999992,,7,0.000000,0.000007,0.999992,0.000000
data/Testing/notumor/Te-no_0182.jpg,nt1053,notumor,notumor,1,0.908738,,7,0.000489,0.087491,0.908738,0.003282
data/Testing/notumor/Te-no_0183.jpg,nt584,notumor,notumor,1,0.999433,,7,0.000009,0.000548,0.999433,0.000010
data/Testing/notumor/Te-no_0184.jpg,nt1054,notumor,notumor,1,0.999997,,7,0.000001,0.000002,0.999997,0.000000
data/Testing/notumor/Te-no_0185.jpg,nt585,notumor,notumor,1,0.999998,,7,0.000001,0.000000,0.999998,0.000001
data/Testing/notumor/Te-no_0186.jpg,nt586,notumor,notumor,1,0.999984,,7,0.000001,0.000010,0.999984,0.000006
data/Testing/notumor/Te-no_0187.jpg,nt999,notumor,notumor,1,0.999737,,7,0.000002,0.000223,0.999737,0.000038
data/Testing/notumor/Te-no_0188.jpg,nt588,notumor,notumor,1,0.999998,,7,0.000000,0.000001,0.999998,0.000001
data/Testing/notumor/Te-no_0189.jpg,nt589,notumor,notumor,1,0.999995,,7,0.000000,0.000003,0.999995,0.000001
data/Testing/notumor/Te-no_0190.jpg,nt1020,notumor,notumor,1,0.999994,,7,0.000000,0.000002,0.999994,0.000004
data/Testing/notumor/Te-no_0191.jpg,nt1023,notumor,notumor,1,0.999837,,7,0.000006,0.000009,0.999837,0.000147
data/Testing/notumor/Te-no_0192.jpg,nt326,notumor,notumor,1,1.000000,,7,0.000000,0.000000,1.000000,0.000000
data/Testing/notumor/Te-no_0193.jpg,nt332,notumor,notumor,1,0.999984,,7,0.000003,0.000011,0.999984,0.000001
data/Testing/notumor/Te-no_0194.jpg,nt347,notumor,notumor,1,0.999956,,7,0.000031,0.000000,0.999956,0.000013
data/Testing/notumor/Te-no_0195.jpg,nt592,notumor,notumor,1,1.000000,,7,0.000000,0.000000,1.000000,0.000000
data/Testing/notumor/Te-no_0196.jpg,nt1037,notumor,notumor,1,0.999879,,7,0.000002,0.000112,0.999879,0.000006
data/Testing/notumor/Te-no_0197.jpg,nt1055,notumor,notumor,1,0.999995,,7,0.000000,0.000000,0.999995,0.000004
data/Testing/notumor/Te-no_0198.jpg,nt392,notumor,notumor,1,0.999999,,7,0.000000,0.000000,0.999999,0.000000
data/Testing/notumor/Te-no_0199.jpg,nt593,notumor,notumor,1,0.999782,,7,0.000034,0.000040,0.999782,0.000145
data/Testing/notumor/Te-no_0200.jpg,nt437,notumor,notumor,1,0.999998,,7,0.000000,0.000000,0.999998,0.000002
data/Testing/notumor/Te-no_0201.jpg,nt395,notumor,notumor,1,0.999863,,7,0.000005,0.000130,0.999863,0.000002
data/Testing/notumor/Te-no_0202.jpg,nt1056,notumor,notumor,1,0.999870,,7,0.000003,0.000116,0.999870,0.000012
data/Testing/notumor/Te-no_0203.jpg,nt12,notumor,notumor,1,0.999878,,7,0.000060,0.000001,0.999878,0.000061
data/Testing/notumor/Te-no_0204.jpg,nt1057,notumor,notumor,1,0.999986,,7,0.000000,0.000009,0.999986,0.000005
data/Testing/notumor/Te-no_0205.jpg,nt142,notumor,notumor,1,0.999908,,7,0.000018,0.000059,0.999908,0.000016
data/Testing/notumor/Te-no_0206.jpg,nt146,notumor,notumor,1,0.999987,,7,0.000000,0.000013,0.999987,0.000001
data/Testing/notumor/Te-no_0207.jpg,nt1058,notumor,notumor,1,0.999723,,7,0.000015,0.000122,0.999723,0.000140
data/Testing/notumor/Te-no_0208.jpg,nt820,notumor,notumor,1,0.999964,,7,0.000000,0.000003,0.999964,0.000033
data/Testing/notumor/Te-no_0209.jpg,nt1059,notumor,notumor,1,0.999996,,7,0.000000,0.000002,0.999996,0.000002
data/Testing/notumor/Te-no_0210.jpg,nt1060,notumor,notumor,1,0.999957,,7,0.000038,0.000000,0.999957,0.000005
data/Testing/notumor/Te-no_0211.jpg,nt758,notumor,notumor,1,0.999989,,7,0.000001,0.000010,0.999989,0.000000
data/Testing/notumor/Te-no_0212.jpg,nt403,notumor,notumor,1,0.999794,,7,0.000004,0.000052,0.999794,0.000150
data/Testing/notumor/Te-no_0213.jpg,nt1061,notumor,notumor,1,0.999997,,7,0.000002,0.000000,0.999997,0.000000
data/Testing/notumor/Te-no_0214.jpg,nt1062,notumor,notumor,1,0.999970,,7,0.000006,0.000011,0.999970,0.000014
data/Testing/notumor/Te-no_0215.jpg,nt1063,notumor,notumor,1,0.999993,,7,0.000000,0.000000,0.999993,0.000007
data/Testing/notumor/Te-no_0216.jpg,nt192,notumor,notumor,1,0.999999,,7,0.000000,0.000000,0.999999,0.000001
data/Testing/notumor/Te-no_0217.jpg,nt310,notumor,notumor,1,0.999998,,7,0.000000,0.000000,0.999998,0.000002
data/Testing/notumor/Te-no_0218.jpg,nt232,notumor,notumor,1,0.999959,,7,0.000036,0.000001,0.999959,0.000003
data/Testing/notumor/Te-no_0219.jpg,nt1064,notumor,notumor,1,0.999977,,7,0.000018,0.000001,0.999977,0.000004
data/Testing/notumor/Te-no_0220.jpg,nt237,notumor,notumor,1,0.999801,,7,0.000006,0.000180,0.999801,0.000012
data/Testing/notumor/Te-no_0221.jpg,nt124,notumor,notumor,1,0.999999,,7,0.000000,0.000001,0.999999,0.000000
data/Testing/notumor/Te-no_0222.jpg,nt1065,notumor,notumor,1,0.999961,,7,0.000009,0.000010,0.999961,0.000019
data/Testing/notumor/Te-no_0223.jpg,nt252,notumor,notumor,1,0.998092,,7,0.000008,0.001852,0.998092,0.000048
data/Testing/notumor/Te-no_0224.jpg,nt25,notumor,notumor,1,0.999973,,7,0.000001,0.000026,0.999973,0.000001
data/Testing/notumor/Te-no_0225.jpg,nt31,notumor,notumor,1,0.999949,,7,0.000001,0.000043,0.999949,0.000006
data/Testing/notumor/Te-no_0226.jpg,nt32,notumor,notumor,1,0.999995,,7,0.000000,0.000002,0.999995,0.000003
data/Testing/notumor/Te-no_0227.jpg,nt35,notumor,notumor,1,0.999997,,7,0.000000,0.000000,0.999997,0.000003
data/Testing/notumor/Te-no_0228.jpg,nt982,notumor,notumor,1,0.995987,,7,0.000177,0.000530,0.995987,0.003306
data/Testing/notumor/Te-no_0229.jpg,nt1066,notumor,notumor,1,0.999990,,7,0.000000,0.000010,0.999990,0.000001
data/Testing/notumor/Te-no_0230.jpg,nt965,notumor,notumor,1,0.999441,,7,0.000018,0.000001,0.999441,0.000541
data/Testing/notumor/Te-no_0231.jpg,nt983,notumor,notumor,1,0.999993,,7,0.000000,0.000000,0.999993,0.000007
data/Testing/notumor/Te-no_0232.jpg,nt985,notumor,notumor,1,0.999937,,7,0.000062,0.000000,0.999937,0.000001
data/Testing/notumor/Te-no_0233.jpg,nt377,notumor,notumor,1,0.999999,,7,0.000001,0.000000,0.999999,0.000000
data/Testing/notumor/Te-no_0234.jpg,nt550,notumor,notumor,1,0.999527,,7,0.000051,0.000401,0.999527,0.000021
data/Testing/notumor/Te-no_0235.jpg,nt605,notumor,notumor,1,0.999999,,7,0.000000,0.000001,0.999999,0.000000
data/Testing/notumor/Te-no_0236.jpg,nt615,notumor,notumor,1,0.999957,,7,0.000014,0.000000,0.999957,0.000029
data/Testing/notumor/Te-no_0237.jpg,nt972,notumor,notumor,1,0.994876,,7,0.000370,0.004738,0.994876,0.000016
data/Testing/notumor/Te-no_0238.jpg,nt973,notumor,notumor,1,0.999997,,7,0.000000,0.000001,0.999997,0.000001
data/Testing/notumor/Te-no_0239.jpg,nt975,notumor,notumor,1,0.999999,,7,0.000000,0.000001,0.999999,0.000000
data/Testing/notumor/Te-no_0240.jpg,nt976,notumor,notumor,1,0.999810,,7,0.000187,0.000001,0.999810,0.000003
data/Testing/notumor/Te-no_0241.jpg,nt1033,notumor,notumor,1,0.999224,,7,0.000027,0.000233,0.999224,0.000516
data/Testing/notumor/Te-no_0242.jpg,nt978,notumor,notumor,1,0.999871,,7,0.000011,0.000102,0.999871,0.000016
data/Testing/notumor/Te-no_0243.jpg,nt980,notumor,notumor,1,0.999999,,7,0.000000,0.000001,0.999999,0.000000
data/Testing/notumor/Te-no_0244.jpg,nt1067,notumor,notumor,1,0.999999,,7,0.000000,0.000001,0.999999,0.000000
data/Testing/notumor/Te-no_0245.jpg,nt1068,notumor,notumor,1,0.999530,,7,0.000004,0.000426,0.999530,0.000039
data/Testing/notumor/Te-no_0246.jpg,nt1069,notumor,notumor,1,0.999998,,7,0.000000,0.000000,0.999998,0.000002
data/Testing/notumor/Te-no_0247.jpg,nt1070,notumor,notumor,1,0.999784,,7,0.000000,0.000215,0.999784,0.000001
data/Testing/notumor/Te-no_0248.jpg,nt1071,notumor,notumor,1,0.999999,,7,0.000000,0.000000,0.999999,0.000001
data/Testing/notumor/Te-no_0249.jpg,nt1072,notumor,notumor,1,0.999902,,7,0.000004,0.000054,0.999902,0.000040
data/Testing/notumor/Te-no_0250.jpg,nt873,notumor,notumor,1,0.999325,,7,0.000003,0.000088,0.999325,0.000584
data/Testing/notumor/Te-no_0251.jpg,nt875,notumor,notumor,1,0.999808,,7,0.000008,0.000124,0.999808,0.000060
data/Testing/notumor/Te-no_0252.jpg,nt371,notumor,notumor,1,0.999804,,7,0.000001,0.000064,0.999804,0.000131
data/Testing/notumor/Te-no_0253.jpg,nt995,notumor,notumor,1,0.999781,,7,0.000007,0.000044,0.999781,0.000168
data/Testing/notumor/Te-no_0254.jpg,nt373,notumor,notumor,1,0.999943,,7,0.000001,0.000005,0.999943,0.000051
data/Testing/notumor/Te-no_0255.jpg,nt1073,notumor,notumor,1,0.999848,,7,0.000003,0.000144,0.999848,0.000005
data/Testing/notumor/Te-no_0256.jpg,nt363,notumor,notumor,1,0.999871,,7,0.000002,0.000000,0.999871,0.000126
data/Testing/notumor/Te-no_0257.jpg,nt1074,notumor,notumor,1,0.999618,,7,0.000003,0.000326,0.999618,0.000054
data/Testing/notumor/Te-no_0258.jpg,nt867,notumor,notumor,1,0.999745,,7,0.000012,0.000199,0.999745,0.000044
data/Testing/notumor/Te-no_0259.jpg,nt868,notumor,notumor,1,0.999926,,7,0.000001,0.000008,0.999926,0.000065
data/Testing/notumor/Te-no_0260.jpg,nt1075,notumor,notumor,1,0.999990,,7,0.000000,0.000002,0.999990,0.000007
data/Testing/notumor/Te-no_0261.jpg,nt368,notumor,notumor,1,0.999998,,7,0.000000,0.000002,0.999998,0.000000
data/Testing/notumor/Te-no_0262.jpg,nt1076,notumor,notumor,1,1.000000,,7,0.000000,0.000000,1.000000,0.000000
data/Testing/notumor/Te-no_0263.jpg,nt365,notumor,notumor,1,1.000000,,7,0.000000,0.000000,1.000000,0.000000
data/Testing/notumor/Te-no_0264.jpg,nt909,notumor,notumor,1,0.999998,,7,0.000000,0.000000,0.999998,0.000001
data/Testing/notumor/Te-no_0265.jpg,nt1077,notumor,notumor,1,0.998034,,7,0.000001,0.000101,0.998034,0.001864
data/Testing/notumor/Te-no_0266.jpg,nt1078,notumor,notumor,1,0.944828,,7,0.000049,0.054800,0.944828,0.000323
data/Testing/notumor/Te-no_0267.jpg,nt1079,notumor,notumor,1,0.997680,,7,0.000016,0.002252,0.997680,0.000051
data/Testing/notumor/Te-no_0268.jpg,nt1080,notumor,notumor,1,0.990198,,7,0.000005,0.009775,0.990198,0.000022
data/Testing/notumor/Te-no_0269.jpg,nt397,notumor,notumor,1,0.999821,,7,0.000001,0.000000,0.999821,0.000178
data/Testing/notumor/Te-no_0270.jpg,nt1081,notumor,notumor,1,0.999933,,7,0.000001,0.000010,0.999933,0.000056
data/Testing/notumor/Te-no_0271.jpg,nt1082,notumor,notumor,1,0.997929,,7,0.000132,0.001252,0.997929,0.000686
data/Testing/notumor/Te-no_0272.jpg,nt1083,notumor,notumor,1,0.999992,,7,0.000000,0.000005,0.999992,0.000002
data/Testing/notumor/Te-no_0273.jpg,nt1084,notumor,notumor,1,0.999687,,7,0.000005,0.000278,0.999687,0.000030
data/Testing/notumor/Te-no_0274.jpg,nt1085,notumor,notumor,1,0.999883,,7,0.000006,0.000036,0.999883,0.000074
data/Testing/notumor/Te-no_0275.jpg,nt1058,notumor,notumor,1,0.999690,,7,0.000016,0.000127,0.999690,0.000167
data/Testing/notumor/Te-no_0276.jpg,nt845,notumor,notumor,1,0.999794,,7,0.000004,0.000042,0.999794,0.000160
data/Testing/notumor/Te-no_0277.jpg,nt991,notumor,notumor,1,0.999927,,7,0.000001,0.000065,0.999927,0.000007
data/Testing/notumor/Te-no_0278.jpg,nt1086,notumor,notumor,1,0.999994,,7,0.000001,0.000003,0.999994,0.000002
data/Testing/notumor/Te-no_0279.jpg,nt1087,notumor,notumor,1,0.999924,,7,0.000006,0.000035,0.999924,0.000034
data/Testing/notumor/Te-no_0280.jpg,nt1088,notumor,notumor,1,0.999699,,7,0.000008,0.000206,0.999699,0.000086
data/Testing/notumor/Te-no_0281.jpg,nt1089,notumor,notumor,1,0.999541,,7,0.000001,0.000064,0.999541,0.000394
data/Testing/notumor/Te-no_0282.jpg,nt391,notumor,notumor,1,0.999993,,7,0.000002,0.000000,0.999993,0.000005
data/Testing/notumor/Te-no_0283.jpg,nt1090,notumor,notumor,1,0.999580,,7,0.000070,0.000339,0.999580,0.000011
data/Testing/notumor/Te-no_0284.jpg,nt393,notumor,notumor,1,0.999799,,7,0.000011,0.000050,0.999799,0.000140
data/Testing/notumor/Te-no_0285.jpg,nt1091,notumor,notumor,1,0.999994,,7,0.000000,0.000000,0.999994,0.000006
data/Testing/notumor/Te-no_0286.jpg,nt1048,notumor,notumor,1,0.999995,,7,0.000001,0.000003,0.999995,0.000001
data/Testing/notumor/Te-no_0287.jpg,nt1049,notumor,notumor,1,0.999999,,7,0.000000,0.000000,0.999999,0.000001
data/Testing/notumor/Te-no_0288.jpg,nt1051,notumor,notumor,1,0.999999,,7,0.000001,0.000000,0.999999,0.000000
data/Testing/notumor/Te-no_0289.jpg,nt1092,notumor,notumor,1,0.999999,,7,0.000000,0.000000,0.999999,0.000001
data/Testing/notumor/Te-no_0290.jpg,nt425,notumor,notumor,1,0.999318,,7,0.000058,0.000599,0.999318,0.000025
data/Testing/notumor/Te-no_0291.jpg,nt428,notumor,notumor,1,0.999935,,7,0.000002,0.000061,0.999935,0.000003
data/Testing/notumor/Te-no_0292.jpg,nt1093,notumor,notumor,1,0.999999,,7,0.000000,0.000001,0.999999,0.000001
data/Testing/notumor/Te-no_0293.jpg,nt1094,notumor,notumor,1,0.999995,,7,0.000000,0.000000,0.999995,0.000005
data/Testing/notumor/Te-no_0294.jpg,nt1095,notumor,notumor,1,0.999931,,7,0.000006,0.000041,0.999931,0.000022
data/Testing/notumor/Te-no_0295.jpg,nt849,notumor,notumor,1,0.999994,,7,0.000000,0.000000,0.999994,0.000006
data/Testing/notumor/Te-no_0296.jpg,nt407,notumor,notumor,1,0.999983,,7,0.000003,0.000013,0.999983,0.000001
data/Testing/notumor/Te-no_0297.jpg,nt410,notumor,notumor,1,0.999836,,7,0.000000,0.000071,0.999836,0.000093
data/Testing/notumor/Te-no_0298.jpg,nt1096,notumor,notumor,1,0.999741,,7,0.000015,0.000089,0.999741,0.000154
data/Testing/notumor/Te-no_0299.jpg,nt809,notumor,notumor,1,0.999988,,7,0.000000,0.000001,0.999988,0.000011
data/Testing/notumor/Te-no_0300.jpg,nt409,notumor,notumor,1,0.999980,,7,0.000000,0.000004,0.999980,0.000015
data/Testing/notumor/Te-no_0301.jpg,nt137,notumor,notumor,1,1.000000,,7,0.000000,0.000000,1.000000,0.000000
data/Testing/notumor/Te-no_0302.jpg,nt142,notumor,notumor,1,0.999892,,7,0.000020,0.000070,0.999892,0.000019
data/Testing/notumor/Te-no_0303.jpg,nt143,notumor,notumor,1,0.999896,,7,0.000001,0.000013,0.999896,0.000091
data/Testing/notumor/Te-no_0304.jpg,nt880,notumor,notumor,1,0.999089,,7,0.000017,0.000187,0.999089,0.000707
data/Testing/notumor/Te-no_0305.jpg,nt820,notumor,notumor,1,0.999963,,7,0.000000,0.000004,0.999963,0.000033
data/Testing/notumor/Te-no_0306.jpg,nt704,notumor,notumor,1,0.999993,,7,0.000000,0.000004,0.999993,0.000003
data/Testing/notumor/Te-no_0307.jpg,nt758,notumor,notumor,1,0.999979,,7,0.000001,0.000019,0.999979,0.000000
data/Testing/notumor/Te-no_0308.jpg,nt464,notumor,notumor,1,0.999932,,7,0.000002,0.000061,0.999932,0.000004
data/Testing/notumor/Te-no_0309.jpg,nt813,notumor,notumor,1,0.999991,,7,0.000002,0.000005,0.999991,0.000002
data/Testing/notumor/Te-no_0310.jpg,nt170,notumor,notumor,1,0.999929,,7,0.000013,0.000026,0.999929,0.000031
data/Testing/notumor/Te-no_0311.jpg,nt815,notumor,notumor,1,0.999993,,7,0.000000,0.000007,0.999993,0.000000
data/Testing/notumor/Te-no_0312.jpg,nt1054,notumor,notumor,1,0.999996,,7,0.000001,0.000003,0.999996,0.000000
data/Testing/notumor/Te-no_0313.jpg,nt433,notumor,notumor,1,0.999214,,7,0.000171,0.000001,0.999214,0.000615
data/Testing/notumor/Te-no_0314.jpg,nt434,notumor,notumor,1,1.000000,,7,0.000000,0.000000,1.000000,0.000000
data/Testing/notumor/Te-no_0315.jpg,nt999,notumor,notumor,1,0.999755,,7,0.000002,0.000198,0.999755,0.000044
data/Testing/notumor/Te-no_0316.jpg,nt439,notumor,notumor,1,0.999953,,7,0.000001,0.000034,0.999953,0.000011
data/Testing/notumor/Te-no_0317.jpg,nt1020,notumor,notumor,1,0.999993,,7,0.000000,0.000001,0.999993,0.000005
data/Testing/notumor/Te-no_0318.jpg,nt347,notumor,notumor,1,0.999929,,7,0.000047,0.000000,0.999929,0.000024
data/Testing/notumor/Te-no_0319.jpg,nt445,notumor,notumor,1,0.999997,,7,0.000001,0.000001,0.999997,0.000002
data/Testing/notumor/Te-no_0320.jpg,nt1037,notumor,notumor,1,0.999919,,7,0.000002,0.000074,0.999919,0.000005
data/Testing/notumor/Te-no_0321.jpg,nt450,notumor,notumor,1,0.999961,,7,0.000004,0.000004,0.999961,0.000030
data/Testing/notumor/Te-no_0322.jpg,nt392,notumor,notumor,1,0.999999,,7,0.000000,0.000000,0.999999,0.000000
data/Testing/notumor/Te-no_0323.jpg,nt1078,notumor,notumor,1,0.949311,,7,0.000045,0.050334,0.949311,0.000310
data/Testing/notumor/Te-no_0324.jpg,nt1097,notumor,notumor,1,0.999998,,7,0.000000,0.000000,0.999998,0.000001
data/Testing/notumor/Te-no_0325.jpg,nt1098,notumor,notumor,1,0.999994,,7,0.000000,0.000004,0.999994,0.000002
data/Testing/notumor/Te-no_0326.jpg,nt551,notumor,notumor,1,0.999840,,7,0.000001,0.000009,0.999840,0.000151
data/Testing/notumor/Te-no_0327.jpg,nt1099,notumor,notumor,1,0.999964,,7,0.000001,0.000026,0.999964,0.000009
data/Testing/notumor/Te-no_0328.jpg,nt1100,notumor,notumor,1,0.998416,,7,0.000002,0.000818,0.998416,0.000764
data/Testing/notumor/Te-no_0329.jpg,nt1091,notumor,notumor,1,0.999994,,7,0.000000,0.000000,0.999994,0.000006
data/Testing/notumor/Te-no_0330.jpg,nt1024,notumor,notumor,1,0.999994,,7,0.000002,0.000000,0.999994,0.000003
data/Testing/notumor/Te-no_0331.jpg,nt1101,notumor,notumor,1,0.999815,,7,0.000027,0.000145,0.999815,0.000013
data/Testing/notumor/Te-no_0332.jpg,nt1027,notumor,notumor,1,0.999998,,7,0.000001,0.000000,0.999998,0.000001
data/Testing/notumor/Te-no_0333.jpg,nt316,notumor,notumor,1,0.999070,,7,0.000012,0.000016,0.999070,0.000902
data/Testing/notumor/Te-no_0334.jpg,nt1029,notumor,notumor,1,0.999998,,7,0.000001,0.000001,0.999998,0.000000
data/Testing/notumor/Te-no_0335.jpg,nt322,notumor,notumor,1,0.999980,,7,0.000013,0.000005,0.999980,0.000002
data/Testing/notumor/Te-no_0336.jpg,nt325,notumor,notumor,1,0.999172,,7,0.000005,0.000742,0.999172,0.000082
data/Testing/notumor/Te-no_0337.jpg,nt328,notumor,notumor,1,0.999926,,7,0.000000,0.000009,0.999926,0.000065
data/Testing/notumor/Te-no_0338.jpg,nt330,notumor,notumor,1,0.999979,,7,0.000001,0.000005,0.999979,0.000014
data/Testing/notumor/Te-no_0339.jpg,nt1030,notumor,notumor,1,0.999987,,7,0.000004,0.000007,0.999987,0.000002
data/Testing/notumor/Te-no_0340.jpg,nt1102,notumor,notumor,1,0.999999,,7,0.000000,0.000000,0.999999,0.000001
data/Testing/notumor/Te-no_0341.jpg,nt1014,notumor,notumor,1,0.999977,,7,0.000002,0.000021,0.999977,0.000001
data/Testing/notumor/Te-no_0342.jpg,nt338,notumor,notumor,1,0.999860,,7,0.000009,0.000075,0.999860,0.000056
data/Testing/notumor/Te-no_0343.jpg,nt1031,notumor,notumor,1,0.999967,,7,0.000006,0.000012,0.999967,0.000014
data/Testing/notumor/Te-no_0344.jpg,nt1103,notumor,notumor,1,0.999931,,7,0.000000,0.000000,0.999931,0.000068
data/Testing/notumor/Te-no_0345.jpg,nt1104,notumor,notumor,1,0.999865,,7,0.000000,0.000001,0.999865,0.000133
data/Testing/notumor/Te-no_0346.jpg,nt824,notumor,notumor,1,0.999961,,7,0.000036,0.000001,0.999961,0.000002
data/Testing/notumor/Te-no_0347.jpg,nt1035,notumor,notumor,1,0.999790,,7,0.000003,0.000179,0.999790,0.000027
data/Testing/notumor/Te-no_0348.jpg,nt1036,notumor,notumor,1,0.999387,,7,0.000004,0.000591,0.999387,0.000018
data/Testing/notumor/Te-no_0349.jpg,nt359,notumor,notumor,1,0.999933,,7,0.000000,0.000001,0.999933,0.000065
data/Testing/notumor/Te-no_0350.jpg,nt1105,notumor,notumor,1,0.999043,,7,0.000008,0.000404,0.999043,0.000546
data/Testing/notumor/Te-no_0351.jpg,nt1106,notumor,notumor,1,0.999336,,7,0.000070,0.000421,0.999336,0.000173
data/Testing/notumor/Te-no_0352.jpg,nt497,notumor,notumor,1,1.000000,,7,0.000000,0.000000,1.000000,0.000000
data/Testing/notumor/Te-no_0353.jpg,nt500,notumor,notumor,1,0.999996,,7,0.000000,0.000000,0.999996,0.000004
data/Testing/notumor/Te-no_0354.jpg,nt502,notumor,notumor,1,0.999932,,7,0.000001,0.000048,0.999932,0.000019
data/Testing/notumor/Te-no_0355.jpg,nt1067,notumor,notumor,1,0.999998,,7,0.000000,0.000001,0.999998,0.000000
data/Testing/notumor/Te-no_0356.jpg,nt483,notumor,notumor,1,0.999996,,7,0.000001,0.000001,0.999996,0.000002
data/Testing/notumor/Te-no_0357.jpg,nt965,notumor,notumor,1,0.999726,,7,0.000003,0.000001,0.999726,0.000270
data/Testing/notumor/Te-no_0358.jpg,nt377,notumor,notumor,1,0.999996,,7,0.000004,0.000000,0.999996,0.000001
data/Testing/notumor/Te-no_0359.jpg,nt490,notumor,notumor,1,0.999984,,7,0.000000,0.000011,0.999984,0.000004
data/Testing/notumor/Te-no_0360.jpg,nt615,notumor,notumor,1,0.999952,,7,0.000023,0.000000,0.999952,0.000025
data/Testing/notumor/Te-no_0361.jpg,nt1107,notumor,notumor,1,0.999997,,7,0.000000,0.000002,0.999997,0.000000
data/Testing/notumor/Te-no_0362.jpg,nt685,notumor,notumor,1,0.999318,,7,0.000004,0.000269,0.999318,0.000409
data/Testing/notumor/Te-no_0363.jpg,nt397,notumor,notumor,1,0.999846,,7,0.000001,0.000000,0.999846,0.000153
data/Testing/notumor/Te-no_0364.jpg,nt546,notumor,notumor,1,0.999989,,7,0.000000,0.000000,0.999989,0.000011
data/Testing/notumor/Te-no_0365.jpg,nt433,notumor,notumor,1,0.999422,,7,0.000122,0.000001,0.999422,0.000456
data/Testing/notumor/Te-no_0366.jpg,nt426,notumor,notumor,1,0.999621,,7,0.000003,0.000282,0.999621,0.000094
data/Testing/notumor/Te-no_0367.jpg,nt1094,notumor,notumor,1,0.999995,,7,0.000000,0.000000,0.999995,0.000005
data/Testing/notumor/Te-no_0368.jpg,nt1108,notumor,notumor,1,0.999797,,7,0.000001,0.000067,0.999797,0.000135
data/Testing/notumor/Te-no_0369.jpg,nt372,notumor,notumor,1,0.999985,,7,0.000001,0.000000,0.999985,0.000015
data/Testing/notumor/Te-no_0370.jpg,nt373,notumor,notumor,1,0.999967,,7,0.000001,0.000001,0.999967,0.000032
data/Testing/notumor/Te-no_0371.jpg,nt858,notumor,notumor,1,0.998877,,7,0.000013,0.001085,0.998877,0.000024
data/Testing/notumor/Te-no_0372.jpg,nt1109,notumor,notumor,1,0.999990,,7,0.000001,0.000003,0.999990,0.000006
data/Testing/notumor/Te-no_0373.jpg,nt367,notumor,notumor,1,0.999670,,7,0.000002,0.000009,0.999670,0.000319
data/Testing/notumor/Te-no_0374.jpg,nt365,notumor,notumor,1,1.000000,,7,0.000000,0.000000,1.000000,0.000000
data/Testing/notumor/Te-no_0375.jpg,nt533,notumor,notumor,1,0.999971,,7,0.000003,0.000000,0.999971,0.000025
data/Testing/notumor/Te-no_0376.jpg,nt435,notumor,notumor,1,0.999959,,7,0.000000,0.000005,0.999959,0.000036
data/Testing/notumor/Te-no_0377.jpg,nt888,notumor,notumor,1,0.999994,,7,0.000001,0.000003,0.999994,0.000003
data/Testing/notumor/Te-no_0378.jpg,nt891,notumor,notumor,1,0.999992,,7,0.000002,0.000005,0.999992,0.000001
data/Testing/notumor/Te-no_0379.jpg,nt1110,notumor,notumor,1,1.000000,,7,0.000000,0.000000,1.000000,0.000000
data/Testing/notumor/Te-no_0380.jpg,nt895,notumor,notumor,1,0.999834,,7,0.000000,0.000115,0.999834,0.000050
data/Testing/notumor/Te-no_0381.jpg,nt511,notumor,notumor,1,0.999976,,7,0.000000,0.000000,0.999976,0.000024
data/Testing/notumor/Te-no_0382.jpg,nt939,notumor,notumor,1,0.999993,,7,0.000000,0.000000,0.999993,0.000007
data/Testing/notumor/Te-no_0383.jpg,nt942,notumor,notumor,1,1.000000,,7,0.000000,0.000000,1.000000,0.000000
data/Testing/notumor/Te-no_0384.jpg,nt944,notumor,notumor,1,0.999905,,7,0.000008,0.000075,0.999905,0.000012
data/Testing/notumor/Te-no_0385.jpg,nt946,notumor,notumor,1,0.999986,,7,0.000002,0.000010,0.999986,0.000002
data/Testing/notumor/Te-no_0386.jpg,nt1030,notumor,notumor,1,0.999992,,7,0.000003,0.000004,0.999992,0.000001
data/Testing/notumor/Te-no_0387.jpg,nt334,notumor,notumor,1,0.999806,,7,0.000075,0.000116,0.999806,0.000003
data/Testing/notumor/Te-no_0388.jpg,nt337,notumor,notumor,1,0.999927,,7,0.000002,0.000062,0.999927,0.000010
data/Testing/notumor/Te-no_0389.jpg,nt1031,notumor,notumor,1,0.999910,,7,0.000011,0.000020,0.999910,0.000058
data/Testing/notumor/Te-no_0390.jpg,nt341,notumor,notumor,1,0.999987,,7,0.000000,0.000000,0.999987,0.000013
data/Testing/notumor/Te-no_0391.jpg,nt440,notumor,notumor,1,0.999960,,7,0.000000,0.000017,0.999960,0.000023
data/Testing/notumor/Te-no_0392.jpg,nt1111,notumor,notumor,1,0.998823,,7,0.000040,0.001109,0.998823,0.000027
data/Testing/notumor/Te-no_0393.jpg,nt1112,notumor,notumor,1,0.999999,,7,0.000000,0.000001,0.999999,0.000000
data/Testing/notumor/Te-no_0394.jpg,nt1098,notumor,notumor,1,0.999995,,7,0.000000,0.000003,0.999995,0.000002
data/Testing/notumor/Te-no_0395.jpg,nt916,notumor,notumor,1,0.999964,,7,0.000001,0.000024,0.999964,0.000012
data/Testing/notumor/Te-no_0396.jpg,nt917,notumor,notumor,1,0.999961,,7,0.000000,0.000007,0.999961,0.000032
data/Testing/notumor/Te-no_0397.jpg,nt920,notumor,notumor,1,0.999799,,7,0.000000,0.000015,0.999799,0.000185
data/Testing/notumor/Te-no_0398.jpg,nt1099,notumor,notumor,1,0.999951,,7,0.000002,0.000034,0.999951,0.000013
data/Testing/notumor/Te-no_0399.jpg,nt1100,notumor,notumor,1,0.998238,,7,0.000002,0.000935,0.998238,0.000824
data/Testing/notumor/Te-no_0400.jpg,nt925,notumor,notumor,1,0.999965,,7,0.000000,0.000001,0.999965,0.000034
data/Testing/notumor/Te-no_0401.jpg,nt927,notumor,notumor,1,0.999990,,7,0.000003,0.000007,0.999990,0.000000
data/Testing/notumor/Te-no_0402.jpg,nt929,notumor,notumor,1,0.999981,,7,0.000016,0.000000,0.999981,0.000002
data/Testing/notumor/Te-no_0403.jpg,nt930,notumor,notumor,1,0.999999,,7,0.000000,0.000000,0.999999,0.000000
data/Testing/notumor/Te-no_0404.jpg,nt1101,notumor,notumor,1,0.999832,,7,0.000022,0.000134,0.999832,0.000012
data/Testing/pituitary/Te-piTr_0000.jpg,113274,pituitary,pituitary,1,0.999992,,7,0.000005,0.000003,0.000000,0.999992
data/Testing/pituitary/Te-piTr_0001.jpg,58392,pituitary,pituitary,1,0.999991,,7,0.000000,0.000007,0.000001,0.999991
data/Testing/pituitary/Te-piTr_0002.jpg,101127,pituitary,meningioma,0,0.811003,,7,0.000990,0.811003,0.000841,0.187165
data/Testing/pituitary/Te-piTr_0003.jpg,112746,pituitary,pituitary,1,0.999998,,7,0.000001,0.000001,0.000000,0.999998
data/Testing/pituitary/Te-piTr_0004.jpg,112746,pituitary,pituitary,1,0.999997,,7,0.000001,0.000002,0.000000,0.999997
data/Testing/pituitary/Te-piTr_0005.jpg,112847,pituitary,pituitary,1,0.999986,,7,0.000011,0.000002,0.000002,0.999986
data/Testing/pituitary/Te-piTr_0006.jpg,113274,pituitary,pituitary,1,0.998356,,7,0.001597,0.000004,0.000043,0.998356
data/Testing/pituitary/Te-piTr_0007.jpg,114040,pituitary,pituitary,1,0.999963,,7,0.000004,0.000033,0.000000,0.999963
data/Testing/pituitary/Te-piTr_0008.jpg,114361,pituitary,pituitary,1,0.999984,,7,0.000008,0.000007,0.000001,0.999984
data/Testing/pituitary/Te-piTr_0009.jpg,101029,pituitary,pituitary,1,0.996346,,7,0.002981,0.000255,0.000418,0.996346
data/Testing/pituitary/Te-pi_0010.jpg,101145,pituitary,pituitary,1,0.998060,,7,0.000015,0.001923,0.000002,0.998060
data/Testing/pituitary/Te-pi_0011.jpg,101305,pituitary,pituitary,1,0.999806,,7,0.000061,0.000132,0.000000,0.999806
data/Testing/pituitary/Te-pi_0012.jpg,102648,pituitary,pituitary,1,0.936007,,7,0.000394,0.063598,0.000001,0.936007
data/Testing/pituitary/Te-pi_0013.jpg,102648,pituitary,pituitary,1,0.998333,,7,0.000850,0.000816,0.000000,0.998333
data/Testing/pituitary/Te-pi_0014.jpg,103257,pituitary,pituitary,1,0.999860,,7,0.000000,0.000140,0.000000,0.999860
data/Testing/pituitary/Te-pi_0015.jpg,103257,pituitary,pituitary,1,0.998669,,7,0.000001,0.001330,0.000000,0.998669
data/Testing/pituitary/Te-pi_0016.jpg,103478,pituitary,pituitary,1,0.999708,,7,0.000001,0.000289,0.000001,0.999708
data/Testing/pituitary/Te-pi_0017.jpg,103582,pituitary,pituitary,1,0.996425,,7,0.000553,0.002999,0.000023,0.996425
data/Testing/pituitary/Te-pi_0018.jpg,103582,pituitary,pituitary,1,0.997078,,7,0.000015,0.002906,0.000001,0.997078
data/Testing/pituitary/Te-pi_0019.jpg,103671,pituitary,pituitary,1,0.951642,,7,0.036999,0.011207,0.000152,0.951642
data/Testing/pituitary/Te-pi_0020.jpg,103731,pituitary,pituitary,1,0.997317,,7,0.000004,0.002677,0.000002,0.997317
data/Testing/pituitary/Te-pi_0021.jpg,103731,pituitary,pituitary,1,0.999924,,7,0.000062,0.000014,0.000000,0.999924
data/Testing/pituitary/Te-pi_0022.jpg,103731,pituitary,pituitary,1,0.999804,,7,0.000093,0.000103,0.000000,0.999804
data/Testing/pituitary/Te-pi_0023.jpg,104019,pituitary,pituitary,1,0.978257,,7,0.020741,0.000995,0.000006,0.978257
data/Testing/pituitary/Te-pi_0024.jpg,104558,pituitary,pituitary,1,0.999850,,7,0.000001,0.000149,0.000000,0.999850
data/Testing/pituitary/Te-pi_0025.jpg,104558,pituitary,pituitary,1,0.999506,,7,0.000000,0.000494,0.000000,0.999506
data/Testing/pituitary/Te-pi_0026.jpg,104684,pituitary,pituitary,1,0.999974,,7,0.000000,0.000022,0.000004,0.999974
data/Testing/pituitary/Te-pi_0027.jpg,104912,pituitary,pituitary,1,0.999961,,7,0.000000,0.000038,0.000000,0.999961
data/Testing/pituitary/Te-pi_0028.jpg,105187,pituitary,pituitary,1,0.999993,,7,0.000000,0.000006,0.000000,0.999993
data/Testing/pituitary/Te-pi_0029.jpg,105538,pituitary,pituitary,1,0.989020,,7,0.000291,0.010641,0.000048,0.989020
data/Testing/pituitary/Te-pi_0030.jpg,105638,pituitary,pituitary,1,0.997846,,7,0.000016,0.002135,0.000003,0.997846
data/Testing/pituitary/Te-pi_0031.jpg,97416,pituitary,pituitary,1,0.999327,,7,0.000330,0.000342,0.000001,0.999327
data/Testing/pituitary/Te-pi_0032.jpg,97416,pituitary,pituitary,1,0.983451,,7,0.000151,0.015997,0.000402,0.983451
data/Testing/pituitary/Te-pi_0033.jpg,97461,pituitary,pituitary,1,0.999983,,7,0.000001,0.000015,0.000000,0.999983
data/Testing/pituitary/Te-pi_0034.jpg,97481,pituitary,pituitary,1,0.990861,,7,0.000631,0.008505,0.000003,0.990861
data/Testing/pituitary/Te-pi_0035.jpg,97890,pituitary,pituitary,1,0.998315,,7,0.001515,0.000129,0.000040,0.998315
data/Testing/pituitary/Te-pi_0036.jpg,98472,pituitary,pituitary,1,0.999938,,7,0.000010,0.000052,0.000000,0.999938
data/Testing/pituitary/Te-pi_0037.jpg,98652,pituitary,pituitary,1,0.999580,,7,0.000007,0.000411,0.000002,0.999580
data/Testing/pituitary/Te-pi_0038.jpg,98871,pituitary,pituitary,1,0.999939,,7,0.000028,0.000033,0.000001,0.999939
data/Testing/pituitary/Te-pi_0039.jpg,98871,pituitary,pituitary,1,0.999531,,7,0.000109,0.000360,0.000000,0.999531
data/Testing/pituitary/Te-pi_0040.jpg,98874,pituitary,pituitary,1,0.999029,,7,0.000007,0.000963,0.000000,0.999029
data/Testing/pituitary/Te-pi_0041.jpg,98992,pituitary,pituitary,1,0.999809,,7,0.000001,0.000190,0.000000,0.999809
data/Testing/pituitary/Te-pi_0042.jpg,98995,pituitary,pituitary,1,0.999956,,7,0.000000,0.000044,0.000000,0.999956
data/Testing/pituitary/Te-pi_0043.jpg,99223,pituitary,pituitary,1,0.936420,,7,0.061486,0.002068,0.000026,0.936420
data/Testing/pituitary/Te-pi_0044.jpg,99223,pituitary,pituitary,1,0.999960,,7,0.000023,0.000016,0.000000,0.999960
data/Testing/pituitary/Te-pi_0045.jpg,101017,pituitary,pituitary,1,0.999893,,7,0.000107,0.000000,0.000000,0.999893
data/Testing/pituitary/Te-pi_0046.jpg,101017,pituitary,pituitary,1,0.999999,,7,0.000001,0.000000,0.000000,0.999999
data/Testing/pituitary/Te-pi_0047.jpg,101029,pituitary,pituitary,1,0.999996,,7,0.000000,0.000004,0.000000,0.999996
data/Testing/pituitary/Te-pi_0048.jpg,101305,pituitary,pituitary,1,0.999987,,7,0.000006,0.000007,0.000000,0.999987
data/Testing/pituitary/Te-pi_0049.jpg,101305,pituitary,pituitary,1,0.999545,,7,0.000190,0.000257,0.000009,0.999545
data/Testing/pituitary/Te-pi_0050.jpg,101724,pituitary,pituitary,1,0.999951,,7,0.000042,0.000004,0.000003,0.999951
data/Testing/pituitary/Te-pi_0051.jpg,102648,pituitary,pituitary,1,0.999983,,7,0.000016,0.000000,0.000000,0.999983
data/Testing/pituitary/Te-pi_0052.jpg,104684,pituitary,pituitary,1,0.999998,,7,0.000000,0.000002,0.000000,0.999998
data/Testing/pituitary/Te-pi_0053.jpg,104912,pituitary,pituitary,1,0.998876,,7,0.000000,0.001124,0.000000,0.998876
data/Testing/pituitary/Te-pi_0054.jpg,106062,pituitary,pituitary,1,0.999593,,7,0.000002,0.000405,0.000000,0.999593
data/Testing/pituitary/Te-pi_0055.jpg,105936,pituitary,pituitary,1,1.000000,,7,0.000000,0.000000,0.000000,1.000000
data/Testing/pituitary/Te-pi_0056.jpg,107495,pituitary,pituitary,1,0.999956,,7,0.000000,0.000044,0.000000,0.999956
data/Testing/pituitary/Te-pi_0057.jpg,107495,pituitary,pituitary,1,0.999998,,7,0.000001,0.000001,0.000000,0.999998
data/Testing/pituitary/Te-pi_0058.jpg,107429,pituitary,pituitary,1,0.999927,,7,0.000005,0.000067,0.000001,0.999927
data/Testing/pituitary/Te-pi_0059.jpg,107505,pituitary,pituitary,1,0.999843,,7,0.000011,0.000146,0.000000,0.999843
data/Testing/pituitary/Te-pi_0060.jpg,107505,pituitary,pituitary,1,0.999788,,7,0.000181,0.000030,0.000000,0.999788
data/Testing/pituitary/Te-pi_0061.jpg,107743,pituitary,pituitary,1,0.998258,,7,0.000000,0.001741,0.000001,0.998258
data/Testing/pituitary/Te-pi_0062.jpg,unmatched::data/Testing/pituitary/Te-pi_0062.jpg,pituitary,pituitary,1,0.999669,,7,0.000011,0.000320,0.000001,0.999669
data/Testing/pituitary/Te-pi_0063.jpg,108931,pituitary,pituitary,1,0.999961,,7,0.000025,0.000002,0.000012,0.999961
data/Testing/pituitary/Te-pi_0064.jpg,109471,pituitary,pituitary,1,0.999942,,7,0.000005,0.000054,0.000000,0.999942
data/Testing/pituitary/Te-pi_0065.jpg,109769,pituitary,pituitary,1,0.999975,,7,0.000001,0.000024,0.000000,0.999975
data/Testing/pituitary/Te-pi_0066.jpg,109898,pituitary,pituitary,1,0.996564,,7,0.000001,0.003434,0.000001,0.996564
data/Testing/pituitary/Te-pi_0067.jpg,109898,pituitary,pituitary,1,0.999858,,7,0.000054,0.000086,0.000002,0.999858
data/Testing/pituitary/Te-pi_0068.jpg,109898,pituitary,pituitary,1,0.999205,,7,0.000079,0.000691,0.000025,0.999205
data/Testing/pituitary/Te-pi_0069.jpg,110518,pituitary,pituitary,1,0.999984,,7,0.000000,0.000013,0.000003,0.999984
data/Testing/pituitary/Te-pi_0070.jpg,110537,pituitary,pituitary,1,0.999993,,7,0.000002,0.000001,0.000005,0.999993
data/Testing/pituitary/Te-pi_0071.jpg,110537,pituitary,pituitary,1,0.999993,,7,0.000000,0.000004,0.000003,0.999993
data/Testing/pituitary/Te-pi_0072.jpg,112847,pituitary,pituitary,1,0.999755,,7,0.000005,0.000240,0.000000,0.999755
data/Testing/pituitary/Te-pi_0073.jpg,110993,pituitary,pituitary,1,1.000000,,7,0.000000,0.000000,0.000000,1.000000
data/Testing/pituitary/Te-pi_0074.jpg,111075,pituitary,pituitary,1,0.999998,,7,0.000002,0.000000,0.000000,0.999998
data/Testing/pituitary/Te-pi_0075.jpg,111075,pituitary,pituitary,1,0.999903,,7,0.000023,0.000073,0.000000,0.999903
data/Testing/pituitary/Te-pi_0076.jpg,111125,pituitary,pituitary,1,0.999998,,7,0.000000,0.000001,0.000000,0.999998
data/Testing/pituitary/Te-pi_0077.jpg,111785,pituitary,pituitary,1,0.999993,,7,0.000003,0.000004,0.000000,0.999993
data/Testing/pituitary/Te-pi_0078.jpg,112074,pituitary,pituitary,1,0.975650,,7,0.018070,0.006227,0.000052,0.975650
data/Testing/pituitary/Te-pi_0079.jpg,unmatched::data/Testing/pituitary/Te-pi_0079.jpg,pituitary,pituitary,1,0.992795,,7,0.006392,0.000652,0.000161,0.992795
data/Testing/pituitary/Te-pi_0080.jpg,112649,pituitary,pituitary,1,0.999851,,7,0.000135,0.000013,0.000001,0.999851
data/Testing/pituitary/Te-pi_0081.jpg,112746,pituitary,pituitary,1,0.999970,,7,0.000000,0.000030,0.000000,0.999970
data/Testing/pituitary/Te-pi_0082.jpg,112847,pituitary,pituitary,1,0.999888,,7,0.000004,0.000101,0.000008,0.999888
data/Testing/pituitary/Te-pi_0083.jpg,113274,pituitary,pituitary,1,0.999976,,7,0.000024,0.000000,0.000001,0.999976
data/Testing/pituitary/Te-pi_0084.jpg,113741,pituitary,pituitary,1,0.999626,,7,0.000000,0.000373,0.000000,0.999626
data/Testing/pituitary/Te-pi_0085.jpg,113741,pituitary,pituitary,1,0.999997,,7,0.000001,0.000001,0.000001,0.999997
data/Testing/pituitary/Te-pi_0086.jpg,114361,pituitary,pituitary,1,0.999868,,7,0.000007,0.000124,0.000000,0.999868
data/Testing/pituitary/Te-pi_0087.jpg,114094,pituitary,pituitary,1,0.999980,,7,0.000003,0.000016,0.000002,0.999980
data/Testing/pituitary/Te-pi_0088.jpg,114094,pituitary,pituitary,1,0.999998,,7,0.000000,0.000002,0.000000,0.999998
data/Testing/pituitary/Te-pi_0089.jpg,106062,pituitary,pituitary,1,0.999999,,7,0.000000,0.000001,0.000000,0.999999
data/Testing/pituitary/Te-pi_0090.jpg,106062,pituitary,pituitary,1,0.999995,,7,0.000000,0.000004,0.000000,0.999995
data/Testing/pituitary/Te-pi_0091.jpg,107495,pituitary,pituitary,1,0.999996,,7,0.000000,0.000004,0.000000,0.999996
data/Testing/pituitary/Te-pi_0092.jpg,107495,pituitary,pituitary,1,0.999999,,7,0.000000,0.000001,0.000000,0.999999
data/Testing/pituitary/Te-pi_0093.jpg,107429,pituitary,pituitary,1,0.999949,,7,0.000004,0.000033,0.000015,0.999949
data/Testing/pituitary/Te-pi_0094.jpg,114040,pituitary,pituitary,1,0.998151,,7,0.000472,0.001372,0.000005,0.998151
data/Testing/pituitary/Te-pi_0095.jpg,107505,pituitary,pituitary,1,0.999936,,7,0.000006,0.000058,0.000000,0.999936
data/Testing/pituitary/Te-pi_0096.jpg,107505,pituitary,pituitary,1,0.999569,,7,0.000000,0.000431,0.000000,0.999569
data/Testing/pituitary/Te-pi_0097.jpg,107743,pituitary,pituitary,1,0.999991,,7,0.000000,0.000009,0.000000,0.999991
data/Testing/pituitary/Te-pi_0098.jpg,108858,pituitary,pituitary,1,0.998341,,7,0.000001,0.001639,0.000019,0.998341
data/Testing/pituitary/Te-pi_0099.jpg,108931,pituitary,pituitary,1,0.999966,,7,0.000002,0.000004,0.000028,0.999966
data/Testing/pituitary/Te-pi_0100.jpg,109471,pituitary,pituitary,1,1.000000,,7,0.000000,0.000000,0.000000,1.000000
data/Testing/pituitary/Te-pi_0101.jpg,109471,pituitary,pituitary,1,0.999999,,7,0.000000,0.000001,0.000000,0.999999
data/Testing/pituitary/Te-pi_0102.jpg,109769,pituitary,pituitary,1,0.999992,,7,0.000001,0.000006,0.000000,0.999992
data/Testing/pituitary/Te-pi_0103.jpg,109898,pituitary,pituitary,1,0.998128,,7,0.001869,0.000003,0.000001,0.998128
data/Testing/pituitary/Te-pi_0104.jpg,110518,pituitary,pituitary,1,0.999410,,7,0.000025,0.000551,0.000014,0.999410
data/Testing/pituitary/Te-pi_0105.jpg,110537,pituitary,pituitary,1,0.999983,,7,0.000000,0.000016,0.000000,0.999983
data/Testing/pituitary/Te-pi_0106.jpg,114094,pituitary,pituitary,1,0.999538,,7,0.000023,0.000437,0.000002,0.999538
data/Testing/pituitary/Te-pi_0107.jpg,58392,pituitary,pituitary,1,0.999989,,7,0.000000,0.000009,0.000001,0.999989
data/Testing/pituitary/Te-pi_0108.jpg,111075,pituitary,pituitary,1,0.999328,,7,0.000001,0.000671,0.000000,0.999328
data/Testing/pituitary/Te-pi_0109.jpg,111075,pituitary,pituitary,1,0.999971,,7,0.000003,0.000026,0.000000,0.999971
data/Testing/pituitary/Te-pi_0110.jpg,111125,pituitary,pituitary,1,0.999968,,7,0.000000,0.000032,0.000000,0.999968
data/Testing/pituitary/Te-pi_0111.jpg,111785,pituitary,pituitary,1,0.999992,,7,0.000000,0.000007,0.000000,0.999992
data/Testing/pituitary/Te-pi_0112.jpg,106062,pituitary,pituitary,1,0.999903,,7,0.000001,0.000095,0.000001,0.999903
data/Testing/pituitary/Te-pi_0113.jpg,112074,pituitary,pituitary,1,0.997702,,7,0.000001,0.002296,0.000001,0.997702
data/Testing/pituitary/Te-pi_0114.jpg,112649,pituitary,pituitary,1,0.999742,,7,0.000253,0.000003,0.000002,0.999742
data/Testing/pituitary/Te-pi_0115.jpg,112746,pituitary,pituitary,1,0.999708,,7,0.000000,0.000287,0.000005,0.999708
data/Testing/pituitary/Te-pi_0116.jpg,112847,pituitary,pituitary,1,0.999994,,7,0.000000,0.000006,0.000000,0.999994
data/Testing/pituitary/Te-pi_0117.jpg,112847,pituitary,pituitary,1,0.999997,,7,0.000000,0.000002,0.000001,0.999997
data/Testing/pituitary/Te-pi_0118.jpg,105936,pituitary,pituitary,1,0.999999,,7,0.000000,0.000000,0.000000,0.999999
data/Testing/pituitary/Te-pi_0119.jpg,106062,pituitary,pituitary,1,0.998975,,7,0.000168,0.000855,0.000002,0.998975
data/Testing/pituitary/Te-pi_0120.jpg,107495,pituitary,pituitary,1,0.999877,,7,0.000000,0.000119,0.000004,0.999877
data/Testing/pituitary/Te-pi_0121.jpg,107495,pituitary,pituitary,1,0.999961,,7,0.000020,0.000017,0.000001,0.999961
data/Testing/pituitary/Te-pi_0122.jpg,107429,pituitary,pituitary,1,0.999863,,7,0.000006,0.000130,0.000001,0.999863
data/Testing/pituitary/Te-pi_0123.jpg,107505,pituitary,pituitary,1,0.999291,,7,0.000013,0.000696,0.000000,0.999291
data/Testing/pituitary/Te-pi_0124.jpg,101017,pituitary,pituitary,1,0.999985,,7,0.000000,0.000013,0.000002,0.999985
data/Testing/pituitary/Te-pi_0125.jpg,113274,pituitary,pituitary,1,0.999965,,7,0.000004,0.000029,0.000003,0.999965
data/Testing/pituitary/Te-pi_0126.jpg,107505,pituitary,pituitary,1,0.999464,,7,0.000532,0.000004,0.000000,0.999464
data/Testing/pituitary/Te-pi_0127.jpg,107743,pituitary,pituitary,1,0.997028,,7,0.000000,0.002965,0.000006,0.997028
data/Testing/pituitary/Te-pi_0128.jpg,108858,pituitary,pituitary,1,0.996393,,7,0.000030,0.003576,0.000001,0.996393
data/Testing/pituitary/Te-pi_0129.jpg,108931,pituitary,pituitary,1,0.999721,,7,0.000274,0.000004,0.000001,0.999721
data/Testing/pituitary/Te-pi_0130.jpg,109471,pituitary,pituitary,1,0.999929,,7,0.000000,0.000071,0.000000,0.999929
data/Testing/pituitary/Te-pi_0131.jpg,109769,pituitary,pituitary,1,0.999930,,7,0.000001,0.000069,0.000000,0.999930
data/Testing/pituitary/Te-pi_0132.jpg,109898,pituitary,pituitary,1,0.997368,,7,0.000007,0.002622,0.000002,0.997368
data/Testing/pituitary/Te-pi_0133.jpg,109898,pituitary,pituitary,1,0.993843,,7,0.000007,0.006149,0.000002,0.993843
data/Testing/pituitary/Te-pi_0134.jpg,110537,pituitary,pituitary,1,0.998793,,7,0.001126,0.000075,0.000006,0.998793
data/Testing/pituitary/Te-pi_0135.jpg,110993,pituitary,pituitary,1,0.999995,,7,0.000003,0.000002,0.000001,0.999995
data/Testing/pituitary/Te-pi_0136.jpg,111075,pituitary,pituitary,1,0.999983,,7,0.000000,0.000016,0.000000,0.999983
data/Testing/pituitary/Te-pi_0137.jpg,114040,pituitary,pituitary,1,0.999492,,7,0.000010,0.000497,0.000000,0.999492
data/Testing/pituitary/Te-pi_0138.jpg,111125,pituitary,pituitary,1,0.999860,,7,0.000029,0.000105,0.000006,0.999860
data/Testing/pituitary/Te-pi_0139.jpg,111785,pituitary,pituitary,1,0.999980,,7,0.000000,0.000019,0.000000,0.999980
data/Testing/pituitary/Te-pi_0140.jpg,112074,pituitary,pituitary,1,0.686172,,7,0.126294,0.187174,0.000360,0.686172
data/Testing/pituitary/Te-pi_0141.jpg,112649,pituitary,pituitary,1,0.992873,,7,0.000133,0.006991,0.000004,0.992873
data/Testing/pituitary/Te-pi_0142.jpg,114361,pituitary,pituitary,1,0.999979,,7,0.000011,0.000010,0.000000,0.999979
data/Testing/pituitary/Te-pi_0143.jpg,114094,pituitary,pituitary,1,0.999578,,7,0.000000,0.000414,0.000007,0.999578
data/Testing/pituitary/Te-pi_0144.jpg,unmatched::data/Testing/pituitary/Te-pi_0144.jpg,pituitary,pituitary,1,0.999552,,7,0.000015,0.000431,0.000002,0.999552
data/Testing/pituitary/Te-pi_0145.jpg,101305,pituitary,pituitary,1,0.996994,,7,0.000010,0.002996,0.000000,0.996994
data/Testing/pituitary/Te-pi_0146.jpg,101724,pituitary,pituitary,1,0.999723,,7,0.000113,0.000157,0.000008,0.999723
data/Testing/pituitary/Te-pi_0147.jpg,102648,pituitary,pituitary,1,0.999040,,7,0.000007,0.000953,0.000000,0.999040
data/Testing/pituitary/Te-pi_0148.jpg,103046,pituitary,pituitary,1,0.999986,,7,0.000000,0.000014,0.000000,0.999986
data/Testing/pituitary/Te-pi_0149.jpg,101017,pituitary,pituitary,1,0.999855,,7,0.000007,0.000051,0.000088,0.999855
data/Testing/pituitary/Te-pi_0150.jpg,103257,pituitary,pituitary,1,0.998278,,7,0.000000,0.001722,0.000000,0.998278
data/Testing/pituitary/Te-pi_0151.jpg,103257,pituitary,pituitary,1,0.996855,,7,0.000000,0.003144,0.000000,0.996855
data/Testing/pituitary/Te-pi_0152.jpg,103478,pituitary,pituitary,1,0.996780,,7,0.000005,0.003187,0.000028,0.996780
data/Testing/pituitary/Te-pi_0153.jpg,103582,pituitary,pituitary,1,0.991496,,7,0.000519,0.007973,0.000013,0.991496
data/Testing/pituitary/Te-pi_0154.jpg,103582,pituitary,pituitary,1,0.993306,,7,0.000018,0.006668,0.000007,0.993306
data/Testing/pituitary/Te-pi_0155.jpg,103670,pituitary,pituitary,1,0.999988,,7,0.000000,0.000012,0.000000,0.999988
data/Testing/pituitary/Te-pi_0156.jpg,103671,pituitary,pituitary,1,0.987755,,7,0.010782,0.001430,0.000034,0.987755
data/Testing/pituitary/Te-pi_0157.jpg,103731,pituitary,pituitary,1,0.999992,,7,0.000005,0.000003,0.000000,0.999992
data/Testing/pituitary/Te-pi_0158.jpg,103731,pituitary,pituitary,1,0.999658,,7,0.000332,0.000010,0.000000,0.999658
data/Testing/pituitary/Te-pi_0159.jpg,103837,pituitary,pituitary,1,0.999483,,7,0.000000,0.000516,0.000000,0.999483
data/Testing/pituitary/Te-pi_0160.jpg,103837,pituitary,pituitary,1,0.999618,,7,0.000000,0.000381,0.000001,0.999618
data/Testing/pituitary/Te-pi_0161.jpg,104019,pituitary,pituitary,1,0.999560,,7,0.000305,0.000135,0.000000,0.999560
data/Testing/pituitary/Te-pi_0162.jpg,101029,pituitary,pituitary,1,0.998915,,7,0.000942,0.000094,0.000049,0.998915
data/Testing/pituitary/Te-pi_0163.jpg,104558,pituitary,pituitary,1,0.997911,,7,0.000024,0.002061,0.000004,0.997911
data/Testing/pituitary/Te-pi_0164.jpg,104558,pituitary,pituitary,1,0.998129,,7,0.000000,0.001870,0.000000,0.998129
data/Testing/pituitary/Te-pi_0165.jpg,112649,pituitary,pituitary,1,0.999684,,7,0.000305,0.000010,0.000001,0.999684
data/Testing/pituitary/Te-pi_0166.jpg,104684,pituitary,pituitary,1,0.999821,,7,0.000000,0.000138,0.000041,0.999821
data/Testing/pituitary/Te-pi_0167.jpg,104684,pituitary,pituitary,1,0.999982,,7,0.000004,0.000014,0.000000,0.999982
data/Testing/pituitary/Te-pi_0168.jpg,104912,pituitary,pituitary,1,0.999435,,7,0.000001,0.000564,0.000000,0.999435
data/Testing/pituitary/Te-pi_0169.jpg,104912,pituitary,pituitary,1,0.999998,,7,0.000000,0.000002,0.000000,0.999998
data/Testing/pituitary/Te-pi_0170.jpg,105187,pituitary,pituitary,1,0.999833,,7,0.000025,0.000114,0.000028,0.999833
data/Testing/pituitary/Te-pi_0171.jpg,105538,pituitary,pituitary,1,0.995152,,7,0.002056,0.002767,0.000025,0.995152
data/Testing/pituitary/Te-pi_0172.jpg,105638,pituitary,pituitary,1,0.999958,,7,0.000002,0.000041,0.000000,0.999958
data/Testing/pituitary/Te-pi_0173.jpg,106062,pituitary,pituitary,1,0.999937,,7,0.000058,0.000006,0.000000,0.999937
data/Testing/pituitary/Te-pi_0174.jpg,97416,pituitary,pituitary,1,0.999032,,7,0.000161,0.000805,0.000002,0.999032
data/Testing/pituitary/Te-pi_0175.jpg,97416,pituitary,pituitary,1,0.898411,,7,0.001904,0.096870,0.002815,0.898411
data/Testing/pituitary/Te-pi_0176.jpg,97461,pituitary,pituitary,1,0.999128,,7,0.000003,0.000870,0.000000,0.999128
data/Testing/pituitary/Te-pi_0177.jpg,97461,pituitary,pituitary,1,0.999990,,7,0.000002,0.000007,0.000001,0.999990
data/Testing/pituitary/Te-pi_0178.jpg,97481,pituitary,pituitary,1,0.993575,,7,0.005108,0.001317,0.000001,0.993575
data/Testing/pituitary/Te-pi_0179.jpg,97599,pituitary,pituitary,1,0.781843,,7,0.004291,0.213747,0.000120,0.781843
data/Testing/pituitary/Te-pi_0180.jpg,97890,pituitary,pituitary,1,0.957189,,7,0.041198,0.001536,0.000077,0.957189
data/Testing/pituitary/Te-pi_0181.jpg,98472,pituitary,pituitary,1,0.999984,,7,0.000001,0.000015,0.000000,0.999984
data/Testing/pituitary/Te-pi_0182.jpg,98652,pituitary,pituitary,1,0.998995,,7,0.000019,0.000980,0.000005,0.998995
data/Testing/pituitary/Te-pi_0183.jpg,98871,pituitary,pituitary,1,0.999439,,7,0.000005,0.000555,0.000001,0.999439
data/Testing/pituitary/Te-pi_0184.jpg,98871,pituitary,pituitary,1,0.999879,,7,0.000044,0.000077,0.000000,0.999879
data/Testing/pituitary/Te-pi_0185.jpg,106062,pituitary,pituitary,1,0.997767,,7,0.002153,0.000074,0.000006,0.997767
data/Testing/pituitary/Te-pi_0186.jpg,98874,pituitary,pituitary,1,0.999710,,7,0.000004,0.000286,0.000000,0.999710
data/Testing/pituitary/Te-pi_0187.jpg,98992,pituitary,pituitary,1,0.995980,,7,0.000206,0.003784,0.000031,0.995980
data/Testing/pituitary/Te-pi_0188.jpg,98992,pituitary,pituitary,1,0.765556,,7,0.010115,0.210899,0.013430,0.765556
data/Testing/pituitary/Te-pi_0189.jpg,98995,pituitary,pituitary,1,0.999990,,7,0.000000,0.000010,0.000000,0.999990
data/Testing/pituitary/Te-pi_0190.jpg,99223,pituitary,pituitary,1,0.998984,,7,0.000464,0.000535,0.000018,0.998984
data/Testing/pituitary/Te-pi_0191.jpg,99223,pituitary,pituitary,1,0.999697,,7,0.000294,0.000008,0.000000,0.999697
data/Testing/pituitary/Te-pi_0192.jpg,101017,pituitary,pituitary,1,0.999964,,7,0.000036,0.000000,0.000000,0.999964
data/Testing/pituitary/Te-pi_0193.jpg,101017,pituitary,pituitary,1,0.999985,,7,0.000000,0.000014,0.000000,0.999985
data/Testing/pituitary/Te-pi_0194.jpg,101029,pituitary,pituitary,1,0.999982,,7,0.000000,0.000012,0.000005,0.999982
data/Testing/pituitary/Te-pi_0195.jpg,107495,pituitary,pituitary,1,0.999992,,7,0.000001,0.000006,0.000001,0.999992
data/Testing/pituitary/Te-pi_0196.jpg,unmatched::data/Testing/pituitary/Te-pi_0196.jpg,pituitary,pituitary,1,0.999976,,7,0.000002,0.000020,0.000002,0.999976
data/Testing/pituitary/Te-pi_0197.jpg,101305,pituitary,pituitary,1,0.999977,,7,0.000022,0.000002,0.000000,0.999977
data/Testing/pituitary/Te-pi_0198.jpg,101305,pituitary,pituitary,1,0.999822,,7,0.000135,0.000042,0.000001,0.999822
data/Testing/pituitary/Te-pi_0199.jpg,101724,pituitary,pituitary,1,0.999973,,7,0.000014,0.000010,0.000002,0.999973
data/Testing/pituitary/Te-pi_0200.jpg,102648,pituitary,pituitary,1,0.999966,,7,0.000033,0.000001,0.000000,0.999966
data/Testing/pituitary/Te-pi_0201.jpg,103046,pituitary,pituitary,1,0.999997,,7,0.000000,0.000002,0.000000,0.999997
data/Testing/pituitary/Te-pi_0202.jpg,103257,pituitary,pituitary,1,0.999997,,7,0.000000,0.000002,0.000000,0.999997
data/Testing/pituitary/Te-pi_0203.jpg,103257,pituitary,pituitary,1,0.999999,,7,0.000000,0.000001,0.000000,0.999999
data/Testing/pituitary/Te-pi_0204.jpg,103478,pituitary,pituitary,1,0.999996,,7,0.000001,0.000001,0.000002,0.999996
data/Testing/pituitary/Te-pi_0205.jpg,107429,pituitary,pituitary,1,0.999994,,7,0.000005,0.000001,0.000000,0.999994
data/Testing/pituitary/Te-pi_0206.jpg,103478,pituitary,pituitary,1,0.999985,,7,0.000000,0.000003,0.000012,0.999985
data/Testing/pituitary/Te-pi_0207.jpg,103582,pituitary,pituitary,1,0.999872,,7,0.000000,0.000118,0.000009,0.999872
data/Testing/pituitary/Te-pi_0208.jpg,103670,pituitary,pituitary,1,0.999998,,7,0.000000,0.000002,0.000000,0.999998
data/Testing/pituitary/Te-pi_0209.jpg,103671,pituitary,pituitary,1,0.999763,,7,0.000005,0.000231,0.000002,0.999763
data/Testing/pituitary/Te-pi_0210.jpg,103731,pituitary,pituitary,1,0.999753,,7,0.000072,0.000173,0.000002,0.999753
data/Testing/pituitary/Te-pi_0211.jpg,103731,pituitary,pituitary,1,0.999945,,7,0.000007,0.000047,0.000001,0.999945
data/Testing/pituitary/Te-pi_0212.jpg,103837,pituitary,pituitary,1,0.999665,,7,0.000000,0.000006,0.000329,0.999665
data/Testing/pituitary/Te-pi_0213.jpg,104019,pituitary,pituitary,1,0.999994,,7,0.000006,0.000000,0.000000,0.999994
data/Testing/pituitary/Te-pi_0214.jpg,104019,pituitary,pituitary,1,0.999996,,7,0.000004,0.000000,0.000000,0.999996
data/Testing/pituitary/Te-pi_0215.jpg,104558,pituitary,pituitary,1,0.999996,,7,0.000000,0.000004,0.000001,0.999996
data/Testing/pituitary/Te-pi_0216.jpg,104684,pituitary,pituitary,1,0.999577,,7,0.000322,0.000093,0.000009,0.999577
data/Testing/pituitary/Te-pi_0217.jpg,107429,pituitary,pituitary,1,0.988812,,7,0.000001,0.011149,0.000039,0.988812
data/Testing/pituitary/Te-pi_0218.jpg,104684,pituitary,pituitary,1,0.999982,,7,0.000005,0.000013,0.000001,0.999982
data/Testing/pituitary/Te-pi_0219.jpg,104912,pituitary,pituitary,1,0.999995,,7,0.000004,0.000001,0.000000,0.999995
data/Testing/pituitary/Te-pi_0220.jpg,105187,pituitary,pituitary,1,0.999997,,7,0.000000,0.000000,0.000003,0.999997
data/Testing/pituitary/Te-pi_0221.jpg,105187,pituitary,pituitary,1,1.000000,,7,0.000000,0.000000,0.000000,1.000000
data/Testing/pituitary/Te-pi_0222.jpg,105475,pituitary,pituitary,1,0.999956,,7,0.000010,0.000034,0.000000,0.999956
data/Testing/pituitary/Te-pi_0223.jpg,105638,pituitary,pituitary,1,0.999751,,7,0.000216,0.000025,0.000008,0.999751
data/Testing/pituitary/Te-pi_0224.jpg,97416,pituitary,pituitary,1,0.900224,,7,0.099773,0.000001,0.000002,0.900224
data/Testing/pituitary/Te-pi_0225.jpg,97416,pituitary,pituitary,1,0.999997,,7,0.000000,0.000003,0.000000,0.999997
data/Testing/pituitary/Te-pi_0226.jpg,97461,pituitary,pituitary,1,1.000000,,7,0.000000,0.000000,0.000000,1.000000
data/Testing/pituitary/Te-pi_0227.jpg,107505,pituitary,pituitary,1,0.999949,,7,0.000045,0.000005,0.000000,0.999949
data/Testing/pituitary/Te-pi_0228.jpg,97461,pituitary,pituitary,1,1.000000,,7,0.000000,0.000000,0.000000,1.000000
data/Testing/pituitary/Te-pi_0229.jpg,97481,pituitary,pituitary,1,0.999817,,7,0.000177,0.000006,0.000000,0.999817
data/Testing/pituitary/Te-pi_0230.jpg,97481,pituitary,pituitary,1,0.999978,,7,0.000004,0.000018,0.000000,0.999978
data/Testing/pituitary/Te-pi_0231.jpg,97890,pituitary,pituitary,1,0.999984,,7,0.000014,0.000002,0.000000,0.999984
data/Testing/pituitary/Te-pi_0232.jpg,98472,pituitary,pituitary,1,0.999995,,7,0.000001,0.000004,0.000000,0.999995
data/Testing/pituitary/Te-pi_0233.jpg,98652,pituitary,pituitary,1,0.999991,,7,0.000006,0.000001,0.000002,0.999991
data/Testing/pituitary/Te-pi_0234.jpg,98871,pituitary,pituitary,1,0.999969,,7,0.000019,0.000001,0.000011,0.999969
data/Testing/pituitary/Te-pi_0235.jpg,98871,pituitary,pituitary,1,0.999999,,7,0.000000,0.000000,0.000000,0.999999
data/Testing/pituitary/Te-pi_0236.jpg,98874,pituitary,pituitary,1,0.999981,,7,0.000001,0.000018,0.000000,0.999981
data/Testing/pituitary/Te-pi_0237.jpg,98992,pituitary,pituitary,1,0.999862,,7,0.000135,0.000002,0.000000,0.999862
data/Testing/pituitary/Te-pi_0238.jpg,98992,pituitary,pituitary,1,0.999963,,7,0.000000,0.000033,0.000004,0.999963
data/Testing/pituitary/Te-pi_0239.jpg,107743,pituitary,pituitary,1,0.999995,,7,0.000001,0.000002,0.000002,0.999995
data/Testing/pituitary/Te-pi_0240.jpg,98995,pituitary,pituitary,1,0.999985,,7,0.000008,0.000007,0.000000,0.999985
data/Testing/pituitary/Te-pi_0241.jpg,98995,pituitary,pituitary,1,0.999996,,7,0.000000,0.000004,0.000000,0.999996
data/Testing/pituitary/Te-pi_0242.jpg,99223,pituitary,pituitary,1,0.999998,,7,0.000000,0.000001,0.000000,0.999998
data/Testing/pituitary/Te-pi_0243.jpg,101017,pituitary,pituitary,1,0.999971,,7,0.000000,0.000029,0.000000,0.999971
data/Testing/pituitary/Te-pi_0244.jpg,101029,pituitary,pituitary,1,1.000000,,7,0.000000,0.000000,0.000000,1.000000
data/Testing/pituitary/Te-pi_0245.jpg,101029,pituitary,pituitary,1,1.000000,,7,0.000000,0.000000,0.000000,1.000000
data/Testing/pituitary/Te-pi_0246.jpg,101145,pituitary,pituitary,1,0.999824,,7,0.000006,0.000130,0.000040,0.999824
data/Testing/pituitary/Te-pi_0247.jpg,101305,pituitary,pituitary,1,0.999973,,7,0.000006,0.000021,0.000000,0.999973
data/Testing/pituitary/Te-pi_0248.jpg,101724,pituitary,pituitary,1,0.997483,,7,0.000009,0.002437,0.000071,0.997483
data/Testing/pituitary/Te-pi_0249.jpg,108858,pituitary,pituitary,1,0.999764,,7,0.000229,0.000006,0.000001,0.999764
data/Testing/pituitary/Te-pi_0250.jpg,102648,pituitary,pituitary,1,0.999966,,7,0.000032,0.000002,0.000000,0.999966
data/Testing/pituitary/Te-pi_0251.jpg,102648,pituitary,pituitary,1,0.999784,,7,0.000055,0.000153,0.000008,0.999784
data/Testing/pituitary/Te-pi_0252.jpg,103046,pituitary,pituitary,1,0.999983,,7,0.000000,0.000012,0.000004,0.999983
data/Testing/pituitary/Te-pi_0253.jpg,103257,pituitary,pituitary,1,0.999810,,7,0.000000,0.000190,0.000000,0.999810
data/Testing/pituitary/Te-pi_0254.jpg,103257,pituitary,pituitary,1,0.999985,,7,0.000013,0.000001,0.000001,0.999985
data/Testing/pituitary/Te-pi_0255.jpg,103478,pituitary,pituitary,1,0.999998,,7,0.000000,0.000001,0.000001,0.999998
data/Testing/pituitary/Te-pi_0256.jpg,103478,pituitary,pituitary,1,0.999999,,7,0.000000,0.000001,0.000000,0.999999
data/Testing/pituitary/Te-pi_0257.jpg,103582,pituitary,pituitary,1,0.999904,,7,0.000000,0.000096,0.000000,0.999904
data/Testing/pituitary/Te-pi_0258.jpg,103582,pituitary,pituitary,1,0.999990,,7,0.000000,0.000010,0.000000,0.999990
data/Testing/pituitary/Te-pi_0259.jpg,108858,pituitary,pituitary,1,0.999925,,7,0.000028,0.000037,0.000010,0.999925
data/Testing/pituitary/Te-pi_0260.jpg,103670,pituitary,pituitary,1,0.999834,,7,0.000004,0.000146,0.000016,0.999834
data/Testing/pituitary/Te-pi_0261.jpg,103671,pituitary,pituitary,1,0.999996,,7,0.000000,0.000004,0.000000,0.999996
data/Testing/pituitary/Te-pi_0262.jpg,103731,pituitary,pituitary,1,0.999991,,7,0.000000,0.000009,0.000000,0.999991
data/Testing/pituitary/Te-pi_0263.jpg,103731,pituitary,pituitary,1,1.000000,,7,0.000000,0.000000,0.000000,1.000000
data/Testing/pituitary/Te-pi_0264.jpg,103837,pituitary,pituitary,1,0.962445,,7,0.000000,0.027944,0.009611,0.962445
data/Testing/pituitary/Te-pi_0265.jpg,112746,pituitary,pituitary,1,0.994408,,7,0.004478,0.001103,0.000011,0.994408
data/Testing/pituitary/Te-pi_0266.jpg,104019,pituitary,pituitary,1,0.999865,,7,0.000000,0.000113,0.000022,0.999865
data/Testing/pituitary/Te-pi_0267.jpg,104558,pituitary,pituitary,1,0.994458,,7,0.000003,0.005529,0.000009,0.994458
data/Testing/pituitary/Te-pi_0268.jpg,104558,pituitary,pituitary,1,0.998513,,7,0.000000,0.001485,0.000002,0.998513
data/Testing/pituitary/Te-pi_0269.jpg,104558,pituitary,pituitary,1,0.683388,,7,0.000154,0.316396,0.000062,0.683388
data/Testing/pituitary/Te-pi_0270.jpg,104684,pituitary,pituitary,1,1.000000,,7,0.000000,0.000000,0.000000,1.000000
data/Testing/pituitary/Te-pi_0271.jpg,104912,pituitary,pituitary,1,0.999997,,7,0.000002,0.000000,0.000000,0.999997
data/Testing/pituitary/Te-pi_0272.jpg,104912,pituitary,pituitary,1,0.999995,,7,0.000004,0.000001,0.000000,0.999995
data/Testing/pituitary/Te-pi_0273.jpg,108931,pituitary,pituitary,1,0.999998,,7,0.000001,0.000000,0.000001,0.999998
data/Testing/pituitary/Te-pi_0274.jpg,105187,pituitary,pituitary,1,0.999997,,7,0.000001,0.000002,0.000000,0.999997
data/Testing/pituitary/Te-pi_0275.jpg,105187,pituitary,pituitary,1,0.999990,,7,0.000000,0.000009,0.000000,0.999990
data/Testing/pituitary/Te-pi_0276.jpg,105475,pituitary,pituitary,1,0.999831,,7,0.000006,0.000129,0.000034,0.999831
data/Testing/pituitary/Te-pi_0277.jpg,105638,pituitary,pituitary,1,0.999994,,7,0.000004,0.000000,0.000001,0.999994
data/Testing/pituitary/Te-pi_0278.jpg,105638,pituitary,pituitary,1,0.999907,,7,0.000001,0.000092,0.000001,0.999907
data/Testing/pituitary/Te-pi_0279.jpg,97416,pituitary,pituitary,1,0.999781,,7,0.000000,0.000219,0.000000,0.999781
data/Testing/pituitary/Te-pi_0280.jpg,97461,pituitary,pituitary,1,0.999986,,7,0.000000,0.000014,0.000000,0.999986
data/Testing/pituitary/Te-pi_0281.jpg,97461,pituitary,pituitary,1,0.999846,,7,0.000003,0.000150,0.000002,0.999846
data/Testing/pituitary/Te-pi_0282.jpg,97481,pituitary,pituitary,1,0.999998,,7,0.000000,0.000002,0.000000,0.999998
data/Testing/pituitary/Te-pi_0283.jpg,109471,pituitary,pituitary,1,0.999987,,7,0.000009,0.000003,0.000001,0.999987
data/Testing/pituitary/Te-pi_0284.jpg,97481,pituitary,pituitary,1,0.999994,,7,0.000005,0.000000,0.000001,0.999994
data/Testing/pituitary/Te-pi_0285.jpg,97890,pituitary,pituitary,1,0.999904,,7,0.000000,0.000086,0.000010,0.999904
data/Testing/pituitary/Te-pi_0286.jpg,97890,pituitary,pituitary,1,0.999991,,7,0.000000,0.000008,0.000001,0.999991
data/Testing/pituitary/Te-pi_0287.jpg,98472,pituitary,pituitary,1,0.999982,,7,0.000003,0.000014,0.000000,0.999982
data/Testing/pituitary/Te-pi_0288.jpg,98652,pituitary,pituitary,1,0.999770,,7,0.000003,0.000192,0.000035,0.999770
data/Testing/pituitary/Te-pi_0289.jpg,98652,pituitary,pituitary,1,0.999801,,7,0.000054,0.000142,0.000004,0.999801
data/Testing/pituitary/Te-pi_0290.jpg,98871,pituitary,pituitary,1,0.999984,,7,0.000003,0.000012,0.000001,0.999984
data/Testing/pituitary/Te-pi_0291.jpg,98874,pituitary,pituitary,1,0.999799,,7,0.000001,0.000199,0.000001,0.999799
data/Testing/pituitary/Te-pi_0292.jpg,98874,pituitary,pituitary,1,0.999754,,7,0.000000,0.000245,0.000001,0.999754
data/Testing/pituitary/Te-pi_0293.jpg,98992,pituitary,pituitary,1,0.993083,,7,0.000008,0.006907,0.000003,0.993083
data/Testing/pituitary/Te-pi_0294.jpg,98992,pituitary,pituitary,1,0.999992,,7,0.000000,0.000008,0.000000,0.999992
data/Testing/pituitary/Te-pi_0295.jpg,109471,pituitary,pituitary,1,0.999997,,7,0.000001,0.000001,0.000000,0.999997
data/Testing/pituitary/Te-pi_0296.jpg,98992,pituitary,pituitary,1,0.999905,,7,0.000001,0.000094,0.000000,0.999905
data/Testing/pituitary/Te-pi_0297.jpg,98995,pituitary,pituitary,1,0.999800,,7,0.000003,0.000195,0.000002,0.999800
data/Testing/pituitary/Te-pi_0298.jpg,99223,pituitary,pituitary,1,0.999999,,7,0.000001,0.000000,0.000000,0.999999
data/Testing/pituitary/Te-pi_0299.jpg,109769,pituitary,pituitary,1,0.999984,,7,0.000013,0.000000,0.000003,0.999984
