path,group,true,pred,correct,confidence,fold,seed,p_glioma,p_meningioma,p_notumor,p_pituitary
data_rand_fold3/Testing/glioma/Te-glTr_0001.jpg,MR026175C,glioma,glioma,1,0.999709,3,0,0.999709,0.000040,0.000079,0.000172
data_rand_fold3/Testing/glioma/Te-gl_0011.jpg,MR053110B,glioma,glioma,1,0.999824,3,0,0.999824,0.000108,0.000025,0.000043
data_rand_fold3/Testing/glioma/Te-gl_0014.jpg,MR034997,glioma,glioma,1,0.999991,3,0,0.999991,0.000001,0.000007,0.000000
data_rand_fold3/Testing/glioma/Te-gl_0016.jpg,MR049019G,glioma,glioma,1,0.999879,3,0,0.999879,0.000043,0.000044,0.000034
data_rand_fold3/Testing/glioma/Te-gl_0017.jpg,MR049019G,glioma,glioma,1,0.999634,3,0,0.999634,0.000343,0.000009,0.000014
data_rand_fold3/Testing/glioma/Te-gl_0032.jpg,MR040240D,glioma,glioma,1,0.999992,3,0,0.999992,0.000004,0.000003,0.000001
data_rand_fold3/Testing/glioma/Te-gl_0038.jpg,MR048294B,glioma,glioma,1,0.999869,3,0,0.999869,0.000060,0.000020,0.000052
data_rand_fold3/Testing/glioma/Te-gl_0046.jpg,106494,glioma,glioma,1,0.911494,3,0,0.911494,0.088383,0.000086,0.000037
data_rand_fold3/Testing/glioma/Te-gl_0058.jpg,MR048944B,glioma,glioma,1,0.999966,3,0,0.999966,0.000016,0.000011,0.000007
data_rand_fold3/Testing/glioma/Te-gl_0063.jpg,MR049453,glioma,glioma,1,0.999965,3,0,0.999965,0.000018,0.000009,0.000008
data_rand_fold3/Testing/glioma/Te-gl_0065.jpg,MR049453B,glioma,glioma,1,0.999809,3,0,0.999809,0.000105,0.000028,0.000057
data_rand_fold3/Testing/glioma/Te-gl_0077.jpg,MR024780G,glioma,glioma,1,0.999962,3,0,0.999962,0.000025,0.000011,0.000002
data_rand_fold3/Testing/glioma/Te-gl_0078.jpg,MR024780G,glioma,glioma,1,0.999929,3,0,0.999929,0.000010,0.000030,0.000032
data_rand_fold3/Testing/glioma/Te-gl_0083.jpg,MR050791B,glioma,glioma,1,0.998133,3,0,0.998133,0.001615,0.000197,0.000054
data_rand_fold3/Testing/glioma/Te-gl_0087.jpg,MR051461B,glioma,glioma,1,0.999670,3,0,0.999670,0.000308,0.000009,0.000013
data_rand_fold3/Testing/glioma/Te-gl_0089.jpg,MR051644,glioma,glioma,1,0.993327,3,0,0.993327,0.005318,0.000833,0.000522
data_rand_fold3/Testing/glioma/Te-gl_0090.jpg,MR051796B,glioma,glioma,1,0.999956,3,0,0.999956,0.000024,0.000008,0.000011
data_rand_fold3/Testing/glioma/Te-gl_0097.jpg,MR034997,glioma,glioma,1,0.999959,3,0,0.999959,0.000020,0.000017,0.000004
data_rand_fold3/Testing/glioma/Te-gl_0111.jpg,MR039473B,glioma,glioma,1,0.999973,3,0,0.999973,0.000006,0.000009,0.000012
data_rand_fold3/Testing/glioma/Te-gl_0114.jpg,MR037458C,glioma,glioma,1,0.999481,3,0,0.999481,0.000496,0.000014,0.000009
data_rand_fold3/Testing/glioma/Te-gl_0119.jpg,MR040240B,glioma,glioma,1,0.999916,3,0,0.999916,0.000029,0.000028,0.000027
data_rand_fold3/Testing/glioma/Te-gl_0125.jpg,MR049142,glioma,glioma,1,0.967519,3,0,0.967519,0.029019,0.001055,0.002407
data_rand_fold3/Testing/glioma/Te-gl_0130.jpg,MR049358,glioma,glioma,1,0.999871,3,0,0.999871,0.000106,0.000018,0.000005
data_rand_fold3/Testing/glioma/Te-gl_0131.jpg,MR049453,glioma,glioma,1,0.999893,3,0,0.999893,0.000058,0.000029,0.000020
data_rand_fold3/Testing/glioma/Te-gl_0132.jpg,MR049453,glioma,glioma,1,0.999968,3,0,0.999968,0.000014,0.000008,0.000010
data_rand_fold3/Testing/glioma/Te-gl_0138.jpg,MR048294,glioma,glioma,1,0.999868,3,0,0.999868,0.000061,0.000051,0.000020
data_rand_fold3/Testing/glioma/Te-gl_0139.jpg,MR048297,glioma,glioma,1,0.999961,3,0,0.999961,0.000020,0.000013,0.000007
data_rand_fold3/Testing/glioma/Te-gl_0141.jpg,MR048621B,glioma,glioma,1,0.999780,3,0,0.999780,0.000101,0.000059,0.000061
data_rand_fold3/Testing/glioma/Te-gl_0155.jpg,MR052550,glioma,glioma,1,0.999912,3,0,0.999912,0.000023,0.000033,0.000032
data_rand_fold3/Testing/glioma/Te-gl_0161.jpg,MR053110E,glioma,glioma,1,0.998953,3,0,0.998953,0.000979,0.000019,0.000049
data_rand_fold3/Testing/glioma/Te-gl_0164.jpg,MR049019G,glioma,glioma,1,0.999846,3,0,0.999846,0.000041,0.000011,0.000103
data_rand_fold3/Testing/glioma/Te-gl_0167.jpg,MR038469,glioma,glioma,1,0.999954,3,0,0.999954,0.000015,0.000009,0.000022
data_rand_fold3/Testing/glioma/Te-gl_0171.jpg,MR039473B,glioma,glioma,1,0.999969,3,0,0.999969,0.000014,0.000004,0.000013
data_rand_fold3/Testing/glioma/Te-gl_0173.jpg,MR048297,glioma,glioma,1,0.999932,3,0,0.999932,0.000036,0.000024,0.000008
data_rand_fold3/Testing/glioma/Te-gl_0190.jpg,MR050135B,glioma,glioma,1,0.999958,3,0,0.999958,0.000006,0.000004,0.000032
data_rand_fold3/Testing/glioma/Te-gl_0195.jpg,MR051461,glioma,glioma,1,0.999947,3,0,0.999947,0.000037,0.000007,0.000010
data_rand_fold3/Testing/glioma/Te-gl_0198.jpg,MR051586,glioma,glioma,1,0.999901,3,0,0.999901,0.000084,0.000013,0.000003
data_rand_fold3/Testing/glioma/Te-gl_0211.jpg,MR051796B,glioma,glioma,1,0.999911,3,0,0.999911,0.000019,0.000009,0.000061
data_rand_fold3/Testing/glioma/Te-gl_0213.jpg,MR052550,glioma,glioma,1,0.999958,3,0,0.999958,0.000013,0.000013,0.000016
data_rand_fold3/Testing/glioma/Te-gl_0214.jpg,MR052550,glioma,glioma,1,0.999756,3,0,0.999756,0.000044,0.000111,0.000088
data_rand_fold3/Testing/glioma/Te-gl_0218.jpg,MR051644C,glioma,glioma,1,0.999905,3,0,0.999905,0.000037,0.000005,0.000053
data_rand_fold3/Testing/glioma/Te-gl_0223.jpg,MR050687C,glioma,glioma,1,0.997333,3,0,0.997333,0.001497,0.000027,0.001143
data_rand_fold3/Testing/glioma/Te-gl_0232.jpg,100820,glioma,meningioma,0,0.886168,3,0,0.112417,0.886168,0.001069,0.000347
data_rand_fold3/Testing/glioma/Te-gl_0236.jpg,101020,glioma,glioma,1,0.999980,3,0,0.999980,0.000018,0.000001,0.000001
data_rand_fold3/Testing/glioma/Te-gl_0238.jpg,103148,glioma,glioma,1,0.746265,3,0,0.746265,0.253505,0.000148,0.000082
data_rand_fold3/Testing/glioma/Te-gl_0241.jpg,107747,glioma,glioma,1,0.998328,3,0,0.998328,0.001333,0.000166,0.000173
data_rand_fold3/Testing/glioma/Te-gl_0244.jpg,112105,glioma,glioma,1,0.998552,3,0,0.998552,0.001292,0.000051,0.000104
data_rand_fold3/Testing/glioma/Te-gl_0259.jpg,100820,glioma,meningioma,0,0.695536,3,0,0.281443,0.695536,0.017592,0.005430
data_rand_fold3/Testing/glioma/Te-gl_0260.jpg,101020,glioma,glioma,1,0.999845,3,0,0.999845,0.000115,0.000018,0.000021
data_rand_fold3/Testing/glioma/Te-gl_0268.jpg,108479,glioma,glioma,1,0.985562,3,0,0.985562,0.012913,0.000094,0.001431
data_rand_fold3/Testing/glioma/Te-gl_0272.jpg,90284,glioma,glioma,1,0.988975,3,0,0.988975,0.000874,0.001361,0.008790
data_rand_fold3/Testing/glioma/Te-gl_0275.jpg,93329,glioma,glioma,1,0.997776,3,0,0.997776,0.002016,0.000021,0.000187
data_rand_fold3/Testing/glioma/Te-gl_0277.jpg,93329,glioma,glioma,1,0.989788,3,0,0.989788,0.007188,0.000106,0.002917
data_rand_fold3/Testing/glioma/Te-gl_0278.jpg,93825,glioma,glioma,1,0.996808,3,0,0.996808,0.002817,0.000030,0.000345
data_rand_fold3/Testing/glioma/Te-gl_0282.jpg,96587,glioma,glioma,1,0.999712,3,0,0.999712,0.000268,0.000009,0.000011
data_rand_fold3/Testing/glioma/Te-gl_0285.jpg,98889,glioma,glioma,1,0.999943,3,0,0.999943,0.000040,0.000012,0.000005
data_rand_fold3/Testing/glioma/Tr-glTr_0004.jpg,MR051644C,glioma,glioma,1,0.999978,3,0,0.999978,0.000012,0.000007,0.000003
data_rand_fold3/Testing/glioma/Tr-glTr_0008.jpg,MR050687C,glioma,glioma,1,0.999591,3,0,0.999591,0.000056,0.000025,0.000328
data_rand_fold3/Testing/glioma/Tr-gl_0010.jpg,MR029209E,glioma,glioma,1,0.999904,3,0,0.999904,0.000074,0.000013,0.000009
data_rand_fold3/Testing/glioma/Tr-gl_0011.jpg,MR053110E,glioma,glioma,1,0.999729,3,0,0.999729,0.000166,0.000069,0.000036
data_rand_fold3/Testing/glioma/Tr-gl_0014.jpg,MR038469,glioma,glioma,1,0.999099,3,0,0.999099,0.000396,0.000403,0.000102
data_rand_fold3/Testing/glioma/Tr-gl_0017.jpg,MR039473,glioma,glioma,1,0.999906,3,0,0.999906,0.000019,0.000028,0.000046
data_rand_fold3/Testing/glioma/Tr-gl_0021.jpg,MR037458C,glioma,glioma,1,0.999949,3,0,0.999949,0.000044,0.000004,0.000003
data_rand_fold3/Testing/glioma/Tr-gl_0027.jpg,MR040240B,glioma,glioma,1,0.999731,3,0,0.999731,0.000062,0.000129,0.000078
data_rand_fold3/Testing/glioma/Tr-gl_0028.jpg,MR040240B,glioma,glioma,1,0.999880,3,0,0.999880,0.000034,0.000050,0.000036
data_rand_fold3/Testing/glioma/Tr-gl_0033.jpg,MR026175E,glioma,glioma,1,0.999821,3,0,0.999821,0.000074,0.000090,0.000014
data_rand_fold3/Testing/glioma/Tr-gl_0034.jpg,MR040240C,glioma,glioma,1,0.999914,3,0,0.999914,0.000044,0.000020,0.000022
data_rand_fold3/Testing/glioma/Tr-gl_0036.jpg,MR017260F,glioma,glioma,1,0.997246,3,0,0.997246,0.002245,0.000180,0.000329
data_rand_fold3/Testing/glioma/Tr-gl_0041.jpg,112105,glioma,glioma,1,0.999251,3,0,0.999251,0.000415,0.000212,0.000121
data_rand_fold3/Testing/glioma/Tr-gl_0068.jpg,MR051644,glioma,glioma,1,0.998852,3,0,0.998852,0.000925,0.000097,0.000126
data_rand_fold3/Testing/glioma/Tr-gl_0072.jpg,MR051644C,glioma,glioma,1,0.999981,3,0,0.999981,0.000004,0.000014,0.000001
data_rand_fold3/Testing/glioma/Tr-gl_0075.jpg,MR034997,glioma,glioma,1,0.999884,3,0,0.999884,0.000054,0.000053,0.000010
data_rand_fold3/Testing/glioma/Tr-gl_0080.jpg,MR037458B,glioma,meningioma,0,0.994035,3,0,0.005421,0.994035,0.000394,0.000150
data_rand_fold3/Testing/glioma/Tr-gl_0085.jpg,MR050135B,glioma,glioma,1,0.999981,3,0,0.999981,0.000003,0.000012,0.000004
data_rand_fold3/Testing/glioma/Tr-gl_0086.jpg,MR050687,glioma,glioma,1,0.999944,3,0,0.999944,0.000027,0.000014,0.000015
data_rand_fold3/Testing/glioma/Tr-gl_0090.jpg,MR017260F,glioma,glioma,1,0.999981,3,0,0.999981,0.000005,0.000006,0.000008
data_rand_fold3/Testing/glioma/Tr-gl_0112.jpg,MR049453,glioma,glioma,1,0.999867,3,0,0.999867,0.000056,0.000028,0.000050
data_rand_fold3/Testing/glioma/Tr-gl_0115.jpg,MR050135B,glioma,glioma,1,0.999992,3,0,0.999992,0.000004,0.000001,0.000002
data_rand_fold3/Testing/glioma/Tr-gl_0119.jpg,MR033389B,glioma,glioma,1,0.999949,3,0,0.999949,0.000033,0.000016,0.000001
data_rand_fold3/Testing/glioma/Tr-gl_0128.jpg,MR049104B,glioma,glioma,1,0.999886,3,0,0.999886,0.000032,0.000052,0.000029
data_rand_fold3/Testing/glioma/Tr-gl_0130.jpg,MR049104B,glioma,glioma,1,0.999563,3,0,0.999563,0.000057,0.000159,0.000222
data_rand_fold3/Testing/glioma/Tr-gl_0134.jpg,MR049453,glioma,glioma,1,0.999977,3,0,0.999977,0.000003,0.000013,0.000007
data_rand_fold3/Testing/glioma/Tr-gl_0136.jpg,MR049453,glioma,glioma,1,0.999966,3,0,0.999966,0.000005,0.000027,0.000002
data_rand_fold3/Testing/glioma/Tr-gl_0152.jpg,MR049453B,glioma,glioma,1,0.999860,3,0,0.999860,0.000012,0.000065,0.000063
data_rand_fold3/Testing/glioma/Tr-gl_0153.jpg,MR049453B,glioma,glioma,1,0.999982,3,0,0.999982,0.000006,0.000008,0.000004
data_rand_fold3/Testing/glioma/Tr-gl_0163.jpg,MR050135B,glioma,glioma,1,0.999226,3,0,0.999226,0.000035,0.000085,0.000654
data_rand_fold3/Testing/glioma/Tr-gl_0171.jpg,MR050135B,glioma,glioma,1,0.999973,3,0,0.999973,0.000005,0.000016,0.000006
data_rand_fold3/Testing/glioma/Tr-gl_0180.jpg,MR050687,glioma,glioma,1,0.999558,3,0,0.999558,0.000335,0.000073,0.000034
data_rand_fold3/Testing/glioma/Tr-gl_0188.jpg,MR050791B,glioma,glioma,1,0.999616,3,0,0.999616,0.000305,0.000042,0.000037
data_rand_fold3/Testing/glioma/Tr-gl_0195.jpg,MR049019C,glioma,glioma,1,0.998835,3,0,0.998835,0.000955,0.000101,0.000109
data_rand_fold3/Testing/glioma/Tr-gl_0199.jpg,MR026175C,glioma,glioma,1,0.999809,3,0,0.999809,0.000048,0.000122,0.000021
data_rand_fold3/Testing/glioma/Tr-gl_0200.jpg,MR026175C,glioma,glioma,1,0.999685,3,0,0.999685,0.000021,0.000238,0.000055
data_rand_fold3/Testing/glioma/Tr-gl_0203.jpg,MR026175C,glioma,glioma,1,0.999731,3,0,0.999731,0.000011,0.000208,0.000050
data_rand_fold3/Testing/glioma/Tr-gl_0214.jpg,MR051586,glioma,glioma,1,0.999959,3,0,0.999959,0.000002,0.000037,0.000002
data_rand_fold3/Testing/glioma/Tr-gl_0220.jpg,MR051461B,glioma,glioma,1,0.999875,3,0,0.999875,0.000107,0.000012,0.000005
data_rand_fold3/Testing/glioma/Tr-gl_0223.jpg,MR051644,glioma,glioma,1,0.992782,3,0,0.992782,0.005719,0.001102,0.000397
data_rand_fold3/Testing/glioma/Tr-gl_0227.jpg,MR051644,glioma,glioma,1,0.997191,3,0,0.997191,0.002707,0.000092,0.000010
data_rand_fold3/Testing/glioma/Tr-gl_0231.jpg,MR051644,glioma,glioma,1,0.981774,3,0,0.981774,0.015510,0.000650,0.002066
data_rand_fold3/Testing/glioma/Tr-gl_0232.jpg,MR051644,glioma,glioma,1,0.999730,3,0,0.999730,0.000181,0.000018,0.000071
data_rand_fold3/Testing/glioma/Tr-gl_0235.jpg,MR051644,glioma,glioma,1,0.999436,3,0,0.999436,0.000329,0.000097,0.000138
data_rand_fold3/Testing/glioma/Tr-gl_0247.jpg,MR051796,glioma,glioma,1,0.999969,3,0,0.999969,0.000023,0.000003,0.000004
data_rand_fold3/Testing/glioma/Tr-gl_0252.jpg,MR051651B,glioma,glioma,1,0.998391,3,0,0.998391,0.001147,0.000430,0.000032
data_rand_fold3/Testing/glioma/Tr-gl_0271.jpg,MR051644C,glioma,glioma,1,0.999956,3,0,0.999956,0.000026,0.000014,0.000004
data_rand_fold3/Testing/glioma/Tr-gl_0276.jpg,MR051644C,glioma,glioma,1,0.999939,3,0,0.999939,0.000005,0.000051,0.000006
data_rand_fold3/Testing/glioma/Tr-gl_0281.jpg,MR049942B,glioma,glioma,1,0.999972,3,0,0.999972,0.000010,0.000014,0.000004
data_rand_fold3/Testing/glioma/Tr-gl_0282.jpg,MR052585B,glioma,glioma,1,0.999945,3,0,0.999945,0.000027,0.000016,0.000012
data_rand_fold3/Testing/glioma/Tr-gl_0284.jpg,MR052585B,glioma,glioma,1,0.999876,3,0,0.999876,0.000046,0.000042,0.000036
data_rand_fold3/Testing/glioma/Tr-gl_0292.jpg,MR053110B,glioma,glioma,1,0.999925,3,0,0.999925,0.000016,0.000054,0.000005
data_rand_fold3/Testing/glioma/Tr-gl_0296.jpg,MR034694,glioma,glioma,1,0.999936,3,0,0.999936,0.000005,0.000057,0.000002
data_rand_fold3/Testing/glioma/Tr-gl_0303.jpg,MR054875,glioma,glioma,1,0.999889,3,0,0.999889,0.000021,0.000068,0.000022
data_rand_fold3/Testing/glioma/Tr-gl_0316.jpg,MR034997,glioma,glioma,1,0.999965,3,0,0.999965,0.000005,0.000030,0.000000
data_rand_fold3/Testing/glioma/Tr-gl_0319.jpg,MR029209E,glioma,glioma,1,0.999938,3,0,0.999938,0.000011,0.000017,0.000034
data_rand_fold3/Testing/glioma/Tr-gl_0321.jpg,MR029209E,glioma,glioma,1,0.999974,3,0,0.999974,0.000002,0.000022,0.000002
data_rand_fold3/Testing/glioma/Tr-gl_0322.jpg,MR029209E,glioma,glioma,1,0.999969,3,0,0.999969,0.000018,0.000009,0.000004
data_rand_fold3/Testing/glioma/Tr-gl_0351.jpg,MR032322C,glioma,glioma,1,0.999948,3,0,0.999948,0.000037,0.000013,0.000003
data_rand_fold3/Testing/glioma/Tr-gl_0353.jpg,MR032322C,glioma,glioma,1,0.999294,3,0,0.999294,0.000076,0.000496,0.000134
data_rand_fold3/Testing/glioma/Tr-gl_0354.jpg,MR032322C,glioma,glioma,1,0.999886,3,0,0.999886,0.000003,0.000091,0.000020
data_rand_fold3/Testing/glioma/Tr-gl_0355.jpg,MR032322C,glioma,glioma,1,0.998938,3,0,0.998938,0.000021,0.000946,0.000095
data_rand_fold3/Testing/glioma/Tr-gl_0358.jpg,MR037458B,glioma,meningioma,0,0.957639,3,0,0.028867,0.957639,0.005815,0.007679
data_rand_fold3/Testing/glioma/Tr-gl_0359.jpg,MR037458B,glioma,meningioma,0,0.866639,3,0,0.125465,0.866639,0.003915,0.003981
data_rand_fold3/Testing/glioma/Tr-gl_0360.jpg,MR037458B,glioma,meningioma,0,0.914115,3,0,0.083470,0.914115,0.000844,0.001570
data_rand_fold3/Testing/glioma/Tr-gl_0361.jpg,MR037458B,glioma,meningioma,0,0.992278,3,0,0.007430,0.992278,0.000178,0.000114
data_rand_fold3/Testing/glioma/Tr-gl_0365.jpg,MR039473,glioma,glioma,1,0.999994,3,0,0.999994,0.000001,0.000002,0.000003
data_rand_fold3/Testing/glioma/Tr-gl_0367.jpg,MR039473B,glioma,glioma,1,0.999863,3,0,0.999863,0.000010,0.000018,0.000109
data_rand_fold3/Testing/glioma/Tr-gl_0373.jpg,MR037458C,glioma,glioma,1,0.999909,3,0,0.999909,0.000026,0.000041,0.000024
data_rand_fold3/Testing/glioma/Tr-gl_0374.jpg,MR037458C,glioma,glioma,1,0.999987,3,0,0.999987,0.000003,0.000009,0.000002
data_rand_fold3/Testing/glioma/Tr-gl_0376.jpg,MR037458C,glioma,glioma,1,0.999982,3,0,0.999982,0.000013,0.000005,0.000001
data_rand_fold3/Testing/glioma/Tr-gl_0379.jpg,MR040240,glioma,glioma,1,0.999950,3,0,0.999950,0.000030,0.000012,0.000008
data_rand_fold3/Testing/glioma/Tr-gl_0385.jpg,MR040240B,glioma,glioma,1,0.999997,3,0,0.999997,0.000001,0.000001,0.000001
data_rand_fold3/Testing/glioma/Tr-gl_0387.jpg,MR040240B,glioma,glioma,1,0.999982,3,0,0.999982,0.000003,0.000005,0.000010
data_rand_fold3/Testing/glioma/Tr-gl_0399.jpg,MR029209G,glioma,glioma,1,0.999900,3,0,0.999900,0.000072,0.000021,0.000007
data_rand_fold3/Testing/glioma/Tr-gl_0409.jpg,MR033420,glioma,glioma,1,0.999939,3,0,0.999939,0.000015,0.000034,0.000011
data_rand_fold3/Testing/glioma/Tr-gl_0415.jpg,MR024780B,glioma,glioma,1,0.999888,3,0,0.999888,0.000060,0.000014,0.000038
data_rand_fold3/Testing/glioma/Tr-gl_0416.jpg,MR033389B,glioma,glioma,1,0.999964,3,0,0.999964,0.000012,0.000022,0.000002
data_rand_fold3/Testing/glioma/Tr-gl_0423.jpg,MR048944B,glioma,glioma,1,0.999991,3,0,0.999991,0.000004,0.000003,0.000001
data_rand_fold3/Testing/glioma/Tr-gl_0425.jpg,MR048944B,glioma,glioma,1,0.999983,3,0,0.999983,0.000005,0.000006,0.000006
data_rand_fold3/Testing/glioma/Tr-gl_0426.jpg,MR048944B,glioma,glioma,1,0.999952,3,0,0.999952,0.000015,0.000010,0.000023
data_rand_fold3/Testing/glioma/Tr-gl_0435.jpg,MR049358,glioma,glioma,1,0.999921,3,0,0.999921,0.000064,0.000013,0.000002
data_rand_fold3/Testing/glioma/Tr-gl_0437.jpg,MR049453,glioma,glioma,1,0.999949,3,0,0.999949,0.000019,0.000025,0.000006
data_rand_fold3/Testing/glioma/Tr-gl_0439.jpg,MR049453,glioma,glioma,1,0.999947,3,0,0.999947,0.000016,0.000017,0.000021
data_rand_fold3/Testing/glioma/Tr-gl_0445.jpg,MR024780G,glioma,glioma,1,0.999948,3,0,0.999948,0.000019,0.000028,0.000004
data_rand_fold3/Testing/glioma/Tr-gl_0449.jpg,MR049453B,glioma,glioma,1,0.999016,3,0,0.999016,0.000911,0.000038,0.000035
data_rand_fold3/Testing/glioma/Tr-gl_0465.jpg,MR050135B,glioma,glioma,1,0.999974,3,0,0.999974,0.000021,0.000002,0.000003
data_rand_fold3/Testing/glioma/Tr-gl_0487.jpg,MR049019C,glioma,glioma,1,0.999341,3,0,0.999341,0.000107,0.000075,0.000477
data_rand_fold3/Testing/glioma/Tr-gl_0490.jpg,MR026175C,glioma,glioma,1,0.999435,3,0,0.999435,0.000344,0.000200,0.000021
data_rand_fold3/Testing/glioma/Tr-gl_0494.jpg,MR026175C,glioma,glioma,1,0.999798,3,0,0.999798,0.000052,0.000037,0.000113
data_rand_fold3/Testing/glioma/Tr-gl_0500.jpg,MR051461,glioma,glioma,1,0.999830,3,0,0.999830,0.000094,0.000034,0.000042
data_rand_fold3/Testing/glioma/Tr-gl_0502.jpg,MR051461,glioma,glioma,1,0.999951,3,0,0.999951,0.000016,0.000009,0.000024
data_rand_fold3/Testing/glioma/Tr-gl_0505.jpg,MR051586,glioma,glioma,1,0.999876,3,0,0.999876,0.000068,0.000053,0.000003
data_rand_fold3/Testing/glioma/Tr-gl_0506.jpg,MR033389B,glioma,glioma,1,0.999946,3,0,0.999946,0.000026,0.000027,0.000001
data_rand_fold3/Testing/glioma/Tr-gl_0508.jpg,MR033389B,glioma,glioma,1,0.999951,3,0,0.999951,0.000021,0.000027,0.000001
data_rand_fold3/Testing/glioma/Tr-gl_0510.jpg,MR033389B,glioma,glioma,1,0.999814,3,0,0.999814,0.000123,0.000060,0.000003
data_rand_fold3/Testing/glioma/Tr-gl_0512.jpg,MR026175E,glioma,glioma,1,0.998450,3,0,0.998450,0.000280,0.000171,0.001099
data_rand_fold3/Testing/glioma/Tr-gl_0526.jpg,MR040240C,glioma,glioma,1,0.999619,3,0,0.999619,0.000322,0.000012,0.000047
data_rand_fold3/Testing/glioma/Tr-gl_0529.jpg,MR040240C,glioma,glioma,1,0.999975,3,0,0.999975,0.000005,0.000003,0.000017
data_rand_fold3/Testing/glioma/Tr-gl_0530.jpg,MR040240C,glioma,glioma,1,0.999394,3,0,0.999394,0.000045,0.000038,0.000523
data_rand_fold3/Testing/glioma/Tr-gl_0540.jpg,MR040240D,glioma,glioma,1,0.999981,3,0,0.999981,0.000003,0.000008,0.000007
data_rand_fold3/Testing/glioma/Tr-gl_0545.jpg,MR040240D,glioma,glioma,1,0.999897,3,0,0.999897,0.000078,0.000012,0.000014
data_rand_fold3/Testing/glioma/Tr-gl_0546.jpg,MR017260F,glioma,glioma,1,0.999934,3,0,0.999934,0.000026,0.000011,0.000029
data_rand_fold3/Testing/glioma/Tr-gl_0551.jpg,MR017260F,glioma,glioma,1,0.999959,3,0,0.999959,0.000007,0.000031,0.000003
data_rand_fold3/Testing/glioma/Tr-gl_0564.jpg,MR048294,glioma,glioma,1,0.999919,3,0,0.999919,0.000048,0.000024,0.000009
data_rand_fold3/Testing/glioma/Tr-gl_0568.jpg,MR048297,glioma,glioma,1,0.999985,3,0,0.999985,0.000009,0.000005,0.000001
data_rand_fold3/Testing/glioma/Tr-gl_0575.jpg,MR048294B,glioma,glioma,1,0.999962,3,0,0.999962,0.000011,0.000021,0.000006
data_rand_fold3/Testing/glioma/Tr-gl_0577.jpg,MR048621B,glioma,glioma,1,0.998927,3,0,0.998927,0.000838,0.000094,0.000142
data_rand_fold3/Testing/glioma/Tr-gl_0578.jpg,MR048621B,glioma,glioma,1,0.999847,3,0,0.999847,0.000080,0.000031,0.000042
data_rand_fold3/Testing/glioma/Tr-gl_0583.jpg,MR048944,glioma,glioma,1,0.999951,3,0,0.999951,0.000025,0.000023,0.000002
data_rand_fold3/Testing/glioma/Tr-gl_0589.jpg,MR048994,glioma,glioma,1,0.999811,3,0,0.999811,0.000175,0.000012,0.000001
data_rand_fold3/Testing/glioma/Tr-gl_0590.jpg,MR048994,glioma,glioma,1,0.999253,3,0,0.999253,0.000659,0.000075,0.000013
data_rand_fold3/Testing/glioma/Tr-gl_0592.jpg,MR048994,glioma,glioma,1,0.999892,3,0,0.999892,0.000091,0.000011,0.000006
data_rand_fold3/Testing/glioma/Tr-gl_0594.jpg,MR048994,glioma,glioma,1,0.999914,3,0,0.999914,0.000074,0.000009,0.000003
data_rand_fold3/Testing/glioma/Tr-gl_0596.jpg,MR037458C,glioma,glioma,1,0.999621,3,0,0.999621,0.000303,0.000026,0.000050
data_rand_fold3/Testing/glioma/Tr-gl_0598.jpg,MR040240,glioma,glioma,1,0.999052,3,0,0.999052,0.000163,0.000055,0.000730
data_rand_fold3/Testing/glioma/Tr-gl_0602.jpg,MR040240,glioma,glioma,1,0.998381,3,0,0.998381,0.000898,0.000207,0.000514
data_rand_fold3/Testing/glioma/Tr-gl_0603.jpg,MR040240,glioma,glioma,1,0.998962,3,0,0.998962,0.000164,0.000614,0.000261
data_rand_fold3/Testing/glioma/Tr-gl_0613.jpg,MR040240B,glioma,glioma,1,0.999989,3,0,0.999989,0.000006,0.000002,0.000003
data_rand_fold3/Testing/glioma/Tr-gl_0614.jpg,MR029209G,glioma,glioma,1,0.999936,3,0,0.999936,0.000049,0.000011,0.000004
data_rand_fold3/Testing/glioma/Tr-gl_0618.jpg,MR029209G,glioma,glioma,1,0.999924,3,0,0.999924,0.000028,0.000028,0.000020
data_rand_fold3/Testing/glioma/Tr-gl_0624.jpg,MR036496B,glioma,glioma,1,0.999942,3,0,0.999942,0.000011,0.000045,0.000003
data_rand_fold3/Testing/glioma/Tr-gl_0626.jpg,MR033420,glioma,glioma,1,0.995007,3,0,0.995007,0.004530,0.000437,0.000026
data_rand_fold3/Testing/glioma/Tr-gl_0636.jpg,MR033420,glioma,glioma,1,0.999990,3,0,0.999990,0.000005,0.000003,0.000002
data_rand_fold3/Testing/glioma/Tr-gl_0642.jpg,MR033389B,glioma,glioma,1,0.999964,3,0,0.999964,0.000025,0.000007,0.000005
data_rand_fold3/Testing/glioma/Tr-gl_0643.jpg,MR033389B,glioma,glioma,1,0.999946,3,0,0.999946,0.000037,0.000009,0.000008
data_rand_fold3/Testing/glioma/Tr-gl_0644.jpg,MR033389B,glioma,glioma,1,0.999866,3,0,0.999866,0.000102,0.000023,0.000010
data_rand_fold3/Testing/glioma/Tr-gl_0647.jpg,MR024780E,glioma,glioma,1,0.999987,3,0,0.999987,0.000006,0.000004,0.000004
data_rand_fold3/Testing/glioma/Tr-gl_0648.jpg,MR026175E,glioma,glioma,1,0.998803,3,0,0.998803,0.000626,0.000561,0.000010
data_rand_fold3/Testing/glioma/Tr-gl_0651.jpg,MR026175E,glioma,glioma,1,0.999492,3,0,0.999492,0.000281,0.000216,0.000011
data_rand_fold3/Testing/glioma/Tr-gl_0655.jpg,MR026175E,glioma,glioma,1,0.999941,3,0,0.999941,0.000024,0.000031,0.000005
data_rand_fold3/Testing/glioma/Tr-gl_0658.jpg,MR040240C,glioma,glioma,1,0.999755,3,0,0.999755,0.000061,0.000043,0.000142
data_rand_fold3/Testing/glioma/Tr-gl_0669.jpg,MR040240C,glioma,glioma,1,0.999936,3,0,0.999936,0.000027,0.000033,0.000004
data_rand_fold3/Testing/glioma/Tr-gl_0678.jpg,MR017260F,glioma,glioma,1,0.998800,3,0,0.998800,0.000498,0.000237,0.000465
data_rand_fold3/Testing/glioma/Tr-gl_0679.jpg,MR029209I,glioma,glioma,1,0.999894,3,0,0.999894,0.000068,0.000019,0.000020
data_rand_fold3/Testing/glioma/Tr-gl_0691.jpg,MR048294,glioma,glioma,1,0.999828,3,0,0.999828,0.000138,0.000025,0.000009
data_rand_fold3/Testing/glioma/Tr-gl_0705.jpg,MR051644,glioma,glioma,1,0.998951,3,0,0.998951,0.000937,0.000055,0.000057
data_rand_fold3/Testing/glioma/Tr-gl_0706.jpg,MR051644,glioma,glioma,1,0.999896,3,0,0.999896,0.000074,0.000023,0.000007
data_rand_fold3/Testing/glioma/Tr-gl_0716.jpg,MR051796,glioma,glioma,1,0.999742,3,0,0.999742,0.000103,0.000040,0.000115
data_rand_fold3/Testing/glioma/Tr-gl_0720.jpg,MR051796,glioma,glioma,1,0.999730,3,0,0.999730,0.000122,0.000080,0.000068
data_rand_fold3/Testing/glioma/Tr-gl_0728.jpg,MR051796B,glioma,glioma,1,0.999908,3,0,0.999908,0.000051,0.000017,0.000023
data_rand_fold3/Testing/glioma/Tr-gl_0734.jpg,MR052550,glioma,glioma,1,0.999842,3,0,0.999842,0.000043,0.000072,0.000043
data_rand_fold3/Testing/glioma/Tr-gl_0742.jpg,MR051644C,glioma,glioma,1,0.999977,3,0,0.999977,0.000013,0.000007,0.000003
data_rand_fold3/Testing/glioma/Tr-gl_0744.jpg,MR051644C,glioma,glioma,1,0.999968,3,0,0.999968,0.000009,0.000018,0.000005
data_rand_fold3/Testing/glioma/Tr-gl_0745.jpg,MR051644C,glioma,glioma,1,0.999985,3,0,0.999985,0.000005,0.000006,0.000004
data_rand_fold3/Testing/glioma/Tr-gl_0750.jpg,MR049942B,glioma,glioma,1,0.999799,3,0,0.999799,0.000061,0.000077,0.000062
data_rand_fold3/Testing/glioma/Tr-gl_0751.jpg,MR049942B,glioma,glioma,1,0.999640,3,0,0.999640,0.000057,0.000104,0.000199
data_rand_fold3/Testing/glioma/Tr-gl_0759.jpg,MR053110B,glioma,glioma,1,0.999803,3,0,0.999803,0.000099,0.000080,0.000018
data_rand_fold3/Testing/glioma/Tr-gl_0761.jpg,MR053110B,glioma,glioma,1,0.999946,3,0,0.999946,0.000025,0.000020,0.000010
data_rand_fold3/Testing/glioma/Tr-gl_0767.jpg,MR034694,glioma,glioma,1,0.999924,3,0,0.999924,0.000036,0.000034,0.000007
data_rand_fold3/Testing/glioma/Tr-gl_0768.jpg,MR034694,glioma,glioma,1,0.999928,3,0,0.999928,0.000026,0.000043,0.000003
data_rand_fold3/Testing/glioma/Tr-gl_0799.jpg,MR029209E,glioma,glioma,1,0.999992,3,0,0.999992,0.000004,0.000002,0.000002
data_rand_fold3/Testing/glioma/Tr-gl_0808.jpg,MR053110E,glioma,glioma,1,0.999751,3,0,0.999751,0.000073,0.000086,0.000091
data_rand_fold3/Testing/glioma/Tr-gl_0809.jpg,MR053110E,glioma,glioma,1,0.999867,3,0,0.999867,0.000053,0.000052,0.000028
data_rand_fold3/Testing/glioma/Tr-gl_0832.jpg,MR032322C,glioma,glioma,1,0.995237,3,0,0.995237,0.004677,0.000079,0.000007
data_rand_fold3/Testing/glioma/Tr-gl_0836.jpg,MR032322C,glioma,glioma,1,0.999942,3,0,0.999942,0.000028,0.000020,0.000010
data_rand_fold3/Testing/glioma/Tr-gl_0847.jpg,MR039473,glioma,glioma,1,0.999955,3,0,0.999955,0.000023,0.000012,0.000010
data_rand_fold3/Testing/glioma/Tr-gl_0859.jpg,MR037458C,glioma,glioma,1,0.999926,3,0,0.999926,0.000036,0.000023,0.000014
data_rand_fold3/Testing/glioma/Tr-gl_0869.jpg,MR029209E,glioma,glioma,1,0.999924,3,0,0.999924,0.000045,0.000012,0.000020
data_rand_fold3/Testing/glioma/Tr-gl_0874.jpg,MR053110E,glioma,glioma,1,0.999808,3,0,0.999808,0.000144,0.000007,0.000042
data_rand_fold3/Testing/glioma/Tr-gl_0876.jpg,MR049019G,glioma,glioma,1,0.999933,3,0,0.999933,0.000018,0.000012,0.000037
data_rand_fold3/Testing/glioma/Tr-gl_0878.jpg,MR049019G,glioma,glioma,1,0.999841,3,0,0.999841,0.000013,0.000019,0.000126
data_rand_fold3/Testing/glioma/Tr-gl_0888.jpg,MR032322C,glioma,glioma,1,0.999968,3,0,0.999968,0.000017,0.000004,0.000011
data_rand_fold3/Testing/glioma/Tr-gl_0889.jpg,MR032322C,glioma,glioma,1,0.999872,3,0,0.999872,0.000080,0.000004,0.000044
data_rand_fold3/Testing/glioma/Tr-gl_0898.jpg,MR037458B,glioma,glioma,1,0.993723,3,0,0.993723,0.006082,0.000143,0.000052
data_rand_fold3/Testing/glioma/Tr-gl_0910.jpg,MR039473B,glioma,glioma,1,0.999842,3,0,0.999842,0.000046,0.000017,0.000094
data_rand_fold3/Testing/glioma/Tr-gl_0913.jpg,MR040240,glioma,glioma,1,0.997904,3,0,0.997904,0.000168,0.000124,0.001805
data_rand_fold3/Testing/glioma/Tr-gl_0919.jpg,MR040240,glioma,glioma,1,0.998839,3,0,0.998839,0.000593,0.000043,0.000524
data_rand_fold3/Testing/glioma/Tr-gl_0924.jpg,MR040240B,glioma,glioma,1,0.999958,3,0,0.999958,0.000030,0.000004,0.000008
data_rand_fold3/Testing/glioma/Tr-gl_0926.jpg,MR029209G,glioma,glioma,1,0.999814,3,0,0.999814,0.000164,0.000007,0.000015
data_rand_fold3/Testing/glioma/Tr-gl_0929.jpg,MR029209G,glioma,glioma,1,0.999881,3,0,0.999881,0.000072,0.000005,0.000043
data_rand_fold3/Testing/glioma/Tr-gl_0930.jpg,MR036496B,glioma,glioma,1,0.999987,3,0,0.999987,0.000009,0.000002,0.000002
data_rand_fold3/Testing/glioma/Tr-gl_0934.jpg,MR033420,glioma,glioma,1,0.999981,3,0,0.999981,0.000013,0.000002,0.000004
data_rand_fold3/Testing/glioma/Tr-gl_0941.jpg,MR033420,glioma,glioma,1,0.999998,3,0,0.999998,0.000001,0.000000,0.000000
data_rand_fold3/Testing/glioma/Tr-gl_0947.jpg,MR048297,glioma,glioma,1,0.998658,3,0,0.998658,0.001008,0.000280,0.000054
data_rand_fold3/Testing/glioma/Tr-gl_0951.jpg,MR048297,glioma,glioma,1,0.999742,3,0,0.999742,0.000225,0.000027,0.000006
data_rand_fold3/Testing/glioma/Tr-gl_0952.jpg,MR048297,glioma,glioma,1,0.999985,3,0,0.999985,0.000009,0.000004,0.000001
data_rand_fold3/Testing/glioma/Tr-gl_0955.jpg,MR048294B,glioma,glioma,1,0.999971,3,0,0.999971,0.000012,0.000013,0.000004
data_rand_fold3/Testing/glioma/Tr-gl_0956.jpg,MR048294B,glioma,glioma,1,0.999945,3,0,0.999945,0.000013,0.000033,0.000009
data_rand_fold3/Testing/glioma/Tr-gl_0958.jpg,MR048294B,glioma,glioma,1,0.999965,3,0,0.999965,0.000009,0.000003,0.000022
data_rand_fold3/Testing/glioma/Tr-gl_0959.jpg,MR048621B,glioma,glioma,1,0.999949,3,0,0.999949,0.000028,0.000011,0.000012
data_rand_fold3/Testing/glioma/Tr-gl_0963.jpg,MR048944,glioma,glioma,1,0.999994,3,0,0.999994,0.000003,0.000002,0.000000
data_rand_fold3/Testing/glioma/Tr-gl_0967.jpg,MR048994,glioma,glioma,1,0.999577,3,0,0.999577,0.000341,0.000037,0.000044
data_rand_fold3/Testing/glioma/Tr-gl_0968.jpg,MR048994,glioma,glioma,1,0.999641,3,0,0.999641,0.000319,0.000018,0.000022
data_rand_fold3/Testing/glioma/Tr-gl_0981.jpg,MR049358,glioma,glioma,1,0.999957,3,0,0.999957,0.000028,0.000010,0.000005
data_rand_fold3/Testing/glioma/Tr-gl_0985.jpg,MR049104B,glioma,glioma,1,0.999910,3,0,0.999910,0.000031,0.000021,0.000038
data_rand_fold3/Testing/glioma/Tr-gl_0989.jpg,MR049453,glioma,glioma,1,0.999992,3,0,0.999992,0.000003,0.000003,0.000003
data_rand_fold3/Testing/glioma/Tr-gl_0990.jpg,MR049453,glioma,glioma,1,0.999954,3,0,0.999954,0.000006,0.000011,0.000029
data_rand_fold3/Testing/glioma/Tr-gl_0991.jpg,MR049453,glioma,glioma,1,0.999883,3,0,0.999883,0.000022,0.000017,0.000078
data_rand_fold3/Testing/glioma/Tr-gl_1008.jpg,MR050687,glioma,glioma,1,0.999971,3,0,0.999971,0.000025,0.000002,0.000001
data_rand_fold3/Testing/glioma/Tr-gl_1016.jpg,MR050791B,glioma,glioma,1,0.944329,3,0,0.944329,0.055407,0.000183,0.000081
data_rand_fold3/Testing/glioma/Tr-gl_1021.jpg,MR051461,glioma,glioma,1,0.999979,3,0,0.999979,0.000014,0.000005,0.000002
data_rand_fold3/Testing/glioma/Tr-gl_1023.jpg,MR051461,glioma,glioma,1,0.999979,3,0,0.999979,0.000014,0.000004,0.000003
data_rand_fold3/Testing/glioma/Tr-gl_1024.jpg,MR051461,glioma,glioma,1,0.999996,3,0,0.999996,0.000003,0.000001,0.000000
data_rand_fold3/Testing/glioma/Tr-gl_1026.jpg,MR051586,glioma,glioma,1,0.999767,3,0,0.999767,0.000199,0.000024,0.000010
data_rand_fold3/Testing/glioma/Tr-gl_1033.jpg,MR051644,glioma,glioma,1,0.999776,3,0,0.999776,0.000030,0.000131,0.000064
data_rand_fold3/Testing/glioma/Tr-gl_1039.jpg,MR051651,glioma,glioma,1,0.999984,3,0,0.999984,0.000013,0.000002,0.000000
data_rand_fold3/Testing/glioma/Tr-gl_1040.jpg,MR051796,glioma,glioma,1,0.999933,3,0,0.999933,0.000023,0.000009,0.000035
data_rand_fold3/Testing/glioma/Tr-gl_1042.jpg,MR051796,glioma,glioma,1,0.999848,3,0,0.999848,0.000066,0.000011,0.000075
data_rand_fold3/Testing/glioma/Tr-gl_1046.jpg,MR051651B,glioma,glioma,1,0.998192,3,0,0.998192,0.001720,0.000036,0.000052
data_rand_fold3/Testing/glioma/Tr-gl_1049.jpg,MR051644B,glioma,glioma,1,0.999973,3,0,0.999973,0.000003,0.000010,0.000014
data_rand_fold3/Testing/glioma/Tr-gl_1055.jpg,MR051644B,glioma,glioma,1,0.999984,3,0,0.999984,0.000009,0.000005,0.000003
data_rand_fold3/Testing/glioma/Tr-gl_1056.jpg,MR051796B,glioma,glioma,1,0.999946,3,0,0.999946,0.000036,0.000007,0.000011
data_rand_fold3/Testing/glioma/Tr-gl_1067.jpg,MR051644C,glioma,glioma,1,0.997923,3,0,0.997923,0.000044,0.000130,0.001904
data_rand_fold3/Testing/glioma/Tr-gl_1070.jpg,MR051644C,glioma,glioma,1,0.999979,3,0,0.999979,0.000010,0.000003,0.000008
data_rand_fold3/Testing/glioma/Tr-gl_1073.jpg,MR052585B,glioma,glioma,1,0.999803,3,0,0.999803,0.000060,0.000007,0.000130
data_rand_fold3/Testing/glioma/Tr-gl_1090.jpg,MR050687C,glioma,glioma,1,0.999809,3,0,0.999809,0.000158,0.000005,0.000029
data_rand_fold3/Testing/glioma/Tr-gl_1103.jpg,MR033389B,glioma,glioma,1,0.998529,3,0,0.998529,0.001364,0.000069,0.000038
data_rand_fold3/Testing/glioma/Tr-gl_1106.jpg,MR033389B,glioma,glioma,1,0.999875,3,0,0.999875,0.000068,0.000012,0.000045
data_rand_fold3/Testing/glioma/Tr-gl_1113.jpg,MR040240C,glioma,glioma,1,0.999042,3,0,0.999042,0.000880,0.000028,0.000050
data_rand_fold3/Testing/glioma/Tr-gl_1116.jpg,MR040240D,glioma,glioma,1,0.999867,3,0,0.999867,0.000045,0.000029,0.000059
data_rand_fold3/Testing/glioma/Tr-gl_1118.jpg,MR017260F,glioma,glioma,1,0.997906,3,0,0.997906,0.001850,0.000036,0.000208
data_rand_fold3/Testing/glioma/Tr-gl_1119.jpg,MR017260F,glioma,glioma,1,0.999911,3,0,0.999911,0.000078,0.000005,0.000006
data_rand_fold3/Testing/glioma/Tr-gl_1128.jpg,MR029209I,glioma,glioma,1,0.999935,3,0,0.999935,0.000055,0.000005,0.000005
data_rand_fold3/Testing/glioma/Tr-gl_1130.jpg,100820,glioma,glioma,1,0.903964,3,0,0.903964,0.089576,0.005867,0.000593
data_rand_fold3/Testing/glioma/Tr-gl_1131.jpg,100820,glioma,meningioma,0,0.992654,3,0,0.003618,0.992654,0.002217,0.001511
data_rand_fold3/Testing/glioma/Tr-gl_1136.jpg,101020,glioma,glioma,1,0.964374,3,0,0.964374,0.030909,0.003828,0.000888
data_rand_fold3/Testing/glioma/Tr-gl_1144.jpg,106494,glioma,glioma,1,0.985168,3,0,0.985168,0.009385,0.000426,0.005021
data_rand_fold3/Testing/glioma/Tr-gl_1152.jpg,107747,glioma,glioma,1,0.992073,3,0,0.992073,0.007843,0.000033,0.000051
data_rand_fold3/Testing/glioma/Tr-gl_1155.jpg,112105,glioma,glioma,1,0.990404,3,0,0.990404,0.005481,0.002668,0.001447
data_rand_fold3/Testing/glioma/Tr-gl_1165.jpg,101020,glioma,glioma,1,0.999885,3,0,0.999885,0.000113,0.000001,0.000000
data_rand_fold3/Testing/glioma/Tr-gl_1169.jpg,102075,glioma,meningioma,0,0.961698,3,0,0.037109,0.961698,0.000205,0.000988
data_rand_fold3/Testing/glioma/Tr-gl_1170.jpg,103148,glioma,glioma,1,0.995362,3,0,0.995362,0.004591,0.000023,0.000024
data_rand_fold3/Testing/glioma/Tr-gl_1173.jpg,106494,glioma,glioma,1,0.997281,3,0,0.997281,0.002612,0.000090,0.000018
data_rand_fold3/Testing/glioma/Tr-gl_1174.jpg,106494,glioma,glioma,1,0.972146,3,0,0.972146,0.027023,0.000766,0.000065
data_rand_fold3/Testing/glioma/Tr-gl_1175.jpg,106494,glioma,glioma,1,0.529755,3,0,0.529755,0.469785,0.000367,0.000092
data_rand_fold3/Testing/glioma/Tr-gl_1177.jpg,107747,glioma,glioma,1,0.972762,3,0,0.972762,0.025069,0.000112,0.002058
data_rand_fold3/Testing/glioma/Tr-gl_1187.jpg,112105,glioma,glioma,1,0.997364,3,0,0.997364,0.002576,0.000031,0.000029
data_rand_fold3/Testing/glioma/Tr-gl_1188.jpg,112105,glioma,glioma,1,0.999515,3,0,0.999515,0.000442,0.000018,0.000025
data_rand_fold3/Testing/glioma/Tr-gl_1194.jpg,88670,glioma,glioma,1,0.841322,3,0,0.841322,0.158323,0.000259,0.000095
data_rand_fold3/Testing/glioma/Tr-gl_1195.jpg,90284,glioma,glioma,1,0.998740,3,0,0.998740,0.000917,0.000133,0.000210
data_rand_fold3/Testing/glioma/Tr-gl_1219.jpg,102075,glioma,glioma,1,0.582308,3,0,0.582308,0.405516,0.006149,0.006026
data_rand_fold3/Testing/glioma/Tr-gl_1228.jpg,106494,glioma,glioma,1,0.999843,3,0,0.999843,0.000062,0.000073,0.000022
data_rand_fold3/Testing/glioma/Tr-gl_1233.jpg,108479,glioma,glioma,1,0.992064,3,0,0.992064,0.002976,0.000445,0.004515
data_rand_fold3/Testing/glioma/Tr-gl_1236.jpg,112105,glioma,glioma,1,0.999548,3,0,0.999548,0.000413,0.000014,0.000026
data_rand_fold3/Testing/glioma/Tr-gl_1239.jpg,88670,glioma,glioma,1,0.999437,3,0,0.999437,0.000303,0.000246,0.000015
data_rand_fold3/Testing/glioma/Tr-gl_1244.jpg,90284,glioma,glioma,1,0.999401,3,0,0.999401,0.000472,0.000109,0.000019
data_rand_fold3/Testing/glioma/Tr-gl_1246.jpg,90284,glioma,glioma,1,0.988717,3,0,0.988717,0.001597,0.000470,0.009216
data_rand_fold3/Testing/glioma/Tr-gl_1268.jpg,96587,glioma,glioma,1,0.997222,3,0,0.997222,0.002523,0.000054,0.000200
data_rand_fold3/Testing/glioma/Tr-gl_1269.jpg,97609,glioma,glioma,1,0.999810,3,0,0.999810,0.000177,0.000007,0.000007
data_rand_fold3/Testing/glioma/Tr-gl_1272.jpg,98889,glioma,glioma,1,0.997623,3,0,0.997623,0.002242,0.000094,0.000041
data_rand_fold3/Testing/glioma/Tr-gl_1274.jpg,98889,glioma,glioma,1,0.999815,3,0,0.999815,0.000161,0.000020,0.000004
data_rand_fold3/Testing/glioma/Tr-gl_1276.jpg,MR048294,glioma,glioma,1,0.999921,3,0,0.999921,0.000016,0.000046,0.000018
data_rand_fold3/Testing/glioma/Tr-gl_1282.jpg,MR048297,glioma,glioma,1,0.999977,3,0,0.999977,0.000010,0.000012,0.000001
data_rand_fold3/Testing/glioma/Tr-gl_1294.jpg,MR048944,glioma,glioma,1,0.985110,3,0,0.985110,0.011430,0.002250,0.001210
data_rand_fold3/Testing/glioma/Tr-gl_1300.jpg,MR048994,glioma,glioma,1,0.999821,3,0,0.999821,0.000165,0.000010,0.000004
data_rand_fold3/Testing/glioma/Tr-gl_1302.jpg,MR048994,glioma,glioma,1,0.999948,3,0,0.999948,0.000042,0.000009,0.000001
data_rand_fold3/Testing/glioma/Tr-gl_1308.jpg,MR049142,glioma,meningioma,0,0.726043,3,0,0.236985,0.726043,0.033143,0.003829
data_rand_fold3/Testing/glioma/Tr-gl_1310.jpg,MR048994B,glioma,glioma,1,0.999985,3,0,0.999985,0.000004,0.000008,0.000002
data_rand_fold3/Testing/glioma/Tr-gl_1313.jpg,MR048994B,glioma,glioma,1,0.999947,3,0,0.999947,0.000039,0.000011,0.000003
data_rand_fold3/Testing/glioma/Tr-gl_1316.jpg,MR048944B,glioma,glioma,1,0.999932,3,0,0.999932,0.000009,0.000039,0.000020
data_rand_fold3/Testing/glioma/Tr-gl_1320.jpg,MR048944B,glioma,glioma,1,0.999978,3,0,0.999978,0.000014,0.000006,0.000001
data_rand_fold3/Testing/meningioma/Te-me_0123.jpg,111366,meningioma,meningioma,1,0.972649,3,0,0.002684,0.972649,0.000054,0.024612
data_rand_fold3/Testing/meningioma/Te-me_0124.jpg,112002,meningioma,meningioma,1,0.985561,3,0,0.010460,0.985561,0.000901,0.003078
data_rand_fold3/Testing/meningioma/Te-me_0126.jpg,112252,meningioma,glioma,0,0.642905,3,0,0.642905,0.354680,0.002320,0.000095
data_rand_fold3/Testing/meningioma/Te-me_0127.jpg,112552,meningioma,meningioma,1,0.999922,3,0,0.000042,0.999922,0.000001,0.000034
data_rand_fold3/Testing/meningioma/Te-me_0137.jpg,97943,meningioma,meningioma,1,0.996269,3,0,0.002596,0.996269,0.000074,0.001061
data_rand_fold3/Testing/meningioma/Te-me_0141.jpg,100360,meningioma,meningioma,1,0.829605,3,0,0.163708,0.829605,0.000959,0.005728
data_rand_fold3/Testing/meningioma/Te-me_0142.jpg,100360,meningioma,meningioma,1,0.999883,3,0,0.000108,0.999883,0.000009,0.000001
data_rand_fold3/Testing/meningioma/Te-me_0150.jpg,99308,meningioma,meningioma,1,0.999878,3,0,0.000085,0.999878,0.000002,0.000036
data_rand_fold3/Testing/meningioma/Te-me_0151.jpg,101797,meningioma,meningioma,1,0.999599,3,0,0.000355,0.999599,0.000016,0.000030
data_rand_fold3/Testing/meningioma/Te-me_0157.jpg,101797,meningioma,meningioma,1,0.998609,3,0,0.000120,0.998609,0.000042,0.001229
data_rand_fold3/Testing/meningioma/Te-me_0158.jpg,102420,meningioma,meningioma,1,0.999748,3,0,0.000208,0.999748,0.000022,0.000022
data_rand_fold3/Testing/meningioma/Te-me_0159.jpg,102420,meningioma,meningioma,1,0.991184,3,0,0.007683,0.991184,0.000509,0.000624
data_rand_fold3/Testing/meningioma/Te-me_0161.jpg,102929,meningioma,meningioma,1,0.994609,3,0,0.004356,0.994609,0.000056,0.000978
data_rand_fold3/Testing/meningioma/Te-me_0162.jpg,102929,meningioma,meningioma,1,0.998050,3,0,0.001166,0.998050,0.000285,0.000498
data_rand_fold3/Testing/meningioma/Te-me_0163.jpg,103673,meningioma,meningioma,1,0.852801,3,0,0.002164,0.852801,0.003210,0.141826
data_rand_fold3/Testing/meningioma/Te-me_0182.jpg,102929,meningioma,meningioma,1,0.968867,3,0,0.025971,0.968867,0.001146,0.004016
data_rand_fold3/Testing/meningioma/Te-me_0189.jpg,110116,meningioma,meningioma,1,0.998480,3,0,0.000221,0.998480,0.000116,0.001183
data_rand_fold3/Testing/meningioma/Te-me_0204.jpg,100360,meningioma,meningioma,1,0.999201,3,0,0.000685,0.999201,0.000012,0.000103
data_rand_fold3/Testing/meningioma/Te-me_0214.jpg,99089,meningioma,meningioma,1,0.998343,3,0,0.000811,0.998343,0.000027,0.000818
data_rand_fold3/Testing/meningioma/Te-me_0222.jpg,101127,meningioma,meningioma,1,0.992953,3,0,0.003571,0.992953,0.000090,0.003386
data_rand_fold3/Testing/meningioma/Te-me_0233.jpg,103925,meningioma,meningioma,1,0.996801,3,0,0.001663,0.996801,0.000017,0.001519
data_rand_fold3/Testing/meningioma/Te-me_0235.jpg,104281,meningioma,meningioma,1,0.999449,3,0,0.000382,0.999449,0.000067,0.000102
data_rand_fold3/Testing/meningioma/Te-me_0236.jpg,104695,meningioma,meningioma,1,0.993280,3,0,0.006390,0.993280,0.000034,0.000296
data_rand_fold3/Testing/meningioma/Te-me_0237.jpg,105555,meningioma,meningioma,1,0.937005,3,0,0.059458,0.937005,0.000623,0.002913
data_rand_fold3/Testing/meningioma/Te-me_0239.jpg,106284,meningioma,meningioma,1,0.999717,3,0,0.000162,0.999717,0.000081,0.000039
data_rand_fold3/Testing/meningioma/Te-me_0244.jpg,106914,meningioma,meningioma,1,0.978912,3,0,0.019650,0.978912,0.000621,0.000818
data_rand_fold3/Testing/meningioma/Te-me_0269.jpg,113554,meningioma,meningioma,1,0.998908,3,0,0.000272,0.998908,0.000418,0.000402
data_rand_fold3/Testing/meningioma/Te-me_0281.jpg,97943,meningioma,meningioma,1,0.999101,3,0,0.000859,0.999101,0.000031,0.000009
data_rand_fold3/Testing/meningioma/Te-me_0283.jpg,98241,meningioma,meningioma,1,0.995746,3,0,0.001525,0.995746,0.000074,0.002655
data_rand_fold3/Testing/meningioma/Te-me_0286.jpg,99288,meningioma,meningioma,1,0.945725,3,0,0.050032,0.945725,0.000557,0.003686
data_rand_fold3/Testing/meningioma/Te-me_0300.jpg,101127,meningioma,meningioma,1,0.897227,3,0,0.025411,0.897227,0.003016,0.074346
data_rand_fold3/Testing/meningioma/Te-me_0301.jpg,114359,meningioma,meningioma,1,0.999982,3,0,0.000015,0.999982,0.000002,0.000001
data_rand_fold3/Testing/meningioma/Tr-me_0011.jpg,108514,meningioma,meningioma,1,0.999724,3,0,0.000225,0.999724,0.000007,0.000044
data_rand_fold3/Testing/meningioma/Tr-me_0016.jpg,108945,meningioma,meningioma,1,0.998717,3,0,0.001236,0.998717,0.000019,0.000029
data_rand_fold3/Testing/meningioma/Tr-me_0019.jpg,108945,meningioma,meningioma,1,0.999948,3,0,0.000032,0.999948,0.000001,0.000019
data_rand_fold3/Testing/meningioma/Tr-me_0028.jpg,111366,meningioma,meningioma,1,0.931087,3,0,0.064007,0.931087,0.002149,0.002757
data_rand_fold3/Testing/meningioma/Tr-me_0036.jpg,112002,meningioma,meningioma,1,0.980441,3,0,0.017796,0.980441,0.000259,0.001504
data_rand_fold3/Testing/meningioma/Tr-me_0037.jpg,112062,meningioma,meningioma,1,0.999956,3,0,0.000019,0.999956,0.000002,0.000023
data_rand_fold3/Testing/meningioma/Tr-me_0039.jpg,112252,meningioma,meningioma,1,0.946992,3,0,0.052200,0.946992,0.000549,0.000259
data_rand_fold3/Testing/meningioma/Tr-me_0040.jpg,112552,meningioma,meningioma,1,0.998843,3,0,0.000885,0.998843,0.000256,0.000017
data_rand_fold3/Testing/meningioma/Tr-me_0043.jpg,100360,meningioma,meningioma,1,0.994015,3,0,0.005827,0.994015,0.000027,0.000130
data_rand_fold3/Testing/meningioma/Tr-me_0054.jpg,113554,meningioma,meningioma,1,0.999488,3,0,0.000362,0.999488,0.000126,0.000024
data_rand_fold3/Testing/meningioma/Tr-me_0058.jpg,114018,meningioma,meningioma,1,0.999756,3,0,0.000048,0.999756,0.000008,0.000188
data_rand_fold3/Testing/meningioma/Tr-me_0059.jpg,114018,meningioma,meningioma,1,0.994342,3,0,0.000250,0.994342,0.000033,0.005374
data_rand_fold3/Testing/meningioma/Tr-me_0063.jpg,114359,meningioma,meningioma,1,0.985055,3,0,0.014845,0.985055,0.000090,0.000010
data_rand_fold3/Testing/meningioma/Tr-me_0066.jpg,114359,meningioma,meningioma,1,0.997164,3,0,0.002769,0.997164,0.000045,0.000021
data_rand_fold3/Testing/meningioma/Tr-me_0068.jpg,100572,meningioma,meningioma,1,0.976672,3,0,0.002350,0.976672,0.005314,0.015664
data_rand_fold3/Testing/meningioma/Tr-me_0069.jpg,97607,meningioma,meningioma,1,0.999910,3,0,0.000075,0.999910,0.000007,0.000009
data_rand_fold3/Testing/meningioma/Tr-me_0079.jpg,97943,meningioma,meningioma,1,0.990789,3,0,0.008041,0.990789,0.000232,0.000939
data_rand_fold3/Testing/meningioma/Tr-me_0089.jpg,101016,meningioma,meningioma,1,0.999658,3,0,0.000163,0.999658,0.000066,0.000113
data_rand_fold3/Testing/meningioma/Tr-me_0090.jpg,101016,meningioma,meningioma,1,0.998977,3,0,0.000560,0.998977,0.000141,0.000323
data_rand_fold3/Testing/meningioma/Tr-me_0095.jpg,101797,meningioma,meningioma,1,0.998704,3,0,0.000186,0.998704,0.000040,0.001070
data_rand_fold3/Testing/meningioma/Tr-me_0096.jpg,101797,meningioma,meningioma,1,0.965278,3,0,0.002565,0.965278,0.000839,0.031317
data_rand_fold3/Testing/meningioma/Tr-me_0099.jpg,101797,meningioma,meningioma,1,0.998135,3,0,0.000549,0.998135,0.000122,0.001194
data_rand_fold3/Testing/meningioma/Tr-me_0100.jpg,102420,meningioma,meningioma,1,0.999941,3,0,0.000040,0.999941,0.000006,0.000013
data_rand_fold3/Testing/meningioma/Tr-me_0112.jpg,102929,meningioma,meningioma,1,0.983961,3,0,0.014200,0.983961,0.000049,0.001790
data_rand_fold3/Testing/meningioma/Tr-me_0119.jpg,103673,meningioma,pituitary,0,0.597114,3,0,0.003629,0.397092,0.002165,0.597114
data_rand_fold3/Testing/meningioma/Tr-me_0121.jpg,103673,meningioma,meningioma,1,0.993089,3,0,0.000725,0.993089,0.001562,0.004624
data_rand_fold3/Testing/meningioma/Tr-me_0123.jpg,103673,meningioma,meningioma,1,0.996204,3,0,0.001129,0.996204,0.000873,0.001793
data_rand_fold3/Testing/meningioma/Tr-me_0124.jpg,103673,meningioma,meningioma,1,0.996047,3,0,0.000867,0.996047,0.001022,0.002064
data_rand_fold3/Testing/meningioma/Tr-me_0135.jpg,103925,meningioma,meningioma,1,0.995453,3,0,0.004386,0.995453,0.000061,0.000100
data_rand_fold3/Testing/meningioma/Tr-me_0143.jpg,104281,meningioma,meningioma,1,0.999713,3,0,0.000265,0.999713,0.000016,0.000007
data_rand_fold3/Testing/meningioma/Tr-me_0157.jpg,105937,meningioma,meningioma,1,0.997180,3,0,0.000091,0.997180,0.000097,0.002632
data_rand_fold3/Testing/meningioma/Tr-me_0164.jpg,99308,meningioma,meningioma,1,0.999518,3,0,0.000430,0.999518,0.000015,0.000037
data_rand_fold3/Testing/meningioma/Tr-me_0167.jpg,106914,meningioma,meningioma,1,0.998596,3,0,0.001018,0.998596,0.000020,0.000365
data_rand_fold3/Testing/meningioma/Tr-me_0288.jpg,101016,meningioma,meningioma,1,0.999499,3,0,0.000412,0.999499,0.000054,0.000035
data_rand_fold3/Testing/meningioma/Tr-me_0301.jpg,102714,meningioma,meningioma,1,0.932929,3,0,0.064492,0.932929,0.000533,0.002045
data_rand_fold3/Testing/meningioma/Tr-me_0302.jpg,102714,meningioma,meningioma,1,0.995342,3,0,0.000780,0.995342,0.000179,0.003699
data_rand_fold3/Testing/meningioma/Tr-me_0304.jpg,102714,meningioma,meningioma,1,0.999159,3,0,0.000133,0.999159,0.000229,0.000479
data_rand_fold3/Testing/meningioma/Tr-me_0306.jpg,102929,meningioma,meningioma,1,0.989689,3,0,0.009084,0.989689,0.000236,0.000991
data_rand_fold3/Testing/meningioma/Tr-me_0307.jpg,102929,meningioma,meningioma,1,0.931579,3,0,0.060234,0.931579,0.000516,0.007671
data_rand_fold3/Testing/meningioma/Tr-me_0309.jpg,103673,meningioma,meningioma,1,0.875967,3,0,0.000774,0.875967,0.000383,0.122876
data_rand_fold3/Testing/meningioma/Tr-me_0316.jpg,103925,meningioma,meningioma,1,0.996058,3,0,0.002960,0.996058,0.000080,0.000902
data_rand_fold3/Testing/meningioma/Tr-me_0319.jpg,104167,meningioma,meningioma,1,0.999964,3,0,0.000023,0.999964,0.000004,0.000009
data_rand_fold3/Testing/meningioma/Tr-me_0321.jpg,104167,meningioma,meningioma,1,0.999480,3,0,0.000377,0.999480,0.000026,0.000117
data_rand_fold3/Testing/meningioma/Tr-me_0322.jpg,104281,meningioma,meningioma,1,0.999989,3,0,0.000003,0.999989,0.000007,0.000001
data_rand_fold3/Testing/meningioma/Tr-me_0324.jpg,104281,meningioma,meningioma,1,0.999965,3,0,0.000021,0.999965,0.000002,0.000012
data_rand_fold3/Testing/meningioma/Tr-me_0325.jpg,104281,meningioma,meningioma,1,0.999958,3,0,0.000031,0.999958,0.000001,0.000009
data_rand_fold3/Testing/meningioma/Tr-me_0339.jpg,106284,meningioma,meningioma,1,0.999526,3,0,0.000135,0.999526,0.000060,0.000279
data_rand_fold3/Testing/meningioma/Tr-me_0340.jpg,106442,meningioma,meningioma,1,0.998299,3,0,0.000719,0.998299,0.000538,0.000444
data_rand_fold3/Testing/meningioma/Tr-me_0345.jpg,106534,meningioma,meningioma,1,0.999956,3,0,0.000015,0.999956,0.000002,0.000027
data_rand_fold3/Testing/meningioma/Tr-me_0347.jpg,106665,meningioma,meningioma,1,0.997738,3,0,0.000766,0.997738,0.000136,0.001360
data_rand_fold3/Testing/meningioma/Tr-me_0368.jpg,113805,meningioma,meningioma,1,0.998449,3,0,0.001048,0.998449,0.000154,0.000349
data_rand_fold3/Testing/meningioma/Tr-me_0382.jpg,108514,meningioma,meningioma,1,0.995160,3,0,0.004519,0.995160,0.000163,0.000158
data_rand_fold3/Testing/meningioma/Tr-me_0391.jpg,114359,meningioma,meningioma,1,0.980558,3,0,0.019325,0.980558,0.000096,0.000021
data_rand_fold3/Testing/meningioma/Tr-me_0393.jpg,108945,meningioma,meningioma,1,0.996528,3,0,0.003240,0.996528,0.000023,0.000209
data_rand_fold3/Testing/meningioma/Tr-me_0396.jpg,108945,meningioma,meningioma,1,0.550406,3,0,0.448443,0.550406,0.000976,0.000175
data_rand_fold3/Testing/meningioma/Tr-me_0401.jpg,109968,meningioma,meningioma,1,0.999983,3,0,0.000006,0.999983,0.000002,0.000009
data_rand_fold3/Testing/meningioma/Tr-me_0415.jpg,111366,meningioma,meningioma,1,0.999625,3,0,0.000346,0.999625,0.000008,0.000021
data_rand_fold3/Testing/meningioma/Tr-me_0424.jpg,97607,meningioma,meningioma,1,0.999904,3,0,0.000042,0.999904,0.000011,0.000043
data_rand_fold3/Testing/meningioma/Tr-me_0426.jpg,112062,meningioma,meningioma,1,0.998938,3,0,0.000859,0.998938,0.000109,0.000093
data_rand_fold3/Testing/meningioma/Tr-me_0431.jpg,112252,meningioma,meningioma,1,0.999355,3,0,0.000413,0.999355,0.000022,0.000210
data_rand_fold3/Testing/meningioma/Tr-me_0440.jpg,112648,meningioma,meningioma,1,0.998796,3,0,0.001141,0.998796,0.000050,0.000013
data_rand_fold3/Testing/meningioma/Tr-me_0459.jpg,97737,meningioma,meningioma,1,0.999931,3,0,0.000009,0.999931,0.000006,0.000054
data_rand_fold3/Testing/meningioma/Tr-me_0462.jpg,97875,meningioma,meningioma,1,0.998602,3,0,0.000380,0.998602,0.000062,0.000956
data_rand_fold3/Testing/meningioma/Tr-me_0486.jpg,99308,meningioma,meningioma,1,0.998561,3,0,0.001145,0.998561,0.000010,0.000283
data_rand_fold3/Testing/meningioma/Tr-me_0490.jpg,114018,meningioma,meningioma,1,0.998836,3,0,0.000198,0.998836,0.000100,0.000866
data_rand_fold3/Testing/meningioma/Tr-me_0493.jpg,100360,meningioma,meningioma,1,0.999686,3,0,0.000080,0.999686,0.000004,0.000230
data_rand_fold3/Testing/meningioma/Tr-me_0496.jpg,100572,meningioma,meningioma,1,0.966134,3,0,0.004308,0.966134,0.000206,0.029352
data_rand_fold3/Testing/meningioma/Tr-me_0515.jpg,101797,meningioma,meningioma,1,0.997556,3,0,0.001625,0.997556,0.000148,0.000671
data_rand_fold3/Testing/meningioma/Tr-me_0526.jpg,106534,meningioma,meningioma,1,0.999725,3,0,0.000100,0.999725,0.000015,0.000160
data_rand_fold3/Testing/meningioma/Tr-me_0527.jpg,106534,meningioma,meningioma,1,0.999342,3,0,0.000503,0.999342,0.000069,0.000086
data_rand_fold3/Testing/meningioma/Tr-me_0537.jpg,106720,meningioma,meningioma,1,0.999524,3,0,0.000411,0.999524,0.000052,0.000014
data_rand_fold3/Testing/meningioma/Tr-me_0541.jpg,106914,meningioma,meningioma,1,0.999753,3,0,0.000211,0.999753,0.000002,0.000034
data_rand_fold3/Testing/meningioma/Tr-me_0542.jpg,106914,meningioma,meningioma,1,0.999940,3,0,0.000042,0.999940,0.000002,0.000016
data_rand_fold3/Testing/meningioma/Tr-me_0561.jpg,99162,meningioma,meningioma,1,0.999881,3,0,0.000070,0.999881,0.000015,0.000035
data_rand_fold3/Testing/meningioma/Tr-me_0565.jpg,99308,meningioma,meningioma,1,0.986418,3,0,0.002899,0.986418,0.000148,0.010535
data_rand_fold3/Testing/meningioma/Tr-me_0567.jpg,99308,meningioma,meningioma,1,0.997405,3,0,0.002282,0.997405,0.000021,0.000293
data_rand_fold3/Testing/meningioma/Tr-me_0568.jpg,111366,meningioma,meningioma,1,0.998548,3,0,0.001234,0.998548,0.000024,0.000194
data_rand_fold3/Testing/meningioma/Tr-me_0571.jpg,99815,meningioma,meningioma,1,0.991959,3,0,0.007230,0.991959,0.000257,0.000554
data_rand_fold3/Testing/meningioma/Tr-me_0578.jpg,88510,meningioma,meningioma,1,0.999887,3,0,0.000083,0.999887,0.000014,0.000016
data_rand_fold3/Testing/meningioma/Tr-me_0579.jpg,111366,meningioma,meningioma,1,0.999884,3,0,0.000030,0.999884,0.000005,0.000081
data_rand_fold3/Testing/meningioma/Tr-me_0598.jpg,101801,meningioma,meningioma,1,0.996316,3,0,0.001223,0.996316,0.001164,0.001297
data_rand_fold3/Testing/meningioma/Tr-me_0610.jpg,102818,meningioma,meningioma,1,0.996751,3,0,0.002913,0.996751,0.000035,0.000301
data_rand_fold3/Testing/meningioma/Tr-me_0613.jpg,102818,meningioma,meningioma,1,0.968124,3,0,0.022247,0.968124,0.000365,0.009265
data_rand_fold3/Testing/meningioma/Tr-me_0620.jpg,102960,meningioma,glioma,0,0.702077,3,0,0.702077,0.125682,0.002330,0.169912
data_rand_fold3/Testing/meningioma/Tr-me_0621.jpg,102985,meningioma,glioma,0,0.760741,3,0,0.760741,0.028151,0.006653,0.204456
data_rand_fold3/Testing/meningioma/Tr-me_0622.jpg,111532,meningioma,meningioma,1,0.997118,3,0,0.002011,0.997118,0.000239,0.000632
data_rand_fold3/Testing/meningioma/Tr-me_0628.jpg,103925,meningioma,meningioma,1,0.989560,3,0,0.002629,0.989560,0.000829,0.006982
data_rand_fold3/Testing/meningioma/Tr-me_0631.jpg,103925,meningioma,meningioma,1,0.718711,3,0,0.272964,0.718711,0.000436,0.007890
data_rand_fold3/Testing/meningioma/Tr-me_0647.jpg,105555,meningioma,meningioma,1,0.651850,3,0,0.343501,0.651850,0.000416,0.004233
data_rand_fold3/Testing/meningioma/Tr-me_0651.jpg,106284,meningioma,meningioma,1,0.999611,3,0,0.000051,0.999611,0.000058,0.000280
data_rand_fold3/Testing/meningioma/Tr-me_0652.jpg,106284,meningioma,meningioma,1,0.997652,3,0,0.000744,0.997652,0.000097,0.001507
data_rand_fold3/Testing/meningioma/Tr-me_0658.jpg,106442,meningioma,meningioma,1,0.985276,3,0,0.014636,0.985276,0.000021,0.000068
data_rand_fold3/Testing/meningioma/Tr-me_0662.jpg,106665,meningioma,meningioma,1,0.999116,3,0,0.000826,0.999116,0.000023,0.000035
data_rand_fold3/Testing/meningioma/Tr-me_0663.jpg,106665,meningioma,meningioma,1,0.999902,3,0,0.000080,0.999902,0.000005,0.000013
data_rand_fold3/Testing/meningioma/Tr-me_0665.jpg,106665,meningioma,meningioma,1,0.992670,3,0,0.003268,0.992670,0.000089,0.003973
data_rand_fold3/Testing/meningioma/Tr-me_0666.jpg,106665,meningioma,meningioma,1,0.995410,3,0,0.000722,0.995410,0.000037,0.003831
data_rand_fold3/Testing/meningioma/Tr-me_0670.jpg,106720,meningioma,meningioma,1,0.997142,3,0,0.002500,0.997142,0.000333,0.000025
data_rand_fold3/Testing/meningioma/Tr-me_0672.jpg,106914,meningioma,meningioma,1,0.997098,3,0,0.002469,0.997098,0.000374,0.000059
data_rand_fold3/Testing/meningioma/Tr-me_0679.jpg,106914,meningioma,meningioma,1,0.999187,3,0,0.000525,0.999187,0.000015,0.000273
data_rand_fold3/Testing/meningioma/Tr-me_0680.jpg,107190,meningioma,meningioma,1,0.996644,3,0,0.002109,0.996644,0.000086,0.001161
data_rand_fold3/Testing/meningioma/Tr-me_0682.jpg,107248,meningioma,meningioma,1,0.995473,3,0,0.001889,0.995473,0.000372,0.002266
data_rand_fold3/Testing/meningioma/Tr-me_0684.jpg,107248,meningioma,meningioma,1,0.995421,3,0,0.003453,0.995421,0.000377,0.000749
data_rand_fold3/Testing/meningioma/Tr-me_0689.jpg,112002,meningioma,meningioma,1,0.995139,3,0,0.004101,0.995139,0.000180,0.000581
data_rand_fold3/Testing/meningioma/Tr-me_0696.jpg,108514,meningioma,meningioma,1,0.947818,3,0,0.049592,0.947818,0.000219,0.002371
data_rand_fold3/Testing/meningioma/Tr-me_0707.jpg,108945,meningioma,meningioma,1,0.616049,3,0,0.382088,0.616049,0.000605,0.001258
data_rand_fold3/Testing/meningioma/Tr-me_0712.jpg,112252,meningioma,meningioma,1,0.999349,3,0,0.000336,0.999349,0.000075,0.000241
data_rand_fold3/Testing/meningioma/Tr-me_0725.jpg,109968,meningioma,meningioma,1,0.999989,3,0,0.000009,0.999989,0.000001,0.000001
data_rand_fold3/Testing/meningioma/Tr-me_0727.jpg,112650,meningioma,meningioma,1,0.999207,3,0,0.000608,0.999207,0.000006,0.000179
data_rand_fold3/Testing/meningioma/Tr-me_0730.jpg,113098,meningioma,meningioma,1,0.951757,3,0,0.047631,0.951757,0.000031,0.000581
data_rand_fold3/Testing/meningioma/Tr-me_0732.jpg,113435,meningioma,meningioma,1,0.999443,3,0,0.000427,0.999443,0.000009,0.000121
data_rand_fold3/Testing/meningioma/Tr-me_0734.jpg,113435,meningioma,meningioma,1,0.997680,3,0,0.001402,0.997680,0.000075,0.000843
data_rand_fold3/Testing/meningioma/Tr-me_0743.jpg,113614,meningioma,meningioma,1,0.997971,3,0,0.001849,0.997971,0.000007,0.000172
data_rand_fold3/Testing/meningioma/Tr-me_0746.jpg,113805,meningioma,meningioma,1,0.999554,3,0,0.000391,0.999554,0.000002,0.000053
data_rand_fold3/Testing/meningioma/Tr-me_0749.jpg,113971,meningioma,meningioma,1,0.995506,3,0,0.002694,0.995506,0.000459,0.001341
data_rand_fold3/Testing/meningioma/Tr-me_0750.jpg,114018,meningioma,meningioma,1,0.972664,3,0,0.023091,0.972664,0.001556,0.002689
data_rand_fold3/Testing/meningioma/Tr-me_0752.jpg,114018,meningioma,meningioma,1,0.986124,3,0,0.007732,0.986124,0.001219,0.004925
data_rand_fold3/Testing/meningioma/Tr-me_0760.jpg,114359,meningioma,meningioma,1,0.999960,3,0,0.000032,0.999960,0.000001,0.000007
data_rand_fold3/Testing/meningioma/Tr-me_0764.jpg,114417,meningioma,meningioma,1,0.969256,3,0,0.030704,0.969256,0.000021,0.000019
data_rand_fold3/Testing/meningioma/Tr-me_0768.jpg,97374,meningioma,meningioma,1,0.985547,3,0,0.014194,0.985547,0.000069,0.000191
data_rand_fold3/Testing/meningioma/Tr-me_0769.jpg,111077,meningioma,meningioma,1,0.999412,3,0,0.000415,0.999412,0.000005,0.000167
data_rand_fold3/Testing/meningioma/Tr-me_0775.jpg,97607,meningioma,meningioma,1,0.990505,3,0,0.008882,0.990505,0.000114,0.000499
data_rand_fold3/Testing/meningioma/Tr-me_0778.jpg,97737,meningioma,meningioma,1,0.999876,3,0,0.000076,0.999876,0.000013,0.000035
data_rand_fold3/Testing/meningioma/Tr-me_0779.jpg,97737,meningioma,meningioma,1,0.999762,3,0,0.000130,0.999762,0.000002,0.000105
data_rand_fold3/Testing/meningioma/Tr-me_0781.jpg,97737,meningioma,meningioma,1,0.999739,3,0,0.000203,0.999739,0.000018,0.000040
data_rand_fold3/Testing/meningioma/Tr-me_0792.jpg,101127,meningioma,meningioma,1,0.994244,3,0,0.002893,0.994244,0.000734,0.002129
data_rand_fold3/Testing/meningioma/Tr-me_0800.jpg,99017,meningioma,meningioma,1,0.913670,3,0,0.079787,0.913670,0.004764,0.001779
data_rand_fold3/Testing/meningioma/Tr-me_0812.jpg,100360,meningioma,meningioma,1,0.527634,3,0,0.465816,0.527634,0.005194,0.001356
data_rand_fold3/Testing/meningioma/Tr-me_0814.jpg,108550,meningioma,meningioma,1,0.931059,3,0,0.044439,0.931059,0.000557,0.023944
data_rand_fold3/Testing/meningioma/Tr-me_0818.jpg,100360,meningioma,meningioma,1,0.995068,3,0,0.004436,0.995068,0.000037,0.000458
data_rand_fold3/Testing/meningioma/Tr-me_0819.jpg,100572,meningioma,meningioma,1,0.991786,3,0,0.002484,0.991786,0.000654,0.005076
data_rand_fold3/Testing/meningioma/Tr-me_0821.jpg,100572,meningioma,meningioma,1,0.996231,3,0,0.001696,0.996231,0.001564,0.000509
data_rand_fold3/Testing/meningioma/Tr-me_0822.jpg,101016,meningioma,meningioma,1,0.999612,3,0,0.000241,0.999612,0.000056,0.000091
data_rand_fold3/Testing/meningioma/Tr-me_0823.jpg,108550,meningioma,pituitary,0,0.856662,3,0,0.001315,0.141810,0.000213,0.856662
data_rand_fold3/Testing/meningioma/Tr-me_0824.jpg,101016,meningioma,meningioma,1,0.998811,3,0,0.000576,0.998811,0.000139,0.000474
data_rand_fold3/Testing/meningioma/Tr-me_0825.jpg,101016,meningioma,meningioma,1,0.998823,3,0,0.000632,0.998823,0.000148,0.000397
data_rand_fold3/Testing/meningioma/Tr-me_0845.jpg,102714,meningioma,meningioma,1,0.999756,3,0,0.000204,0.999756,0.000036,0.000005
data_rand_fold3/Testing/meningioma/Tr-me_0849.jpg,102420,meningioma,meningioma,1,0.989067,3,0,0.001943,0.989067,0.000812,0.008178
data_rand_fold3/Testing/meningioma/Tr-me_0854.jpg,103673,meningioma,meningioma,1,0.979262,3,0,0.000833,0.979262,0.001393,0.018511
data_rand_fold3/Testing/meningioma/Tr-me_0855.jpg,103673,meningioma,meningioma,1,0.986835,3,0,0.001967,0.986835,0.002985,0.008213
data_rand_fold3/Testing/meningioma/Tr-me_0857.jpg,103673,meningioma,meningioma,1,0.996002,3,0,0.000256,0.996002,0.002557,0.001184
data_rand_fold3/Testing/meningioma/Tr-me_0867.jpg,102675,meningioma,meningioma,1,0.995964,3,0,0.003149,0.995964,0.000037,0.000850
data_rand_fold3/Testing/meningioma/Tr-me_0878.jpg,104281,meningioma,meningioma,1,0.992138,3,0,0.007545,0.992138,0.000029,0.000289
data_rand_fold3/Testing/meningioma/Tr-me_0882.jpg,105555,meningioma,meningioma,1,0.858427,3,0,0.077838,0.858427,0.061460,0.002275
data_rand_fold3/Testing/meningioma/Tr-me_0888.jpg,106284,meningioma,meningioma,1,0.999775,3,0,0.000143,0.999775,0.000035,0.000047
data_rand_fold3/Testing/meningioma/Tr-me_0891.jpg,106284,meningioma,meningioma,1,0.999894,3,0,0.000036,0.999894,0.000017,0.000052
data_rand_fold3/Testing/meningioma/Tr-me_0899.jpg,101016,meningioma,meningioma,1,0.999371,3,0,0.000506,0.999371,0.000008,0.000116
data_rand_fold3/Testing/meningioma/Tr-me_0900.jpg,106665,meningioma,meningioma,1,0.999874,3,0,0.000051,0.999874,0.000008,0.000068
data_rand_fold3/Testing/meningioma/Tr-me_0902.jpg,106665,meningioma,meningioma,1,0.995216,3,0,0.002158,0.995216,0.000054,0.002572
data_rand_fold3/Testing/meningioma/Tr-me_0917.jpg,107248,meningioma,meningioma,1,0.998419,3,0,0.001403,0.998419,0.000155,0.000023
data_rand_fold3/Testing/meningioma/Tr-me_0918.jpg,107494,meningioma,meningioma,1,0.997202,3,0,0.002435,0.997202,0.000127,0.000236
data_rand_fold3/Testing/meningioma/Tr-me_0927.jpg,108514,meningioma,meningioma,1,0.999676,3,0,0.000278,0.999676,0.000014,0.000032
data_rand_fold3/Testing/meningioma/Tr-me_0928.jpg,108550,meningioma,meningioma,1,0.963311,3,0,0.021052,0.963311,0.000139,0.015498
data_rand_fold3/Testing/meningioma/Tr-me_0935.jpg,109411,meningioma,meningioma,1,0.912708,3,0,0.019328,0.912708,0.067145,0.000819
data_rand_fold3/Testing/meningioma/Tr-me_0936.jpg,109968,meningioma,meningioma,1,0.999985,3,0,0.000011,0.999985,0.000002,0.000002
data_rand_fold3/Testing/meningioma/Tr-me_0939.jpg,110116,meningioma,meningioma,1,0.999224,3,0,0.000204,0.999224,0.000039,0.000533
data_rand_fold3/Testing/meningioma/Tr-me_0950.jpg,111532,meningioma,meningioma,1,0.999914,3,0,0.000062,0.999914,0.000005,0.000019
data_rand_fold3/Testing/meningioma/Tr-me_0951.jpg,111532,meningioma,meningioma,1,0.999912,3,0,0.000061,0.999912,0.000007,0.000021
data_rand_fold3/Testing/meningioma/Tr-me_0953.jpg,112002,meningioma,meningioma,1,0.886852,3,0,0.110230,0.886852,0.002346,0.000573
data_rand_fold3/Testing/meningioma/Tr-me_0956.jpg,112002,meningioma,meningioma,1,0.999877,3,0,0.000106,0.999877,0.000007,0.000009
data_rand_fold3/Testing/meningioma/Tr-me_0963.jpg,112552,meningioma,meningioma,1,0.996119,3,0,0.003522,0.996119,0.000230,0.000129
data_rand_fold3/Testing/meningioma/Tr-me_0965.jpg,112552,meningioma,meningioma,1,0.999590,3,0,0.000343,0.999590,0.000032,0.000035
data_rand_fold3/Testing/meningioma/Tr-me_0971.jpg,113435,meningioma,meningioma,1,0.999402,3,0,0.000208,0.999402,0.000057,0.000333
data_rand_fold3/Testing/meningioma/Tr-me_0973.jpg,113435,meningioma,meningioma,1,0.998044,3,0,0.001312,0.998044,0.000391,0.000252
data_rand_fold3/Testing/meningioma/Tr-me_0975.jpg,113435,meningioma,meningioma,1,0.999626,3,0,0.000093,0.999626,0.000046,0.000235
data_rand_fold3/Testing/meningioma/Tr-me_0977.jpg,113554,meningioma,meningioma,1,0.985856,3,0,0.013276,0.985856,0.000651,0.000217
data_rand_fold3/Testing/meningioma/Tr-me_0991.jpg,97607,meningioma,meningioma,1,0.999976,3,0,0.000007,0.999976,0.000009,0.000008
data_rand_fold3/Testing/meningioma/Tr-me_0993.jpg,97737,meningioma,meningioma,1,0.997749,3,0,0.000021,0.997749,0.000013,0.002218
data_rand_fold3/Testing/meningioma/Tr-me_1001.jpg,97943,meningioma,meningioma,1,0.999965,3,0,0.000013,0.999965,0.000003,0.000020
data_rand_fold3/Testing/meningioma/Tr-me_1016.jpg,99288,meningioma,meningioma,1,0.995373,3,0,0.003352,0.995373,0.000088,0.001187
data_rand_fold3/Testing/meningioma/Tr-me_1023.jpg,100360,meningioma,meningioma,1,0.999182,3,0,0.000529,0.999182,0.000018,0.000271
data_rand_fold3/Testing/meningioma/Tr-me_1037.jpg,101127,meningioma,meningioma,1,0.897620,3,0,0.012885,0.897620,0.023165,0.066330
data_rand_fold3/Testing/meningioma/Tr-me_1040.jpg,101797,meningioma,meningioma,1,0.999522,3,0,0.000210,0.999522,0.000150,0.000119
data_rand_fold3/Testing/meningioma/Tr-me_1044.jpg,104167,meningioma,meningioma,1,0.999731,3,0,0.000186,0.999731,0.000007,0.000076
data_rand_fold3/Testing/meningioma/Tr-me_1046.jpg,101801,meningioma,meningioma,1,0.997649,3,0,0.000937,0.997649,0.000980,0.000434
data_rand_fold3/Testing/meningioma/Tr-me_1054.jpg,102714,meningioma,meningioma,1,0.999883,3,0,0.000078,0.999883,0.000033,0.000005
data_rand_fold3/Testing/meningioma/Tr-me_1055.jpg,102714,meningioma,meningioma,1,0.999714,3,0,0.000206,0.999714,0.000071,0.000009
data_rand_fold3/Testing/meningioma/Tr-me_1058.jpg,102818,meningioma,meningioma,1,0.989293,3,0,0.005320,0.989293,0.000234,0.005153
data_rand_fold3/Testing/meningioma/Tr-me_1061.jpg,102960,meningioma,glioma,0,0.988277,3,0,0.988277,0.011627,0.000076,0.000020
data_rand_fold3/Testing/meningioma/Tr-me_1063.jpg,102960,meningioma,glioma,0,0.924943,3,0,0.924943,0.074727,0.000243,0.000086
data_rand_fold3/Testing/meningioma/Tr-me_1065.jpg,102960,meningioma,meningioma,1,0.605544,3,0,0.298960,0.605544,0.011774,0.083723
data_rand_fold3/Testing/meningioma/Tr-me_1066.jpg,102985,meningioma,glioma,0,0.832896,3,0,0.832896,0.013811,0.004165,0.149128
data_rand_fold3/Testing/meningioma/Tr-me_1069.jpg,103673,meningioma,meningioma,1,0.991215,3,0,0.000893,0.991215,0.001258,0.006634
data_rand_fold3/Testing/meningioma/Tr-me_1070.jpg,100360,meningioma,meningioma,1,0.999239,3,0,0.000728,0.999239,0.000008,0.000024
data_rand_fold3/Testing/meningioma/Tr-me_1075.jpg,104167,meningioma,meningioma,1,0.977602,3,0,0.021720,0.977602,0.000619,0.000060
data_rand_fold3/Testing/meningioma/Tr-me_1076.jpg,104167,meningioma,meningioma,1,0.999639,3,0,0.000200,0.999639,0.000017,0.000144
data_rand_fold3/Testing/meningioma/Tr-me_1084.jpg,104695,meningioma,meningioma,1,0.999053,3,0,0.000642,0.999053,0.000048,0.000257
data_rand_fold3/Testing/meningioma/Tr-me_1097.jpg,106534,meningioma,meningioma,1,0.999710,3,0,0.000200,0.999710,0.000042,0.000049
data_rand_fold3/Testing/meningioma/Tr-me_1106.jpg,106720,meningioma,meningioma,1,0.999845,3,0,0.000108,0.999845,0.000007,0.000040
data_rand_fold3/Testing/meningioma/Tr-me_1107.jpg,106914,meningioma,meningioma,1,0.995396,3,0,0.004466,0.995396,0.000074,0.000064
data_rand_fold3/Testing/meningioma/Tr-me_1112.jpg,104281,meningioma,meningioma,1,0.999854,3,0,0.000099,0.999854,0.000009,0.000037
data_rand_fold3/Testing/meningioma/Tr-me_1113.jpg,107248,meningioma,meningioma,1,0.998029,3,0,0.001124,0.998029,0.000442,0.000406
data_rand_fold3/Testing/meningioma/Tr-me_1115.jpg,107248,meningioma,meningioma,1,0.996674,3,0,0.001488,0.996674,0.001646,0.000192
data_rand_fold3/Testing/meningioma/Tr-me_1133.jpg,108945,meningioma,meningioma,1,0.872886,3,0,0.126530,0.872886,0.000324,0.000261
data_rand_fold3/Testing/meningioma/Tr-me_1150.jpg,111696,meningioma,meningioma,1,0.998868,3,0,0.000109,0.998868,0.000095,0.000928
data_rand_fold3/Testing/meningioma/Tr-me_1151.jpg,111710,meningioma,meningioma,1,0.999168,3,0,0.000787,0.999168,0.000012,0.000033
data_rand_fold3/Testing/meningioma/Tr-me_1159.jpg,112252,meningioma,meningioma,1,0.998263,3,0,0.001480,0.998263,0.000051,0.000207
data_rand_fold3/Testing/meningioma/Tr-me_1161.jpg,112552,meningioma,meningioma,1,0.998219,3,0,0.001384,0.998219,0.000022,0.000375
data_rand_fold3/Testing/meningioma/Tr-me_1165.jpg,112552,meningioma,meningioma,1,0.999029,3,0,0.000781,0.999029,0.000034,0.000156
data_rand_fold3/Testing/meningioma/Tr-me_1171.jpg,112650,meningioma,meningioma,1,0.959453,3,0,0.034134,0.959453,0.000190,0.006223
data_rand_fold3/Testing/meningioma/Tr-me_1181.jpg,113554,meningioma,meningioma,1,0.999647,3,0,0.000041,0.999647,0.000110,0.000202
data_rand_fold3/Testing/meningioma/Tr-me_1185.jpg,113614,meningioma,meningioma,1,0.999701,3,0,0.000275,0.999701,0.000012,0.000012
data_rand_fold3/Testing/meningioma/Tr-me_1192.jpg,114018,meningioma,meningioma,1,0.999248,3,0,0.000132,0.999248,0.000017,0.000603
data_rand_fold3/Testing/meningioma/Tr-me_1199.jpg,114359,meningioma,meningioma,1,0.910419,3,0,0.088794,0.910419,0.000257,0.000530
data_rand_fold3/Testing/meningioma/Tr-me_1202.jpg,114417,meningioma,meningioma,1,0.993334,3,0,0.005490,0.993334,0.000164,0.001012
data_rand_fold3/Testing/meningioma/Tr-me_1212.jpg,97737,meningioma,meningioma,1,0.998294,3,0,0.000623,0.998294,0.000031,0.001052
data_rand_fold3/Testing/meningioma/Tr-me_1225.jpg,98241,meningioma,meningioma,1,0.998545,3,0,0.000805,0.998545,0.000038,0.000612
data_rand_fold3/Testing/meningioma/Tr-me_1230.jpg,99089,meningioma,meningioma,1,0.998661,3,0,0.000876,0.998661,0.000080,0.000383
data_rand_fold3/Testing/meningioma/Tr-me_1236.jpg,99308,meningioma,meningioma,1,0.998133,3,0,0.001090,0.998133,0.000013,0.000764
data_rand_fold3/Testing/meningioma/Tr-me_1238.jpg,106442,meningioma,meningioma,1,0.994568,3,0,0.004072,0.994568,0.000202,0.001158
data_rand_fold3/Testing/meningioma/Tr-me_1240.jpg,99308,meningioma,meningioma,1,0.999812,3,0,0.000134,0.999812,0.000002,0.000052
data_rand_fold3/Testing/meningioma/Tr-me_1241.jpg,99815,meningioma,meningioma,1,0.998720,3,0,0.001022,0.998720,0.000030,0.000228
data_rand_fold3/Testing/meningioma/Tr-me_1242.jpg,99815,meningioma,meningioma,1,0.998784,3,0,0.000490,0.998784,0.000007,0.000718
data_rand_fold3/Testing/meningioma/Tr-me_1243.jpg,99815,meningioma,meningioma,1,0.999843,3,0,0.000048,0.999843,0.000001,0.000109
data_rand_fold3/Testing/meningioma/Tr-me_1250.jpg,111077,meningioma,meningioma,1,0.999754,3,0,0.000034,0.999754,0.000060,0.000152
data_rand_fold3/Testing/meningioma/Tr-me_1259.jpg,106720,meningioma,meningioma,1,0.998985,3,0,0.000973,0.998985,0.000020,0.000022
data_rand_fold3/Testing/meningioma/Tr-me_1260.jpg,111077,meningioma,meningioma,1,0.979401,3,0,0.010709,0.979401,0.004772,0.005118
data_rand_fold3/Testing/meningioma/Tr-me_1262.jpg,106914,meningioma,meningioma,1,0.999729,3,0,0.000072,0.999729,0.000006,0.000194
data_rand_fold3/Testing/meningioma/Tr-me_1271.jpg,107248,meningioma,meningioma,1,0.985348,3,0,0.009843,0.985348,0.000741,0.004068
data_rand_fold3/Testing/meningioma/Tr-me_1273.jpg,111366,meningioma,meningioma,1,0.532449,3,0,0.460998,0.532449,0.005925,0.000628
data_rand_fold3/Testing/meningioma/Tr-me_1285.jpg,112002,meningioma,meningioma,1,0.991540,3,0,0.004583,0.991540,0.000406,0.003472
data_rand_fold3/Testing/meningioma/Tr-me_1286.jpg,112062,meningioma,meningioma,1,0.999988,3,0,0.000005,0.999988,0.000000,0.000007
data_rand_fold3/Testing/meningioma/Tr-me_1288.jpg,112062,meningioma,meningioma,1,0.999957,3,0,0.000026,0.999957,0.000002,0.000015
data_rand_fold3/Testing/meningioma/Tr-me_1291.jpg,108514,meningioma,meningioma,1,0.956364,3,0,0.042560,0.956364,0.001013,0.000062
data_rand_fold3/Testing/meningioma/Tr-me_1293.jpg,112552,meningioma,meningioma,1,0.998237,3,0,0.001103,0.998237,0.000637,0.000024
data_rand_fold3/Testing/meningioma/Tr-me_1304.jpg,112648,meningioma,meningioma,1,0.991670,3,0,0.007644,0.991670,0.000056,0.000629
data_rand_fold3/Testing/meningioma/Tr-me_1306.jpg,113435,meningioma,meningioma,1,0.998539,3,0,0.001060,0.998539,0.000075,0.000326
data_rand_fold3/Testing/meningioma/Tr-me_1309.jpg,113435,meningioma,meningioma,1,0.999102,3,0,0.000728,0.999102,0.000059,0.000112
data_rand_fold3/Testing/meningioma/Tr-me_1321.jpg,114359,meningioma,meningioma,1,0.974785,3,0,0.024930,0.974785,0.000270,0.000015
data_rand_fold3/Testing/meningioma/Tr-me_1324.jpg,114359,meningioma,meningioma,1,0.999939,3,0,0.000059,0.999939,0.000001,0.000001
data_rand_fold3/Testing/meningioma/Tr-me_1325.jpg,114359,meningioma,meningioma,1,0.999767,3,0,0.000225,0.999767,0.000005,0.000003
data_rand_fold3/Testing/meningioma/Tr-me_1334.jpg,97737,meningioma,meningioma,1,0.999910,3,0,0.000042,0.999910,0.000034,0.000014
data_rand_fold3/Testing/notumor/Te-no_0106.jpg,nt1027,notumor,notumor,1,0.999841,3,0,0.000144,0.000010,0.999841,0.000006
data_rand_fold3/Testing/notumor/Te-no_0107.jpg,nt934,notumor,notumor,1,0.997404,3,0,0.002545,0.000004,0.997404,0.000047
data_rand_fold3/Testing/notumor/Te-no_0111.jpg,nt937,notumor,notumor,1,0.999655,3,0,0.000210,0.000098,0.999655,0.000037
data_rand_fold3/Testing/notumor/Te-no_0112.jpg,nt1029,notumor,notumor,1,0.999959,3,0,0.000038,0.000002,0.999959,0.000002
data_rand_fold3/Testing/notumor/Te-no_0114.jpg,nt942,notumor,notumor,1,0.999954,3,0,0.000030,0.000009,0.999954,0.000007
data_rand_fold3/Testing/notumor/Te-no_0115.jpg,nt943,notumor,notumor,1,0.999996,3,0,0.000003,0.000000,0.999996,0.000000
data_rand_fold3/Testing/notumor/Te-no_0116.jpg,nt944,notumor,notumor,1,0.999785,3,0,0.000145,0.000039,0.999785,0.000032
data_rand_fold3/Testing/notumor/Te-no_0117.jpg,nt946,notumor,notumor,1,0.999990,3,0,0.000008,0.000001,0.999990,0.000001
data_rand_fold3/Testing/notumor/Te-no_0120.jpg,nt951,notumor,notumor,1,0.999384,3,0,0.000603,0.000005,0.999384,0.000008
data_rand_fold3/Testing/notumor/Te-no_0124.jpg,nt955,notumor,notumor,1,0.999920,3,0,0.000073,0.000001,0.999920,0.000006
data_rand_fold3/Testing/notumor/Te-no_0135.jpg,nt852,notumor,notumor,1,0.999870,3,0,0.000062,0.000011,0.999870,0.000057
data_rand_fold3/Testing/notumor/Te-no_0137.jpg,nt968,notumor,notumor,1,0.999987,3,0,0.000012,0.000000,0.999987,0.000001
data_rand_fold3/Testing/notumor/Te-no_0140.jpg,nt970,notumor,notumor,1,0.998736,3,0,0.001222,0.000004,0.998736,0.000038
data_rand_fold3/Testing/notumor/Te-no_0152.jpg,nt894,notumor,notumor,1,0.999901,3,0,0.000078,0.000008,0.999901,0.000013
data_rand_fold3/Testing/notumor/Te-no_0166.jpg,nt847,notumor,notumor,1,0.999939,3,0,0.000055,0.000006,0.999939,0.000000
data_rand_fold3/Testing/notumor/Te-no_0168.jpg,nt850,notumor,notumor,1,0.999975,3,0,0.000019,0.000000,0.999975,0.000006
data_rand_fold3/Testing/notumor/Te-no_0176.jpg,nt1048,notumor,notumor,1,0.999807,3,0,0.000187,0.000005,0.999807,0.000001
data_rand_fold3/Testing/notumor/Te-no_0183.jpg,nt584,notumor,notumor,1,0.999788,3,0,0.000122,0.000054,0.999788,0.000037
data_rand_fold3/Testing/notumor/Te-no_0197.jpg,nt1055,notumor,notumor,1,0.999875,3,0,0.000115,0.000004,0.999875,0.000006
data_rand_fold3/Testing/notumor/Te-no_0204.jpg,nt1057,notumor,notumor,1,0.999603,3,0,0.000319,0.000056,0.999603,0.000022
data_rand_fold3/Testing/notumor/Te-no_0209.jpg,nt1059,notumor,notumor,1,0.999958,3,0,0.000014,0.000001,0.999958,0.000026
data_rand_fold3/Testing/notumor/Te-no_0213.jpg,nt1061,notumor,notumor,1,0.999941,3,0,0.000054,0.000000,0.999941,0.000004
data_rand_fold3/Testing/notumor/Te-no_0217.jpg,nt310,notumor,notumor,1,0.999985,3,0,0.000014,0.000000,0.999985,0.000001
data_rand_fold3/Testing/notumor/Te-no_0225.jpg,nt31,notumor,notumor,1,0.999987,3,0,0.000004,0.000001,0.999987,0.000008
data_rand_fold3/Testing/notumor/Te-no_0235.jpg,nt605,notumor,notumor,1,0.999636,3,0,0.000352,0.000009,0.999636,0.000003
data_rand_fold3/Testing/notumor/Te-no_0237.jpg,nt972,notumor,notumor,1,0.996953,3,0,0.002811,0.000114,0.996953,0.000121
data_rand_fold3/Testing/notumor/Te-no_0248.jpg,nt1071,notumor,notumor,1,0.999978,3,0,0.000020,0.000000,0.999978,0.000002
data_rand_fold3/Testing/notumor/Te-no_0254.jpg,nt373,notumor,notumor,1,0.999985,3,0,0.000007,0.000001,0.999985,0.000007
data_rand_fold3/Testing/notumor/Te-no_0257.jpg,nt1074,notumor,notumor,1,0.999951,3,0,0.000047,0.000001,0.999951,0.000002
data_rand_fold3/Testing/notumor/Te-no_0259.jpg,nt868,notumor,notumor,1,0.999994,3,0,0.000004,0.000000,0.999994,0.000003
data_rand_fold3/Testing/notumor/Te-no_0266.jpg,nt1078,notumor,notumor,1,0.999991,3,0,0.000009,0.000000,0.999991,0.000000
data_rand_fold3/Testing/notumor/Te-no_0273.jpg,nt1084,notumor,notumor,1,0.999238,3,0,0.000497,0.000136,0.999238,0.000129
data_rand_fold3/Testing/notumor/Te-no_0279.jpg,nt1087,notumor,notumor,1,0.999987,3,0,0.000012,0.000000,0.999987,0.000000
data_rand_fold3/Testing/notumor/Te-no_0281.jpg,nt1089,notumor,notumor,1,0.999910,3,0,0.000076,0.000004,0.999910,0.000010
data_rand_fold3/Testing/notumor/Te-no_0282.jpg,nt391,notumor,notumor,1,0.999888,3,0,0.000109,0.000001,0.999888,0.000002
data_rand_fold3/Testing/notumor/Te-no_0288.jpg,nt1051,notumor,notumor,1,0.999911,3,0,0.000088,0.000001,0.999911,0.000000
data_rand_fold3/Testing/notumor/Te-no_0292.jpg,nt1093,notumor,notumor,1,0.999991,3,0,0.000007,0.000002,0.999991,0.000001
data_rand_fold3/Testing/notumor/Te-no_0293.jpg,nt1094,notumor,notumor,1,0.999995,3,0,0.000005,0.000000,0.999995,0.000000
data_rand_fold3/Testing/notumor/Te-no_0300.jpg,nt409,notumor,notumor,1,0.989479,3,0,0.007601,0.002416,0.989479,0.000504
data_rand_fold3/Testing/notumor/Te-no_0303.jpg,nt143,notumor,notumor,1,0.999985,3,0,0.000011,0.000001,0.999985,0.000003
data_rand_fold3/Testing/notumor/Te-no_0310.jpg,nt170,notumor,notumor,1,0.999932,3,0,0.000036,0.000003,0.999932,0.000028
data_rand_fold3/Testing/notumor/Te-no_0315.jpg,nt999,notumor,notumor,1,0.999984,3,0,0.000012,0.000002,0.999984,0.000002
data_rand_fold3/Testing/notumor/Te-no_0318.jpg,nt347,notumor,notumor,1,0.998849,3,0,0.001143,0.000002,0.998849,0.000006
data_rand_fold3/Testing/notumor/Te-no_0320.jpg,nt1037,notumor,notumor,1,0.999990,3,0,0.000003,0.000006,0.999990,0.000002
data_rand_fold3/Testing/notumor/Te-no_0324.jpg,nt1097,notumor,notumor,1,0.990803,3,0,0.009052,0.000112,0.990803,0.000033
data_rand_fold3/Testing/notumor/Te-no_0332.jpg,nt1027,notumor,notumor,1,0.999858,3,0,0.000128,0.000008,0.999858,0.000005
data_rand_fold3/Testing/notumor/Te-no_0334.jpg,nt1029,notumor,notumor,1,0.999974,3,0,0.000023,0.000001,0.999974,0.000002
data_rand_fold3/Testing/notumor/Te-no_0336.jpg,nt325,notumor,notumor,1,0.999671,3,0,0.000196,0.000053,0.999671,0.000080
data_rand_fold3/Testing/notumor/Te-no_0339.jpg,nt1030,notumor,notumor,1,0.999993,3,0,0.000006,0.000000,0.999993,0.000000
data_rand_fold3/Testing/notumor/Te-no_0344.jpg,nt1103,notumor,notumor,1,0.998205,3,0,0.000626,0.000530,0.998205,0.000639
data_rand_fold3/Testing/notumor/Te-no_0346.jpg,nt824,notumor,notumor,1,0.999828,3,0,0.000167,0.000001,0.999828,0.000004
data_rand_fold3/Testing/notumor/Te-no_0348.jpg,nt1036,notumor,notumor,1,0.999927,3,0,0.000029,0.000030,0.999927,0.000014
data_rand_fold3/Testing/notumor/Te-no_0358.jpg,nt377,notumor,notumor,1,0.999975,3,0,0.000024,0.000000,0.999975,0.000001
data_rand_fold3/Testing/notumor/Te-no_0364.jpg,nt546,notumor,notumor,1,0.999997,3,0,0.000003,0.000000,0.999997,0.000000
data_rand_fold3/Testing/notumor/Te-no_0365.jpg,nt433,notumor,notumor,1,0.995912,3,0,0.004026,0.000002,0.995912,0.000059
data_rand_fold3/Testing/notumor/Te-no_0367.jpg,nt1094,notumor,notumor,1,0.999994,3,0,0.000006,0.000000,0.999994,0.000000
data_rand_fold3/Testing/notumor/Te-no_0371.jpg,nt858,notumor,notumor,1,0.999763,3,0,0.000135,0.000070,0.999763,0.000032
data_rand_fold3/Testing/notumor/Te-no_0374.jpg,nt365,notumor,notumor,1,0.999985,3,0,0.000014,0.000000,0.999985,0.000001
data_rand_fold3/Testing/notumor/Te-no_0391.jpg,nt440,notumor,notumor,1,0.999950,3,0,0.000005,0.000041,0.999950,0.000004
data_rand_fold3/Testing/notumor/Te-no_0393.jpg,nt1112,notumor,notumor,1,0.999926,3,0,0.000068,0.000004,0.999926,0.000002
data_rand_fold3/Testing/notumor/Te-no_0396.jpg,nt917,notumor,notumor,1,0.999962,3,0,0.000033,0.000003,0.999962,0.000002
data_rand_fold3/Testing/notumor/Te-no_0397.jpg,nt920,notumor,notumor,1,0.999960,3,0,0.000013,0.000009,0.999960,0.000018
data_rand_fold3/Testing/notumor/Te-no_0398.jpg,nt1099,notumor,notumor,1,0.999803,3,0,0.000171,0.000009,0.999803,0.000018
data_rand_fold3/Testing/notumor/Tr-no_0015.jpg,nt13,notumor,notumor,1,0.999967,3,0,0.000031,0.000000,0.999967,0.000002
data_rand_fold3/Testing/notumor/Tr-no_0018.jpg,nt16,notumor,notumor,1,0.999961,3,0,0.000012,0.000001,0.999961,0.000026
data_rand_fold3/Testing/notumor/Tr-no_0021.jpg,nt19,notumor,notumor,1,0.998748,3,0,0.000020,0.001044,0.998748,0.000188
data_rand_fold3/Testing/notumor/Tr-no_0030.jpg,nt26,notumor,notumor,1,0.998913,3,0,0.000788,0.000276,0.998913,0.000023
data_rand_fold3/Testing/notumor/Tr-no_0032.jpg,nt28,notumor,notumor,1,0.999988,3,0,0.000009,0.000000,0.999988,0.000003
data_rand_fold3/Testing/notumor/Tr-no_0035.jpg,nt31,notumor,notumor,1,0.999987,3,0,0.000004,0.000001,0.999987,0.000008
data_rand_fold3/Testing/notumor/Tr-no_0045.jpg,nt41,notumor,notumor,1,0.997538,3,0,0.000744,0.001028,0.997538,0.000690
data_rand_fold3/Testing/notumor/Tr-no_0048.jpg,nt44,notumor,notumor,1,0.999545,3,0,0.000453,0.000001,0.999545,0.000001
data_rand_fold3/Testing/notumor/Tr-no_0056.jpg,nt52,notumor,notumor,1,0.979997,3,0,0.014662,0.005320,0.979997,0.000021
data_rand_fold3/Testing/notumor/Tr-no_0059.jpg,nt55,notumor,notumor,1,0.987173,3,0,0.002471,0.010318,0.987173,0.000038
data_rand_fold3/Testing/notumor/Tr-no_0065.jpg,nt61,notumor,notumor,1,0.970539,3,0,0.024735,0.004586,0.970539,0.000140
data_rand_fold3/Testing/notumor/Tr-no_0069.jpg,nt65,notumor,notumor,1,0.942018,3,0,0.012551,0.036516,0.942018,0.008916
data_rand_fold3/Testing/notumor/Tr-no_0071.jpg,nt67,notumor,notumor,1,0.997463,3,0,0.000483,0.001998,0.997463,0.000057
data_rand_fold3/Testing/notumor/Tr-no_0072.jpg,nt68,notumor,notumor,1,0.966215,3,0,0.000794,0.032934,0.966215,0.000057
data_rand_fold3/Testing/notumor/Tr-no_0075.jpg,nt70,notumor,notumor,1,0.999081,3,0,0.000071,0.000051,0.999081,0.000796
data_rand_fold3/Testing/notumor/Tr-no_0082.jpg,nt72,notumor,notumor,1,0.957101,3,0,0.002126,0.040740,0.957101,0.000033
data_rand_fold3/Testing/notumor/Tr-no_0084.jpg,nt74,notumor,notumor,1,0.999245,3,0,0.000070,0.000006,0.999245,0.000678
data_rand_fold3/Testing/notumor/Tr-no_0100.jpg,nt90,notumor,notumor,1,0.999960,3,0,0.000023,0.000014,0.999960,0.000003
data_rand_fold3/Testing/notumor/Tr-no_0103.jpg,nt93,notumor,notumor,1,0.894756,3,0,0.002241,0.000227,0.894756,0.102777
data_rand_fold3/Testing/notumor/Tr-no_0104.jpg,nt94,notumor,notumor,1,0.997703,3,0,0.002148,0.000099,0.997703,0.000050
data_rand_fold3/Testing/notumor/Tr-no_0111.jpg,nt101,notumor,notumor,1,0.999973,3,0,0.000023,0.000002,0.999973,0.000001
data_rand_fold3/Testing/notumor/Tr-no_0124.jpg,nt111,notumor,notumor,1,0.999992,3,0,0.000006,0.000001,0.999992,0.000001
data_rand_fold3/Testing/notumor/Tr-no_0126.jpg,nt112,notumor,notumor,1,0.999900,3,0,0.000057,0.000033,0.999900,0.000010
data_rand_fold3/Testing/notumor/Tr-no_0133.jpg,nt116,notumor,notumor,1,0.999742,3,0,0.000030,0.000202,0.999742,0.000026
data_rand_fold3/Testing/notumor/Tr-no_0140.jpg,nt121,notumor,notumor,1,0.999988,3,0,0.000011,0.000000,0.999988,0.000001
data_rand_fold3/Testing/notumor/Tr-no_0147.jpg,nt127,notumor,notumor,1,0.999236,3,0,0.000737,0.000018,0.999236,0.000009
data_rand_fold3/Testing/notumor/Tr-no_0155.jpg,nt134,notumor,notumor,1,0.868526,3,0,0.118514,0.003349,0.868526,0.009611
data_rand_fold3/Testing/notumor/Tr-no_0161.jpg,nt139,notumor,notumor,1,0.999977,3,0,0.000016,0.000000,0.999977,0.000007
data_rand_fold3/Testing/notumor/Tr-no_0167.jpg,nt144,notumor,notumor,1,0.999972,3,0,0.000019,0.000001,0.999972,0.000008
data_rand_fold3/Testing/notumor/Tr-no_0168.jpg,nt145,notumor,notumor,1,0.997865,3,0,0.001877,0.000168,0.997865,0.000090
data_rand_fold3/Testing/notumor/Tr-no_0175.jpg,nt152,notumor,notumor,1,0.999863,3,0,0.000130,0.000003,0.999863,0.000004
data_rand_fold3/Testing/notumor/Tr-no_0176.jpg,nt153,notumor,notumor,1,0.999977,3,0,0.000018,0.000004,0.999977,0.000001
data_rand_fold3/Testing/notumor/Tr-no_0183.jpg,nt157,notumor,notumor,1,0.999937,3,0,0.000055,0.000001,0.999937,0.000007
data_rand_fold3/Testing/notumor/Tr-no_0186.jpg,nt159,notumor,notumor,1,0.997428,3,0,0.001354,0.001204,0.997428,0.000013
data_rand_fold3/Testing/notumor/Tr-no_0188.jpg,nt160,notumor,notumor,1,0.995405,3,0,0.000631,0.003771,0.995405,0.000193
data_rand_fold3/Testing/notumor/Tr-no_0192.jpg,nt163,notumor,notumor,1,0.997324,3,0,0.002610,0.000056,0.997324,0.000011
data_rand_fold3/Testing/notumor/Tr-no_0202.jpg,nt172,notumor,notumor,1,0.999971,3,0,0.000025,0.000001,0.999971,0.000003
data_rand_fold3/Testing/notumor/Tr-no_0206.jpg,nt176,notumor,notumor,1,0.999913,3,0,0.000076,0.000007,0.999913,0.000004
data_rand_fold3/Testing/notumor/Tr-no_0217.jpg,nt186,notumor,notumor,1,0.998996,3,0,0.000622,0.000180,0.998996,0.000202
data_rand_fold3/Testing/notumor/Tr-no_0232.jpg,nt195,notumor,notumor,1,0.999908,3,0,0.000039,0.000016,0.999908,0.000038
data_rand_fold3/Testing/notumor/Tr-no_0233.jpg,nt196,notumor,notumor,1,0.999429,3,0,0.000229,0.000314,0.999429,0.000027
data_rand_fold3/Testing/notumor/Tr-no_0234.jpg,nt197,notumor,notumor,1,0.999600,3,0,0.000380,0.000001,0.999600,0.000018
data_rand_fold3/Testing/notumor/Tr-no_0253.jpg,nt211,notumor,notumor,1,0.999787,3,0,0.000151,0.000024,0.999787,0.000038
data_rand_fold3/Testing/notumor/Tr-no_0259.jpg,nt216,notumor,notumor,1,0.979350,3,0,0.020502,0.000073,0.979350,0.000075
data_rand_fold3/Testing/notumor/Tr-no_0260.jpg,nt217,notumor,notumor,1,0.998524,3,0,0.001431,0.000006,0.998524,0.000039
data_rand_fold3/Testing/notumor/Tr-no_0277.jpg,nt230,notumor,notumor,1,0.996184,3,0,0.003486,0.000186,0.996184,0.000144
data_rand_fold3/Testing/notumor/Tr-no_0280.jpg,nt232,notumor,notumor,1,0.999949,3,0,0.000048,0.000001,0.999949,0.000002
data_rand_fold3/Testing/notumor/Tr-no_0284.jpg,nt235,notumor,notumor,1,0.999954,3,0,0.000043,0.000000,0.999954,0.000003
data_rand_fold3/Testing/notumor/Tr-no_0286.jpg,nt237,notumor,notumor,1,0.999822,3,0,0.000058,0.000058,0.999822,0.000062
data_rand_fold3/Testing/notumor/Tr-no_0299.jpg,nt247,notumor,notumor,1,0.998028,3,0,0.000218,0.001194,0.998028,0.000560
data_rand_fold3/Testing/notumor/Tr-no_0301.jpg,nt249,notumor,notumor,1,0.979014,3,0,0.002628,0.018246,0.979014,0.000111
data_rand_fold3/Testing/notumor/Tr-no_0303.jpg,nt251,notumor,notumor,1,0.999848,3,0,0.000071,0.000003,0.999848,0.000077
data_rand_fold3/Testing/notumor/Tr-no_0304.jpg,nt252,notumor,notumor,1,0.999801,3,0,0.000070,0.000082,0.999801,0.000047
data_rand_fold3/Testing/notumor/Tr-no_0305.jpg,nt253,notumor,notumor,1,0.999044,3,0,0.000059,0.000858,0.999044,0.000039
data_rand_fold3/Testing/notumor/Tr-no_0307.jpg,nt255,notumor,notumor,1,0.998483,3,0,0.000179,0.001166,0.998483,0.000172
data_rand_fold3/Testing/notumor/Tr-no_0322.jpg,nt269,notumor,notumor,1,0.997720,3,0,0.001036,0.001238,0.997720,0.000006
data_rand_fold3/Testing/notumor/Tr-no_0330.jpg,nt273,notumor,notumor,1,0.999980,3,0,0.000017,0.000002,0.999980,0.000001
data_rand_fold3/Testing/notumor/Tr-no_0335.jpg,nt275,notumor,notumor,1,0.998960,3,0,0.000756,0.000126,0.998960,0.000158
data_rand_fold3/Testing/notumor/Tr-no_0337.jpg,nt58,notumor,notumor,1,0.999970,3,0,0.000021,0.000001,0.999970,0.000008
data_rand_fold3/Testing/notumor/Tr-no_0339.jpg,nt276,notumor,notumor,1,0.999896,3,0,0.000055,0.000030,0.999896,0.000019
data_rand_fold3/Testing/notumor/Tr-no_0349.jpg,nt279,notumor,notumor,1,0.995256,3,0,0.000645,0.003815,0.995256,0.000283
data_rand_fold3/Testing/notumor/Tr-no_0367.jpg,nt117,notumor,notumor,1,0.999662,3,0,0.000187,0.000132,0.999662,0.000019
data_rand_fold3/Testing/notumor/Tr-no_0371.jpg,nt105,notumor,notumor,1,0.999925,3,0,0.000026,0.000042,0.999925,0.000007
data_rand_fold3/Testing/notumor/Tr-no_0382.jpg,nt298,notumor,glioma,0,0.672706,3,0,0.672706,0.005698,0.319463,0.002133
data_rand_fold3/Testing/notumor/Tr-no_0387.jpg,nt303,notumor,notumor,1,0.994971,3,0,0.000138,0.004197,0.994971,0.000694
data_rand_fold3/Testing/notumor/Tr-no_0395.jpg,nt310,notumor,notumor,1,0.999984,3,0,0.000015,0.000000,0.999984,0.000001
data_rand_fold3/Testing/notumor/Tr-no_0396.jpg,nt311,notumor,notumor,1,0.999949,3,0,0.000044,0.000006,0.999949,0.000002
data_rand_fold3/Testing/notumor/Tr-no_0398.jpg,nt313,notumor,notumor,1,0.999904,3,0,0.000093,0.000001,0.999904,0.000002
data_rand_fold3/Testing/notumor/Tr-no_0403.jpg,nt318,notumor,notumor,1,1.000000,3,0,0.000000,0.000000,1.000000,0.000000
data_rand_fold3/Testing/notumor/Tr-no_0404.jpg,nt319,notumor,notumor,1,0.999641,3,0,0.000346,0.000005,0.999641,0.000007
data_rand_fold3/Testing/notumor/Tr-no_0415.jpg,nt12,notumor,notumor,1,0.999706,3,0,0.000275,0.000001,0.999706,0.000019
data_rand_fold3/Testing/notumor/Tr-no_0417.jpg,nt331,notumor,notumor,1,0.999937,3,0,0.000039,0.000003,0.999937,0.000021
data_rand_fold3/Testing/notumor/Tr-no_0418.jpg,nt332,notumor,notumor,1,0.999957,3,0,0.000037,0.000002,0.999957,0.000004
data_rand_fold3/Testing/notumor/Tr-no_0430.jpg,nt344,notumor,notumor,1,0.998757,3,0,0.000801,0.000412,0.998757,0.000030
data_rand_fold3/Testing/notumor/Tr-no_0435.jpg,nt349,notumor,notumor,1,0.997933,3,0,0.000940,0.000221,0.997933,0.000906
data_rand_fold3/Testing/notumor/Tr-no_0441.jpg,nt355,notumor,notumor,1,0.886877,3,0,0.067069,0.022772,0.886877,0.023283
data_rand_fold3/Testing/notumor/Tr-no_0448.jpg,nt362,notumor,notumor,1,0.999913,3,0,0.000038,0.000000,0.999913,0.000048
data_rand_fold3/Testing/notumor/Tr-no_0455.jpg,nt369,notumor,notumor,1,0.999994,3,0,0.000002,0.000000,0.999994,0.000004
data_rand_fold3/Testing/notumor/Tr-no_0477.jpg,nt391,notumor,notumor,1,0.999837,3,0,0.000160,0.000002,0.999837,0.000002
data_rand_fold3/Testing/notumor/Tr-no_0483.jpg,nt397,notumor,notumor,1,0.999912,3,0,0.000083,0.000000,0.999912,0.000005
data_rand_fold3/Testing/notumor/Tr-no_0485.jpg,nt399,notumor,notumor,1,0.999486,3,0,0.000502,0.000001,0.999486,0.000011
data_rand_fold3/Testing/notumor/Tr-no_0487.jpg,nt401,notumor,notumor,1,0.999990,3,0,0.000006,0.000001,0.999990,0.000003
data_rand_fold3/Testing/notumor/Tr-no_0490.jpg,nt404,notumor,notumor,1,0.998426,3,0,0.000244,0.001308,0.998426,0.000022
data_rand_fold3/Testing/notumor/Tr-no_0495.jpg,nt409,notumor,notumor,1,0.995353,3,0,0.003481,0.000823,0.995353,0.000343
data_rand_fold3/Testing/notumor/Tr-no_0504.jpg,nt418,notumor,notumor,1,0.999992,3,0,0.000005,0.000000,0.999992,0.000002
data_rand_fold3/Testing/notumor/Tr-no_0510.jpg,nt424,notumor,notumor,1,0.999939,3,0,0.000044,0.000001,0.999939,0.000017
data_rand_fold3/Testing/notumor/Tr-no_0516.jpg,nt430,notumor,notumor,1,0.999982,3,0,0.000017,0.000000,0.999982,0.000001
data_rand_fold3/Testing/notumor/Tr-no_0520.jpg,nt434,notumor,notumor,1,0.999999,3,0,0.000001,0.000000,0.999999,0.000000
data_rand_fold3/Testing/notumor/Tr-no_0522.jpg,nt436,notumor,notumor,1,0.999769,3,0,0.000148,0.000011,0.999769,0.000073
data_rand_fold3/Testing/notumor/Tr-no_0527.jpg,nt311,notumor,notumor,1,0.999946,3,0,0.000044,0.000007,0.999946,0.000003
data_rand_fold3/Testing/notumor/Tr-no_0533.jpg,nt445,notumor,notumor,1,0.999598,3,0,0.000253,0.000140,0.999598,0.000009
data_rand_fold3/Testing/notumor/Tr-no_0537.jpg,nt449,notumor,notumor,1,0.999183,3,0,0.000691,0.000120,0.999183,0.000006
data_rand_fold3/Testing/notumor/Tr-no_0540.jpg,nt406,notumor,notumor,1,0.999950,3,0,0.000044,0.000002,0.999950,0.000005
data_rand_fold3/Testing/notumor/Tr-no_0541.jpg,nt429,notumor,notumor,1,0.997630,3,0,0.000817,0.000105,0.997630,0.001449
data_rand_fold3/Testing/notumor/Tr-no_0549.jpg,nt454,notumor,notumor,1,0.999877,3,0,0.000073,0.000007,0.999877,0.000043
data_rand_fold3/Testing/notumor/Tr-no_0558.jpg,nt462,notumor,notumor,1,0.999174,3,0,0.000745,0.000066,0.999174,0.000015
data_rand_fold3/Testing/notumor/Tr-no_0561.jpg,nt465,notumor,notumor,1,0.999996,3,0,0.000003,0.000000,0.999996,0.000000
data_rand_fold3/Testing/notumor/Tr-no_0562.jpg,nt466,notumor,notumor,1,0.999977,3,0,0.000016,0.000002,0.999977,0.000006
data_rand_fold3/Testing/notumor/Tr-no_0569.jpg,nt471,notumor,notumor,1,0.999876,3,0,0.000059,0.000000,0.999876,0.000065
data_rand_fold3/Testing/notumor/Tr-no_0575.jpg,nt474,notumor,notumor,1,0.999988,3,0,0.000010,0.000000,0.999988,0.000002
data_rand_fold3/Testing/notumor/Tr-no_0585.jpg,nt482,notumor,notumor,1,0.996452,3,0,0.003051,0.000147,0.996452,0.000350
data_rand_fold3/Testing/notumor/Tr-no_0595.jpg,nt491,notumor,notumor,1,0.999929,3,0,0.000067,0.000000,0.999929,0.000004
data_rand_fold3/Testing/notumor/Tr-no_0598.jpg,nt493,notumor,notumor,1,0.999963,3,0,0.000024,0.000006,0.999963,0.000007
data_rand_fold3/Testing/notumor/Tr-no_0601.jpg,nt496,notumor,notumor,1,0.996753,3,0,0.003206,0.000029,0.996753,0.000012
data_rand_fold3/Testing/notumor/Tr-no_0603.jpg,nt498,notumor,notumor,1,0.998835,3,0,0.000784,0.000059,0.998835,0.000322
data_rand_fold3/Testing/notumor/Tr-no_0605.jpg,nt500,notumor,notumor,1,0.999941,3,0,0.000054,0.000000,0.999941,0.000004
data_rand_fold3/Testing/notumor/Tr-no_0607.jpg,nt502,notumor,notumor,1,0.999856,3,0,0.000055,0.000004,0.999856,0.000084
data_rand_fold3/Testing/notumor/Tr-no_0610.jpg,nt505,notumor,notumor,1,0.995219,3,0,0.002765,0.000666,0.995219,0.001350
data_rand_fold3/Testing/notumor/Tr-no_0614.jpg,nt509,notumor,notumor,1,0.999947,3,0,0.000037,0.000002,0.999947,0.000014
data_rand_fold3/Testing/notumor/Tr-no_0615.jpg,nt510,notumor,notumor,1,0.988388,3,0,0.002744,0.000127,0.988388,0.008742
data_rand_fold3/Testing/notumor/Tr-no_0618.jpg,nt513,notumor,notumor,1,0.999837,3,0,0.000140,0.000001,0.999837,0.000022
data_rand_fold3/Testing/notumor/Tr-no_0620.jpg,nt515,notumor,notumor,1,0.999936,3,0,0.000053,0.000003,0.999936,0.000007
data_rand_fold3/Testing/notumor/Tr-no_0627.jpg,nt521,notumor,notumor,1,0.999596,3,0,0.000264,0.000120,0.999596,0.000020
data_rand_fold3/Testing/notumor/Tr-no_0641.jpg,nt532,notumor,notumor,1,0.999987,3,0,0.000011,0.000000,0.999987,0.000001
data_rand_fold3/Testing/notumor/Tr-no_0643.jpg,nt138,notumor,notumor,1,0.999821,3,0,0.000105,0.000022,0.999821,0.000052
data_rand_fold3/Testing/notumor/Tr-no_0644.jpg,nt534,notumor,notumor,1,0.999989,3,0,0.000010,0.000000,0.999989,0.000001
data_rand_fold3/Testing/notumor/Tr-no_0646.jpg,nt536,notumor,notumor,1,0.999270,3,0,0.000500,0.000009,0.999270,0.000220
data_rand_fold3/Testing/notumor/Tr-no_0647.jpg,nt537,notumor,notumor,1,0.999989,3,0,0.000010,0.000001,0.999989,0.000000
data_rand_fold3/Testing/notumor/Tr-no_0649.jpg,nt539,notumor,notumor,1,0.999997,3,0,0.000003,0.000000,0.999997,0.000000
data_rand_fold3/Testing/notumor/Tr-no_0651.jpg,nt541,notumor,notumor,1,0.999978,3,0,0.000018,0.000001,0.999978,0.000003
data_rand_fold3/Testing/notumor/Tr-no_0660.jpg,nt389,notumor,notumor,1,0.999687,3,0,0.000177,0.000091,0.999687,0.000045
data_rand_fold3/Testing/notumor/Tr-no_0664.jpg,nt550,notumor,notumor,1,0.999683,3,0,0.000126,0.000136,0.999683,0.000056
data_rand_fold3/Testing/notumor/Tr-no_0666.jpg,nt552,notumor,notumor,1,0.999820,3,0,0.000039,0.000141,0.999820,0.000001
data_rand_fold3/Testing/notumor/Tr-no_0673.jpg,nt559,notumor,notumor,1,0.999998,3,0,0.000002,0.000000,0.999998,0.000000
data_rand_fold3/Testing/notumor/Tr-no_0678.jpg,nt563,notumor,notumor,1,0.997873,3,0,0.000875,0.000196,0.997873,0.001056
data_rand_fold3/Testing/notumor/Tr-no_0681.jpg,nt426,notumor,notumor,1,0.999950,3,0,0.000039,0.000003,0.999950,0.000008
data_rand_fold3/Testing/notumor/Tr-no_0688.jpg,nt572,notumor,notumor,1,0.999888,3,0,0.000109,0.000003,0.999888,0.000000
data_rand_fold3/Testing/notumor/Tr-no_0692.jpg,nt576,notumor,notumor,1,0.999999,3,0,0.000001,0.000000,0.999999,0.000000
data_rand_fold3/Testing/notumor/Tr-no_0696.jpg,nt138,notumor,notumor,1,0.999771,3,0,0.000147,0.000036,0.999771,0.000047
data_rand_fold3/Testing/notumor/Tr-no_0707.jpg,nt580,notumor,notumor,1,0.999376,3,0,0.000612,0.000007,0.999376,0.000004
data_rand_fold3/Testing/notumor/Tr-no_0709.jpg,nt581,notumor,notumor,1,0.999972,3,0,0.000011,0.000002,0.999972,0.000016
data_rand_fold3/Testing/notumor/Tr-no_0713.jpg,nt584,notumor,notumor,1,0.999801,3,0,0.000111,0.000051,0.999801,0.000036
data_rand_fold3/Testing/notumor/Tr-no_0716.jpg,nt587,notumor,notumor,1,0.999218,3,0,0.000726,0.000016,0.999218,0.000040
data_rand_fold3/Testing/notumor/Tr-no_0718.jpg,nt588,notumor,notumor,1,0.999979,3,0,0.000016,0.000003,0.999979,0.000002
data_rand_fold3/Testing/notumor/Tr-no_0726.jpg,nt447,notumor,notumor,1,0.999892,3,0,0.000064,0.000022,0.999892,0.000022
data_rand_fold3/Testing/notumor/Tr-no_0730.jpg,nt437,notumor,notumor,1,0.999992,3,0,0.000008,0.000000,0.999992,0.000000
data_rand_fold3/Testing/notumor/Tr-no_0732.jpg,nt595,notumor,notumor,1,0.999985,3,0,0.000011,0.000002,0.999985,0.000003
data_rand_fold3/Testing/notumor/Tr-no_0735.jpg,nt598,notumor,notumor,1,0.999890,3,0,0.000044,0.000002,0.999890,0.000065
data_rand_fold3/Testing/notumor/Tr-no_0740.jpg,nt603,notumor,notumor,1,0.999705,3,0,0.000051,0.000001,0.999705,0.000244
data_rand_fold3/Testing/notumor/Tr-no_0743.jpg,nt605,notumor,notumor,1,0.999702,3,0,0.000286,0.000009,0.999702,0.000003
data_rand_fold3/Testing/notumor/Tr-no_0744.jpg,nt606,notumor,notumor,1,0.992714,3,0,0.002251,0.001082,0.992714,0.003953
data_rand_fold3/Testing/notumor/Tr-no_0746.jpg,nt608,notumor,notumor,1,0.999891,3,0,0.000095,0.000001,0.999891,0.000012
data_rand_fold3/Testing/notumor/Tr-no_0747.jpg,nt609,notumor,notumor,1,0.999911,3,0,0.000007,0.000000,0.999911,0.000082
data_rand_fold3/Testing/notumor/Tr-no_0749.jpg,nt611,notumor,notumor,1,0.996340,3,0,0.000454,0.000210,0.996340,0.002996
data_rand_fold3/Testing/notumor/Tr-no_0753.jpg,nt142,notumor,notumor,1,0.999867,3,0,0.000094,0.000029,0.999867,0.000010
data_rand_fold3/Testing/notumor/Tr-no_0755.jpg,nt616,notumor,notumor,1,0.999929,3,0,0.000047,0.000001,0.999929,0.000024
data_rand_fold3/Testing/notumor/Tr-no_0759.jpg,nt620,notumor,notumor,1,0.999979,3,0,0.000002,0.000000,0.999979,0.000019
data_rand_fold3/Testing/notumor/Tr-no_0762.jpg,nt623,notumor,notumor,1,0.999550,3,0,0.000265,0.000020,0.999550,0.000165
data_rand_fold3/Testing/notumor/Tr-no_0764.jpg,nt625,notumor,notumor,1,0.997225,3,0,0.001349,0.000179,0.997225,0.001248
data_rand_fold3/Testing/notumor/Tr-no_0770.jpg,nt629,notumor,notumor,1,0.999790,3,0,0.000047,0.000002,0.999790,0.000161
data_rand_fold3/Testing/notumor/Tr-no_0772.jpg,nt631,notumor,notumor,1,0.987154,3,0,0.003718,0.001601,0.987154,0.007527
data_rand_fold3/Testing/notumor/Tr-no_0776.jpg,nt635,notumor,notumor,1,0.998686,3,0,0.001171,0.000008,0.998686,0.000136
data_rand_fold3/Testing/notumor/Tr-no_0778.jpg,nt131,notumor,notumor,1,0.999903,3,0,0.000078,0.000015,0.999903,0.000004
data_rand_fold3/Testing/notumor/Tr-no_0783.jpg,nt641,notumor,notumor,1,0.999770,3,0,0.000082,0.000027,0.999770,0.000122
data_rand_fold3/Testing/notumor/Tr-no_0791.jpg,nt146,notumor,notumor,1,0.999913,3,0,0.000023,0.000051,0.999913,0.000013
data_rand_fold3/Testing/notumor/Tr-no_0793.jpg,nt649,notumor,notumor,1,0.998882,3,0,0.000360,0.000020,0.998882,0.000739
data_rand_fold3/Testing/notumor/Tr-no_0800.jpg,nt656,notumor,notumor,1,0.998528,3,0,0.000571,0.000219,0.998528,0.000681
data_rand_fold3/Testing/notumor/Tr-no_0801.jpg,nt657,notumor,notumor,1,0.999994,3,0,0.000005,0.000000,0.999994,0.000001
data_rand_fold3/Testing/notumor/Tr-no_0803.jpg,nt456,notumor,notumor,1,0.999928,3,0,0.000059,0.000006,0.999928,0.000007
data_rand_fold3/Testing/notumor/Tr-no_0805.jpg,nt660,notumor,notumor,1,0.999973,3,0,0.000023,0.000000,0.999973,0.000003
data_rand_fold3/Testing/notumor/Tr-no_0808.jpg,nt663,notumor,notumor,1,0.999997,3,0,0.000002,0.000000,0.999997,0.000001
data_rand_fold3/Testing/notumor/Tr-no_0816.jpg,nt457,notumor,notumor,1,0.999507,3,0,0.000468,0.000021,0.999507,0.000004
data_rand_fold3/Testing/notumor/Tr-no_0819.jpg,nt673,notumor,notumor,1,0.970963,3,0,0.009203,0.004330,0.970963,0.015504
data_rand_fold3/Testing/notumor/Tr-no_0825.jpg,nt679,notumor,notumor,1,0.998918,3,0,0.000751,0.000067,0.998918,0.000264
data_rand_fold3/Testing/notumor/Tr-no_0829.jpg,nt682,notumor,notumor,1,0.992092,3,0,0.004132,0.000661,0.992092,0.003116
data_rand_fold3/Testing/notumor/Tr-no_0830.jpg,nt683,notumor,notumor,1,0.977082,3,0,0.012905,0.004588,0.977082,0.005425
data_rand_fold3/Testing/notumor/Tr-no_0832.jpg,nt685,notumor,notumor,1,0.979451,3,0,0.008464,0.000860,0.979451,0.011225
data_rand_fold3/Testing/notumor/Tr-no_0837.jpg,nt690,notumor,notumor,1,0.993232,3,0,0.002624,0.001278,0.993232,0.002867
data_rand_fold3/Testing/notumor/Tr-no_0840.jpg,nt459,notumor,notumor,1,0.999701,3,0,0.000187,0.000016,0.999701,0.000096
data_rand_fold3/Testing/notumor/Tr-no_0843.jpg,nt695,notumor,notumor,1,0.999977,3,0,0.000022,0.000000,0.999977,0.000001
data_rand_fold3/Testing/notumor/Tr-no_0853.jpg,nt705,notumor,notumor,1,0.999991,3,0,0.000004,0.000000,0.999991,0.000005
data_rand_fold3/Testing/notumor/Tr-no_0860.jpg,nt712,notumor,notumor,1,0.993186,3,0,0.003221,0.000614,0.993186,0.002979
data_rand_fold3/Testing/notumor/Tr-no_0861.jpg,nt713,notumor,notumor,1,0.993673,3,0,0.004214,0.000474,0.993673,0.001639
data_rand_fold3/Testing/notumor/Tr-no_0875.jpg,nt726,notumor,notumor,1,0.999781,3,0,0.000112,0.000014,0.999781,0.000094
data_rand_fold3/Testing/notumor/Tr-no_0882.jpg,nt731,notumor,notumor,1,0.999424,3,0,0.000219,0.000024,0.999424,0.000334
data_rand_fold3/Testing/notumor/Tr-no_0885.jpg,nt734,notumor,notumor,1,0.999586,3,0,0.000088,0.000015,0.999586,0.000311
data_rand_fold3/Testing/notumor/Tr-no_0890.jpg,nt737,notumor,notumor,1,0.999136,3,0,0.000293,0.000029,0.999136,0.000541
data_rand_fold3/Testing/notumor/Tr-no_0902.jpg,nt157,notumor,notumor,1,0.999964,3,0,0.000029,0.000001,0.999964,0.000005
data_rand_fold3/Testing/notumor/Tr-no_0908.jpg,nt753,notumor,notumor,1,0.999436,3,0,0.000127,0.000050,0.999436,0.000387
data_rand_fold3/Testing/notumor/Tr-no_0922.jpg,nt765,notumor,notumor,1,0.999398,3,0,0.000156,0.000026,0.999398,0.000421
data_rand_fold3/Testing/notumor/Tr-no_0926.jpg,nt464,notumor,notumor,1,0.999899,3,0,0.000039,0.000030,0.999899,0.000031
data_rand_fold3/Testing/notumor/Tr-no_0932.jpg,nt23,notumor,notumor,1,0.999749,3,0,0.000131,0.000001,0.999749,0.000119
data_rand_fold3/Testing/notumor/Tr-no_0936.jpg,nt777,notumor,notumor,1,0.999563,3,0,0.000055,0.000001,0.999563,0.000381
data_rand_fold3/Testing/notumor/Tr-no_0952.jpg,nt790,notumor,notumor,1,0.999993,3,0,0.000004,0.000000,0.999993,0.000002
data_rand_fold3/Testing/notumor/Tr-no_0963.jpg,nt166,notumor,notumor,1,0.999896,3,0,0.000098,0.000001,0.999896,0.000005
data_rand_fold3/Testing/notumor/Tr-no_0973.jpg,nt157,notumor,notumor,1,0.999938,3,0,0.000053,0.000001,0.999938,0.000008
data_rand_fold3/Testing/notumor/Tr-no_0976.jpg,nt799,notumor,notumor,1,0.999477,3,0,0.000434,0.000019,0.999477,0.000070
data_rand_fold3/Testing/notumor/Tr-no_0987.jpg,nt22,notumor,notumor,1,0.999076,3,0,0.000076,0.000001,0.999076,0.000847
data_rand_fold3/Testing/notumor/Tr-no_0991.jpg,nt802,notumor,notumor,1,0.992981,3,0,0.002123,0.004108,0.992981,0.000789
data_rand_fold3/Testing/notumor/Tr-no_0996.jpg,nt191,notumor,notumor,1,0.999990,3,0,0.000010,0.000000,0.999990,0.000001
data_rand_fold3/Testing/notumor/Tr-no_1023.jpg,nt395,notumor,notumor,1,0.999606,3,0,0.000285,0.000061,0.999606,0.000047
data_rand_fold3/Testing/notumor/Tr-no_1026.jpg,nt464,notumor,notumor,1,0.999813,3,0,0.000071,0.000066,0.999813,0.000050
data_rand_fold3/Testing/notumor/Tr-no_1032.jpg,nt242,notumor,notumor,1,0.999957,3,0,0.000025,0.000001,0.999957,0.000017
data_rand_fold3/Testing/notumor/Tr-no_1051.jpg,nt142,notumor,notumor,1,0.999811,3,0,0.000128,0.000047,0.999811,0.000014
data_rand_fold3/Testing/notumor/Tr-no_1062.jpg,nt817,notumor,notumor,1,0.999971,3,0,0.000021,0.000004,0.999971,0.000003
data_rand_fold3/Testing/notumor/Tr-no_1065.jpg,nt18,notumor,notumor,1,0.999911,3,0,0.000053,0.000004,0.999911,0.000032
data_rand_fold3/Testing/notumor/Tr-no_1098.jpg,nt395,notumor,notumor,1,0.999687,3,0,0.000227,0.000048,0.999687,0.000037
data_rand_fold3/Testing/notumor/Tr-no_1099.jpg,nt716,notumor,notumor,1,0.998586,3,0,0.001042,0.000115,0.998586,0.000257
data_rand_fold3/Testing/notumor/Tr-no_1120.jpg,nt821,notumor,notumor,1,0.999997,3,0,0.000003,0.000000,0.999997,0.000000
data_rand_fold3/Testing/notumor/Tr-no_1165.jpg,nt348,notumor,notumor,1,0.999800,3,0,0.000122,0.000001,0.999800,0.000077
data_rand_fold3/Testing/notumor/Tr-no_1180.jpg,nt155,notumor,notumor,1,0.999528,3,0,0.000399,0.000061,0.999528,0.000013
data_rand_fold3/Testing/notumor/Tr-no_1184.jpg,nt825,notumor,notumor,1,0.994310,3,0,0.005223,0.000205,0.994310,0.000262
data_rand_fold3/Testing/notumor/Tr-no_1188.jpg,nt5,notumor,notumor,1,0.999896,3,0,0.000096,0.000002,0.999896,0.000006
data_rand_fold3/Testing/notumor/Tr-no_1194.jpg,nt252,notumor,notumor,1,0.999749,3,0,0.000089,0.000111,0.999749,0.000051
data_rand_fold3/Testing/notumor/Tr-no_1210.jpg,nt391,notumor,notumor,1,0.999835,3,0,0.000160,0.000003,0.999835,0.000002
data_rand_fold3/Testing/notumor/Tr-no_1215.jpg,nt833,notumor,notumor,1,0.999986,3,0,0.000013,0.000000,0.999986,0.000001
data_rand_fold3/Testing/notumor/Tr-no_1217.jpg,nt393,notumor,notumor,1,0.999555,3,0,0.000323,0.000034,0.999555,0.000088
data_rand_fold3/Testing/notumor/Tr-no_1223.jpg,nt837,notumor,notumor,1,0.999997,3,0,0.000001,0.000001,0.999997,0.000000
data_rand_fold3/Testing/notumor/Tr-no_1224.jpg,nt838,notumor,notumor,1,0.999936,3,0,0.000059,0.000002,0.999936,0.000003
data_rand_fold3/Testing/notumor/Tr-no_1225.jpg,nt397,notumor,notumor,1,0.999882,3,0,0.000110,0.000000,0.999882,0.000007
data_rand_fold3/Testing/notumor/Tr-no_1231.jpg,nt353,notumor,notumor,1,0.999811,3,0,0.000176,0.000006,0.999811,0.000007
data_rand_fold3/Testing/notumor/Tr-no_1243.jpg,nt354,notumor,notumor,1,0.999992,3,0,0.000007,0.000000,0.999992,0.000001
data_rand_fold3/Testing/notumor/Tr-no_1245.jpg,nt404,notumor,notumor,1,0.998785,3,0,0.000266,0.000929,0.998785,0.000020
data_rand_fold3/Testing/notumor/Tr-no_1250.jpg,nt850,notumor,notumor,1,0.999986,3,0,0.000010,0.000000,0.999986,0.000004
data_rand_fold3/Testing/notumor/Tr-no_1251.jpg,nt407,notumor,notumor,1,0.999964,3,0,0.000034,0.000001,0.999964,0.000001
data_rand_fold3/Testing/notumor/Tr-no_1258.jpg,nt414,notumor,notumor,1,0.999752,3,0,0.000183,0.000049,0.999752,0.000016
data_rand_fold3/Testing/notumor/Tr-no_1264.jpg,nt419,notumor,notumor,1,0.999981,3,0,0.000018,0.000000,0.999981,0.000001
data_rand_fold3/Testing/notumor/Tr-no_1265.jpg,nt356,notumor,notumor,1,0.999949,3,0,0.000034,0.000004,0.999949,0.000012
data_rand_fold3/Testing/notumor/Tr-no_1266.jpg,nt858,notumor,notumor,1,0.999778,3,0,0.000125,0.000067,0.999778,0.000030
data_rand_fold3/Testing/notumor/Tr-no_1270.jpg,nt860,notumor,notumor,1,0.999893,3,0,0.000105,0.000001,0.999893,0.000001
data_rand_fold3/Testing/notumor/Tr-no_1271.jpg,nt861,notumor,notumor,1,0.998659,3,0,0.000658,0.000249,0.998659,0.000435
data_rand_fold3/Testing/notumor/Tr-no_1274.jpg,nt864,notumor,notumor,1,0.999950,3,0,0.000037,0.000008,0.999950,0.000005
data_rand_fold3/Testing/notumor/Tr-no_1278.jpg,nt868,notumor,notumor,1,0.999994,3,0,0.000003,0.000000,0.999994,0.000002
data_rand_fold3/Testing/notumor/Tr-no_1279.jpg,nt367,notumor,notumor,1,0.999894,3,0,0.000063,0.000001,0.999894,0.000042
data_rand_fold3/Testing/notumor/Tr-no_1284.jpg,nt871,notumor,notumor,1,0.999869,3,0,0.000115,0.000011,0.999869,0.000005
data_rand_fold3/Testing/notumor/Tr-no_1296.jpg,nt881,notumor,notumor,1,0.999969,3,0,0.000024,0.000003,0.999969,0.000004
data_rand_fold3/Testing/notumor/Tr-no_1301.jpg,nt885,notumor,notumor,1,0.999803,3,0,0.000119,0.000015,0.999803,0.000063
data_rand_fold3/Testing/notumor/Tr-no_1308.jpg,nt888,notumor,notumor,1,0.999951,3,0,0.000041,0.000008,0.999951,0.000001
data_rand_fold3/Testing/notumor/Tr-no_1316.jpg,nt894,notumor,notumor,1,0.999900,3,0,0.000079,0.000008,0.999900,0.000013
data_rand_fold3/Testing/notumor/Tr-no_1320.jpg,nt897,notumor,notumor,1,0.998877,3,0,0.000802,0.000060,0.998877,0.000262
data_rand_fold3/Testing/notumor/Tr-no_1323.jpg,nt900,notumor,notumor,1,0.999677,3,0,0.000254,0.000057,0.999677,0.000013
data_rand_fold3/Testing/notumor/Tr-no_1335.jpg,nt528,notumor,notumor,1,0.998017,3,0,0.001872,0.000097,0.998017,0.000014
data_rand_fold3/Testing/notumor/Tr-no_1337.jpg,nt908,notumor,notumor,1,0.999964,3,0,0.000027,0.000000,0.999964,0.000008
data_rand_fold3/Testing/notumor/Tr-no_1338.jpg,nt909,notumor,notumor,1,0.999964,3,0,0.000032,0.000002,0.999964,0.000002
data_rand_fold3/Testing/notumor/Tr-no_1353.jpg,nt917,notumor,notumor,1,0.999955,3,0,0.000039,0.000004,0.999955,0.000002
data_rand_fold3/Testing/notumor/Tr-no_1355.jpg,nt919,notumor,notumor,1,0.999960,3,0,0.000025,0.000010,0.999960,0.000005
data_rand_fold3/Testing/notumor/Tr-no_1357.jpg,nt921,notumor,notumor,1,0.999897,3,0,0.000004,0.000094,0.999897,0.000005
data_rand_fold3/Testing/notumor/Tr-no_1360.jpg,nt924,notumor,notumor,1,0.999705,3,0,0.000162,0.000010,0.999705,0.000122
data_rand_fold3/Testing/notumor/Tr-no_1362.jpg,nt926,notumor,notumor,1,0.999974,3,0,0.000025,0.000001,0.999974,0.000000
data_rand_fold3/Testing/notumor/Tr-no_1380.jpg,nt937,notumor,notumor,1,0.999635,3,0,0.000220,0.000106,0.999635,0.000040
data_rand_fold3/Testing/notumor/Tr-no_1387.jpg,nt942,notumor,notumor,1,0.999949,3,0,0.000034,0.000009,0.999949,0.000008
data_rand_fold3/Testing/notumor/Tr-no_1406.jpg,nt953,notumor,notumor,1,0.999986,3,0,0.000011,0.000002,0.999986,0.000001
data_rand_fold3/Testing/notumor/Tr-no_1411.jpg,nt568,notumor,notumor,1,0.999960,3,0,0.000034,0.000001,0.999960,0.000005
data_rand_fold3/Testing/notumor/Tr-no_1418.jpg,nt346,notumor,notumor,1,0.994494,3,0,0.005448,0.000043,0.994494,0.000015
data_rand_fold3/Testing/notumor/Tr-no_1428.jpg,nt964,notumor,notumor,1,0.998831,3,0,0.000459,0.000116,0.998831,0.000594
data_rand_fold3/Testing/notumor/Tr-no_1429.jpg,nt965,notumor,notumor,1,0.999942,3,0,0.000053,0.000001,0.999942,0.000005
data_rand_fold3/Testing/notumor/Tr-no_1433.jpg,nt969,notumor,notumor,1,0.999992,3,0,0.000004,0.000001,0.999992,0.000002
data_rand_fold3/Testing/notumor/Tr-no_1437.jpg,nt810,notumor,notumor,1,0.999789,3,0,0.000039,0.000162,0.999789,0.000010
data_rand_fold3/Testing/notumor/Tr-no_1439.jpg,nt973,notumor,notumor,1,0.999427,3,0,0.000556,0.000004,0.999427,0.000014
data_rand_fold3/Testing/notumor/Tr-no_1441.jpg,nt495,notumor,notumor,1,0.999903,3,0,0.000085,0.000001,0.999903,0.000011
data_rand_fold3/Testing/notumor/Tr-no_1443.jpg,nt975,notumor,notumor,1,0.998245,3,0,0.001270,0.000007,0.998245,0.000477
data_rand_fold3/Testing/notumor/Tr-no_1448.jpg,nt978,notumor,notumor,1,0.999835,3,0,0.000099,0.000042,0.999835,0.000024
data_rand_fold3/Testing/notumor/Tr-no_1457.jpg,nt484,notumor,notumor,1,0.999955,3,0,0.000039,0.000006,0.999955,0.000000
data_rand_fold3/Testing/notumor/Tr-no_1462.jpg,nt985,notumor,notumor,1,0.999767,3,0,0.000231,0.000001,0.999767,0.000001
data_rand_fold3/Testing/notumor/Tr-no_1472.jpg,nt635,notumor,notumor,1,0.998728,3,0,0.001152,0.000007,0.998728,0.000113
data_rand_fold3/Testing/notumor/Tr-no_1473.jpg,nt645,notumor,notumor,1,0.999713,3,0,0.000158,0.000090,0.999713,0.000040
data_rand_fold3/Testing/notumor/Tr-no_1479.jpg,nt395,notumor,notumor,1,0.999837,3,0,0.000096,0.000043,0.999837,0.000024
data_rand_fold3/Testing/notumor/Tr-no_1481.jpg,nt989,notumor,notumor,1,0.999864,3,0,0.000113,0.000008,0.999864,0.000015
data_rand_fold3/Testing/notumor/Tr-no_1485.jpg,nt828,notumor,notumor,1,0.999929,3,0,0.000063,0.000003,0.999929,0.000005
data_rand_fold3/Testing/notumor/Tr-no_1509.jpg,nt997,notumor,notumor,1,0.999877,3,0,0.000109,0.000006,0.999877,0.000008
data_rand_fold3/Testing/notumor/Tr-no_1523.jpg,nt1001,notumor,notumor,1,0.999760,3,0,0.000110,0.000006,0.999760,0.000124
data_rand_fold3/Testing/notumor/Tr-no_1526.jpg,nt536,notumor,notumor,1,0.999166,3,0,0.000586,0.000011,0.999166,0.000237
data_rand_fold3/Testing/notumor/Tr-no_1529.jpg,nt1005,notumor,notumor,1,0.999726,3,0,0.000073,0.000195,0.999726,0.000006
data_rand_fold3/Testing/notumor/Tr-no_1533.jpg,nt1006,notumor,notumor,1,0.999987,3,0,0.000010,0.000002,0.999987,0.000001
data_rand_fold3/Testing/notumor/Tr-no_1537.jpg,nt894,notumor,notumor,1,0.999901,3,0,0.000078,0.000008,0.999901,0.000013
data_rand_fold3/Testing/notumor/Tr-no_1542.jpg,nt901,notumor,notumor,1,0.999934,3,0,0.000057,0.000004,0.999934,0.000005
data_rand_fold3/Testing/notumor/Tr-no_1551.jpg,nt943,notumor,notumor,1,0.999996,3,0,0.000004,0.000000,0.999996,0.000000
data_rand_fold3/Testing/notumor/Tr-no_1553.jpg,nt493,notumor,notumor,1,0.999966,3,0,0.000022,0.000006,0.999966,0.000006
data_rand_fold3/Testing/notumor/Tr-no_1554.jpg,nt438,notumor,notumor,1,0.999967,3,0,0.000014,0.000004,0.999967,0.000015
data_rand_fold3/Testing/notumor/Tr-no_1561.jpg,nt951,notumor,notumor,1,0.999223,3,0,0.000758,0.000008,0.999223,0.000011
data_rand_fold3/Testing/notumor/Tr-no_1567.jpg,nt953,notumor,notumor,1,0.999987,3,0,0.000010,0.000002,0.999987,0.000001
data_rand_fold3/Testing/notumor/Tr-no_1571.jpg,nt957,notumor,notumor,1,0.999624,3,0,0.000060,0.000010,0.999624,0.000307
data_rand_fold3/Testing/notumor/Tr-no_1572.jpg,nt343,notumor,notumor,1,0.999995,3,0,0.000001,0.000001,0.999995,0.000003
data_rand_fold3/Testing/notumor/Tr-no_1573.jpg,nt1018,notumor,notumor,1,0.999975,3,0,0.000012,0.000002,0.999975,0.000011
data_rand_fold3/Testing/notumor/Tr-no_1574.jpg,nt1019,notumor,notumor,1,0.999547,3,0,0.000295,0.000142,0.999547,0.000016
data_rand_fold3/Testing/notumor/Tr-no_1588.jpg,nt926,notumor,notumor,1,0.999982,3,0,0.000018,0.000000,0.999982,0.000000
data_rand_fold3/Testing/notumor/Tr-no_1590.jpg,nt1024,notumor,notumor,1,0.999920,3,0,0.000056,0.000019,0.999920,0.000005
data_rand_fold3/Testing/notumor/Tr-no_1592.jpg,nt932,notumor,notumor,1,0.999988,3,0,0.000004,0.000004,0.999988,0.000003
data_rand_fold3/Testing/pituitary/Te-piTr_0000.jpg,113274,pituitary,pituitary,1,0.998239,3,0,0.000371,0.001368,0.000023,0.998239
data_rand_fold3/Testing/pituitary/Te-piTr_0001.jpg,58392,pituitary,pituitary,1,0.999994,3,0,0.000001,0.000003,0.000001,0.999994
data_rand_fold3/Testing/pituitary/Te-piTr_0005.jpg,112847,pituitary,pituitary,1,0.999535,3,0,0.000328,0.000096,0.000042,0.999535
data_rand_fold3/Testing/pituitary/Te-pi_0013.jpg,102648,pituitary,pituitary,1,0.742793,3,0,0.255819,0.000687,0.000700,0.742793
data_rand_fold3/Testing/pituitary/Te-pi_0014.jpg,103257,pituitary,pituitary,1,0.999992,3,0,0.000000,0.000008,0.000000,0.999992
data_rand_fold3/Testing/pituitary/Te-pi_0015.jpg,103257,pituitary,pituitary,1,0.999999,3,0,0.000000,0.000001,0.000000,0.999999
data_rand_fold3/Testing/pituitary/Te-pi_0017.jpg,103582,pituitary,pituitary,1,0.998917,3,0,0.000464,0.000593,0.000026,0.998917
data_rand_fold3/Testing/pituitary/Te-pi_0028.jpg,105187,pituitary,pituitary,1,0.999995,3,0,0.000001,0.000002,0.000002,0.999995
data_rand_fold3/Testing/pituitary/Te-pi_0029.jpg,105538,pituitary,pituitary,1,0.935616,3,0,0.037840,0.026245,0.000299,0.935616
data_rand_fold3/Testing/pituitary/Te-pi_0030.jpg,105638,pituitary,pituitary,1,0.999963,3,0,0.000000,0.000036,0.000001,0.999963
data_rand_fold3/Testing/pituitary/Te-pi_0034.jpg,97481,pituitary,pituitary,1,0.999140,3,0,0.000276,0.000572,0.000013,0.999140
data_rand_fold3/Testing/pituitary/Te-pi_0044.jpg,99223,pituitary,pituitary,1,0.999907,3,0,0.000043,0.000046,0.000003,0.999907
data_rand_fold3/Testing/pituitary/Te-pi_0047.jpg,101029,pituitary,pituitary,1,0.999996,3,0,0.000000,0.000001,0.000002,0.999996
data_rand_fold3/Testing/pituitary/Te-pi_0048.jpg,101305,pituitary,pituitary,1,0.999993,3,0,0.000001,0.000003,0.000002,0.999993
data_rand_fold3/Testing/pituitary/Te-pi_0050.jpg,101724,pituitary,pituitary,1,0.996698,3,0,0.002824,0.000186,0.000291,0.996698
data_rand_fold3/Testing/pituitary/Te-pi_0051.jpg,102648,pituitary,pituitary,1,0.999984,3,0,0.000012,0.000002,0.000002,0.999984
data_rand_fold3/Testing/pituitary/Te-pi_0056.jpg,107495,pituitary,pituitary,1,0.999958,3,0,0.000003,0.000032,0.000008,0.999958
data_rand_fold3/Testing/pituitary/Te-pi_0058.jpg,107429,pituitary,pituitary,1,0.999985,3,0,0.000001,0.000013,0.000000,0.999985
data_rand_fold3/Testing/pituitary/Te-pi_0063.jpg,108931,pituitary,pituitary,1,0.999993,3,0,0.000000,0.000002,0.000005,0.999993
data_rand_fold3/Testing/pituitary/Te-pi_0067.jpg,109898,pituitary,pituitary,1,0.999687,3,0,0.000022,0.000279,0.000012,0.999687
data_rand_fold3/Testing/pituitary/Te-pi_0070.jpg,110537,pituitary,pituitary,1,0.999854,3,0,0.000039,0.000083,0.000024,0.999854
data_rand_fold3/Testing/pituitary/Te-pi_0073.jpg,110993,pituitary,pituitary,1,0.999897,3,0,0.000021,0.000075,0.000007,0.999897
data_rand_fold3/Testing/pituitary/Te-pi_0074.jpg,111075,pituitary,pituitary,1,0.999907,3,0,0.000018,0.000048,0.000027,0.999907
data_rand_fold3/Testing/pituitary/Te-pi_0082.jpg,112847,pituitary,pituitary,1,0.999156,3,0,0.000019,0.000263,0.000562,0.999156
data_rand_fold3/Testing/pituitary/Te-pi_0085.jpg,113741,pituitary,pituitary,1,0.997750,3,0,0.000694,0.000569,0.000987,0.997750
data_rand_fold3/Testing/pituitary/Te-pi_0095.jpg,107505,pituitary,pituitary,1,0.992991,3,0,0.004066,0.002897,0.000046,0.992991
data_rand_fold3/Testing/pituitary/Te-pi_0098.jpg,108858,pituitary,pituitary,1,0.999419,3,0,0.000004,0.000563,0.000014,0.999419
data_rand_fold3/Testing/pituitary/Te-pi_0100.jpg,109471,pituitary,pituitary,1,0.999968,3,0,0.000003,0.000025,0.000004,0.999968
data_rand_fold3/Testing/pituitary/Te-pi_0104.jpg,110518,pituitary,pituitary,1,0.992958,3,0,0.001707,0.005324,0.000011,0.992958
data_rand_fold3/Testing/pituitary/Te-pi_0110.jpg,111125,pituitary,pituitary,1,0.999756,3,0,0.000074,0.000132,0.000037,0.999756
data_rand_fold3/Testing/pituitary/Te-pi_0121.jpg,107495,pituitary,pituitary,1,0.999991,3,0,0.000001,0.000007,0.000001,0.999991
data_rand_fold3/Testing/pituitary/Te-pi_0125.jpg,113274,pituitary,pituitary,1,0.958585,3,0,0.025931,0.015032,0.000452,0.958585
data_rand_fold3/Testing/pituitary/Te-pi_0139.jpg,111785,pituitary,pituitary,1,0.999990,3,0,0.000001,0.000008,0.000000,0.999990
data_rand_fold3/Testing/pituitary/Te-pi_0141.jpg,112649,pituitary,pituitary,1,0.999875,3,0,0.000073,0.000048,0.000003,0.999875
data_rand_fold3/Testing/pituitary/Te-pi_0145.jpg,101305,pituitary,pituitary,1,0.999877,3,0,0.000043,0.000078,0.000002,0.999877
data_rand_fold3/Testing/pituitary/Te-pi_0147.jpg,102648,pituitary,pituitary,1,0.974178,3,0,0.025319,0.000454,0.000049,0.974178
data_rand_fold3/Testing/pituitary/Te-pi_0148.jpg,103046,pituitary,pituitary,1,0.999741,3,0,0.000046,0.000167,0.000045,0.999741
data_rand_fold3/Testing/pituitary/Te-pi_0150.jpg,103257,pituitary,pituitary,1,0.999992,3,0,0.000000,0.000008,0.000000,0.999992
data_rand_fold3/Testing/pituitary/Te-pi_0151.jpg,103257,pituitary,pituitary,1,0.999954,3,0,0.000001,0.000043,0.000002,0.999954
data_rand_fold3/Testing/pituitary/Te-pi_0158.jpg,103731,pituitary,pituitary,1,0.999779,3,0,0.000187,0.000024,0.000011,0.999779
data_rand_fold3/Testing/pituitary/Te-pi_0168.jpg,104912,pituitary,pituitary,1,0.999943,3,0,0.000004,0.000053,0.000000,0.999943
data_rand_fold3/Testing/pituitary/Te-pi_0178.jpg,97481,pituitary,pituitary,1,0.896823,3,0,0.017309,0.085684,0.000184,0.896823
data_rand_fold3/Testing/pituitary/Te-pi_0179.jpg,97599,pituitary,pituitary,1,0.836720,3,0,0.049718,0.110471,0.003090,0.836720
data_rand_fold3/Testing/pituitary/Te-pi_0181.jpg,98472,pituitary,pituitary,1,0.999999,3,0,0.000000,0.000000,0.000000,0.999999
data_rand_fold3/Testing/pituitary/Te-pi_0191.jpg,99223,pituitary,pituitary,1,0.999990,3,0,0.000002,0.000008,0.000000,0.999990
data_rand_fold3/Testing/pituitary/Te-pi_0192.jpg,101017,pituitary,pituitary,1,0.999982,3,0,0.000009,0.000002,0.000007,0.999982
data_rand_fold3/Testing/pituitary/Te-pi_0193.jpg,101017,pituitary,pituitary,1,0.999967,3,0,0.000005,0.000011,0.000017,0.999967
data_rand_fold3/Testing/pituitary/Te-pi_0194.jpg,101029,pituitary,pituitary,1,0.999772,3,0,0.000026,0.000049,0.000153,0.999772
data_rand_fold3/Testing/pituitary/Te-pi_0202.jpg,103257,pituitary,pituitary,1,0.999989,3,0,0.000004,0.000004,0.000003,0.999989
data_rand_fold3/Testing/pituitary/Te-pi_0203.jpg,103257,pituitary,pituitary,1,0.999980,3,0,0.000001,0.000004,0.000014,0.999980
data_rand_fold3/Testing/pituitary/Te-pi_0210.jpg,103731,pituitary,pituitary,1,0.994159,3,0,0.000247,0.005431,0.000162,0.994159
data_rand_fold3/Testing/pituitary/Te-pi_0211.jpg,103731,pituitary,pituitary,1,0.999864,3,0,0.000062,0.000042,0.000033,0.999864
data_rand_fold3/Testing/pituitary/Te-pi_0217.jpg,107429,pituitary,pituitary,1,0.993190,3,0,0.000287,0.004584,0.001938,0.993190
data_rand_fold3/Testing/pituitary/Te-pi_0225.jpg,97416,pituitary,pituitary,1,0.999997,3,0,0.000001,0.000001,0.000000,0.999997
data_rand_fold3/Testing/pituitary/Te-pi_0231.jpg,97890,pituitary,pituitary,1,0.999723,3,0,0.000095,0.000159,0.000023,0.999723
data_rand_fold3/Testing/pituitary/Te-pi_0234.jpg,98871,pituitary,pituitary,1,0.999744,3,0,0.000034,0.000003,0.000219,0.999744
data_rand_fold3/Testing/pituitary/Te-pi_0238.jpg,98992,pituitary,pituitary,1,0.999453,3,0,0.000027,0.000488,0.000032,0.999453
data_rand_fold3/Testing/pituitary/Te-pi_0243.jpg,101017,pituitary,pituitary,1,0.999998,3,0,0.000000,0.000001,0.000001,0.999998
data_rand_fold3/Testing/pituitary/Te-pi_0248.jpg,101724,pituitary,pituitary,1,0.998769,3,0,0.000305,0.000229,0.000697,0.998769
data_rand_fold3/Testing/pituitary/Te-pi_0249.jpg,108858,pituitary,pituitary,1,0.997576,3,0,0.002211,0.000163,0.000049,0.997576
data_rand_fold3/Testing/pituitary/Te-pi_0251.jpg,102648,pituitary,pituitary,1,0.794317,3,0,0.201697,0.003121,0.000865,0.794317
data_rand_fold3/Testing/pituitary/Te-pi_0254.jpg,103257,pituitary,pituitary,1,0.998360,3,0,0.001287,0.000109,0.000243,0.998360
data_rand_fold3/Testing/pituitary/Te-pi_0258.jpg,103582,pituitary,pituitary,1,0.999642,3,0,0.000017,0.000339,0.000001,0.999642
data_rand_fold3/Testing/pituitary/Te-pi_0259.jpg,108858,pituitary,pituitary,1,0.999029,3,0,0.000418,0.000498,0.000056,0.999029
data_rand_fold3/Testing/pituitary/Te-pi_0273.jpg,108931,pituitary,pituitary,1,0.993589,3,0,0.000725,0.000111,0.005575,0.993589
data_rand_fold3/Testing/pituitary/Te-pi_0276.jpg,105475,pituitary,pituitary,1,0.999399,3,0,0.000068,0.000307,0.000226,0.999399
data_rand_fold3/Testing/pituitary/Te-pi_0277.jpg,105638,pituitary,pituitary,1,0.999975,3,0,0.000010,0.000006,0.000008,0.999975
data_rand_fold3/Testing/pituitary/Te-pi_0278.jpg,105638,pituitary,pituitary,1,0.999984,3,0,0.000001,0.000013,0.000001,0.999984
data_rand_fold3/Testing/pituitary/Te-pi_0285.jpg,97890,pituitary,pituitary,1,0.996613,3,0,0.000468,0.002706,0.000213,0.996613
data_rand_fold3/Testing/pituitary/Te-pi_0288.jpg,98652,pituitary,pituitary,1,0.997355,3,0,0.000650,0.000391,0.001605,0.997355
data_rand_fold3/Testing/pituitary/Te-pi_0299.jpg,109769,pituitary,pituitary,1,0.999977,3,0,0.000007,0.000006,0.000010,0.999977
data_rand_fold3/Testing/pituitary/Tr-piTr_0007.jpg,98874,pituitary,pituitary,1,0.998639,3,0,0.000167,0.001180,0.000013,0.998639
data_rand_fold3/Testing/pituitary/Tr-pi_0014.jpg,98992,pituitary,pituitary,1,0.980485,3,0,0.000043,0.019320,0.000152,0.980485
data_rand_fold3/Testing/pituitary/Tr-pi_0018.jpg,98995,pituitary,pituitary,1,0.999883,3,0,0.000008,0.000090,0.000019,0.999883
data_rand_fold3/Testing/pituitary/Tr-pi_0024.jpg,99223,pituitary,pituitary,1,0.996376,3,0,0.000543,0.002762,0.000319,0.996376
data_rand_fold3/Testing/pituitary/Tr-pi_0045.jpg,111785,pituitary,pituitary,1,0.999998,3,0,0.000000,0.000002,0.000000,0.999998
data_rand_fold3/Testing/pituitary/Tr-pi_0047.jpg,104019,pituitary,pituitary,1,0.999740,3,0,0.000019,0.000044,0.000197,0.999740
data_rand_fold3/Testing/pituitary/Tr-pi_0052.jpg,104558,pituitary,pituitary,1,0.999919,3,0,0.000001,0.000076,0.000004,0.999919
data_rand_fold3/Testing/pituitary/Tr-pi_0053.jpg,104558,pituitary,pituitary,1,0.999966,3,0,0.000000,0.000033,0.000000,0.999966
data_rand_fold3/Testing/pituitary/Tr-pi_0056.jpg,111785,pituitary,pituitary,1,0.999999,3,0,0.000000,0.000001,0.000000,0.999999
data_rand_fold3/Testing/pituitary/Tr-pi_0057.jpg,104558,pituitary,pituitary,1,0.999976,3,0,0.000001,0.000023,0.000001,0.999976
data_rand_fold3/Testing/pituitary/Tr-pi_0058.jpg,104558,pituitary,pituitary,1,0.999920,3,0,0.000007,0.000072,0.000001,0.999920
data_rand_fold3/Testing/pituitary/Tr-pi_0073.jpg,104912,pituitary,pituitary,1,0.998844,3,0,0.001052,0.000087,0.000017,0.998844
data_rand_fold3/Testing/pituitary/Tr-pi_0078.jpg,114040,pituitary,pituitary,1,0.995964,3,0,0.001757,0.001894,0.000385,0.995964
data_rand_fold3/Testing/pituitary/Tr-pi_0079.jpg,105187,pituitary,pituitary,1,0.999830,3,0,0.000078,0.000023,0.000069,0.999830
data_rand_fold3/Testing/pituitary/Tr-pi_0080.jpg,105187,pituitary,pituitary,1,0.999925,3,0,0.000035,0.000032,0.000008,0.999925
data_rand_fold3/Testing/pituitary/Tr-pi_0082.jpg,105475,pituitary,pituitary,1,0.998355,3,0,0.000227,0.001010,0.000407,0.998355
data_rand_fold3/Testing/pituitary/Tr-pi_0087.jpg,105538,pituitary,pituitary,1,0.994724,3,0,0.001247,0.003765,0.000265,0.994724
data_rand_fold3/Testing/pituitary/Tr-pi_0109.jpg,97481,pituitary,pituitary,1,0.995555,3,0,0.003938,0.000181,0.000327,0.995555
data_rand_fold3/Testing/pituitary/Tr-pi_0120.jpg,98472,pituitary,pituitary,1,0.999984,3,0,0.000003,0.000006,0.000008,0.999984
data_rand_fold3/Testing/pituitary/Tr-pi_0122.jpg,98472,pituitary,pituitary,1,0.999308,3,0,0.000109,0.000429,0.000154,0.999308
data_rand_fold3/Testing/pituitary/Tr-pi_0127.jpg,98652,pituitary,pituitary,1,0.998961,3,0,0.000056,0.000061,0.000922,0.998961
data_rand_fold3/Testing/pituitary/Tr-pi_0128.jpg,98652,pituitary,pituitary,1,0.993888,3,0,0.001823,0.000975,0.003313,0.993888
data_rand_fold3/Testing/pituitary/Tr-pi_0130.jpg,98871,pituitary,pituitary,1,0.999340,3,0,0.000457,0.000118,0.000085,0.999340
data_rand_fold3/Testing/pituitary/Tr-pi_0134.jpg,114361,pituitary,pituitary,1,0.999778,3,0,0.000019,0.000200,0.000003,0.999778
data_rand_fold3/Testing/pituitary/Tr-pi_0138.jpg,98874,pituitary,pituitary,1,0.999407,3,0,0.000022,0.000531,0.000040,0.999407
data_rand_fold3/Testing/pituitary/Tr-pi_0143.jpg,98992,pituitary,meningioma,0,0.582757,3,0,0.002728,0.582757,0.001067,0.413447
data_rand_fold3/Testing/pituitary/Tr-pi_0144.jpg,98992,pituitary,pituitary,1,0.626413,3,0,0.037182,0.335966,0.000439,0.626413
data_rand_fold3/Testing/pituitary/Tr-pi_0146.jpg,98992,pituitary,pituitary,1,0.998926,3,0,0.000148,0.000898,0.000028,0.998926
data_rand_fold3/Testing/pituitary/Tr-pi_0147.jpg,98992,pituitary,pituitary,1,0.999904,3,0,0.000052,0.000035,0.000009,0.999904
data_rand_fold3/Testing/pituitary/Tr-pi_0155.jpg,98995,pituitary,pituitary,1,0.998807,3,0,0.000001,0.001187,0.000005,0.998807
data_rand_fold3/Testing/pituitary/Tr-pi_0159.jpg,98995,pituitary,pituitary,1,0.999949,3,0,0.000003,0.000046,0.000002,0.999949
data_rand_fold3/Testing/pituitary/Tr-pi_0160.jpg,98995,pituitary,pituitary,1,0.999949,3,0,0.000003,0.000046,0.000002,0.999949
data_rand_fold3/Testing/pituitary/Tr-pi_0162.jpg,98995,pituitary,pituitary,1,0.999833,3,0,0.000008,0.000142,0.000017,0.999833
data_rand_fold3/Testing/pituitary/Tr-pi_0171.jpg,101017,pituitary,pituitary,1,0.999951,3,0,0.000004,0.000007,0.000038,0.999951
data_rand_fold3/Testing/pituitary/Tr-pi_0178.jpg,101017,pituitary,pituitary,1,0.999999,3,0,0.000000,0.000001,0.000000,0.999999
data_rand_fold3/Testing/pituitary/Tr-pi_0182.jpg,101145,pituitary,pituitary,1,0.877716,3,0,0.000730,0.115920,0.005633,0.877716
data_rand_fold3/Testing/pituitary/Tr-pi_0184.jpg,101145,pituitary,pituitary,1,0.982890,3,0,0.003022,0.011244,0.002844,0.982890
data_rand_fold3/Testing/pituitary/Tr-pi_0187.jpg,101305,pituitary,pituitary,1,0.999659,3,0,0.000155,0.000049,0.000137,0.999659
data_rand_fold3/Testing/pituitary/Tr-pi_0200.jpg,101017,pituitary,pituitary,1,1.000000,3,0,0.000000,0.000000,0.000000,1.000000
data_rand_fold3/Testing/pituitary/Tr-pi_0201.jpg,102648,pituitary,pituitary,1,0.997752,3,0,0.001972,0.000216,0.000060,0.997752
data_rand_fold3/Testing/pituitary/Tr-pi_0205.jpg,103046,pituitary,pituitary,1,0.999951,3,0,0.000002,0.000015,0.000032,0.999951
data_rand_fold3/Testing/pituitary/Tr-pi_0206.jpg,103046,pituitary,pituitary,1,0.999893,3,0,0.000010,0.000009,0.000088,0.999893
data_rand_fold3/Testing/pituitary/Tr-pi_0210.jpg,103257,pituitary,pituitary,1,0.999982,3,0,0.000001,0.000008,0.000010,0.999982
data_rand_fold3/Testing/pituitary/Tr-pi_0217.jpg,103478,pituitary,pituitary,1,0.999820,3,0,0.000010,0.000004,0.000166,0.999820
data_rand_fold3/Testing/pituitary/Tr-pi_0221.jpg,103478,pituitary,pituitary,1,0.999997,3,0,0.000001,0.000001,0.000001,0.999997
data_rand_fold3/Testing/pituitary/Tr-pi_0222.jpg,110993,pituitary,pituitary,1,0.998014,3,0,0.000990,0.000953,0.000044,0.998014
data_rand_fold3/Testing/pituitary/Tr-pi_0224.jpg,103478,pituitary,pituitary,1,0.999998,3,0,0.000001,0.000001,0.000000,0.999998
data_rand_fold3/Testing/pituitary/Tr-pi_0232.jpg,103582,pituitary,pituitary,1,0.999941,3,0,0.000008,0.000049,0.000001,0.999941
data_rand_fold3/Testing/pituitary/Tr-pi_0239.jpg,103671,pituitary,pituitary,1,0.999920,3,0,0.000002,0.000061,0.000017,0.999920
data_rand_fold3/Testing/pituitary/Tr-pi_0242.jpg,103671,pituitary,pituitary,1,0.998718,3,0,0.000220,0.000911,0.000151,0.998718
data_rand_fold3/Testing/pituitary/Tr-pi_0244.jpg,103731,pituitary,pituitary,1,0.999140,3,0,0.000749,0.000033,0.000077,0.999140
data_rand_fold3/Testing/pituitary/Tr-pi_0256.jpg,106062,pituitary,pituitary,1,0.996774,3,0,0.001557,0.001288,0.000381,0.996774
data_rand_fold3/Testing/pituitary/Tr-pi_0265.jpg,104019,pituitary,pituitary,1,0.999997,3,0,0.000001,0.000001,0.000001,0.999997
data_rand_fold3/Testing/pituitary/Tr-pi_0272.jpg,104558,pituitary,pituitary,1,0.999608,3,0,0.000011,0.000377,0.000005,0.999608
data_rand_fold3/Testing/pituitary/Tr-pi_0273.jpg,104558,pituitary,pituitary,1,0.998968,3,0,0.000013,0.001014,0.000006,0.998968
data_rand_fold3/Testing/pituitary/Tr-pi_0288.jpg,105187,pituitary,pituitary,1,0.999996,3,0,0.000000,0.000000,0.000003,0.999996
data_rand_fold3/Testing/pituitary/Tr-pi_0292.jpg,105638,pituitary,pituitary,1,0.997428,3,0,0.001261,0.000708,0.000602,0.997428
data_rand_fold3/Testing/pituitary/Tr-pi_0295.jpg,105638,pituitary,pituitary,1,0.997596,3,0,0.000553,0.000278,0.001573,0.997596
data_rand_fold3/Testing/pituitary/Tr-pi_0307.jpg,97461,pituitary,pituitary,1,0.999992,3,0,0.000002,0.000003,0.000003,0.999992
data_rand_fold3/Testing/pituitary/Tr-pi_0311.jpg,106062,pituitary,pituitary,1,0.999330,3,0,0.000370,0.000189,0.000110,0.999330
data_rand_fold3/Testing/pituitary/Tr-pi_0314.jpg,97481,pituitary,pituitary,1,0.999807,3,0,0.000045,0.000021,0.000127,0.999807
data_rand_fold3/Testing/pituitary/Tr-pi_0317.jpg,97481,pituitary,pituitary,1,0.999178,3,0,0.000019,0.000779,0.000024,0.999178
data_rand_fold3/Testing/pituitary/Tr-pi_0318.jpg,97599,pituitary,pituitary,1,0.966535,3,0,0.000111,0.000097,0.033257,0.966535
data_rand_fold3/Testing/pituitary/Tr-pi_0323.jpg,97890,pituitary,pituitary,1,0.999759,3,0,0.000196,0.000032,0.000012,0.999759
data_rand_fold3/Testing/pituitary/Tr-pi_0325.jpg,98472,pituitary,pituitary,1,0.999892,3,0,0.000011,0.000064,0.000032,0.999892
data_rand_fold3/Testing/pituitary/Tr-pi_0332.jpg,98871,pituitary,pituitary,1,0.999901,3,0,0.000034,0.000011,0.000054,0.999901
data_rand_fold3/Testing/pituitary/Tr-pi_0339.jpg,107495,pituitary,pituitary,1,0.999972,3,0,0.000003,0.000014,0.000010,0.999972
data_rand_fold3/Testing/pituitary/Tr-pi_0351.jpg,107505,pituitary,pituitary,1,0.999983,3,0,0.000012,0.000004,0.000001,0.999983
data_rand_fold3/Testing/pituitary/Tr-pi_0353.jpg,107505,pituitary,pituitary,1,0.999962,3,0,0.000004,0.000007,0.000026,0.999962
data_rand_fold3/Testing/pituitary/Tr-pi_0367.jpg,112649,pituitary,pituitary,1,0.999734,3,0,0.000246,0.000010,0.000011,0.999734
data_rand_fold3/Testing/pituitary/Tr-pi_0368.jpg,109471,pituitary,pituitary,1,0.999988,3,0,0.000000,0.000005,0.000007,0.999988
data_rand_fold3/Testing/pituitary/Tr-pi_0369.jpg,109471,pituitary,pituitary,1,0.999942,3,0,0.000026,0.000012,0.000020,0.999942
data_rand_fold3/Testing/pituitary/Tr-pi_0370.jpg,109471,pituitary,pituitary,1,0.999990,3,0,0.000001,0.000003,0.000007,0.999990
data_rand_fold3/Testing/pituitary/Tr-pi_0374.jpg,109769,pituitary,pituitary,1,0.999963,3,0,0.000002,0.000009,0.000026,0.999963
data_rand_fold3/Testing/pituitary/Tr-pi_0380.jpg,110518,pituitary,pituitary,1,0.999810,3,0,0.000007,0.000180,0.000003,0.999810
data_rand_fold3/Testing/pituitary/Tr-pi_0390.jpg,111075,pituitary,pituitary,1,0.999888,3,0,0.000052,0.000047,0.000012,0.999888
data_rand_fold3/Testing/pituitary/Tr-pi_0397.jpg,111785,pituitary,pituitary,1,0.999463,3,0,0.000306,0.000217,0.000014,0.999463
data_rand_fold3/Testing/pituitary/Tr-pi_0400.jpg,112746,pituitary,pituitary,1,0.999976,3,0,0.000004,0.000014,0.000006,0.999976
data_rand_fold3/Testing/pituitary/Tr-pi_0404.jpg,112074,pituitary,pituitary,1,0.999115,3,0,0.000039,0.000828,0.000017,0.999115
data_rand_fold3/Testing/pituitary/Tr-pi_0407.jpg,112649,pituitary,pituitary,1,0.998607,3,0,0.000595,0.000603,0.000195,0.998607
data_rand_fold3/Testing/pituitary/Tr-pi_0434.jpg,108931,pituitary,pituitary,1,0.999118,3,0,0.000153,0.000018,0.000712,0.999118
data_rand_fold3/Testing/pituitary/Tr-pi_0446.jpg,109769,pituitary,pituitary,1,0.999833,3,0,0.000010,0.000063,0.000094,0.999833
data_rand_fold3/Testing/pituitary/Tr-pi_0449.jpg,109898,pituitary,pituitary,1,0.999750,3,0,0.000024,0.000198,0.000028,0.999750
data_rand_fold3/Testing/pituitary/Tr-pi_0450.jpg,110518,pituitary,pituitary,1,0.999728,3,0,0.000138,0.000128,0.000006,0.999728
data_rand_fold3/Testing/pituitary/Tr-pi_0452.jpg,110518,pituitary,pituitary,1,0.999961,3,0,0.000002,0.000026,0.000011,0.999961
data_rand_fold3/Testing/pituitary/Tr-pi_0461.jpg,110537,pituitary,pituitary,1,0.934060,3,0,0.001894,0.059168,0.004878,0.934060
data_rand_fold3/Testing/pituitary/Tr-pi_0466.jpg,110993,pituitary,pituitary,1,0.999949,3,0,0.000005,0.000009,0.000036,0.999949
data_rand_fold3/Testing/pituitary/Tr-pi_0475.jpg,111125,pituitary,pituitary,1,0.999977,3,0,0.000007,0.000001,0.000016,0.999977
data_rand_fold3/Testing/pituitary/Tr-pi_0476.jpg,111125,pituitary,pituitary,1,0.999990,3,0,0.000001,0.000000,0.000008,0.999990
data_rand_fold3/Testing/pituitary/Tr-pi_0485.jpg,112074,pituitary,pituitary,1,0.999423,3,0,0.000204,0.000368,0.000005,0.999423
data_rand_fold3/Testing/pituitary/Tr-pi_0494.jpg,112074,pituitary,pituitary,1,0.922323,3,0,0.069694,0.006085,0.001899,0.922323
data_rand_fold3/Testing/pituitary/Tr-pi_0498.jpg,112649,pituitary,pituitary,1,0.997674,3,0,0.001617,0.000692,0.000018,0.997674
data_rand_fold3/Testing/pituitary/Tr-pi_0499.jpg,112649,pituitary,pituitary,1,0.999912,3,0,0.000051,0.000035,0.000003,0.999912
data_rand_fold3/Testing/pituitary/Tr-pi_0507.jpg,112847,pituitary,pituitary,1,0.999957,3,0,0.000022,0.000021,0.000000,0.999957
data_rand_fold3/Testing/pituitary/Tr-pi_0516.jpg,58392,pituitary,pituitary,1,0.999994,3,0,0.000001,0.000003,0.000001,0.999994
data_rand_fold3/Testing/pituitary/Tr-pi_0517.jpg,58392,pituitary,pituitary,1,0.999994,3,0,0.000001,0.000003,0.000001,0.999994
data_rand_fold3/Testing/pituitary/Tr-pi_0518.jpg,58392,pituitary,pituitary,1,0.999994,3,0,0.000001,0.000003,0.000001,0.999994
data_rand_fold3/Testing/pituitary/Tr-pi_0534.jpg,113274,pituitary,pituitary,1,0.987279,3,0,0.006545,0.005007,0.001169,0.987279
data_rand_fold3/Testing/pituitary/Tr-pi_0548.jpg,101145,pituitary,pituitary,1,0.999313,3,0,0.000041,0.000638,0.000009,0.999313
data_rand_fold3/Testing/pituitary/Tr-pi_0556.jpg,102648,pituitary,pituitary,1,0.930255,3,0,0.069138,0.000543,0.000065,0.930255
data_rand_fold3/Testing/pituitary/Tr-pi_0577.jpg,103670,pituitary,pituitary,1,1.000000,3,0,0.000000,0.000000,0.000000,1.000000
data_rand_fold3/Testing/pituitary/Tr-pi_0578.jpg,103671,pituitary,pituitary,1,0.999887,3,0,0.000017,0.000094,0.000003,0.999887
data_rand_fold3/Testing/pituitary/Tr-pi_0582.jpg,103731,pituitary,pituitary,1,0.999956,3,0,0.000009,0.000035,0.000000,0.999956
data_rand_fold3/Testing/pituitary/Tr-pi_0585.jpg,103731,pituitary,pituitary,1,1.000000,3,0,0.000000,0.000000,0.000000,1.000000
data_rand_fold3/Testing/pituitary/Tr-pi_0602.jpg,104684,pituitary,pituitary,1,0.999883,3,0,0.000003,0.000012,0.000102,0.999883
data_rand_fold3/Testing/pituitary/Tr-pi_0607.jpg,105187,pituitary,pituitary,1,0.999989,3,0,0.000004,0.000006,0.000001,0.999989
data_rand_fold3/Testing/pituitary/Tr-pi_0608.jpg,105187,pituitary,pituitary,1,0.999997,3,0,0.000001,0.000002,0.000001,0.999997
data_rand_fold3/Testing/pituitary/Tr-pi_0609.jpg,105187,pituitary,pituitary,1,0.999994,3,0,0.000001,0.000003,0.000002,0.999994
data_rand_fold3/Testing/pituitary/Tr-pi_0618.jpg,97416,pituitary,pituitary,1,0.999767,3,0,0.000024,0.000203,0.000006,0.999767
data_rand_fold3/Testing/pituitary/Tr-pi_0620.jpg,97416,pituitary,pituitary,1,0.999744,3,0,0.000006,0.000229,0.000021,0.999744
data_rand_fold3/Testing/pituitary/Tr-pi_0631.jpg,111075,pituitary,pituitary,1,0.999977,3,0,0.000003,0.000018,0.000002,0.999977
data_rand_fold3/Testing/pituitary/Tr-pi_0638.jpg,98472,pituitary,pituitary,1,0.999999,3,0,0.000000,0.000001,0.000000,0.999999
data_rand_fold3/Testing/pituitary/Tr-pi_0646.jpg,98871,pituitary,pituitary,1,0.999798,3,0,0.000070,0.000124,0.000008,0.999798
data_rand_fold3/Testing/pituitary/Tr-pi_0651.jpg,98992,pituitary,pituitary,1,0.892332,3,0,0.075197,0.031987,0.000484,0.892332
data_rand_fold3/Testing/pituitary/Tr-pi_0654.jpg,98992,pituitary,glioma,0,0.869451,3,0,0.869451,0.001975,0.000363,0.128211
data_rand_fold3/Testing/pituitary/Tr-pi_0656.jpg,98995,pituitary,pituitary,1,0.999994,3,0,0.000000,0.000006,0.000000,0.999994
data_rand_fold3/Testing/pituitary/Tr-pi_0664.jpg,99223,pituitary,pituitary,1,0.999907,3,0,0.000043,0.000046,0.000003,0.999907
data_rand_fold3/Testing/pituitary/Tr-pi_0683.jpg,103046,pituitary,pituitary,1,0.999903,3,0,0.000019,0.000041,0.000036,0.999903
data_rand_fold3/Testing/pituitary/Tr-pi_0687.jpg,102648,pituitary,pituitary,1,0.999993,3,0,0.000005,0.000000,0.000001,0.999993
data_rand_fold3/Testing/pituitary/Tr-pi_0689.jpg,103046,pituitary,pituitary,1,0.999433,3,0,0.000170,0.000304,0.000092,0.999433
data_rand_fold3/Testing/pituitary/Tr-pi_0693.jpg,104684,pituitary,pituitary,1,0.999970,3,0,0.000002,0.000002,0.000026,0.999970
data_rand_fold3/Testing/pituitary/Tr-pi_0694.jpg,104684,pituitary,pituitary,1,0.999933,3,0,0.000001,0.000001,0.000065,0.999933
data_rand_fold3/Testing/pituitary/Tr-pi_0696.jpg,105936,pituitary,pituitary,1,0.999991,3,0,0.000000,0.000009,0.000001,0.999991
data_rand_fold3/Testing/pituitary/Tr-pi_0697.jpg,106062,pituitary,pituitary,1,0.999991,3,0,0.000000,0.000009,0.000000,0.999991
data_rand_fold3/Testing/pituitary/Tr-pi_0699.jpg,105936,pituitary,pituitary,1,0.999850,3,0,0.000054,0.000061,0.000034,0.999850
data_rand_fold3/Testing/pituitary/Tr-pi_0702.jpg,106062,pituitary,pituitary,1,0.999999,3,0,0.000000,0.000001,0.000000,0.999999
data_rand_fold3/Testing/pituitary/Tr-pi_0703.jpg,106062,pituitary,pituitary,1,0.999998,3,0,0.000000,0.000001,0.000000,0.999998
data_rand_fold3/Testing/pituitary/Tr-pi_0707.jpg,107495,pituitary,pituitary,1,0.999980,3,0,0.000002,0.000016,0.000001,0.999980
data_rand_fold3/Testing/pituitary/Tr-pi_0708.jpg,103257,pituitary,pituitary,1,0.999973,3,0,0.000004,0.000015,0.000008,0.999973
data_rand_fold3/Testing/pituitary/Tr-pi_0710.jpg,107429,pituitary,pituitary,1,0.999228,3,0,0.000272,0.000478,0.000022,0.999228
data_rand_fold3/Testing/pituitary/Tr-pi_0711.jpg,107429,pituitary,pituitary,1,0.999995,3,0,0.000000,0.000005,0.000000,0.999995
data_rand_fold3/Testing/pituitary/Tr-pi_0735.jpg,103478,pituitary,pituitary,1,0.983832,3,0,0.014091,0.000692,0.001385,0.983832
data_rand_fold3/Testing/pituitary/Tr-pi_0736.jpg,109769,pituitary,pituitary,1,0.999983,3,0,0.000000,0.000016,0.000001,0.999983
data_rand_fold3/Testing/pituitary/Tr-pi_0745.jpg,103478,pituitary,pituitary,1,0.999975,3,0,0.000007,0.000001,0.000017,0.999975
data_rand_fold3/Testing/pituitary/Tr-pi_0751.jpg,103582,pituitary,pituitary,1,0.999181,3,0,0.000074,0.000713,0.000032,0.999181
data_rand_fold3/Testing/pituitary/Tr-pi_0752.jpg,103582,pituitary,pituitary,1,0.991070,3,0,0.000151,0.008724,0.000055,0.991070
data_rand_fold3/Testing/pituitary/Tr-pi_0758.jpg,103671,pituitary,pituitary,1,0.999913,3,0,0.000027,0.000056,0.000004,0.999913
data_rand_fold3/Testing/pituitary/Tr-pi_0760.jpg,109898,pituitary,pituitary,1,0.999936,3,0,0.000004,0.000057,0.000003,0.999936
data_rand_fold3/Testing/pituitary/Tr-pi_0762.jpg,109898,pituitary,pituitary,1,0.999936,3,0,0.000016,0.000032,0.000016,0.999936
data_rand_fold3/Testing/pituitary/Tr-pi_0768.jpg,110518,pituitary,pituitary,1,0.999701,3,0,0.000042,0.000228,0.000029,0.999701
data_rand_fold3/Testing/pituitary/Tr-pi_0772.jpg,110537,pituitary,pituitary,1,0.971815,3,0,0.000221,0.005035,0.022930,0.971815
data_rand_fold3/Testing/pituitary/Tr-pi_0777.jpg,110993,pituitary,pituitary,1,0.999972,3,0,0.000004,0.000006,0.000018,0.999972
data_rand_fold3/Testing/pituitary/Tr-pi_0784.jpg,111125,pituitary,pituitary,1,0.999995,3,0,0.000001,0.000001,0.000003,0.999995
data_rand_fold3/Testing/pituitary/Tr-pi_0786.jpg,111125,pituitary,pituitary,1,0.999966,3,0,0.000019,0.000011,0.000004,0.999966
data_rand_fold3/Testing/pituitary/Tr-pi_0788.jpg,111785,pituitary,pituitary,1,0.999939,3,0,0.000028,0.000018,0.000014,0.999939
data_rand_fold3/Testing/pituitary/Tr-pi_0801.jpg,112746,pituitary,pituitary,1,0.998931,3,0,0.000125,0.000800,0.000144,0.998931
data_rand_fold3/Testing/pituitary/Tr-pi_0805.jpg,112847,pituitary,pituitary,1,0.999641,3,0,0.000065,0.000088,0.000206,0.999641
data_rand_fold3/Testing/pituitary/Tr-pi_0806.jpg,112847,pituitary,pituitary,1,0.999536,3,0,0.000020,0.000180,0.000265,0.999536
data_rand_fold3/Testing/pituitary/Tr-pi_0814.jpg,114040,pituitary,pituitary,1,0.999914,3,0,0.000045,0.000011,0.000031,0.999914
data_rand_fold3/Testing/pituitary/Tr-pi_0816.jpg,114361,pituitary,pituitary,1,0.999937,3,0,0.000008,0.000031,0.000024,0.999937
data_rand_fold3/Testing/pituitary/Tr-pi_0819.jpg,114094,pituitary,pituitary,1,0.945579,3,0,0.009054,0.042026,0.003342,0.945579
data_rand_fold3/Testing/pituitary/Tr-pi_0837.jpg,107429,pituitary,pituitary,1,0.998371,3,0,0.000020,0.001584,0.000025,0.998371
data_rand_fold3/Testing/pituitary/Tr-pi_0839.jpg,107429,pituitary,pituitary,1,0.999799,3,0,0.000007,0.000189,0.000005,0.999799
data_rand_fold3/Testing/pituitary/Tr-pi_0844.jpg,107505,pituitary,pituitary,1,0.998967,3,0,0.000766,0.000086,0.000182,0.998967
data_rand_fold3/Testing/pituitary/Tr-pi_0845.jpg,107505,pituitary,pituitary,1,0.999822,3,0,0.000069,0.000093,0.000016,0.999822
data_rand_fold3/Testing/pituitary/Tr-pi_0849.jpg,108858,pituitary,pituitary,1,0.999881,3,0,0.000056,0.000060,0.000003,0.999881
data_rand_fold3/Testing/pituitary/Tr-pi_0857.jpg,108931,pituitary,pituitary,1,0.999933,3,0,0.000017,0.000012,0.000039,0.999933
data_rand_fold3/Testing/pituitary/Tr-pi_0860.jpg,109471,pituitary,pituitary,1,0.999804,3,0,0.000010,0.000050,0.000137,0.999804
data_rand_fold3/Testing/pituitary/Tr-pi_0868.jpg,109898,pituitary,pituitary,1,0.997514,3,0,0.002021,0.000336,0.000129,0.997514
data_rand_fold3/Testing/pituitary/Tr-pi_0874.jpg,110537,pituitary,pituitary,1,0.950675,3,0,0.037231,0.010672,0.001422,0.950675
data_rand_fold3/Testing/pituitary/Tr-pi_0881.jpg,111075,pituitary,pituitary,1,0.997640,3,0,0.001690,0.000633,0.000037,0.997640
data_rand_fold3/Testing/pituitary/Tr-pi_0888.jpg,105936,pituitary,pituitary,1,0.999994,3,0,0.000000,0.000005,0.000001,0.999994
data_rand_fold3/Testing/pituitary/Tr-pi_0897.jpg,112074,pituitary,pituitary,1,0.988101,3,0,0.000039,0.011828,0.000033,0.988101
data_rand_fold3/Testing/pituitary/Tr-pi_0899.jpg,112649,pituitary,pituitary,1,0.996716,3,0,0.002311,0.000805,0.000168,0.996716
data_rand_fold3/Testing/pituitary/Tr-pi_0908.jpg,112847,pituitary,pituitary,1,0.998320,3,0,0.001242,0.000358,0.000080,0.998320
data_rand_fold3/Testing/pituitary/Tr-pi_0917.jpg,107495,pituitary,pituitary,1,0.999784,3,0,0.000009,0.000070,0.000137,0.999784
data_rand_fold3/Testing/pituitary/Tr-pi_0921.jpg,113274,pituitary,pituitary,1,0.978685,3,0,0.018180,0.002397,0.000738,0.978685
data_rand_fold3/Testing/pituitary/Tr-pi_0923.jpg,107429,pituitary,pituitary,1,0.998454,3,0,0.000679,0.000854,0.000013,0.998454
data_rand_fold3/Testing/pituitary/Tr-pi_0935.jpg,107743,pituitary,pituitary,1,0.999949,3,0,0.000002,0.000045,0.000003,0.999949
data_rand_fold3/Testing/pituitary/Tr-pi_0938.jpg,108858,pituitary,pituitary,1,0.999762,3,0,0.000020,0.000210,0.000008,0.999762
data_rand_fold3/Testing/pituitary/Tr-pi_0939.jpg,108858,pituitary,pituitary,1,0.999957,3,0,0.000010,0.000032,0.000001,0.999957
data_rand_fold3/Testing/pituitary/Tr-pi_0942.jpg,108931,pituitary,pituitary,1,0.999997,3,0,0.000000,0.000001,0.000002,0.999997
data_rand_fold3/Testing/pituitary/Tr-pi_0943.jpg,108931,pituitary,pituitary,1,0.999985,3,0,0.000001,0.000003,0.000011,0.999985
data_rand_fold3/Testing/pituitary/Tr-pi_0944.jpg,109471,pituitary,pituitary,1,0.992875,3,0,0.002419,0.004551,0.000155,0.992875
data_rand_fold3/Testing/pituitary/Tr-pi_0945.jpg,109471,pituitary,pituitary,1,0.999997,3,0,0.000000,0.000003,0.000000,0.999997
data_rand_fold3/Testing/pituitary/Tr-pi_0951.jpg,109898,pituitary,pituitary,1,0.999569,3,0,0.000003,0.000423,0.000005,0.999569
data_rand_fold3/Testing/pituitary/Tr-pi_0955.jpg,110518,pituitary,meningioma,0,0.758604,3,0,0.153660,0.758604,0.000787,0.086949
data_rand_fold3/Testing/pituitary/Tr-pi_0962.jpg,111075,pituitary,pituitary,1,0.859498,3,0,0.102196,0.031892,0.006414,0.859498
data_rand_fold3/Testing/pituitary/Tr-pi_0976.jpg,112074,pituitary,pituitary,1,0.999684,3,0,0.000229,0.000077,0.000010,0.999684
data_rand_fold3/Testing/pituitary/Tr-pi_0983.jpg,114094,pituitary,pituitary,1,0.994096,3,0,0.004552,0.000444,0.000908,0.994096
data_rand_fold3/Testing/pituitary/Tr-pi_0985.jpg,101029,pituitary,pituitary,1,0.997593,3,0,0.001323,0.000725,0.000359,0.997593
data_rand_fold3/Testing/pituitary/Tr-pi_1000.jpg,102648,pituitary,pituitary,1,0.931089,3,0,0.067728,0.001016,0.000166,0.931089
data_rand_fold3/Testing/pituitary/Tr-pi_1006.jpg,103257,pituitary,pituitary,1,0.999997,3,0,0.000000,0.000002,0.000001,0.999997
data_rand_fold3/Testing/pituitary/Tr-pi_1023.jpg,103731,pituitary,pituitary,1,0.999713,3,0,0.000063,0.000125,0.000099,0.999713
data_rand_fold3/Testing/pituitary/Tr-pi_1027.jpg,103731,pituitary,pituitary,1,0.999998,3,0,0.000000,0.000001,0.000000,0.999998
data_rand_fold3/Testing/pituitary/Tr-pi_1036.jpg,103837,pituitary,pituitary,1,0.999999,3,0,0.000000,0.000001,0.000001,0.999999
data_rand_fold3/Testing/pituitary/Tr-pi_1039.jpg,104019,pituitary,pituitary,1,0.999748,3,0,0.000097,0.000142,0.000012,0.999748
data_rand_fold3/Testing/pituitary/Tr-pi_1042.jpg,104019,pituitary,pituitary,1,0.999661,3,0,0.000010,0.000260,0.000069,0.999661
data_rand_fold3/Testing/pituitary/Tr-pi_1046.jpg,104558,pituitary,pituitary,1,0.999947,3,0,0.000008,0.000043,0.000002,0.999947
data_rand_fold3/Testing/pituitary/Tr-pi_1056.jpg,105936,pituitary,pituitary,1,0.999658,3,0,0.000060,0.000034,0.000247,0.999658
data_rand_fold3/Testing/pituitary/Tr-pi_1063.jpg,105187,pituitary,pituitary,1,0.999994,3,0,0.000000,0.000006,0.000000,0.999994
data_rand_fold3/Testing/pituitary/Tr-pi_1064.jpg,106062,pituitary,pituitary,1,0.999329,3,0,0.000289,0.000177,0.000205,0.999329
data_rand_fold3/Testing/pituitary/Tr-pi_1065.jpg,105475,pituitary,pituitary,1,0.992400,3,0,0.003204,0.004306,0.000090,0.992400
data_rand_fold3/Testing/pituitary/Tr-pi_1066.jpg,105475,pituitary,pituitary,1,0.987921,3,0,0.007981,0.003443,0.000655,0.987921
data_rand_fold3/Testing/pituitary/Tr-pi_1073.jpg,97416,pituitary,pituitary,1,0.986649,3,0,0.004158,0.009123,0.000070,0.986649
data_rand_fold3/Testing/pituitary/Tr-pi_1076.jpg,97416,pituitary,pituitary,1,0.999692,3,0,0.000003,0.000285,0.000020,0.999692
data_rand_fold3/Testing/pituitary/Tr-pi_1078.jpg,97416,pituitary,pituitary,1,0.989306,3,0,0.001356,0.006621,0.002718,0.989306
data_rand_fold3/Testing/pituitary/Tr-pi_1081.jpg,97461,pituitary,pituitary,1,0.999702,3,0,0.000135,0.000162,0.000002,0.999702
data_rand_fold3/Testing/pituitary/Tr-pi_1082.jpg,97461,pituitary,pituitary,1,0.999002,3,0,0.000691,0.000301,0.000006,0.999002
data_rand_fold3/Testing/pituitary/Tr-pi_1084.jpg,97461,pituitary,pituitary,1,0.999865,3,0,0.000013,0.000110,0.000013,0.999865
data_rand_fold3/Testing/pituitary/Tr-pi_1085.jpg,106062,pituitary,pituitary,1,0.999923,3,0,0.000049,0.000007,0.000021,0.999923
data_rand_fold3/Testing/pituitary/Tr-pi_1092.jpg,97890,pituitary,pituitary,1,0.874011,3,0,0.119856,0.006015,0.000117,0.874011
data_rand_fold3/Testing/pituitary/Tr-pi_1097.jpg,98472,pituitary,pituitary,1,0.999998,3,0,0.000000,0.000001,0.000000,0.999998
data_rand_fold3/Testing/pituitary/Tr-pi_1104.jpg,98871,pituitary,pituitary,1,0.999988,3,0,0.000004,0.000007,0.000000,0.999988
data_rand_fold3/Testing/pituitary/Tr-pi_1106.jpg,98871,pituitary,pituitary,1,0.999967,3,0,0.000003,0.000030,0.000000,0.999967
data_rand_fold3/Testing/pituitary/Tr-pi_1113.jpg,98992,pituitary,pituitary,1,0.997303,3,0,0.000743,0.001947,0.000007,0.997303
data_rand_fold3/Testing/pituitary/Tr-pi_1114.jpg,98992,pituitary,pituitary,1,0.999919,3,0,0.000010,0.000069,0.000002,0.999919
data_rand_fold3/Testing/pituitary/Tr-pi_1126.jpg,99223,pituitary,pituitary,1,0.999977,3,0,0.000008,0.000013,0.000001,0.999977
data_rand_fold3/Testing/pituitary/Tr-pi_1127.jpg,99223,pituitary,pituitary,1,0.999986,3,0,0.000000,0.000013,0.000001,0.999986
data_rand_fold3/Testing/pituitary/Tr-pi_1131.jpg,101017,pituitary,pituitary,1,0.999994,3,0,0.000001,0.000000,0.000005,0.999994
data_rand_fold3/Testing/pituitary/Tr-pi_1133.jpg,101017,pituitary,pituitary,1,0.999997,3,0,0.000001,0.000001,0.000001,0.999997
data_rand_fold3/Testing/pituitary/Tr-pi_1137.jpg,101029,pituitary,pituitary,1,0.999987,3,0,0.000005,0.000003,0.000005,0.999987
data_rand_fold3/Testing/pituitary/Tr-pi_1146.jpg,101305,pituitary,pituitary,1,0.999611,3,0,0.000056,0.000041,0.000292,0.999611
data_rand_fold3/Testing/pituitary/Tr-pi_1154.jpg,102648,pituitary,pituitary,1,0.999432,3,0,0.000538,0.000011,0.000019,0.999432
data_rand_fold3/Testing/pituitary/Tr-pi_1157.jpg,103046,pituitary,pituitary,1,0.998929,3,0,0.000319,0.000683,0.000069,0.998929
data_rand_fold3/Testing/pituitary/Tr-pi_1159.jpg,103046,pituitary,pituitary,1,0.999805,3,0,0.000022,0.000069,0.000105,0.999805
data_rand_fold3/Testing/pituitary/Tr-pi_1161.jpg,103257,pituitary,pituitary,1,0.999992,3,0,0.000001,0.000006,0.000002,0.999992
data_rand_fold3/Testing/pituitary/Tr-pi_1162.jpg,103257,pituitary,pituitary,1,0.999990,3,0,0.000001,0.000002,0.000007,0.999990
data_rand_fold3/Testing/pituitary/Tr-pi_1168.jpg,103478,pituitary,pituitary,1,0.999959,3,0,0.000006,0.000001,0.000035,0.999959
data_rand_fold3/Testing/pituitary/Tr-pi_1180.jpg,103671,pituitary,pituitary,1,0.999453,3,0,0.000072,0.000346,0.000129,0.999453
data_rand_fold3/Testing/pituitary/Tr-pi_1184.jpg,103731,pituitary,pituitary,1,0.999840,3,0,0.000052,0.000100,0.000009,0.999840
data_rand_fold3/Testing/pituitary/Tr-pi_1190.jpg,103837,pituitary,pituitary,1,0.988800,3,0,0.000583,0.001190,0.009427,0.988800
data_rand_fold3/Testing/pituitary/Tr-pi_1194.jpg,104019,pituitary,pituitary,1,0.999993,3,0,0.000003,0.000001,0.000003,0.999993
data_rand_fold3/Testing/pituitary/Tr-pi_1196.jpg,104558,pituitary,pituitary,1,0.998714,3,0,0.000103,0.001129,0.000054,0.998714
data_rand_fold3/Testing/pituitary/Tr-pi_1213.jpg,104912,pituitary,pituitary,1,0.999986,3,0,0.000004,0.000002,0.000008,0.999986
data_rand_fold3/Testing/pituitary/Tr-pi_1218.jpg,105475,pituitary,pituitary,1,0.999924,3,0,0.000006,0.000018,0.000052,0.999924
data_rand_fold3/Testing/pituitary/Tr-pi_1220.jpg,107505,pituitary,pituitary,1,0.999894,3,0,0.000027,0.000029,0.000049,0.999894
data_rand_fold3/Testing/pituitary/Tr-pi_1223.jpg,105638,pituitary,pituitary,1,0.999326,3,0,0.000216,0.000149,0.000309,0.999326
data_rand_fold3/Testing/pituitary/Tr-pi_1226.jpg,105638,pituitary,pituitary,1,0.997810,3,0,0.000144,0.000137,0.001909,0.997810
data_rand_fold3/Testing/pituitary/Tr-pi_1229.jpg,97416,pituitary,pituitary,1,0.999866,3,0,0.000016,0.000113,0.000005,0.999866
data_rand_fold3/Testing/pituitary/Tr-pi_1240.jpg,97461,pituitary,pituitary,1,0.999497,3,0,0.000029,0.000432,0.000041,0.999497
data_rand_fold3/Testing/pituitary/Tr-pi_1242.jpg,97481,pituitary,pituitary,1,0.999657,3,0,0.000078,0.000207,0.000058,0.999657
data_rand_fold3/Testing/pituitary/Tr-pi_1244.jpg,97599,pituitary,pituitary,1,0.997433,3,0,0.000027,0.000035,0.002504,0.997433
data_rand_fold3/Testing/pituitary/Tr-pi_1245.jpg,97599,pituitary,pituitary,1,0.931007,3,0,0.000640,0.000256,0.068097,0.931007
data_rand_fold3/Testing/pituitary/Tr-pi_1250.jpg,107505,pituitary,pituitary,1,0.989728,3,0,0.007741,0.001404,0.001126,0.989728
data_rand_fold3/Testing/pituitary/Tr-pi_1256.jpg,98652,pituitary,pituitary,1,0.998857,3,0,0.000107,0.000464,0.000573,0.998857
data_rand_fold3/Testing/pituitary/Tr-pi_1270.jpg,98992,pituitary,pituitary,1,0.973373,3,0,0.000866,0.024420,0.001341,0.973373
data_rand_fold3/Testing/pituitary/Tr-pi_1275.jpg,98995,pituitary,pituitary,1,0.999538,3,0,0.000063,0.000386,0.000012,0.999538
data_rand_fold3/Testing/pituitary/Tr-pi_1278.jpg,99223,pituitary,pituitary,1,0.992885,3,0,0.000685,0.005965,0.000465,0.992885
data_rand_fold3/Testing/pituitary/Tr-pi_1289.jpg,101029,pituitary,pituitary,1,0.999998,3,0,0.000000,0.000001,0.000000,0.999998
data_rand_fold3/Testing/pituitary/Tr-pi_1290.jpg,101029,pituitary,pituitary,1,0.999980,3,0,0.000012,0.000004,0.000004,0.999980
data_rand_fold3/Testing/pituitary/Tr-pi_1300.jpg,101724,pituitary,pituitary,1,0.999893,3,0,0.000005,0.000035,0.000067,0.999893
data_rand_fold3/Testing/pituitary/Tr-pi_1303.jpg,101724,pituitary,pituitary,1,0.999888,3,0,0.000066,0.000032,0.000014,0.999888
data_rand_fold3/Testing/pituitary/Tr-pi_1306.jpg,102648,pituitary,pituitary,1,0.993607,3,0,0.005538,0.000545,0.000310,0.993607
data_rand_fold3/Testing/pituitary/Tr-pi_1313.jpg,103046,pituitary,pituitary,1,0.999553,3,0,0.000039,0.000030,0.000378,0.999553
data_rand_fold3/Testing/pituitary/Tr-pi_1319.jpg,103257,pituitary,pituitary,1,0.976815,3,0,0.001389,0.021707,0.000089,0.976815
data_rand_fold3/Testing/pituitary/Tr-pi_1327.jpg,103582,pituitary,pituitary,1,0.999659,3,0,0.000002,0.000334,0.000005,0.999659
data_rand_fold3/Testing/pituitary/Tr-pi_1330.jpg,103582,pituitary,pituitary,1,0.999862,3,0,0.000005,0.000132,0.000001,0.999862
data_rand_fold3/Testing/pituitary/Tr-pi_1333.jpg,108858,pituitary,pituitary,1,0.997982,3,0,0.000795,0.001161,0.000062,0.997982
data_rand_fold3/Testing/pituitary/Tr-pi_1348.jpg,112746,pituitary,pituitary,1,0.999164,3,0,0.000340,0.000496,0.000001,0.999164
data_rand_fold3/Testing/pituitary/Tr-pi_1349.jpg,103837,pituitary,pituitary,1,0.982955,3,0,0.000011,0.000119,0.016915,0.982955
data_rand_fold3/Testing/pituitary/Tr-pi_1350.jpg,103837,pituitary,pituitary,1,0.994716,3,0,0.000014,0.003030,0.002240,0.994716
data_rand_fold3/Testing/pituitary/Tr-pi_1352.jpg,104019,pituitary,pituitary,1,0.999945,3,0,0.000005,0.000010,0.000040,0.999945
data_rand_fold3/Testing/pituitary/Tr-pi_1353.jpg,104019,pituitary,pituitary,1,0.999755,3,0,0.000006,0.000041,0.000198,0.999755
data_rand_fold3/Testing/pituitary/Tr-pi_1358.jpg,104558,pituitary,pituitary,1,0.999972,3,0,0.000004,0.000023,0.000001,0.999972
data_rand_fold3/Testing/pituitary/Tr-pi_1361.jpg,104684,pituitary,pituitary,1,1.000000,3,0,0.000000,0.000000,0.000000,1.000000
data_rand_fold3/Testing/pituitary/Tr-pi_1364.jpg,108931,pituitary,pituitary,1,0.999879,3,0,0.000020,0.000002,0.000098,0.999879
data_rand_fold3/Testing/pituitary/Tr-pi_1366.jpg,104684,pituitary,pituitary,1,0.999999,3,0,0.000000,0.000001,0.000000,0.999999
data_rand_fold3/Testing/pituitary/Tr-pi_1375.jpg,105187,pituitary,pituitary,1,0.999756,3,0,0.000098,0.000099,0.000047,0.999756
data_rand_fold3/Testing/pituitary/Tr-pi_1377.jpg,105187,pituitary,pituitary,1,0.999570,3,0,0.000134,0.000192,0.000104,0.999570
data_rand_fold3/Testing/pituitary/Tr-pi_1382.jpg,105538,pituitary,pituitary,1,0.980204,3,0,0.009227,0.007608,0.002961,0.980204
data_rand_fold3/Testing/pituitary/Tr-pi_1399.jpg,97461,pituitary,pituitary,1,0.999563,3,0,0.000050,0.000382,0.000005,0.999563
data_rand_fold3/Testing/pituitary/Tr-pi_1401.jpg,108931,pituitary,pituitary,1,0.972274,3,0,0.002478,0.000372,0.024876,0.972274
data_rand_fold3/Testing/pituitary/Tr-pi_1405.jpg,97599,pituitary,pituitary,1,0.681421,3,0,0.002469,0.097793,0.218318,0.681421
data_rand_fold3/Testing/pituitary/Tr-pi_1406.jpg,97599,pituitary,pituitary,1,0.987779,3,0,0.003314,0.000974,0.007933,0.987779
data_rand_fold3/Testing/pituitary/Tr-pi_1407.jpg,97599,pituitary,pituitary,1,0.804934,3,0,0.000448,0.070462,0.124156,0.804934
data_rand_fold3/Testing/pituitary/Tr-pi_1417.jpg,98472,pituitary,pituitary,1,0.999734,3,0,0.000016,0.000228,0.000021,0.999734
data_rand_fold3/Testing/pituitary/Tr-pi_1422.jpg,98871,pituitary,pituitary,1,0.999756,3,0,0.000143,0.000087,0.000014,0.999756
data_rand_fold3/Testing/pituitary/Tr-pi_1423.jpg,98871,pituitary,pituitary,1,0.999897,3,0,0.000033,0.000067,0.000003,0.999897
data_rand_fold3/Testing/pituitary/Tr-pi_1424.jpg,109471,pituitary,pituitary,1,0.998761,3,0,0.000848,0.000252,0.000139,0.998761
data_rand_fold3/Testing/pituitary/Tr-pi_1427.jpg,98871,pituitary,pituitary,1,0.999909,3,0,0.000024,0.000010,0.000057,0.999909
data_rand_fold3/Testing/pituitary/Tr-pi_1429.jpg,98874,pituitary,pituitary,1,0.998137,3,0,0.000071,0.001784,0.000008,0.998137
data_rand_fold3/Testing/pituitary/Tr-pi_1432.jpg,98992,pituitary,meningioma,0,0.587950,3,0,0.357090,0.587950,0.002061,0.052899
data_rand_fold3/Testing/pituitary/Tr-pi_1436.jpg,98992,pituitary,pituitary,1,0.998819,3,0,0.000743,0.000386,0.000051,0.998819
data_rand_fold3/Testing/pituitary/Tr-pi_1439.jpg,98992,pituitary,pituitary,1,0.951720,3,0,0.043070,0.004981,0.000229,0.951720
data_rand_fold3/Testing/pituitary/Tr-pi_1441.jpg,98995,pituitary,pituitary,1,0.999854,3,0,0.000001,0.000145,0.000000,0.999854
